variant,label,algorithm,outer,origin,alpha,rho,median,q25,q75,mean_finite,divergence_rate,perturbation,oracle_calls
friendly-sam-adam@global,Friendly SAM + AdamW [global Frob],friendly-sam-adam,adam,added,1.1,0.01,2.2758893952308057,2.2611743623678136,2.2829857161191773,2.2711535307720547,0.0,0.00999999999999975,1000
friendly-sam-adam@global,Friendly SAM + AdamW [global Frob],friendly-sam-adam,adam,added,1.1,0.02,2.2757064430984952,2.261730514353239,2.2828859686202225,2.271234684913166,0.0,0.0199999999999995,1000
friendly-sam-adam@global,Friendly SAM + AdamW [global Frob],friendly-sam-adam,adam,added,1.1,0.05,2.275530637039479,2.2620994253805566,2.2831840791707196,2.2713702945513106,0.0,0.0499999999999989,1000
friendly-sam-adam@global,Friendly SAM + AdamW [global Frob],friendly-sam-adam,adam,added,1.1,0.1,2.275280932531508,2.26144470368444,2.283304866978095,2.271230889537825,0.0,0.0999999999999978,1000
friendly-sam-adam@global,Friendly SAM + AdamW [global Frob],friendly-sam-adam,adam,added,1.1,0.2,2.275265080801071,2.2615721693244613,2.282564788623653,2.2709750156986255,0.0,0.19999999999999568,1000
friendly-sam-adam@global,Friendly SAM + AdamW [global Frob],friendly-sam-adam,adam,added,1.1,0.5,2.2745194608388934,2.2620370613857426,2.28117456703895,2.270418925651243,0.0,0.4999999999999893,1000
friendly-sam-adam@global,Friendly SAM + AdamW [global Frob],friendly-sam-adam,adam,added,1.1,1.0,2.2764774569818984,2.2625273147840312,2.2813485870528663,2.2710641419856277,0.0,0.9999999999999787,1000
friendly-sam-adam@global,Friendly SAM + AdamW [global Frob],friendly-sam-adam,adam,added,1.3,0.01,2.1192871063361127,2.118684495016801,2.125674860254198,2.122977053616669,0.0,0.0099999999999991,1000
friendly-sam-adam@global,Friendly SAM + AdamW [global Frob],friendly-sam-adam,adam,added,1.3,0.02,2.119125625081723,2.1187609629140023,2.1254432781273076,2.123004133028364,0.0,0.0199999999999983,1000
friendly-sam-adam@global,Friendly SAM + AdamW [global Frob],friendly-sam-adam,adam,added,1.3,0.05,2.11903930420959,2.1185438330055573,2.125726676160026,2.1228921671375476,0.0,0.0499999999999958,1000
friendly-sam-adam@global,Friendly SAM + AdamW [global Frob],friendly-sam-adam,adam,added,1.3,0.1,2.120317077123681,2.1189275562476473,2.125945651950361,2.1230634713888445,0.0,0.09999999999999165,1000
friendly-sam-adam@global,Friendly SAM + AdamW [global Frob],friendly-sam-adam,adam,added,1.3,0.2,2.1197815616242317,2.1185540296142817,2.1258619159099843,2.122901650023703,0.0,0.19999999999998336,1000
friendly-sam-adam@global,Friendly SAM + AdamW [global Frob],friendly-sam-adam,adam,added,1.3,0.5,2.1206383625875143,2.1192574704121294,2.1252106830756743,2.1232410571013167,0.0,0.49999999999995826,1000
friendly-sam-adam@global,Friendly SAM + AdamW [global Frob],friendly-sam-adam,adam,added,1.3,1.0,2.122183615414233,2.1211139000248123,2.125157852063162,2.1243968179917356,0.0,0.9999999999999167,1000
friendly-sam-adam@global,Friendly SAM + AdamW [global Frob],friendly-sam-adam,adam,added,1.6,0.01,2.028750378646249,2.0189149192047515,2.0458855039150294,2.028379476068767,0.0,0.009999999999997199,1000
friendly-sam-adam@global,Friendly SAM + AdamW [global Frob],friendly-sam-adam,adam,added,1.6,0.02,2.0288566794339786,2.0185929330165178,2.0453211687595356,2.0281656529817713,0.0,0.01999999999999445,1000
friendly-sam-adam@global,Friendly SAM + AdamW [global Frob],friendly-sam-adam,adam,added,1.6,0.05,2.029619108968941,2.0188738993292015,2.0455796273886895,2.0282155293981807,0.0,0.049999999999986194,1000
friendly-sam-adam@global,Friendly SAM + AdamW [global Frob],friendly-sam-adam,adam,added,1.6,0.1,2.030618185985295,2.0176566492736647,2.0453418238968206,2.0282515042006093,0.0,0.09999999999997244,1000
friendly-sam-adam@global,Friendly SAM + AdamW [global Frob],friendly-sam-adam,adam,added,1.6,0.2,2.0300115194940287,2.0192057061930866,2.0464092946861796,2.0279462114224915,0.0,0.19999999999994506,1000
friendly-sam-adam@global,Friendly SAM + AdamW [global Frob],friendly-sam-adam,adam,added,1.6,0.5,2.0297693555166205,2.020655055663081,2.0448537142321004,2.027102056240923,0.0,0.49999999999986267,1000
friendly-sam-adam@global,Friendly SAM + AdamW [global Frob],friendly-sam-adam,adam,added,1.6,1.0,2.0304706563432466,2.0201405388290428,2.0437416348160844,2.0274573029845455,0.0,0.999999999999725,1000
friendly-sam-adam@global,Friendly SAM + AdamW [global Frob],friendly-sam-adam,adam,added,2.0,0.01,1.9674005413240434,1.9599384992894588,1.9832254917418304,1.9713281008468166,0.0,0.0099999999999954,1000
friendly-sam-adam@global,Friendly SAM + AdamW [global Frob],friendly-sam-adam,adam,added,2.0,0.02,1.9659816225572022,1.9601890501772137,1.9827931654159963,1.9708170658106425,0.0,0.0199999999999909,1000
friendly-sam-adam@global,Friendly SAM + AdamW [global Frob],friendly-sam-adam,adam,added,2.0,0.05,1.9654361974614956,1.9617615556936647,1.9827596006015336,1.970140176025984,0.0,0.049999999999977354,1000
friendly-sam-adam@global,Friendly SAM + AdamW [global Frob],friendly-sam-adam,adam,added,2.0,0.1,1.9645754963302702,1.960422831041477,1.9829869972451644,1.969494368228332,0.0,0.09999999999995475,1000
friendly-sam-adam@global,Friendly SAM + AdamW [global Frob],friendly-sam-adam,adam,added,2.0,0.2,1.9644466185987777,1.9584605104236048,1.9798747180733913,1.968557011058395,0.0,0.1999999999999095,1000
friendly-sam-adam@global,Friendly SAM + AdamW [global Frob],friendly-sam-adam,adam,added,2.0,0.5,1.963509879794893,1.957316191399331,1.9777741129800055,1.9673575630238682,0.0,0.49999999999977346,1000
friendly-sam-adam@global,Friendly SAM + AdamW [global Frob],friendly-sam-adam,adam,added,2.0,1.0,1.9629605746820373,1.9559592432310093,1.9826633848911235,1.9672067766157033,0.0,0.9999999999995461,1000
friendly-sam-adam@global,Friendly SAM + AdamW [global Frob],friendly-sam-adam,adam,added,3.0,0.01,1.9432329900756113,1.9394660254544949,1.9480820647999604,1.942436272137316,0.0,0.0099999999999933,1000
friendly-sam-adam@global,Friendly SAM + AdamW [global Frob],friendly-sam-adam,adam,added,3.0,0.02,1.9429255359629014,1.9394217600075752,1.9496136672586992,1.9427841122282579,0.0,0.01999999999998665,1000
friendly-sam-adam@global,Friendly SAM + AdamW [global Frob],friendly-sam-adam,adam,added,3.0,0.05,1.9441084569669678,1.9354043511767838,1.9464212663809646,1.941519332638262,0.0,0.0499999999999666,1000
friendly-sam-adam@global,Friendly SAM + AdamW [global Frob],friendly-sam-adam,adam,added,3.0,0.1,1.9434006941653053,1.935190937390392,1.9477018966325237,1.9410059521974035,0.0,0.09999999999993306,1000
friendly-sam-adam@global,Friendly SAM + AdamW [global Frob],friendly-sam-adam,adam,added,3.0,0.2,1.939105100207016,1.9346423233958974,1.9449299813599632,1.938242956091184,0.0,0.19999999999986584,1000
friendly-sam-adam@global,Friendly SAM + AdamW [global Frob],friendly-sam-adam,adam,added,3.0,0.5,1.9339209076600312,1.928807273931589,1.9356227657855183,1.9316158676980977,0.0,0.4999999999996632,1000
friendly-sam-adam@global,Friendly SAM + AdamW [global Frob],friendly-sam-adam,adam,added,3.0,1.0,1.9261688571427293,1.9202622027222043,1.9335471085953169,1.9270515827142911,0.0,0.9999999999993228,1000
friendly-sam-adam@global,Friendly SAM + AdamW [global Frob],friendly-sam-adam,adam,added,inf,0.01,1.9587985971255457,1.9459551943608204,1.9659231086067548,1.9560033361477704,0.0,0.00999999999999375,1000
friendly-sam-adam@global,Friendly SAM + AdamW [global Frob],friendly-sam-adam,adam,added,inf,0.02,1.9584128868826567,1.9449395373083849,1.9660017603036577,1.9558293497311945,0.0,0.01999999999998755,1000
friendly-sam-adam@global,Friendly SAM + AdamW [global Frob],friendly-sam-adam,adam,added,inf,0.05,1.9565581520660302,1.9441052490801676,1.965427723004287,1.9543219032979924,0.0,0.049999999999969055,1000
friendly-sam-adam@global,Friendly SAM + AdamW [global Frob],friendly-sam-adam,adam,added,inf,0.1,1.9577330661982317,1.9425568551790149,1.965951334764062,1.9542134532029036,0.0,0.099999999999938,1000
friendly-sam-adam@global,Friendly SAM + AdamW [global Frob],friendly-sam-adam,adam,added,inf,0.2,1.9525721707229688,1.9403199975122214,1.9628719408972763,1.9513921729394756,0.0,0.19999999999987594,1000
friendly-sam-adam@global,Friendly SAM + AdamW [global Frob],friendly-sam-adam,adam,added,inf,0.5,1.9469426751861456,1.937035664722949,1.9559278906065793,1.9453601300999357,0.0,0.4999999999996887,1000
friendly-sam-adam@global,Friendly SAM + AdamW [global Frob],friendly-sam-adam,adam,added,inf,1.0,1.9476227452068122,1.9360889509086325,1.9508075691277433,1.9436292413398495,0.0,0.9999999999993738,1000
friendly-sam-adam@per-layer,Friendly SAM + AdamW [per-layer Frob],friendly-sam-adam,adam,added,1.1,0.01,2.2756743315116763,2.2613732949526275,2.282955347648577,2.2711547391873976,0.0,0.01414213562373005,1000
friendly-sam-adam@per-layer,Friendly SAM + AdamW [per-layer Frob],friendly-sam-adam,adam,added,1.1,0.02,2.2754717336464667,2.2619443201572476,2.2829790485140364,2.271259913373348,0.0,0.02828427124746015,1000
friendly-sam-adam@per-layer,Friendly SAM + AdamW [per-layer Frob],friendly-sam-adam,adam,added,1.1,0.05,2.2754115428572863,2.26176655994257,2.282945974169575,2.271219460290771,0.0,0.07071067811865045,1000
friendly-sam-adam@per-layer,Friendly SAM + AdamW [per-layer Frob],friendly-sam-adam,adam,added,1.1,0.1,2.275365644416893,2.261488041579623,2.282807774060141,2.2711545331798133,0.0,0.14142135623730084,1000
friendly-sam-adam@per-layer,Friendly SAM + AdamW [per-layer Frob],friendly-sam-adam,adam,added,1.1,0.2,2.2754974453935697,2.261761596113195,2.281962616664906,2.270864572388889,0.0,0.2828427124746018,1000
friendly-sam-adam@per-layer,Friendly SAM + AdamW [per-layer Frob],friendly-sam-adam,adam,added,1.1,0.5,2.274955545201074,2.26056721406535,2.2800327123403443,2.2698051965791906,0.0,0.7071067811865046,1000
friendly-sam-adam@per-layer,Friendly SAM + AdamW [per-layer Frob],friendly-sam-adam,adam,added,1.1,1.0,2.2748264668083453,2.262920522563087,2.282439190698959,2.270535961285889,0.0,1.4142135623730088,1000
friendly-sam-adam@per-layer,Friendly SAM + AdamW [per-layer Frob],friendly-sam-adam,adam,added,1.3,0.01,2.1194202923214402,2.1186570188295564,2.125486057996726,2.1230377602244066,0.0,0.014142135623728399,1000
friendly-sam-adam@per-layer,Friendly SAM + AdamW [per-layer Frob],friendly-sam-adam,adam,added,1.3,0.02,2.1187745433837857,2.118450380642333,2.125859784755228,2.1227890036274237,0.0,0.028284271247456798,1000
friendly-sam-adam@per-layer,Friendly SAM + AdamW [per-layer Frob],friendly-sam-adam,adam,added,1.3,0.05,2.1201195546455036,2.1182578881625838,2.124915973071207,2.1228953248796065,0.0,0.0707106781186421,1000
friendly-sam-adam@per-layer,Friendly SAM + AdamW [per-layer Frob],friendly-sam-adam,adam,added,1.3,0.1,2.120426445265227,2.1188973322408766,2.125011106632583,2.1230790102561543,0.0,0.14142135623728425,1000
friendly-sam-adam@per-layer,Friendly SAM + AdamW [per-layer Frob],friendly-sam-adam,adam,added,1.3,0.2,2.120115780118166,2.1193454342403313,2.124533278543097,2.122865975528709,0.0,0.28284271247456855,1000
friendly-sam-adam@per-layer,Friendly SAM + AdamW [per-layer Frob],friendly-sam-adam,adam,added,1.3,0.5,2.1212641387526023,2.118371648627472,2.124320896533648,2.12302639937806,0.0,0.7071067811864213,1000
friendly-sam-adam@per-layer,Friendly SAM + AdamW [per-layer Frob],friendly-sam-adam,adam,added,1.3,1.0,2.1223498688553173,2.1201849262074437,2.1268374978423785,2.1249091902688715,0.0,1.4142135623728427,1000
friendly-sam-adam@per-layer,Friendly SAM + AdamW [per-layer Frob],friendly-sam-adam,adam,added,1.6,0.01,2.028966138851029,2.0193889689408895,2.0456505268931853,2.0283419633561577,0.0,0.01414213562372485,1000
friendly-sam-adam@per-layer,Friendly SAM + AdamW [per-layer Frob],friendly-sam-adam,adam,added,1.6,0.02,2.0297474918050566,2.018432059600955,2.045490055636569,2.028073578280409,0.0,0.028284271247449748,1000
friendly-sam-adam@per-layer,Friendly SAM + AdamW [per-layer Frob],friendly-sam-adam,adam,added,1.6,0.05,2.029984309160775,2.0191775175701516,2.0445430959667346,2.027947668391399,0.0,0.07071067811862444,1000
friendly-sam-adam@per-layer,Friendly SAM + AdamW [per-layer Frob],friendly-sam-adam,adam,added,1.6,0.1,2.0293822453517634,2.019666363551951,2.046276964731916,2.0279419276783215,0.0,0.14142135623724889,1000
friendly-sam-adam@per-layer,Friendly SAM + AdamW [per-layer Frob],friendly-sam-adam,adam,added,1.6,0.2,2.030147337398291,2.0197552197596855,2.0453997966683963,2.0273944869592606,0.0,0.28284271247449777,1000
friendly-sam-adam@per-layer,Friendly SAM + AdamW [per-layer Frob],friendly-sam-adam,adam,added,1.6,0.5,2.028233037035627,2.0209864821182806,2.042248749531442,2.0255724655609324,0.0,0.7071067811862445,1000
friendly-sam-adam@per-layer,Friendly SAM + AdamW [per-layer Frob],friendly-sam-adam,adam,added,1.6,1.0,2.0300126202282147,2.0210152847420675,2.0425694056529182,2.0265204444013367,0.0,1.4142135623724883,1000
friendly-sam-adam@per-layer,Friendly SAM + AdamW [per-layer Frob],friendly-sam-adam,adam,added,2.0,0.01,1.966625461164042,1.9605900837421126,1.9822774694388337,1.9711446000953088,0.0,0.01414213562372095,1000
friendly-sam-adam@per-layer,Friendly SAM + AdamW [per-layer Frob],friendly-sam-adam,adam,added,2.0,0.02,1.967061448616055,1.9615134309924078,1.9831431037693554,1.9712135841650862,0.0,0.028284271247442,1000
friendly-sam-adam@per-layer,Friendly SAM + AdamW [per-layer Frob],friendly-sam-adam,adam,added,2.0,0.05,1.9657066445498526,1.9611734175612876,1.9821027162527936,1.9697635669682647,0.0,0.07071067811860515,1000
friendly-sam-adam@per-layer,Friendly SAM + AdamW [per-layer Frob],friendly-sam-adam,adam,added,2.0,0.1,1.965510096924663,1.9594617410453687,1.9814993231498341,1.9694412916987327,0.0,0.14142135623721014,1000
friendly-sam-adam@per-layer,Friendly SAM + AdamW [per-layer Frob],friendly-sam-adam,adam,added,2.0,0.2,1.9646314161096914,1.957630261253607,1.9794536132748974,1.9679695771745873,0.0,0.28284271247442017,1000
friendly-sam-adam@per-layer,Friendly SAM + AdamW [per-layer Frob],friendly-sam-adam,adam,added,2.0,0.5,1.9613562933917503,1.9543523253101611,1.9795598761729518,1.9656268559194765,0.0,0.7071067811860485,1000
friendly-sam-adam@per-layer,Friendly SAM + AdamW [per-layer Frob],friendly-sam-adam,adam,added,2.0,1.0,1.966253780199118,1.9559729520844313,1.9849819242261904,1.9694418287082902,0.0,1.4142135623720942,1000
friendly-sam-adam@per-layer,Friendly SAM + AdamW [per-layer Frob],friendly-sam-adam,adam,added,3.0,0.01,1.9439752068792306,1.939535863016444,1.948486020348005,1.942887014953604,0.0,0.01414213562371655,1000
friendly-sam-adam@per-layer,Friendly SAM + AdamW [per-layer Frob],friendly-sam-adam,adam,added,3.0,0.02,1.9441985015479022,1.9379878642653523,1.9477182361339702,1.9424420473940631,0.0,0.028284271247433,1000
friendly-sam-adam@per-layer,Friendly SAM + AdamW [per-layer Frob],friendly-sam-adam,adam,added,3.0,0.05,1.9431064611543518,1.9353424781469855,1.9466155226283732,1.9413122832787644,0.0,0.0707106781185826,1000
friendly-sam-adam@per-layer,Friendly SAM + AdamW [per-layer Frob],friendly-sam-adam,adam,added,3.0,0.1,1.9416712037087511,1.9348458016287735,1.9445148471094253,1.9387849729927653,0.0,0.14142135623716479,1000
friendly-sam-adam@per-layer,Friendly SAM + AdamW [per-layer Frob],friendly-sam-adam,adam,added,3.0,0.2,1.9372838940617578,1.9312594195434094,1.9396824361372733,1.9345481551127666,0.0,0.2828427124743268,1000
friendly-sam-adam@per-layer,Friendly SAM + AdamW [per-layer Frob],friendly-sam-adam,adam,added,3.0,0.5,1.9289110898554596,1.9216025402594146,1.9335085479101057,1.9270882774394749,0.0,0.7071067811858097,1000
friendly-sam-adam@per-layer,Friendly SAM + AdamW [per-layer Frob],friendly-sam-adam,adam,added,3.0,1.0,1.9325242840553254,1.9276948219245582,1.9375877630200384,1.932816615311727,0.0,1.4142135623716117,1000
friendly-sam-adam@per-layer,Friendly SAM + AdamW [per-layer Frob],friendly-sam-adam,adam,added,inf,0.01,1.9586087757738297,1.9451093373534558,1.9654333437021057,1.9554595563348252,0.0,0.014142135623717501,1000
friendly-sam-adam@per-layer,Friendly SAM + AdamW [per-layer Frob],friendly-sam-adam,adam,added,inf,0.02,1.9579228097351997,1.9454889555576789,1.9671074457161797,1.9554229146513964,0.0,0.02828427124743515,1000
friendly-sam-adam@per-layer,Friendly SAM + AdamW [per-layer Frob],friendly-sam-adam,adam,added,inf,0.05,1.955778094238408,1.9445010019418278,1.9648410106242116,1.9539933678466297,0.0,0.07071067811858764,1000
friendly-sam-adam@per-layer,Friendly SAM + AdamW [per-layer Frob],friendly-sam-adam,adam,added,inf,0.1,1.953382262756545,1.940333930958876,1.965937273778993,1.9526701247365432,0.0,0.1414213562371752,1000
friendly-sam-adam@per-layer,Friendly SAM + AdamW [per-layer Frob],friendly-sam-adam,adam,added,inf,0.2,1.950020230233305,1.9390446549806484,1.9598402806835717,1.9486233022462662,0.0,0.28284271247434917,1000
friendly-sam-adam@per-layer,Friendly SAM + AdamW [per-layer Frob],friendly-sam-adam,adam,added,inf,0.5,1.945256942814423,1.9340362404494906,1.948677826404424,1.9415032619637005,0.0,0.7071067811858677,1000
friendly-sam-adam@per-layer,Friendly SAM + AdamW [per-layer Frob],friendly-sam-adam,adam,added,inf,1.0,1.947240278248318,1.9451863737397592,1.9543541146596675,1.9464058620852613,0.0,1.4142135623717205,1000
friendly-sam-sgd@global,Friendly SAM + SGD [global Frob],friendly-sam-sgd,sgd,both,1.1,0.01,581.5136650260675,552.1657456522606,611.433823157693,580.5607277563638,0.0,0.00999999999999975,1000
friendly-sam-sgd@global,Friendly SAM + SGD [global Frob],friendly-sam-sgd,sgd,both,1.1,0.02,560.0543670371082,534.5661982755043,608.0077804664656,567.535933664725,0.0,0.0199999999999995,1000
friendly-sam-sgd@global,Friendly SAM + SGD [global Frob],friendly-sam-sgd,sgd,both,1.1,0.05,570.1504975728425,557.9011759060047,586.0388215377083,567.2409844529227,0.0,0.04999999999999895,1000
friendly-sam-sgd@global,Friendly SAM + SGD [global Frob],friendly-sam-sgd,sgd,both,1.1,0.1,555.8154605997249,541.9191344549541,586.4788184972508,557.1445597496529,0.0,0.09999999999999784,1000
friendly-sam-sgd@global,Friendly SAM + SGD [global Frob],friendly-sam-sgd,sgd,both,1.1,0.2,556.1185435291353,534.7414224745506,599.1213130619103,561.1789295967528,0.0,0.19999999999999585,1000
friendly-sam-sgd@global,Friendly SAM + SGD [global Frob],friendly-sam-sgd,sgd,both,1.1,0.5,533.7914381547935,503.1776986686583,574.0549557945344,545.1089607300728,0.0,0.49999999999998934,1000
friendly-sam-sgd@global,Friendly SAM + SGD [global Frob],friendly-sam-sgd,sgd,both,1.1,1.0,552.7211320278675,530.5952703640568,575.6999355724464,554.5622277320219,0.0,0.9999999999999795,1000
friendly-sam-sgd@global,Friendly SAM + SGD [global Frob],friendly-sam-sgd,sgd,both,1.3,0.01,326.31875801080093,307.34052023256714,362.6463743673876,330.1309467698177,0.0,0.00999999999999915,1000
friendly-sam-sgd@global,Friendly SAM + SGD [global Frob],friendly-sam-sgd,sgd,both,1.3,0.02,335.74176582094583,309.94626908316997,363.5907218089552,334.84571537514324,0.0,0.019999999999998352,1000
friendly-sam-sgd@global,Friendly SAM + SGD [global Frob],friendly-sam-sgd,sgd,both,1.3,0.05,319.82125875029135,303.4490385802676,356.17740219066076,328.9673107303654,0.0,0.049999999999995895,1000
friendly-sam-sgd@global,Friendly SAM + SGD [global Frob],friendly-sam-sgd,sgd,both,1.3,0.1,347.1849269185542,298.29998539575456,351.75253548643536,332.3241621310255,0.0,0.0999999999999916,1000
friendly-sam-sgd@global,Friendly SAM + SGD [global Frob],friendly-sam-sgd,sgd,both,1.3,0.2,319.45648597434626,305.3032076896495,340.89015217402704,323.42813341370015,0.0,0.1999999999999839,1000
friendly-sam-sgd@global,Friendly SAM + SGD [global Frob],friendly-sam-sgd,sgd,both,1.3,0.5,306.7068822665501,270.34875626368705,354.100329028894,313.61263760278655,0.0,0.4999999999999607,1000
friendly-sam-sgd@global,Friendly SAM + SGD [global Frob],friendly-sam-sgd,sgd,both,1.3,1.0,295.8129832134597,289.2438360698259,346.3608653179682,309.0730877874111,0.0,0.9999999999999207,1000
friendly-sam-sgd@global,Friendly SAM + SGD [global Frob],friendly-sam-sgd,sgd,both,1.6,0.01,60.316704439762745,52.761879078550855,64.38791913144463,58.91647840750895,0.0,0.00999999999999725,1000
friendly-sam-sgd@global,Friendly SAM + SGD [global Frob],friendly-sam-sgd,sgd,both,1.6,0.02,58.254329485369695,52.457857950342216,65.59467895832873,58.95243735380438,0.0,0.01999999999999435,1000
friendly-sam-sgd@global,Friendly SAM + SGD [global Frob],friendly-sam-sgd,sgd,both,1.6,0.05,56.107355405701384,52.42219009578674,64.02128904926323,57.375009597235945,0.0,0.0499999999999859,1000
friendly-sam-sgd@global,Friendly SAM + SGD [global Frob],friendly-sam-sgd,sgd,both,1.6,0.1,55.59676928693408,51.57821761582548,63.688623952754085,57.22431302882755,0.0,0.09999999999997256,1000
friendly-sam-sgd@global,Friendly SAM + SGD [global Frob],friendly-sam-sgd,sgd,both,1.6,0.2,56.23730165592944,49.54409476883069,57.91754651675048,54.70117461831168,0.0,0.19999999999994356,1000
friendly-sam-sgd@global,Friendly SAM + SGD [global Frob],friendly-sam-sgd,sgd,both,1.6,0.5,52.82267253516058,43.288958736075585,56.27815804358192,50.427680539691316,0.0,0.4999999999998592,1000
friendly-sam-sgd@global,Friendly SAM + SGD [global Frob],friendly-sam-sgd,sgd,both,1.6,1.0,48.60411162048733,43.997715633799714,51.44492482350561,48.10742462487676,0.0,0.9999999999997187,1000
friendly-sam-sgd@global,Friendly SAM + SGD [global Frob],friendly-sam-sgd,sgd,both,2.0,0.01,10.706049837788164,9.695939205446374,11.157028817363065,10.718551526480779,0.0,0.0099999999999952,1000
friendly-sam-sgd@global,Friendly SAM + SGD [global Frob],friendly-sam-sgd,sgd,both,2.0,0.02,10.994401763374253,9.666392514491344,11.522651901425576,10.779511056069628,0.0,0.0199999999999904,1000
friendly-sam-sgd@global,Friendly SAM + SGD [global Frob],friendly-sam-sgd,sgd,both,2.0,0.05,10.439165518919177,9.940319664363363,10.717214300622796,10.472177421032194,0.0,0.04999999999997605,1000
friendly-sam-sgd@global,Friendly SAM + SGD [global Frob],friendly-sam-sgd,sgd,both,2.0,0.1,10.706873644019264,9.524064719158432,11.054200320109118,10.701084462546245,0.0,0.0999999999999522,1000
friendly-sam-sgd@global,Friendly SAM + SGD [global Frob],friendly-sam-sgd,sgd,both,2.0,0.2,10.046463880004715,9.688462663491483,10.562356731118957,10.336130452012547,0.0,0.19999999999990442,1000
friendly-sam-sgd@global,Friendly SAM + SGD [global Frob],friendly-sam-sgd,sgd,both,2.0,0.5,9.23174727403739,9.035517178060166,9.730148216193435,9.439243660658608,0.0,0.4999999999997612,1000
friendly-sam-sgd@global,Friendly SAM + SGD [global Frob],friendly-sam-sgd,sgd,both,2.0,1.0,7.704454500000638,7.373867311612647,7.876935311907987,7.7227870613501555,0.0,0.999999999999523,1000
friendly-sam-sgd@global,Friendly SAM + SGD [global Frob],friendly-sam-sgd,sgd,both,3.0,0.01,5.027460050667648,4.806020223625994,5.181412676336789,5.010801810211737,0.0,0.0099999999999924,1000
friendly-sam-sgd@global,Friendly SAM + SGD [global Frob],friendly-sam-sgd,sgd,both,3.0,0.02,4.930522778201997,4.783277224675963,5.036148147013352,4.942242912933018,0.0,0.01999999999998485,1000
friendly-sam-sgd@global,Friendly SAM + SGD [global Frob],friendly-sam-sgd,sgd,both,3.0,0.05,5.018975965905142,4.818910768251539,5.173766896989417,5.026133274466517,0.0,0.04999999999996225,1000
friendly-sam-sgd@global,Friendly SAM + SGD [global Frob],friendly-sam-sgd,sgd,both,3.0,0.1,4.810871044232057,4.65608034294876,5.15601241727502,4.92076677742628,0.0,0.09999999999992451,1000
friendly-sam-sgd@global,Friendly SAM + SGD [global Frob],friendly-sam-sgd,sgd,both,3.0,0.2,4.989292536883637,4.838860436831415,5.152362056940211,5.014465711501723,0.0,0.19999999999984905,1000
friendly-sam-sgd@global,Friendly SAM + SGD [global Frob],friendly-sam-sgd,sgd,both,3.0,0.5,4.575869786621009,4.5444526156709815,4.744184269637806,4.701658941378218,0.0,0.49999999999962264,1000
friendly-sam-sgd@global,Friendly SAM + SGD [global Frob],friendly-sam-sgd,sgd,both,3.0,1.0,4.0433330084995,3.897514605406117,4.133924493132734,4.021687020031026,0.0,0.9999999999992457,1000
friendly-sam-sgd@global,Friendly SAM + SGD [global Frob],friendly-sam-sgd,sgd,both,inf,0.01,5.448377065087732,5.290454170735313,5.623216287776487,5.427773405032749,0.0,0.00999999999999305,1000
friendly-sam-sgd@global,Friendly SAM + SGD [global Frob],friendly-sam-sgd,sgd,both,inf,0.02,5.474912797212982,5.373346101752715,5.565645264045098,5.455246620940947,0.0,0.0199999999999862,1000
friendly-sam-sgd@global,Friendly SAM + SGD [global Frob],friendly-sam-sgd,sgd,both,inf,0.05,5.556071256114827,5.303443536688889,5.630938935553179,5.5157391225736125,0.0,0.049999999999965544,1000
friendly-sam-sgd@global,Friendly SAM + SGD [global Frob],friendly-sam-sgd,sgd,both,inf,0.1,5.576007247388427,5.403973635133384,5.708467430597693,5.518263770397454,0.0,0.09999999999993125,1000
friendly-sam-sgd@global,Friendly SAM + SGD [global Frob],friendly-sam-sgd,sgd,both,inf,0.2,5.508623339871834,5.388196247787892,5.595834404569526,5.47644791987597,0.0,0.19999999999986245,1000
friendly-sam-sgd@global,Friendly SAM + SGD [global Frob],friendly-sam-sgd,sgd,both,inf,0.5,5.013126736485785,4.7776812245555496,5.242804575742884,4.9946492105712395,0.0,0.49999999999965583,1000
friendly-sam-sgd@global,Friendly SAM + SGD [global Frob],friendly-sam-sgd,sgd,both,inf,1.0,4.464410600006103,4.350116426147148,4.553199608018991,4.462895225034972,0.0,0.9999999999993123,1000
friendly-sam-sgd@per-layer,Friendly SAM + SGD [per-layer Frob],friendly-sam-sgd,sgd,both,1.1,0.01,557.0202672369323,543.2491874754277,595.5911906527792,568.0828372099431,0.0,0.0141421356237302,1000
friendly-sam-sgd@per-layer,Friendly SAM + SGD [per-layer Frob],friendly-sam-sgd,sgd,both,1.1,0.02,565.3386441553101,542.541426558392,587.5729907589416,570.7311142223513,0.0,0.0282842712474604,1000
friendly-sam-sgd@per-layer,Friendly SAM + SGD [per-layer Frob],friendly-sam-sgd,sgd,both,1.1,0.05,561.8407502925762,539.3981820058737,583.1715940344781,566.5111467632316,0.0,0.07071067811865125,1000
friendly-sam-sgd@per-layer,Friendly SAM + SGD [per-layer Frob],friendly-sam-sgd,sgd,both,1.1,0.1,571.670921219214,547.4428247967332,594.2008419202953,572.111100362813,0.0,0.14142135623730206,1000
friendly-sam-sgd@per-layer,Friendly SAM + SGD [per-layer Frob],friendly-sam-sgd,sgd,both,1.1,0.2,560.4736719875185,525.5291226986641,585.3233654799749,558.2655837205917,0.0,0.282842712474606,1000
friendly-sam-sgd@per-layer,Friendly SAM + SGD [per-layer Frob],friendly-sam-sgd,sgd,both,1.1,0.5,540.0563854364486,529.1588814944996,568.8628680262079,549.6920785857956,0.0,0.7071067811865115,1000
friendly-sam-sgd@per-layer,Friendly SAM + SGD [per-layer Frob],friendly-sam-sgd,sgd,both,1.1,1.0,524.8476031748207,516.1623809483594,583.3650497305297,544.3283733029731,0.0,1.4142135623730185,1000
friendly-sam-sgd@per-layer,Friendly SAM + SGD [per-layer Frob],friendly-sam-sgd,sgd,both,1.3,0.01,318.6098983161155,313.34923090073113,339.4315561307778,328.2215240120762,0.0,0.014142135623728451,1000
friendly-sam-sgd@per-layer,Friendly SAM + SGD [per-layer Frob],friendly-sam-sgd,sgd,both,1.3,0.02,310.3130904188007,299.3980038244533,365.4713708225656,330.8134627504653,0.0,0.02828427124745715,1000
friendly-sam-sgd@per-layer,Friendly SAM + SGD [per-layer Frob],friendly-sam-sgd,sgd,both,1.3,0.05,314.5930901435248,300.38195390055733,351.77017179853374,328.9859292296661,0.0,0.0707106781186431,1000
friendly-sam-sgd@per-layer,Friendly SAM + SGD [per-layer Frob],friendly-sam-sgd,sgd,both,1.3,0.1,331.9364719942903,293.9543340997696,342.00338949073534,323.85490835170606,0.0,0.1414213562372857,1000
friendly-sam-sgd@per-layer,Friendly SAM + SGD [per-layer Frob],friendly-sam-sgd,sgd,both,1.3,0.2,305.4121014786293,274.8190058403812,349.25276722816005,310.372110992467,0.0,0.28284271247457027,1000
friendly-sam-sgd@per-layer,Friendly SAM + SGD [per-layer Frob],friendly-sam-sgd,sgd,both,1.3,0.5,303.4908360621704,279.59360595954604,346.4198929818969,317.2460992281059,0.0,0.7071067811864213,1000
friendly-sam-sgd@per-layer,Friendly SAM + SGD [per-layer Frob],friendly-sam-sgd,sgd,both,1.3,1.0,272.960757376782,261.7480606715932,305.5730562339078,280.283069013393,0.0,1.4142135623728436,1000
friendly-sam-sgd@per-layer,Friendly SAM + SGD [per-layer Frob],friendly-sam-sgd,sgd,both,1.6,0.01,58.25624794126915,50.817530050936305,65.09606848968626,58.44712235801264,0.0,0.014142135623724648,1000
friendly-sam-sgd@per-layer,Friendly SAM + SGD [per-layer Frob],friendly-sam-sgd,sgd,both,1.6,0.02,57.951805310872246,52.34535951223569,64.06515948189902,58.13536816410276,0.0,0.0282842712474494,1000
friendly-sam-sgd@per-layer,Friendly SAM + SGD [per-layer Frob],friendly-sam-sgd,sgd,both,1.6,0.05,58.289314403012106,52.16351735758382,63.41181131447516,58.56546111568136,0.0,0.0707106781186237,1000
friendly-sam-sgd@per-layer,Friendly SAM + SGD [per-layer Frob],friendly-sam-sgd,sgd,both,1.6,0.1,59.99212532710705,48.62467588975656,62.79217024083454,57.37723773894709,0.0,0.1414213562372473,1000
friendly-sam-sgd@per-layer,Friendly SAM + SGD [per-layer Frob],friendly-sam-sgd,sgd,both,1.6,0.2,56.07589341646194,49.95163702798538,59.526998827803524,54.78544709918319,0.0,0.28284271247449466,1000
friendly-sam-sgd@per-layer,Friendly SAM + SGD [per-layer Frob],friendly-sam-sgd,sgd,both,1.6,0.5,49.021379573133224,45.10211087320555,50.85026074101658,48.290324285707825,0.0,0.7071067811862369,1000
friendly-sam-sgd@per-layer,Friendly SAM + SGD [per-layer Frob],friendly-sam-sgd,sgd,both,1.6,1.0,43.16676278302707,40.59352269123173,44.103546525122724,41.550070524762816,0.0,1.414213562372474,1000
friendly-sam-sgd@per-layer,Friendly SAM + SGD [per-layer Frob],friendly-sam-sgd,sgd,both,2.0,0.01,10.366261709336392,10.083868328620369,10.845995188984462,10.565888550251586,0.0,0.0141421356237202,1000
friendly-sam-sgd@per-layer,Friendly SAM + SGD [per-layer Frob],friendly-sam-sgd,sgd,both,2.0,0.02,10.80800985336298,9.468967497007089,11.039301143980838,10.717019324945003,0.0,0.02828427124744045,1000
friendly-sam-sgd@per-layer,Friendly SAM + SGD [per-layer Frob],friendly-sam-sgd,sgd,both,2.0,0.05,10.883429857432901,9.563130702163708,11.046508090396813,10.843326825291456,0.0,0.0707106781186012,1000
friendly-sam-sgd@per-layer,Friendly SAM + SGD [per-layer Frob],friendly-sam-sgd,sgd,both,2.0,0.1,10.222017463534273,9.723287057110321,10.575590274300774,10.512205137277245,0.0,0.14142135623720245,1000
friendly-sam-sgd@per-layer,Friendly SAM + SGD [per-layer Frob],friendly-sam-sgd,sgd,both,2.0,0.2,10.035968595330196,9.447671655461756,10.285814533761922,9.941138890418657,0.0,0.28284271247440496,1000
friendly-sam-sgd@per-layer,Friendly SAM + SGD [per-layer Frob],friendly-sam-sgd,sgd,both,2.0,0.5,8.763613381194496,8.219039123200226,9.203957415496767,8.677657096887291,0.0,0.7071067811860122,1000
friendly-sam-sgd@per-layer,Friendly SAM + SGD [per-layer Frob],friendly-sam-sgd,sgd,both,2.0,1.0,6.340360740916148,6.0658724833402395,6.638508758183646,6.251590681072516,0.0,1.4142135623720242,1000
friendly-sam-sgd@per-layer,Friendly SAM + SGD [per-layer Frob],friendly-sam-sgd,sgd,both,3.0,0.01,4.949285697059079,4.800549492146996,5.078665392538848,4.963802034884969,0.0,0.014142135623713699,1000
friendly-sam-sgd@per-layer,Friendly SAM + SGD [per-layer Frob],friendly-sam-sgd,sgd,both,3.0,0.02,4.8424189932457455,4.761309559102776,5.027245322891234,4.93083758050442,0.0,0.02828427124742745,1000
friendly-sam-sgd@per-layer,Friendly SAM + SGD [per-layer Frob],friendly-sam-sgd,sgd,both,3.0,0.05,4.951176299286004,4.788118555264164,5.143847696089415,4.98975407361051,0.0,0.07071067811856879,1000
friendly-sam-sgd@per-layer,Friendly SAM + SGD [per-layer Frob],friendly-sam-sgd,sgd,both,3.0,0.1,4.960891809561314,4.880757566905279,5.151691318932457,5.018997928279028,0.0,0.14142135623713742,1000
friendly-sam-sgd@per-layer,Friendly SAM + SGD [per-layer Frob],friendly-sam-sgd,sgd,both,3.0,0.2,4.849162501197006,4.742331428117335,4.991265566936574,4.880805824303093,0.0,0.28284271247427506,1000
friendly-sam-sgd@per-layer,Friendly SAM + SGD [per-layer Frob],friendly-sam-sgd,sgd,both,3.0,0.5,4.432571692755879,4.3643730985235365,4.508063504442124,4.4703052766355,0.0,0.7071067811856877,1000
friendly-sam-sgd@per-layer,Friendly SAM + SGD [per-layer Frob],friendly-sam-sgd,sgd,both,3.0,1.0,3.41534611429672,3.333370971637381,3.457461998285009,3.4481062346908105,0.0,1.4142135623713772,1000
friendly-sam-sgd@per-layer,Friendly SAM + SGD [per-layer Frob],friendly-sam-sgd,sgd,both,inf,0.01,5.3589425393561685,5.251838975172242,5.614349531088401,5.446086003038558,0.0,0.0141421356237153,1000
friendly-sam-sgd@per-layer,Friendly SAM + SGD [per-layer Frob],friendly-sam-sgd,sgd,both,inf,0.02,5.49207545894152,5.354296655201564,5.587103844707405,5.481262029076247,0.0,0.028284271247430652,1000
friendly-sam-sgd@per-layer,Friendly SAM + SGD [per-layer Frob],friendly-sam-sgd,sgd,both,inf,0.05,5.4584544047739545,5.342972951449168,5.607597557692766,5.470235265719891,0.0,0.07071067811857676,1000
friendly-sam-sgd@per-layer,Friendly SAM + SGD [per-layer Frob],friendly-sam-sgd,sgd,both,inf,0.1,5.389650717916304,5.2640372770832755,5.62144737283972,5.426408928287406,0.0,0.14142135623715352,1000
friendly-sam-sgd@per-layer,Friendly SAM + SGD [per-layer Frob],friendly-sam-sgd,sgd,both,inf,0.2,5.487556571818337,5.301354959167866,5.543562587190912,5.42408678185223,0.0,0.28284271247430665,1000
friendly-sam-sgd@per-layer,Friendly SAM + SGD [per-layer Frob],friendly-sam-sgd,sgd,both,inf,0.5,4.740266408065279,4.667638522683335,4.843320157935334,4.776144113927769,0.0,0.7071067811857674,1000
friendly-sam-sgd@per-layer,Friendly SAM + SGD [per-layer Frob],friendly-sam-sgd,sgd,both,inf,1.0,3.6440263673495763,3.612197689325469,3.7563049604993206,3.703773371818901,0.0,1.4142135623715357,1000
global-friendly-sam-muon@global,Global Friendly SAM-Muon [global Frob],global-friendly-sam-muon,muon,both,1.1,0.01,2.586280009829107,2.542202258812606,2.664363308431561,2.5848275857434255,0.0,0.00999999999999975,1000
global-friendly-sam-muon@global,Global Friendly SAM-Muon [global Frob],global-friendly-sam-muon,muon,both,1.1,0.02,2.585990043090466,2.5421204966121023,2.664564274547037,2.5847352757510236,0.0,0.0199999999999995,1000
global-friendly-sam-muon@global,Global Friendly SAM-Muon [global Frob],global-friendly-sam-muon,muon,both,1.1,0.05,2.5859047351616304,2.5419698980597936,2.6639180574220704,2.584738340380249,0.0,0.04999999999999885,1000
global-friendly-sam-muon@global,Global Friendly SAM-Muon [global Frob],global-friendly-sam-muon,muon,both,1.1,0.1,2.5853636119695063,2.5414936095667704,2.6617399820765257,2.58385457935834,0.0,0.0999999999999978,1000
global-friendly-sam-muon@global,Global Friendly SAM-Muon [global Frob],global-friendly-sam-muon,muon,both,1.1,0.2,2.5833271083152543,2.541106901282473,2.662184046847385,2.5829956419891644,0.0,0.19999999999999554,1000
global-friendly-sam-muon@global,Global Friendly SAM-Muon [global Frob],global-friendly-sam-muon,muon,both,1.1,0.5,2.5806781027904044,2.539952652136105,2.659005153743128,2.580530930556438,0.0,0.4999999999999894,1000
global-friendly-sam-muon@global,Global Friendly SAM-Muon [global Frob],global-friendly-sam-muon,muon,both,1.1,1.0,2.5747561530155707,2.538037383408693,2.6511599537519452,2.5752143707250448,0.0,0.9999999999999784,1000
global-friendly-sam-muon@global,Global Friendly SAM-Muon [global Frob],global-friendly-sam-muon,muon,both,1.3,0.01,2.2612024302842384,2.21077944172562,2.338960434906491,2.2801557857724752,0.0,0.0099999999999991,1000
global-friendly-sam-muon@global,Global Friendly SAM-Muon [global Frob],global-friendly-sam-muon,muon,both,1.3,0.02,2.2598113786976937,2.2109859035015806,2.337670907056325,2.2789394831804373,0.0,0.0199999999999983,1000
global-friendly-sam-muon@global,Global Friendly SAM-Muon [global Frob],global-friendly-sam-muon,muon,both,1.3,0.05,2.259423656144828,2.2120978436140577,2.3379416351732973,2.2791846889270477,0.0,0.0499999999999958,1000
global-friendly-sam-muon@global,Global Friendly SAM-Muon [global Frob],global-friendly-sam-muon,muon,both,1.3,0.1,2.2590818163894455,2.2093420523802476,2.3363035067312357,2.2775924631743854,0.0,0.09999999999999165,1000
global-friendly-sam-muon@global,Global Friendly SAM-Muon [global Frob],global-friendly-sam-muon,muon,both,1.3,0.2,2.2573248036648246,2.2081604174200207,2.332328741944321,2.2754678879077352,0.0,0.1999999999999833,1000
global-friendly-sam-muon@global,Global Friendly SAM-Muon [global Frob],global-friendly-sam-muon,muon,both,1.3,0.5,2.248749275758806,2.201424557867661,2.324224844495742,2.2683687985175696,0.0,0.49999999999995803,1000
global-friendly-sam-muon@global,Global Friendly SAM-Muon [global Frob],global-friendly-sam-muon,muon,both,1.3,1.0,2.236875697927839,2.194493004900779,2.316560344932117,2.257745895073638,0.0,0.9999999999999167,1000
global-friendly-sam-muon@global,Global Friendly SAM-Muon [global Frob],global-friendly-sam-muon,muon,both,1.6,0.01,2.245725239177712,2.2285430433726345,2.267727560979788,2.2480859782929965,0.0,0.009999999999997199,1000
global-friendly-sam-muon@global,Global Friendly SAM-Muon [global Frob],global-friendly-sam-muon,muon,both,1.6,0.02,2.2446450181293325,2.227620714676525,2.2595455141053153,2.245436770557326,0.0,0.019999999999994397,1000
global-friendly-sam-muon@global,Global Friendly SAM-Muon [global Frob],global-friendly-sam-muon,muon,both,1.6,0.05,2.242509379753308,2.2300100294142524,2.260918185826005,2.2441706907499857,0.0,0.04999999999998615,1000
global-friendly-sam-muon@global,Global Friendly SAM-Muon [global Frob],global-friendly-sam-muon,muon,both,1.6,0.1,2.238759106263778,2.2241852103067172,2.2585551091281255,2.2420460696748226,0.0,0.09999999999997236,1000
global-friendly-sam-muon@global,Global Friendly SAM-Muon [global Frob],global-friendly-sam-muon,muon,both,1.6,0.2,2.2321340723609016,2.2163739496489825,2.246357478404331,2.2318396654500354,0.0,0.19999999999994475,1000
global-friendly-sam-muon@global,Global Friendly SAM-Muon [global Frob],global-friendly-sam-muon,muon,both,1.6,0.5,2.221811880479014,2.1982964275717984,2.2339203762251274,2.2182997983864956,0.0,0.4999999999998618,1000
global-friendly-sam-muon@global,Global Friendly SAM-Muon [global Frob],global-friendly-sam-muon,muon,both,1.6,1.0,2.1966148908406185,2.1637795806489475,2.216039034010407,2.191274642502219,0.0,0.9999999999997236,1000
global-friendly-sam-muon@global,Global Friendly SAM-Muon [global Frob],global-friendly-sam-muon,muon,both,2.0,0.01,2.3741345146463155,2.3411476243704246,2.459076608389668,2.397474762258353,0.0,0.0099999999999953,1000
global-friendly-sam-muon@global,Global Friendly SAM-Muon [global Frob],global-friendly-sam-muon,muon,both,2.0,0.02,2.3674913499721164,2.3439416732263583,2.4551391634683113,2.394437359786896,0.0,0.0199999999999906,1000
global-friendly-sam-muon@global,Global Friendly SAM-Muon [global Frob],global-friendly-sam-muon,muon,both,2.0,0.05,2.364162107091616,2.3396468500063015,2.4539655409525802,2.3905846945543,0.0,0.04999999999997655,1000
global-friendly-sam-muon@global,Global Friendly SAM-Muon [global Frob],global-friendly-sam-muon,muon,both,2.0,0.1,2.3579286089759592,2.3383663020634087,2.4428008165356125,2.3842242528578637,0.0,0.0999999999999531,1000
global-friendly-sam-muon@global,Global Friendly SAM-Muon [global Frob],global-friendly-sam-muon,muon,both,2.0,0.2,2.359077693832394,2.323094719217943,2.423787808446649,2.372155167299452,0.0,0.19999999999990636,1000
global-friendly-sam-muon@global,Global Friendly SAM-Muon [global Frob],global-friendly-sam-muon,muon,both,2.0,0.5,2.321561637535229,2.303386325301735,2.3796394987758154,2.3408377618776046,0.0,0.49999999999976563,1000
global-friendly-sam-muon@global,Global Friendly SAM-Muon [global Frob],global-friendly-sam-muon,muon,both,2.0,1.0,2.2508727699004423,2.225883187909427,2.3247995788390106,2.2737611377851916,0.0,0.9999999999995313,1000
global-friendly-sam-muon@global,Global Friendly SAM-Muon [global Frob],global-friendly-sam-muon,muon,both,3.0,0.01,2.633956312722065,2.5549038815895884,2.675159977744322,2.6164747157638235,0.0,0.0099999999999926,1000
global-friendly-sam-muon@global,Global Friendly SAM-Muon [global Frob],global-friendly-sam-muon,muon,both,3.0,0.02,2.6400883668889676,2.5455990879171377,2.670917359872247,2.613509707883779,0.0,0.0199999999999852,1000
global-friendly-sam-muon@global,Global Friendly SAM-Muon [global Frob],global-friendly-sam-muon,muon,both,3.0,0.05,2.617309684503498,2.553655948474365,2.681668342695312,2.612639498910271,0.0,0.049999999999963005,1000
global-friendly-sam-muon@global,Global Friendly SAM-Muon [global Frob],global-friendly-sam-muon,muon,both,3.0,0.1,2.5998832064358703,2.555138306997374,2.6562721619674527,2.598492490373734,0.0,0.09999999999992609,1000
global-friendly-sam-muon@global,Global Friendly SAM-Muon [global Frob],global-friendly-sam-muon,muon,both,3.0,0.2,2.5831419671373306,2.5386225945098055,2.642776966559957,2.583124472645429,0.0,0.19999999999985235,1000
global-friendly-sam-muon@global,Global Friendly SAM-Muon [global Frob],global-friendly-sam-muon,muon,both,3.0,0.5,2.525543365943933,2.478893938446582,2.5669826058505985,2.526867325980927,0.0,0.49999999999963013,1000
global-friendly-sam-muon@global,Global Friendly SAM-Muon [global Frob],global-friendly-sam-muon,muon,both,3.0,1.0,2.4364772698250308,2.356750910376684,2.457719812098391,2.405104792344593,0.0,0.9999999999992604,1000
global-friendly-sam-muon@global,Global Friendly SAM-Muon [global Frob],global-friendly-sam-muon,muon,both,inf,0.01,2.636195603691263,2.6052538258069062,2.6808150711647887,2.6367492567681015,0.0,0.0099999999999932,1000
global-friendly-sam-muon@global,Global Friendly SAM-Muon [global Frob],global-friendly-sam-muon,muon,both,inf,0.02,2.6353495998625065,2.584429011536719,2.684483374389544,2.6344336570887195,0.0,0.0199999999999865,1000
global-friendly-sam-muon@global,Global Friendly SAM-Muon [global Frob],global-friendly-sam-muon,muon,both,inf,0.05,2.621397545376298,2.604300444926184,2.677294537453199,2.627381659338836,0.0,0.0499999999999663,1000
global-friendly-sam-muon@global,Global Friendly SAM-Muon [global Frob],global-friendly-sam-muon,muon,both,inf,0.1,2.6205485580525565,2.5845281990098767,2.666820255894347,2.620119025956633,0.0,0.09999999999993266,1000
global-friendly-sam-muon@global,Global Friendly SAM-Muon [global Frob],global-friendly-sam-muon,muon,both,inf,0.2,2.5830760674087694,2.5775582831794748,2.653607763852446,2.600249999778761,0.0,0.1999999999998652,1000
global-friendly-sam-muon@global,Global Friendly SAM-Muon [global Frob],global-friendly-sam-muon,muon,both,inf,0.5,2.516066049397988,2.500313580807967,2.5756290085683897,2.5333812294344145,0.0,0.4999999999996628,1000
global-friendly-sam-muon@global,Global Friendly SAM-Muon [global Frob],global-friendly-sam-muon,muon,both,inf,1.0,2.3980385023046704,2.381743414566005,2.438365447273287,2.397336200939481,0.0,0.9999999999993257,1000
global-friendly-sam-muon@per-layer,Global Friendly SAM-Muon [per-layer Frob],global-friendly-sam-muon,muon,both,1.1,0.01,2.586193107477925,2.5420258091255494,2.6642672661647233,2.5846108368524434,0.0,0.01414213562373005,1000
global-friendly-sam-muon@per-layer,Global Friendly SAM-Muon [per-layer Frob],global-friendly-sam-muon,muon,both,1.1,0.02,2.5859384561603127,2.5416557330350504,2.6642346834866064,2.5845644269216654,0.0,0.02828427124746015,1000
global-friendly-sam-muon@per-layer,Global Friendly SAM-Muon [per-layer Frob],global-friendly-sam-muon,muon,both,1.1,0.05,2.5843613517687603,2.541436817486397,2.6615571771889917,2.5832297792225827,0.0,0.07071067811865045,1000
global-friendly-sam-muon@per-layer,Global Friendly SAM-Muon [per-layer Frob],global-friendly-sam-muon,muon,both,1.1,0.1,2.583252596879467,2.5409409806152787,2.6624253662345767,2.5829238369283587,0.0,0.1414213562373009,1000
global-friendly-sam-muon@per-layer,Global Friendly SAM-Muon [per-layer Frob],global-friendly-sam-muon,muon,both,1.1,0.2,2.580988009063563,2.5404189962370074,2.6599194752336106,2.581073672891359,0.0,0.2828427124746018,1000
global-friendly-sam-muon@per-layer,Global Friendly SAM-Muon [per-layer Frob],global-friendly-sam-muon,muon,both,1.1,0.5,2.5751089804196186,2.5393307435191983,2.655768782480359,2.5766739972238253,0.0,0.7071067811865046,1000
global-friendly-sam-muon@per-layer,Global Friendly SAM-Muon [per-layer Frob],global-friendly-sam-muon,muon,both,1.1,1.0,2.5659361805557843,2.5306857899532536,2.6422396924165703,2.5665218274398756,0.0,1.4142135623730088,1000
global-friendly-sam-muon@per-layer,Global Friendly SAM-Muon [per-layer Frob],global-friendly-sam-muon,muon,both,1.3,0.01,2.2598268387934684,2.2099353342460977,2.338320398775652,2.2789538232920754,0.0,0.014142135623728399,1000
global-friendly-sam-muon@per-layer,Global Friendly SAM-Muon [per-layer Frob],global-friendly-sam-muon,muon,both,1.3,0.02,2.2596864191161963,2.2103287470275244,2.3381977380492343,2.278952529174747,0.0,0.028284271247456798,1000
global-friendly-sam-muon@per-layer,Global Friendly SAM-Muon [per-layer Frob],global-friendly-sam-muon,muon,both,1.3,0.05,2.2588145164722695,2.2077614651417163,2.3367831661995018,2.2774844253241593,0.0,0.07071067811864215,1000
global-friendly-sam-muon@per-layer,Global Friendly SAM-Muon [per-layer Frob],global-friendly-sam-muon,muon,both,1.3,0.1,2.2571080837959654,2.20699655262778,2.3340954213531226,2.2763950086703195,0.0,0.1414213562372843,1000
global-friendly-sam-muon@per-layer,Global Friendly SAM-Muon [per-layer Frob],global-friendly-sam-muon,muon,both,1.3,0.2,2.2521227452473043,2.2041148255758727,2.327075201443457,2.2711024105558204,0.0,0.2828427124745686,1000
global-friendly-sam-muon@per-layer,Global Friendly SAM-Muon [per-layer Frob],global-friendly-sam-muon,muon,both,1.3,0.5,2.2423077970120184,2.196628683809891,2.3180530569550246,2.260574925797152,0.0,0.7071067811864217,1000
global-friendly-sam-muon@per-layer,Global Friendly SAM-Muon [per-layer Frob],global-friendly-sam-muon,muon,both,1.3,1.0,2.2231403371196485,2.17974434904687,2.3058716206115406,2.2416679591438067,0.0,1.4142135623728427,1000
global-friendly-sam-muon@per-layer,Global Friendly SAM-Muon [per-layer Frob],global-friendly-sam-muon,muon,both,1.6,0.01,2.2470775632669286,2.2278385096325857,2.2621201178218913,2.2467691998164323,0.0,0.014142135623724749,1000
global-friendly-sam-muon@per-layer,Global Friendly SAM-Muon [per-layer Frob],global-friendly-sam-muon,muon,both,1.6,0.02,2.2414767950145826,2.2308129617051975,2.265565201127491,2.2463803793620407,0.0,0.02828427124744965,1000
global-friendly-sam-muon@per-layer,Global Friendly SAM-Muon [per-layer Frob],global-friendly-sam-muon,muon,both,1.6,0.05,2.237899273396685,2.2195877655773,2.2653893296065566,2.240947754768604,0.0,0.07071067811862419,1000
global-friendly-sam-muon@per-layer,Global Friendly SAM-Muon [per-layer Frob],global-friendly-sam-muon,muon,both,1.6,0.1,2.2355216558893964,2.2168224844235995,2.256751916569998,2.237960521017721,0.0,0.1414213562372485,1000
global-friendly-sam-muon@per-layer,Global Friendly SAM-Muon [per-layer Frob],global-friendly-sam-muon,muon,both,1.6,0.2,2.2283426246866336,2.201967423944165,2.2420050453031366,2.2254551404222527,0.0,0.28284271247449677,1000
global-friendly-sam-muon@per-layer,Global Friendly SAM-Muon [per-layer Frob],global-friendly-sam-muon,muon,both,1.6,0.5,2.201232611882993,2.1798090077054697,2.2193380249032773,2.1998137092435504,0.0,0.7071067811862415,1000
global-friendly-sam-muon@per-layer,Global Friendly SAM-Muon [per-layer Frob],global-friendly-sam-muon,muon,both,1.6,1.0,2.151402099577645,2.122168249290142,2.1826111952057077,2.1540157469863432,0.0,1.4142135623724839,1000
global-friendly-sam-muon@per-layer,Global Friendly SAM-Muon [per-layer Frob],global-friendly-sam-muon,muon,both,2.0,0.01,2.364114173548817,2.3453488369390754,2.456756866578474,2.3952031208658826,0.0,0.014142135623720652,1000
global-friendly-sam-muon@per-layer,Global Friendly SAM-Muon [per-layer Frob],global-friendly-sam-muon,muon,both,2.0,0.02,2.3638613929083077,2.3423417006987823,2.458329824001531,2.391281786637987,0.0,0.02828427124744125,1000
global-friendly-sam-muon@per-layer,Global Friendly SAM-Muon [per-layer Frob],global-friendly-sam-muon,muon,both,2.0,0.05,2.3616348368142646,2.3358868450675083,2.4415496443921794,2.3845604196387846,0.0,0.07071067811860321,1000
global-friendly-sam-muon@per-layer,Global Friendly SAM-Muon [per-layer Frob],global-friendly-sam-muon,muon,both,2.0,0.1,2.362352472536962,2.3318492056319347,2.4316685818034607,2.379264951016241,0.0,0.14142135623720625,1000
global-friendly-sam-muon@per-layer,Global Friendly SAM-Muon [per-layer Frob],global-friendly-sam-muon,muon,both,2.0,0.2,2.3367837840190986,2.316699435241052,2.3851529663135516,2.359551452617792,0.0,0.2828427124744126,1000
global-friendly-sam-muon@per-layer,Global Friendly SAM-Muon [per-layer Frob],global-friendly-sam-muon,muon,both,2.0,0.5,2.2755073960305165,2.259024387722368,2.3463689873468887,2.3012819090073426,0.0,0.7071067811860289,1000
global-friendly-sam-muon@per-layer,Global Friendly SAM-Muon [per-layer Frob],global-friendly-sam-muon,muon,both,2.0,1.0,2.1707989665899996,2.15791053809333,2.224980248268961,2.1931633678552247,0.0,1.4142135623720586,1000
global-friendly-sam-muon@per-layer,Global Friendly SAM-Muon [per-layer Frob],global-friendly-sam-muon,muon,both,3.0,0.01,2.644890788738678,2.5487094235657524,2.6657623375330415,2.6161317746962975,0.0,0.0141421356237144,1000
global-friendly-sam-muon@per-layer,Global Friendly SAM-Muon [per-layer Frob],global-friendly-sam-muon,muon,both,3.0,0.02,2.642281229196215,2.546734935193878,2.673913663840844,2.612374447706493,0.0,0.028284271247428848,1000
global-friendly-sam-muon@per-layer,Global Friendly SAM-Muon [per-layer Frob],global-friendly-sam-muon,muon,both,3.0,0.05,2.624487376289443,2.557494554122327,2.659416781482257,2.605485082578368,0.0,0.07071067811857185,1000
global-friendly-sam-muon@per-layer,Global Friendly SAM-Muon [per-layer Frob],global-friendly-sam-muon,muon,both,3.0,0.1,2.588950828280778,2.540946821188112,2.6724268104948687,2.5921574765972997,0.0,0.1414213562371439,1000
global-friendly-sam-muon@per-layer,Global Friendly SAM-Muon [per-layer Frob],global-friendly-sam-muon,muon,both,3.0,0.2,2.55509699472213,2.5124578051949555,2.5904885093539405,2.5551184520852073,0.0,0.2828427124742867,1000
global-friendly-sam-muon@per-layer,Global Friendly SAM-Muon [per-layer Frob],global-friendly-sam-muon,muon,both,3.0,0.5,2.467558314912332,2.407018066613391,2.4999082725728847,2.451788399807503,0.0,0.7071067811857188,1000
global-friendly-sam-muon@per-layer,Global Friendly SAM-Muon [per-layer Frob],global-friendly-sam-muon,muon,both,3.0,1.0,2.2668192870602235,2.2097225186494183,2.310430125404692,2.2580315818582193,0.0,1.4142135623714716,1000
global-friendly-sam-muon@per-layer,Global Friendly SAM-Muon [per-layer Frob],global-friendly-sam-muon,muon,both,inf,0.01,2.625560091021527,2.595912556163155,2.6590426663503703,2.625356546868204,0.0,0.01414213562371585,1000
global-friendly-sam-muon@per-layer,Global Friendly SAM-Muon [per-layer Frob],global-friendly-sam-muon,muon,both,inf,0.02,2.6202241258623964,2.598719623270248,2.687615382722023,2.6266203672061295,0.0,0.0282842712474317,1000
global-friendly-sam-muon@per-layer,Global Friendly SAM-Muon [per-layer Frob],global-friendly-sam-muon,muon,both,inf,0.05,2.6230043323182644,2.597258227292633,2.661357513346132,2.6247329871936835,0.0,0.07071067811857926,1000
global-friendly-sam-muon@per-layer,Global Friendly SAM-Muon [per-layer Frob],global-friendly-sam-muon,muon,both,inf,0.1,2.6060569756390555,2.585664140999187,2.641111428115805,2.607459014410163,0.0,0.14142135623715835,1000
global-friendly-sam-muon@per-layer,Global Friendly SAM-Muon [per-layer Frob],global-friendly-sam-muon,muon,both,inf,0.2,2.5519496988567454,2.5355959678132387,2.616657215697596,2.5658979643915596,0.0,0.28284271247431686,1000
global-friendly-sam-muon@per-layer,Global Friendly SAM-Muon [per-layer Frob],global-friendly-sam-muon,muon,both,inf,0.5,2.470191522421959,2.4335968409441286,2.5080569487502253,2.459481176296934,0.0,0.70710678118579,1000
global-friendly-sam-muon@per-layer,Global Friendly SAM-Muon [per-layer Frob],global-friendly-sam-muon,muon,both,inf,1.0,2.278320933868622,2.2535540844562005,2.296230550574252,2.2676150778847943,0.0,1.4142135623716006,1000
muon,Muon,muon,muon,both,1.1,,2.5861696053883034,2.542322931873005,2.6648741953913153,2.5850821628547926,0.0,0.0,500
muon,Muon,muon,muon,both,1.3,,2.2594967196247024,2.2116420652561724,2.3376794313056686,2.2797855063342425,0.0,0.0,500
muon,Muon,muon,muon,both,1.6,,2.249740115958245,2.225089396721671,2.2598303226523804,2.2456181462315046,0.0,0.0,500
muon,Muon,muon,muon,both,2.0,,2.3685234762749534,2.3439034802370804,2.4632988252983443,2.397526108403229,0.0,0.0,500
muon,Muon,muon,muon,both,3.0,,2.642232274167961,2.560768794763764,2.672335621193587,2.6190014511825916,0.0,0.0,500
muon,Muon,muon,muon,both,inf,,2.6319095989704455,2.5955176293924227,2.669576226038169,2.6319168871956546,0.0,0.0,500
random-sam-muon@global,Random SAM-Muon [global Frob],random-sam-muon,muon,both,1.1,0.01,2.5858917496874456,2.542196795049555,2.6648412322569093,2.5850799293686895,0.0,0.0099999999999998,500
random-sam-muon@global,Random SAM-Muon [global Frob],random-sam-muon,muon,both,1.1,0.02,2.5860947075793037,2.541795195978145,2.6647214311845357,2.584966204625843,0.0,0.0199999999999996,500
random-sam-muon@global,Random SAM-Muon [global Frob],random-sam-muon,muon,both,1.1,0.05,2.5862734148412283,2.5421313189096053,2.6644609676575515,2.5851033413659077,0.0,0.049999999999999,500
random-sam-muon@global,Random SAM-Muon [global Frob],random-sam-muon,muon,both,1.1,0.1,2.585550806039752,2.5430581977974804,2.665357417621195,2.5850418062181837,0.0,0.0999999999999981,500
random-sam-muon@global,Random SAM-Muon [global Frob],random-sam-muon,muon,both,1.1,0.2,2.5841699642261386,2.543103111731873,2.665820814583922,2.584490823507537,0.0,0.1999999999999963,500
random-sam-muon@global,Random SAM-Muon [global Frob],random-sam-muon,muon,both,1.1,0.5,2.5834929220113994,2.542550559779323,2.664665698017793,2.5837572996040006,0.0,0.49999999999999084,500
random-sam-muon@global,Random SAM-Muon [global Frob],random-sam-muon,muon,both,1.1,1.0,2.579343502056805,2.5413238218870955,2.6587465577734015,2.580817776935505,0.0,0.9999999999999817,500
random-sam-muon@global,Random SAM-Muon [global Frob],random-sam-muon,muon,both,1.3,0.01,2.2619599663802537,2.2131490288457893,2.3400333316140953,2.281021384156089,0.0,0.0099999999999998,500
random-sam-muon@global,Random SAM-Muon [global Frob],random-sam-muon,muon,both,1.3,0.02,2.2611098755551797,2.2127511403218256,2.338588915426952,2.280085305896372,0.0,0.0199999999999996,500
random-sam-muon@global,Random SAM-Muon [global Frob],random-sam-muon,muon,both,1.3,0.05,2.2584565096550007,2.2110264842363203,2.33812275819393,2.2788974039321572,0.0,0.049999999999999045,500
random-sam-muon@global,Random SAM-Muon [global Frob],random-sam-muon,muon,both,1.3,0.1,2.262441959345324,2.2109418208581193,2.338149558109255,2.2801534146567928,0.0,0.09999999999999815,500
random-sam-muon@global,Random SAM-Muon [global Frob],random-sam-muon,muon,both,1.3,0.2,2.2594674626779896,2.20928004228552,2.3362635124797504,2.2772945624670307,0.0,0.19999999999999635,500
random-sam-muon@global,Random SAM-Muon [global Frob],random-sam-muon,muon,both,1.3,0.5,2.2593997981019998,2.2067212719266958,2.335810863987266,2.276685063102848,0.0,0.49999999999999084,500
random-sam-muon@global,Random SAM-Muon [global Frob],random-sam-muon,muon,both,1.3,1.0,2.258271099105449,2.205326444577443,2.333739524168731,2.2735338552283695,0.0,0.9999999999999817,500
random-sam-muon@global,Random SAM-Muon [global Frob],random-sam-muon,muon,both,1.6,0.01,2.2479565516262356,2.2236542397258106,2.261341588879185,2.2442042736142076,0.0,0.0099999999999998,500
random-sam-muon@global,Random SAM-Muon [global Frob],random-sam-muon,muon,both,1.6,0.02,2.244250665426829,2.2277712935871072,2.2606678444288058,2.2452354229727174,0.0,0.0199999999999996,500
random-sam-muon@global,Random SAM-Muon [global Frob],random-sam-muon,muon,both,1.6,0.05,2.24613469125249,2.234286536871915,2.2683774520350353,2.249766934162845,0.0,0.049999999999999,500
random-sam-muon@global,Random SAM-Muon [global Frob],random-sam-muon,muon,both,1.6,0.1,2.2485221786230363,2.2330637172513477,2.2708898535800803,2.2495919084502263,0.0,0.0999999999999981,500
random-sam-muon@global,Random SAM-Muon [global Frob],random-sam-muon,muon,both,1.6,0.2,2.244905527925285,2.230256161482217,2.2656613908821983,2.2465977005816216,0.0,0.1999999999999963,500
random-sam-muon@global,Random SAM-Muon [global Frob],random-sam-muon,muon,both,1.6,0.5,2.2477751946878253,2.2346128670679093,2.2770948527979,2.2522897320709423,0.0,0.499999999999991,500
random-sam-muon@global,Random SAM-Muon [global Frob],random-sam-muon,muon,both,1.6,1.0,2.2477040911117356,2.2301268110967394,2.269465919846451,2.2488696914939963,0.0,0.999999999999982,500
random-sam-muon@global,Random SAM-Muon [global Frob],random-sam-muon,muon,both,2.0,0.01,2.370306523258905,2.344447675760877,2.4554695011323138,2.397671799593315,0.0,0.0099999999999998,500
random-sam-muon@global,Random SAM-Muon [global Frob],random-sam-muon,muon,both,2.0,0.02,2.3760985484830046,2.3491220917051225,2.4578746031922143,2.398053358758463,0.0,0.0199999999999996,500
random-sam-muon@global,Random SAM-Muon [global Frob],random-sam-muon,muon,both,2.0,0.05,2.3794705362549635,2.3445141489554064,2.4530466786725804,2.397147049544706,0.0,0.0499999999999991,500
random-sam-muon@global,Random SAM-Muon [global Frob],random-sam-muon,muon,both,2.0,0.1,2.380599366287151,2.3573201807376,2.4562151417426317,2.4026410383636847,0.0,0.0999999999999982,500
random-sam-muon@global,Random SAM-Muon [global Frob],random-sam-muon,muon,both,2.0,0.2,2.38543802991229,2.350029840848463,2.4524385037944136,2.397081686196869,0.0,0.1999999999999964,500
random-sam-muon@global,Random SAM-Muon [global Frob],random-sam-muon,muon,both,2.0,0.5,2.37614734428901,2.3518435867695526,2.4648085277907517,2.3995570569561426,0.0,0.499999999999991,500
random-sam-muon@global,Random SAM-Muon [global Frob],random-sam-muon,muon,both,2.0,1.0,2.3650720027119974,2.347145864621579,2.451858934100967,2.389836270203131,0.0,0.999999999999982,500
random-sam-muon@global,Random SAM-Muon [global Frob],random-sam-muon,muon,both,3.0,0.01,2.6473651834681826,2.554389899198881,2.682938263414659,2.6226664916986193,0.0,0.0099999999999998,500
random-sam-muon@global,Random SAM-Muon [global Frob],random-sam-muon,muon,both,3.0,0.02,2.645416823256829,2.548686607922847,2.673931004033467,2.614457067523931,0.0,0.0199999999999996,500
random-sam-muon@global,Random SAM-Muon [global Frob],random-sam-muon,muon,both,3.0,0.05,2.639830216765908,2.551938144826533,2.6683122469955802,2.6125783396162507,0.0,0.049999999999999045,500
random-sam-muon@global,Random SAM-Muon [global Frob],random-sam-muon,muon,both,3.0,0.1,2.6431779332684466,2.5530047446383337,2.673414026702104,2.621970505248495,0.0,0.09999999999999815,500
random-sam-muon@global,Random SAM-Muon [global Frob],random-sam-muon,muon,both,3.0,0.2,2.6258760025681473,2.5781484700515866,2.6577197317638777,2.616762109941968,0.0,0.19999999999999635,500
random-sam-muon@global,Random SAM-Muon [global Frob],random-sam-muon,muon,both,3.0,0.5,2.645549345745808,2.5762529426035434,2.6649650117282766,2.619082050394825,0.0,0.4999999999999909,500
random-sam-muon@global,Random SAM-Muon [global Frob],random-sam-muon,muon,both,3.0,1.0,2.618087895920757,2.541963339806603,2.6671657882207422,2.615049940416819,0.0,0.9999999999999818,500
random-sam-muon@global,Random SAM-Muon [global Frob],random-sam-muon,muon,both,inf,0.01,2.6336656335490436,2.592181053169159,2.680416299194562,2.633044451230768,0.0,0.0099999999999998,500
random-sam-muon@global,Random SAM-Muon [global Frob],random-sam-muon,muon,both,inf,0.02,2.639848314605022,2.5952180778784655,2.68142881859338,2.634441423029698,0.0,0.0199999999999996,500
random-sam-muon@global,Random SAM-Muon [global Frob],random-sam-muon,muon,both,inf,0.05,2.631071939890041,2.6009643704797263,2.6806725264933062,2.6312093499607165,0.0,0.049999999999999,500
random-sam-muon@global,Random SAM-Muon [global Frob],random-sam-muon,muon,both,inf,0.1,2.648061311806607,2.6054928586481085,2.670733842960014,2.6352273322494684,0.0,0.0999999999999981,500
random-sam-muon@global,Random SAM-Muon [global Frob],random-sam-muon,muon,both,inf,0.2,2.6578138277080257,2.6117144880489165,2.6776920905926156,2.636912049032655,0.0,0.1999999999999963,500
random-sam-muon@global,Random SAM-Muon [global Frob],random-sam-muon,muon,both,inf,0.5,2.6313323376207594,2.6074844322837465,2.658505361504178,2.625990453650995,0.0,0.49999999999999095,500
random-sam-muon@global,Random SAM-Muon [global Frob],random-sam-muon,muon,both,inf,1.0,2.6188960996654074,2.603826596846631,2.6476358991988116,2.617702723373585,0.0,0.9999999999999819,500
random-sam-muon@per-layer,Random SAM-Muon [per-layer Frob],random-sam-muon,muon,both,1.1,0.01,2.5858860725540023,2.542127647078001,2.664590828995602,2.5849857503320326,0.0,0.0141421356237305,500
random-sam-muon@per-layer,Random SAM-Muon [per-layer Frob],random-sam-muon,muon,both,1.1,0.02,2.585976792772855,2.541957974138698,2.663100755502832,2.584656290938286,0.0,0.0282842712474611,500
random-sam-muon@per-layer,Random SAM-Muon [per-layer Frob],random-sam-muon,muon,both,1.1,0.05,2.5862791085449937,2.542695302184804,2.664633921245983,2.585103460755305,0.0,0.0707106781186528,500
random-sam-muon@per-layer,Random SAM-Muon [per-layer Frob],random-sam-muon,muon,both,1.1,0.1,2.5855078931024216,2.542982625280011,2.6653832368416306,2.584906051649224,0.0,0.14142135623730565,500
random-sam-muon@per-layer,Random SAM-Muon [per-layer Frob],random-sam-muon,muon,both,1.1,0.2,2.584986850014115,2.5440531761334904,2.6664762552501005,2.5854526243478526,0.0,0.28284271247461135,500
random-sam-muon@per-layer,Random SAM-Muon [per-layer Frob],random-sam-muon,muon,both,1.1,0.5,2.58308264711318,2.541922149732744,2.6630160003981063,2.582974643006942,0.0,0.7071067811865284,500
random-sam-muon@per-layer,Random SAM-Muon [per-layer Frob],random-sam-muon,muon,both,1.1,1.0,2.5754426765458613,2.5393485554404065,2.657043647012541,2.5788469078876783,0.0,1.4142135623730567,500
random-sam-muon@per-layer,Random SAM-Muon [per-layer Frob],random-sam-muon,muon,both,1.3,0.01,2.2614110161298457,2.2128601791448057,2.3391807054922333,2.2803663830789596,0.0,0.0141421356237305,500
random-sam-muon@per-layer,Random SAM-Muon [per-layer Frob],random-sam-muon,muon,both,1.3,0.02,2.259194311371451,2.210833592966516,2.3392137800567365,2.279137082081594,0.0,0.0282842712474611,500
random-sam-muon@per-layer,Random SAM-Muon [per-layer Frob],random-sam-muon,muon,both,1.3,0.05,2.2600888596686293,2.2106457585030626,2.3382056585054447,2.279270422695009,0.0,0.0707106781186528,500
random-sam-muon@per-layer,Random SAM-Muon [per-layer Frob],random-sam-muon,muon,both,1.3,0.1,2.2607641876902305,2.2113876820115728,2.3375332388605097,2.2797228354183243,0.0,0.1414213562373057,500
random-sam-muon@per-layer,Random SAM-Muon [per-layer Frob],random-sam-muon,muon,both,1.3,0.2,2.2609691905268745,2.209947205388885,2.335484784588325,2.2784723643089295,0.0,0.2828427124746114,500
random-sam-muon@per-layer,Random SAM-Muon [per-layer Frob],random-sam-muon,muon,both,1.3,0.5,2.258663121748806,2.210023174319187,2.334621435169954,2.2760602821945115,0.0,0.7071067811865284,500
random-sam-muon@per-layer,Random SAM-Muon [per-layer Frob],random-sam-muon,muon,both,1.3,1.0,2.25675506157454,2.2036261796097354,2.333436619363842,2.271702375424576,0.0,1.4142135623730567,500
random-sam-muon@per-layer,Random SAM-Muon [per-layer Frob],random-sam-muon,muon,both,1.6,0.01,2.2461067853964183,2.2289086866421983,2.2586494149016607,2.2450908673600063,0.0,0.0141421356237305,500
random-sam-muon@per-layer,Random SAM-Muon [per-layer Frob],random-sam-muon,muon,both,1.6,0.02,2.243694891913322,2.2295335225553368,2.264720468623282,2.248364336403192,0.0,0.0282842712474611,500
random-sam-muon@per-layer,Random SAM-Muon [per-layer Frob],random-sam-muon,muon,both,1.6,0.05,2.243948803803052,2.233204271514996,2.262324452442678,2.2477893080797826,0.0,0.0707106781186528,500
random-sam-muon@per-layer,Random SAM-Muon [per-layer Frob],random-sam-muon,muon,both,1.6,0.1,2.246781746897052,2.234871343131184,2.2736945074971224,2.2503777784451957,0.0,0.1414213562373057,500
random-sam-muon@per-layer,Random SAM-Muon [per-layer Frob],random-sam-muon,muon,both,1.6,0.2,2.2478352559025976,2.230869250088758,2.2684509253062415,2.2487531881877265,0.0,0.2828427124746115,500
random-sam-muon@per-layer,Random SAM-Muon [per-layer Frob],random-sam-muon,muon,both,1.6,0.5,2.2437332440116755,2.2306339882032176,2.276784151115022,2.247929895314086,0.0,0.7071067811865288,500
random-sam-muon@per-layer,Random SAM-Muon [per-layer Frob],random-sam-muon,muon,both,1.6,1.0,2.24601961382967,2.2151564111328264,2.2745899219846564,2.2443190839566567,0.0,1.4142135623730576,500
random-sam-muon@per-layer,Random SAM-Muon [per-layer Frob],random-sam-muon,muon,both,2.0,0.01,2.3751029919766933,2.3423418473969955,2.455002443237242,2.39851575779086,0.0,0.0141421356237305,500
random-sam-muon@per-layer,Random SAM-Muon [per-layer Frob],random-sam-muon,muon,both,2.0,0.02,2.3738312006572766,2.348953507408406,2.4579266505588295,2.398876920000382,0.0,0.0282842712474611,500
random-sam-muon@per-layer,Random SAM-Muon [per-layer Frob],random-sam-muon,muon,both,2.0,0.05,2.385015082615552,2.345274606393042,2.4590198474563394,2.4041005134996607,0.0,0.0707106781186528,500
random-sam-muon@per-layer,Random SAM-Muon [per-layer Frob],random-sam-muon,muon,both,2.0,0.1,2.3837325753267757,2.3476438635218355,2.4464020654649676,2.400397417885717,0.0,0.1414213562373057,500
random-sam-muon@per-layer,Random SAM-Muon [per-layer Frob],random-sam-muon,muon,both,2.0,0.2,2.39010916150159,2.3526445759325334,2.4513976836405074,2.3993273736307055,0.0,0.2828427124746114,500
random-sam-muon@per-layer,Random SAM-Muon [per-layer Frob],random-sam-muon,muon,both,2.0,0.5,2.3622217604466504,2.3472617261195716,2.4511950301238374,2.3910083248039533,0.0,0.7071067811865286,500
random-sam-muon@per-layer,Random SAM-Muon [per-layer Frob],random-sam-muon,muon,both,2.0,1.0,2.3593123710946147,2.3307457375474785,2.4435084710924713,2.384898568302729,0.0,1.4142135623730572,500
random-sam-muon@per-layer,Random SAM-Muon [per-layer Frob],random-sam-muon,muon,both,3.0,0.01,2.6467381495578914,2.561066229670586,2.666002195684796,2.617691665269536,0.0,0.0141421356237305,500
random-sam-muon@per-layer,Random SAM-Muon [per-layer Frob],random-sam-muon,muon,both,3.0,0.02,2.63583090849355,2.5692190876289454,2.6632746977559725,2.6179248367508734,0.0,0.0282842712474611,500
random-sam-muon@per-layer,Random SAM-Muon [per-layer Frob],random-sam-muon,muon,both,3.0,0.05,2.6401084560212404,2.5439162408702174,2.6600524597358532,2.6129751106161634,0.0,0.0707106781186528,500
random-sam-muon@per-layer,Random SAM-Muon [per-layer Frob],random-sam-muon,muon,both,3.0,0.1,2.630790293485701,2.56674535094528,2.653407408246531,2.612270854056111,0.0,0.1414213562373057,500
random-sam-muon@per-layer,Random SAM-Muon [per-layer Frob],random-sam-muon,muon,both,3.0,0.2,2.636760674500265,2.5667324459806466,2.6487429504589945,2.6148153387527535,0.0,0.2828427124746115,500
random-sam-muon@per-layer,Random SAM-Muon [per-layer Frob],random-sam-muon,muon,both,3.0,0.5,2.634103962982557,2.5651633725146854,2.666800965194277,2.617954463439127,0.0,0.7071067811865287,500
random-sam-muon@per-layer,Random SAM-Muon [per-layer Frob],random-sam-muon,muon,both,3.0,1.0,2.578096007100081,2.541901458879763,2.672440004104402,2.6027183816777413,0.0,1.4142135623730574,500
random-sam-muon@per-layer,Random SAM-Muon [per-layer Frob],random-sam-muon,muon,both,inf,0.01,2.6345526485499784,2.5897636441246004,2.6939332119406885,2.6343219916250575,0.0,0.0141421356237305,500
random-sam-muon@per-layer,Random SAM-Muon [per-layer Frob],random-sam-muon,muon,both,inf,0.02,2.637521194197598,2.596953699982202,2.6912212055284104,2.636801498619112,0.0,0.0282842712474611,500
random-sam-muon@per-layer,Random SAM-Muon [per-layer Frob],random-sam-muon,muon,both,inf,0.05,2.634128970022997,2.60592442959143,2.679144478066561,2.6343837809369965,0.0,0.0707106781186528,500
random-sam-muon@per-layer,Random SAM-Muon [per-layer Frob],random-sam-muon,muon,both,inf,0.1,2.6458819799119437,2.6125699340492576,2.6706564208367096,2.6356579883930964,0.0,0.1414213562373057,500
random-sam-muon@per-layer,Random SAM-Muon [per-layer Frob],random-sam-muon,muon,both,inf,0.2,2.639161918433728,2.6199331555027743,2.6899536960476773,2.632225988221953,0.0,0.2828427124746114,500
random-sam-muon@per-layer,Random SAM-Muon [per-layer Frob],random-sam-muon,muon,both,inf,0.5,2.6284402680236165,2.599233046302637,2.657562738654427,2.624933034396734,0.0,0.7071067811865287,500
random-sam-muon@per-layer,Random SAM-Muon [per-layer Frob],random-sam-muon,muon,both,inf,1.0,2.615856995493907,2.588435124133698,2.6322629378066558,2.6114729590323775,0.0,1.4142135623730574,500
sam-adam@global,SAM + AdamW [global Frob],sam-adam,adam,added,1.1,0.01,2.2756863560805938,2.2611551620474044,2.2830342741095504,2.2711532426614136,0.0,0.00999999999999975,1000
sam-adam@global,SAM + AdamW [global Frob],sam-adam,adam,added,1.1,0.02,2.2756618699362408,2.26156390840585,2.2829741338281453,2.2712469751432627,0.0,0.0199999999999995,1000
sam-adam@global,SAM + AdamW [global Frob],sam-adam,adam,added,1.1,0.05,2.2752890649242596,2.26213076981666,2.2832162636588245,2.2714110753231997,0.0,0.04999999999999895,1000
sam-adam@global,SAM + AdamW [global Frob],sam-adam,adam,added,1.1,0.1,2.275513865934582,2.2616330221696543,2.283313451513549,2.2713018575221398,0.0,0.0999999999999979,1000
sam-adam@global,SAM + AdamW [global Frob],sam-adam,adam,added,1.1,0.2,2.2760299565217865,2.261554866587034,2.283705147164196,2.2715149945407695,0.0,0.19999999999999596,1000
sam-adam@global,SAM + AdamW [global Frob],sam-adam,adam,added,1.1,0.5,2.2757611346911633,2.26181505986667,2.2837923423937485,2.2714224266435696,0.0,0.49999999999998973,1000
sam-adam@global,SAM + AdamW [global Frob],sam-adam,adam,added,1.1,1.0,2.2772662022984966,2.2625159019809407,2.2838005989629178,2.2721372282036123,0.0,0.9999999999999793,1000
sam-adam@global,SAM + AdamW [global Frob],sam-adam,adam,added,1.3,0.01,2.1194264814313533,2.118813022684866,2.1256443238205565,2.1229849738639093,0.0,0.00999999999999875,1000
sam-adam@global,SAM + AdamW [global Frob],sam-adam,adam,added,1.3,0.02,2.1191619859137782,2.118476120720116,2.125420347150885,2.1227831478644066,0.0,0.019999999999997548,1000
sam-adam@global,SAM + AdamW [global Frob],sam-adam,adam,added,1.3,0.05,2.1184182354809007,2.1183024298348156,2.1255759508066836,2.122528419590572,0.0,0.04999999999999395,1000
sam-adam@global,SAM + AdamW [global Frob],sam-adam,adam,added,1.3,0.1,2.1202271621253512,2.118688202209376,2.125522338197486,2.122986001772915,0.0,0.09999999999998795,1000
sam-adam@global,SAM + AdamW [global Frob],sam-adam,adam,added,1.3,0.2,2.119984468964062,2.118416401845569,2.124242829459853,2.1227414382725183,0.0,0.19999999999997595,1000
sam-adam@global,SAM + AdamW [global Frob],sam-adam,adam,added,1.3,0.5,2.1205650398071696,2.1191127444060367,2.1267723356071597,2.1236125629233986,0.0,0.49999999999994,1000
sam-adam@global,SAM + AdamW [global Frob],sam-adam,adam,added,1.3,1.0,2.1212827171977047,2.1207218221484787,2.1284131625511784,2.1246470243614555,0.0,0.9999999999998803,1000
sam-adam@global,SAM + AdamW [global Frob],sam-adam,adam,added,1.6,0.01,2.0286431322800116,2.0192000938462087,2.0453734057816284,2.0282710295215063,0.0,0.0099999999999973,1000
sam-adam@global,SAM + AdamW [global Frob],sam-adam,adam,added,1.6,0.02,2.0288086092990945,2.018816217367971,2.0460848711855206,2.028420446231433,0.0,0.019999999999994703,1000
sam-adam@global,SAM + AdamW [global Frob],sam-adam,adam,added,1.6,0.05,2.029384233496833,2.018577729257374,2.0453303820630255,2.0280324487460466,0.0,0.049999999999986805,1000
sam-adam@global,SAM + AdamW [global Frob],sam-adam,adam,added,1.6,0.1,2.0299548443235382,2.0191817513825896,2.045333606595036,2.028236484782324,0.0,0.09999999999997361,1000
sam-adam@global,SAM + AdamW [global Frob],sam-adam,adam,added,1.6,0.2,2.029803756052998,2.0210411532143566,2.045384780946029,2.0280651794753894,0.0,0.19999999999994736,1000
sam-adam@global,SAM + AdamW [global Frob],sam-adam,adam,added,1.6,0.5,2.028973206469753,2.020852020254897,2.0466181959816376,2.0273726302685864,0.0,0.4999999999998683,1000
sam-adam@global,SAM + AdamW [global Frob],sam-adam,adam,added,1.6,1.0,2.0314627753690697,2.020409558639548,2.043238872478721,2.0277154431456723,0.0,0.9999999999997364,1000
sam-adam@global,SAM + AdamW [global Frob],sam-adam,adam,added,2.0,0.01,1.967235518963602,1.9603549736598138,1.9825526224480658,1.9712386735417942,0.0,0.00999999999999575,1000
sam-adam@global,SAM + AdamW [global Frob],sam-adam,adam,added,2.0,0.02,1.9665602677925906,1.9596959979934405,1.982421763608078,1.9709520451267188,0.0,0.019999999999991552,1000
sam-adam@global,SAM + AdamW [global Frob],sam-adam,adam,added,2.0,0.05,1.9659723325758887,1.9620540309758012,1.9830145104945618,1.970639296554773,0.0,0.049999999999979006,1000
sam-adam@global,SAM + AdamW [global Frob],sam-adam,adam,added,2.0,0.1,1.9645036202098214,1.959917019170247,1.981891666243033,1.9693520924894135,0.0,0.09999999999995796,1000
sam-adam@global,SAM + AdamW [global Frob],sam-adam,adam,added,2.0,0.2,1.9664818286867927,1.9581470976165232,1.9803792461445724,1.9690683747727054,0.0,0.19999999999991594,1000
sam-adam@global,SAM + AdamW [global Frob],sam-adam,adam,added,2.0,0.5,1.9631892066180563,1.959166718349896,1.9797816443703575,1.9690007918089591,0.0,0.4999999999997897,1000
sam-adam@global,SAM + AdamW [global Frob],sam-adam,adam,added,2.0,1.0,1.9671111462671578,1.9628068743187004,1.985960101649654,1.9733605823826785,0.0,0.9999999999995783,1000
sam-adam@global,SAM + AdamW [global Frob],sam-adam,adam,added,3.0,0.01,1.9437560238875622,1.940002317299435,1.9468464782382287,1.9422516505336236,0.0,0.0099999999999939,1000
sam-adam@global,SAM + AdamW [global Frob],sam-adam,adam,added,3.0,0.02,1.9449614171668288,1.939573880625721,1.9493574655505979,1.943360168846176,0.0,0.0199999999999878,1000
sam-adam@global,SAM + AdamW [global Frob],sam-adam,adam,added,3.0,0.05,1.9450670483452446,1.9318364140010458,1.9486838319573585,1.941741692836298,0.0,0.0499999999999695,1000
sam-adam@global,SAM + AdamW [global Frob],sam-adam,adam,added,3.0,0.1,1.9443137723408428,1.9383513947293127,1.9484651708216012,1.9423908337085214,0.0,0.099999999999939,1000
sam-adam@global,SAM + AdamW [global Frob],sam-adam,adam,added,3.0,0.2,1.9414637511895068,1.936564600973612,1.9447024940506934,1.9401256172744286,0.0,0.1999999999998779,1000
sam-adam@global,SAM + AdamW [global Frob],sam-adam,adam,added,3.0,0.5,1.9392018777235966,1.932814021260615,1.9415463829382078,1.9373462834060275,0.0,0.4999999999996931,1000
sam-adam@global,SAM + AdamW [global Frob],sam-adam,adam,added,3.0,1.0,1.9370274108197587,1.9333726674512974,1.9449858324371614,1.9377284247985358,0.0,0.9999999999993825,1000
sam-adam@global,SAM + AdamW [global Frob],sam-adam,adam,added,inf,0.01,1.9587321339079486,1.946161867976943,1.9656323090538865,1.9558073929740538,0.0,0.0099999999999943,1000
sam-adam@global,SAM + AdamW [global Frob],sam-adam,adam,added,inf,0.02,1.9585727061544453,1.9463611642668506,1.9658030570150664,1.9556004888421017,0.0,0.019999999999988652,1000
sam-adam@global,SAM + AdamW [global Frob],sam-adam,adam,added,inf,0.05,1.9577662721174685,1.9448229516985631,1.966921712501542,1.9550970115123278,0.0,0.0499999999999718,1000
sam-adam@global,SAM + AdamW [global Frob],sam-adam,adam,added,inf,0.1,1.9560620762626302,1.9426023169417361,1.9666598153841515,1.9548165775860702,0.0,0.0999999999999436,1000
sam-adam@global,SAM + AdamW [global Frob],sam-adam,adam,added,inf,0.2,1.9543405172385662,1.942500219801101,1.966355984281543,1.9542122707051848,0.0,0.1999999999998872,1000
sam-adam@global,SAM + AdamW [global Frob],sam-adam,adam,added,inf,0.5,1.952817075022074,1.9370286469418423,1.9592120410670164,1.9502900789305437,0.0,0.49999999999971734,1000
sam-adam@global,SAM + AdamW [global Frob],sam-adam,adam,added,inf,1.0,1.9563845247019005,1.9476148929290205,1.9586070139923004,1.9525980256483901,0.0,0.9999999999994336,1000
sam-adam@per-layer,SAM + AdamW [per-layer Frob],sam-adam,adam,added,1.1,0.01,2.2756160382994026,2.2616065507947356,2.2830632220777227,2.2712417952935744,0.0,0.014142135623729499,1000
sam-adam@per-layer,SAM + AdamW [per-layer Frob],sam-adam,adam,added,1.1,0.02,2.2755361413873283,2.2619830358852844,2.2831645305325132,2.2713207476570436,0.0,0.02828427124745905,1000
sam-adam@per-layer,SAM + AdamW [per-layer Frob],sam-adam,adam,added,1.1,0.05,2.2753367755861333,2.2614864068843206,2.2831723736542826,2.271323352331337,0.0,0.0707106781186478,1000
sam-adam@per-layer,SAM + AdamW [per-layer Frob],sam-adam,adam,added,1.1,0.1,2.2759093770316756,2.26138939278253,2.283696083169791,2.2714212601537236,0.0,0.14142135623729554,1000
sam-adam@per-layer,SAM + AdamW [per-layer Frob],sam-adam,adam,added,1.1,0.2,2.275842230289661,2.2614442863402378,2.2835996750207532,2.2713819278814333,0.0,0.28284271247459125,1000
sam-adam@per-layer,SAM + AdamW [per-layer Frob],sam-adam,adam,added,1.1,0.5,2.276138915751509,2.260560125603343,2.283550432889805,2.2711636786723584,0.0,0.707106781186478,1000
sam-adam@per-layer,SAM + AdamW [per-layer Frob],sam-adam,adam,added,1.1,1.0,2.2769257108116747,2.261451814689953,2.2854678469693086,2.271782798146857,0.0,1.414213562372956,1000
sam-adam@per-layer,SAM + AdamW [per-layer Frob],sam-adam,adam,added,1.3,0.01,2.119412892147328,2.118506235342421,2.1253953168433033,2.1228163074222124,0.0,0.014142135623728149,1000
sam-adam@per-layer,SAM + AdamW [per-layer Frob],sam-adam,adam,added,1.3,0.02,2.1187241960388823,2.1182341091481725,2.1253656057874677,2.1224957516196934,0.0,0.028284271247456402,1000
sam-adam@per-layer,SAM + AdamW [per-layer Frob],sam-adam,adam,added,1.3,0.05,2.11937620705135,2.1184650932734383,2.1250365887818683,2.122832255381045,0.0,0.070710678118641,1000
sam-adam@per-layer,SAM + AdamW [per-layer Frob],sam-adam,adam,added,1.3,0.1,2.1200510703203608,2.1179188819956805,2.1259666727766917,2.122977546409295,0.0,0.141421356237282,1000
sam-adam@per-layer,SAM + AdamW [per-layer Frob],sam-adam,adam,added,1.3,0.2,2.119598662733889,2.1188434351046865,2.1253739018310656,2.122963789080977,0.0,0.28284271247456416,1000
sam-adam@per-layer,SAM + AdamW [per-layer Frob],sam-adam,adam,added,1.3,0.5,2.1200117960796203,2.1188429789233725,2.126114295008634,2.123227616248501,0.0,0.7071067811864099,1000
sam-adam@per-layer,SAM + AdamW [per-layer Frob],sam-adam,adam,added,1.3,1.0,2.1214332782516774,2.121148521316799,2.1280240012868057,2.125685693176009,0.0,1.4142135623728203,1000
sam-adam@per-layer,SAM + AdamW [per-layer Frob],sam-adam,adam,added,1.6,0.01,2.028590368481029,2.0187206861242304,2.0461663222137734,2.028218458990737,0.0,0.014142135623725152,1000
sam-adam@per-layer,SAM + AdamW [per-layer Frob],sam-adam,adam,added,1.6,0.02,2.029940806094336,2.018320483512407,2.045615430450142,2.0282636619353394,0.0,0.028284271247450303,1000
sam-adam@per-layer,SAM + AdamW [per-layer Frob],sam-adam,adam,added,1.6,0.05,2.03000131379864,2.02069244768677,2.0450105420972484,2.028366662884062,0.0,0.07071067811862586,1000
sam-adam@per-layer,SAM + AdamW [per-layer Frob],sam-adam,adam,added,1.6,0.1,2.029746327385892,2.02042294327028,2.044767386180705,2.0279013327450146,0.0,0.1414213562372518,1000
sam-adam@per-layer,SAM + AdamW [per-layer Frob],sam-adam,adam,added,1.6,0.2,2.0306306246704615,2.0198379822814565,2.0444809856709307,2.0273697031640916,0.0,0.2828427124745036,1000
sam-adam@per-layer,SAM + AdamW [per-layer Frob],sam-adam,adam,added,1.6,0.5,2.028943093474248,2.0197029280364536,2.0433324460246647,2.025946139194992,0.0,0.7071067811862588,1000
sam-adam@per-layer,SAM + AdamW [per-layer Frob],sam-adam,adam,added,1.6,1.0,2.0338971606550675,2.024682895485532,2.043916531347906,2.030134272513936,0.0,1.4142135623725163,1000
sam-adam@per-layer,SAM + AdamW [per-layer Frob],sam-adam,adam,added,2.0,0.01,1.9664797453920786,1.9600029216599,1.9828614224684646,1.9710074859856543,0.0,0.014142135623721599,1000
sam-adam@per-layer,SAM + AdamW [per-layer Frob],sam-adam,adam,added,2.0,0.02,1.9664992428871106,1.9620146430686152,1.9832992532349112,1.9711404471404868,0.0,0.0282842712474433,1000
sam-adam@per-layer,SAM + AdamW [per-layer Frob],sam-adam,adam,added,2.0,0.05,1.9656707310093295,1.9625417772199545,1.9826313593455938,1.9701413564342884,0.0,0.07071067811860829,1000
sam-adam@per-layer,SAM + AdamW [per-layer Frob],sam-adam,adam,added,2.0,0.1,1.9663134770543205,1.9584457921889968,1.9805771756022164,1.9686417081792769,0.0,0.14142135623721658,1000
sam-adam@per-layer,SAM + AdamW [per-layer Frob],sam-adam,adam,added,2.0,0.2,1.9651502028091303,1.9586940460491804,1.9804022828008674,1.9688289005517303,0.0,0.28284271247443254,1000
sam-adam@per-layer,SAM + AdamW [per-layer Frob],sam-adam,adam,added,2.0,0.5,1.9661291315550473,1.957857817403335,1.9828722377223285,1.9696782901399361,0.0,0.70710678118608,1000
sam-adam@per-layer,SAM + AdamW [per-layer Frob],sam-adam,adam,added,2.0,1.0,1.9754405099748353,1.9677138214799896,1.9850511327744873,1.9769929985340182,0.0,1.4142135623721594,1000
sam-adam@per-layer,SAM + AdamW [per-layer Frob],sam-adam,adam,added,3.0,0.01,1.9445956050693112,1.9402151562800285,1.9489163753304264,1.9432068265007292,0.0,0.0141421356237177,1000
sam-adam@per-layer,SAM + AdamW [per-layer Frob],sam-adam,adam,added,3.0,0.02,1.945065464370211,1.9391782139093021,1.9483452074020267,1.9428175777140373,0.0,0.0282842712474354,1000
sam-adam@per-layer,SAM + AdamW [per-layer Frob],sam-adam,adam,added,3.0,0.05,1.9427436584918911,1.9381796326435348,1.947780510016281,1.941591554576514,0.0,0.07071067811858844,1000
sam-adam@per-layer,SAM + AdamW [per-layer Frob],sam-adam,adam,added,3.0,0.1,1.9409064622436074,1.937085549796095,1.944741857093655,1.9396739940403476,0.0,0.1414213562371765,1000
sam-adam@per-layer,SAM + AdamW [per-layer Frob],sam-adam,adam,added,3.0,0.2,1.9393755405484812,1.9333537907460037,1.943899337088439,1.9373192459051327,0.0,0.2828427124743518,1000
sam-adam@per-layer,SAM + AdamW [per-layer Frob],sam-adam,adam,added,3.0,0.5,1.9355834821485742,1.9302259942171371,1.9397815003745487,1.9338548698433455,0.0,0.7071067811858743,1000
sam-adam@per-layer,SAM + AdamW [per-layer Frob],sam-adam,adam,added,3.0,1.0,1.949614791676162,1.9431190801617078,1.9547753310005709,1.9486658682866271,0.0,1.414213562371745,1000
sam-adam@per-layer,SAM + AdamW [per-layer Frob],sam-adam,adam,added,inf,0.01,1.9583631975677833,1.9455391965194857,1.9663131299965944,1.956186093008173,0.0,0.01414213562371865,1000
sam-adam@per-layer,SAM + AdamW [per-layer Frob],sam-adam,adam,added,inf,0.02,1.957981009354824,1.9453257141405342,1.9674879172166782,1.9556278399539953,0.0,0.02828427124743745,1000
sam-adam@per-layer,SAM + AdamW [per-layer Frob],sam-adam,adam,added,inf,0.05,1.9562191406242824,1.9421785788266226,1.9651398646267733,1.9539931166640567,0.0,0.07071067811859345,1000
sam-adam@per-layer,SAM + AdamW [per-layer Frob],sam-adam,adam,added,inf,0.1,1.955432138446924,1.9442185117690907,1.967898460759149,1.9550707137110177,0.0,0.1414213562371871,1000
sam-adam@per-layer,SAM + AdamW [per-layer Frob],sam-adam,adam,added,inf,0.2,1.9526007769320353,1.9413239861501892,1.962996696873037,1.9516384035156098,0.0,0.2828427124743734,1000
sam-adam@per-layer,SAM + AdamW [per-layer Frob],sam-adam,adam,added,inf,0.5,1.9514456678357943,1.9421401452313733,1.954167628738173,1.9489981524694828,0.0,0.7071067811859264,1000
sam-adam@per-layer,SAM + AdamW [per-layer Frob],sam-adam,adam,added,inf,1.0,1.9611515607896401,1.9552065719449538,1.9659763979185485,1.9585161710688808,0.0,1.4142135623718455,1000
sam-muon@global,SAM-Muon [global Frob],sam-muon,muon,atlas_opt,1.1,0.01,2.5857895108682274,2.5420636106266543,2.6642782833405283,2.5846688226708325,0.0,0.00999999999999975,1000
sam-muon@global,SAM-Muon [global Frob],sam-muon,muon,atlas_opt,1.1,0.02,2.5858390073963236,2.541475315376317,2.6643339877385,2.5843074360387766,0.0,0.01999999999999955,1000
sam-muon@global,SAM-Muon [global Frob],sam-muon,muon,atlas_opt,1.1,0.05,2.5850208245889696,2.5420003909785835,2.6638164378250266,2.5840805101531847,0.0,0.04999999999999895,1000
sam-muon@global,SAM-Muon [global Frob],sam-muon,muon,atlas_opt,1.1,0.1,2.5851290368359776,2.5407396605509427,2.6638932059603584,2.5838443592889995,0.0,0.09999999999999795,1000
sam-muon@global,SAM-Muon [global Frob],sam-muon,muon,atlas_opt,1.1,0.2,2.58331316214589,2.540468759445557,2.6619730662198027,2.5828043689298505,0.0,0.19999999999999596,1000
sam-muon@global,SAM-Muon [global Frob],sam-muon,muon,atlas_opt,1.1,0.5,2.5800732689163564,2.538205854683137,2.659579241503014,2.580056869474018,0.0,0.4999999999999898,1000
sam-muon@global,SAM-Muon [global Frob],sam-muon,muon,atlas_opt,1.1,1.0,2.572667068353912,2.5333034072121645,2.653879328251138,2.574222753344376,0.0,0.9999999999999791,1000
sam-muon@global,SAM-Muon [global Frob],sam-muon,muon,atlas_opt,1.3,0.01,2.260566516059041,2.211897127039372,2.337999911798435,2.2797236578916618,0.0,0.00999999999999875,1000
sam-muon@global,SAM-Muon [global Frob],sam-muon,muon,atlas_opt,1.3,0.02,2.260073199258601,2.2116904220505607,2.3382685259962974,2.279570547649377,0.0,0.019999999999997548,1000
sam-muon@global,SAM-Muon [global Frob],sam-muon,muon,atlas_opt,1.3,0.05,2.258848329424608,2.210186947886818,2.3369303168972495,2.2789713400703695,0.0,0.04999999999999395,1000
sam-muon@global,SAM-Muon [global Frob],sam-muon,muon,atlas_opt,1.3,0.1,2.258039040849616,2.2077051596270234,2.3364551482299043,2.2775682186466537,0.0,0.09999999999998795,1000
sam-muon@global,SAM-Muon [global Frob],sam-muon,muon,atlas_opt,1.3,0.2,2.2534096275087423,2.204480050617108,2.3288023548959726,2.272896546593755,0.0,0.1999999999999759,1000
sam-muon@global,SAM-Muon [global Frob],sam-muon,muon,atlas_opt,1.3,0.5,2.246741896580934,2.20385348507879,2.320094202249141,2.265319399139347,0.0,0.4999999999999398,1000
sam-muon@global,SAM-Muon [global Frob],sam-muon,muon,atlas_opt,1.3,1.0,2.2330075653284736,2.1876568868930417,2.3091415429755324,2.2510091928102374,0.0,0.9999999999998797,1000
sam-muon@global,SAM-Muon [global Frob],sam-muon,muon,atlas_opt,1.6,0.01,2.243768592884234,2.2292383574866825,2.2573871016804645,2.2444272138730232,0.0,0.0099999999999973,1000
sam-muon@global,SAM-Muon [global Frob],sam-muon,muon,atlas_opt,1.6,0.02,2.247949636736439,2.2311526378806783,2.2633676552971904,2.246775482087476,0.0,0.0199999999999946,1000
sam-muon@global,SAM-Muon [global Frob],sam-muon,muon,atlas_opt,1.6,0.05,2.241308869752537,2.22705101026443,2.261248713439096,2.2417113934465607,0.0,0.0499999999999866,1000
sam-muon@global,SAM-Muon [global Frob],sam-muon,muon,atlas_opt,1.6,0.1,2.2347890301852473,2.213671191714632,2.259684806158137,2.2388758507439874,0.0,0.0999999999999733,1000
sam-muon@global,SAM-Muon [global Frob],sam-muon,muon,atlas_opt,1.6,0.2,2.2280574792459777,2.2090470536517994,2.2446977762422478,2.229797848997603,0.0,0.1999999999999467,1000
sam-muon@global,SAM-Muon [global Frob],sam-muon,muon,atlas_opt,1.6,0.5,2.2146323493948983,2.18496494435442,2.224822554000851,2.2118187178050706,0.0,0.4999999999998666,1000
sam-muon@global,SAM-Muon [global Frob],sam-muon,muon,atlas_opt,1.6,1.0,2.1714701700021894,2.140948206685038,2.2040061729161047,2.1754503351188976,0.0,0.9999999999997333,1000
sam-muon@global,SAM-Muon [global Frob],sam-muon,muon,atlas_opt,2.0,0.01,2.3717142022744584,2.3501308193601496,2.4621061966068134,2.3993792714498063,0.0,0.0099999999999956,1000
sam-muon@global,SAM-Muon [global Frob],sam-muon,muon,atlas_opt,2.0,0.02,2.368627234262598,2.3438524998765216,2.460377373620926,2.396131170157488,0.0,0.019999999999991247,1000
sam-muon@global,SAM-Muon [global Frob],sam-muon,muon,atlas_opt,2.0,0.05,2.3647944537822423,2.3407753338276125,2.4518688603086165,2.3907152375704026,0.0,0.0499999999999782,1000
sam-muon@global,SAM-Muon [global Frob],sam-muon,muon,atlas_opt,2.0,0.1,2.366499657800887,2.3320294097318657,2.4396174719222037,2.3834503445710773,0.0,0.0999999999999564,1000
sam-muon@global,SAM-Muon [global Frob],sam-muon,muon,atlas_opt,2.0,0.2,2.355805083162263,2.3217858995546905,2.405583841056993,2.3640648785888088,0.0,0.1999999999999128,1000
sam-muon@global,SAM-Muon [global Frob],sam-muon,muon,atlas_opt,2.0,0.5,2.3029793322885688,2.280839621783937,2.370915654554975,2.3225107365799693,0.0,0.4999999999997818,1000
sam-muon@global,SAM-Muon [global Frob],sam-muon,muon,atlas_opt,2.0,1.0,2.2335825481667735,2.2093635215041885,2.296602607751727,2.2525160695281583,0.0,0.9999999999995639,1000
sam-muon@global,SAM-Muon [global Frob],sam-muon,muon,atlas_opt,3.0,0.01,2.648041765891078,2.5552027944630495,2.6716609712873987,2.620585518009951,0.0,0.0099999999999931,1000
sam-muon@global,SAM-Muon [global Frob],sam-muon,muon,atlas_opt,3.0,0.02,2.640490037345885,2.543922965301735,2.682077607635339,2.614558716272108,0.0,0.0199999999999863,1000
sam-muon@global,SAM-Muon [global Frob],sam-muon,muon,atlas_opt,3.0,0.05,2.624065935612457,2.532982990867412,2.672151201169389,2.603674462233305,0.0,0.04999999999996575,1000
sam-muon@global,SAM-Muon [global Frob],sam-muon,muon,atlas_opt,3.0,0.1,2.6014083735704663,2.533528976631019,2.6514659684553785,2.590589345128709,0.0,0.0999999999999315,1000
sam-muon@global,SAM-Muon [global Frob],sam-muon,muon,atlas_opt,3.0,0.2,2.565801513033822,2.5262955466950143,2.626339665684286,2.568293869915517,0.0,0.19999999999986284,1000
sam-muon@global,SAM-Muon [global Frob],sam-muon,muon,atlas_opt,3.0,0.5,2.4979457486974113,2.4353812715879064,2.516855394855173,2.4894067989259954,0.0,0.4999999999996576,1000
sam-muon@global,SAM-Muon [global Frob],sam-muon,muon,atlas_opt,3.0,1.0,2.3725258495764763,2.335769801738906,2.3927078974565856,2.3560047862197866,0.0,0.9999999999993185,1000
sam-muon@global,SAM-Muon [global Frob],sam-muon,muon,atlas_opt,inf,0.01,2.629641261553841,2.6048883362455064,2.6829234655848797,2.6357251171157228,0.0,0.0099999999999938,1000
sam-muon@global,SAM-Muon [global Frob],sam-muon,muon,atlas_opt,inf,0.02,2.6336307070785283,2.5993342888076763,2.687371990654297,2.6315449985571044,0.0,0.019999999999987653,1000
sam-muon@global,SAM-Muon [global Frob],sam-muon,muon,atlas_opt,inf,0.05,2.6214276103301666,2.598264140974111,2.67325522415921,2.623987334344764,0.0,0.04999999999996915,1000
sam-muon@global,SAM-Muon [global Frob],sam-muon,muon,atlas_opt,inf,0.1,2.6139791707431983,2.5903671680775937,2.6359814091971536,2.6107815222159907,0.0,0.09999999999993825,1000
sam-muon@global,SAM-Muon [global Frob],sam-muon,muon,atlas_opt,inf,0.2,2.580645231067769,2.5692771171600395,2.6261757711757885,2.5865149344416936,0.0,0.19999999999987667,1000
sam-muon@global,SAM-Muon [global Frob],sam-muon,muon,atlas_opt,inf,0.5,2.5109276935870417,2.465493125531972,2.542052773715813,2.503413971336786,0.0,0.4999999999996922,1000
sam-muon@global,SAM-Muon [global Frob],sam-muon,muon,atlas_opt,inf,1.0,2.334341783177493,2.2952620208372405,2.377148256225163,2.338220363035968,0.0,0.9999999999993865,1000
sam-muon@per-layer,SAM-Muon [per-layer Frob],sam-muon,muon,atlas_opt,1.1,0.01,2.585711265292425,2.541585639249588,2.6638978551350907,2.584324806063589,0.0,0.014142135623729499,1000
sam-muon@per-layer,SAM-Muon [per-layer Frob],sam-muon,muon,atlas_opt,1.1,0.02,2.585750933189483,2.5415282241599053,2.663344843874394,2.584130911834957,0.0,0.0282842712474591,1000
sam-muon@per-layer,SAM-Muon [per-layer Frob],sam-muon,muon,atlas_opt,1.1,0.05,2.584527686543628,2.5414516499555893,2.662777122172869,2.5834388996265822,0.0,0.07071067811864784,1000
sam-muon@per-layer,SAM-Muon [per-layer Frob],sam-muon,muon,atlas_opt,1.1,0.1,2.582522172499382,2.5400512873376595,2.661795136426056,2.5822821736427817,0.0,0.14142135623729568,1000
sam-muon@per-layer,SAM-Muon [per-layer Frob],sam-muon,muon,atlas_opt,1.1,0.2,2.5817636624928753,2.5396625036785245,2.659581105700365,2.581155676461805,0.0,0.2828427124745915,1000
sam-muon@per-layer,SAM-Muon [per-layer Frob],sam-muon,muon,atlas_opt,1.1,0.5,2.57515610932415,2.5338071352402975,2.6526782239992004,2.574665053584981,0.0,0.7071067811864786,1000
sam-muon@per-layer,SAM-Muon [per-layer Frob],sam-muon,muon,atlas_opt,1.1,1.0,2.5651193649257333,2.5242440154577985,2.6404302054186775,2.564122638442349,0.0,1.4142135623729573,1000
sam-muon@per-layer,SAM-Muon [per-layer Frob],sam-muon,muon,atlas_opt,1.3,0.01,2.2610407967842563,2.2101544681098693,2.3383883291459417,2.2797672067578665,0.0,0.014142135623728149,1000
sam-muon@per-layer,SAM-Muon [per-layer Frob],sam-muon,muon,atlas_opt,1.3,0.02,2.2599883287425158,2.2098522420304745,2.3381977621695014,2.279019634373876,0.0,0.028284271247456402,1000
sam-muon@per-layer,SAM-Muon [per-layer Frob],sam-muon,muon,atlas_opt,1.3,0.05,2.2581490187533984,2.208230590743558,2.3362785021163184,2.277919553812768,0.0,0.0707106781186411,1000
sam-muon@per-layer,SAM-Muon [per-layer Frob],sam-muon,muon,atlas_opt,1.3,0.1,2.2548932832200927,2.2064277439481588,2.332607213720931,2.274952162097695,0.0,0.1414213562372822,1000
sam-muon@per-layer,SAM-Muon [per-layer Frob],sam-muon,muon,atlas_opt,1.3,0.2,2.2528044895155683,2.204304169106604,2.3254105751896725,2.2699796294063024,0.0,0.2828427124745645,1000
sam-muon@per-layer,SAM-Muon [per-layer Frob],sam-muon,muon,atlas_opt,1.3,0.5,2.2387376353906427,2.1932854239343325,2.311154322920254,2.2543185924710807,0.0,0.7071067811864111,1000
sam-muon@per-layer,SAM-Muon [per-layer Frob],sam-muon,muon,atlas_opt,1.3,1.0,2.2154872833212416,2.174592414493773,2.2893659213144266,2.231024962724807,0.0,1.4142135623728218,1000
sam-muon@per-layer,SAM-Muon [per-layer Frob],sam-muon,muon,atlas_opt,1.6,0.01,2.245410687362307,2.2292733153541264,2.263737997053607,2.2466014790516344,0.0,0.0141421356237251,1000
sam-muon@per-layer,SAM-Muon [per-layer Frob],sam-muon,muon,atlas_opt,1.6,0.02,2.2434889221268994,2.230633100726587,2.2621755566012665,2.244902341251672,0.0,0.0282842712474502,1000
sam-muon@per-layer,SAM-Muon [per-layer Frob],sam-muon,muon,atlas_opt,1.6,0.05,2.240786820555413,2.222097341460699,2.2550198406995294,2.239266496498952,0.0,0.07071067811862565,1000
sam-muon@per-layer,SAM-Muon [per-layer Frob],sam-muon,muon,atlas_opt,1.6,0.1,2.2370381762306373,2.215455461283522,2.2468595187110783,2.23354992073057,0.0,0.1414213562372513,1000
sam-muon@per-layer,SAM-Muon [per-layer Frob],sam-muon,muon,atlas_opt,1.6,0.2,2.224771963875552,2.2036921434270593,2.2402474592373642,2.221695754623405,0.0,0.2828427124745025,1000
sam-muon@per-layer,SAM-Muon [per-layer Frob],sam-muon,muon,atlas_opt,1.6,0.5,2.1879110754197955,2.148720766191504,2.223287311176202,2.187555052102135,0.0,0.7071067811862559,1000
sam-muon@per-layer,SAM-Muon [per-layer Frob],sam-muon,muon,atlas_opt,1.6,1.0,2.123745240505804,2.0960752029291023,2.1548480489067847,2.1239576815198005,0.0,1.4142135623725132,1000
sam-muon@per-layer,SAM-Muon [per-layer Frob],sam-muon,muon,atlas_opt,2.0,0.01,2.3696718392152922,2.3499781454470066,2.4579525646429112,2.395558977142992,0.0,0.01414213562372115,1000
sam-muon@per-layer,SAM-Muon [per-layer Frob],sam-muon,muon,atlas_opt,2.0,0.02,2.364369755110216,2.346079976761344,2.4634432531068535,2.3933047139811725,0.0,0.0282842712474424,1000
sam-muon@per-layer,SAM-Muon [per-layer Frob],sam-muon,muon,atlas_opt,2.0,0.05,2.3603344613418407,2.3300898596058746,2.4434922645882877,2.382693765104298,0.0,0.07071067811860605,1000
sam-muon@per-layer,SAM-Muon [per-layer Frob],sam-muon,muon,atlas_opt,2.0,0.1,2.3513411435599845,2.3247001550175055,2.4217789928839166,2.373123375359417,0.0,0.141421356237212,1000
sam-muon@per-layer,SAM-Muon [per-layer Frob],sam-muon,muon,atlas_opt,2.0,0.2,2.3382246588619675,2.30626712422158,2.391824571899598,2.349013622115904,0.0,0.28284271247442394,1000
sam-muon@per-layer,SAM-Muon [per-layer Frob],sam-muon,muon,atlas_opt,2.0,0.5,2.2449716228045267,2.222962574155437,2.327113744303049,2.269791958457338,0.0,0.707106781186059,1000
sam-muon@per-layer,SAM-Muon [per-layer Frob],sam-muon,muon,atlas_opt,2.0,1.0,2.152092094460235,2.132968228641092,2.1957132602408764,2.165451525948014,0.0,1.4142135623721246,1000
sam-muon@per-layer,SAM-Muon [per-layer Frob],sam-muon,muon,atlas_opt,3.0,0.01,2.6330267452010405,2.5457420317213795,2.6624438404002624,2.6112331826524633,0.0,0.0141421356237156,1000
sam-muon@per-layer,SAM-Muon [per-layer Frob],sam-muon,muon,atlas_opt,3.0,0.02,2.6340462325910536,2.550476632988555,2.661960739533095,2.6093786444912492,0.0,0.028284271247431297,1000
sam-muon@per-layer,SAM-Muon [per-layer Frob],sam-muon,muon,atlas_opt,3.0,0.05,2.6177526952821695,2.539701455371408,2.6323830241274053,2.5898886585455663,0.0,0.0707106781185783,1000
sam-muon@per-layer,SAM-Muon [per-layer Frob],sam-muon,muon,atlas_opt,3.0,0.1,2.582074465405168,2.518053119134305,2.6450990898058104,2.5786912121032737,0.0,0.1414213562371566,1000
sam-muon@per-layer,SAM-Muon [per-layer Frob],sam-muon,muon,atlas_opt,3.0,0.2,2.5603735529977323,2.4956936828594793,2.579444920977776,2.5440401797671024,0.0,0.28284271247431175,1000
sam-muon@per-layer,SAM-Muon [per-layer Frob],sam-muon,muon,atlas_opt,3.0,0.5,2.433162771124536,2.3932586339656226,2.446340913914137,2.4234311511288613,0.0,0.7071067811857833,1000
sam-muon@per-layer,SAM-Muon [per-layer Frob],sam-muon,muon,atlas_opt,3.0,1.0,2.1845725500269855,2.127130397294495,2.232564777205485,2.176639689801279,0.0,1.4142135623716139,1000
sam-muon@per-layer,SAM-Muon [per-layer Frob],sam-muon,muon,atlas_opt,inf,0.01,2.6270824588220756,2.59996988071883,2.6649653898282857,2.62539915209855,0.0,0.014142135623717,1000
sam-muon@per-layer,SAM-Muon [per-layer Frob],sam-muon,muon,atlas_opt,inf,0.02,2.6330863135090263,2.6076992374697423,2.6726915331881633,2.629750448433894,0.0,0.0282842712474341,1000
sam-muon@per-layer,SAM-Muon [per-layer Frob],sam-muon,muon,atlas_opt,inf,0.05,2.6161942750201725,2.591896119197144,2.6491332317062453,2.6139629867117917,0.0,0.07071067811858514,1000
sam-muon@per-layer,SAM-Muon [per-layer Frob],sam-muon,muon,atlas_opt,inf,0.1,2.5936023040211675,2.5662555449600193,2.647225357748554,2.5971075088213302,0.0,0.1414213562371704,1000
sam-muon@per-layer,SAM-Muon [per-layer Frob],sam-muon,muon,atlas_opt,inf,0.2,2.559559758666021,2.530183786816118,2.584376312798246,2.5567740701996304,0.0,0.2828427124743408,1000
sam-muon@per-layer,SAM-Muon [per-layer Frob],sam-muon,muon,atlas_opt,inf,0.5,2.4223185293319753,2.385181848086889,2.4502044825081173,2.4189721788273717,0.0,0.7071067811858553,1000
sam-muon@per-layer,SAM-Muon [per-layer Frob],sam-muon,muon,atlas_opt,inf,1.0,2.1997252145237347,2.17326029299851,2.2305500283514434,2.1987885966611413,0.0,1.4142135623717407,1000
sam-sgd@global,SAM + SGD [global Frob],sam-sgd,sgd,both,1.1,0.01,571.4398972458829,551.9767352060636,589.3685794101466,571.4064301155862,0.0,0.00999999999999975,1000
sam-sgd@global,SAM + SGD [global Frob],sam-sgd,sgd,both,1.1,0.02,578.3525088840045,569.1202406190519,592.4348548165835,577.0084555515397,0.0,0.019999999999999553,1000
sam-sgd@global,SAM + SGD [global Frob],sam-sgd,sgd,both,1.1,0.05,567.4592544499229,534.8889376587158,578.1687553401779,556.4922628913905,0.0,0.04999999999999895,1000
sam-sgd@global,SAM + SGD [global Frob],sam-sgd,sgd,both,1.1,0.1,554.6794022249476,548.7651639741837,569.773483619346,562.6533263461881,0.0,0.0999999999999979,1000
sam-sgd@global,SAM + SGD [global Frob],sam-sgd,sgd,both,1.1,0.2,559.8112230309082,544.2256905712629,578.3713209646432,559.2121807156045,0.0,0.19999999999999601,1000
sam-sgd@global,SAM + SGD [global Frob],sam-sgd,sgd,both,1.1,0.5,545.750276759449,526.1680448763786,590.5213950716437,552.1382690285875,0.0,0.4999999999999901,1000
sam-sgd@global,SAM + SGD [global Frob],sam-sgd,sgd,both,1.1,1.0,540.2153572693643,527.4533493602698,587.2876917738033,551.6391836825783,0.0,0.9999999999999796,1000
sam-sgd@global,SAM + SGD [global Frob],sam-sgd,sgd,both,1.3,0.01,314.23604703398524,302.60234550945137,340.9702304359608,322.91387599063785,0.0,0.00999999999999885,1000
sam-sgd@global,SAM + SGD [global Frob],sam-sgd,sgd,both,1.3,0.02,323.8775336958847,297.30398871062994,364.20080332788785,329.7834494363693,0.0,0.0199999999999976,1000
sam-sgd@global,SAM + SGD [global Frob],sam-sgd,sgd,both,1.3,0.05,327.85025995084067,315.1651876540219,366.41037993785864,333.6045461927441,0.0,0.04999999999999405,1000
sam-sgd@global,SAM + SGD [global Frob],sam-sgd,sgd,both,1.3,0.1,312.50548744511195,293.7276786877667,368.55183899764035,324.8299822929204,0.0,0.0999999999999892,1000
sam-sgd@global,SAM + SGD [global Frob],sam-sgd,sgd,both,1.3,0.2,315.8101551525764,299.06922402976454,341.3095141361525,319.0403833557916,0.0,0.19999999999997795,1000
sam-sgd@global,SAM + SGD [global Frob],sam-sgd,sgd,both,1.3,0.5,296.3998584497182,277.4259724977844,333.2377966995242,306.0078504282083,0.0,0.4999999999999454,1000
sam-sgd@global,SAM + SGD [global Frob],sam-sgd,sgd,both,1.3,1.0,290.1082917655922,279.41076157434725,349.79746703214414,304.81746856845075,0.0,0.9999999999998894,1000
sam-sgd@global,SAM + SGD [global Frob],sam-sgd,sgd,both,1.6,0.01,57.17807137932758,55.39953599881589,61.0451785086575,58.59517034310081,0.0,0.00999999999999725,1000
sam-sgd@global,SAM + SGD [global Frob],sam-sgd,sgd,both,1.6,0.02,57.3071477135384,53.715790981550214,63.35531734866789,58.08546030891816,0.0,0.01999999999999455,1000
sam-sgd@global,SAM + SGD [global Frob],sam-sgd,sgd,both,1.6,0.05,59.91935878344259,51.990056540091885,62.774977066338884,58.01770215194932,0.0,0.04999999999998645,1000
sam-sgd@global,SAM + SGD [global Frob],sam-sgd,sgd,both,1.6,0.1,58.626379226573015,48.69829204310942,62.98336375216593,56.799478435633354,0.0,0.0999999999999729,1000
sam-sgd@global,SAM + SGD [global Frob],sam-sgd,sgd,both,1.6,0.2,54.691524640899424,52.18600964877663,67.03581345684891,58.3498309658337,0.0,0.19999999999994586,1000
sam-sgd@global,SAM + SGD [global Frob],sam-sgd,sgd,both,1.6,0.5,52.42401414496339,46.16436843596317,54.751876307982705,50.7282202003197,0.0,0.49999999999986455,1000
sam-sgd@global,SAM + SGD [global Frob],sam-sgd,sgd,both,1.6,1.0,48.04568784128874,45.67662680849668,48.91618219207846,46.03440433249558,0.0,0.999999999999733,1000
sam-sgd@global,SAM + SGD [global Frob],sam-sgd,sgd,both,2.0,0.01,10.798819046331289,10.154390964334159,11.163654713909555,10.723961437804798,0.0,0.0099999999999955,1000
sam-sgd@global,SAM + SGD [global Frob],sam-sgd,sgd,both,2.0,0.02,10.230473801927303,9.454283102349242,10.706761567838573,10.527008269190308,0.0,0.019999999999991053,1000
sam-sgd@global,SAM + SGD [global Frob],sam-sgd,sgd,both,2.0,0.05,10.327846402209902,9.3449874562458,10.883576488271352,10.339550454131809,0.0,0.049999999999977646,1000
sam-sgd@global,SAM + SGD [global Frob],sam-sgd,sgd,both,2.0,0.1,10.419365170374142,9.750848717272811,11.201458251001068,10.54582681741028,0.0,0.0999999999999554,1000
sam-sgd@global,SAM + SGD [global Frob],sam-sgd,sgd,both,2.0,0.2,10.248919392889219,9.102173781147236,10.484402937508808,10.168167634283964,0.0,0.1999999999999108,1000
sam-sgd@global,SAM + SGD [global Frob],sam-sgd,sgd,both,2.0,0.5,9.251490010663439,8.798903537938918,9.76203360401696,9.248540344919931,0.0,0.49999999999977707,1000
sam-sgd@global,SAM + SGD [global Frob],sam-sgd,sgd,both,2.0,1.0,7.809998208704915,7.071677284352139,8.324819606113234,7.68451318721601,0.0,0.9999999999995538,1000
sam-sgd@global,SAM + SGD [global Frob],sam-sgd,sgd,both,3.0,0.01,4.897071342130422,4.781973074724603,5.128169226240641,4.966621542024772,0.0,0.009999999999993,1000
sam-sgd@global,SAM + SGD [global Frob],sam-sgd,sgd,both,3.0,0.02,4.95904434633037,4.730160423649828,5.122694596772275,4.938858333429025,0.0,0.01999999999998605,1000
sam-sgd@global,SAM + SGD [global Frob],sam-sgd,sgd,both,3.0,0.05,4.9569287610242725,4.854623691006797,5.121679508320976,4.982766618343293,0.0,0.0499999999999652,1000
sam-sgd@global,SAM + SGD [global Frob],sam-sgd,sgd,both,3.0,0.1,4.974103732303869,4.819292597981854,5.126832861201969,5.026338871686786,0.0,0.0999999999999305,1000
sam-sgd@global,SAM + SGD [global Frob],sam-sgd,sgd,both,3.0,0.2,4.962127195547358,4.720918064356757,5.160369091746151,4.966608883378166,0.0,0.1999999999998609,1000
sam-sgd@global,SAM + SGD [global Frob],sam-sgd,sgd,both,3.0,0.5,4.568671677352068,4.4867552647359705,4.8144792806771814,4.652608006015399,0.0,0.49999999999965244,1000
sam-sgd@global,SAM + SGD [global Frob],sam-sgd,sgd,both,3.0,1.0,4.073861895792336,3.9385005920569722,4.153881802593789,4.079593271740667,0.0,0.9999999999993046,1000
sam-sgd@global,SAM + SGD [global Frob],sam-sgd,sgd,both,inf,0.01,5.375213682491089,5.290582709628742,5.57994161770111,5.4272029244591415,0.0,0.0099999999999936,1000
sam-sgd@global,SAM + SGD [global Frob],sam-sgd,sgd,both,inf,0.02,5.4183364501733635,5.3367197755388185,5.482185214881628,5.41634269523107,0.0,0.0199999999999873,1000
sam-sgd@global,SAM + SGD [global Frob],sam-sgd,sgd,both,inf,0.05,5.5341248236830465,5.283198215224479,5.716481835086521,5.497204483032002,0.0,0.04999999999996835,1000
sam-sgd@global,SAM + SGD [global Frob],sam-sgd,sgd,both,inf,0.1,5.503721613180658,5.411443215636281,5.6831289159232075,5.502710108484427,0.0,0.09999999999993675,1000
sam-sgd@global,SAM + SGD [global Frob],sam-sgd,sgd,both,inf,0.2,5.3594424198778166,5.25418407034344,5.529458420611668,5.3998813297378225,0.0,0.1999999999998734,1000
sam-sgd@global,SAM + SGD [global Frob],sam-sgd,sgd,both,inf,0.5,5.119986747864519,4.9722550382832775,5.231224627828136,5.071113444021428,0.0,0.4999999999996838,1000
sam-sgd@global,SAM + SGD [global Frob],sam-sgd,sgd,both,inf,1.0,4.4511029923700445,4.403207884946498,4.502106560466623,4.456130415157378,0.0,0.9999999999993678,1000
sam-sgd@per-layer,SAM + SGD [per-layer Frob],sam-sgd,sgd,both,1.1,0.01,576.4499331631685,560.629939767794,609.5251744242627,575.8880337838605,0.0,0.01414213562373,1000
sam-sgd@per-layer,SAM + SGD [per-layer Frob],sam-sgd,sgd,both,1.1,0.02,571.6963863570229,540.9416098693999,604.8238955113305,569.4981220191492,0.0,0.028284271247460052,1000
sam-sgd@per-layer,SAM + SGD [per-layer Frob],sam-sgd,sgd,both,1.1,0.05,557.0152171000128,539.9979903219806,585.6932106906638,562.7717855558215,0.0,0.0707106781186502,1000
sam-sgd@per-layer,SAM + SGD [per-layer Frob],sam-sgd,sgd,both,1.1,0.1,565.0626687273234,536.4174547424898,612.7397334479634,574.9993057366964,0.0,0.14142135623730046,1000
sam-sgd@per-layer,SAM + SGD [per-layer Frob],sam-sgd,sgd,both,1.1,0.2,552.874968337705,526.3543599056412,604.4567139878404,564.4384139026874,0.0,0.2828427124746023,1000
sam-sgd@per-layer,SAM + SGD [per-layer Frob],sam-sgd,sgd,both,1.1,0.5,562.6130534341056,546.6023892736266,607.2191951096182,569.9554059605314,0.0,0.7071067811865028,1000
sam-sgd@per-layer,SAM + SGD [per-layer Frob],sam-sgd,sgd,both,1.1,1.0,529.1373934250636,498.2670974989594,580.590228142007,539.4782118307176,0.0,1.4142135623730165,1000
sam-sgd@per-layer,SAM + SGD [per-layer Frob],sam-sgd,sgd,both,1.3,0.01,327.183192506758,302.46460457322763,376.1189890817836,336.62749185776534,0.0,0.01414213562372835,1000
sam-sgd@per-layer,SAM + SGD [per-layer Frob],sam-sgd,sgd,both,1.3,0.02,311.7165438161228,305.25253223199326,349.5690686138789,322.2733677552037,0.0,0.02828427124745665,1000
sam-sgd@per-layer,SAM + SGD [per-layer Frob],sam-sgd,sgd,both,1.3,0.05,337.90914907954624,317.7487609298457,365.23229838198625,337.1934954805273,0.0,0.07071067811864165,1000
sam-sgd@per-layer,SAM + SGD [per-layer Frob],sam-sgd,sgd,both,1.3,0.1,311.0151677227149,305.8335821243644,342.835045219636,323.2285641049543,0.0,0.14142135623728405,1000
sam-sgd@per-layer,SAM + SGD [per-layer Frob],sam-sgd,sgd,both,1.3,0.2,315.03504120579447,306.9564760721604,356.6358647406926,322.8333627782152,0.0,0.2828427124745634,1000
sam-sgd@per-layer,SAM + SGD [per-layer Frob],sam-sgd,sgd,both,1.3,0.5,304.52737238078697,286.1513344813543,319.9954330534692,302.90835506609506,0.0,0.7071067811864102,1000
sam-sgd@per-layer,SAM + SGD [per-layer Frob],sam-sgd,sgd,both,1.3,1.0,283.33580917614245,249.83746712735098,298.4339104386796,276.15217576187473,0.0,1.4142135623728245,1000
sam-sgd@per-layer,SAM + SGD [per-layer Frob],sam-sgd,sgd,both,1.6,0.01,56.29563657902851,52.587132325121964,63.51396693765868,58.23822757529261,0.0,0.01414213562372495,1000
sam-sgd@per-layer,SAM + SGD [per-layer Frob],sam-sgd,sgd,both,1.6,0.02,60.3074987385135,53.575413771808364,64.57921421012587,60.71238503771933,0.0,0.028284271247449998,1000
sam-sgd@per-layer,SAM + SGD [per-layer Frob],sam-sgd,sgd,both,1.6,0.05,58.83268569635783,54.109871965976275,64.21241103434173,59.44886131087377,0.0,0.0707106781186249,1000
sam-sgd@per-layer,SAM + SGD [per-layer Frob],sam-sgd,sgd,both,1.6,0.1,54.82942156245106,48.19301386776834,62.208800963366855,55.48676501479718,0.0,0.14142135623724994,1000
sam-sgd@per-layer,SAM + SGD [per-layer Frob],sam-sgd,sgd,both,1.6,0.2,53.5890804264515,49.18586382788044,60.03413077020007,54.613370968796474,0.0,0.2828427124744999,1000
sam-sgd@per-layer,SAM + SGD [per-layer Frob],sam-sgd,sgd,both,1.6,0.5,48.91552943904064,46.29610807161863,50.75423393779556,47.63219114480519,0.0,0.7071067811862499,1000
sam-sgd@per-layer,SAM + SGD [per-layer Frob],sam-sgd,sgd,both,1.6,1.0,41.243626603998855,37.511619296607705,43.669121599097444,40.69671228910405,0.0,1.4142135623724998,1000
sam-sgd@per-layer,SAM + SGD [per-layer Frob],sam-sgd,sgd,both,2.0,0.01,10.649689794311016,9.945423014184033,11.141821834733168,10.652338040932499,0.0,0.0141421356237208,1000
sam-sgd@per-layer,SAM + SGD [per-layer Frob],sam-sgd,sgd,both,2.0,0.02,10.211443535315233,9.748175886184551,10.924269361867331,10.41702002055616,0.0,0.0282842712474416,1000
sam-sgd@per-layer,SAM + SGD [per-layer Frob],sam-sgd,sgd,both,2.0,0.05,10.465751501797962,9.832171086321281,10.775182115351125,10.519697310842353,0.0,0.07071067811860404,1000
sam-sgd@per-layer,SAM + SGD [per-layer Frob],sam-sgd,sgd,both,2.0,0.1,10.41493441052449,9.695505137258825,10.725999308880525,10.55917948364624,0.0,0.1414213562372082,1000
sam-sgd@per-layer,SAM + SGD [per-layer Frob],sam-sgd,sgd,both,2.0,0.2,9.668673008067385,9.282582961948307,9.953863749046906,9.924964672066128,0.0,0.28284271247441656,1000
sam-sgd@per-layer,SAM + SGD [per-layer Frob],sam-sgd,sgd,both,2.0,0.5,8.695496056578218,7.352595234979041,8.980426304099122,8.40410947464694,0.0,0.7071067811860416,1000
sam-sgd@per-layer,SAM + SGD [per-layer Frob],sam-sgd,sgd,both,2.0,1.0,6.190952719048493,5.792695239959157,6.745311101741994,6.182181335522397,0.0,1.4142135623720848,1000
sam-sgd@per-layer,SAM + SGD [per-layer Frob],sam-sgd,sgd,both,3.0,0.01,5.006168679357156,4.7843668619663715,5.168315049138748,4.987810134457262,0.0,0.014142135623715,1000
sam-sgd@per-layer,SAM + SGD [per-layer Frob],sam-sgd,sgd,both,3.0,0.02,4.9267023423757275,4.799889599333358,5.121291565025427,4.975027953794845,0.0,0.02828427124743005,1000
sam-sgd@per-layer,SAM + SGD [per-layer Frob],sam-sgd,sgd,both,3.0,0.05,4.964808357404959,4.812705109428146,5.134305254794309,4.997850022416962,0.0,0.0707106781185753,1000
sam-sgd@per-layer,SAM + SGD [per-layer Frob],sam-sgd,sgd,both,3.0,0.1,5.055274852733945,4.915376108415646,5.141862461130563,5.034911732334544,0.0,0.14142135623715058,1000
sam-sgd@per-layer,SAM + SGD [per-layer Frob],sam-sgd,sgd,both,3.0,0.2,4.751637248552501,4.620663025090628,4.98941305427941,4.836034376745076,0.0,0.28284271247430115,1000
sam-sgd@per-layer,SAM + SGD [per-layer Frob],sam-sgd,sgd,both,3.0,0.5,4.412581525306209,4.268169141466266,4.505659102377548,4.370795979287547,0.0,0.7071067811857524,1000
sam-sgd@per-layer,SAM + SGD [per-layer Frob],sam-sgd,sgd,both,3.0,1.0,3.487568298972641,3.4309911297430076,3.645971744814192,3.520978704463415,0.0,1.4142135623715126,1000
sam-sgd@per-layer,SAM + SGD [per-layer Frob],sam-sgd,sgd,both,inf,0.01,5.477692833547817,5.320699849335501,5.519659267944378,5.431987076269225,0.0,0.0141421356237165,1000
sam-sgd@per-layer,SAM + SGD [per-layer Frob],sam-sgd,sgd,both,inf,0.02,5.446727035004784,5.350384589007039,5.554695202947793,5.451731288459957,0.0,0.0282842712474331,1000
sam-sgd@per-layer,SAM + SGD [per-layer Frob],sam-sgd,sgd,both,inf,0.05,5.484991418783412,5.313305964921542,5.6016082264626865,5.5040631104235445,0.0,0.0707106781185829,1000
sam-sgd@per-layer,SAM + SGD [per-layer Frob],sam-sgd,sgd,both,inf,0.1,5.530555720307243,5.407685881535775,5.621898445815408,5.484048652455532,0.0,0.14142135623716556,1000
sam-sgd@per-layer,SAM + SGD [per-layer Frob],sam-sgd,sgd,both,inf,0.2,5.4003261393628526,5.144342365093986,5.462625206182779,5.321718396257106,0.0,0.2828427124743311,1000
sam-sgd@per-layer,SAM + SGD [per-layer Frob],sam-sgd,sgd,both,inf,0.5,4.753933978637088,4.641704467009208,4.9929855345854826,4.78243110233338,0.0,0.7071067811858288,1000
sam-sgd@per-layer,SAM + SGD [per-layer Frob],sam-sgd,sgd,both,inf,1.0,3.6556874032510738,3.5585157457057695,3.7118805910913286,3.666022882716957,0.0,1.4142135623716587,1000
sgd,SGD,sgd,sgd,both,1.1,,587.567970302712,563.3984687308149,614.7891878621454,586.3656705932467,0.0,0.0,500
sgd,SGD,sgd,sgd,both,1.3,,307.98763413501445,294.14799553663994,378.54863555134165,328.66458024658516,0.0,0.0,500
sgd,SGD,sgd,sgd,both,1.6,,57.50737118527584,53.29828490439181,61.96191283868558,57.87861013238888,0.0,0.0,500
sgd,SGD,sgd,sgd,both,2.0,,10.527491962171464,9.577696966149174,10.903102327183014,10.523735007784921,0.0,0.0,500
sgd,SGD,sgd,sgd,both,3.0,,4.938748743954237,4.81575629980936,5.01947988190829,4.940729205781125,0.0,0.0,500
sgd,SGD,sgd,sgd,both,inf,,5.44561706286846,5.336501197329632,5.579733735773663,5.461777517703442,0.0,0.0,500
stale-friendly-sam-muon@global,Stale Friendly SAM-Muon [global Frob],stale-friendly-sam-muon,muon,added,1.1,0.01,2.586199018762905,2.5420540267997906,2.6645830070116125,2.585095786443005,0.0,0.00999999999999965,501
stale-friendly-sam-muon@global,Stale Friendly SAM-Muon [global Frob],stale-friendly-sam-muon,muon,added,1.1,0.02,2.5867209980522623,2.541982052490265,2.6643177224132297,2.5851639332669927,0.0,0.0199999999999994,501
stale-friendly-sam-muon@global,Stale Friendly SAM-Muon [global Frob],stale-friendly-sam-muon,muon,added,1.1,0.05,2.5860417712032944,2.541826737549887,2.6651223725745568,2.585199095270422,0.0,0.04999999999999865,501
stale-friendly-sam-muon@global,Stale Friendly SAM-Muon [global Frob],stale-friendly-sam-muon,muon,added,1.1,0.1,2.58629949990447,2.5421255230621638,2.6643249576020067,2.584979855233974,0.0,0.0999999999999974,501
stale-friendly-sam-muon@global,Stale Friendly SAM-Muon [global Frob],stale-friendly-sam-muon,muon,added,1.1,0.2,2.5866180016159985,2.5415835592283926,2.6630669874210864,2.584430400478689,0.0,0.19999999999999468,501
stale-friendly-sam-muon@global,Stale Friendly SAM-Muon [global Frob],stale-friendly-sam-muon,muon,added,1.1,0.5,2.5838888143178176,2.5404072838303824,2.660362791484684,2.5827924510841456,0.0,0.4999999999999867,501
stale-friendly-sam-muon@global,Stale Friendly SAM-Muon [global Frob],stale-friendly-sam-muon,muon,added,1.1,1.0,2.5821811951241793,2.537710786925756,2.6534410966150412,2.5795749841237243,0.0,0.9999999999999729,501
stale-friendly-sam-muon@global,Stale Friendly SAM-Muon [global Frob],stale-friendly-sam-muon,muon,added,1.3,0.01,2.2615825127405085,2.2110649358702714,2.337966461894456,2.2798352857935926,0.0,0.0099999999999992,501
stale-friendly-sam-muon@global,Stale Friendly SAM-Muon [global Frob],stale-friendly-sam-muon,muon,added,1.3,0.02,2.261730008562366,2.2101288678661213,2.3374424674981773,2.2797091599211914,0.0,0.0199999999999985,501
stale-friendly-sam-muon@global,Stale Friendly SAM-Muon [global Frob],stale-friendly-sam-muon,muon,added,1.3,0.05,2.260495399261994,2.2125409062285124,2.339401895452161,2.2803534156324377,0.0,0.04999999999999625,501
stale-friendly-sam-muon@global,Stale Friendly SAM-Muon [global Frob],stale-friendly-sam-muon,muon,added,1.3,0.1,2.2601484774211604,2.2121794586230803,2.3381491156442875,2.2797888428226454,0.0,0.09999999999999254,501
stale-friendly-sam-muon@global,Stale Friendly SAM-Muon [global Frob],stale-friendly-sam-muon,muon,added,1.3,0.2,2.258809396611686,2.2103095932598107,2.335175466977894,2.278180744156505,0.0,0.19999999999998513,501
stale-friendly-sam-muon@global,Stale Friendly SAM-Muon [global Frob],stale-friendly-sam-muon,muon,added,1.3,0.5,2.2586583547682126,2.2114855420538024,2.3354541508659348,2.2772879944659006,0.0,0.4999999999999629,501
stale-friendly-sam-muon@global,Stale Friendly SAM-Muon [global Frob],stale-friendly-sam-muon,muon,added,1.3,1.0,2.2503621843332704,2.2081027047539323,2.3324467556803463,2.2719453760585617,0.0,0.9999999999999258,501
stale-friendly-sam-muon@global,Stale Friendly SAM-Muon [global Frob],stale-friendly-sam-muon,muon,added,1.6,0.01,2.245990976775569,2.2309236043499694,2.2632155162399625,2.248075962495223,0.0,0.00999999999999765,501
stale-friendly-sam-muon@global,Stale Friendly SAM-Muon [global Frob],stale-friendly-sam-muon,muon,added,1.6,0.02,2.246585948546347,2.230297598516861,2.2615281853043263,2.2474260271158855,0.0,0.0199999999999953,501
stale-friendly-sam-muon@global,Stale Friendly SAM-Muon [global Frob],stale-friendly-sam-muon,muon,added,1.6,0.05,2.2449925717916557,2.2309808933614064,2.260897087634384,2.245739246524902,0.0,0.049999999999988345,501
stale-friendly-sam-muon@global,Stale Friendly SAM-Muon [global Frob],stale-friendly-sam-muon,muon,added,1.6,0.1,2.2432051123769408,2.230496910504006,2.2714586589246,2.247868499262969,0.0,0.0999999999999768,501
stale-friendly-sam-muon@global,Stale Friendly SAM-Muon [global Frob],stale-friendly-sam-muon,muon,added,1.6,0.2,2.2407138773853577,2.229855754513447,2.268778483832074,2.2467560916129825,0.0,0.1999999999999536,501
stale-friendly-sam-muon@global,Stale Friendly SAM-Muon [global Frob],stale-friendly-sam-muon,muon,added,1.6,0.5,2.237582208105506,2.223726831951841,2.2628587480926,2.241802769435125,0.0,0.4999999999998837,501
stale-friendly-sam-muon@global,Stale Friendly SAM-Muon [global Frob],stale-friendly-sam-muon,muon,added,1.6,1.0,2.23119512724464,2.1991328946024717,2.2597362792157707,2.2360522186000518,0.0,0.9999999999997684,501
stale-friendly-sam-muon@global,Stale Friendly SAM-Muon [global Frob],stale-friendly-sam-muon,muon,added,2.0,0.01,2.3709352122236496,2.3419309032424938,2.4581282674523655,2.3979268835489984,0.0,0.009999999999995849,501
stale-friendly-sam-muon@global,Stale Friendly SAM-Muon [global Frob],stale-friendly-sam-muon,muon,added,2.0,0.02,2.374804854534908,2.3478260089762872,2.4568674038449716,2.400919519929462,0.0,0.019999999999991802,501
stale-friendly-sam-muon@global,Stale Friendly SAM-Muon [global Frob],stale-friendly-sam-muon,muon,added,2.0,0.05,2.37350793528885,2.3497581606568296,2.4537898820258985,2.399003791019673,0.0,0.0499999999999796,501
stale-friendly-sam-muon@global,Stale Friendly SAM-Muon [global Frob],stale-friendly-sam-muon,muon,added,2.0,0.1,2.365076995879834,2.33743860387341,2.468406546459007,2.395793247592424,0.0,0.0999999999999592,501
stale-friendly-sam-muon@global,Stale Friendly SAM-Muon [global Frob],stale-friendly-sam-muon,muon,added,2.0,0.2,2.3756486637624077,2.3376228914265167,2.4527197314161686,2.395252973430283,0.0,0.19999999999991858,501
stale-friendly-sam-muon@global,Stale Friendly SAM-Muon [global Frob],stale-friendly-sam-muon,muon,added,2.0,0.5,2.3821307728942043,2.322182649418274,2.4449145600237183,2.3884009324573188,0.0,0.499999999999797,501
stale-friendly-sam-muon@global,Stale Friendly SAM-Muon [global Frob],stale-friendly-sam-muon,muon,added,2.0,1.0,2.3358686130093202,2.290773319450868,2.4294374188117214,2.3616168081755635,0.0,0.9999999999995972,501
stale-friendly-sam-muon@global,Stale Friendly SAM-Muon [global Frob],stale-friendly-sam-muon,muon,added,3.0,0.01,2.6315885251917166,2.5456929134704853,2.668673127291007,2.611759954289001,0.0,0.00999999999999265,501
stale-friendly-sam-muon@global,Stale Friendly SAM-Muon [global Frob],stale-friendly-sam-muon,muon,added,3.0,0.02,2.6390188987500904,2.5469801552094204,2.6753176016360447,2.614678662046561,0.0,0.0199999999999853,501
stale-friendly-sam-muon@global,Stale Friendly SAM-Muon [global Frob],stale-friendly-sam-muon,muon,added,3.0,0.05,2.6444093622708547,2.5498975064435596,2.6743887522885714,2.617236705850467,0.0,0.04999999999996335,501
stale-friendly-sam-muon@global,Stale Friendly SAM-Muon [global Frob],stale-friendly-sam-muon,muon,added,3.0,0.1,2.6231281819454875,2.540336590273184,2.666529186196253,2.6117052999635737,0.0,0.09999999999992684,501
stale-friendly-sam-muon@global,Stale Friendly SAM-Muon [global Frob],stale-friendly-sam-muon,muon,added,3.0,0.2,2.6169092819851887,2.542366426012377,2.659215577288305,2.6066614216572694,0.0,0.1999999999998536,501
stale-friendly-sam-muon@global,Stale Friendly SAM-Muon [global Frob],stale-friendly-sam-muon,muon,added,3.0,0.5,2.5844329381732196,2.515275721640734,2.634849478849872,2.5778487655519347,0.0,0.4999999999996354,501
stale-friendly-sam-muon@global,Stale Friendly SAM-Muon [global Frob],stale-friendly-sam-muon,muon,added,3.0,1.0,2.4794174501355695,2.434797320643902,2.5517456061069197,2.484828523107043,0.0,0.9999999999992815,501
stale-friendly-sam-muon@global,Stale Friendly SAM-Muon [global Frob],stale-friendly-sam-muon,muon,added,inf,0.01,2.640039039466325,2.608266098188982,2.6718332342597955,2.6377941371255655,0.0,0.00999999999999325,501
stale-friendly-sam-muon@global,Stale Friendly SAM-Muon [global Frob],stale-friendly-sam-muon,muon,added,inf,0.02,2.6427170547241765,2.5987112854628087,2.679816942806776,2.6347405260665213,0.0,0.01999999999998665,501
stale-friendly-sam-muon@global,Stale Friendly SAM-Muon [global Frob],stale-friendly-sam-muon,muon,added,inf,0.05,2.637781262730213,2.607900769266139,2.684234522213586,2.639747970657756,0.0,0.049999999999966696,501
stale-friendly-sam-muon@global,Stale Friendly SAM-Muon [global Frob],stale-friendly-sam-muon,muon,added,inf,0.1,2.6141629542503595,2.598355863230662,2.658524485512732,2.626348048913467,0.0,0.09999999999993339,501
stale-friendly-sam-muon@global,Stale Friendly SAM-Muon [global Frob],stale-friendly-sam-muon,muon,added,inf,0.2,2.622198483805045,2.6029487091675403,2.6545449187314074,2.6226458738272367,0.0,0.19999999999986684,501
stale-friendly-sam-muon@global,Stale Friendly SAM-Muon [global Frob],stale-friendly-sam-muon,muon,added,inf,0.5,2.6165855210648923,2.599039445124789,2.6420493652328005,2.610799496050735,0.0,0.49999999999966716,501
stale-friendly-sam-muon@global,Stale Friendly SAM-Muon [global Frob],stale-friendly-sam-muon,muon,added,inf,1.0,2.507341031031552,2.469361471691516,2.554137311925416,2.505071957250079,0.0,0.9999999999993436,501
stale-friendly-sam-muon@per-layer,Stale Friendly SAM-Muon [per-layer Frob],stale-friendly-sam-muon,muon,added,1.1,0.01,2.5865135516190945,2.541904433135397,2.6641875333867433,2.585055665747678,0.0,0.0141421356237301,501
stale-friendly-sam-muon@per-layer,Stale Friendly SAM-Muon [per-layer Frob],stale-friendly-sam-muon,muon,added,1.1,0.02,2.5864994828483874,2.5422351346525027,2.6643490302230677,2.58515188140618,0.0,0.02828427124746025,501
stale-friendly-sam-muon@per-layer,Stale Friendly SAM-Muon [per-layer Frob],stale-friendly-sam-muon,muon,added,1.1,0.05,2.586321707831514,2.542596733432065,2.663931317530485,2.58489488545828,0.0,0.0707106781186508,501
stale-friendly-sam-muon@per-layer,Stale Friendly SAM-Muon [per-layer Frob],stale-friendly-sam-muon,muon,added,1.1,0.1,2.5866415093600015,2.5425825148905745,2.6624536569953925,2.584607311115181,0.0,0.1414213562373016,501
stale-friendly-sam-muon@per-layer,Stale Friendly SAM-Muon [per-layer Frob],stale-friendly-sam-muon,muon,added,1.1,0.2,2.5859452981164726,2.5426534000144256,2.662034511793082,2.5839144524750157,0.0,0.2828427124746033,501
stale-friendly-sam-muon@per-layer,Stale Friendly SAM-Muon [per-layer Frob],stale-friendly-sam-muon,muon,added,1.1,0.5,2.5821652488708504,2.540221634048822,2.658620175578226,2.5811182675446234,0.0,0.7071067811865084,501
stale-friendly-sam-muon@per-layer,Stale Friendly SAM-Muon [per-layer Frob],stale-friendly-sam-muon,muon,added,1.1,1.0,2.57763785007216,2.5350352201524355,2.650092285553668,2.575170988964496,0.0,1.4142135623730165,501
stale-friendly-sam-muon@per-layer,Stale Friendly SAM-Muon [per-layer Frob],stale-friendly-sam-muon,muon,added,1.3,0.01,2.259830906074439,2.2127064422704836,2.3386788581452826,2.2799397527694634,0.0,0.014142135623728999,501
stale-friendly-sam-muon@per-layer,Stale Friendly SAM-Muon [per-layer Frob],stale-friendly-sam-muon,muon,added,1.3,0.02,2.2595438650292854,2.2112796384071562,2.339211509258036,2.280265239178829,0.0,0.02828427124745805,501
stale-friendly-sam-muon@per-layer,Stale Friendly SAM-Muon [per-layer Frob],stale-friendly-sam-muon,muon,added,1.3,0.05,2.2591290888246833,2.212760786776564,2.337656040699987,2.2795448345033087,0.0,0.0707106781186452,501
stale-friendly-sam-muon@per-layer,Stale Friendly SAM-Muon [per-layer Frob],stale-friendly-sam-muon,muon,added,1.3,0.1,2.259295538789977,2.212176853693429,2.336809193187678,2.279217000833195,0.0,0.14142135623729046,501
stale-friendly-sam-muon@per-layer,Stale Friendly SAM-Muon [per-layer Frob],stale-friendly-sam-muon,muon,added,1.3,0.2,2.258247830170232,2.211777467548009,2.336428726998531,2.2781659519766104,0.0,0.2828427124745809,501
stale-friendly-sam-muon@per-layer,Stale Friendly SAM-Muon [per-layer Frob],stale-friendly-sam-muon,muon,added,1.3,0.5,2.2543342578029693,2.2104435079927187,2.336176103869151,2.2742838171792235,0.0,0.7071067811864524,501
stale-friendly-sam-muon@per-layer,Stale Friendly SAM-Muon [per-layer Frob],stale-friendly-sam-muon,muon,added,1.3,1.0,2.247041870829487,2.2035435452168106,2.332121872816928,2.2672805986247107,0.0,1.4142135623729049,501
stale-friendly-sam-muon@per-layer,Stale Friendly SAM-Muon [per-layer Frob],stale-friendly-sam-muon,muon,added,1.6,0.01,2.246483768124505,2.2253203899650758,2.2628418437357127,2.2476240177846285,0.0,0.01414213562372575,501
stale-friendly-sam-muon@per-layer,Stale Friendly SAM-Muon [per-layer Frob],stale-friendly-sam-muon,muon,added,1.6,0.02,2.2459587308805076,2.228664337299022,2.2588359582949757,2.244679608125577,0.0,0.02828427124745155,501
stale-friendly-sam-muon@per-layer,Stale Friendly SAM-Muon [per-layer Frob],stale-friendly-sam-muon,muon,added,1.6,0.05,2.2461026326230638,2.230277593410714,2.273563522060368,2.249471299844739,0.0,0.07071067811862894,501
stale-friendly-sam-muon@per-layer,Stale Friendly SAM-Muon [per-layer Frob],stale-friendly-sam-muon,muon,added,1.6,0.1,2.2433470944098906,2.2321109619767614,2.2617641268583655,2.247081652601883,0.0,0.141421356237258,501
stale-friendly-sam-muon@per-layer,Stale Friendly SAM-Muon [per-layer Frob],stale-friendly-sam-muon,muon,added,1.6,0.2,2.2426246465799147,2.2277251403241274,2.263308666219733,2.2433372097833506,0.0,0.282842712474516,501
stale-friendly-sam-muon@per-layer,Stale Friendly SAM-Muon [per-layer Frob],stale-friendly-sam-muon,muon,added,1.6,0.5,2.230732309013803,2.208064722266328,2.2656114896306097,2.2373915822271933,0.0,0.7071067811862902,501
stale-friendly-sam-muon@per-layer,Stale Friendly SAM-Muon [per-layer Frob],stale-friendly-sam-muon,muon,added,1.6,1.0,2.2139903171686663,2.185008602162738,2.2603691040576264,2.2232762561701147,0.0,1.4142135623725836,501
stale-friendly-sam-muon@per-layer,Stale Friendly SAM-Muon [per-layer Frob],stale-friendly-sam-muon,muon,added,2.0,0.01,2.368937372680872,2.3430313842595627,2.4568624616654002,2.397671766597591,0.0,0.0141421356237219,501
stale-friendly-sam-muon@per-layer,Stale Friendly SAM-Muon [per-layer Frob],stale-friendly-sam-muon,muon,added,2.0,0.02,2.3757330821747678,2.341444330541327,2.4605548820391956,2.398129489602816,0.0,0.02828427124744385,501
stale-friendly-sam-muon@per-layer,Stale Friendly SAM-Muon [per-layer Frob],stale-friendly-sam-muon,muon,added,2.0,0.05,2.3698255576312284,2.351015283941548,2.463113121426939,2.397586748416161,0.0,0.07071067811860975,501
stale-friendly-sam-muon@per-layer,Stale Friendly SAM-Muon [per-layer Frob],stale-friendly-sam-muon,muon,added,2.0,0.1,2.380718216192313,2.3451258746268007,2.4529876405004063,2.399675614340474,0.0,0.1414213562372196,501
stale-friendly-sam-muon@per-layer,Stale Friendly SAM-Muon [per-layer Frob],stale-friendly-sam-muon,muon,added,2.0,0.2,2.3914857692938063,2.335795354858109,2.4572202216322054,2.3941332784356053,0.0,0.2828427124744394,501
stale-friendly-sam-muon@per-layer,Stale Friendly SAM-Muon [per-layer Frob],stale-friendly-sam-muon,muon,added,2.0,0.5,2.367030524632257,2.331931451254232,2.4454832676992053,2.3845224360125195,0.0,0.7071067811861027,501
stale-friendly-sam-muon@per-layer,Stale Friendly SAM-Muon [per-layer Frob],stale-friendly-sam-muon,muon,added,2.0,1.0,2.2975089654700693,2.2382777428490606,2.3755112489578116,2.313917552533704,0.0,1.4142135623722303,501
stale-friendly-sam-muon@per-layer,Stale Friendly SAM-Muon [per-layer Frob],stale-friendly-sam-muon,muon,added,3.0,0.01,2.6458738890447924,2.5480235498097277,2.6745853856968087,2.6157641172746646,0.0,0.014142135623714299,501
stale-friendly-sam-muon@per-layer,Stale Friendly SAM-Muon [per-layer Frob],stale-friendly-sam-muon,muon,added,3.0,0.02,2.646443353334335,2.5524732636888277,2.671530709670093,2.616958911006403,0.0,0.02828427124742875,501
stale-friendly-sam-muon@per-layer,Stale Friendly SAM-Muon [per-layer Frob],stale-friendly-sam-muon,muon,added,3.0,0.05,2.6241211368114845,2.544544219885008,2.677966139833744,2.6109089137658668,0.0,0.07071067811857196,501
stale-friendly-sam-muon@per-layer,Stale Friendly SAM-Muon [per-layer Frob],stale-friendly-sam-muon,muon,added,3.0,0.1,2.634435078082019,2.5607330559525554,2.6668196662213264,2.616672758261599,0.0,0.1414213562371435,501
stale-friendly-sam-muon@per-layer,Stale Friendly SAM-Muon [per-layer Frob],stale-friendly-sam-muon,muon,added,3.0,0.2,2.618123738243215,2.530865062719723,2.6743592007662556,2.609011839631699,0.0,0.28284271247428755,501
stale-friendly-sam-muon@per-layer,Stale Friendly SAM-Muon [per-layer Frob],stale-friendly-sam-muon,muon,added,3.0,0.5,2.538600629197428,2.4983400772789355,2.6149236811848864,2.546884424276592,0.0,0.7071067811857297,501
stale-friendly-sam-muon@per-layer,Stale Friendly SAM-Muon [per-layer Frob],stale-friendly-sam-muon,muon,added,3.0,1.0,2.3642734171808764,2.3176684104090417,2.4321216158471612,2.3722281995811674,0.0,1.4142135623715921,501
stale-friendly-sam-muon@per-layer,Stale Friendly SAM-Muon [per-layer Frob],stale-friendly-sam-muon,muon,added,inf,0.01,2.636707256909583,2.5895369536011486,2.67295191179503,2.632188372872237,0.0,0.01414213562371595,501
stale-friendly-sam-muon@per-layer,Stale Friendly SAM-Muon [per-layer Frob],stale-friendly-sam-muon,muon,added,inf,0.02,2.6365321562292285,2.611947766647284,2.6742445557321295,2.6355122924701804,0.0,0.02828427124743195,501
stale-friendly-sam-muon@per-layer,Stale Friendly SAM-Muon [per-layer Frob],stale-friendly-sam-muon,muon,added,inf,0.05,2.616953039138738,2.6025662155394698,2.6533374300113732,2.625798645042483,0.0,0.07071067811858014,501
stale-friendly-sam-muon@per-layer,Stale Friendly SAM-Muon [per-layer Frob],stale-friendly-sam-muon,muon,added,inf,0.1,2.6287182456566316,2.5982522805112116,2.6526572569576006,2.626519864455741,0.0,0.14142135623716004,501
stale-friendly-sam-muon@per-layer,Stale Friendly SAM-Muon [per-layer Frob],stale-friendly-sam-muon,muon,added,inf,0.2,2.6278415923193617,2.6140774686311117,2.6597678049025424,2.6259308989589605,0.0,0.282842712474321,501
stale-friendly-sam-muon@per-layer,Stale Friendly SAM-Muon [per-layer Frob],stale-friendly-sam-muon,muon,added,inf,0.5,2.5834182338879774,2.5603120263951302,2.6112376463462366,2.578666565498742,0.0,0.7071067811858146,501
stale-friendly-sam-muon@per-layer,Stale Friendly SAM-Muon [per-layer Frob],stale-friendly-sam-muon,muon,added,inf,1.0,2.353896357710303,2.3248432487479933,2.418017094685436,2.3671053760146425,0.0,1.414213562371735,501
stale-grad-sam-muon@global,Stale-Gradient SAM-Muon [global Frob],stale-grad-sam-muon,muon,atlas_opt,1.1,0.01,2.5864276278557394,2.5420995193433242,2.6644543018815434,2.585034802418895,0.0,0.009999999999999551,501
stale-grad-sam-muon@global,Stale-Gradient SAM-Muon [global Frob],stale-grad-sam-muon,muon,atlas_opt,1.1,0.02,2.5865911274685405,2.542385137861781,2.6649598718995504,2.5853235198192976,0.0,0.0199999999999992,501
stale-grad-sam-muon@global,Stale-Gradient SAM-Muon [global Frob],stale-grad-sam-muon,muon,atlas_opt,1.1,0.05,2.5862047699237634,2.542036582087654,2.66492476024625,2.5851534630231714,0.0,0.049999999999998046,501
stale-grad-sam-muon@global,Stale-Gradient SAM-Muon [global Frob],stale-grad-sam-muon,muon,atlas_opt,1.1,0.1,2.5862007135747653,2.542080337247158,2.6646461235114347,2.585128074611295,0.0,0.09999999999999609,501
stale-grad-sam-muon@global,Stale-Gradient SAM-Muon [global Frob],stale-grad-sam-muon,muon,atlas_opt,1.1,0.2,2.5862898955551303,2.5423090990450676,2.663950572093595,2.5852115694378517,0.0,0.1999999999999923,501
stale-grad-sam-muon@global,Stale-Gradient SAM-Muon [global Frob],stale-grad-sam-muon,muon,atlas_opt,1.1,0.5,2.586231374040765,2.5404741204510373,2.662035212489718,2.584343319435467,0.0,0.4999999999999809,501
stale-grad-sam-muon@global,Stale-Gradient SAM-Muon [global Frob],stale-grad-sam-muon,muon,atlas_opt,1.1,1.0,2.5833010273002133,2.5382967106263217,2.6591996641649733,2.58229282717898,0.0,0.9999999999999616,501
stale-grad-sam-muon@global,Stale-Gradient SAM-Muon [global Frob],stale-grad-sam-muon,muon,atlas_opt,1.3,0.01,2.2626035287568356,2.21084668108919,2.338157197260465,2.280273613203952,0.0,0.00999999999999895,501
stale-grad-sam-muon@global,Stale-Gradient SAM-Muon [global Frob],stale-grad-sam-muon,muon,atlas_opt,1.3,0.02,2.2598786683891854,2.2103151090793487,2.3391917919278415,2.2798705970510027,0.0,0.0199999999999979,501
stale-grad-sam-muon@global,Stale-Gradient SAM-Muon [global Frob],stale-grad-sam-muon,muon,atlas_opt,1.3,0.05,2.2596897964033342,2.2115915074415766,2.3394549251652315,2.279878143707618,0.0,0.049999999999994854,501
stale-grad-sam-muon@global,Stale-Gradient SAM-Muon [global Frob],stale-grad-sam-muon,muon,atlas_opt,1.3,0.1,2.2589258875960088,2.2115965662854005,2.339390906189105,2.279527632939998,0.0,0.09999999999998971,501
stale-grad-sam-muon@global,Stale-Gradient SAM-Muon [global Frob],stale-grad-sam-muon,muon,atlas_opt,1.3,0.2,2.258791759685618,2.210845247140202,2.3352149289534423,2.2774809815355637,0.0,0.19999999999997958,501
stale-grad-sam-muon@global,Stale-Gradient SAM-Muon [global Frob],stale-grad-sam-muon,muon,atlas_opt,1.3,0.5,2.2537843818314256,2.2120122723556213,2.3349558136328796,2.275851229312705,0.0,0.4999999999999488,501
stale-grad-sam-muon@global,Stale-Gradient SAM-Muon [global Frob],stale-grad-sam-muon,muon,atlas_opt,1.3,1.0,2.249288270106947,2.21081326228757,2.3286707375949875,2.271024449301815,0.0,0.9999999999998976,501
stale-grad-sam-muon@global,Stale-Gradient SAM-Muon [global Frob],stale-grad-sam-muon,muon,atlas_opt,1.6,0.01,2.2485341355534354,2.2305548886449706,2.2631207586220703,2.248186415097896,0.0,0.0099999999999977,501
stale-grad-sam-muon@global,Stale-Gradient SAM-Muon [global Frob],stale-grad-sam-muon,muon,atlas_opt,1.6,0.02,2.2440770185219385,2.2208038680980517,2.2596442970475263,2.2440452162721094,0.0,0.0199999999999955,501
stale-grad-sam-muon@global,Stale-Gradient SAM-Muon [global Frob],stale-grad-sam-muon,muon,atlas_opt,1.6,0.05,2.2466802139418633,2.2304697120650023,2.2646507731073724,2.246505992765924,0.0,0.0499999999999888,501
stale-grad-sam-muon@global,Stale-Gradient SAM-Muon [global Frob],stale-grad-sam-muon,muon,atlas_opt,1.6,0.1,2.243335050837744,2.2288043433130333,2.272236599382614,2.2474535250723227,0.0,0.0999999999999777,501
stale-grad-sam-muon@global,Stale-Gradient SAM-Muon [global Frob],stale-grad-sam-muon,muon,atlas_opt,1.6,0.2,2.237115820325972,2.221955008047302,2.2677258903575894,2.2439026769756056,0.0,0.19999999999995544,501
stale-grad-sam-muon@global,Stale-Gradient SAM-Muon [global Frob],stale-grad-sam-muon,muon,atlas_opt,1.6,0.5,2.23319016869573,2.2051237035862803,2.2595857294675943,2.2373286087314463,0.0,0.49999999999988853,501
stale-grad-sam-muon@global,Stale-Gradient SAM-Muon [global Frob],stale-grad-sam-muon,muon,atlas_opt,1.6,1.0,2.218068048867366,2.191975668805025,2.2427923008516784,2.224368880015109,0.0,0.9999999999997775,501
stale-grad-sam-muon@global,Stale-Gradient SAM-Muon [global Frob],stale-grad-sam-muon,muon,atlas_opt,2.0,0.01,2.369064841134664,2.34412615826115,2.4544987687838296,2.396497945211258,0.0,0.00999999999999615,501
stale-grad-sam-muon@global,Stale-Gradient SAM-Muon [global Frob],stale-grad-sam-muon,muon,atlas_opt,2.0,0.02,2.3675886385001066,2.343495648023005,2.4505594886523907,2.3953644832634233,0.0,0.0199999999999924,501
stale-grad-sam-muon@global,Stale-Gradient SAM-Muon [global Frob],stale-grad-sam-muon,muon,atlas_opt,2.0,0.05,2.3688621788188904,2.346552123354533,2.4589880943244458,2.3952742361334884,0.0,0.04999999999998105,501
stale-grad-sam-muon@global,Stale-Gradient SAM-Muon [global Frob],stale-grad-sam-muon,muon,atlas_opt,2.0,0.1,2.367135914752846,2.347849382070671,2.4568424396437765,2.391846550574271,0.0,0.0999999999999622,501
stale-grad-sam-muon@global,Stale-Gradient SAM-Muon [global Frob],stale-grad-sam-muon,muon,atlas_opt,2.0,0.2,2.37269349421016,2.3285163318527737,2.4528481065399035,2.3873131038703344,0.0,0.19999999999992454,501
stale-grad-sam-muon@global,Stale-Gradient SAM-Muon [global Frob],stale-grad-sam-muon,muon,atlas_opt,2.0,0.5,2.3593840802197,2.305692400948444,2.433002915529108,2.3718083403097494,0.0,0.4999999999998122,501
stale-grad-sam-muon@global,Stale-Gradient SAM-Muon [global Frob],stale-grad-sam-muon,muon,atlas_opt,2.0,1.0,2.2897631400850327,2.2334454111507283,2.3522922619156112,2.298827327255503,0.0,0.9999999999996265,501
stale-grad-sam-muon@global,Stale-Gradient SAM-Muon [global Frob],stale-grad-sam-muon,muon,atlas_opt,3.0,0.01,2.63251995825574,2.5545042090196506,2.687165266606639,2.6189521278752537,0.0,0.00999999999999325,501
stale-grad-sam-muon@global,Stale-Gradient SAM-Muon [global Frob],stale-grad-sam-muon,muon,atlas_opt,3.0,0.02,2.6374531203420952,2.5500836416276567,2.6755654577024917,2.6163541295884207,0.0,0.01999999999998655,501
stale-grad-sam-muon@global,Stale-Gradient SAM-Muon [global Frob],stale-grad-sam-muon,muon,atlas_opt,3.0,0.05,2.645060853070241,2.5510515130592175,2.6699728008882677,2.6204815031077593,0.0,0.04999999999996655,501
stale-grad-sam-muon@global,Stale-Gradient SAM-Muon [global Frob],stale-grad-sam-muon,muon,atlas_opt,3.0,0.1,2.6204283215912056,2.542540745342625,2.6556958827178745,2.6083897527701225,0.0,0.09999999999993306,501
stale-grad-sam-muon@global,Stale-Gradient SAM-Muon [global Frob],stale-grad-sam-muon,muon,atlas_opt,3.0,0.2,2.6160334409362056,2.5415858646585603,2.6550210118056077,2.6038662545507245,0.0,0.19999999999986656,501
stale-grad-sam-muon@global,Stale-Gradient SAM-Muon [global Frob],stale-grad-sam-muon,muon,atlas_opt,3.0,0.5,2.5549411548515892,2.4830473367137635,2.5756188825594393,2.5352184294908815,0.0,0.49999999999966954,501
stale-grad-sam-muon@global,Stale-Gradient SAM-Muon [global Frob],stale-grad-sam-muon,muon,atlas_opt,3.0,1.0,2.358358825920223,2.3269040830462675,2.3980274790635945,2.354473376900934,0.0,0.9999999999993564,501
stale-grad-sam-muon@global,Stale-Gradient SAM-Muon [global Frob],stale-grad-sam-muon,muon,atlas_opt,inf,0.01,2.6406569159205784,2.6112809287312446,2.676834683539056,2.6406481325670668,0.0,0.0099999999999938,501
stale-grad-sam-muon@global,Stale-Gradient SAM-Muon [global Frob],stale-grad-sam-muon,muon,atlas_opt,inf,0.02,2.6360938971888075,2.5987744580723895,2.670267109206811,2.6325151889656766,0.0,0.0199999999999876,501
stale-grad-sam-muon@global,Stale-Gradient SAM-Muon [global Frob],stale-grad-sam-muon,muon,atlas_opt,inf,0.05,2.6332871565618072,2.600246262545776,2.6638595907196256,2.6309036815002558,0.0,0.04999999999996905,501
stale-grad-sam-muon@global,Stale-Gradient SAM-Muon [global Frob],stale-grad-sam-muon,muon,atlas_opt,inf,0.1,2.6189984082854463,2.601015838103336,2.640730866993539,2.6199990517622314,0.0,0.09999999999993814,501
stale-grad-sam-muon@global,Stale-Gradient SAM-Muon [global Frob],stale-grad-sam-muon,muon,atlas_opt,inf,0.2,2.6049135307912503,2.5860371090231524,2.633995923670714,2.60756587118878,0.0,0.19999999999987625,501
stale-grad-sam-muon@global,Stale-Gradient SAM-Muon [global Frob],stale-grad-sam-muon,muon,atlas_opt,inf,0.5,2.5691363346041207,2.539424801669484,2.59264710298437,2.563459121831216,0.0,0.4999999999996912,501
stale-grad-sam-muon@global,Stale-Gradient SAM-Muon [global Frob],stale-grad-sam-muon,muon,atlas_opt,inf,1.0,2.3318151649114145,2.3159849164933886,2.4091909487294334,2.3574423961937687,0.0,0.9999999999993954,501
stale-grad-sam-muon@per-layer,Stale-Gradient SAM-Muon [per-layer Frob],stale-grad-sam-muon,muon,atlas_opt,1.1,0.01,2.5863577043722072,2.5423077657265756,2.6647859905095013,2.5852761686227135,0.0,0.0141421356237299,501
stale-grad-sam-muon@per-layer,Stale-Gradient SAM-Muon [per-layer Frob],stale-grad-sam-muon,muon,atlas_opt,1.1,0.02,2.5862172955069154,2.5424133579647448,2.6648506014939812,2.5852343479360655,0.0,0.0282842712474599,501
stale-grad-sam-muon@per-layer,Stale-Gradient SAM-Muon [per-layer Frob],stale-grad-sam-muon,muon,atlas_opt,1.1,0.05,2.5854804061600856,2.542320611193304,2.6636027050600672,2.5850199257209923,0.0,0.07071067811864976,501
stale-grad-sam-muon@per-layer,Stale-Gradient SAM-Muon [per-layer Frob],stale-grad-sam-muon,muon,atlas_opt,1.1,0.1,2.5866266978317274,2.542781003380558,2.6618413361378535,2.5850035377657035,0.0,0.1414213562372995,501
stale-grad-sam-muon@per-layer,Stale-Gradient SAM-Muon [per-layer Frob],stale-grad-sam-muon,muon,atlas_opt,1.1,0.2,2.5863874288562148,2.541755063115738,2.66198982708645,2.584494871784206,0.0,0.282842712474599,501
stale-grad-sam-muon@per-layer,Stale-Gradient SAM-Muon [per-layer Frob],stale-grad-sam-muon,muon,atlas_opt,1.1,0.5,2.5830374971793453,2.540294845549604,2.65914561881177,2.582104554735465,0.0,0.7071067811864975,501
stale-grad-sam-muon@per-layer,Stale-Gradient SAM-Muon [per-layer Frob],stale-grad-sam-muon,muon,atlas_opt,1.1,1.0,2.579753639503661,2.5348660646343437,2.6525033481795717,2.577526920093625,0.0,1.4142135623729952,501
stale-grad-sam-muon@per-layer,Stale-Gradient SAM-Muon [per-layer Frob],stale-grad-sam-muon,muon,atlas_opt,1.3,0.01,2.2591406872872746,2.212478482431021,2.338481114853385,2.2798648394736487,0.0,0.01414213562372855,501
stale-grad-sam-muon@per-layer,Stale-Gradient SAM-Muon [per-layer Frob],stale-grad-sam-muon,muon,atlas_opt,1.3,0.02,2.2588845531787802,2.212921710470071,2.3397558933432037,2.2800978797627485,0.0,0.02828427124745715,501
stale-grad-sam-muon@per-layer,Stale-Gradient SAM-Muon [per-layer Frob],stale-grad-sam-muon,muon,atlas_opt,1.3,0.05,2.258338642499613,2.211031719579365,2.3377624805655155,2.2783459996921,0.0,0.07071067811864296,501
stale-grad-sam-muon@per-layer,Stale-Gradient SAM-Muon [per-layer Frob],stale-grad-sam-muon,muon,atlas_opt,1.3,0.1,2.2600025044328773,2.21023181854949,2.3380783594084296,2.278303201899551,0.0,0.14142135623728594,501
stale-grad-sam-muon@per-layer,Stale-Gradient SAM-Muon [per-layer Frob],stale-grad-sam-muon,muon,atlas_opt,1.3,0.2,2.2582321290034915,2.212556467168201,2.332875352673554,2.2771704192466866,0.0,0.28284271247457193,501
stale-grad-sam-muon@per-layer,Stale-Gradient SAM-Muon [per-layer Frob],stale-grad-sam-muon,muon,atlas_opt,1.3,0.5,2.2507007602954294,2.2100910669339706,2.3339816261590944,2.2733383563074954,0.0,0.70710678118643,501
stale-grad-sam-muon@per-layer,Stale-Gradient SAM-Muon [per-layer Frob],stale-grad-sam-muon,muon,atlas_opt,1.3,1.0,2.2431375557475626,2.20201666772822,2.32740000556608,2.263835770501565,0.0,1.4142135623728604,501
stale-grad-sam-muon@per-layer,Stale-Gradient SAM-Muon [per-layer Frob],stale-grad-sam-muon,muon,atlas_opt,1.6,0.01,2.247381165592346,2.2242611969814585,2.2612173725515325,2.2462448578726946,0.0,0.014142135623726,501
stale-grad-sam-muon@per-layer,Stale-Gradient SAM-Muon [per-layer Frob],stale-grad-sam-muon,muon,atlas_opt,1.6,0.02,2.24899456958953,2.2334441510689094,2.2659371802511004,2.249340791426425,0.0,0.02828427124745205,501
stale-grad-sam-muon@per-layer,Stale-Gradient SAM-Muon [per-layer Frob],stale-grad-sam-muon,muon,atlas_opt,1.6,0.05,2.247513909749113,2.227689200997157,2.2693425820694104,2.248215910754535,0.0,0.0707106781186302,501
stale-grad-sam-muon@per-layer,Stale-Gradient SAM-Muon [per-layer Frob],stale-grad-sam-muon,muon,atlas_opt,1.6,0.1,2.2425155252813296,2.228832724404201,2.27022012996703,2.247142991368468,0.0,0.14142135623726043,501
stale-grad-sam-muon@per-layer,Stale-Gradient SAM-Muon [per-layer Frob],stale-grad-sam-muon,muon,atlas_opt,1.6,0.2,2.2400760721115294,2.22080250254798,2.264454191004599,2.2418239515270835,0.0,0.282842712474521,501
stale-grad-sam-muon@per-layer,Stale-Gradient SAM-Muon [per-layer Frob],stale-grad-sam-muon,muon,atlas_opt,1.6,0.5,2.226396493894247,2.1967657291226326,2.2478193072944324,2.2304214552891093,0.0,0.707106781186303,501
stale-grad-sam-muon@per-layer,Stale-Gradient SAM-Muon [per-layer Frob],stale-grad-sam-muon,muon,atlas_opt,1.6,1.0,2.1900195166392358,2.167166738791071,2.2234460987582954,2.1994645224709197,0.0,1.414213562372609,501
stale-grad-sam-muon@per-layer,Stale-Gradient SAM-Muon [per-layer Frob],stale-grad-sam-muon,muon,atlas_opt,2.0,0.01,2.3735913355642353,2.350942916239432,2.4585373871010585,2.4006483158956344,0.0,0.01414213562372245,501
stale-grad-sam-muon@per-layer,Stale-Gradient SAM-Muon [per-layer Frob],stale-grad-sam-muon,muon,atlas_opt,2.0,0.02,2.368799832280736,2.340764457374667,2.4582302613095894,2.3961570321578436,0.0,0.028284271247444953,501
stale-grad-sam-muon@per-layer,Stale-Gradient SAM-Muon [per-layer Frob],stale-grad-sam-muon,muon,atlas_opt,2.0,0.05,2.366234800453026,2.347121796742846,2.4584976801693044,2.394000982513661,0.0,0.07071067811861245,501
stale-grad-sam-muon@per-layer,Stale-Gradient SAM-Muon [per-layer Frob],stale-grad-sam-muon,muon,atlas_opt,2.0,0.1,2.381463495342512,2.337151499997962,2.4494057821704285,2.3935941191945576,0.0,0.1414213562372249,501
stale-grad-sam-muon@per-layer,Stale-Gradient SAM-Muon [per-layer Frob],stale-grad-sam-muon,muon,atlas_opt,2.0,0.2,2.382123061325119,2.3298330004373513,2.4477624897372525,2.386397006391979,0.0,0.2828427124744504,501
stale-grad-sam-muon@per-layer,Stale-Gradient SAM-Muon [per-layer Frob],stale-grad-sam-muon,muon,atlas_opt,2.0,0.5,2.322793565645848,2.271689953150756,2.4112543442019834,2.3454996735731894,0.0,0.7071067811861291,501
stale-grad-sam-muon@per-layer,Stale-Gradient SAM-Muon [per-layer Frob],stale-grad-sam-muon,muon,atlas_opt,2.0,1.0,2.196415341228385,2.1700292346315666,2.2742020688234392,2.213174230527901,0.0,1.4142135623722827,501
stale-grad-sam-muon@per-layer,Stale-Gradient SAM-Muon [per-layer Frob],stale-grad-sam-muon,muon,atlas_opt,3.0,0.01,2.6403592888263097,2.5475129316687237,2.6743291833461806,2.6165661824590583,0.0,0.0141421356237156,501
stale-grad-sam-muon@per-layer,Stale-Gradient SAM-Muon [per-layer Frob],stale-grad-sam-muon,muon,atlas_opt,3.0,0.02,2.6430483054549314,2.5479941079221455,2.677338027494139,2.617286451214505,0.0,0.028284271247431353,501
stale-grad-sam-muon@per-layer,Stale-Gradient SAM-Muon [per-layer Frob],stale-grad-sam-muon,muon,atlas_opt,3.0,0.05,2.632983641607631,2.537927127271853,2.6718620813512914,2.6126756442079744,0.0,0.0707106781185783,501
stale-grad-sam-muon@per-layer,Stale-Gradient SAM-Muon [per-layer Frob],stale-grad-sam-muon,muon,atlas_opt,3.0,0.1,2.615841395104806,2.553953445641453,2.662348648838176,2.606479692827944,0.0,0.1414213562371568,501
stale-grad-sam-muon@per-layer,Stale-Gradient SAM-Muon [per-layer Frob],stale-grad-sam-muon,muon,atlas_opt,3.0,0.2,2.5884771677041845,2.522043578348187,2.650777923724035,2.5900790436692818,0.0,0.2828427124743149,501
stale-grad-sam-muon@per-layer,Stale-Gradient SAM-Muon [per-layer Frob],stale-grad-sam-muon,muon,atlas_opt,3.0,0.5,2.473015002782282,2.4301110036019016,2.5199733615286672,2.4729015117530295,0.0,0.7071067811858076,501
stale-grad-sam-muon@per-layer,Stale-Gradient SAM-Muon [per-layer Frob],stale-grad-sam-muon,muon,atlas_opt,3.0,1.0,2.2177040583172865,2.177587865702229,2.2966433237552786,2.226679067566197,0.0,1.4142135623719363,501
stale-grad-sam-muon@per-layer,Stale-Gradient SAM-Muon [per-layer Frob],stale-grad-sam-muon,muon,atlas_opt,inf,0.01,2.637232669213687,2.5985287932805403,2.6651851381890204,2.631165644717023,0.0,0.0141421356237171,501
stale-grad-sam-muon@per-layer,Stale-Gradient SAM-Muon [per-layer Frob],stale-grad-sam-muon,muon,atlas_opt,inf,0.02,2.634749343904934,2.600776142989753,2.6622896260262747,2.6254061425595285,0.0,0.0282842712474343,501
stale-grad-sam-muon@per-layer,Stale-Gradient SAM-Muon [per-layer Frob],stale-grad-sam-muon,muon,atlas_opt,inf,0.05,2.6250989010470827,2.6003475251488,2.655722932086913,2.6229116169789504,0.0,0.0707106781185859,501
stale-grad-sam-muon@per-layer,Stale-Gradient SAM-Muon [per-layer Frob],stale-grad-sam-muon,muon,atlas_opt,inf,0.1,2.6207394605312304,2.596270241204967,2.6511767600376843,2.6168479675305,0.0,0.1414213562371716,501
stale-grad-sam-muon@per-layer,Stale-Gradient SAM-Muon [per-layer Frob],stale-grad-sam-muon,muon,atlas_opt,inf,0.2,2.609769499341227,2.5836163649872215,2.6336184083989385,2.6045316871805344,0.0,0.2828427124743438,501
stale-grad-sam-muon@per-layer,Stale-Gradient SAM-Muon [per-layer Frob],stale-grad-sam-muon,muon,atlas_opt,inf,0.5,2.5028009137278486,2.4706885455438696,2.532742707240768,2.505339779924795,0.0,0.7071067811858724,501
stale-grad-sam-muon@per-layer,Stale-Gradient SAM-Muon [per-layer Frob],stale-grad-sam-muon,muon,atlas_opt,inf,1.0,2.22731949138011,2.1760173874347974,2.26209371402933,2.224274683184971,0.0,1.4142135623718857,501
stale-momentum-friendly-sam-muon@global,Stale Momentum-Friendly SAM-Muon [global Frob],stale-momentum-friendly-sam-muon,muon,added,1.1,0.01,2.586057537816453,2.5423140097311836,2.6646508705811995,2.5851401971721693,0.0,0.0099999999999997,501
stale-momentum-friendly-sam-muon@global,Stale Momentum-Friendly SAM-Muon [global Frob],stale-momentum-friendly-sam-muon,muon,added,1.1,0.02,2.5863680964371225,2.542259904953674,2.6643787716674545,2.58512460703062,0.0,0.01999999999999945,501
stale-momentum-friendly-sam-muon@global,Stale Momentum-Friendly SAM-Muon [global Frob],stale-momentum-friendly-sam-muon,muon,added,1.1,0.05,2.58630461518913,2.5416980882249436,2.664459661735498,2.5851034472798506,0.0,0.04999999999999865,501
stale-momentum-friendly-sam-muon@global,Stale Momentum-Friendly SAM-Muon [global Frob],stale-momentum-friendly-sam-muon,muon,added,1.1,0.1,2.5858176893652827,2.542319319829191,2.6637385414028953,2.5846444719860417,0.0,0.0999999999999974,501
stale-momentum-friendly-sam-muon@global,Stale Momentum-Friendly SAM-Muon [global Frob],stale-momentum-friendly-sam-muon,muon,added,1.1,0.2,2.58618022077381,2.5412644427425453,2.6627590620221326,2.584173030584755,0.0,0.19999999999999485,501
stale-momentum-friendly-sam-muon@global,Stale Momentum-Friendly SAM-Muon [global Frob],stale-momentum-friendly-sam-muon,muon,added,1.1,0.5,2.5835612340020866,2.539646934068503,2.6578177923157127,2.5821324146036,0.0,0.499999999999987,501
stale-momentum-friendly-sam-muon@global,Stale Momentum-Friendly SAM-Muon [global Frob],stale-momentum-friendly-sam-muon,muon,added,1.1,1.0,2.5806218152907947,2.536102776696797,2.652726208214446,2.578853807077116,0.0,0.9999999999999738,501
stale-momentum-friendly-sam-muon@global,Stale Momentum-Friendly SAM-Muon [global Frob],stale-momentum-friendly-sam-muon,muon,added,1.3,0.01,2.2612201312460645,2.2106845335124774,2.336811309082665,2.279483612810615,0.0,0.00999999999999915,501
stale-momentum-friendly-sam-muon@global,Stale Momentum-Friendly SAM-Muon [global Frob],stale-momentum-friendly-sam-muon,muon,added,1.3,0.02,2.2604971572186683,2.2103503912412834,2.339179463593303,2.2797918139481146,0.0,0.01999999999999845,501
stale-momentum-friendly-sam-muon@global,Stale Momentum-Friendly SAM-Muon [global Frob],stale-momentum-friendly-sam-muon,muon,added,1.3,0.05,2.2591697736505623,2.212373105821385,2.3393620082404105,2.280030601766704,0.0,0.049999999999996145,501
stale-momentum-friendly-sam-muon@global,Stale Momentum-Friendly SAM-Muon [global Frob],stale-momentum-friendly-sam-muon,muon,added,1.3,0.1,2.2598396358062427,2.212077264479335,2.338631573604518,2.279755318570447,0.0,0.09999999999999235,501
stale-momentum-friendly-sam-muon@global,Stale Momentum-Friendly SAM-Muon [global Frob],stale-momentum-friendly-sam-muon,muon,added,1.3,0.2,2.259497912208441,2.2111532673671532,2.3359885140771652,2.2783114524568875,0.0,0.19999999999998475,501
stale-momentum-friendly-sam-muon@global,Stale Momentum-Friendly SAM-Muon [global Frob],stale-momentum-friendly-sam-muon,muon,added,1.3,0.5,2.2558969781305063,2.210558139106647,2.335363618292981,2.27603972663022,0.0,0.4999999999999618,501
stale-momentum-friendly-sam-muon@global,Stale Momentum-Friendly SAM-Muon [global Frob],stale-momentum-friendly-sam-muon,muon,added,1.3,1.0,2.2473091507350644,2.210527968586582,2.332646252187698,2.27091799065453,0.0,0.9999999999999236,501
stale-momentum-friendly-sam-muon@global,Stale Momentum-Friendly SAM-Muon [global Frob],stale-momentum-friendly-sam-muon,muon,added,1.6,0.01,2.246425691115175,2.2314184182498153,2.261184790278187,2.2471549041312677,0.0,0.0099999999999977,501
stale-momentum-friendly-sam-muon@global,Stale Momentum-Friendly SAM-Muon [global Frob],stale-momentum-friendly-sam-muon,muon,added,1.6,0.02,2.2486228705421145,2.2296113718440793,2.263455455633649,2.2477658053998772,0.0,0.019999999999995452,501
stale-momentum-friendly-sam-muon@global,Stale Momentum-Friendly SAM-Muon [global Frob],stale-momentum-friendly-sam-muon,muon,added,1.6,0.05,2.2467671306785757,2.23272895816703,2.26676684942141,2.246910056557253,0.0,0.049999999999988595,501
stale-momentum-friendly-sam-muon@global,Stale Momentum-Friendly SAM-Muon [global Frob],stale-momentum-friendly-sam-muon,muon,added,1.6,0.1,2.242699208720082,2.230512093704381,2.276128358525269,2.248706805985552,0.0,0.09999999999997725,501
stale-momentum-friendly-sam-muon@global,Stale Momentum-Friendly SAM-Muon [global Frob],stale-momentum-friendly-sam-muon,muon,added,1.6,0.2,2.2418687143082643,2.230610185321023,2.26678093403646,2.2459673438865857,0.0,0.19999999999995444,501
stale-momentum-friendly-sam-muon@global,Stale Momentum-Friendly SAM-Muon [global Frob],stale-momentum-friendly-sam-muon,muon,added,1.6,0.5,2.2336024057139303,2.225907571393553,2.2604889198563782,2.2391312987403076,0.0,0.49999999999988615,501
stale-momentum-friendly-sam-muon@global,Stale Momentum-Friendly SAM-Muon [global Frob],stale-momentum-friendly-sam-muon,muon,added,1.6,1.0,2.230794965914349,2.20226063331196,2.2561435291413234,2.233373891824112,0.0,0.9999999999997726,501
stale-momentum-friendly-sam-muon@global,Stale Momentum-Friendly SAM-Muon [global Frob],stale-momentum-friendly-sam-muon,muon,added,2.0,0.01,2.3736908769222884,2.3450350127925423,2.4619195944595718,2.3975719557312507,0.0,0.00999999999999605,501
stale-momentum-friendly-sam-muon@global,Stale Momentum-Friendly SAM-Muon [global Frob],stale-momentum-friendly-sam-muon,muon,added,2.0,0.02,2.36898444433095,2.349295530300868,2.4542687739636313,2.396776236419493,0.0,0.0199999999999921,501
stale-momentum-friendly-sam-muon@global,Stale Momentum-Friendly SAM-Muon [global Frob],stale-momentum-friendly-sam-muon,muon,added,2.0,0.05,2.3690266523697545,2.350478166910153,2.457016535604104,2.3972163415102727,0.0,0.04999999999998035,501
stale-momentum-friendly-sam-muon@global,Stale Momentum-Friendly SAM-Muon [global Frob],stale-momentum-friendly-sam-muon,muon,added,2.0,0.1,2.36769471538623,2.3416354161291597,2.4525858162135368,2.3924751521797427,0.0,0.0999999999999607,501
stale-momentum-friendly-sam-muon@global,Stale Momentum-Friendly SAM-Muon [global Frob],stale-momentum-friendly-sam-muon,muon,added,2.0,0.2,2.3745422965452967,2.334750807693096,2.4521178874055627,2.390509832197111,0.0,0.19999999999992155,501
stale-momentum-friendly-sam-muon@global,Stale Momentum-Friendly SAM-Muon [global Frob],stale-momentum-friendly-sam-muon,muon,added,2.0,0.5,2.376395856784132,2.3204685022809235,2.4533522819593556,2.387882661792316,0.0,0.4999999999998045,501
stale-momentum-friendly-sam-muon@global,Stale Momentum-Friendly SAM-Muon [global Frob],stale-momentum-friendly-sam-muon,muon,added,2.0,1.0,2.329870379022827,2.2712550049933453,2.4218302440828885,2.3492408019044015,0.0,0.9999999999996133,501
stale-momentum-friendly-sam-muon@global,Stale Momentum-Friendly SAM-Muon [global Frob],stale-momentum-friendly-sam-muon,muon,added,3.0,0.01,2.632216736572336,2.5489976988086718,2.67195378072504,2.6140764975173685,0.0,0.00999999999999295,501
stale-momentum-friendly-sam-muon@global,Stale Momentum-Friendly SAM-Muon [global Frob],stale-momentum-friendly-sam-muon,muon,added,3.0,0.02,2.639452117658662,2.5497020521542186,2.667663684895948,2.611551721173157,0.0,0.019999999999985953,501
stale-momentum-friendly-sam-muon@global,Stale Momentum-Friendly SAM-Muon [global Frob],stale-momentum-friendly-sam-muon,muon,added,3.0,0.05,2.6360851643022314,2.5653627923145734,2.676285073539562,2.622076486178903,0.0,0.049999999999965,501
stale-momentum-friendly-sam-muon@global,Stale Momentum-Friendly SAM-Muon [global Frob],stale-momentum-friendly-sam-muon,muon,added,3.0,0.1,2.629159937094097,2.540382928061119,2.663671294036659,2.613677624811637,0.0,0.09999999999993005,501
stale-momentum-friendly-sam-muon@global,Stale Momentum-Friendly SAM-Muon [global Frob],stale-momentum-friendly-sam-muon,muon,added,3.0,0.2,2.6311034536074134,2.5391372688702374,2.675069015186282,2.6111109526916527,0.0,0.19999999999986015,501
stale-momentum-friendly-sam-muon@global,Stale Momentum-Friendly SAM-Muon [global Frob],stale-momentum-friendly-sam-muon,muon,added,3.0,0.5,2.5980298835396156,2.50472184714379,2.6272517375017936,2.5723808201223726,0.0,0.499999999999652,501
stale-momentum-friendly-sam-muon@global,Stale Momentum-Friendly SAM-Muon [global Frob],stale-momentum-friendly-sam-muon,muon,added,3.0,1.0,2.465285612787042,2.413587381353625,2.510301129833194,2.459958098463848,0.0,0.9999999999993152,501
stale-momentum-friendly-sam-muon@global,Stale Momentum-Friendly SAM-Muon [global Frob],stale-momentum-friendly-sam-muon,muon,added,inf,0.01,2.632275944470722,2.602463551896958,2.6699758290800357,2.6355933360251447,0.0,0.00999999999999355,501
stale-momentum-friendly-sam-muon@global,Stale Momentum-Friendly SAM-Muon [global Frob],stale-momentum-friendly-sam-muon,muon,added,inf,0.02,2.6345641223724736,2.595336329214406,2.6736728589341876,2.632220472266977,0.0,0.019999999999987153,501
stale-momentum-friendly-sam-muon@global,Stale Momentum-Friendly SAM-Muon [global Frob],stale-momentum-friendly-sam-muon,muon,added,inf,0.05,2.638138340022693,2.5947948406810655,2.671595592555766,2.6335310442713347,0.0,0.049999999999967945,501
stale-momentum-friendly-sam-muon@global,Stale Momentum-Friendly SAM-Muon [global Frob],stale-momentum-friendly-sam-muon,muon,added,inf,0.1,2.6158541962134216,2.5940643709685096,2.6416780774103303,2.6199675379526073,0.0,0.09999999999993589,501
stale-momentum-friendly-sam-muon@global,Stale Momentum-Friendly SAM-Muon [global Frob],stale-momentum-friendly-sam-muon,muon,added,inf,0.2,2.626713775516155,2.606617607900998,2.647758692805019,2.6203486169344514,0.0,0.19999999999987184,501
stale-momentum-friendly-sam-muon@global,Stale Momentum-Friendly SAM-Muon [global Frob],stale-momentum-friendly-sam-muon,muon,added,inf,0.5,2.607166603178367,2.57990156326969,2.6276958644849056,2.5977307447113174,0.0,0.4999999999996798,501
stale-momentum-friendly-sam-muon@global,Stale Momentum-Friendly SAM-Muon [global Frob],stale-momentum-friendly-sam-muon,muon,added,inf,1.0,2.471105650576982,2.4282902727147917,2.504447533475729,2.471104479307063,0.0,0.9999999999993683,501
stale-momentum-friendly-sam-muon@per-layer,Stale Momentum-Friendly SAM-Muon [per-layer Frob],stale-momentum-friendly-sam-muon,muon,added,1.1,0.01,2.58654637733614,2.542300627717012,2.6647940526201603,2.5852824314648792,0.0,0.014142135623730151,501
stale-momentum-friendly-sam-muon@per-layer,Stale Momentum-Friendly SAM-Muon [per-layer Frob],stale-momentum-friendly-sam-muon,muon,added,1.1,0.02,2.586664500652905,2.5420375162991653,2.6643011143958617,2.5853502552806478,0.0,0.0282842712474604,501
stale-momentum-friendly-sam-muon@per-layer,Stale Momentum-Friendly SAM-Muon [per-layer Frob],stale-momentum-friendly-sam-muon,muon,added,1.1,0.05,2.5860155212151708,2.5424231593549873,2.664009628502976,2.5849054949887336,0.0,0.07071067811865105,501
stale-momentum-friendly-sam-muon@per-layer,Stale Momentum-Friendly SAM-Muon [per-layer Frob],stale-momentum-friendly-sam-muon,muon,added,1.1,0.1,2.5865421338854286,2.542196656822366,2.6631492878499903,2.5844378350107937,0.0,0.14142135623730215,501
stale-momentum-friendly-sam-muon@per-layer,Stale Momentum-Friendly SAM-Muon [per-layer Frob],stale-momentum-friendly-sam-muon,muon,added,1.1,0.2,2.584329364358574,2.541781416712687,2.6611942223684384,2.583176202080412,0.0,0.28284271247460435,501
stale-momentum-friendly-sam-muon@per-layer,Stale Momentum-Friendly SAM-Muon [per-layer Frob],stale-momentum-friendly-sam-muon,muon,added,1.1,0.5,2.5803516271809315,2.539411382441962,2.6554872184249048,2.579621939221653,0.0,0.7071067811865107,501
stale-momentum-friendly-sam-muon@per-layer,Stale Momentum-Friendly SAM-Muon [per-layer Frob],stale-momentum-friendly-sam-muon,muon,added,1.1,1.0,2.5745365717770365,2.5330332654681733,2.6465806294753844,2.5729439271229615,0.0,1.4142135623730219,501
stale-momentum-friendly-sam-muon@per-layer,Stale Momentum-Friendly SAM-Muon [per-layer Frob],stale-momentum-friendly-sam-muon,muon,added,1.3,0.01,2.260949413827725,2.212504143010724,2.3386724843749898,2.2798553364625325,0.0,0.01414213562372915,501
stale-momentum-friendly-sam-muon@per-layer,Stale Momentum-Friendly SAM-Muon [per-layer Frob],stale-momentum-friendly-sam-muon,muon,added,1.3,0.02,2.260747388449835,2.212766511307753,2.3398368808897256,2.2805522587664377,0.0,0.028284271247458352,501
stale-momentum-friendly-sam-muon@per-layer,Stale Momentum-Friendly SAM-Muon [per-layer Frob],stale-momentum-friendly-sam-muon,muon,added,1.3,0.05,2.2590561516888474,2.212245420189447,2.3373671956882687,2.278936718535462,0.0,0.07071067811864595,501
stale-momentum-friendly-sam-muon@per-layer,Stale Momentum-Friendly SAM-Muon [per-layer Frob],stale-momentum-friendly-sam-muon,muon,added,1.3,0.1,2.2569844532022834,2.2121735290644393,2.336004452488149,2.2782207103613605,0.0,0.14142135623729207,501
stale-momentum-friendly-sam-muon@per-layer,Stale Momentum-Friendly SAM-Muon [per-layer Frob],stale-momentum-friendly-sam-muon,muon,added,1.3,0.2,2.2560801353123345,2.212958812625958,2.33382948951241,2.276828466336629,0.0,0.28284271247458403,501
stale-momentum-friendly-sam-muon@per-layer,Stale Momentum-Friendly SAM-Muon [per-layer Frob],stale-momentum-friendly-sam-muon,muon,added,1.3,0.5,2.2517275284120446,2.211020901231875,2.337387597168845,2.2735939788032233,0.0,0.70710678118646,501
stale-momentum-friendly-sam-muon@per-layer,Stale Momentum-Friendly SAM-Muon [per-layer Frob],stale-momentum-friendly-sam-muon,muon,added,1.3,1.0,2.2438713647627493,2.2008054898785363,2.329296197432292,2.2642332995987906,0.0,1.4142135623729204,501
stale-momentum-friendly-sam-muon@per-layer,Stale Momentum-Friendly SAM-Muon [per-layer Frob],stale-momentum-friendly-sam-muon,muon,added,1.6,0.01,2.2464107199742456,2.2245221473795596,2.2620063310609213,2.247207737061238,0.0,0.014142135623725849,501
stale-momentum-friendly-sam-muon@per-layer,Stale Momentum-Friendly SAM-Muon [per-layer Frob],stale-momentum-friendly-sam-muon,muon,added,1.6,0.02,2.2461410769939683,2.2328240053579997,2.2641960966869306,2.247366370680485,0.0,0.028284271247451802,501
stale-momentum-friendly-sam-muon@per-layer,Stale Momentum-Friendly SAM-Muon [per-layer Frob],stale-momentum-friendly-sam-muon,muon,added,1.6,0.05,2.243326142057059,2.2296682644098746,2.271202979014429,2.246929665229774,0.0,0.0707106781186296,501
stale-momentum-friendly-sam-muon@per-layer,Stale Momentum-Friendly SAM-Muon [per-layer Frob],stale-momentum-friendly-sam-muon,muon,added,1.6,0.1,2.2415597211536644,2.228492483600636,2.273908553324295,2.2474217391292735,0.0,0.14142135623725927,501
stale-momentum-friendly-sam-muon@per-layer,Stale Momentum-Friendly SAM-Muon [per-layer Frob],stale-momentum-friendly-sam-muon,muon,added,1.6,0.2,2.2401904145789207,2.2292676582962705,2.262574104419681,2.243571604935136,0.0,0.28284271247451853,501
stale-momentum-friendly-sam-muon@per-layer,Stale Momentum-Friendly SAM-Muon [per-layer Frob],stale-momentum-friendly-sam-muon,muon,added,1.6,0.5,2.229919681434038,2.2032748514627167,2.263861470531017,2.2346908432160397,0.0,0.707106781186297,501
stale-momentum-friendly-sam-muon@per-layer,Stale Momentum-Friendly SAM-Muon [per-layer Frob],stale-momentum-friendly-sam-muon,muon,added,1.6,1.0,2.203906609366083,2.178783772226971,2.2539944841667388,2.217145931177397,0.0,1.4142135623725989,501
stale-momentum-friendly-sam-muon@per-layer,Stale Momentum-Friendly SAM-Muon [per-layer Frob],stale-momentum-friendly-sam-muon,muon,added,2.0,0.01,2.36725170783136,2.347095016913177,2.4591886270887153,2.3985477424662935,0.0,0.01414213562372215,501
stale-momentum-friendly-sam-muon@per-layer,Stale Momentum-Friendly SAM-Muon [per-layer Frob],stale-momentum-friendly-sam-muon,muon,added,2.0,0.02,2.373169292070924,2.3463209318396636,2.4623305515631895,2.400389566930606,0.0,0.02828427124744435,501
stale-momentum-friendly-sam-muon@per-layer,Stale Momentum-Friendly SAM-Muon [per-layer Frob],stale-momentum-friendly-sam-muon,muon,added,2.0,0.05,2.360843742215427,2.3415878815235107,2.459083735971587,2.3923812988897177,0.0,0.07071067811861084,501
stale-momentum-friendly-sam-muon@per-layer,Stale Momentum-Friendly SAM-Muon [per-layer Frob],stale-momentum-friendly-sam-muon,muon,added,2.0,0.1,2.374324176189503,2.341728070125376,2.453359789778171,2.396576156363944,0.0,0.14142135623722196,501
stale-momentum-friendly-sam-muon@per-layer,Stale Momentum-Friendly SAM-Muon [per-layer Frob],stale-momentum-friendly-sam-muon,muon,added,2.0,0.2,2.387793441650982,2.3308286223391095,2.4509900416863184,2.390142363477004,0.0,0.28284271247444415,501
stale-momentum-friendly-sam-muon@per-layer,Stale Momentum-Friendly SAM-Muon [per-layer Frob],stale-momentum-friendly-sam-muon,muon,added,2.0,0.5,2.3480875602392914,2.3167957102837047,2.4381107174882395,2.375832809492184,0.0,0.7071067811861135,501
stale-momentum-friendly-sam-muon@per-layer,Stale Momentum-Friendly SAM-Muon [per-layer Frob],stale-momentum-friendly-sam-muon,muon,added,2.0,1.0,2.2532164934124497,2.2174088792515385,2.350179182431706,2.282877212793972,0.0,1.4142135623722636,501
stale-momentum-friendly-sam-muon@per-layer,Stale Momentum-Friendly SAM-Muon [per-layer Frob],stale-momentum-friendly-sam-muon,muon,added,3.0,0.01,2.6404728850646446,2.552689571237843,2.682629170931828,2.6184294150599885,0.0,0.01414213562371505,501
stale-momentum-friendly-sam-muon@per-layer,Stale Momentum-Friendly SAM-Muon [per-layer Frob],stale-momentum-friendly-sam-muon,muon,added,3.0,0.02,2.6442459191648955,2.557433399077847,2.67411061015361,2.6188788445756903,0.0,0.0282842712474301,501
stale-momentum-friendly-sam-muon@per-layer,Stale Momentum-Friendly SAM-Muon [per-layer Frob],stale-momentum-friendly-sam-muon,muon,added,3.0,0.05,2.635277048882398,2.5416660651491454,2.6717994252488966,2.6154315233151118,0.0,0.07071067811857525,501
stale-momentum-friendly-sam-muon@per-layer,Stale Momentum-Friendly SAM-Muon [per-layer Frob],stale-momentum-friendly-sam-muon,muon,added,3.0,0.1,2.628216715275335,2.560208522196548,2.682837304588458,2.618510664649882,0.0,0.1414213562371504,501
stale-momentum-friendly-sam-muon@per-layer,Stale Momentum-Friendly SAM-Muon [per-layer Frob],stale-momentum-friendly-sam-muon,muon,added,3.0,0.2,2.6136046715725456,2.5189740276655272,2.65099800728467,2.5988290484471612,0.0,0.2828427124743015,501
stale-momentum-friendly-sam-muon@per-layer,Stale Momentum-Friendly SAM-Muon [per-layer Frob],stale-momentum-friendly-sam-muon,muon,added,3.0,0.5,2.5315838781040974,2.5061770461827795,2.5765349031563423,2.532913798491545,0.0,0.7071067811857674,501
stale-momentum-friendly-sam-muon@per-layer,Stale Momentum-Friendly SAM-Muon [per-layer Frob],stale-momentum-friendly-sam-muon,muon,added,3.0,1.0,2.2983558251172367,2.2775142195546674,2.3793318268851555,2.315569127688909,0.0,1.414213562371717,501
stale-momentum-friendly-sam-muon@per-layer,Stale Momentum-Friendly SAM-Muon [per-layer Frob],stale-momentum-friendly-sam-muon,muon,added,inf,0.01,2.6392982492921058,2.5949717811817217,2.677504050320069,2.6332936624725916,0.0,0.01414213562371655,501
stale-momentum-friendly-sam-muon@per-layer,Stale Momentum-Friendly SAM-Muon [per-layer Frob],stale-momentum-friendly-sam-muon,muon,added,inf,0.02,2.6367900871565975,2.6090915502697127,2.6774107298150427,2.6311050311093607,0.0,0.028284271247433247,501
stale-momentum-friendly-sam-muon@per-layer,Stale Momentum-Friendly SAM-Muon [per-layer Frob],stale-momentum-friendly-sam-muon,muon,added,inf,0.05,2.613478292584051,2.5990323919412868,2.6450576543119677,2.621557602388568,0.0,0.0707106781185831,501
stale-momentum-friendly-sam-muon@per-layer,Stale Momentum-Friendly SAM-Muon [per-layer Frob],stale-momentum-friendly-sam-muon,muon,added,inf,0.1,2.6421571561314834,2.607477054311862,2.664311787475082,2.6305378386730496,0.0,0.14142135623716676,501
stale-momentum-friendly-sam-muon@per-layer,Stale Momentum-Friendly SAM-Muon [per-layer Frob],stale-momentum-friendly-sam-muon,muon,added,inf,0.2,2.619991272186151,2.5951367424420533,2.6452134821652904,2.6134853288168802,0.0,0.2828427124743327,501
stale-momentum-friendly-sam-muon@per-layer,Stale Momentum-Friendly SAM-Muon [per-layer Frob],stale-momentum-friendly-sam-muon,muon,added,inf,0.5,2.5739366021511536,2.536917597096485,2.586437058730632,2.5631034829670836,0.0,0.707106781185845,501
stale-momentum-friendly-sam-muon@per-layer,Stale Momentum-Friendly SAM-Muon [per-layer Frob],stale-momentum-friendly-sam-muon,muon,added,inf,1.0,2.31330806420549,2.284830781916911,2.3625101521974043,2.3198331336560036,0.0,1.4142135623717977,501
stale-momentum-sam-muon@global,Stale-Momentum SAM-Muon [global Frob],stale-momentum-sam-muon,muon,atlas_opt,1.1,0.01,2.5864122499672932,2.5422157146372384,2.66492649012378,2.585222782506859,0.0,0.0099999999999999,501
stale-momentum-sam-muon@global,Stale-Momentum SAM-Muon [global Frob],stale-momentum-sam-muon,muon,atlas_opt,1.1,0.02,2.5863646102017523,2.5422210707822828,2.6650019280571913,2.58515825056097,0.0,0.0199999999999999,501
stale-momentum-sam-muon@global,Stale-Momentum SAM-Muon [global Frob],stale-momentum-sam-muon,muon,atlas_opt,1.1,0.05,2.5869147252785143,2.5427760949262,2.6653443621855617,2.585447084443807,0.0,0.0499999999999998,501
stale-momentum-sam-muon@global,Stale-Momentum SAM-Muon [global Frob],stale-momentum-sam-muon,muon,atlas_opt,1.1,0.1,2.5878365845044398,2.5425557358498914,2.666259448610932,2.5861195216668262,0.0,0.09999999999999964,501
stale-momentum-sam-muon@global,Stale-Momentum SAM-Muon [global Frob],stale-momentum-sam-muon,muon,atlas_opt,1.1,0.2,2.588146206369405,2.542812901910935,2.667285677798555,2.5868403599337264,0.0,0.19999999999999934,501
stale-momentum-sam-muon@global,Stale-Momentum SAM-Muon [global Frob],stale-momentum-sam-muon,muon,atlas_opt,1.1,0.5,2.59040580972372,2.543586028251113,2.6702555858561334,2.589175217881047,0.0,0.49999999999999856,501
stale-momentum-sam-muon@global,Stale-Momentum SAM-Muon [global Frob],stale-momentum-sam-muon,muon,atlas_opt,1.1,1.0,2.5945431139945923,2.5432992315863623,2.6765122332060933,2.593208445311312,0.0,0.9999999999999971,501
stale-momentum-sam-muon@global,Stale-Momentum SAM-Muon [global Frob],stale-momentum-sam-muon,muon,atlas_opt,1.3,0.01,2.259685813665069,2.2123140984522944,2.3389415922822954,2.2799237219373554,0.0,0.0099999999999999,501
stale-momentum-sam-muon@global,Stale-Momentum SAM-Muon [global Frob],stale-momentum-sam-muon,muon,atlas_opt,1.3,0.02,2.261486964079431,2.2129005858172057,2.3387878063421255,2.280848422843282,0.0,0.0199999999999998,501
stale-momentum-sam-muon@global,Stale-Momentum SAM-Muon [global Frob],stale-momentum-sam-muon,muon,atlas_opt,1.3,0.05,2.259303943660739,2.2130870637559146,2.338920520507067,2.2800364643427034,0.0,0.0499999999999995,501
stale-momentum-sam-muon@global,Stale-Momentum SAM-Muon [global Frob],stale-momentum-sam-muon,muon,atlas_opt,1.3,0.1,2.260176648943818,2.2128975865118488,2.337205120894947,2.2800010455545348,0.0,0.09999999999999906,501
stale-momentum-sam-muon@global,Stale-Momentum SAM-Muon [global Frob],stale-momentum-sam-muon,muon,atlas_opt,1.3,0.2,2.261538667337348,2.2131532109669223,2.33422268938348,2.279326785908525,0.0,0.19999999999999807,501
stale-momentum-sam-muon@global,Stale-Momentum SAM-Muon [global Frob],stale-momentum-sam-muon,muon,atlas_opt,1.3,0.5,2.2587497316985563,2.2150322466904324,2.3323252093851523,2.277813161020707,0.0,0.4999999999999952,501
stale-momentum-sam-muon@global,Stale-Momentum SAM-Muon [global Frob],stale-momentum-sam-muon,muon,atlas_opt,1.3,1.0,2.255630255792447,2.209537528118875,2.328981314118368,2.272383400228023,0.0,0.999999999999991,501
stale-momentum-sam-muon@global,Stale-Momentum SAM-Muon [global Frob],stale-momentum-sam-muon,muon,atlas_opt,1.6,0.01,2.2436266633614634,2.228756366625804,2.262272409608565,2.246230713851034,0.0,0.0099999999999994,501
stale-momentum-sam-muon@global,Stale-Momentum SAM-Muon [global Frob],stale-momentum-sam-muon,muon,atlas_opt,1.6,0.02,2.246159000008858,2.2217168647109515,2.26035905440958,2.2445722734931985,0.0,0.0199999999999989,501
stale-momentum-sam-muon@global,Stale-Momentum SAM-Muon [global Frob],stale-momentum-sam-muon,muon,atlas_opt,1.6,0.05,2.2461356155157475,2.2272291011173415,2.2613387742213953,2.2464379994127612,0.0,0.04999999999999735,501
stale-momentum-sam-muon@global,Stale-Momentum SAM-Muon [global Frob],stale-momentum-sam-muon,muon,atlas_opt,1.6,0.1,2.241946901103149,2.2271334917888543,2.2603299622798314,2.2437543767136248,0.0,0.0999999999999947,501
stale-momentum-sam-muon@global,Stale-Momentum SAM-Muon [global Frob],stale-momentum-sam-muon,muon,atlas_opt,1.6,0.2,2.2357124054417223,2.207714742483483,2.2568984475953435,2.237667249636731,0.0,0.19999999999998946,501
stale-momentum-sam-muon@global,Stale-Momentum SAM-Muon [global Frob],stale-momentum-sam-muon,muon,atlas_opt,1.6,0.5,2.2250308944527446,2.19707710713488,2.250974117906455,2.2282144422702412,0.0,0.4999999999999745,501
stale-momentum-sam-muon@global,Stale-Momentum SAM-Muon [global Frob],stale-momentum-sam-muon,muon,atlas_opt,1.6,1.0,2.2745724538191743,2.2502809892138966,2.295189610335593,2.2697240137635273,0.0,0.9999999999999761,501
stale-momentum-sam-muon@global,Stale-Momentum SAM-Muon [global Frob],stale-momentum-sam-muon,muon,atlas_opt,2.0,0.01,2.3756540389145133,2.3408849838699575,2.4559757544311256,2.3965870697107983,0.0,0.00999999999999885,501
stale-momentum-sam-muon@global,Stale-Momentum SAM-Muon [global Frob],stale-momentum-sam-muon,muon,atlas_opt,2.0,0.02,2.373702219788302,2.3399037790241066,2.4560621133944194,2.398235279154653,0.0,0.01999999999999775,501
stale-momentum-sam-muon@global,Stale-Momentum SAM-Muon [global Frob],stale-momentum-sam-muon,muon,atlas_opt,2.0,0.05,2.3777331809062012,2.33549053644045,2.4672748034136296,2.393194421608138,0.0,0.04999999999999455,501
stale-momentum-sam-muon@global,Stale-Momentum SAM-Muon [global Frob],stale-momentum-sam-muon,muon,atlas_opt,2.0,0.1,2.361269262577813,2.335883634551998,2.4487203705320812,2.381628978974956,0.0,0.09999999999998921,501
stale-momentum-sam-muon@global,Stale-Momentum SAM-Muon [global Frob],stale-momentum-sam-muon,muon,atlas_opt,2.0,0.2,2.368398762169906,2.3028136119009854,2.426465916081004,2.3692871139342193,0.0,0.19999999999997875,501
stale-momentum-sam-muon@global,Stale-Momentum SAM-Muon [global Frob],stale-momentum-sam-muon,muon,atlas_opt,2.0,0.5,2.2328673730104054,2.1863882611412504,2.264085199104482,2.22459001882911,0.0,0.4999999999999747,501
stale-momentum-sam-muon@global,Stale-Momentum SAM-Muon [global Frob],stale-momentum-sam-muon,muon,atlas_opt,2.0,1.0,2.1867136303678465,2.172088800089246,2.202773319329743,2.189450053740272,0.0,0.9999999999999674,501
stale-momentum-sam-muon@global,Stale-Momentum SAM-Muon [global Frob],stale-momentum-sam-muon,muon,atlas_opt,3.0,0.01,2.6464464954180773,2.551270118242628,2.68515341449093,2.622072792723544,0.0,0.00999999999999795,501
stale-momentum-sam-muon@global,Stale-Momentum SAM-Muon [global Frob],stale-momentum-sam-muon,muon,atlas_opt,3.0,0.02,2.6439928139716855,2.5538215411038494,2.678153796792094,2.6232288731833924,0.0,0.01999999999999595,501
stale-momentum-sam-muon@global,Stale-Momentum SAM-Muon [global Frob],stale-momentum-sam-muon,muon,atlas_opt,3.0,0.05,2.647873121613131,2.553714425502516,2.6836624426587603,2.61850761836142,0.0,0.04999999999998995,501
stale-momentum-sam-muon@global,Stale-Momentum SAM-Muon [global Frob],stale-momentum-sam-muon,muon,atlas_opt,3.0,0.1,2.6270785962117866,2.5330537497060512,2.657508055362558,2.600239689638145,0.0,0.0999999999999801,501
stale-momentum-sam-muon@global,Stale-Momentum SAM-Muon [global Frob],stale-momentum-sam-muon,muon,atlas_opt,3.0,0.2,2.5674402844834274,2.4835380097076283,2.5886409108189143,2.541857549814261,0.0,0.19999999999996584,501
stale-momentum-sam-muon@global,Stale-Momentum SAM-Muon [global Frob],stale-momentum-sam-muon,muon,atlas_opt,3.0,0.5,2.332733383654374,2.300665736841096,2.362194637753194,2.3247818241360387,0.0,0.4999999999999753,501
stale-momentum-sam-muon@global,Stale-Momentum SAM-Muon [global Frob],stale-momentum-sam-muon,muon,atlas_opt,3.0,1.0,2.31192060567596,2.248361071465067,2.3753764793347063,2.3102388000740435,0.0,0.9999999999999665,501
stale-momentum-sam-muon@global,Stale-Momentum SAM-Muon [global Frob],stale-momentum-sam-muon,muon,atlas_opt,inf,0.01,2.629684003738293,2.5982218971003164,2.6815599748089483,2.6318537080775286,0.0,0.0099999999999981,501
stale-momentum-sam-muon@global,Stale-Momentum SAM-Muon [global Frob],stale-momentum-sam-muon,muon,atlas_opt,inf,0.02,2.637946029659424,2.6003394641323934,2.6674988648232123,2.6323773819471326,0.0,0.0199999999999963,501
stale-momentum-sam-muon@global,Stale-Momentum SAM-Muon [global Frob],stale-momentum-sam-muon,muon,atlas_opt,inf,0.05,2.623277770958128,2.609820880636276,2.6542585117752213,2.629286493537963,0.0,0.0499999999999909,501
stale-momentum-sam-muon@global,Stale-Momentum SAM-Muon [global Frob],stale-momentum-sam-muon,muon,atlas_opt,inf,0.1,2.6093831652838553,2.570179215110027,2.6311760792493573,2.607470562066372,0.0,0.099999999999982,501
stale-momentum-sam-muon@global,Stale-Momentum SAM-Muon [global Frob],stale-momentum-sam-muon,muon,atlas_opt,inf,0.2,2.556995407427307,2.517610538682853,2.612364181177252,2.5562948814833684,0.0,0.19999999999997195,501
stale-momentum-sam-muon@global,Stale-Momentum SAM-Muon [global Frob],stale-momentum-sam-muon,muon,atlas_opt,inf,0.5,2.357612199096665,2.30000236537625,2.386467207198994,2.350070690935593,0.0,0.49999999999997646,501
stale-momentum-sam-muon@global,Stale-Momentum SAM-Muon [global Frob],stale-momentum-sam-muon,muon,atlas_opt,inf,1.0,2.3065884066332556,2.250544639395832,2.3557105469065327,2.3095995402287577,0.0,0.9999999999999633,501
stale-momentum-sam-muon@per-layer,Stale-Momentum SAM-Muon [per-layer Frob],stale-momentum-sam-muon,muon,atlas_opt,1.1,0.01,2.586392030357487,2.542261529078762,2.665304648579947,2.585297944239747,0.0,0.0141421356237308,501
stale-momentum-sam-muon@per-layer,Stale-Momentum SAM-Muon [per-layer Frob],stale-momentum-sam-muon,muon,atlas_opt,1.1,0.02,2.586341725518077,2.5424205465154928,2.665506319868581,2.5853165814764,0.0,0.0282842712474617,501
stale-momentum-sam-muon@per-layer,Stale-Momentum SAM-Muon [per-layer Frob],stale-momentum-sam-muon,muon,atlas_opt,1.1,0.05,2.5871480567219223,2.5426371614193988,2.6656132895394133,2.585753393654782,0.0,0.0707106781186543,501
stale-momentum-sam-muon@per-layer,Stale-Momentum SAM-Muon [per-layer Frob],stale-momentum-sam-muon,muon,atlas_opt,1.1,0.1,2.5865411570622445,2.5430209318921224,2.666361031927562,2.586164034728111,0.0,0.14142135623730864,501
stale-momentum-sam-muon@per-layer,Stale-Momentum SAM-Muon [per-layer Frob],stale-momentum-sam-muon,muon,atlas_opt,1.1,0.2,2.5887403528961457,2.5432126330735034,2.6679993110411195,2.587331387185219,0.0,0.28284271247461745,501
stale-momentum-sam-muon@per-layer,Stale-Momentum SAM-Muon [per-layer Frob],stale-momentum-sam-muon,muon,atlas_opt,1.1,0.5,2.5921063560068616,2.5431827078322278,2.6738886621017723,2.5906619521248238,0.0,0.7071067811865437,501
stale-momentum-sam-muon@per-layer,Stale-Momentum SAM-Muon [per-layer Frob],stale-momentum-sam-muon,muon,atlas_opt,1.1,1.0,2.5984548731278485,2.546022706612181,2.67787658323866,2.5953069006917917,0.0,1.4142135623730874,501
stale-momentum-sam-muon@per-layer,Stale-Momentum SAM-Muon [per-layer Frob],stale-momentum-sam-muon,muon,atlas_opt,1.3,0.01,2.2593621697106063,2.2148154064994863,2.339279246950679,2.28092781796374,0.0,0.01414213562373065,501
stale-momentum-sam-muon@per-layer,Stale-Momentum SAM-Muon [per-layer Frob],stale-momentum-sam-muon,muon,atlas_opt,1.3,0.02,2.2576184333558666,2.212834631195088,2.339257196934878,2.2801613019218356,0.0,0.02828427124746135,501
stale-momentum-sam-muon@per-layer,Stale-Momentum SAM-Muon [per-layer Frob],stale-momentum-sam-muon,muon,atlas_opt,1.3,0.05,2.2616055761618057,2.212471470045646,2.3382178967467904,2.27959801744631,0.0,0.07071067811865345,501
stale-momentum-sam-muon@per-layer,Stale-Momentum SAM-Muon [per-layer Frob],stale-momentum-sam-muon,muon,atlas_opt,1.3,0.1,2.2610180895881866,2.2106582030182085,2.33518401418382,2.278204964885964,0.0,0.14142135623730684,501
stale-momentum-sam-muon@per-layer,Stale-Momentum SAM-Muon [per-layer Frob],stale-momentum-sam-muon,muon,atlas_opt,1.3,0.2,2.2603213362269154,2.211633008809997,2.333160143144063,2.2779485222519043,0.0,0.2828427124746138,501
stale-momentum-sam-muon@per-layer,Stale-Momentum SAM-Muon [per-layer Frob],stale-momentum-sam-muon,muon,atlas_opt,1.3,0.5,2.256334072118224,2.210592776949894,2.327024877041575,2.274411883924089,0.0,0.7071067811865345,501
stale-momentum-sam-muon@per-layer,Stale-Momentum SAM-Muon [per-layer Frob],stale-momentum-sam-muon,muon,atlas_opt,1.3,1.0,2.2498532106886606,2.1977793642846413,2.31530253289,2.2628707051677894,0.0,1.4142135623730696,501
stale-momentum-sam-muon@per-layer,Stale-Momentum SAM-Muon [per-layer Frob],stale-momentum-sam-muon,muon,atlas_opt,1.6,0.01,2.245449593849734,2.2286015591067843,2.2578387421426296,2.245591581051581,0.0,0.01414213562372975,501
stale-momentum-sam-muon@per-layer,Stale-Momentum SAM-Muon [per-layer Frob],stale-momentum-sam-muon,muon,atlas_opt,1.6,0.02,2.2417450795802423,2.2315634853729565,2.2589532481665078,2.244479858885482,0.0,0.0282842712474596,501
stale-momentum-sam-muon@per-layer,Stale-Momentum SAM-Muon [per-layer Frob],stale-momentum-sam-muon,muon,atlas_opt,1.6,0.05,2.241065785970796,2.2280194341249615,2.2608675855892555,2.243374502871575,0.0,0.07071067811864905,501
stale-momentum-sam-muon@per-layer,Stale-Momentum SAM-Muon [per-layer Frob],stale-momentum-sam-muon,muon,atlas_opt,1.6,0.1,2.2387649196145327,2.217321666540741,2.2566715286460792,2.2402327843899874,0.0,0.14142135623729823,501
stale-momentum-sam-muon@per-layer,Stale-Momentum SAM-Muon [per-layer Frob],stale-momentum-sam-muon,muon,atlas_opt,1.6,0.2,2.234242968979119,2.2142164274906566,2.2459652192265858,2.2334807707904787,0.0,0.28284271247459664,501
stale-momentum-sam-muon@per-layer,Stale-Momentum SAM-Muon [per-layer Frob],stale-momentum-sam-muon,muon,atlas_opt,1.6,0.5,2.2381837469575565,2.2191111182006535,2.259510805667196,2.2400912210150707,0.0,0.7071067811865099,501
stale-momentum-sam-muon@per-layer,Stale-Momentum SAM-Muon [per-layer Frob],stale-momentum-sam-muon,muon,atlas_opt,1.6,1.0,2.1995626289908086,2.185278339326525,2.2698228811050245,2.2138998138691286,0.0,1.4142135623730423,501
stale-momentum-sam-muon@per-layer,Stale-Momentum SAM-Muon [per-layer Frob],stale-momentum-sam-muon,muon,atlas_opt,2.0,0.01,2.374547773419988,2.344052566191058,2.4615291433164126,2.4011852348227705,0.0,0.0141421356237285,501
stale-momentum-sam-muon@per-layer,Stale-Momentum SAM-Muon [per-layer Frob],stale-momentum-sam-muon,muon,atlas_opt,2.0,0.02,2.3822534583732713,2.3431022620872923,2.4641282628009704,2.3991332231238855,0.0,0.028284271247457048,501
stale-momentum-sam-muon@per-layer,Stale-Momentum SAM-Muon [per-layer Frob],stale-momentum-sam-muon,muon,atlas_opt,2.0,0.05,2.380750235495751,2.337842058241405,2.4487890268840493,2.3882791605698364,0.0,0.07071067811864279,501
stale-momentum-sam-muon@per-layer,Stale-Momentum SAM-Muon [per-layer Frob],stale-momentum-sam-muon,muon,atlas_opt,2.0,0.1,2.3819782007865227,2.3246711410312413,2.438479015353833,2.383911229813331,0.0,0.14142135623728605,501
stale-momentum-sam-muon@per-layer,Stale-Momentum SAM-Muon [per-layer Frob],stale-momentum-sam-muon,muon,atlas_opt,2.0,0.2,2.3440024445274505,2.2776681191348516,2.4147847995496026,2.345776290156397,0.0,0.2828427124745796,501
stale-momentum-sam-muon@per-layer,Stale-Momentum SAM-Muon [per-layer Frob],stale-momentum-sam-muon,muon,atlas_opt,2.0,0.5,2.1850097100526056,2.1637278695894264,2.225003104411722,2.1931988335445,0.0,0.7071067811864924,501
stale-momentum-sam-muon@per-layer,Stale-Momentum SAM-Muon [per-layer Frob],stale-momentum-sam-muon,muon,atlas_opt,2.0,1.0,2.332706945465169,2.2955612509052843,2.3633134445993025,2.326148710247306,0.0,1.414213562373035,501
stale-momentum-sam-muon@per-layer,Stale-Momentum SAM-Muon [per-layer Frob],stale-momentum-sam-muon,muon,atlas_opt,3.0,0.01,2.632065955114915,2.5583579862991144,2.673220168095617,2.6186689270864423,0.0,0.0141421356237264,501
stale-momentum-sam-muon@per-layer,Stale-Momentum SAM-Muon [per-layer Frob],stale-momentum-sam-muon,muon,atlas_opt,3.0,0.02,2.6402720871181184,2.548782298480865,2.682945589173584,2.6189176249461665,0.0,0.0282842712474529,501
stale-momentum-sam-muon@per-layer,Stale-Momentum SAM-Muon [per-layer Frob],stale-momentum-sam-muon,muon,atlas_opt,3.0,0.05,2.629935014646515,2.5382755779677817,2.6586526471565533,2.6022756252417145,0.0,0.0707106781186326,501
stale-momentum-sam-muon@per-layer,Stale-Momentum SAM-Muon [per-layer Frob],stale-momentum-sam-muon,muon,atlas_opt,3.0,0.1,2.599621399193625,2.5180892277802847,2.6313769549763677,2.5822158795612564,0.0,0.14142135623726645,501
stale-momentum-sam-muon@per-layer,Stale-Momentum SAM-Muon [per-layer Frob],stale-momentum-sam-muon,muon,atlas_opt,3.0,0.2,2.467990465463661,2.4409213164988497,2.4991704035832223,2.458866815043399,0.0,0.2828427124745631,501
stale-momentum-sam-muon@per-layer,Stale-Momentum SAM-Muon [per-layer Frob],stale-momentum-sam-muon,muon,atlas_opt,3.0,0.5,2.2541827566180737,2.230449217412284,2.3034968669051668,2.256511184049692,0.0,0.7071067811864816,501
stale-momentum-sam-muon@per-layer,Stale-Momentum SAM-Muon [per-layer Frob],stale-momentum-sam-muon,muon,atlas_opt,3.0,1.0,2.42461225990688,2.3710704442368478,2.457169963108151,2.415809449669391,0.0,1.4142135623730276,501
stale-momentum-sam-muon@per-layer,Stale-Momentum SAM-Muon [per-layer Frob],stale-momentum-sam-muon,muon,atlas_opt,inf,0.01,2.633388588535328,2.5952977574028466,2.666786681424622,2.6323190211799563,0.0,0.01414213562372685,501
stale-momentum-sam-muon@per-layer,Stale-Momentum SAM-Muon [per-layer Frob],stale-momentum-sam-muon,muon,atlas_opt,inf,0.02,2.62425931413464,2.597334669241511,2.660582159379056,2.6265957486757143,0.0,0.0282842712474538,501
stale-momentum-sam-muon@per-layer,Stale-Momentum SAM-Muon [per-layer Frob],stale-momentum-sam-muon,muon,atlas_opt,inf,0.05,2.609330986713699,2.5806006222361475,2.6399976096596296,2.613717148890757,0.0,0.0707106781186348,501
stale-momentum-sam-muon@per-layer,Stale-Momentum SAM-Muon [per-layer Frob],stale-momentum-sam-muon,muon,atlas_opt,inf,0.1,2.5916103751260438,2.561402771157063,2.6270124429175015,2.5937410161719487,0.0,0.14142135623727065,501
stale-momentum-sam-muon@per-layer,Stale-Momentum SAM-Muon [per-layer Frob],stale-momentum-sam-muon,muon,atlas_opt,inf,0.2,2.436063667874392,2.427411565568521,2.509763487790514,2.4599570616364534,0.0,0.2828427124745668,501
stale-momentum-sam-muon@per-layer,Stale-Momentum SAM-Muon [per-layer Frob],stale-momentum-sam-muon,muon,atlas_opt,inf,0.5,2.265619493555252,2.2319462719268715,2.2954776144319418,2.2604482206754875,0.0,0.7071067811864832,501
stale-momentum-sam-muon@per-layer,Stale-Momentum SAM-Muon [per-layer Frob],stale-momentum-sam-muon,muon,atlas_opt,inf,1.0,2.3770547518090592,2.3519433463575226,2.454174721623239,2.398490365498095,0.0,1.414213562373031,501
