variant,label,algorithm,outer,origin,alpha,rho,median,q25,q75,mean_finite,divergence_rate,perturbation,oracle_calls
adam,AdamW,adam,adam,requested,1.1,,0.5638820124545617,0.531061057504506,0.6224121394511166,0.5744815934256318,0.0,0.0,1000
adam,AdamW,adam,adam,requested,1.3,,0.17277392390384536,0.15405092745186655,0.1998002604385663,0.173698141798771,0.0,0.0,1000
adam,AdamW,adam,adam,requested,1.6,,0.0257978505325342,0.020475457978488425,0.026967043721919347,0.026311860839732065,0.0,0.0,1000
adam,AdamW,adam,adam,requested,2.0,,0.00446020058064475,0.004060791054164976,0.00520141875990225,0.005010437623039443,0.0,0.0,1000
adam,AdamW,adam,adam,requested,3.0,,0.00142199575022405,0.001354725339146475,0.0014749943705787,0.0014162455910019843,0.0,0.0,1000
adam,AdamW,adam,adam,requested,inf,,0.0015713068920647,0.0015319021057318251,0.001609790062403825,0.0015828869066380436,0.0,0.0,1000
clip-sgd,Clip-SGD,clip-sgd,clip_sgd,added,1.1,,0.0980750180873315,0.0955805452386201,0.10503434261367513,0.09983791665140535,0.0,0.0,1000
clip-sgd,Clip-SGD,clip-sgd,clip_sgd,added,1.3,,0.0287085114391262,0.0275800733935136,0.02989061782591775,0.02881509937568137,0.0,0.0,1000
clip-sgd,Clip-SGD,clip-sgd,clip_sgd,added,1.6,,0.008856807868849851,0.008354846163856325,0.009133279528241025,0.008781303980857793,0.0,0.0,1000
clip-sgd,Clip-SGD,clip-sgd,clip_sgd,added,2.0,,0.00373223428900615,0.0036442853952521,0.003838318433507725,0.0037334148633127624,0.0,0.0,1000
clip-sgd,Clip-SGD,clip-sgd,clip_sgd,added,3.0,,0.0012750176124001998,0.0012257333553213,0.00131914127916505,0.0012705306701862092,0.0,0.0,1000
clip-sgd,Clip-SGD,clip-sgd,clip_sgd,added,inf,,0.0014198573523080001,0.0013725597165517999,0.001480415548829125,0.0014356067209043907,0.0,0.0,1000
friendly-sam-sgd@global,Friendly SAM + SGD [global Frob],friendly-sam-sgd,sgd,both,1.1,0.01,5.9798365082223075,4.858476882289852,9.38509026368846,8.054432676922433,0.0,0.00999999999999935,2000
friendly-sam-sgd@global,Friendly SAM + SGD [global Frob],friendly-sam-sgd,sgd,both,1.1,0.02,5.945307848477201,4.8077942855733635,9.627153015407817,7.818849306359281,0.0,0.0199999999999988,2000
friendly-sam-sgd@global,Friendly SAM + SGD [global Frob],friendly-sam-sgd,sgd,both,1.1,0.05,5.943329857472055,4.707867015441844,9.693259989343742,7.72339980399634,0.0,0.04999999999999705,2000
friendly-sam-sgd@global,Friendly SAM + SGD [global Frob],friendly-sam-sgd,sgd,both,1.1,0.1,5.743385622120488,4.488164397015005,8.583965289860231,7.25681601517209,0.0,0.0999999999999941,2000
friendly-sam-sgd@global,Friendly SAM + SGD [global Frob],friendly-sam-sgd,sgd,both,1.1,0.2,5.355282343197216,4.121121321688751,7.332668461943154,6.798302811314134,0.0,0.19999999999998805,2000
friendly-sam-sgd@global,Friendly SAM + SGD [global Frob],friendly-sam-sgd,sgd,both,1.1,0.5,4.117226362930513,3.101942886053089,5.958649015076379,5.28617675946825,0.0,0.49999999999996664,2000
friendly-sam-sgd@global,Friendly SAM + SGD [global Frob],friendly-sam-sgd,sgd,both,1.1,1.0,1.9042236816722218,1.4575759451022656,3.253625631086898,3.821456202551728,0.0,0.9999999999999056,2000
friendly-sam-sgd@global,Friendly SAM + SGD [global Frob],friendly-sam-sgd,sgd,both,1.3,0.01,0.28387060913860584,0.22080366996585127,0.41688480509112236,0.3921476904518493,0.0,0.00999999999999635,2000
friendly-sam-sgd@global,Friendly SAM + SGD [global Frob],friendly-sam-sgd,sgd,both,1.3,0.02,0.2784915632123376,0.21789164387077944,0.4074874228037945,0.3852522511754257,0.0,0.01999999999999275,2000
friendly-sam-sgd@global,Friendly SAM + SGD [global Frob],friendly-sam-sgd,sgd,both,1.3,0.05,0.2632438226824215,0.20970602830168822,0.3781336077517281,0.36534916629056785,0.0,0.049999999999981545,2000
friendly-sam-sgd@global,Friendly SAM + SGD [global Frob],friendly-sam-sgd,sgd,both,1.3,0.1,0.24673536111684724,0.19875327603359105,0.3361021762485834,0.3349436767589651,0.0,0.09999999999996155,2000
friendly-sam-sgd@global,Friendly SAM + SGD [global Frob],friendly-sam-sgd,sgd,both,1.3,0.2,0.2175193397013394,0.18595502707670764,0.29041794561943746,0.28484157756452105,0.0,0.19999999999991558,2000
friendly-sam-sgd@global,Friendly SAM + SGD [global Frob],friendly-sam-sgd,sgd,both,1.3,0.5,0.2332584651487274,0.21074438409716195,0.2655101805112827,0.25677686825290025,0.0,0.4999999999996514,2000
friendly-sam-sgd@global,Friendly SAM + SGD [global Frob],friendly-sam-sgd,sgd,both,1.3,1.0,0.49571069613405927,0.4843304995149019,0.5071699955799811,0.4972222366679413,0.0,0.9999999999984222,2000
friendly-sam-sgd@global,Friendly SAM + SGD [global Frob],friendly-sam-sgd,sgd,both,1.6,0.01,0.03411828313241685,0.026735464118695026,0.0499031471207857,0.07662593643134313,0.0,0.00999999999998755,2000
friendly-sam-sgd@global,Friendly SAM + SGD [global Frob],friendly-sam-sgd,sgd,both,1.6,0.02,0.033486885071426,0.02622711087785715,0.0483874002924141,0.07202216657709663,0.0,0.0199999999999747,2000
friendly-sam-sgd@global,Friendly SAM + SGD [global Frob],friendly-sam-sgd,sgd,both,1.6,0.05,0.03202490046002525,0.025077599609466726,0.04429052875236693,0.060360964349829904,0.0,0.04999999999993375,2000
friendly-sam-sgd@global,Friendly SAM + SGD [global Frob],friendly-sam-sgd,sgd,both,1.6,0.1,0.0301462312754728,0.023989588878452622,0.038990753343805876,0.047279293359648006,0.0,0.09999999999985759,2000
friendly-sam-sgd@global,Friendly SAM + SGD [global Frob],friendly-sam-sgd,sgd,both,1.6,0.2,0.02899827960168535,0.02427953456339885,0.037539681247553025,0.037032719008509477,0.0,0.19999999999968104,2000
friendly-sam-sgd@global,Friendly SAM + SGD [global Frob],friendly-sam-sgd,sgd,both,1.6,0.5,0.05107458938514135,0.045906066297631096,0.05745897347203347,0.05790365997192036,0.0,0.4999999999989534,2000
friendly-sam-sgd@global,Friendly SAM + SGD [global Frob],friendly-sam-sgd,sgd,both,1.6,1.0,0.23600524943208415,0.20799733915149865,0.2606826420554008,0.23970443055452495,0.0,0.999999999996749,2000
friendly-sam-sgd@global,Friendly SAM + SGD [global Frob],friendly-sam-sgd,sgd,both,2.0,0.01,0.004706098700090399,0.0041520556216636,0.00598837415340685,0.005839505015691869,0.0,0.00999999999996805,2000
friendly-sam-sgd@global,Friendly SAM + SGD [global Frob],friendly-sam-sgd,sgd,both,2.0,0.02,0.00463078612500495,0.004088214094265,0.0060287337624289,0.005930365822579279,0.0,0.0199999999999354,2000
friendly-sam-sgd@global,Friendly SAM + SGD [global Frob],friendly-sam-sgd,sgd,both,2.0,0.05,0.0044641137083786,0.0039629225173872,0.0057348261571403,0.005730996218568175,0.0,0.049999999999833955,2000
friendly-sam-sgd@global,Friendly SAM + SGD [global Frob],friendly-sam-sgd,sgd,both,2.0,0.1,0.0043722187982069,0.003898921235125575,0.005616405087611225,0.005811037529485559,0.0,0.09999999999965101,2000
friendly-sam-sgd@global,Friendly SAM + SGD [global Frob],friendly-sam-sgd,sgd,both,2.0,0.2,0.00485439262581575,0.0044276456611402,0.0061631902624088245,0.006520334764595459,0.0,0.1999999999992753,2000
friendly-sam-sgd@global,Friendly SAM + SGD [global Frob],friendly-sam-sgd,sgd,both,2.0,0.5,0.011988363492975499,0.01129127605350685,0.01371774417171325,0.01372116164727559,0.0,0.49999999999807754,2000
friendly-sam-sgd@global,Friendly SAM + SGD [global Frob],friendly-sam-sgd,sgd,both,2.0,1.0,0.0483089366419389,0.045108533515792075,0.050492013696472576,0.04851899777841549,0.0,0.999999999995981,2000
friendly-sam-sgd@global,Friendly SAM + SGD [global Frob],friendly-sam-sgd,sgd,both,3.0,0.01,0.0012665531749067,0.001218788872307775,0.001306997527612,0.0012592864684405657,0.0,0.0099999999999421,2000
friendly-sam-sgd@global,Friendly SAM + SGD [global Frob],friendly-sam-sgd,sgd,both,3.0,0.02,0.0012615947866848,0.0012113900144014001,0.0012962125159160249,0.0012495617038570314,0.0,0.019999999999884,2000
friendly-sam-sgd@global,Friendly SAM + SGD [global Frob],friendly-sam-sgd,sgd,both,3.0,0.05,0.0012448805392546,0.0011933801589574,0.0012768493636429999,0.0012337960798764437,0.0,0.0499999999997088,2000
friendly-sam-sgd@global,Friendly SAM + SGD [global Frob],friendly-sam-sgd,sgd,both,3.0,0.1,0.00124962618465035,0.00120685366893475,0.0013014099401642,0.0012517467152441187,0.0,0.09999999999941395,2000
friendly-sam-sgd@global,Friendly SAM + SGD [global Frob],friendly-sam-sgd,sgd,both,3.0,0.2,0.0014513030187967,0.001415760451328325,0.00150332255001235,0.0014577976035689687,0.0,0.19999999999881435,2000
friendly-sam-sgd@global,Friendly SAM + SGD [global Frob],friendly-sam-sgd,sgd,both,3.0,0.5,0.0190052564277341,0.003779749815514725,0.024364076467202476,0.015737183414850715,0.0,0.4999999999985947,2000
friendly-sam-sgd@global,Friendly SAM + SGD [global Frob],friendly-sam-sgd,sgd,both,3.0,1.0,0.0296094493518773,0.027040515784024624,0.032792746832722076,0.030025041926780696,0.0,0.9999999999972065,2000
friendly-sam-sgd@global,Friendly SAM + SGD [global Frob],friendly-sam-sgd,sgd,both,inf,0.01,0.00141067235548015,0.00136134835343795,0.001470273692085,0.0014227875374640407,0.0,0.009999999999947249,2000
friendly-sam-sgd@global,Friendly SAM + SGD [global Frob],friendly-sam-sgd,sgd,both,inf,0.02,0.00139903559310085,0.0013530118278630501,0.0014628918612666249,0.0014116968972006437,0.0,0.0199999999998944,2000
friendly-sam-sgd@global,Friendly SAM + SGD [global Frob],friendly-sam-sgd,sgd,both,inf,0.05,0.00138098308135265,0.00134347231595995,0.001431253033154325,0.0013941436921810595,0.0,0.04999999999973495,2000
friendly-sam-sgd@global,Friendly SAM + SGD [global Frob],friendly-sam-sgd,sgd,both,inf,0.1,0.00140087206030785,0.00137238397246995,0.00146280199560085,0.0014168090168143594,0.0,0.0999999999994667,2000
friendly-sam-sgd@global,Friendly SAM + SGD [global Frob],friendly-sam-sgd,sgd,both,inf,0.2,0.0016414759331488502,0.001588390104507575,0.00171384594707065,0.0016600613782561439,0.0,0.19999999999892037,2000
friendly-sam-sgd@global,Friendly SAM + SGD [global Frob],friendly-sam-sgd,sgd,both,inf,0.5,0.0203579471739283,0.0043381706479783,0.024210934500604124,0.015326728836396178,0.0,0.4999999999986715,2000
friendly-sam-sgd@global,Friendly SAM + SGD [global Frob],friendly-sam-sgd,sgd,both,inf,1.0,0.030736164749847902,0.028045951004458877,0.03309283792841072,0.03045460855584464,0.0,0.9999999999972682,2000
friendly-sam-sgd@per-layer,Friendly SAM + SGD [per-layer Frob],friendly-sam-sgd,sgd,both,1.1,0.01,5.976442989781491,4.566612386889697,9.877733984614094,7.972140461825289,0.0,0.0141421356237297,2000
friendly-sam-sgd@per-layer,Friendly SAM + SGD [per-layer Frob],friendly-sam-sgd,sgd,both,1.1,0.02,5.922425643014777,4.7477172416847075,9.299997325390319,7.8447916564107345,0.0,0.02828427124745945,2000
friendly-sam-sgd@per-layer,Friendly SAM + SGD [per-layer Frob],friendly-sam-sgd,sgd,both,1.1,0.05,5.850604116324247,4.697337165246476,8.786401268066102,7.4731526212477455,0.0,0.07071067811864876,2000
friendly-sam-sgd@per-layer,Friendly SAM + SGD [per-layer Frob],friendly-sam-sgd,sgd,both,1.1,0.1,5.488199139750304,4.419236151331729,7.845315603764378,7.0541524428569575,0.0,0.14142135623729718,2000
friendly-sam-sgd@per-layer,Friendly SAM + SGD [per-layer Frob],friendly-sam-sgd,sgd,both,1.1,0.2,5.02493056586019,3.8234255970765956,6.659513130793183,6.288974301679859,0.0,0.2828427124745941,2000
friendly-sam-sgd@per-layer,Friendly SAM + SGD [per-layer Frob],friendly-sam-sgd,sgd,both,1.1,0.5,3.213019963786431,2.426871115673756,5.047894779769926,4.969534439271689,0.0,0.7071067811864682,2000
friendly-sam-sgd@per-layer,Friendly SAM + SGD [per-layer Frob],friendly-sam-sgd,sgd,both,1.1,1.0,1.2258470196491618,0.8485218516170244,1.6393164022358588,2.3413601691977934,0.0,1.4142135623727743,2000
friendly-sam-sgd@per-layer,Friendly SAM + SGD [per-layer Frob],friendly-sam-sgd,sgd,both,1.3,0.01,0.28177316179858525,0.21961138250122383,0.41327331092351516,0.3895241295672187,0.0,0.01414213562372315,2000
friendly-sam-sgd@per-layer,Friendly SAM + SGD [per-layer Frob],friendly-sam-sgd,sgd,both,1.3,0.02,0.27440690664481593,0.2155944984860861,0.39932046761284407,0.3801372890023257,0.0,0.028284271247446202,2000
friendly-sam-sgd@per-layer,Friendly SAM + SGD [per-layer Frob],friendly-sam-sgd,sgd,both,1.3,0.05,0.25643610006480544,0.20464912083954817,0.3604670889336407,0.35352496033969116,0.0,0.07071067811861395,2000
friendly-sam-sgd@per-layer,Friendly SAM + SGD [per-layer Frob],friendly-sam-sgd,sgd,both,1.3,0.1,0.2314191669963045,0.1925261756852512,0.3133762797764462,0.3148912993315471,0.0,0.1414213562372216,2000
friendly-sam-sgd@per-layer,Friendly SAM + SGD [per-layer Frob],friendly-sam-sgd,sgd,both,1.3,0.2,0.20972815944902065,0.18250639602292656,0.272724637689821,0.2577862383871642,0.0,0.2828427124744105,2000
friendly-sam-sgd@per-layer,Friendly SAM + SGD [per-layer Frob],friendly-sam-sgd,sgd,both,1.3,0.5,0.3932168875485784,0.35097616396043096,0.45273455312590094,0.40794003747722,0.0,0.707106781185417,2000
friendly-sam-sgd@per-layer,Friendly SAM + SGD [per-layer Frob],friendly-sam-sgd,sgd,both,1.3,1.0,0.5076355659734493,0.5031479888255703,0.5100887010572678,0.5113243975248583,0.0,1.41421356236945,2000
friendly-sam-sgd@per-layer,Friendly SAM + SGD [per-layer Frob],friendly-sam-sgd,sgd,both,1.6,0.01,0.03387203462532825,0.026523196639139324,0.0492777544835809,0.07526495787130935,0.0,0.01414213562370525,2000
friendly-sam-sgd@per-layer,Friendly SAM + SGD [per-layer Frob],friendly-sam-sgd,sgd,both,1.6,0.02,0.0331004584008826,0.025827006767724175,0.04721833186158737,0.06949815305310297,0.0,0.02828427124740935,2000
friendly-sam-sgd@per-layer,Friendly SAM + SGD [per-layer Frob],friendly-sam-sgd,sgd,both,1.6,0.05,0.03121315229222635,0.024491089985641,0.04182769131341842,0.05556531226247326,0.0,0.070710678118516,2000
friendly-sam-sgd@per-layer,Friendly SAM + SGD [per-layer Frob],friendly-sam-sgd,sgd,both,1.6,0.1,0.02920445018326045,0.02360731291537665,0.03772479114978663,0.04208051758457619,0.0,0.14142135623700874,2000
friendly-sam-sgd@per-layer,Friendly SAM + SGD [per-layer Frob],friendly-sam-sgd,sgd,both,1.6,0.2,0.0314209202600962,0.026621991370697276,0.03897022659429525,0.03740244736300233,0.0,0.28284271247390746,2000
friendly-sam-sgd@per-layer,Friendly SAM + SGD [per-layer Frob],friendly-sam-sgd,sgd,both,1.6,0.5,0.0944871135299226,0.08532508677598877,0.10679403429921232,0.10349414879384346,0.0,0.7071067811840435,2000
friendly-sam-sgd@per-layer,Friendly SAM + SGD [per-layer Frob],friendly-sam-sgd,sgd,both,1.6,1.0,0.5088130146565101,0.5085878374365703,0.5088435641660985,0.5079610068952175,0.0,1.4142135622892074,2000
friendly-sam-sgd@per-layer,Friendly SAM + SGD [per-layer Frob],friendly-sam-sgd,sgd,both,2.0,0.01,0.00467255670020915,0.00412468128602485,0.0061295560960315,0.005959738571688263,0.0,0.0141421356236664,2000
friendly-sam-sgd@per-layer,Friendly SAM + SGD [per-layer Frob],friendly-sam-sgd,sgd,both,2.0,0.02,0.0045735053123585005,0.00404301553075345,0.0058472092781264254,0.0058252061650681496,0.0,0.0282842712473309,2000
friendly-sam-sgd@per-layer,Friendly SAM + SGD [per-layer Frob],friendly-sam-sgd,sgd,both,2.0,0.05,0.00448943740630815,0.003899883701388525,0.00584143473403285,0.006033285955309313,0.0,0.07071067811831525,2000
friendly-sam-sgd@per-layer,Friendly SAM + SGD [per-layer Frob],friendly-sam-sgd,sgd,both,2.0,0.1,0.0045708824829933,0.004009620948652825,0.006018082413432151,0.006147355890607937,0.0,0.14142135623660104,2000
friendly-sam-sgd@per-layer,Friendly SAM + SGD [per-layer Frob],friendly-sam-sgd,sgd,both,2.0,0.2,0.006003294081480251,0.005527663753788125,0.007224537076443275,0.007655832532861728,0.0,0.28284271247312254,2000
friendly-sam-sgd@per-layer,Friendly SAM + SGD [per-layer Frob],friendly-sam-sgd,sgd,both,2.0,0.5,0.02274089200988655,0.021322039619469824,0.024395301749788375,0.024569750639774825,0.0,0.7071067811824971,2000
friendly-sam-sgd@per-layer,Friendly SAM + SGD [per-layer Frob],friendly-sam-sgd,sgd,both,2.0,1.0,0.10240377256768066,0.0801030985521422,0.1286413565490928,0.10612363339506417,0.0,1.4142135623638978,2000
friendly-sam-sgd@per-layer,Friendly SAM + SGD [per-layer Frob],friendly-sam-sgd,sgd,both,3.0,0.01,0.0012639799375746,0.0012154239840444,0.00130195519948645,0.0012547264574085,0.0,0.014142135623615,2000
friendly-sam-sgd@per-layer,Friendly SAM + SGD [per-layer Frob],friendly-sam-sgd,sgd,both,3.0,0.02,0.0012561509799060501,0.001205627863824875,0.00128841830704615,0.001242798596436375,0.0,0.028284271247229348,2000
friendly-sam-sgd@per-layer,Friendly SAM + SGD [per-layer Frob],friendly-sam-sgd,sgd,both,3.0,0.05,0.00123931472272755,0.0011902069058521499,0.001275177869596225,0.0012343160395718623,0.0,0.0707106781180695,2000
friendly-sam-sgd@per-layer,Friendly SAM + SGD [per-layer Frob],friendly-sam-sgd,sgd,both,3.0,0.1,0.0013057833847447999,0.001265357888468525,0.0013551777319088499,0.0013108360670082188,0.0,0.14142135623612717,2000
friendly-sam-sgd@per-layer,Friendly SAM + SGD [per-layer Frob],friendly-sam-sgd,sgd,both,3.0,0.2,0.00180963982259635,0.001779002936490325,0.0018831651325451,0.0018253744729656127,0.0,0.28284271247221393,2000
friendly-sam-sgd@per-layer,Friendly SAM + SGD [per-layer Frob],friendly-sam-sgd,sgd,both,3.0,0.5,0.02973835092675675,0.0286382991886217,0.03148158803705395,0.029822001894028845,0.0,0.7071067811811509,2000
friendly-sam-sgd@per-layer,Friendly SAM + SGD [per-layer Frob],friendly-sam-sgd,sgd,both,3.0,1.0,0.05600774186713335,0.05276273226352742,0.05765939409764913,0.055599564668329444,0.0,1.4142135623608114,2000
friendly-sam-sgd@per-layer,Friendly SAM + SGD [per-layer Frob],friendly-sam-sgd,sgd,both,inf,0.01,0.00140614160920025,0.001357284022825225,0.0014666789336129252,0.0014176153598880843,0.0,0.0141421356236248,2000
friendly-sam-sgd@per-layer,Friendly SAM + SGD [per-layer Frob],friendly-sam-sgd,sgd,both,inf,0.02,0.00138997894838545,0.0013476008882822,0.001452417810959525,0.001404091809069297,0.0,0.0282842712472491,2000
friendly-sam-sgd@per-layer,Friendly SAM + SGD [per-layer Frob],friendly-sam-sgd,sgd,both,inf,0.05,0.00138258716219355,0.0013467598998353001,0.0014268074719653,0.001395445746519675,0.0,0.0707106781181191,2000
friendly-sam-sgd@per-layer,Friendly SAM + SGD [per-layer Frob],friendly-sam-sgd,sgd,both,inf,0.1,0.00146186552755195,0.0014381151575754252,0.00154396499897695,0.0014868027581340908,0.0,0.14142135623622726,2000
friendly-sam-sgd@per-layer,Friendly SAM + SGD [per-layer Frob],friendly-sam-sgd,sgd,both,inf,0.2,0.0020762079380057,0.001986631931706925,0.0021563508734881247,0.0020863758902990564,0.0,0.28284271247241677,2000
friendly-sam-sgd@per-layer,Friendly SAM + SGD [per-layer Frob],friendly-sam-sgd,sgd,both,inf,0.5,0.029256700985421102,0.02650350175251265,0.0312806153188038,0.029143485962290147,0.0,0.7071067811815679,2000
friendly-sam-sgd@per-layer,Friendly SAM + SGD [per-layer Frob],friendly-sam-sgd,sgd,both,inf,1.0,0.05483050318812885,0.05105105493762998,0.05991043269003068,0.055800307998657914,0.0,1.4142135623620053,2000
full-spectral-sam-muon,Full Spectral SAM-Muon,full-spectral-sam-muon,muon,both,1.1,0.01,0.20325510108979483,0.19531444216015384,0.21625312898775498,0.20647548293531637,0.0,0.06881418397722344,2000
full-spectral-sam-muon,Full Spectral SAM-Muon,full-spectral-sam-muon,muon,both,1.1,0.02,0.18740378011045605,0.18158724149436625,0.20069597250779103,0.19157597302867216,0.0,0.1345465287642622,2000
full-spectral-sam-muon,Full Spectral SAM-Muon,full-spectral-sam-muon,muon,both,1.1,0.05,0.17754546859049486,0.1683464298221455,0.1898569012555273,0.17915734322051596,0.0,0.29587138983074124,2000
full-spectral-sam-muon,Full Spectral SAM-Muon,full-spectral-sam-muon,muon,both,1.1,0.1,0.24987172939789892,0.2344091622144151,0.26325909368417766,0.24859265901413702,0.0,0.41644046539719104,2000
full-spectral-sam-muon,Full Spectral SAM-Muon,full-spectral-sam-muon,muon,both,1.1,0.2,0.5084905467561998,0.49634149857695065,0.5088493431634873,0.4992463967942991,0.0,0.8809170134218509,2000
full-spectral-sam-muon,Full Spectral SAM-Muon,full-spectral-sam-muon,muon,both,1.1,0.5,0.5088491333797425,0.5088488294157538,0.5088496191816553,0.5088510073610505,0.0,2.8275021194201297,2000
full-spectral-sam-muon,Full Spectral SAM-Muon,full-spectral-sam-muon,muon,both,1.1,1.0,0.5088490724998905,0.5088486278273001,0.5088493878331853,0.5088494490202748,0.0,5.884155436746081,2000
full-spectral-sam-muon,Full Spectral SAM-Muon,full-spectral-sam-muon,muon,both,1.3,0.01,0.047146956360152745,0.04283223078647225,0.04999517813629838,0.046782901438100655,0.0,0.0691841560922596,2000
full-spectral-sam-muon,Full Spectral SAM-Muon,full-spectral-sam-muon,muon,both,1.3,0.02,0.0452773100634414,0.04141290981330635,0.047966670363287854,0.04530593836724164,0.0,0.13079540481728935,2000
full-spectral-sam-muon,Full Spectral SAM-Muon,full-spectral-sam-muon,muon,both,1.3,0.05,0.054245462884597404,0.05134054343191795,0.05737423727467125,0.05404893928030838,0.0,0.23402689053680245,2000
full-spectral-sam-muon,Full Spectral SAM-Muon,full-spectral-sam-muon,muon,both,1.3,0.1,0.0895915633674858,0.0858418143727131,0.09431117962656854,0.09005586407235677,0.0,0.2969839402781401,2000
full-spectral-sam-muon,Full Spectral SAM-Muon,full-spectral-sam-muon,muon,both,1.3,0.2,0.1882070747637802,0.18092985621743832,0.19651459477383232,0.18781359684061888,0.0,0.46604430563849714,2000
full-spectral-sam-muon,Full Spectral SAM-Muon,full-spectral-sam-muon,muon,both,1.3,0.5,0.5088491070261487,0.5088490730208947,0.5088491229804167,0.5088490655752682,0.0,3.268294146707511,2000
full-spectral-sam-muon,Full Spectral SAM-Muon,full-spectral-sam-muon,muon,both,1.3,1.0,0.5088490933377035,0.5088490581548345,0.5088491124157221,0.5088488289289608,0.0,6.653558216901842,2000
full-spectral-sam-muon,Full Spectral SAM-Muon,full-spectral-sam-muon,muon,both,1.6,0.01,0.010845119610168399,0.010359584097514874,0.0113179347990236,0.010884391584019323,0.0,0.06619766556586705,2000
full-spectral-sam-muon,Full Spectral SAM-Muon,full-spectral-sam-muon,muon,both,1.6,0.02,0.0111938444666288,0.010608337091072775,0.011712964886763674,0.011184871110265514,0.0,0.1113445292498415,2000
full-spectral-sam-muon,Full Spectral SAM-Muon,full-spectral-sam-muon,muon,both,1.6,0.05,0.015921616350141,0.015307436653023575,0.01691669792213375,0.01601973140138091,0.0,0.18245314702922738,2000
full-spectral-sam-muon,Full Spectral SAM-Muon,full-spectral-sam-muon,muon,both,1.6,0.1,0.02802919420722475,0.027040438500401602,0.029326702155303176,0.027958180969300403,0.0,0.30539637660346314,2000
full-spectral-sam-muon,Full Spectral SAM-Muon,full-spectral-sam-muon,muon,both,1.6,0.2,0.06871296400631771,0.056312702988278146,0.06968334082886653,0.06376632989007919,0.0,0.5342433068838008,2000
full-spectral-sam-muon,Full Spectral SAM-Muon,full-spectral-sam-muon,muon,both,1.6,0.5,0.5088491103567656,0.5088491067495807,0.5088491128732784,0.4885077237817135,0.0,3.519032050862113,2000
full-spectral-sam-muon,Full Spectral SAM-Muon,full-spectral-sam-muon,muon,both,1.6,1.0,0.5088490979876614,0.5088490931083883,0.5088491014230374,0.5088490942244794,0.0,7.06435445264268,2000
full-spectral-sam-muon,Full Spectral SAM-Muon,full-spectral-sam-muon,muon,both,2.0,0.01,0.00319236407273535,0.00307006356403715,0.0032990304645339748,0.003192493202176444,0.0,0.05977516658571655,2000
full-spectral-sam-muon,Full Spectral SAM-Muon,full-spectral-sam-muon,muon,both,2.0,0.02,0.0033908616244536,0.003274585330896725,0.0035216164219272,0.003393754314443031,0.0,0.08863597644807175,2000
full-spectral-sam-muon,Full Spectral SAM-Muon,full-spectral-sam-muon,muon,both,2.0,0.05,0.004932212326213849,0.004731955493171,0.00522920491502505,0.005028305838736249,0.0,0.1824147202178089,2000
full-spectral-sam-muon,Full Spectral SAM-Muon,full-spectral-sam-muon,muon,both,2.0,0.1,0.01077275662398825,0.010589437159924251,0.01101476699968555,0.010801110699069156,0.0,0.3245371360241127,2000
full-spectral-sam-muon,Full Spectral SAM-Muon,full-spectral-sam-muon,muon,both,2.0,0.2,0.0239972192742144,0.02357669128359715,0.024909801741391874,0.025351765780585317,0.0,0.5918466429431473,2000
full-spectral-sam-muon,Full Spectral SAM-Muon,full-spectral-sam-muon,muon,both,2.0,0.5,0.14356365611573454,0.143053067167758,0.14437715070819243,0.16028443374215445,0.0,0.9906502419816593,2000
full-spectral-sam-muon,Full Spectral SAM-Muon,full-spectral-sam-muon,muon,both,2.0,1.0,0.5088491021594755,0.5088490996341637,0.5088491046933026,0.5088491015815526,0.0,7.176556645976969,2000
full-spectral-sam-muon,Full Spectral SAM-Muon,full-spectral-sam-muon,muon,both,3.0,0.01,0.00112921957540765,0.0010720653440423,0.0011526383336546001,0.0011092265272883344,0.0,0.05213468953723775,2000
full-spectral-sam-muon,Full Spectral SAM-Muon,full-spectral-sam-muon,muon,both,3.0,0.02,0.00121982924447405,0.001158707880373575,0.00125235275340045,0.001204855623616378,0.0,0.07588911762585604,2000
full-spectral-sam-muon,Full Spectral SAM-Muon,full-spectral-sam-muon,muon,both,3.0,0.05,0.0016971737924131002,0.00160504714698005,0.001750505522989425,0.0016798481337068438,0.0,0.17846746657970475,2000
full-spectral-sam-muon,Full Spectral SAM-Muon,full-spectral-sam-muon,muon,both,3.0,0.1,0.004600200453525,0.004518657701979675,0.0047126317243169,0.00459370530063485,0.0,0.3357186431070744,2000
full-spectral-sam-muon,Full Spectral SAM-Muon,full-spectral-sam-muon,muon,both,3.0,0.2,0.010303163603977449,0.010161043030763501,0.010445701591600475,0.010297910928732064,0.0,0.6397244732312559,2000
full-spectral-sam-muon,Full Spectral SAM-Muon,full-spectral-sam-muon,muon,both,3.0,0.5,0.13735653274516865,0.13721571255687098,0.13744068942250376,0.13735547190118197,0.0,1.0080888721914438,2000
full-spectral-sam-muon,Full Spectral SAM-Muon,full-spectral-sam-muon,muon,both,3.0,1.0,0.5088490525794744,0.5088486198315191,0.5088490750932476,0.5088486562522133,0.0,7.144513220998572,2000
full-spectral-sam-muon,Full Spectral SAM-Muon,full-spectral-sam-muon,muon,both,inf,0.01,0.0013117884397613,0.001275430380806625,0.0013432825080000252,0.0013066326625850717,0.0,0.052100472383781196,2000
full-spectral-sam-muon,Full Spectral SAM-Muon,full-spectral-sam-muon,muon,both,inf,0.02,0.001425775933941,0.00138344572971905,0.0014611774190326251,0.001416403243893825,0.0,0.07486620015270881,2000
full-spectral-sam-muon,Full Spectral SAM-Muon,full-spectral-sam-muon,muon,both,inf,0.05,0.00199855776751835,0.001948850570925875,0.002038446372707075,0.0019962915186396532,0.0,0.1771466845580413,2000
full-spectral-sam-muon,Full Spectral SAM-Muon,full-spectral-sam-muon,muon,both,inf,0.1,0.005131080891025951,0.005033148655424725,0.0051789251267376,0.005278578053335165,0.0,0.33240376109952685,2000
full-spectral-sam-muon,Full Spectral SAM-Muon,full-spectral-sam-muon,muon,both,inf,0.2,0.0117615900195779,0.011451691870882975,0.017257875431702298,0.01332225642448857,0.0,0.6250373065542927,2000
full-spectral-sam-muon,Full Spectral SAM-Muon,full-spectral-sam-muon,muon,both,inf,0.5,0.1378746377761768,0.13780790914057262,0.13797872566318,0.1379265097724764,0.0,1.0149708107649804,2000
full-spectral-sam-muon,Full Spectral SAM-Muon,full-spectral-sam-muon,muon,both,inf,1.0,0.508849090540969,0.5088490875774982,0.5088490952115953,0.5088490903754355,0.0,7.205399599649532,2000
global-friendly-sam-muon@global,Global Friendly SAM-Muon [global Frob],global-friendly-sam-muon,muon,both,1.1,0.01,0.2177056845690914,0.20686750225705003,0.2316305085529754,0.22066410675134945,0.0,0.00999999999999825,2000
global-friendly-sam-muon@global,Global Friendly SAM-Muon [global Frob],global-friendly-sam-muon,muon,both,1.1,0.02,0.2126474427456485,0.2021142180107736,0.22635952328542203,0.21513374298473947,0.0,0.01999999999999655,2000
global-friendly-sam-muon@global,Global Friendly SAM-Muon [global Frob],global-friendly-sam-muon,muon,both,1.1,0.05,0.1980352465752609,0.1898967891803213,0.2104589633024638,0.2006023001379128,0.0,0.0499999999999909,2000
global-friendly-sam-muon@global,Global Friendly SAM-Muon [global Frob],global-friendly-sam-muon,muon,both,1.1,0.1,0.1793437294878219,0.17495468070665304,0.19427732131754405,0.18341901646883907,0.0,0.09999999999998024,2000
global-friendly-sam-muon@global,Global Friendly SAM-Muon [global Frob],global-friendly-sam-muon,muon,both,1.1,0.2,0.1749950276132785,0.17038078611707225,0.18929573779366693,0.17764036105299671,0.0,0.19999999999995274,2000
global-friendly-sam-muon@global,Global Friendly SAM-Muon [global Frob],global-friendly-sam-muon,muon,both,1.1,0.5,0.42508555780494683,0.3944432090584764,0.43765792000182413,0.4158097996478762,0.0,0.49999999999965294,2000
global-friendly-sam-muon@global,Global Friendly SAM-Muon [global Frob],global-friendly-sam-muon,muon,both,1.1,1.0,0.5088325000451157,0.5088236619707761,0.5088441180822937,0.5088286468659546,0.0,0.9999999999954097,2000
global-friendly-sam-muon@global,Global Friendly SAM-Muon [global Frob],global-friendly-sam-muon,muon,both,1.3,0.01,0.050197200212013654,0.04573110271467625,0.05321903194004277,0.049863477989074735,0.0,0.00999999999999325,2000
global-friendly-sam-muon@global,Global Friendly SAM-Muon [global Frob],global-friendly-sam-muon,muon,both,1.3,0.02,0.04920628013211985,0.04499587087201795,0.05223387847271808,0.04902418941288973,0.0,0.019999999999986452,2000
global-friendly-sam-muon@global,Global Friendly SAM-Muon [global Frob],global-friendly-sam-muon,muon,both,1.3,0.05,0.0474708860457166,0.043026764178523705,0.049855720503158,0.04717405474174024,0.0,0.04999999999996525,2000
global-friendly-sam-muon@global,Global Friendly SAM-Muon [global Frob],global-friendly-sam-muon,muon,both,1.3,0.1,0.0462864964956345,0.04242276238184635,0.049132401055850976,0.04626804678809059,0.0,0.09999999999992715,2000
global-friendly-sam-muon@global,Global Friendly SAM-Muon [global Frob],global-friendly-sam-muon,muon,both,1.3,0.2,0.05197906061116505,0.04997122425091952,0.05490135400876895,0.05230142371554702,0.0,0.19999999999984241,2000
global-friendly-sam-muon@global,Global Friendly SAM-Muon [global Frob],global-friendly-sam-muon,muon,both,1.3,0.5,0.14432141404379373,0.13838797671992886,0.15231636530135026,0.1452673830568751,0.0,0.4999999999994723,2000
global-friendly-sam-muon@global,Global Friendly SAM-Muon [global Frob],global-friendly-sam-muon,muon,both,1.3,1.0,0.5087691705262882,0.5085395503782008,0.5088403284900548,0.5080976354008551,0.0,0.9999999999846142,2000
global-friendly-sam-muon@global,Global Friendly SAM-Muon [global Frob],global-friendly-sam-muon,muon,both,1.6,0.01,0.011445379149560599,0.011105379751236724,0.012095839623237726,0.011549254137906046,0.0,0.00999999999998245,2000
global-friendly-sam-muon@global,Global Friendly SAM-Muon [global Frob],global-friendly-sam-muon,muon,both,1.6,0.02,0.01135284674988005,0.011043964880624776,0.012025395201119825,0.011468823804544157,0.0,0.019999999999964498,2000
global-friendly-sam-muon@global,Global Friendly SAM-Muon [global Frob],global-friendly-sam-muon,muon,both,1.6,0.05,0.0112378162477909,0.0108552438909884,0.011905637788439075,0.011356445304138086,0.0,0.049999999999908395,2000
global-friendly-sam-muon@global,Global Friendly SAM-Muon [global Frob],global-friendly-sam-muon,muon,both,1.6,0.1,0.011571504606587499,0.011053666379257324,0.0121078997734359,0.01160671413540175,0.0,0.09999999999980985,2000
global-friendly-sam-muon@global,Global Friendly SAM-Muon [global Frob],global-friendly-sam-muon,muon,both,1.6,0.2,0.0136295571825251,0.01275370033391005,0.014224128217034924,0.013613491307597349,0.0,0.19999999999959575,2000
global-friendly-sam-muon@global,Global Friendly SAM-Muon [global Frob],global-friendly-sam-muon,muon,both,1.6,0.5,0.033678170371928,0.0323682629283293,0.03455506503261203,0.03345483381273438,0.0,0.49999999999884626,2000
global-friendly-sam-muon@global,Global Friendly SAM-Muon [global Frob],global-friendly-sam-muon,muon,both,1.6,1.0,0.1405392745600823,0.1363724467830083,0.14457349346865989,0.14032585449672533,0.0,0.9999999999970359,2000
global-friendly-sam-muon@global,Global Friendly SAM-Muon [global Frob],global-friendly-sam-muon,muon,both,2.0,0.01,0.0034862841278862,0.0033279016457484,0.003615253130530125,0.0034767390278072595,0.0,0.0099999999999658,2000
global-friendly-sam-muon@global,Global Friendly SAM-Muon [global Frob],global-friendly-sam-muon,muon,both,2.0,0.02,0.00347020189242905,0.00330239920249675,0.00360309839432455,0.003461102320412525,0.0,0.01999999999993085,2000
global-friendly-sam-muon@global,Global Friendly SAM-Muon [global Frob],global-friendly-sam-muon,muon,both,2.0,0.05,0.0034560538308111,0.0033194578097236003,0.0036035994086674747,0.003456384046536384,0.0,0.0499999999998235,2000
global-friendly-sam-muon@global,Global Friendly SAM-Muon [global Frob],global-friendly-sam-muon,muon,both,2.0,0.1,0.0035699485997291,0.0034658467509926,0.003701620232574425,0.003576669699226644,0.0,0.0999999999996395,2000
global-friendly-sam-muon@global,Global Friendly SAM-Muon [global Frob],global-friendly-sam-muon,muon,both,2.0,0.2,0.00431158139974395,0.00417149653690445,0.00441467767064635,0.004306736134186431,0.0,0.1999999999992585,2000
global-friendly-sam-muon@global,Global Friendly SAM-Muon [global Frob],global-friendly-sam-muon,muon,both,2.0,0.5,0.010666109978460101,0.01037392110731925,0.010926071801601626,0.010644523726750458,0.0,0.4999999999980186,2000
global-friendly-sam-muon@global,Global Friendly SAM-Muon [global Frob],global-friendly-sam-muon,muon,both,2.0,1.0,0.04257013305642795,0.04182220700253712,0.04331271548906055,0.04263642071586255,0.0,0.9999999999955618,2000
global-friendly-sam-muon@global,Global Friendly SAM-Muon [global Frob],global-friendly-sam-muon,muon,both,3.0,0.01,0.0012516209816418001,0.001196892143190275,0.0012725761442016,0.0012332688948668248,0.0,0.0099999999999442,2000
global-friendly-sam-muon@global,Global Friendly SAM-Muon [global Frob],global-friendly-sam-muon,muon,both,3.0,0.02,0.00124900499702095,0.0011898725703902249,0.001274392519703375,0.001230176404983503,0.0,0.0199999999998874,2000
global-friendly-sam-muon@global,Global Friendly SAM-Muon [global Frob],global-friendly-sam-muon,muon,both,3.0,0.05,0.00125699366002965,0.001193242751207325,0.001282889195330475,0.0012354049014409,0.0,0.04999999999971315,2000
global-friendly-sam-muon@global,Global Friendly SAM-Muon [global Frob],global-friendly-sam-muon,muon,both,3.0,0.1,0.00130942025638285,0.00124970403612175,0.001352427658212575,0.0012956178191968718,0.0,0.09999999999941485,2000
global-friendly-sam-muon@global,Global Friendly SAM-Muon [global Frob],global-friendly-sam-muon,muon,both,3.0,0.2,0.0015956454398496,0.001533476528835875,0.00167097315817165,0.001593474110314453,0.0,0.1999999999988078,2000
global-friendly-sam-muon@global,Global Friendly SAM-Muon [global Frob],global-friendly-sam-muon,muon,both,3.0,0.5,0.00410063269336935,0.0039404903906113,0.00422073741412385,0.004070061694804732,0.0,0.49999999999691247,2000
global-friendly-sam-muon@global,Global Friendly SAM-Muon [global Frob],global-friendly-sam-muon,muon,both,3.0,1.0,0.017237135017796452,0.016900651311932552,0.017363132602352276,0.017155789293203952,0.0,0.9999999999934333,2000
global-friendly-sam-muon@global,Global Friendly SAM-Muon [global Frob],global-friendly-sam-muon,muon,both,inf,0.01,0.0014541881915183,0.001429718928079375,0.001510256907034125,0.0014608874820935657,0.0,0.009999999999949251,2000
global-friendly-sam-muon@global,Global Friendly SAM-Muon [global Frob],global-friendly-sam-muon,muon,both,inf,0.02,0.0014546350539026,0.0014260793123233501,0.001501584894753475,0.0014573171011569783,0.0,0.01999999999989755,2000
global-friendly-sam-muon@global,Global Friendly SAM-Muon [global Frob],global-friendly-sam-muon,muon,both,inf,0.05,0.0014687962364686,0.001425426112654075,0.00149751463709925,0.0014599862419406187,0.0,0.049999999999738254,2000
global-friendly-sam-muon@global,Global Friendly SAM-Muon [global Frob],global-friendly-sam-muon,muon,both,inf,0.1,0.00153394224382895,0.0014741219183899501,0.001565068697411575,0.0015259959913933093,0.0,0.09999999999946421,2000
global-friendly-sam-muon@global,Global Friendly SAM-Muon [global Frob],global-friendly-sam-muon,muon,both,inf,0.2,0.0018756696533206,0.001817597721831075,0.0019151781148312001,0.001867750800414628,0.0,0.19999999999891083,2000
global-friendly-sam-muon@global,Global Friendly SAM-Muon [global Frob],global-friendly-sam-muon,muon,both,inf,0.5,0.00475227938692915,0.004630670307733625,0.004833961500561625,0.004728563130568715,0.0,0.49999999999717293,2000
global-friendly-sam-muon@global,Global Friendly SAM-Muon [global Frob],global-friendly-sam-muon,muon,both,inf,1.0,0.019880312964348848,0.019602271004494926,0.020101734310905374,0.019832574696279404,0.0,0.9999999999939873,2000
global-friendly-sam-muon@per-layer,Global Friendly SAM-Muon [per-layer Frob],global-friendly-sam-muon,muon,both,1.1,0.01,0.21582101114418425,0.2049634187233988,0.2295080827021527,0.21846597076419233,0.0,0.0141421356237275,2000
global-friendly-sam-muon@per-layer,Global Friendly SAM-Muon [per-layer Frob],global-friendly-sam-muon,muon,both,1.1,0.02,0.20866456454989507,0.19870320584604803,0.22178479807349868,0.21105082136780073,0.0,0.028284271247454848,2000
global-friendly-sam-muon@per-layer,Global Friendly SAM-Muon [per-layer Frob],global-friendly-sam-muon,muon,both,1.1,0.05,0.18918486147543426,0.18274655522182173,0.2033727557187069,0.19275881413458376,0.0,0.07071067811863595,2000
global-friendly-sam-muon@per-layer,Global Friendly SAM-Muon [per-layer Frob],global-friendly-sam-muon,muon,both,1.1,0.1,0.17356358506536815,0.16735009747412075,0.18606234736987098,0.17603117305460303,0.0,0.14142135623726698,2000
global-friendly-sam-muon@per-layer,Global Friendly SAM-Muon [per-layer Frob],global-friendly-sam-muon,muon,both,1.1,0.2,0.20260792966592184,0.19030935779707078,0.21475236149914123,0.20298533976675345,0.0,0.28284271247450715,2000
global-friendly-sam-muon@per-layer,Global Friendly SAM-Muon [per-layer Frob],global-friendly-sam-muon,muon,both,1.1,0.5,0.5086790749889868,0.5076640569419608,0.50882837098192,0.5065813859206014,0.0,0.7071067811815266,2000
global-friendly-sam-muon@per-layer,Global Friendly SAM-Muon [per-layer Frob],global-friendly-sam-muon,muon,both,1.1,1.0,0.5088459227982036,0.5088408328366235,0.5088499065772221,0.5088461501281202,0.0,1.4142135623556604,2000
global-friendly-sam-muon@per-layer,Global Friendly SAM-Muon [per-layer Frob],global-friendly-sam-muon,muon,both,1.3,0.01,0.04975465399872925,0.04539549489313863,0.05280117315311943,0.04949312169752864,0.0,0.0141421356237174,2000
global-friendly-sam-muon@per-layer,Global Friendly SAM-Muon [per-layer Frob],global-friendly-sam-muon,muon,both,1.3,0.02,0.04843045312882005,0.044408459012641094,0.05148002344413383,0.04838400957046024,0.0,0.02828427124743455,2000
global-friendly-sam-muon@per-layer,Global Friendly SAM-Muon [per-layer Frob],global-friendly-sam-muon,muon,both,1.3,0.05,0.04666864685110405,0.04217581225218165,0.049033255547573075,0.04635823124572842,0.0,0.07071067811858364,2000
global-friendly-sam-muon@per-layer,Global Friendly SAM-Muon [per-layer Frob],global-friendly-sam-muon,muon,both,1.3,0.1,0.04704522176708395,0.04414896446406452,0.0501604574166674,0.04721713521530903,0.0,0.14142135623715774,2000
global-friendly-sam-muon@per-layer,Global Friendly SAM-Muon [per-layer Frob],global-friendly-sam-muon,muon,both,1.3,0.2,0.0654554677421624,0.06296768571254391,0.06734133814998915,0.06543720017312886,0.0,0.28284271247427795,2000
global-friendly-sam-muon@per-layer,Global Friendly SAM-Muon [per-layer Frob],global-friendly-sam-muon,muon,both,1.3,0.5,0.30698698519580225,0.2911961628883516,0.32888951577770886,0.3080173925267583,0.0,0.7071067811847511,2000
global-friendly-sam-muon@per-layer,Global Friendly SAM-Muon [per-layer Frob],global-friendly-sam-muon,muon,both,1.3,1.0,0.5088487785924607,0.5088482566383512,0.508849093577394,0.5088484636618702,0.0,1.4142135622379324,2000
global-friendly-sam-muon@per-layer,Global Friendly SAM-Muon [per-layer Frob],global-friendly-sam-muon,muon,both,1.6,0.01,0.01138712475797865,0.011074667724732824,0.012047994409260075,0.011496283739848775,0.0,0.01414213562369445,2000
global-friendly-sam-muon@per-layer,Global Friendly SAM-Muon [per-layer Frob],global-friendly-sam-muon,muon,both,1.6,0.02,0.01125393117713435,0.01093400907882565,0.011966917971423425,0.01138215303332811,0.0,0.0282842712473878,2000
global-friendly-sam-muon@per-layer,Global Friendly SAM-Muon [per-layer Frob],global-friendly-sam-muon,muon,both,1.6,0.05,0.0112653113162177,0.010793183145628,0.011851375843592976,0.011320010942311259,0.0,0.07071067811846295,2000
global-friendly-sam-muon@per-layer,Global Friendly SAM-Muon [per-layer Frob],global-friendly-sam-muon,muon,both,1.6,0.1,0.012031728005671549,0.01141409926974985,0.012604154378891574,0.012072371306016723,0.0,0.1414213562369116,2000
global-friendly-sam-muon@per-layer,Global Friendly SAM-Muon [per-layer Frob],global-friendly-sam-muon,muon,both,1.6,0.2,0.016972396108898252,0.016005473073664123,0.017454674499352653,0.01681164675877692,0.0,0.2828427124737709,2000
global-friendly-sam-muon@per-layer,Global Friendly SAM-Muon [per-layer Frob],global-friendly-sam-muon,muon,both,1.6,0.5,0.06267082260925044,0.06157977178656805,0.06429896497242599,0.06278517707407208,0.0,0.7071067811839733,2000
global-friendly-sam-muon@per-layer,Global Friendly SAM-Muon [per-layer Frob],global-friendly-sam-muon,muon,both,1.6,1.0,0.5088357694205592,0.5088198966248808,0.5088452905374927,0.5081771305399518,0.0,1.4142135614048272,2000
global-friendly-sam-muon@per-layer,Global Friendly SAM-Muon [per-layer Frob],global-friendly-sam-muon,muon,both,2.0,0.01,0.0034654110213092996,0.0033082830995409002,0.003600452362293175,0.0034588593219793593,0.0,0.0141421356236605,2000
global-friendly-sam-muon@per-layer,Global Friendly SAM-Muon [per-layer Frob],global-friendly-sam-muon,muon,both,2.0,0.02,0.0034407080717260502,0.0032798884090997496,0.00357157198510895,0.0034335159641824967,0.0,0.0282842712473194,2000
global-friendly-sam-muon@per-layer,Global Friendly SAM-Muon [per-layer Frob],global-friendly-sam-muon,muon,both,2.0,0.05,0.00342510157705025,0.003329602400906025,0.0035663647357648998,0.0034424664301992095,0.0,0.07071067811829129,2000
global-friendly-sam-muon@per-layer,Global Friendly SAM-Muon [per-layer Frob],global-friendly-sam-muon,muon,both,2.0,0.1,0.0037242474681871,0.003589143210910525,0.003879750681527,0.0037304496318330345,0.0,0.14142135623656743,2000
global-friendly-sam-muon@per-layer,Global Friendly SAM-Muon [per-layer Frob],global-friendly-sam-muon,muon,both,2.0,0.2,0.00536234822016045,0.00518542127127315,0.005447232805139025,0.005331115549524353,0.0,0.28284271247309184,2000
global-friendly-sam-muon@per-layer,Global Friendly SAM-Muon [per-layer Frob],global-friendly-sam-muon,muon,both,2.0,0.5,0.020055082329124597,0.019714930619696876,0.0204148207688917,0.020089620770165333,0.0,0.7071067811824014,2000
global-friendly-sam-muon@per-layer,Global Friendly SAM-Muon [per-layer Frob],global-friendly-sam-muon,muon,both,2.0,1.0,0.11179226411719626,0.1101460810325333,0.1149593022740813,0.11246999857312243,0.0,1.4142135623629382,2000
global-friendly-sam-muon@per-layer,Global Friendly SAM-Muon [per-layer Frob],global-friendly-sam-muon,muon,both,3.0,0.01,0.0012455907563425,0.001186314556163975,0.001268372816252525,0.001226275298696678,0.0,0.0141421356236147,2000
global-friendly-sam-muon@per-layer,Global Friendly SAM-Muon [per-layer Frob],global-friendly-sam-muon,muon,both,3.0,0.02,0.00124040613152035,0.001176414059400575,0.001262775731887875,0.0012186892150560752,0.0,0.028284271247227648,2000
global-friendly-sam-muon@per-layer,Global Friendly SAM-Muon [per-layer Frob],global-friendly-sam-muon,muon,both,3.0,0.05,0.0012460549224205001,0.00118280936795475,0.0012815512456813248,0.0012273407101325688,0.0,0.070710678118063,2000
global-friendly-sam-muon@per-layer,Global Friendly SAM-Muon [per-layer Frob],global-friendly-sam-muon,muon,both,3.0,0.1,0.0013571092352911,0.0013023986745899251,0.001410208058539075,0.0013507813664490938,0.0,0.14142135623611357,2000
global-friendly-sam-muon@per-layer,Global Friendly SAM-Muon [per-layer Frob],global-friendly-sam-muon,muon,both,3.0,0.2,0.0020029884791438503,0.001920027191078175,0.00208788924991295,0.001991617906834506,0.0,0.2828427124721976,2000
global-friendly-sam-muon@per-layer,Global Friendly SAM-Muon [per-layer Frob],global-friendly-sam-muon,muon,both,3.0,0.5,0.007829072332046251,0.007601968321889225,0.007989610278968676,0.0077944659373367685,0.0,0.7071067811801761,2000
global-friendly-sam-muon@per-layer,Global Friendly SAM-Muon [per-layer Frob],global-friendly-sam-muon,muon,both,3.0,1.0,0.04407610646456925,0.0435579721554725,0.04439140044782773,0.04400782445123459,0.0,1.4142135623592909,2000
global-friendly-sam-muon@per-layer,Global Friendly SAM-Muon [per-layer Frob],global-friendly-sam-muon,muon,both,inf,0.01,0.0014474698024625,0.0014208941528713501,0.00150166939637055,0.0014529146850594031,0.0,0.01414213562362555,2000
global-friendly-sam-muon@per-layer,Global Friendly SAM-Muon [per-layer Frob],global-friendly-sam-muon,muon,both,inf,0.02,0.00144802835753495,0.0014108513212099001,0.00148651828108405,0.0014430713375362656,0.0,0.0282842712472495,2000
global-friendly-sam-muon@per-layer,Global Friendly SAM-Muon [per-layer Frob],global-friendly-sam-muon,muon,both,inf,0.05,0.0014624430442974502,0.0014102475614594752,0.001488180579722525,0.0014508349250959376,0.0,0.07071067811811779,2000
global-friendly-sam-muon@per-layer,Global Friendly SAM-Muon [per-layer Frob],global-friendly-sam-muon,muon,both,inf,0.1,0.0016022198075711,0.00152978612663225,0.00163543141387485,0.0015899574769539342,0.0,0.1414213562362237,2000
global-friendly-sam-muon@per-layer,Global Friendly SAM-Muon [per-layer Frob],global-friendly-sam-muon,muon,both,inf,0.2,0.00234338666380615,0.0022457137057188,0.002400221516369125,0.0023305024503284316,0.0,0.28284271247241105,2000
global-friendly-sam-muon@per-layer,Global Friendly SAM-Muon [per-layer Frob],global-friendly-sam-muon,muon,both,inf,0.5,0.0090043323251068,0.008908849137108973,0.0091341770436703,0.009010482086564242,0.0,0.7071067811807186,2000
global-friendly-sam-muon@per-layer,Global Friendly SAM-Muon [per-layer Frob],global-friendly-sam-muon,muon,both,inf,1.0,0.050379657452056095,0.04994764077209207,0.05063674527561258,0.05030431180620708,0.0,1.414213562360312,2000
lazy-spectral-sam-muon,Lazy Spectral SAM-Muon (Atlas),lazy-spectral-sam-muon,muon,both,1.1,0.01,0.22414093800080687,0.21388032552222933,0.23965879740420865,0.22822909582444967,0.0,0.07068464875859459,1001
lazy-spectral-sam-muon,Lazy Spectral SAM-Muon (Atlas),lazy-spectral-sam-muon,muon,both,1.1,0.02,0.22559377999082902,0.21568339969662803,0.24220375841356082,0.230011616170573,0.0,0.14154619185984524,1001
lazy-spectral-sam-muon,Lazy Spectral SAM-Muon (Atlas),lazy-spectral-sam-muon,muon,both,1.1,0.05,0.231384155952548,0.22278098721678358,0.24931682760712348,0.23598221738895114,0.0,0.3574697927109001,1001
lazy-spectral-sam-muon,Lazy Spectral SAM-Muon (Atlas),lazy-spectral-sam-muon,muon,both,1.1,0.1,0.2423684021795861,0.23141855418239385,0.2612339521070532,0.24698325716337663,0.0,0.720402706786858,1001
lazy-spectral-sam-muon,Lazy Spectral SAM-Muon (Atlas),lazy-spectral-sam-muon,muon,both,1.1,0.2,0.2628068094603123,0.25400633493557356,0.28219907360511226,0.2679640961680497,0.0,1.446099765071341,1001
lazy-spectral-sam-muon,Lazy Spectral SAM-Muon (Atlas),lazy-spectral-sam-muon,muon,both,1.1,0.5,0.295219730512683,0.27771347649502587,0.3188631509984107,0.2984302960430205,0.0,3.6184696061360047,1001
lazy-spectral-sam-muon,Lazy Spectral SAM-Muon (Atlas),lazy-spectral-sam-muon,muon,both,1.1,1.0,0.37935452502453904,0.36623823952456847,0.3898543620907744,0.3777340375643575,0.0,7.20922036857348,1001
lazy-spectral-sam-muon,Lazy Spectral SAM-Muon (Atlas),lazy-spectral-sam-muon,muon,both,1.3,0.01,0.0518672318262675,0.04730260129685185,0.054856961560753204,0.05141131202156877,0.0,0.07161310486568385,1001
lazy-spectral-sam-muon,Lazy Spectral SAM-Muon (Atlas),lazy-spectral-sam-muon,muon,both,1.3,0.02,0.052355007167185594,0.04801954509886682,0.0553307141762181,0.05203128213685607,0.0,0.14314174166880417,1001
lazy-spectral-sam-muon,Lazy Spectral SAM-Muon (Atlas),lazy-spectral-sam-muon,muon,both,1.3,0.05,0.05446273530863475,0.0499062665817845,0.05717119209323153,0.054037947234541965,0.0,0.3625392750799079,1001
lazy-spectral-sam-muon,Lazy Spectral SAM-Muon (Atlas),lazy-spectral-sam-muon,muon,both,1.3,0.1,0.058158597432696496,0.053109826006877595,0.06107745069258123,0.05746339098739139,0.0,0.7283492524325996,1001
lazy-spectral-sam-muon,Lazy Spectral SAM-Muon (Atlas),lazy-spectral-sam-muon,muon,both,1.3,0.2,0.06516941668092105,0.058840772342728054,0.06732014958695318,0.06333907174831706,0.0,1.4449652874577925,1001
lazy-spectral-sam-muon,Lazy Spectral SAM-Muon (Atlas),lazy-spectral-sam-muon,muon,both,1.3,0.5,0.08808410294869584,0.08458809351382265,0.09142784962295106,0.08698087152322852,0.0,3.601349211013458,1001
lazy-spectral-sam-muon,Lazy Spectral SAM-Muon (Atlas),lazy-spectral-sam-muon,muon,both,1.3,1.0,0.2558678795709213,0.24744171768995174,0.26471193837852586,0.2561671003481458,0.0,7.214813669819545,1001
lazy-spectral-sam-muon,Lazy Spectral SAM-Muon (Atlas),lazy-spectral-sam-muon,muon,both,1.6,0.01,0.01183403827069935,0.011465356972485125,0.012401529536898475,0.011892034516476335,0.0,0.07202124073679719,1001
lazy-spectral-sam-muon,Lazy Spectral SAM-Muon (Atlas),lazy-spectral-sam-muon,muon,both,1.6,0.02,0.01211758281774865,0.011708298544833726,0.0126311304390266,0.012158321651829328,0.0,0.1446833681594044,1001
lazy-spectral-sam-muon,Lazy Spectral SAM-Muon (Atlas),lazy-spectral-sam-muon,muon,both,1.6,0.05,0.01293424827613665,0.012573505329807074,0.013612543346762025,0.013079296941329359,0.0,0.3649237659822203,1001
lazy-spectral-sam-muon,Lazy Spectral SAM-Muon (Atlas),lazy-spectral-sam-muon,muon,both,1.6,0.1,0.0148521654968948,0.0143205811363758,0.0154391890703106,0.014864418098252818,0.0,0.7334098071791306,1001
lazy-spectral-sam-muon,Lazy Spectral SAM-Muon (Atlas),lazy-spectral-sam-muon,muon,both,1.6,0.2,0.01966402593049785,0.0188957146966063,0.020279027723524877,0.019618773446970335,0.0,1.4656073307100117,1001
lazy-spectral-sam-muon,Lazy Spectral SAM-Muon (Atlas),lazy-spectral-sam-muon,muon,both,1.6,0.5,0.057940778130027404,0.05565661080912562,0.062083306978036976,0.05871380742409642,0.0,3.643585679791917,1001
lazy-spectral-sam-muon,Lazy Spectral SAM-Muon (Atlas),lazy-spectral-sam-muon,muon,both,1.6,1.0,0.24543223942783537,0.23418493710596314,0.24983967614347152,0.24295078490727895,0.0,7.210799560178122,1001
lazy-spectral-sam-muon,Lazy Spectral SAM-Muon (Atlas),lazy-spectral-sam-muon,muon,both,2.0,0.01,0.00366112140299865,0.0034879283562011753,0.0037859236307697247,0.0036470961944397,0.0,0.0725236313090174,1001
lazy-spectral-sam-muon,Lazy Spectral SAM-Muon (Atlas),lazy-spectral-sam-muon,muon,both,2.0,0.02,0.00383140533950675,0.00364142325074525,0.003945916061396975,0.0038075367459333466,0.0,0.1454550617096129,1001
lazy-spectral-sam-muon,Lazy Spectral SAM-Muon (Atlas),lazy-spectral-sam-muon,muon,both,2.0,0.05,0.004457246044023901,0.0042387451254016,0.004627504912889925,0.00445042390708577,0.0,0.37033694874606804,1001
lazy-spectral-sam-muon,Lazy Spectral SAM-Muon (Atlas),lazy-spectral-sam-muon,muon,both,2.0,0.1,0.0061209357009881,0.0059677994992278,0.006272735724240375,0.006152702337742734,0.0,0.7397726547240746,1001
lazy-spectral-sam-muon,Lazy Spectral SAM-Muon (Atlas),lazy-spectral-sam-muon,muon,both,2.0,0.2,0.011509769163532649,0.011281234036126875,0.011728800445490475,0.011617151863126429,0.0,1.4822742931307444,1001
lazy-spectral-sam-muon,Lazy Spectral SAM-Muon (Atlas),lazy-spectral-sam-muon,muon,both,2.0,0.5,0.053658901204281254,0.05165131926269695,0.057352623590792545,0.054646824375958004,0.0,3.6881575004756577,1001
lazy-spectral-sam-muon,Lazy Spectral SAM-Muon (Atlas),lazy-spectral-sam-muon,muon,both,2.0,1.0,0.2362298735268123,0.23008757370778596,0.24192005808099248,0.23631954577089576,0.0,7.133273643894927,1001
lazy-spectral-sam-muon,Lazy Spectral SAM-Muon (Atlas),lazy-spectral-sam-muon,muon,both,3.0,0.01,0.00134069568630505,0.0012692599856075001,0.0013621978305434499,0.0013192852011642874,0.0,0.0729157616455796,1001
lazy-spectral-sam-muon,Lazy Spectral SAM-Muon (Atlas),lazy-spectral-sam-muon,muon,both,3.0,0.02,0.00143709153787835,0.0013764947565890252,0.001471185600047475,0.0014259768001956407,0.0,0.1461172611026592,1001
lazy-spectral-sam-muon,Lazy Spectral SAM-Muon (Atlas),lazy-spectral-sam-muon,muon,both,3.0,0.05,0.0019933475645315,0.001944860964231725,0.002041400529150575,0.0020015948377283812,0.0,0.36832692595525096,1001
lazy-spectral-sam-muon,Lazy Spectral SAM-Muon (Atlas),lazy-spectral-sam-muon,muon,both,3.0,0.1,0.0039094893139898996,0.003729861135015725,0.0040114791760344996,0.003907065134236687,0.0,0.7351965551308532,1001
lazy-spectral-sam-muon,Lazy Spectral SAM-Muon (Atlas),lazy-spectral-sam-muon,muon,both,3.0,0.2,0.00946071357782335,0.00908706960022735,0.00983192768469605,0.00948112436309682,0.0,1.4724230218135392,1001
lazy-spectral-sam-muon,Lazy Spectral SAM-Muon (Atlas),lazy-spectral-sam-muon,muon,both,3.0,0.5,0.05600907428195325,0.0512419354055793,0.06106976063266637,0.05585547560322547,0.0,3.689065585942237,1001
lazy-spectral-sam-muon,Lazy Spectral SAM-Muon (Atlas),lazy-spectral-sam-muon,muon,both,3.0,1.0,0.23598316168134964,0.22984374371848618,0.23990257617491742,0.23424913746252946,0.0,7.124142393038826,1001
lazy-spectral-sam-muon,Lazy Spectral SAM-Muon (Atlas),lazy-spectral-sam-muon,muon,both,inf,0.01,0.0015549215624884,0.0015238566997619,0.0016089596985703748,0.0015563294396497437,0.0,0.07294833086008079,1001
lazy-spectral-sam-muon,Lazy Spectral SAM-Muon (Atlas),lazy-spectral-sam-muon,muon,both,inf,0.02,0.00167213662677745,0.00162647461502425,0.00171578774971985,0.0016693373627158468,0.0,0.14539859994610055,1001
lazy-spectral-sam-muon,Lazy Spectral SAM-Muon (Atlas),lazy-spectral-sam-muon,muon,both,inf,0.05,0.00223241102550905,0.002193308850052525,0.0023065518812004997,0.002243067756435053,0.0,0.367074049817111,1001
lazy-spectral-sam-muon,Lazy Spectral SAM-Muon (Atlas),lazy-spectral-sam-muon,muon,both,inf,0.1,0.0041834683119107,0.004005669994081475,0.004298369098117025,0.004137251616546378,0.0,0.7363225168016392,1001
lazy-spectral-sam-muon,Lazy Spectral SAM-Muon (Atlas),lazy-spectral-sam-muon,muon,both,inf,0.2,0.009816050928941701,0.009466738068223974,0.01011015689491445,0.009734063882896785,0.0,1.4756910448682927,1001
lazy-spectral-sam-muon,Lazy Spectral SAM-Muon (Atlas),lazy-spectral-sam-muon,muon,both,inf,0.5,0.0531099662114671,0.049353640453132924,0.057319584868517445,0.05431910255855272,0.0,3.704308309958713,1001
lazy-spectral-sam-muon,Lazy Spectral SAM-Muon (Atlas),lazy-spectral-sam-muon,muon,both,inf,1.0,0.23825716845997325,0.2296540722665168,0.24420235099959264,0.23674336985302233,0.0,7.118759037738691,1001
muon,Muon,muon,muon,both,1.1,,0.222782252594176,0.21224622471069537,0.23729428675784342,0.22653099262662246,0.0,0.0,1000
muon,Muon,muon,muon,both,1.3,,0.051322201544517956,0.04657382660908195,0.054304564916609996,0.05081673915098542,0.0,0.0,1000
muon,Muon,muon,muon,both,1.6,,0.011557453422941899,0.011222778856413176,0.012178415230482876,0.011649312309564397,0.0,0.0,1000
muon,Muon,muon,muon,both,2.0,,0.0035158046005659997,0.003355315461454125,0.0036340872624286997,0.003501030867895669,0.0,0.0,1000
muon,Muon,muon,muon,both,3.0,,0.00125577488444645,0.001199627465740475,0.0012739939053084,0.0012389813997743593,0.0,0.0,1000
muon,Muon,muon,muon,both,inf,,0.0014637851293925,0.0014326437787685,0.001519341201772975,0.001466540405402669,0.0,0.0,1000
nsgdm,Normalized SGD-M (Frobenius twin of Muon),nsgdm,nsgdm,added,1.1,,0.7160444369587793,0.6517910847869517,0.8171674824798539,0.7314644101663996,0.0,0.0,1000
nsgdm,Normalized SGD-M (Frobenius twin of Muon),nsgdm,nsgdm,added,1.3,,0.14775797591972967,0.12702583486930008,0.18371315926302106,0.15610832648381837,0.0,0.0,1000
nsgdm,Normalized SGD-M (Frobenius twin of Muon),nsgdm,nsgdm,added,1.6,,0.0223957665615475,0.019909254041854025,0.023554829804668824,0.022600653043620644,0.0,0.0,1000
nsgdm,Normalized SGD-M (Frobenius twin of Muon),nsgdm,nsgdm,added,2.0,,0.0045321437476548,0.004337635644069275,0.00510133643916355,0.004824045385633919,0.0,0.0,1000
nsgdm,Normalized SGD-M (Frobenius twin of Muon),nsgdm,nsgdm,added,3.0,,0.00150209195111305,0.001432521973999675,0.001554523277690475,0.0014959258083397436,0.0,0.0,1000
nsgdm,Normalized SGD-M (Frobenius twin of Muon),nsgdm,nsgdm,added,inf,,0.0017040952516893,0.0016360968452274,0.00172954865405355,0.0016913261268364905,0.0,0.0,1000
random-sam-muon@global,Random SAM-Muon [global Frob],random-sam-muon,muon,both,1.1,0.01,0.22279440304957132,0.21220779276922253,0.23729855258444743,0.22652389152384528,0.0,0.0099999999999998,1000
random-sam-muon@global,Random SAM-Muon [global Frob],random-sam-muon,muon,both,1.1,0.02,0.22280640088863257,0.2121733906521833,0.23730166344392556,0.22651721399534722,0.0,0.0199999999999996,1000
random-sam-muon@global,Random SAM-Muon [global Frob],random-sam-muon,muon,both,1.1,0.05,0.22284153155701952,0.21209622928318847,0.23730417591174552,0.22649999880921468,0.0,0.049999999999999045,1000
random-sam-muon@global,Random SAM-Muon [global Frob],random-sam-muon,muon,both,1.1,0.1,0.2228969051464078,0.2120536583340693,0.23728966214884484,0.22648233798616207,0.0,0.09999999999999815,1000
random-sam-muon@global,Random SAM-Muon [global Frob],random-sam-muon,muon,both,1.1,0.2,0.22299320690954538,0.2121618580329212,0.2372594690480369,0.22648692998148892,0.0,0.19999999999999635,1000
random-sam-muon@global,Random SAM-Muon [global Frob],random-sam-muon,muon,both,1.1,0.5,0.22324361230463105,0.21259858145328844,0.23845172276253604,0.2264859904726221,0.0,0.4999999999999909,1000
random-sam-muon@global,Random SAM-Muon [global Frob],random-sam-muon,muon,both,1.1,1.0,0.222929138303467,0.21319128429534623,0.24004110917928523,0.22652216307066253,0.0,0.999999999999982,1000
random-sam-muon@global,Random SAM-Muon [global Frob],random-sam-muon,muon,both,1.3,0.01,0.0513101660935674,0.046564608947208076,0.054293599817290525,0.050816574523773826,0.0,0.0099999999999998,1000
random-sam-muon@global,Random SAM-Muon [global Frob],random-sam-muon,muon,both,1.3,0.02,0.0512989790043524,0.04655566838090758,0.05428147303851592,0.050816524820770204,0.0,0.0199999999999996,1000
random-sam-muon@global,Random SAM-Muon [global Frob],random-sam-muon,muon,both,1.3,0.05,0.05126982420742985,0.04653080171287375,0.05423709413098968,0.0508167869632697,0.0,0.0499999999999991,1000
random-sam-muon@global,Random SAM-Muon [global Frob],random-sam-muon,muon,both,1.3,0.1,0.05122418925867735,0.04652104548809392,0.054141763050044776,0.05082099995636815,0.0,0.0999999999999982,1000
random-sam-muon@global,Random SAM-Muon [global Frob],random-sam-muon,muon,both,1.3,0.2,0.0511666873420557,0.046615908822729625,0.05397604145550807,0.050831238764345144,0.0,0.1999999999999964,1000
random-sam-muon@global,Random SAM-Muon [global Frob],random-sam-muon,muon,both,1.3,0.5,0.0512395766442376,0.046829313899872625,0.054051228927597,0.05086421151795134,0.0,0.4999999999999909,1000
random-sam-muon@global,Random SAM-Muon [global Frob],random-sam-muon,muon,both,1.3,1.0,0.0514030609190298,0.04707962642238955,0.053666634989851546,0.05098593396981925,0.0,0.999999999999982,1000
random-sam-muon@global,Random SAM-Muon [global Frob],random-sam-muon,muon,both,1.6,0.01,0.0115548438839646,0.011223906464221625,0.012178404252929076,0.011648320734724566,0.0,0.0099999999999998,1000
random-sam-muon@global,Random SAM-Muon [global Frob],random-sam-muon,muon,both,1.6,0.02,0.011553270143674601,0.011217912618734201,0.012178364573593,0.011647510012303847,0.0,0.0199999999999996,1000
random-sam-muon@global,Random SAM-Muon [global Frob],random-sam-muon,muon,both,1.6,0.05,0.0115543978983327,0.011199193429844725,0.01217856327368315,0.011646201887491719,0.0,0.0499999999999991,1000
random-sam-muon@global,Random SAM-Muon [global Frob],random-sam-muon,muon,both,1.6,0.1,0.011570664832081749,0.011175373161860175,0.012175507661859574,0.011649488645934715,0.0,0.0999999999999982,1000
random-sam-muon@global,Random SAM-Muon [global Frob],random-sam-muon,muon,both,1.6,0.2,0.011604423877930599,0.011183521169612125,0.012172024458468225,0.011671725926368228,0.0,0.1999999999999964,1000
random-sam-muon@global,Random SAM-Muon [global Frob],random-sam-muon,muon,both,1.6,0.5,0.01176238763240975,0.011276073906174624,0.0122834807069704,0.011762325286964019,0.0,0.499999999999991,1000
random-sam-muon@global,Random SAM-Muon [global Frob],random-sam-muon,muon,both,1.6,1.0,0.0119723631538034,0.011449607174668626,0.012355211329765074,0.011942975582204376,0.0,0.999999999999982,1000
random-sam-muon@global,Random SAM-Muon [global Frob],random-sam-muon,muon,both,2.0,0.01,0.0035149030572324,0.0033556555285009,0.0036341799381154,0.003500564514385041,0.0,0.0099999999999998,1000
random-sam-muon@global,Random SAM-Muon [global Frob],random-sam-muon,muon,both,2.0,0.02,0.0035134490404136,0.003356397872298625,0.003632427605750525,0.003500492620895647,0.0,0.0199999999999996,1000
random-sam-muon@global,Random SAM-Muon [global Frob],random-sam-muon,muon,both,2.0,0.05,0.00351464635690825,0.003355246069802025,0.0036280047433107252,0.003502147063984197,0.0,0.049999999999999045,1000
random-sam-muon@global,Random SAM-Muon [global Frob],random-sam-muon,muon,both,2.0,0.1,0.00353400024814155,0.00334210043128355,0.0036254663958193998,0.003507677211317394,0.0,0.09999999999999815,1000
random-sam-muon@global,Random SAM-Muon [global Frob],random-sam-muon,muon,both,2.0,0.2,0.00355763893527635,0.0033472731128149002,0.0036411180596163497,0.0035240471734706066,0.0,0.19999999999999635,1000
random-sam-muon@global,Random SAM-Muon [global Frob],random-sam-muon,muon,both,2.0,0.5,0.00363195518135875,0.0034377374429252,0.0036767226584772253,0.003591070282622469,0.0,0.49999999999999095,1000
random-sam-muon@global,Random SAM-Muon [global Frob],random-sam-muon,muon,both,2.0,1.0,0.0037801263951286,0.0036146545469621753,0.0038787047734211502,0.003760865281367997,0.0,0.999999999999982,1000
random-sam-muon@global,Random SAM-Muon [global Frob],random-sam-muon,muon,both,3.0,0.01,0.0012553736038974001,0.0011993124677489998,0.00127389656256025,0.0012388365025331593,0.0,0.0099999999999998,1000
random-sam-muon@global,Random SAM-Muon [global Frob],random-sam-muon,muon,both,3.0,0.02,0.0012551459309443,0.00119871550958365,0.00127418737078565,0.0012387160927820095,0.0,0.0199999999999996,1000
random-sam-muon@global,Random SAM-Muon [global Frob],random-sam-muon,muon,both,3.0,0.05,0.00125437487911975,0.0011979853271932,0.00127844836210215,0.0012392921522280877,0.0,0.0499999999999991,1000
random-sam-muon@global,Random SAM-Muon [global Frob],random-sam-muon,muon,both,3.0,0.1,0.00125758444202755,0.0011963719915541252,0.0012821162226885501,0.0012424129502926814,0.0,0.0999999999999982,1000
random-sam-muon@global,Random SAM-Muon [global Frob],random-sam-muon,muon,both,3.0,0.2,0.0012680553624037,0.0012084977641717751,0.0012918939222432,0.0012523703281647125,0.0,0.1999999999999964,1000
random-sam-muon@global,Random SAM-Muon [global Frob],random-sam-muon,muon,both,3.0,0.5,0.0013155028053843999,0.001261092136496975,0.001339806645054125,0.001298964644446897,0.0,0.49999999999999095,1000
random-sam-muon@global,Random SAM-Muon [global Frob],random-sam-muon,muon,both,3.0,1.0,0.00142777014344905,0.0013873752216746749,0.00149022276939405,0.0014291465866026031,0.0,0.999999999999982,1000
random-sam-muon@global,Random SAM-Muon [global Frob],random-sam-muon,muon,both,inf,0.01,0.0014647484882799001,0.001432032088525975,0.001517787052128075,0.0014665898124316531,0.0,0.0099999999999998,1000
random-sam-muon@global,Random SAM-Muon [global Frob],random-sam-muon,muon,both,inf,0.02,0.00146513481635385,0.00143303098371525,0.001516334824377825,0.0014665618160877032,0.0,0.0199999999999996,1000
random-sam-muon@global,Random SAM-Muon [global Frob],random-sam-muon,muon,both,inf,0.05,0.0014658921030059001,0.0014332113812247,0.001518345319790575,0.001467487859661875,0.0,0.0499999999999991,1000
random-sam-muon@global,Random SAM-Muon [global Frob],random-sam-muon,muon,both,inf,0.1,0.00147061529064075,0.001431835795442125,0.0015194180819150251,0.0014707985888722376,0.0,0.0999999999999982,1000
random-sam-muon@global,Random SAM-Muon [global Frob],random-sam-muon,muon,both,inf,0.2,0.00148035695917115,0.0014407294798674001,0.00152497550347975,0.0014803285787341625,0.0,0.1999999999999964,1000
random-sam-muon@global,Random SAM-Muon [global Frob],random-sam-muon,muon,both,inf,0.5,0.0015391074370729,0.001491391530050375,0.001575983810347175,0.0015345533599848533,0.0,0.4999999999999909,1000
random-sam-muon@global,Random SAM-Muon [global Frob],random-sam-muon,muon,both,inf,1.0,0.00167627503704515,0.001627090407158025,0.001715833661607175,0.001670658974462778,0.0,0.9999999999999819,1000
random-sam-muon@per-layer,Random SAM-Muon [per-layer Frob],random-sam-muon,muon,both,1.1,0.01,0.2227907553655839,0.21219394425377294,0.23730803215136848,0.22651862842552514,0.0,0.0141421356237305,1000
random-sam-muon@per-layer,Random SAM-Muon [per-layer Frob],random-sam-muon,muon,both,1.1,0.02,0.2227994381483956,0.21215134808950764,0.2373196006326254,0.22650796759807695,0.0,0.0282842712474611,1000
random-sam-muon@per-layer,Random SAM-Muon [per-layer Frob],random-sam-muon,muon,both,1.1,0.05,0.2228275403537572,0.21208891498265012,0.23734349633945998,0.22648775157520318,0.0,0.0707106781186528,1000
random-sam-muon@per-layer,Random SAM-Muon [per-layer Frob],random-sam-muon,muon,both,1.1,0.1,0.22288104161694225,0.2121758222105202,0.23737810432077622,0.22649766189885945,0.0,0.1414213562373057,1000
random-sam-muon@per-layer,Random SAM-Muon [per-layer Frob],random-sam-muon,muon,both,1.1,0.2,0.22302188682789598,0.21255663147992776,0.2376054658354116,0.22654276513665883,0.0,0.28284271247461146,1000
random-sam-muon@per-layer,Random SAM-Muon [per-layer Frob],random-sam-muon,muon,both,1.1,0.5,0.22341656251759895,0.21250409357689842,0.24005041663534568,0.22677064751105905,0.0,0.7071067811865287,1000
random-sam-muon@per-layer,Random SAM-Muon [per-layer Frob],random-sam-muon,muon,both,1.1,1.0,0.22209653201755125,0.2141386124649624,0.23972550497206674,0.22618625092919584,0.0,1.4142135623730574,1000
random-sam-muon@per-layer,Random SAM-Muon [per-layer Frob],random-sam-muon,muon,both,1.3,0.01,0.05130457611882635,0.04655977096792717,0.05428901099918033,0.05081742134052362,0.0,0.0141421356237305,1000
random-sam-muon@per-layer,Random SAM-Muon [per-layer Frob],random-sam-muon,muon,both,1.3,0.02,0.051289178712333044,0.046546427835891,0.0542705400281222,0.05081837437531958,0.0,0.0282842712474611,1000
random-sam-muon@per-layer,Random SAM-Muon [per-layer Frob],random-sam-muon,muon,both,1.3,0.05,0.051248766069208,0.0465197033278751,0.05419653492089532,0.050822559375714255,0.0,0.0707106781186528,1000
random-sam-muon@per-layer,Random SAM-Muon [per-layer Frob],random-sam-muon,muon,both,1.3,0.1,0.0511938227361622,0.046571109634464675,0.0540525519291247,0.050837862638694616,0.0,0.1414213562373057,1000
random-sam-muon@per-layer,Random SAM-Muon [per-layer Frob],random-sam-muon,muon,both,1.3,0.2,0.051216983346922096,0.046707761212348806,0.0539729433262807,0.05086180053677212,0.0,0.2828427124746114,1000
random-sam-muon@per-layer,Random SAM-Muon [per-layer Frob],random-sam-muon,muon,both,1.3,0.5,0.05115813640615395,0.047081100217709,0.05383938906179795,0.0509661977976503,0.0,0.7071067811865286,1000
random-sam-muon@per-layer,Random SAM-Muon [per-layer Frob],random-sam-muon,muon,both,1.3,1.0,0.0510149202851887,0.04721585434184367,0.05367566535366435,0.050887079182191056,0.0,1.4142135623730572,1000
random-sam-muon@per-layer,Random SAM-Muon [per-layer Frob],random-sam-muon,muon,both,1.6,0.01,0.0115546492651398,0.011220958750772475,0.01217933391442,0.011647894239435056,0.0,0.0141421356237305,1000
random-sam-muon@per-layer,Random SAM-Muon [per-layer Frob],random-sam-muon,muon,both,1.6,0.02,0.011554172802421651,0.011211502490116251,0.012180016179739675,0.011646797095335946,0.0,0.0282842712474611,1000
random-sam-muon@per-layer,Random SAM-Muon [per-layer Frob],random-sam-muon,muon,both,1.6,0.05,0.0115642762082028,0.011185588518371899,0.0121808575067859,0.011646850990320555,0.0,0.0707106781186528,1000
random-sam-muon@per-layer,Random SAM-Muon [per-layer Frob],random-sam-muon,muon,both,1.6,0.1,0.011576203702855701,0.01116730116343665,0.01216946142990745,0.011657723814638095,0.0,0.1414213562373057,1000
random-sam-muon@per-layer,Random SAM-Muon [per-layer Frob],random-sam-muon,muon,both,1.6,0.2,0.011640018766882199,0.01122269844315465,0.012166835883582024,0.011690541954317337,0.0,0.2828427124746114,1000
random-sam-muon@per-layer,Random SAM-Muon [per-layer Frob],random-sam-muon,muon,both,1.6,0.5,0.0117919536608754,0.011329975498331776,0.01226030081816145,0.011782311826562485,0.0,0.7071067811865287,1000
random-sam-muon@per-layer,Random SAM-Muon [per-layer Frob],random-sam-muon,muon,both,1.6,1.0,0.011919201041546201,0.0114799770482409,0.01248372573570825,0.01200158361451896,0.0,1.4142135623730574,1000
random-sam-muon@per-layer,Random SAM-Muon [per-layer Frob],random-sam-muon,muon,both,2.0,0.01,0.00351523681408055,0.0033556409555182748,0.0036336947307309252,0.0035005555892027376,0.0,0.0141421356237305,1000
random-sam-muon@per-layer,Random SAM-Muon [per-layer Frob],random-sam-muon,muon,both,2.0,0.02,0.0035146576179553,0.0033568995489675,0.003629886366528825,0.0035009732730301,0.0,0.0282842712474611,1000
random-sam-muon@per-layer,Random SAM-Muon [per-layer Frob],random-sam-muon,muon,both,2.0,0.05,0.0035261949170118,0.003343488665332925,0.003626329449870875,0.0035048241167354465,0.0,0.0707106781186528,1000
random-sam-muon@per-layer,Random SAM-Muon [per-layer Frob],random-sam-muon,muon,both,2.0,0.1,0.0035474216477489,0.00334400658890135,0.0036271632711088247,0.003513363010594097,0.0,0.1414213562373057,1000
random-sam-muon@per-layer,Random SAM-Muon [per-layer Frob],random-sam-muon,muon,both,2.0,0.2,0.00356858147282065,0.003370653499646975,0.003638820658398925,0.003535757916092222,0.0,0.28284271247461146,1000
random-sam-muon@per-layer,Random SAM-Muon [per-layer Frob],random-sam-muon,muon,both,2.0,0.5,0.00366049721002415,0.0034765902413822,0.003705104005637025,0.003620002566486716,0.0,0.7071067811865286,1000
random-sam-muon@per-layer,Random SAM-Muon [per-layer Frob],random-sam-muon,muon,both,2.0,1.0,0.00386125303209385,0.0037040010841960253,0.00395031763936765,0.0038313039337161095,0.0,1.4142135623730572,1000
random-sam-muon@per-layer,Random SAM-Muon [per-layer Frob],random-sam-muon,muon,both,3.0,0.01,0.0012550230603327,0.0011985454701603998,0.0012741773215991501,0.0012387651287524657,0.0,0.0141421356237305,1000
random-sam-muon@per-layer,Random SAM-Muon [per-layer Frob],random-sam-muon,muon,both,3.0,0.02,0.0012548000484244501,0.00119713516912715,0.001276159492550325,0.001238786978609328,0.0,0.0282842712474611,1000
random-sam-muon@per-layer,Random SAM-Muon [per-layer Frob],random-sam-muon,muon,both,3.0,0.05,0.0012566031928063,0.0011953071425759,0.0012814318830893,0.0012404451374939344,0.0,0.0707106781186528,1000
random-sam-muon@per-layer,Random SAM-Muon [per-layer Frob],random-sam-muon,muon,both,3.0,0.1,0.00126319949483635,0.001198545123461075,0.0012843438374434,0.0012466367423786314,0.0,0.1414213562373057,1000
random-sam-muon@per-layer,Random SAM-Muon [per-layer Frob],random-sam-muon,muon,both,3.0,0.2,0.0012721513848352,0.0012205729547871,0.0012981875469906,0.0012594264489456406,0.0,0.2828427124746114,1000
random-sam-muon@per-layer,Random SAM-Muon [per-layer Frob],random-sam-muon,muon,both,3.0,0.5,0.0013283498884269001,0.00127628603991025,0.001365865359144825,0.0013207900491063655,0.0,0.7071067811865286,1000
random-sam-muon@per-layer,Random SAM-Muon [per-layer Frob],random-sam-muon,muon,both,3.0,1.0,0.00153367393816205,0.0014551442389086752,0.0015757914517572748,0.0015145361088317844,0.0,1.4142135623730572,1000
random-sam-muon@per-layer,Random SAM-Muon [per-layer Frob],random-sam-muon,muon,both,inf,0.01,0.00146491184716365,0.00143241622693885,0.0015172809832985999,0.0014665293996104873,0.0,0.0141421356237305,1000
random-sam-muon@per-layer,Random SAM-Muon [per-layer Frob],random-sam-muon,muon,both,inf,0.02,0.0014649631860652,0.001434223745693825,0.001516941729965975,0.0014665598936516439,0.0,0.0282842712474611,1000
random-sam-muon@per-layer,Random SAM-Muon [per-layer Frob],random-sam-muon,muon,both,inf,0.05,0.0014683747241675,0.0014318722090028,0.001518737791865625,0.0014689213501411095,0.0,0.0707106781186528,1000
random-sam-muon@per-layer,Random SAM-Muon [per-layer Frob],random-sam-muon,muon,both,inf,0.1,0.0014732688842068,0.00143293728917485,0.0015208410550511002,0.0014734578253304312,0.0,0.1414213562373057,1000
random-sam-muon@per-layer,Random SAM-Muon [per-layer Frob],random-sam-muon,muon,both,inf,0.2,0.0014956071043116,0.0014512509827446,0.001530450746841,0.001490583509099025,0.0,0.2828427124746114,1000
random-sam-muon@per-layer,Random SAM-Muon [per-layer Frob],random-sam-muon,muon,both,inf,0.5,0.00156271304299995,0.001518084285116475,0.0015946269654153501,0.0015536030810546749,0.0,0.7071067811865287,1000
random-sam-muon@per-layer,Random SAM-Muon [per-layer Frob],random-sam-muon,muon,both,inf,1.0,0.0017589312614828502,0.00171315442248845,0.001789737127368125,0.001753646077029403,0.0,1.4142135623730574,1000
random-spectral-sam-muon,Random Spectral SAM-Muon,random-spectral-sam-muon,muon,mnist,1.1,0.01,0.2228020476003098,0.2121026381592982,0.2372062888208467,0.22648791202961524,0.0,0.0688657640217239,1000
random-spectral-sam-muon,Random Spectral SAM-Muon,random-spectral-sam-muon,muon,mnist,1.1,0.02,0.22281419403406835,0.21212691060624456,0.23720204635097958,0.22648466428323322,0.0,0.13773152804344785,1000
random-spectral-sam-muon,Random Spectral SAM-Muon,random-spectral-sam-muon,muon,mnist,1.1,0.05,0.2232148768140504,0.21252671600973522,0.237333357669335,0.22663276182916164,0.0,0.34432882010861976,1000
random-spectral-sam-muon,Random Spectral SAM-Muon,random-spectral-sam-muon,muon,mnist,1.1,0.1,0.22346621840928135,0.21319475358477918,0.23906803667153748,0.22692131516041386,0.0,0.6886576402172395,1000
random-spectral-sam-muon,Random Spectral SAM-Muon,random-spectral-sam-muon,muon,mnist,1.1,0.2,0.22198009771357516,0.2148938753954626,0.23814161081074764,0.226563449331347,0.0,1.377315280434479,1000
random-spectral-sam-muon,Random Spectral SAM-Muon,random-spectral-sam-muon,muon,mnist,1.1,0.5,0.21479878096244295,0.20673863191460318,0.22889805682127856,0.21764076610959793,0.0,3.443288201086198,1000
random-spectral-sam-muon,Random Spectral SAM-Muon,random-spectral-sam-muon,muon,mnist,1.1,1.0,0.2129020780602515,0.20822921132998556,0.22715639499303128,0.21700169620715082,0.0,6.886576402172395,1000
random-spectral-sam-muon,Random Spectral SAM-Muon,random-spectral-sam-muon,muon,mnist,1.3,0.01,0.051302886367650846,0.046495671842823376,0.054231658431521626,0.05082699868433492,0.0,0.06903495237423066,1000
random-spectral-sam-muon,Random Spectral SAM-Muon,random-spectral-sam-muon,muon,mnist,1.3,0.02,0.0513189115506962,0.046466879986541275,0.0541089654014262,0.05084652821081795,0.0,0.13806990474846137,1000
random-spectral-sam-muon,Random Spectral SAM-Muon,random-spectral-sam-muon,muon,mnist,1.3,0.05,0.05137617249639155,0.046497332621446896,0.05420696636301853,0.05090474735538948,0.0,0.34517476187115337,1000
random-spectral-sam-muon,Random Spectral SAM-Muon,random-spectral-sam-muon,muon,mnist,1.3,0.1,0.0513203088110529,0.04693093330283705,0.05406528312808888,0.05102614417973782,0.0,0.6903495237423068,1000
random-spectral-sam-muon,Random Spectral SAM-Muon,random-spectral-sam-muon,muon,mnist,1.3,0.2,0.051400941944279355,0.04720466621990267,0.053744330048835824,0.05098282193262051,0.0,1.3806990474846137,1000
random-spectral-sam-muon,Random Spectral SAM-Muon,random-spectral-sam-muon,muon,mnist,1.3,0.5,0.05141397235750095,0.048514813034506346,0.05484977955395255,0.051659556366059275,0.0,3.451747618711534,1000
random-spectral-sam-muon,Random Spectral SAM-Muon,random-spectral-sam-muon,muon,mnist,1.3,1.0,0.0887702040644735,0.08540804465326479,0.09185656790313435,0.08928829349404582,0.0,6.903495237423068,1000
random-spectral-sam-muon,Random Spectral SAM-Muon,random-spectral-sam-muon,muon,mnist,1.6,0.01,0.011557128683957751,0.011177209627504825,0.012167492366006751,0.011651275622868756,0.0,0.0689304497977353,1000
random-spectral-sam-muon,Random Spectral SAM-Muon,random-spectral-sam-muon,muon,mnist,1.6,0.02,0.0115576509625036,0.011148536313859175,0.01213704811395765,0.011657633993860765,0.0,0.1378608995954707,1000
random-spectral-sam-muon,Random Spectral SAM-Muon,random-spectral-sam-muon,muon,mnist,1.6,0.05,0.011634865781727299,0.011257970853154674,0.012169007626269449,0.011718639177277137,0.0,0.34465224898867686,1000
random-spectral-sam-muon,Random Spectral SAM-Muon,random-spectral-sam-muon,muon,mnist,1.6,0.1,0.011773622600339852,0.011319491728752575,0.01236437717520545,0.011806463641679393,0.0,0.6893044979773537,1000
random-spectral-sam-muon,Random Spectral SAM-Muon,random-spectral-sam-muon,muon,mnist,1.6,0.2,0.011899053335794649,0.011464851163442525,0.0124473666533631,0.011978869029991502,0.0,1.3786089959547077,1000
random-spectral-sam-muon,Random Spectral SAM-Muon,random-spectral-sam-muon,muon,mnist,1.6,0.5,0.016166280168439698,0.015465628026440375,0.01680129123467285,0.016077901731054098,0.0,3.446522489886769,1000
random-spectral-sam-muon,Random Spectral SAM-Muon,random-spectral-sam-muon,muon,mnist,1.6,1.0,0.06520615939399821,0.06441300271727986,0.06656200029624329,0.065396500507741,0.0,6.893044979773538,1000
random-spectral-sam-muon,Random Spectral SAM-Muon,random-spectral-sam-muon,muon,mnist,2.0,0.01,0.0035203844202683,0.0033477471958384747,0.0036243935246218,0.0035019071801596314,0.0,0.06873236669760571,1000
random-spectral-sam-muon,Random Spectral SAM-Muon,random-spectral-sam-muon,muon,mnist,2.0,0.02,0.00352691242570065,0.003346244232668325,0.0036362673769551497,0.0035126863780323998,0.0,0.13746473339521145,1000
random-spectral-sam-muon,Random Spectral SAM-Muon,random-spectral-sam-muon,muon,mnist,2.0,0.05,0.0035648263162137497,0.003394724266201175,0.003661152309824275,0.0035457131280487624,0.0,0.34366183348802865,1000
random-spectral-sam-muon,Random Spectral SAM-Muon,random-spectral-sam-muon,muon,mnist,2.0,0.1,0.0036444812425949,0.003460578105591975,0.003680381558358,0.0036092675851133625,0.0,0.6873236669760574,1000
random-spectral-sam-muon,Random Spectral SAM-Muon,random-spectral-sam-muon,muon,mnist,2.0,0.2,0.00381363594323715,0.0036637996985073498,0.003922371342252675,0.0037944270440009283,0.0,1.3746473339521148,1000
random-spectral-sam-muon,Random Spectral SAM-Muon,random-spectral-sam-muon,muon,mnist,2.0,0.5,0.008552179451971901,0.008364510694871801,0.008791061648669576,0.008587772356982892,0.0,3.436618334880287,1000
random-spectral-sam-muon,Random Spectral SAM-Muon,random-spectral-sam-muon,muon,mnist,2.0,1.0,0.061501320138239404,0.060626730242298775,0.06303175946333466,0.061689358675963986,0.0,6.873236669760574,1000
random-spectral-sam-muon,Random Spectral SAM-Muon,random-spectral-sam-muon,muon,mnist,3.0,0.01,0.00125664572908905,0.001201628813637475,0.001279760296878125,0.0012410382312292656,0.0,0.06898010845806579,1000
random-spectral-sam-muon,Random Spectral SAM-Muon,random-spectral-sam-muon,muon,mnist,3.0,0.02,0.0012616022497517,0.001204883101023425,0.001286614193537225,0.0012457237665367063,0.0,0.13796021691613158,1000
random-spectral-sam-muon,Random Spectral SAM-Muon,random-spectral-sam-muon,muon,mnist,3.0,0.05,0.00127340632295015,0.001219449881220775,0.0013011521897196752,0.0012628236090237999,0.0,0.34490054229032907,1000
random-spectral-sam-muon,Random Spectral SAM-Muon,random-spectral-sam-muon,muon,mnist,3.0,0.1,0.00132004937448695,0.00127278721481195,0.00136306136285195,0.0013107247991053406,0.0,0.6898010845806583,1000
random-spectral-sam-muon,Random Spectral SAM-Muon,random-spectral-sam-muon,muon,mnist,3.0,0.2,0.0014988640646028,0.00142936600800765,0.0015477870179576,0.0014833068088171844,0.0,1.3796021691613167,1000
random-spectral-sam-muon,Random Spectral SAM-Muon,random-spectral-sam-muon,muon,mnist,3.0,0.5,0.0063435001119415,0.0061735511661115995,0.006581457270840601,0.006362933650365006,0.0,3.4490054229032916,1000
random-spectral-sam-muon,Random Spectral SAM-Muon,random-spectral-sam-muon,muon,mnist,3.0,1.0,0.06021153689192085,0.05932956984681295,0.0616813728870816,0.06045842098638479,0.0,6.898010845806583,1000
random-spectral-sam-muon,Random Spectral SAM-Muon,random-spectral-sam-muon,muon,mnist,inf,0.01,0.00146710659806665,0.001436508362176975,0.00151717729862505,0.0014683076398690751,0.0,0.06900261884792394,1000
random-spectral-sam-muon,Random Spectral SAM-Muon,random-spectral-sam-muon,muon,mnist,inf,0.02,0.0014693467954763999,0.0014343211691413,0.001524744391639825,0.0014721163537272561,0.0,0.13800523769584788,1000
random-spectral-sam-muon,Random Spectral SAM-Muon,random-spectral-sam-muon,muon,mnist,inf,0.05,0.00150201666083415,0.0014531153761206499,0.0015437547237772001,0.0014993689220886342,0.0,0.34501309423961996,1000
random-spectral-sam-muon,Random Spectral SAM-Muon,random-spectral-sam-muon,muon,mnist,inf,0.1,0.0015588262219874,0.001500458158027575,0.0016021528542832,0.0015500508604322002,0.0,0.69002618847924,1000
random-spectral-sam-muon,Random Spectral SAM-Muon,random-spectral-sam-muon,muon,mnist,inf,0.2,0.00172727631037215,0.00167787237157575,0.0017779539684531,0.0017252494137100938,0.0,1.38005237695848,1000
random-spectral-sam-muon,Random Spectral SAM-Muon,random-spectral-sam-muon,muon,mnist,inf,0.5,0.0065832697290505,0.006427913182639074,0.0067962245489897755,0.006605917854232363,0.0,3.4501309423961994,1000
random-spectral-sam-muon,Random Spectral SAM-Muon,random-spectral-sam-muon,muon,mnist,inf,1.0,0.0600718599049209,0.05901384873038535,0.061370674141997025,0.06017628211197554,0.0,6.9002618847924,1000
sam-muon@global,SAM-Muon [global Frob],sam-muon,muon,atlas_opt,1.1,0.01,0.21641360696910575,0.20595639285614162,0.23022358523488043,0.21940133512002147,0.0,0.009999999999997851,2000
sam-muon@global,SAM-Muon [global Frob],sam-muon,muon,atlas_opt,1.1,0.02,0.2097079754175098,0.20047158192495323,0.2234308423413775,0.2127906045361353,0.0,0.019999999999995702,2000
sam-muon@global,SAM-Muon [global Frob],sam-muon,muon,atlas_opt,1.1,0.05,0.19230188649299185,0.18628856445668274,0.20666512817933563,0.19609504554260165,0.0,0.0499999999999886,2000
sam-muon@global,SAM-Muon [global Frob],sam-muon,muon,atlas_opt,1.1,0.1,0.17516766281851015,0.17104961808382257,0.18828080304545783,0.17889776034344168,0.0,0.099999999999975,2000
sam-muon@global,SAM-Muon [global Frob],sam-muon,muon,atlas_opt,1.1,0.2,0.1877378852525094,0.18291822127715773,0.20079612498427557,0.1895485751727484,0.0,0.1999999999999382,2000
sam-muon@global,SAM-Muon [global Frob],sam-muon,muon,atlas_opt,1.1,0.5,0.5077849492125543,0.5059905993427517,0.5085512490964569,0.5055075967098532,0.0,0.49999999999848566,2000
sam-muon@global,SAM-Muon [global Frob],sam-muon,muon,atlas_opt,1.1,1.0,0.5088471933940406,0.5088448785006414,0.5088490311061132,0.508846071192637,0.0,0.9999999999918519,2000
sam-muon@global,SAM-Muon [global Frob],sam-muon,muon,atlas_opt,1.3,0.01,0.0500652545859715,0.04566939742660098,0.05312195537804883,0.049757769744945786,0.0,0.0099999999999924,2000
sam-muon@global,SAM-Muon [global Frob],sam-muon,muon,atlas_opt,1.3,0.02,0.0489790378639952,0.0448883120336787,0.052067501038279,0.04884520427468356,0.0,0.019999999999984648,2000
sam-muon@global,SAM-Muon [global Frob],sam-muon,muon,atlas_opt,1.3,0.05,0.0471962040773099,0.0428212319134823,0.04962324295495753,0.04696329109376047,0.0,0.049999999999959854,2000
sam-muon@global,SAM-Muon [global Frob],sam-muon,muon,atlas_opt,1.3,0.1,0.0464577865850509,0.04278514340089332,0.049442020745871826,0.04654887498217777,0.0,0.0999999999999146,2000
sam-muon@global,SAM-Muon [global Frob],sam-muon,muon,atlas_opt,1.3,0.2,0.05463409973572645,0.05299618292943492,0.058292113285116645,0.05532052449810598,0.0,0.1999999999998092,2000
sam-muon@global,SAM-Muon [global Frob],sam-muon,muon,atlas_opt,1.3,0.5,0.16918079053411075,0.16354168776037337,0.17908239041518362,0.17062092243565008,0.0,0.49999999999931205,2000
sam-muon@global,SAM-Muon [global Frob],sam-muon,muon,atlas_opt,1.3,1.0,0.5088487254230147,0.5088482986123843,0.5088489903324223,0.5088486215577455,0.0,0.9999999999484059,2000
sam-muon@global,SAM-Muon [global Frob],sam-muon,muon,atlas_opt,1.6,0.01,0.01144802695364165,0.011113844069175276,0.012107076538816975,0.011556010641253497,0.0,0.00999999999998255,2000
sam-muon@global,SAM-Muon [global Frob],sam-muon,muon,atlas_opt,1.6,0.02,0.01136106837476425,0.0110602681343134,0.01205257630310165,0.011485100031523613,0.0,0.01999999999996465,2000
sam-muon@global,SAM-Muon [global Frob],sam-muon,muon,atlas_opt,1.6,0.05,0.011303556196877049,0.010917866890058175,0.01194912415288245,0.011414506409420086,0.0,0.04999999999990875,2000
sam-muon@global,SAM-Muon [global Frob],sam-muon,muon,atlas_opt,1.6,0.1,0.0117234017727044,0.011174900907257874,0.012324029522316,0.01176132822363382,0.0,0.09999999999980991,2000
sam-muon@global,SAM-Muon [global Frob],sam-muon,muon,atlas_opt,1.6,0.2,0.0140297634077919,0.0131527748024178,0.014678667036392375,0.013982240014207038,0.0,0.1999999999995939,2000
sam-muon@global,SAM-Muon [global Frob],sam-muon,muon,atlas_opt,1.6,0.5,0.031958697458545,0.030690791014397548,0.03349710526253865,0.032102293404835586,0.0,0.4999999999988382,2000
sam-muon@global,SAM-Muon [global Frob],sam-muon,muon,atlas_opt,1.6,1.0,0.11266812341220081,0.10737236383225807,0.11530586867086075,0.11245999369271262,0.0,0.9999999999973319,2000
sam-muon@global,SAM-Muon [global Frob],sam-muon,muon,atlas_opt,2.0,0.01,0.0034931142830151,0.0033350930607864253,0.0036237482276886,0.003484059946698525,0.0,0.009999999999968,2000
sam-muon@global,SAM-Muon [global Frob],sam-muon,muon,atlas_opt,2.0,0.02,0.0034828347888834,0.0033163125328674247,0.00362027648902535,0.0034758164042512003,0.0,0.0199999999999353,2000
sam-muon@global,SAM-Muon [global Frob],sam-muon,muon,atlas_opt,2.0,0.05,0.00348892424387915,0.00335404465998275,0.003640075549208475,0.00349415724269905,0.0,0.0499999999998346,2000
sam-muon@global,SAM-Muon [global Frob],sam-muon,muon,atlas_opt,2.0,0.1,0.0036332927076619496,0.003525595139173,0.0037788278925976,0.0036448769636350875,0.0,0.099999999999662,2000
sam-muon@global,SAM-Muon [global Frob],sam-muon,muon,atlas_opt,2.0,0.2,0.004368198755896649,0.0042376638961833255,0.004538112374340625,0.004374852796447188,0.0,0.19999999999930515,2000
sam-muon@global,SAM-Muon [global Frob],sam-muon,muon,atlas_opt,2.0,0.5,0.009307354839864251,0.009007252962145149,0.009482110499717599,0.009275906723701875,0.0,0.4999999999981779,2000
sam-muon@global,SAM-Muon [global Frob],sam-muon,muon,atlas_opt,2.0,1.0,0.0277279404834219,0.027395485290740998,0.028538033536599623,0.02782681502666293,0.0,0.9999999999961244,2000
sam-muon@global,SAM-Muon [global Frob],sam-muon,muon,atlas_opt,3.0,0.01,0.0012560701400309501,0.001199779139530525,0.001275667257919675,0.001236753899178175,0.0,0.009999999999948252,2000
sam-muon@global,SAM-Muon [global Frob],sam-muon,muon,atlas_opt,3.0,0.02,0.0012587804989499,0.0011978219928206,0.00128023148350945,0.0012373005274610594,0.0,0.01999999999989555,2000
sam-muon@global,SAM-Muon [global Frob],sam-muon,muon,atlas_opt,3.0,0.05,0.00127794196723955,0.0012115280845118501,0.0012988879608695002,0.001254084019163828,0.0,0.049999999999734,2000
sam-muon@global,SAM-Muon [global Frob],sam-muon,muon,atlas_opt,3.0,0.1,0.00134501209390645,0.00127865863015065,0.0013853189497011749,0.00132791910611485,0.0,0.09999999999945755,2000
sam-muon@global,SAM-Muon [global Frob],sam-muon,muon,atlas_opt,3.0,0.2,0.00161444769381005,0.00155012260028835,0.00169399474012635,0.0016174431290282782,0.0,0.19999999999889323,2000
sam-muon@global,SAM-Muon [global Frob],sam-muon,muon,atlas_opt,3.0,0.5,0.0033056593516379,0.00315466646749225,0.003413425615818625,0.0032924711832956,0.0,0.4999999999971733,2000
sam-muon@global,SAM-Muon [global Frob],sam-muon,muon,atlas_opt,3.0,1.0,0.009634186130534201,0.00949934176403395,0.00981668899797885,0.009620670411969437,0.0,0.9999999999942538,2000
sam-muon@global,SAM-Muon [global Frob],sam-muon,muon,atlas_opt,inf,0.01,0.00145788349415105,0.00143354078209685,0.001514792402969075,0.0014647296069903906,0.0,0.00999999999995305,2000
sam-muon@global,SAM-Muon [global Frob],sam-muon,muon,atlas_opt,inf,0.02,0.0014620550613223,0.0014340977581771249,0.0015091369730579499,0.001465198825449825,0.0,0.01999999999990525,2000
sam-muon@global,SAM-Muon [global Frob],sam-muon,muon,atlas_opt,inf,0.05,0.0014919548764549002,0.001446402020090625,0.0015186214618525499,0.00147952464137905,0.0,0.0499999999997585,2000
sam-muon@global,SAM-Muon [global Frob],sam-muon,muon,atlas_opt,inf,0.1,0.00156987102132285,0.0015151388260069,0.001604165315382725,0.0015610771474157343,0.0,0.0999999999995056,2000
sam-muon@global,SAM-Muon [global Frob],sam-muon,muon,atlas_opt,inf,0.2,0.0018957282020578,0.001822274467232075,0.001939691767241175,0.001890737331439403,0.0,0.19999999999898793,2000
sam-muon@global,SAM-Muon [global Frob],sam-muon,muon,atlas_opt,inf,0.5,0.0038666538540896,0.003763842040287875,0.003934986480947225,0.0038613025228971653,0.0,0.4999999999974126,2000
sam-muon@global,SAM-Muon [global Frob],sam-muon,muon,atlas_opt,inf,1.0,0.01144115136513765,0.011193718514947675,0.011574924318680475,0.011443750102027906,0.0,0.9999999999947065,2000
sam-muon@per-layer,SAM-Muon [per-layer Frob],sam-muon,muon,atlas_opt,1.1,0.01,0.21373924336948497,0.20375342795727308,0.22761262278262168,0.21676234791584847,0.0,0.01414213562372665,2000
sam-muon@per-layer,SAM-Muon [per-layer Frob],sam-muon,muon,atlas_opt,1.1,0.02,0.20484647434097564,0.19660074913360923,0.21791782747305688,0.20798926978063245,0.0,0.0282842712474531,2000
sam-muon@per-layer,SAM-Muon [per-layer Frob],sam-muon,muon,atlas_opt,1.1,0.05,0.18278394244483948,0.1782882462164555,0.19838757435696586,0.18762486047780313,0.0,0.07071067811863085,2000
sam-muon@per-layer,SAM-Muon [per-layer Frob],sam-muon,muon,atlas_opt,1.1,0.1,0.17240882514432787,0.16739243238532264,0.18597321670595107,0.17497302276712767,0.0,0.1414213562372546,2000
sam-muon@per-layer,SAM-Muon [per-layer Frob],sam-muon,muon,atlas_opt,1.1,0.2,0.25038600740841843,0.23249509038802815,0.2624237587505292,0.2487890284453972,0.0,0.2828427124744505,2000
sam-muon@per-layer,SAM-Muon [per-layer Frob],sam-muon,muon,atlas_opt,1.1,0.5,0.5088463322092391,0.5088443481523934,0.5088509948395985,0.5088458230745404,0.0,0.7071067811688262,2000
sam-muon@per-layer,SAM-Muon [per-layer Frob],sam-muon,muon,atlas_opt,1.1,1.0,0.5088483780075468,0.5088472415458356,0.5088495406078706,0.5088468111593343,0.0,1.4142135623298113,2000
sam-muon@per-layer,SAM-Muon [per-layer Frob],sam-muon,muon,atlas_opt,1.3,0.01,0.049575999172069646,0.045311543895381855,0.05266621048807968,0.04935037338467361,0.0,0.0141421356237156,2000
sam-muon@per-layer,SAM-Muon [per-layer Frob],sam-muon,muon,atlas_opt,1.3,0.02,0.048178297291122996,0.04420472211654645,0.05126194949008993,0.04816019985384462,0.0,0.0282842712474307,2000
sam-muon@per-layer,SAM-Muon [per-layer Frob],sam-muon,muon,atlas_opt,1.3,0.05,0.04648052360025095,0.04215988698879512,0.04896388901190553,0.046252076495543706,0.0,0.07071067811857185,2000
sam-muon@per-layer,SAM-Muon [per-layer Frob],sam-muon,muon,atlas_opt,1.3,0.1,0.0482688519056999,0.0452218863412691,0.05116586092340503,0.04833543933592613,0.0,0.14142135623713026,2000
sam-muon@per-layer,SAM-Muon [per-layer Frob],sam-muon,muon,atlas_opt,1.3,0.2,0.07205416727312544,0.06957150786525884,0.07588978745545386,0.07251701332665847,0.0,0.282842712474196,2000
sam-muon@per-layer,SAM-Muon [per-layer Frob],sam-muon,muon,atlas_opt,1.3,0.5,0.4212015633262926,0.3893444740459252,0.4452849464631486,0.41902767577524547,0.0,0.7071067811836274,2000
sam-muon@per-layer,SAM-Muon [per-layer Frob],sam-muon,muon,atlas_opt,1.3,1.0,0.5088490633038143,0.508848800578803,0.5088492503655184,0.5088489192473142,0.0,1.4142135621719314,2000
sam-muon@per-layer,SAM-Muon [per-layer Frob],sam-muon,muon,atlas_opt,1.6,0.01,0.01138958296138435,0.011085284246783799,0.012062800370338224,0.011504416296654885,0.0,0.0141421356236944,2000
sam-muon@per-layer,SAM-Muon [per-layer Frob],sam-muon,muon,atlas_opt,1.6,0.02,0.01127339668073285,0.010955775823858125,0.01198360382729235,0.011404009333027314,0.0,0.0282842712473876,2000
sam-muon@per-layer,SAM-Muon [per-layer Frob],sam-muon,muon,atlas_opt,1.6,0.05,0.0113640784836259,0.010876321659252225,0.011921374873784226,0.011407261733005727,0.0,0.0707106781184618,2000
sam-muon@per-layer,SAM-Muon [per-layer Frob],sam-muon,muon,atlas_opt,1.6,0.1,0.0122386730221757,0.0116242512433215,0.012895193376861,0.012309456762878609,0.0,0.14142135623690755,2000
sam-muon@per-layer,SAM-Muon [per-layer Frob],sam-muon,muon,atlas_opt,1.6,0.2,0.017320898233128948,0.01624557511139635,0.0181390051098698,0.01720374577910801,0.0,0.2828427124737613,2000
sam-muon@per-layer,SAM-Muon [per-layer Frob],sam-muon,muon,atlas_opt,1.6,0.5,0.0556049402131032,0.0535336086864864,0.057823596872689925,0.05575875275627147,0.0,0.707106781184037,2000
sam-muon@per-layer,SAM-Muon [per-layer Frob],sam-muon,muon,atlas_opt,1.6,1.0,0.508849095330421,0.5088490443785345,0.5088491205415672,0.5088490973742751,0.0,1.4142135610791984,2000
sam-muon@per-layer,SAM-Muon [per-layer Frob],sam-muon,muon,atlas_opt,2.0,0.01,0.00347356851101005,0.0033175338689703,0.00361126968965385,0.003468221491334156,0.0,0.014142135623664901,2000
sam-muon@per-layer,SAM-Muon [per-layer Frob],sam-muon,muon,atlas_opt,2.0,0.02,0.00345700398330655,0.003299663589063525,0.003595344522689975,0.0034528849437185658,0.0,0.0282842712473287,2000
sam-muon@per-layer,SAM-Muon [per-layer Frob],sam-muon,muon,atlas_opt,2.0,0.05,0.0034704481377961,0.0033689602823405752,0.0036158164104337,0.0034904622929507346,0.0,0.0707106781183155,2000
sam-muon@per-layer,SAM-Muon [per-layer Frob],sam-muon,muon,atlas_opt,2.0,0.1,0.0037978778778155,0.00367363831891065,0.00395991348781215,0.0038071561290346032,0.0,0.14142135623661675,2000
sam-muon@per-layer,SAM-Muon [per-layer Frob],sam-muon,muon,atlas_opt,2.0,0.2,0.005273650476563351,0.0051117046975514,0.00544378924674235,0.0052636891278333,0.0,0.2828427124731995,2000
sam-muon@per-layer,SAM-Muon [per-layer Frob],sam-muon,muon,atlas_opt,2.0,0.5,0.01548460706331145,0.0151388572805699,0.015852767295332176,0.01550197755969627,0.0,0.7071067811827683,2000
sam-muon@per-layer,SAM-Muon [per-layer Frob],sam-muon,muon,atlas_opt,2.0,1.0,0.0661097050368495,0.0644009484768358,0.06771835345507986,0.06650176144450828,0.0,1.4142135623648038,2000
sam-muon@per-layer,SAM-Muon [per-layer Frob],sam-muon,muon,atlas_opt,3.0,0.01,0.00125167908656445,0.001192180557909075,0.001272447479225275,0.001230763484381797,0.0,0.01414213562362395,2000
sam-muon@per-layer,SAM-Muon [per-layer Frob],sam-muon,muon,atlas_opt,3.0,0.02,0.0012519868775438502,0.0011871476982954,0.00127060502213195,0.0012280690705326093,0.0,0.02828427124724625,2000
sam-muon@per-layer,SAM-Muon [per-layer Frob],sam-muon,muon,atlas_opt,3.0,0.05,0.00127196618742815,0.0012054070985075,0.001305204945604275,0.0012503228066027407,0.0,0.07071067811810845,2000
sam-muon@per-layer,SAM-Muon [per-layer Frob],sam-muon,muon,atlas_opt,3.0,0.1,0.0013925294612731,0.0013325648763173,0.001445989416779625,0.001384599615929022,0.0,0.14142135623620675,2000
sam-muon@per-layer,SAM-Muon [per-layer Frob],sam-muon,muon,atlas_opt,3.0,0.2,0.0019316720589119,0.0018457125967699748,0.0020155212496192998,0.001927966443782522,0.0,0.2828427124723838,2000
sam-muon@per-layer,SAM-Muon [per-layer Frob],sam-muon,muon,atlas_opt,3.0,0.5,0.0053512649098152,0.00514208637399705,0.0054615648315675,0.0053010198678460005,0.0,0.7071067811808347,2000
sam-muon@per-layer,SAM-Muon [per-layer Frob],sam-muon,muon,atlas_opt,3.0,1.0,0.27088092689530885,0.26450085763046144,0.2750382338075403,0.2587053195385228,0.0,1.414213562359155,2000
sam-muon@per-layer,SAM-Muon [per-layer Frob],sam-muon,muon,atlas_opt,inf,0.01,0.0014522645944635001,0.00142616711172535,0.00150591802550775,0.0014578627607560405,0.0,0.014142135623632951,2000
sam-muon@per-layer,SAM-Muon [per-layer Frob],sam-muon,muon,atlas_opt,inf,0.02,0.0014576458817504002,0.001423443432691125,0.0014966089115789,0.0014533777063775626,0.0,0.0282842712472646,2000
sam-muon@per-layer,SAM-Muon [per-layer Frob],sam-muon,muon,atlas_opt,inf,0.05,0.0014884072033894001,0.00144004685900505,0.001516855498659975,0.0014758916964388875,0.0,0.07071067811815505,2000
sam-muon@per-layer,SAM-Muon [per-layer Frob],sam-muon,muon,atlas_opt,inf,0.1,0.00163688893770895,0.0015638317604377752,0.001670760650667125,0.001625108593974947,0.0,0.1414213562362983,2000
sam-muon@per-layer,SAM-Muon [per-layer Frob],sam-muon,muon,atlas_opt,inf,0.2,0.0022648252309469003,0.0021819663233707,0.00231225064120645,0.002258496465144206,0.0,0.28284271247257087,2000
sam-muon@per-layer,SAM-Muon [per-layer Frob],sam-muon,muon,atlas_opt,inf,0.5,0.006252213618045401,0.006118555952829375,0.0063186927994662,0.00623665762191059,0.0,0.7071067811813085,2000
sam-muon@per-layer,SAM-Muon [per-layer Frob],sam-muon,muon,atlas_opt,inf,1.0,0.0917591359945789,0.024618418952158223,0.11980732070007682,0.10693410451116503,0.0,1.4142135623616905,2000
sam-sgd@global,SAM + SGD [global Frob],sam-sgd,sgd,both,1.1,0.01,5.97976758326538,4.782078392933986,9.757580192174839,7.879309412965545,0.0,0.0099999999999993,2000
sam-sgd@global,SAM + SGD [global Frob],sam-sgd,sgd,both,1.1,0.02,6.024860192928893,4.539623575202857,9.338985363022863,7.773750322857582,0.0,0.01999999999999865,2000
sam-sgd@global,SAM + SGD [global Frob],sam-sgd,sgd,both,1.1,0.05,5.812109102312375,4.404114816941996,8.51854461441217,7.663748490996443,0.0,0.04999999999999655,2000
sam-sgd@global,SAM + SGD [global Frob],sam-sgd,sgd,both,1.1,0.1,5.499247429504498,4.3915120268637455,8.692005278140517,7.193521717276458,0.0,0.09999999999999284,2000
sam-sgd@global,SAM + SGD [global Frob],sam-sgd,sgd,both,1.1,0.2,5.140015734561998,3.9157901250529576,6.652441976685625,6.452416976122789,0.0,0.19999999999998486,2000
sam-sgd@global,SAM + SGD [global Frob],sam-sgd,sgd,both,1.1,0.5,3.629509036525655,2.6804456996200186,5.603532469332071,4.916932314603204,0.0,0.4999999999999573,2000
sam-sgd@global,SAM + SGD [global Frob],sam-sgd,sgd,both,1.1,1.0,1.3149553316567633,1.0716256271661027,2.030329431925672,2.9389714444419752,0.0,0.999999999999853,2000
sam-sgd@global,SAM + SGD [global Frob],sam-sgd,sgd,both,1.3,0.01,0.2832625367937674,0.22043410509892677,0.415805127325214,0.3910416250161516,0.0,0.00999999999999605,2000
sam-sgd@global,SAM + SGD [global Frob],sam-sgd,sgd,both,1.3,0.02,0.2773140665635576,0.21717321210829804,0.40546119728993657,0.38310314934513146,0.0,0.019999999999992,2000
sam-sgd@global,SAM + SGD [global Frob],sam-sgd,sgd,both,1.3,0.05,0.2605880895022078,0.20806716186220267,0.37358695929976227,0.3604327098904472,0.0,0.0499999999999792,2000
sam-sgd@global,SAM + SGD [global Frob],sam-sgd,sgd,both,1.3,0.1,0.2415368953615894,0.19711052812544863,0.3285727453746819,0.32654812407554745,0.0,0.099999999999956,2000
sam-sgd@global,SAM + SGD [global Frob],sam-sgd,sgd,both,1.3,0.2,0.211384822616748,0.18389436729280884,0.2806123619333092,0.272409747976239,0.0,0.1999999999999013,2000
sam-sgd@global,SAM + SGD [global Frob],sam-sgd,sgd,both,1.3,0.5,0.2461679312562603,0.22155334810680882,0.28975446036537356,0.26710514534750246,0.0,0.4999999999995238,2000
sam-sgd@global,SAM + SGD [global Frob],sam-sgd,sgd,both,1.3,1.0,0.5047340804792718,0.5009777284845734,0.5082672562528914,0.5054796198837879,0.0,0.9999999999980513,2000
sam-sgd@global,SAM + SGD [global Frob],sam-sgd,sgd,both,1.6,0.01,0.034081984023999604,0.026707394294718023,0.0497755954237796,0.07643455751741561,0.0,0.00999999999998815,2000
sam-sgd@global,SAM + SGD [global Frob],sam-sgd,sgd,both,1.6,0.02,0.03341547780918325,0.026174261218252,0.048155320726607075,0.0716696347388881,0.0,0.01999999999997595,2000
sam-sgd@global,SAM + SGD [global Frob],sam-sgd,sgd,both,1.6,0.05,0.031859865755084496,0.024998946989076475,0.0438615624718021,0.05969037903931335,0.0,0.0499999999999365,2000
sam-sgd@global,SAM + SGD [global Frob],sam-sgd,sgd,both,1.6,0.1,0.0298698810577545,0.023889783967725127,0.038662337593252126,0.046484034610609126,0.0,0.09999999999986109,2000
sam-sgd@global,SAM + SGD [global Frob],sam-sgd,sgd,both,1.6,0.2,0.0288094543994505,0.024247820214680547,0.0372523973947827,0.03655571975358083,0.0,0.1999999999996815,2000
sam-sgd@global,SAM + SGD [global Frob],sam-sgd,sgd,both,1.6,0.5,0.04851602530960415,0.043412655910676924,0.055592758220707826,0.05565743367631988,0.0,0.49999999999899614,2000
sam-sgd@global,SAM + SGD [global Frob],sam-sgd,sgd,both,1.6,1.0,0.2655270070141934,0.19744854706029125,0.30978836196553716,0.27071068812525534,0.0,0.9999999999972069,2000
sam-sgd@global,SAM + SGD [global Frob],sam-sgd,sgd,both,2.0,0.01,0.00470493312788245,0.00415297053788425,0.005983591206488226,0.005998721682100678,0.0,0.009999999999969651,2000
sam-sgd@global,SAM + SGD [global Frob],sam-sgd,sgd,both,2.0,0.02,0.00462904000232255,0.004090466864628925,0.006003277672578276,0.005976433253630812,0.0,0.01999999999993865,2000
sam-sgd@global,SAM + SGD [global Frob],sam-sgd,sgd,both,2.0,0.05,0.00446281014278105,0.003961670874658501,0.005716033479511725,0.005699988465730575,0.0,0.04999999999984265,2000
sam-sgd@global,SAM + SGD [global Frob],sam-sgd,sgd,both,2.0,0.1,0.0043787094209574995,0.003897355355433425,0.0056185100695046244,0.00578886254054355,0.0,0.0999999999996723,2000
sam-sgd@global,SAM + SGD [global Frob],sam-sgd,sgd,both,2.0,0.2,0.00477812240287875,0.0043616400226044,0.00605159084952865,0.006244123796712728,0.0,0.1999999999993226,2000
sam-sgd@global,SAM + SGD [global Frob],sam-sgd,sgd,both,2.0,0.5,0.0102032928415389,0.00936446266980375,0.0120247893379528,0.011841872118024961,0.0,0.49999999999820244,2000
sam-sgd@global,SAM + SGD [global Frob],sam-sgd,sgd,both,2.0,1.0,0.0315828631613644,0.028626162637908174,0.03464654792694723,0.03377710465887121,0.0,0.9999999999964004,2000
sam-sgd@global,SAM + SGD [global Frob],sam-sgd,sgd,both,3.0,0.01,0.00126832176750885,0.001220318965962625,0.00130875382294465,0.0012609125337831844,0.0,0.0099999999999464,2000
sam-sgd@global,SAM + SGD [global Frob],sam-sgd,sgd,both,3.0,0.02,0.00126514356999585,0.00121454425424535,0.0012993998776253,0.0012528639850371281,0.0,0.01999999999989275,2000
sam-sgd@global,SAM + SGD [global Frob],sam-sgd,sgd,both,3.0,0.05,0.00125217127669195,0.001202841344429325,0.001286124727066125,0.0012417619456565345,0.0,0.049999999999730704,2000
sam-sgd@global,SAM + SGD [global Frob],sam-sgd,sgd,both,3.0,0.1,0.00126086516222415,0.0012173181745264,0.001312581212261075,0.001262535512122247,0.0,0.099999999999458,2000
sam-sgd@global,SAM + SGD [global Frob],sam-sgd,sgd,both,3.0,0.2,0.0014237994212048,0.0013851283441172,0.0014747708511841,0.0014301312967087063,0.0,0.19999999999890455,2000
sam-sgd@global,SAM + SGD [global Frob],sam-sgd,sgd,both,3.0,0.5,0.01933969925661015,0.002787587756373125,0.024131226740085148,0.014625686058484522,0.0,0.4999999999986252,2000
sam-sgd@global,SAM + SGD [global Frob],sam-sgd,sgd,both,3.0,1.0,0.0270899299513522,0.0234936894287588,0.030214167154236974,0.027376290614471242,0.0,0.9999999999970526,2000
sam-sgd@global,SAM + SGD [global Frob],sam-sgd,sgd,both,inf,0.01,0.00141281598759695,0.001362436287933975,0.00147243296713065,0.0014243088585072406,0.0,0.009999999999951,2000
sam-sgd@global,SAM + SGD [global Frob],sam-sgd,sgd,both,inf,0.02,0.0014029917527737502,0.0013552086070741502,0.0014663890058674248,0.0014148105237976718,0.0,0.019999999999901902,2000
sam-sgd@global,SAM + SGD [global Frob],sam-sgd,sgd,both,inf,0.05,0.0013901140029295,0.001348437132276725,0.00143918379982245,0.0014017379568402562,0.0,0.0499999999997536,2000
sam-sgd@global,SAM + SGD [global Frob],sam-sgd,sgd,both,inf,0.1,0.0014192184490028,0.001376088062020475,0.001469745361485875,0.001426775841885772,0.0,0.09999999999950379,2000
sam-sgd@global,SAM + SGD [global Frob],sam-sgd,sgd,both,inf,0.2,0.0016143048646925,0.0015591943762766499,0.001687244695535225,0.001627311743820972,0.0,0.19999999999899493,2000
sam-sgd@global,SAM + SGD [global Frob],sam-sgd,sgd,both,inf,0.5,0.00341226016517185,0.00325357955808,0.0208106937296394,0.010556423386280765,0.0,0.49999999999758454,2000
sam-sgd@global,SAM + SGD [global Frob],sam-sgd,sgd,both,inf,1.0,0.02798207038141785,0.026542247738963673,0.030565697965792525,0.02855059135031858,0.0,0.9999999999974003,2000
sam-sgd@per-layer,SAM + SGD [per-layer Frob],sam-sgd,sgd,both,1.1,0.01,5.934275087842694,4.829549852300126,9.41292376536192,7.743736392303884,0.0,0.0141421356237295,2000
sam-sgd@per-layer,SAM + SGD [per-layer Frob],sam-sgd,sgd,both,1.1,0.02,5.959614511953997,4.33277337259998,8.793177308496155,7.795631260641397,0.0,0.02828427124745895,2000
sam-sgd@per-layer,SAM + SGD [per-layer Frob],sam-sgd,sgd,both,1.1,0.05,5.740940682637458,4.390253002906242,8.186665059095843,7.455401346678787,0.0,0.07071067811864751,2000
sam-sgd@per-layer,SAM + SGD [per-layer Frob],sam-sgd,sgd,both,1.1,0.1,5.488720490061716,4.293059977779216,7.8042473839765485,6.930391691698057,0.0,0.14142135623729418,2000
sam-sgd@per-layer,SAM + SGD [per-layer Frob],sam-sgd,sgd,both,1.1,0.2,4.691759956641031,3.5878601885669728,6.265102303574869,6.024653393843558,0.0,0.28284271247458637,2000
sam-sgd@per-layer,SAM + SGD [per-layer Frob],sam-sgd,sgd,both,1.1,0.5,2.6303405507074853,2.0351362872269227,3.931258976016282,4.200787236156143,0.0,0.7071067811864431,2000
sam-sgd@per-layer,SAM + SGD [per-layer Frob],sam-sgd,sgd,both,1.1,1.0,0.990725668339413,0.7066593963182672,1.3238993334561475,1.8334104045623,0.0,1.4142135623727028,2000
sam-sgd@per-layer,SAM + SGD [per-layer Frob],sam-sgd,sgd,both,1.3,0.01,0.2808871401116081,0.2190679022381067,0.4117823622209729,0.38790617158667684,0.0,0.01414213562372235,2000
sam-sgd@per-layer,SAM + SGD [per-layer Frob],sam-sgd,sgd,both,1.3,0.02,0.27271440943833447,0.21455238227773576,0.3964275642591152,0.37703035158716397,0.0,0.0282842712474444,2000
sam-sgd@per-layer,SAM + SGD [per-layer Frob],sam-sgd,sgd,both,1.3,0.05,0.2529552299349793,0.20247666444743379,0.3543265107157687,0.3466787420375028,0.0,0.0707106781186086,2000
sam-sgd@per-layer,SAM + SGD [per-layer Frob],sam-sgd,sgd,both,1.3,0.1,0.22599447633211525,0.1902522116621815,0.3047689427525827,0.3040749299855479,0.0,0.1414213562372087,2000
sam-sgd@per-layer,SAM + SGD [per-layer Frob],sam-sgd,sgd,both,1.3,0.2,0.20393010633070546,0.17783169260837106,0.2627215097738143,0.24381813395253635,0.0,0.2828427124743732,2000
sam-sgd@per-layer,SAM + SGD [per-layer Frob],sam-sgd,sgd,both,1.3,0.5,0.47118682701722825,0.428570231000533,0.49233777588525346,0.4590034462345485,0.0,0.7071067811848171,2000
sam-sgd@per-layer,SAM + SGD [per-layer Frob],sam-sgd,sgd,both,1.3,1.0,0.5082087623156902,0.5052793507322799,0.5102318948424631,0.5107086956611546,0.0,1.4142135623679841,2000
sam-sgd@per-layer,SAM + SGD [per-layer Frob],sam-sgd,sgd,both,1.6,0.01,0.03381353418591755,0.026483924976215174,0.049106947980441226,0.07499732389286363,0.0,0.01414213562370635,2000
sam-sgd@per-layer,SAM + SGD [per-layer Frob],sam-sgd,sgd,both,1.6,0.02,0.03297921620862135,0.0257550363330594,0.04691656885620747,0.06901865951104215,0.0,0.028284271247411452,2000
sam-sgd@per-layer,SAM + SGD [per-layer Frob],sam-sgd,sgd,both,1.6,0.05,0.03096356517939285,0.024393428889608652,0.04126700394030878,0.054742727842462764,0.0,0.07071067811851925,2000
sam-sgd@per-layer,SAM + SGD [per-layer Frob],sam-sgd,sgd,both,1.6,0.1,0.028923537714709298,0.023514523342425653,0.03749359337663202,0.041304111289882865,0.0,0.14142135623701066,2000
sam-sgd@per-layer,SAM + SGD [per-layer Frob],sam-sgd,sgd,both,1.6,0.2,0.0309619768752133,0.0265020681118474,0.03806689450614945,0.037086742182498,0.0,0.2828427124739341,2000
sam-sgd@per-layer,SAM + SGD [per-layer Frob],sam-sgd,sgd,both,1.6,0.5,0.083836270619808,0.07644675638020182,0.10425748148438754,0.09510230581853285,0.0,0.7071067811842748,2000
sam-sgd@per-layer,SAM + SGD [per-layer Frob],sam-sgd,sgd,both,1.6,1.0,0.508834335226822,0.5086748324182505,0.5088486668512644,0.5082617030788253,0.0,1.4142135622565322,2000
sam-sgd@per-layer,SAM + SGD [per-layer Frob],sam-sgd,sgd,both,2.0,0.01,0.0046710117005134,0.0041260201839241,0.006104560063678375,0.005820964789971803,0.0,0.01414213562366965,2000
sam-sgd@per-layer,SAM + SGD [per-layer Frob],sam-sgd,sgd,both,2.0,0.02,0.00457149412061785,0.004046429254761525,0.00583478962334755,0.005835281157825084,0.0,0.028284271247337553,2000
sam-sgd@per-layer,SAM + SGD [per-layer Frob],sam-sgd,sgd,both,2.0,0.05,0.004474482090065349,0.0039001245364198,0.005825444514130275,0.006075381993305009,0.0,0.0707106781183334,2000
sam-sgd@per-layer,SAM + SGD [per-layer Frob],sam-sgd,sgd,both,2.0,0.1,0.0045277340757723,0.0040036109629741,0.005733038550590825,0.005972946308132475,0.0,0.1414213562366417,2000
sam-sgd@per-layer,SAM + SGD [per-layer Frob],sam-sgd,sgd,both,2.0,0.2,0.00571408890609305,0.0052561106330741,0.0069161831320276,0.007364814929088838,0.0,0.28284271247322823,2000
sam-sgd@per-layer,SAM + SGD [per-layer Frob],sam-sgd,sgd,both,2.0,0.5,0.0171989017266308,0.015801197617806927,0.01975796182257925,0.01941996772369532,0.0,0.7071067811828482,2000
sam-sgd@per-layer,SAM + SGD [per-layer Frob],sam-sgd,sgd,both,2.0,1.0,0.06364240296372731,0.053461120392693774,0.1391994840460891,0.16326710137557196,0.0,1.4142135623647865,2000
sam-sgd@per-layer,SAM + SGD [per-layer Frob],sam-sgd,sgd,both,3.0,0.01,0.00126648836524105,0.001217609924983625,0.0013044697859122,0.0012570372381958312,0.0,0.0141421356236234,2000
sam-sgd@per-layer,SAM + SGD [per-layer Frob],sam-sgd,sgd,both,3.0,0.02,0.001261115703575,0.0012102467597285,0.001294589043667875,0.001247469517526825,0.0,0.028284271247246348,2000
sam-sgd@per-layer,SAM + SGD [per-layer Frob],sam-sgd,sgd,both,3.0,0.05,0.0012490962848741502,0.0012020323403402501,0.0012861341398733499,0.0012445153345863563,0.0,0.07071067811811241,2000
sam-sgd@per-layer,SAM + SGD [per-layer Frob],sam-sgd,sgd,both,3.0,0.1,0.0013102051120697,0.00126962102753125,0.00136282292531915,0.0013148722339057532,0.0,0.14142135623621485,2000
sam-sgd@per-layer,SAM + SGD [per-layer Frob],sam-sgd,sgd,both,3.0,0.2,0.001680874594038,0.00164202332049165,0.0017467252198404251,0.0016905153344721718,0.0,0.28284271247239823,2000
sam-sgd@per-layer,SAM + SGD [per-layer Frob],sam-sgd,sgd,both,3.0,0.5,0.0305808187395178,0.027596688386702227,0.03236172819649675,0.03047476713521466,0.0,0.7071067811816238,2000
sam-sgd@per-layer,SAM + SGD [per-layer Frob],sam-sgd,sgd,both,3.0,1.0,0.04459869817443815,0.04054347564897365,0.0527046782041752,0.04839368718945335,0.0,1.4142135623625793,2000
sam-sgd@per-layer,SAM + SGD [per-layer Frob],sam-sgd,sgd,both,inf,0.01,0.0014089203267797,0.0013588208302545502,0.001469718056637725,0.001419786121057794,0.0,0.01414213562363245,2000
sam-sgd@per-layer,SAM + SGD [per-layer Frob],sam-sgd,sgd,both,inf,0.02,0.0013952027879444002,0.001350665018405875,0.001456536857929,0.0014085206131363905,0.0,0.0282842712472644,2000
sam-sgd@per-layer,SAM + SGD [per-layer Frob],sam-sgd,sgd,both,inf,0.05,0.0013960357056598,0.001355504386139775,0.0014396798071765748,0.0014051593704515436,0.0,0.07071067811815701,2000
sam-sgd@per-layer,SAM + SGD [per-layer Frob],sam-sgd,sgd,both,inf,0.1,0.0014687414246712998,0.001434701419821775,0.001548326598109025,0.001489083836198697,0.0,0.14142135623630248,2000
sam-sgd@per-layer,SAM + SGD [per-layer Frob],sam-sgd,sgd,both,inf,0.2,0.0019286752977859,0.001827583224876975,0.002004154438188425,0.0019362946431142874,0.0,0.282842712472574,2000
sam-sgd@per-layer,SAM + SGD [per-layer Frob],sam-sgd,sgd,both,inf,0.5,0.0287608029065952,0.0268804530162047,0.031178351066582052,0.028999096009603122,0.0,0.7071067811820335,2000
sam-sgd@per-layer,SAM + SGD [per-layer Frob],sam-sgd,sgd,both,inf,1.0,0.047601604640003806,0.04056259206394765,0.0553147505424425,0.047334200243227265,0.0,1.4142135623635423,2000
sgd,SGD,sgd,sgd,both,1.1,,5.9996268371080586,4.74225708669713,9.556535808060595,8.082233675635567,0.0,0.0,1000
sgd,SGD,sgd,sgd,both,1.3,,0.2893877506431695,0.22380509765081835,0.42566715167117186,0.3991322147450923,0.0,0.0,1000
sgd,SGD,sgd,sgd,both,1.6,,0.034799334456625405,0.027268522320458826,0.0512704445126508,0.08159864653240044,0.0,0.0,1000
sgd,SGD,sgd,sgd,both,2.0,,0.0047911931225773,0.0042295131073914,0.0060749423424403,0.006033953195228765,0.0,0.0,1000
sgd,SGD,sgd,sgd,both,3.0,,0.0012758393981933,0.001228285737769575,0.0013193112224279499,0.0012712832784138907,0.0,0.0,1000
sgd,SGD,sgd,sgd,both,inf,,0.0014222826139364498,0.001373296214032375,0.0014801476904141,0.0014365253867922,0.0,0.0,1000
spectral-friendly-sam-muon,Spectral Friendly SAM-Muon,spectral-friendly-sam-muon,muon,both,1.1,0.01,0.20518544846341105,0.19702870333883463,0.21831367764052342,0.2083193034411961,0.0,0.07038058946336215,2000
spectral-friendly-sam-muon,Spectral Friendly SAM-Muon,spectral-friendly-sam-muon,muon,both,1.1,0.02,0.19004696182795444,0.18432173170031246,0.20301793489292974,0.19429885642063105,0.0,0.13736980054047235,2000
spectral-friendly-sam-muon,Spectral Friendly SAM-Muon,spectral-friendly-sam-muon,muon,both,1.1,0.05,0.17710851584836756,0.16804988587029263,0.18873446966020777,0.17872377920702132,0.0,0.3048365744134463,2000
spectral-friendly-sam-muon,Spectral Friendly SAM-Muon,spectral-friendly-sam-muon,muon,both,1.1,0.1,0.2282776783129873,0.21728124685149916,0.24157530799188703,0.22825195959957392,0.0,0.45887655160292184,2000
spectral-friendly-sam-muon,Spectral Friendly SAM-Muon,spectral-friendly-sam-muon,muon,both,1.1,0.2,0.45636220144500694,0.44060126358603363,0.48078164433912185,0.457092098345201,0.0,0.7471978075722803,2000
spectral-friendly-sam-muon,Spectral Friendly SAM-Muon,spectral-friendly-sam-muon,muon,both,1.1,0.5,0.5088490905169023,0.5088486385801654,0.5088496244979865,0.5088508464920459,0.0,3.1180489455410516,2000
spectral-friendly-sam-muon,Spectral Friendly SAM-Muon,spectral-friendly-sam-muon,muon,both,1.1,1.0,0.5088490506830696,0.5088484618047026,0.5088492764246435,0.5088488197433702,0.0,6.363220779028253,2000
spectral-friendly-sam-muon,Spectral Friendly SAM-Muon,spectral-friendly-sam-muon,muon,both,1.3,0.01,0.0473933636984488,0.04300591731331707,0.050233421164549555,0.046965083922819326,0.0,0.06986987965714425,2000
spectral-friendly-sam-muon,Spectral Friendly SAM-Muon,spectral-friendly-sam-muon,muon,both,1.3,0.02,0.045294622447004745,0.04146180228136925,0.048162864611314374,0.045373966579650836,0.0,0.13195773003291478,2000
spectral-friendly-sam-muon,Spectral Friendly SAM-Muon,spectral-friendly-sam-muon,muon,both,1.3,0.05,0.05245694205526805,0.0489783695921754,0.055671476958123425,0.052198759760951834,0.0,0.2475675566398104,2000
spectral-friendly-sam-muon,Spectral Friendly SAM-Muon,spectral-friendly-sam-muon,muon,both,1.3,0.1,0.0843741093964748,0.08088217801842888,0.08894154959338021,0.08494694341370583,0.0,0.32281982774811574,2000
spectral-friendly-sam-muon,Spectral Friendly SAM-Muon,spectral-friendly-sam-muon,muon,both,1.3,0.2,0.1623375686405512,0.15197818499767704,0.17252675134135503,0.16314945433861294,0.0,0.49771328513904645,2000
spectral-friendly-sam-muon,Spectral Friendly SAM-Muon,spectral-friendly-sam-muon,muon,both,1.3,0.5,0.5088491193112277,0.5088490870206883,0.5088491567370501,0.5088492380021541,0.0,3.522257552363334,2000
spectral-friendly-sam-muon,Spectral Friendly SAM-Muon,spectral-friendly-sam-muon,muon,both,1.3,1.0,0.5088491035575464,0.5088490297115297,0.5088491577210428,0.5088488782435081,0.0,7.1250380972073,2000
spectral-friendly-sam-muon,Spectral Friendly SAM-Muon,spectral-friendly-sam-muon,muon,both,1.6,0.01,0.010795180873512,0.010311319779956175,0.011290259682483574,0.010852967912971516,0.0,0.0666147819580645,2000
spectral-friendly-sam-muon,Spectral Friendly SAM-Muon,spectral-friendly-sam-muon,muon,both,1.6,0.02,0.01105445908164255,0.010473153623173576,0.011597320015054601,0.011043151997908424,0.0,0.1127854014600284,2000
spectral-friendly-sam-muon,Spectral Friendly SAM-Muon,spectral-friendly-sam-muon,muon,both,1.6,0.05,0.01525449314818765,0.014778927965151225,0.016281746108203377,0.015392015329505916,0.0,0.1838375322959267,2000
spectral-friendly-sam-muon,Spectral Friendly SAM-Muon,spectral-friendly-sam-muon,muon,both,1.6,0.1,0.02689045401848215,0.0251411731670391,0.028311981456665573,0.026708388538130696,0.0,0.3151455366195334,2000
spectral-friendly-sam-muon,Spectral Friendly SAM-Muon,spectral-friendly-sam-muon,muon,both,1.6,0.2,0.0570667874231613,0.05514353848170868,0.059857445123396996,0.0585500970638452,0.0,0.5473316853532982,2000
spectral-friendly-sam-muon,Spectral Friendly SAM-Muon,spectral-friendly-sam-muon,muon,both,1.6,0.5,0.22032917979892364,0.20867333021075227,0.29153171089495467,0.24173569103003412,0.0,1.0693212819445348,2000
spectral-friendly-sam-muon,Spectral Friendly SAM-Muon,spectral-friendly-sam-muon,muon,both,1.6,1.0,0.508849105283157,0.5088490999549393,0.5088491088176182,0.5088491003411185,0.0,7.243016356708885,2000
spectral-friendly-sam-muon,Spectral Friendly SAM-Muon,spectral-friendly-sam-muon,muon,both,2.0,0.01,0.00317897558728855,0.003047514792632,0.00328309337758355,0.0031725259544626684,0.0,0.0602186876042248,2000
spectral-friendly-sam-muon,Spectral Friendly SAM-Muon,spectral-friendly-sam-muon,muon,both,2.0,0.02,0.0033312306757990497,0.00322338958499345,0.0034612763483582,0.003337072437926,0.0,0.0893304807666982,2000
spectral-friendly-sam-muon,Spectral Friendly SAM-Muon,spectral-friendly-sam-muon,muon,both,2.0,0.05,0.0047378105476618,0.004577414395560375,0.004907283516012525,0.004798591573604303,0.0,0.1818036823544922,2000
spectral-friendly-sam-muon,Spectral Friendly SAM-Muon,spectral-friendly-sam-muon,muon,both,2.0,0.1,0.0109192047238233,0.0107207723576362,0.01113338109518815,0.01095131772440611,0.0,0.3184495669948978,2000
spectral-friendly-sam-muon,Spectral Friendly SAM-Muon,spectral-friendly-sam-muon,muon,both,2.0,0.2,0.026849738518897152,0.02631628434363915,0.027381909652705448,0.026904758019461884,0.0,0.5897669427348123,2000
spectral-friendly-sam-muon,Spectral Friendly SAM-Muon,spectral-friendly-sam-muon,muon,both,2.0,0.5,0.1070509445457522,0.10612989645819756,0.10890305583864193,0.10727872939853016,0.0,1.2487033601411532,2000
spectral-friendly-sam-muon,Spectral Friendly SAM-Muon,spectral-friendly-sam-muon,muon,both,2.0,1.0,0.5088491028781221,0.5088490991119231,0.5088491043541632,0.5088491016978001,0.0,7.199150598723331,2000
spectral-friendly-sam-muon,Spectral Friendly SAM-Muon,spectral-friendly-sam-muon,muon,both,3.0,0.01,0.0011148493097426502,0.001061147536973375,0.00114055088369445,0.0010973476909017844,0.0,0.05268881524340975,2000
spectral-friendly-sam-muon,Spectral Friendly SAM-Muon,spectral-friendly-sam-muon,muon,both,3.0,0.02,0.0011919514533939,0.001134977336166025,0.00123190841767205,0.0011807336162416812,0.0,0.07583763054456645,2000
spectral-friendly-sam-muon,Spectral Friendly SAM-Muon,spectral-friendly-sam-muon,muon,both,3.0,0.05,0.00165857678190915,0.0015745385198491502,0.001716416513374,0.0016454913676596937,0.0,0.17724696511055094,2000
spectral-friendly-sam-muon,Spectral Friendly SAM-Muon,spectral-friendly-sam-muon,muon,both,3.0,0.1,0.00478014397305465,0.0046807439630796,0.004890239439801825,0.004765897486773334,0.0,0.3378708736701887,2000
spectral-friendly-sam-muon,Spectral Friendly SAM-Muon,spectral-friendly-sam-muon,muon,both,3.0,0.2,0.0125237675784354,0.0123458317733735,0.012650609709500075,0.012496682963563847,0.0,0.6419302754135112,2000
spectral-friendly-sam-muon,Spectral Friendly SAM-Muon,spectral-friendly-sam-muon,muon,both,3.0,0.5,0.0755110347307772,0.07500556098815028,0.0759177607398215,0.07551085605343305,0.0,1.2171414996998864,2000
spectral-friendly-sam-muon,Spectral Friendly SAM-Muon,spectral-friendly-sam-muon,muon,both,3.0,1.0,0.5088490739527879,0.5088490666268751,0.5088490792056475,0.5088490716545215,0.0,7.196354059418775,2000
spectral-friendly-sam-muon,Spectral Friendly SAM-Muon,spectral-friendly-sam-muon,muon,both,inf,0.01,0.00130042261824335,0.001262578726688475,0.001331886437923925,0.001295030132912653,0.0,0.0524419273214385,2000
spectral-friendly-sam-muon,Spectral Friendly SAM-Muon,spectral-friendly-sam-muon,muon,both,inf,0.02,0.00139609309399585,0.0013566748037361,0.001428912573288175,0.0013897672082931185,0.0,0.07608629722159385,2000
spectral-friendly-sam-muon,Spectral Friendly SAM-Muon,spectral-friendly-sam-muon,muon,both,inf,0.05,0.0019607238818342,0.0018998517115222501,0.00199838753698165,0.0019587003056524533,0.0,0.1773749314811492,2000
spectral-friendly-sam-muon,Spectral Friendly SAM-Muon,spectral-friendly-sam-muon,muon,both,inf,0.1,0.0053099842349085494,0.005202481560301351,0.0053734200552627,0.005381195961451594,0.0,0.3341555069953298,2000
spectral-friendly-sam-muon,Spectral Friendly SAM-Muon,spectral-friendly-sam-muon,muon,both,inf,0.2,0.01404405657250515,0.01374412926925035,0.014234923154106325,0.014040835912552278,0.0,0.639065482195579,2000
spectral-friendly-sam-muon,Spectral Friendly SAM-Muon,spectral-friendly-sam-muon,muon,both,inf,0.5,0.0788902263752495,0.07836298736311822,0.07932816075997244,0.07883702527525308,0.0,1.221503532345045,2000
spectral-friendly-sam-muon,Spectral Friendly SAM-Muon,spectral-friendly-sam-muon,muon,both,inf,1.0,0.5088490743771928,0.5088490706839666,0.508849081881999,0.5088490763374015,0.0,7.169527650439847,2000
spectral-friendly-sam-sgd,Spectral Friendly SAM + SGD,spectral-friendly-sam-sgd,sgd,atlas_opt,1.1,0.01,5.875461087527149,4.647528058002818,9.456390687963015,7.885998810318836,0.0,0.07145144819783815,2000
spectral-friendly-sam-sgd,Spectral Friendly SAM + SGD,spectral-friendly-sam-sgd,sgd,atlas_opt,1.1,0.02,5.794516302415434,4.456736510581658,9.03343912929207,7.65364232034433,0.0,0.14355187412986653,2000
spectral-friendly-sam-sgd,Spectral Friendly SAM + SGD,spectral-friendly-sam-sgd,sgd,atlas_opt,1.1,0.05,5.216871375359544,4.120181037292152,8.115869304627754,6.933469141959408,0.0,0.3579025388974561,2000
spectral-friendly-sam-sgd,Spectral Friendly SAM + SGD,spectral-friendly-sam-sgd,sgd,atlas_opt,1.1,0.1,4.212741372481018,3.1122097438522305,6.187026193522945,6.0194349174499475,0.0,0.7039573751087322,2000
spectral-friendly-sam-sgd,Spectral Friendly SAM + SGD,spectral-friendly-sam-sgd,sgd,atlas_opt,1.1,0.2,2.6549205624877867,2.0316403694492133,4.247924028304064,4.260134663845404,0.0,1.3441968030922462,2000
spectral-friendly-sam-sgd,Spectral Friendly SAM + SGD,spectral-friendly-sam-sgd,sgd,atlas_opt,1.1,0.5,0.831577465503718,0.6205137324750782,1.4201637959360458,1.3003281007701144,0.0,2.5106902494442265,2000
spectral-friendly-sam-sgd,Spectral Friendly SAM + SGD,spectral-friendly-sam-sgd,sgd,atlas_opt,1.1,1.0,0.6915309208277336,0.6005687380140754,0.9266755453969989,0.9275672319608284,0.0,5.236943759662729,2000
spectral-friendly-sam-sgd,Spectral Friendly SAM + SGD,spectral-friendly-sam-sgd,sgd,atlas_opt,1.3,0.01,0.2736871332472522,0.2129216672918054,0.39896792668902553,0.3783095935353006,0.0,0.07128835075146256,2000
spectral-friendly-sam-sgd,Spectral Friendly SAM + SGD,spectral-friendly-sam-sgd,sgd,atlas_opt,1.3,0.02,0.2591381723068794,0.20302727477459726,0.3716956959255989,0.35893996839937925,0.0,0.1424004858519263,2000
spectral-friendly-sam-sgd,Spectral Friendly SAM + SGD,spectral-friendly-sam-sgd,sgd,atlas_opt,1.3,0.05,0.22248039745961065,0.1835009593074668,0.30747388744392873,0.31033843814059836,0.0,0.3567295573289391,2000
spectral-friendly-sam-sgd,Spectral Friendly SAM + SGD,spectral-friendly-sam-sgd,sgd,atlas_opt,1.3,0.1,0.2148034387954614,0.16952396074584627,0.2849956322280417,0.2505130657170027,0.0,0.6872451162321342,2000
spectral-friendly-sam-sgd,Spectral Friendly SAM + SGD,spectral-friendly-sam-sgd,sgd,atlas_opt,1.3,0.2,0.25428547965233317,0.239391657411115,0.3117671090219294,0.28329033100880074,0.0,1.1759615869196467,2000
spectral-friendly-sam-sgd,Spectral Friendly SAM + SGD,spectral-friendly-sam-sgd,sgd,atlas_opt,1.3,0.5,0.5087283768369492,0.5067310507197289,0.5089006883801788,0.5128380883138861,0.0,2.183190624145948,2000
spectral-friendly-sam-sgd,Spectral Friendly SAM + SGD,spectral-friendly-sam-sgd,sgd,atlas_opt,1.3,1.0,0.5088569707552948,0.5085175042881144,0.5095268222471905,0.515699651126631,0.0,3.6341244077201154,2000
spectral-friendly-sam-sgd,Spectral Friendly SAM + SGD,spectral-friendly-sam-sgd,sgd,atlas_opt,1.6,0.01,0.03215092572072745,0.02493012855030225,0.04661100043386285,0.06963049534218649,0.0,0.07157101125811355,2000
spectral-friendly-sam-sgd,Spectral Friendly SAM + SGD,spectral-friendly-sam-sgd,sgd,atlas_opt,1.6,0.02,0.0302253148220623,0.0236209404003911,0.04259474931523248,0.05970560145712668,0.0,0.1431894841870311,2000
spectral-friendly-sam-sgd,Spectral Friendly SAM + SGD,spectral-friendly-sam-sgd,sgd,atlas_opt,1.6,0.05,0.0278990997225849,0.02277603502087675,0.039909891472692874,0.04210971747047022,0.0,0.3461458254360299,2000
spectral-friendly-sam-sgd,Spectral Friendly SAM + SGD,spectral-friendly-sam-sgd,sgd,atlas_opt,1.6,0.1,0.03561106040849665,0.03201438268706953,0.05508312701323555,0.043781444198697964,0.0,0.5999029955440087,2000
spectral-friendly-sam-sgd,Spectral Friendly SAM + SGD,spectral-friendly-sam-sgd,sgd,atlas_opt,1.6,0.2,0.07115539815756955,0.06577826465468378,0.0879571627153827,0.07864496703712343,0.0,1.0091779177132185,2000
spectral-friendly-sam-sgd,Spectral Friendly SAM + SGD,spectral-friendly-sam-sgd,sgd,atlas_opt,1.6,0.5,0.2992739521835337,0.294541371711429,0.3145701569020596,0.31173499956147255,0.0,1.1448870340816701,2000
spectral-friendly-sam-sgd,Spectral Friendly SAM + SGD,spectral-friendly-sam-sgd,sgd,atlas_opt,1.6,1.0,0.5088480150719342,0.5088422646156496,0.5088493427345583,0.5079167549712105,0.0,5.727914896887857,2000
spectral-friendly-sam-sgd,Spectral Friendly SAM + SGD,spectral-friendly-sam-sgd,sgd,atlas_opt,2.0,0.01,0.004212709418885401,0.003701574686164875,0.0056628761581194505,0.005507831794387887,0.0,0.07103183020173609,2000
spectral-friendly-sam-sgd,Spectral Friendly SAM + SGD,spectral-friendly-sam-sgd,sgd,atlas_opt,2.0,0.02,0.0039806736020637,0.003543211676004025,0.005479398128531225,0.005358618033738325,0.0,0.13789558500748667,2000
spectral-friendly-sam-sgd,Spectral Friendly SAM + SGD,spectral-friendly-sam-sgd,sgd,atlas_opt,2.0,0.05,0.0050681237155635,0.0046453524708980004,0.006665342392407025,0.006659965650505041,0.0,0.2906587340958501,2000
spectral-friendly-sam-sgd,Spectral Friendly SAM + SGD,spectral-friendly-sam-sgd,sgd,atlas_opt,2.0,0.1,0.0109464921299946,0.01047562865919445,0.01358933906246395,0.012884010596028872,0.0,0.500575519539058,2000
spectral-friendly-sam-sgd,Spectral Friendly SAM + SGD,spectral-friendly-sam-sgd,sgd,atlas_opt,2.0,0.2,0.0283546739009731,0.027173600460536525,0.03491522426633247,0.03115012984777886,0.0,0.7252016094529685,2000
spectral-friendly-sam-sgd,Spectral Friendly SAM + SGD,spectral-friendly-sam-sgd,sgd,atlas_opt,2.0,0.5,0.11094465357802574,0.1082340555526598,0.11926235393505567,0.12020862991764625,0.0,1.180576499263049,2000
spectral-friendly-sam-sgd,Spectral Friendly SAM + SGD,spectral-friendly-sam-sgd,sgd,atlas_opt,2.0,1.0,0.5088492606111712,0.324548663109163,0.5088499084773972,0.4470916244365313,0.0,6.9137593917363755,2000
spectral-friendly-sam-sgd,Spectral Friendly SAM + SGD,spectral-friendly-sam-sgd,sgd,atlas_opt,3.0,0.01,0.0011345708534428,0.001082009084836925,0.00117568767375885,0.0011285829525980186,0.0,0.06683136138837195,2000
spectral-friendly-sam-sgd,Spectral Friendly SAM + SGD,spectral-friendly-sam-sgd,sgd,atlas_opt,3.0,0.02,0.001153155350847,0.001097541596576275,0.00119580384123275,0.0011479463362295155,0.0,0.1200007442042208,2000
spectral-friendly-sam-sgd,Spectral Friendly SAM + SGD,spectral-friendly-sam-sgd,sgd,atlas_opt,3.0,0.05,0.00151179398302905,0.00144007340508675,0.0015670686473588501,0.001504642454437597,0.0,0.2494966065083383,2000
spectral-friendly-sam-sgd,Spectral Friendly SAM + SGD,spectral-friendly-sam-sgd,sgd,atlas_opt,3.0,0.1,0.004535833444455651,0.0044474343594186495,0.0047083093133928255,0.004700021884848813,0.0,0.39236864721769354,2000
spectral-friendly-sam-sgd,Spectral Friendly SAM + SGD,spectral-friendly-sam-sgd,sgd,atlas_opt,3.0,0.2,0.01793741868777685,0.0122673466677803,0.01815855090710555,0.016205827456593908,0.0,0.6077509283108005,2000
spectral-friendly-sam-sgd,Spectral Friendly SAM + SGD,spectral-friendly-sam-sgd,sgd,atlas_opt,3.0,0.5,0.0754195293394194,0.07409217534800278,0.0770401768372629,0.07570277258932498,0.0,2.9446801840054633,2000
spectral-friendly-sam-sgd,Spectral Friendly SAM + SGD,spectral-friendly-sam-sgd,sgd,atlas_opt,3.0,1.0,0.30718146521689893,0.3011521137717294,0.31165121373362453,0.30618513584718654,0.0,6.090414854846333,2000
spectral-friendly-sam-sgd,Spectral Friendly SAM + SGD,spectral-friendly-sam-sgd,sgd,atlas_opt,inf,0.01,0.00126607601733,0.001229198311306075,0.001314321658699225,0.00127709373448355,0.0,0.0665019589049564,2000
spectral-friendly-sam-sgd,Spectral Friendly SAM + SGD,spectral-friendly-sam-sgd,sgd,atlas_opt,inf,0.02,0.0012941759879744,0.00126065144015225,0.00134877026070375,0.0013081383056890343,0.0,0.11805435009549045,2000
spectral-friendly-sam-sgd,Spectral Friendly SAM + SGD,spectral-friendly-sam-sgd,sgd,atlas_opt,inf,0.05,0.0017385262365762501,0.001680373921634475,0.00180146973154065,0.0017451137276021844,0.0,0.24072108378259036,2000
spectral-friendly-sam-sgd,Spectral Friendly SAM + SGD,spectral-friendly-sam-sgd,sgd,atlas_opt,inf,0.1,0.007382970078810849,0.00525115799166335,0.00751434921597895,0.006798578406994062,0.0,0.3703385915158167,2000
spectral-friendly-sam-sgd,Spectral Friendly SAM + SGD,spectral-friendly-sam-sgd,sgd,atlas_opt,inf,0.2,0.0187812856445737,0.0186497392973548,0.019001927475305824,0.018642299382048762,0.0,0.5993450848160982,2000
spectral-friendly-sam-sgd,Spectral Friendly SAM + SGD,spectral-friendly-sam-sgd,sgd,atlas_opt,inf,0.5,0.0827227995407602,0.07970364893006547,0.08449070515936488,0.08214071280667487,0.0,2.9061183517326805,2000
spectral-friendly-sam-sgd,Spectral Friendly SAM + SGD,spectral-friendly-sam-sgd,sgd,atlas_opt,inf,1.0,0.320837943446057,0.3147713798872922,0.32926260362037574,0.3224860387506932,0.0,6.075215561053222,2000
spectral-sam-sgd,Spectral SAM + SGD,spectral-sam-sgd,sgd,added,1.1,0.01,5.854403290707351,4.518533884700178,9.160886874025044,7.939013688793838,0.0,0.06930847693201034,2000
spectral-sam-sgd,Spectral SAM + SGD,spectral-sam-sgd,sgd,added,1.1,0.02,5.767110011798293,4.376270974768852,8.72595012699905,7.556824173211986,0.0,0.13859946061762915,2000
spectral-sam-sgd,Spectral SAM + SGD,spectral-sam-sgd,sgd,added,1.1,0.05,5.075295464086638,3.901135516290251,7.469196406206738,6.803344855249749,0.0,0.3433582681324424,2000
spectral-sam-sgd,Spectral SAM + SGD,spectral-sam-sgd,sgd,added,1.1,0.1,4.181701172546937,2.8901827259307344,5.691353703119346,5.750231529769286,0.0,0.6855448317997979,2000
spectral-sam-sgd,Spectral SAM + SGD,spectral-sam-sgd,sgd,added,1.1,0.2,2.2332192508467976,1.8226551163546985,3.5574193943706587,3.876527493933975,0.0,1.2665082200979514,2000
spectral-sam-sgd,Spectral SAM + SGD,spectral-sam-sgd,sgd,added,1.1,0.5,0.7748007287823182,0.6069082187611541,1.2207090570155974,1.173075025671341,0.0,2.1630967153066987,2000
spectral-sam-sgd,Spectral SAM + SGD,spectral-sam-sgd,sgd,added,1.1,1.0,0.6349460783975938,0.568759694987264,1.1412252020860152,1.5736631447184553,0.0,4.627383483411172,2000
spectral-sam-sgd,Spectral SAM + SGD,spectral-sam-sgd,sgd,added,1.3,0.01,0.2710712945512509,0.2110236296744947,0.39482193813771227,0.374425701848351,0.0,0.0706064218997996,2000
spectral-sam-sgd,Spectral SAM + SGD,spectral-sam-sgd,sgd,added,1.3,0.02,0.25447318909163197,0.1996650234826766,0.36436192029896786,0.35187035306050984,0.0,0.14120968620165192,2000
spectral-sam-sgd,Spectral SAM + SGD,spectral-sam-sgd,sgd,added,1.3,0.05,0.2148098492884282,0.17913805510259723,0.29565016089834467,0.2973473555098968,0.0,0.3490004426644321,2000
spectral-sam-sgd,Spectral SAM + SGD,spectral-sam-sgd,sgd,added,1.3,0.1,0.20452624250692544,0.16591251439971924,0.27316857445582454,0.23660063510175405,0.0,0.6812123974072076,2000
spectral-sam-sgd,Spectral SAM + SGD,spectral-sam-sgd,sgd,added,1.3,0.2,0.2661771111547184,0.2523650915982465,0.3416578599676334,0.29417236616684006,0.0,1.13719668868578,2000
spectral-sam-sgd,Spectral SAM + SGD,spectral-sam-sgd,sgd,added,1.3,0.5,0.5088206203381695,0.5077347427470058,0.508902127852626,0.51191258058785,0.0,2.028817819427139,2000
spectral-sam-sgd,Spectral SAM + SGD,spectral-sam-sgd,sgd,added,1.3,1.0,0.5087605098232812,0.5083152526416195,0.50888325175848,0.5109603195257282,0.0,3.270812603485388,2000
spectral-sam-sgd,Spectral SAM + SGD,spectral-sam-sgd,sgd,added,1.6,0.01,0.0319046988140196,0.024790407156349822,0.04618142779043865,0.06915540359200675,0.0,0.07114768774455166,2000
spectral-sam-sgd,Spectral SAM + SGD,spectral-sam-sgd,sgd,added,1.6,0.02,0.0297059128913491,0.023460378077064848,0.04192549978033847,0.05894422073542688,0.0,0.14187126655465954,2000
spectral-sam-sgd,Spectral SAM + SGD,spectral-sam-sgd,sgd,added,1.6,0.05,0.027555447474971802,0.022555379425011124,0.0396829709172525,0.04125185393924337,0.0,0.3437677160027639,2000
spectral-sam-sgd,Spectral SAM + SGD,spectral-sam-sgd,sgd,added,1.6,0.1,0.03583779264371815,0.03232060441863423,0.0557212420971666,0.04416643439840747,0.0,0.5977611706488674,2000
spectral-sam-sgd,Spectral SAM + SGD,spectral-sam-sgd,sgd,added,1.6,0.2,0.07316279627531544,0.06908794144353139,0.08527993806854034,0.08155588625509311,0.0,0.9939787625644716,2000
spectral-sam-sgd,Spectral SAM + SGD,spectral-sam-sgd,sgd,added,1.6,0.5,0.2952445674154634,0.2872499210559659,0.5088334251439253,0.3652941887529504,0.0,1.0055156283889497,2000
spectral-sam-sgd,Spectral SAM + SGD,spectral-sam-sgd,sgd,added,1.6,1.0,0.508848949624772,0.5088471814192537,0.5088492628003721,0.5085136446952512,0.0,5.112432755026719,2000
spectral-sam-sgd,Spectral SAM + SGD,spectral-sam-sgd,sgd,added,2.0,0.01,0.0042075422586773,0.003695744621804475,0.005667555661424226,0.005546191482663372,0.0,0.0709625709589853,2000
spectral-sam-sgd,Spectral SAM + SGD,spectral-sam-sgd,sgd,added,2.0,0.02,0.003969184141667401,0.0035400683567285,0.0055063021796445,0.005448698773843566,0.0,0.13658281760462115,2000
spectral-sam-sgd,Spectral SAM + SGD,spectral-sam-sgd,sgd,added,2.0,0.05,0.00523982892796145,0.0046985047606908,0.0067935355427229255,0.006671756668401757,0.0,0.2897819627245869,2000
spectral-sam-sgd,Spectral SAM + SGD,spectral-sam-sgd,sgd,added,2.0,0.1,0.010537187547090099,0.010064558205718025,0.012992999795415424,0.012470595114239256,0.0,0.4927848223966309,2000
spectral-sam-sgd,Spectral SAM + SGD,spectral-sam-sgd,sgd,added,2.0,0.2,0.032628388968246005,0.025555166294108048,0.0335687917406731,0.03260777308938849,0.0,0.691408407214028,2000
spectral-sam-sgd,Spectral SAM + SGD,spectral-sam-sgd,sgd,added,2.0,0.5,0.14088555984349024,0.14004806446980594,0.14286246015845214,0.16181367445486594,0.0,0.9233397064360285,2000
spectral-sam-sgd,Spectral SAM + SGD,spectral-sam-sgd,sgd,added,2.0,1.0,0.5088494896674344,0.5088491300008198,0.5088498199069518,0.5088474932980604,0.0,6.904374830860691,2000
spectral-sam-sgd,Spectral SAM + SGD,spectral-sam-sgd,sgd,added,3.0,0.01,0.0011386619774751,0.0010875022758879249,0.0011795975022261,0.001133039978262256,0.0,0.06636424155855285,2000
spectral-sam-sgd,Spectral SAM + SGD,spectral-sam-sgd,sgd,added,3.0,0.02,0.00116293190917125,0.001110016247596675,0.001205710531696875,0.0011585165950171344,0.0,0.11881745858730836,2000
spectral-sam-sgd,Spectral SAM + SGD,spectral-sam-sgd,sgd,added,3.0,0.05,0.0015007303368219,0.001428811067531925,0.0015618452272958,0.0014932603683315876,0.0,0.2450228700549052,2000
spectral-sam-sgd,Spectral SAM + SGD,spectral-sam-sgd,sgd,added,3.0,0.1,0.00427068069066985,0.004162320954387325,0.004395541531424225,0.004495510505941418,0.0,0.38079017740343846,2000
spectral-sam-sgd,Spectral SAM + SGD,spectral-sam-sgd,sgd,added,3.0,0.2,0.0160860673879747,0.0142949096466935,0.01617589107239575,0.014486407333049203,0.0,0.6025833586118511,2000
spectral-sam-sgd,Spectral SAM + SGD,spectral-sam-sgd,sgd,added,3.0,0.5,0.06496714928710651,0.061354477450360476,0.06816477280458973,0.06527434229324222,0.0,2.9221611131091443,2000
spectral-sam-sgd,Spectral SAM + SGD,spectral-sam-sgd,sgd,added,3.0,1.0,0.5086673708923983,0.5084271547415558,0.5087495765370691,0.4863688567190618,0.0,6.99875428265174,2000
spectral-sam-sgd,Spectral SAM + SGD,spectral-sam-sgd,sgd,added,inf,0.01,0.0012698702809508,0.001232030068868825,0.001319746371661975,0.001281283746564128,0.0,0.0659655851173889,2000
spectral-sam-sgd,Spectral SAM + SGD,spectral-sam-sgd,sgd,added,inf,0.02,0.0013042188805660001,0.0012713632042226498,0.00135860210773335,0.001318446187023647,0.0,0.11692385476526579,2000
spectral-sam-sgd,Spectral SAM + SGD,spectral-sam-sgd,sgd,added,inf,0.05,0.0017234531947556,0.001669538939905725,0.0017933791541160748,0.0017315173957062092,0.0,0.2375642313735446,2000
spectral-sam-sgd,Spectral SAM + SGD,spectral-sam-sgd,sgd,added,inf,0.1,0.0071081703961672505,0.006462462654237651,0.007241190296485675,0.0065851506542066,0.0,0.362161237827874,2000
spectral-sam-sgd,Spectral SAM + SGD,spectral-sam-sgd,sgd,added,inf,0.2,0.0166755462288271,0.016556840955463975,0.016856118257722125,0.016688869567252837,0.0,0.5862034968637797,2000
spectral-sam-sgd,Spectral SAM + SGD,spectral-sam-sgd,sgd,added,inf,0.5,0.06894918241760005,0.0659678978181651,0.07154089282339599,0.06971163099776598,0.0,2.8941685229440752,2000
spectral-sam-sgd,Spectral SAM + SGD,spectral-sam-sgd,sgd,added,inf,1.0,0.5087917288382049,0.5087582929035886,0.5088079047758433,0.5011427287740798,0.0,7.058597038058256,2000
stale-friendly-spectral-sam-muon,Stale Friendly Spectral SAM-Muon,stale-friendly-spectral-sam-muon,muon,mnist,1.1,0.01,0.22167459229713665,0.2110987893960781,0.23624062622567987,0.2251897810640517,0.0,0.0710210438089515,1001
stale-friendly-spectral-sam-muon,Stale Friendly Spectral SAM-Muon,stale-friendly-spectral-sam-muon,muon,mnist,1.1,0.02,0.2204870543478609,0.21037733276834175,0.23518119470254373,0.22385134553675093,0.0,0.1422849250774409,1001
stale-friendly-spectral-sam-muon,Stale Friendly Spectral SAM-Muon,stale-friendly-spectral-sam-muon,muon,mnist,1.1,0.05,0.21628609644613345,0.20841029424584875,0.2300065593591074,0.2199462382277796,0.0,0.35697165818199084,1001
stale-friendly-spectral-sam-muon,Stale Friendly Spectral SAM-Muon,stale-friendly-spectral-sam-muon,muon,mnist,1.1,0.1,0.2084186008707776,0.20258131663667947,0.22456764973197965,0.21372923030382698,0.0,0.7181684452091011,1001
stale-friendly-spectral-sam-muon,Stale Friendly Spectral SAM-Muon,stale-friendly-spectral-sam-muon,muon,mnist,1.1,0.2,0.19804292462446182,0.18775857175358973,0.21278098183269756,0.20092573449281065,0.0,1.4429216398534443,1001
stale-friendly-spectral-sam-muon,Stale Friendly Spectral SAM-Muon,stale-friendly-spectral-sam-muon,muon,mnist,1.1,0.5,0.17215307366040167,0.16366966328389887,0.18546856480279547,0.17450017398623924,0.0,3.6308513782925163,1001
stale-friendly-spectral-sam-muon,Stale Friendly Spectral SAM-Muon,stale-friendly-spectral-sam-muon,muon,mnist,1.1,1.0,0.2153693474864588,0.20200226023673493,0.22642067648803538,0.21492022097209626,0.0,7.218001384837848,1001
stale-friendly-spectral-sam-muon,Stale Friendly Spectral SAM-Muon,stale-friendly-spectral-sam-muon,muon,mnist,1.3,0.01,0.0509813504082605,0.046225985773755626,0.05402764022081745,0.05053502548918759,0.0,0.07121943407836966,1001
stale-friendly-spectral-sam-muon,Stale Friendly Spectral SAM-Muon,stale-friendly-spectral-sam-muon,muon,mnist,1.3,0.02,0.050606099026658205,0.04595089147079332,0.0537511583888153,0.05025105308969268,0.0,0.14302039989353338,1001
stale-friendly-spectral-sam-muon,Stale Friendly Spectral SAM-Muon,stale-friendly-spectral-sam-muon,muon,mnist,1.3,0.05,0.04940034259410965,0.0451525553472759,0.052797803095905524,0.0493691928485501,0.0,0.36224192727513,1001
stale-friendly-spectral-sam-muon,Stale Friendly Spectral SAM-Muon,stale-friendly-spectral-sam-muon,muon,mnist,1.3,0.1,0.0477997621452962,0.04416559588471925,0.051051555238318905,0.04780136936518588,0.0,0.7300648440326116,1001
stale-friendly-spectral-sam-muon,Stale Friendly Spectral SAM-Muon,stale-friendly-spectral-sam-muon,muon,mnist,1.3,0.2,0.04565462541839305,0.04195751840116935,0.04775490088729417,0.0450571784228567,0.0,1.4569464475318772,1001
stale-friendly-spectral-sam-muon,Stale Friendly Spectral SAM-Muon,stale-friendly-spectral-sam-muon,muon,mnist,1.3,0.5,0.0506164026221535,0.04927812647703175,0.0530231487857519,0.05098193995228313,0.0,3.601870667356727,1001
stale-friendly-spectral-sam-muon,Stale Friendly Spectral SAM-Muon,stale-friendly-spectral-sam-muon,muon,mnist,1.3,1.0,0.1377269728746373,0.13441772867693408,0.14048298285621363,0.1370779499855951,0.0,7.227979533691029,1001
stale-friendly-spectral-sam-muon,Stale Friendly Spectral SAM-Muon,stale-friendly-spectral-sam-muon,muon,mnist,1.6,0.01,0.0114872870245812,0.011179554904782174,0.0120922754229334,0.011586277387929295,0.0,0.07169059890291735,1001
stale-friendly-spectral-sam-muon,Stale Friendly Spectral SAM-Muon,stale-friendly-spectral-sam-muon,muon,mnist,1.6,0.02,0.011473926941667649,0.0111301315663818,0.012000704403466326,0.011523964127346735,0.0,0.14429645090857884,1001
stale-friendly-spectral-sam-muon,Stale Friendly Spectral SAM-Muon,stale-friendly-spectral-sam-muon,muon,mnist,1.6,0.05,0.011316545490840501,0.01092843587678145,0.011762752843876725,0.011346398751806017,0.0,0.36202742088948625,1001
stale-friendly-spectral-sam-muon,Stale Friendly Spectral SAM-Muon,stale-friendly-spectral-sam-muon,muon,mnist,1.6,0.1,0.0110171479182488,0.01067609534101065,0.0115042295757374,0.011108262942070431,0.0,0.7316652326784665,1001
stale-friendly-spectral-sam-muon,Stale Friendly Spectral SAM-Muon,stale-friendly-spectral-sam-muon,muon,mnist,1.6,0.2,0.01123593837682195,0.0109045358328596,0.011650926084029324,0.011258234549067277,0.0,1.4529061037263027,1001
stale-friendly-spectral-sam-muon,Stale Friendly Spectral SAM-Muon,stale-friendly-spectral-sam-muon,muon,mnist,1.6,0.5,0.02565427430878215,0.0249117915366092,0.026630320598895675,0.025711929537541138,0.0,3.625406951551253,1001
stale-friendly-spectral-sam-muon,Stale Friendly Spectral SAM-Muon,stale-friendly-spectral-sam-muon,muon,mnist,1.6,1.0,0.1302032239380712,0.12881316289828393,0.13092358168521664,0.1298514954519546,0.0,7.2185311509937335,1001
stale-friendly-spectral-sam-muon,Stale Friendly Spectral SAM-Muon,stale-friendly-spectral-sam-muon,muon,mnist,2.0,0.01,0.00349611165456805,0.003342995536009575,0.003601153145097275,0.0034831656024988875,0.0,0.0715847374258955,1001
stale-friendly-spectral-sam-muon,Stale Friendly Spectral SAM-Muon,stale-friendly-spectral-sam-muon,muon,mnist,2.0,0.02,0.00349500988475655,0.003324098933688775,0.003607975238463,0.0034754230757414436,0.0,0.14381165020789935,1001
stale-friendly-spectral-sam-muon,Stale Friendly Spectral SAM-Muon,stale-friendly-spectral-sam-muon,muon,mnist,2.0,0.05,0.00344855836951145,0.003310714961509375,0.00358788750757975,0.003456307898101081,0.0,0.36469415470566974,1001
stale-friendly-spectral-sam-muon,Stale Friendly Spectral SAM-Muon,stale-friendly-spectral-sam-muon,muon,mnist,2.0,0.1,0.0034596491648546,0.003370502908773225,0.0036090253183787,0.003492763216451906,0.0,0.735879064366511,1001
stale-friendly-spectral-sam-muon,Stale Friendly Spectral SAM-Muon,stale-friendly-spectral-sam-muon,muon,mnist,2.0,0.2,0.00416372292186515,0.004025568052041375,0.004291093656669075,0.004163082603526047,0.0,1.4571364179203603,1001
stale-friendly-spectral-sam-muon,Stale Friendly Spectral SAM-Muon,stale-friendly-spectral-sam-muon,muon,mnist,2.0,0.5,0.022120464195572002,0.021803933679533125,0.022717719437850552,0.022254096118917554,0.0,3.6362422978844355,1001
stale-friendly-spectral-sam-muon,Stale Friendly Spectral SAM-Muon,stale-friendly-spectral-sam-muon,muon,mnist,2.0,1.0,0.1366424590535999,0.13546959271464448,0.1381405320618975,0.1366447266795986,0.0,7.215296868618138,1001
stale-friendly-spectral-sam-muon,Stale Friendly Spectral SAM-Muon,stale-friendly-spectral-sam-muon,muon,mnist,3.0,0.01,0.00125818511944395,0.00119741537508015,0.00127614040261105,0.0012409305391420313,0.0,0.072087157460901,1001
stale-friendly-spectral-sam-muon,Stale Friendly Spectral SAM-Muon,stale-friendly-spectral-sam-muon,muon,mnist,3.0,0.02,0.0012637567519032502,0.001206891491768575,0.0012787744838582001,0.0012448867644632281,0.0,0.1447934767371255,1001
stale-friendly-spectral-sam-muon,Stale Friendly Spectral SAM-Muon,stale-friendly-spectral-sam-muon,muon,mnist,3.0,0.05,0.00127518366189825,0.0012187811573026752,0.001307223142234225,0.0012643830330860998,0.0,0.36583236043753375,1001
stale-friendly-spectral-sam-muon,Stale Friendly Spectral SAM-Muon,stale-friendly-spectral-sam-muon,muon,mnist,3.0,0.1,0.0013502463302158,0.001298460917961225,0.001396566078251125,0.0013474786745369905,0.0,0.7390216354774006,1001
stale-friendly-spectral-sam-muon,Stale Friendly Spectral SAM-Muon,stale-friendly-spectral-sam-muon,muon,mnist,3.0,0.2,0.0021280673056225,0.00205016463993075,0.0021912652531971503,0.0021178444833440157,0.0,1.461618895334294,1001
stale-friendly-spectral-sam-muon,Stale Friendly Spectral SAM-Muon,stale-friendly-spectral-sam-muon,muon,mnist,3.0,0.5,0.021885054785783203,0.021629425896247924,0.022191814091108347,0.02184602682997249,0.0,3.6135531463456676,1001
stale-friendly-spectral-sam-muon,Stale Friendly Spectral SAM-Muon,stale-friendly-spectral-sam-muon,muon,mnist,3.0,1.0,0.14353400746286804,0.1420561110608129,0.14444275772459492,0.14346339389321638,0.0,7.170044754612242,1001
stale-friendly-spectral-sam-muon,Stale Friendly Spectral SAM-Muon,stale-friendly-spectral-sam-muon,muon,mnist,inf,0.01,0.0014614437739431,0.0014295679441544001,0.00151612822160715,0.0014653656243373905,0.0,0.071994126877725,1001
stale-friendly-spectral-sam-muon,Stale Friendly Spectral SAM-Muon,stale-friendly-spectral-sam-muon,muon,mnist,inf,0.02,0.0014637318609842,0.001433105775571225,0.00151843639554125,0.0014689796821832782,0.0,0.1449728726366103,1001
stale-friendly-spectral-sam-muon,Stale Friendly Spectral SAM-Muon,stale-friendly-spectral-sam-muon,muon,mnist,inf,0.05,0.0014956776311568,0.0014426742827659,0.001545228165864175,0.0014899223103053063,0.0,0.36536282435056644,1001
stale-friendly-spectral-sam-muon,Stale Friendly Spectral SAM-Muon,stale-friendly-spectral-sam-muon,muon,mnist,inf,0.1,0.0015857437541100501,0.001531608568263575,0.001613381101045375,0.0015785961299877907,0.0,0.7343342807554194,1001
stale-friendly-spectral-sam-muon,Stale Friendly Spectral SAM-Muon,stale-friendly-spectral-sam-muon,muon,mnist,inf,0.2,0.00233157997625825,0.002264374091680225,0.002354967888339425,0.002325270193325434,0.0,1.4517438760432142,1001
stale-friendly-spectral-sam-muon,Stale Friendly Spectral SAM-Muon,stale-friendly-spectral-sam-muon,muon,mnist,inf,0.5,0.021987291360259398,0.021704915978354576,0.022434665308096152,0.022075285686170804,0.0,3.623058045014454,1001
stale-friendly-spectral-sam-muon,Stale Friendly Spectral SAM-Muon,stale-friendly-spectral-sam-muon,muon,mnist,inf,1.0,0.14368512808331818,0.14150001305034043,0.1445887465113019,0.14349759344214275,0.0,7.1470963868076804,1001
stale-grad-sam-muon@global,Stale-Gradient SAM-Muon [global Frob],stale-grad-sam-muon,muon,atlas_opt,1.1,0.01,0.22276794973193545,0.2121385745211951,0.23726978408886623,0.22651143240854385,0.0,0.0099999999999981,1001
stale-grad-sam-muon@global,Stale-Gradient SAM-Muon [global Frob],stale-grad-sam-muon,muon,atlas_opt,1.1,0.02,0.22275404087441195,0.21203898001513838,0.2372513935091318,0.22649160899766171,0.0,0.01999999999999625,1001
stale-grad-sam-muon@global,Stale-Gradient SAM-Muon [global Frob],stale-grad-sam-muon,muon,atlas_opt,1.1,0.05,0.2227156877373228,0.21179688169890365,0.23722774920092107,0.22642924635495956,0.0,0.0499999999999908,1001
stale-grad-sam-muon@global,Stale-Gradient SAM-Muon [global Frob],stale-grad-sam-muon,muon,atlas_opt,1.1,0.1,0.22266621356950575,0.2117142683932965,0.23723215817060678,0.22630437263015846,0.0,0.09999999999998165,1001
stale-grad-sam-muon@global,Stale-Gradient SAM-Muon [global Frob],stale-grad-sam-muon,muon,atlas_opt,1.1,0.2,0.22253011510044365,0.21197556641685325,0.23681455701499493,0.22593402478660277,0.0,0.19999999999996348,1001
stale-grad-sam-muon@global,Stale-Gradient SAM-Muon [global Frob],stale-grad-sam-muon,muon,atlas_opt,1.1,0.5,0.22029558519488185,0.21152164822170175,0.23305460367738492,0.22378266106786152,0.0,0.4999999999999094,1001
stale-grad-sam-muon@global,Stale-Gradient SAM-Muon [global Frob],stale-grad-sam-muon,muon,atlas_opt,1.1,1.0,0.21432981050678165,0.20651843689932622,0.22814268721315695,0.21759029186383644,0.0,0.9999999999998208,1001
stale-grad-sam-muon@global,Stale-Gradient SAM-Muon [global Frob],stale-grad-sam-muon,muon,atlas_opt,1.3,0.01,0.0513043045640627,0.0465798508378869,0.0542917604178047,0.05081978054815917,0.0,0.00999999999999315,1001
stale-grad-sam-muon@global,Stale-Gradient SAM-Muon [global Frob],stale-grad-sam-muon,muon,atlas_opt,1.3,0.02,0.051287630698076195,0.046586036715409646,0.05427818549287655,0.050822803123500446,0.0,0.0199999999999864,1001
stale-grad-sam-muon@global,Stale-Gradient SAM-Muon [global Frob],stale-grad-sam-muon,muon,atlas_opt,1.3,0.05,0.0512427780594664,0.046604929740721196,0.05423371122079015,0.050831243250583386,0.0,0.04999999999996605,1001
stale-grad-sam-muon@global,Stale-Gradient SAM-Muon [global Frob],stale-grad-sam-muon,muon,atlas_opt,1.3,0.1,0.051160215134554654,0.04663420210249375,0.05409931554986823,0.050840541005415955,0.0,0.099999999999932,1001
stale-grad-sam-muon@global,Stale-Gradient SAM-Muon [global Frob],stale-grad-sam-muon,muon,atlas_opt,1.3,0.2,0.051040130341649545,0.046757125118278946,0.0538386902268278,0.050847626534496704,0.0,0.1999999999998634,1001
stale-grad-sam-muon@global,Stale-Gradient SAM-Muon [global Frob],stale-grad-sam-muon,muon,atlas_opt,1.3,0.5,0.0512928450330655,0.0471254697663739,0.0533498539574731,0.05089988725396227,0.0,0.4999999999996487,1001
stale-grad-sam-muon@global,Stale-Gradient SAM-Muon [global Frob],stale-grad-sam-muon,muon,atlas_opt,1.3,1.0,0.052454301874052145,0.048269837403764795,0.05501510298905843,0.0521811609526141,0.0,0.9999999999992732,1001
stale-grad-sam-muon@global,Stale-Gradient SAM-Muon [global Frob],stale-grad-sam-muon,muon,atlas_opt,1.6,0.01,0.0115604820808447,0.011233071628929524,0.0121879770993206,0.01165657749756477,0.0,0.00999999999998145,1001
stale-grad-sam-muon@global,Stale-Gradient SAM-Muon [global Frob],stale-grad-sam-muon,muon,atlas_opt,1.6,0.02,0.011564500262152,0.011239800104427426,0.012198024294500474,0.01166464830918761,0.0,0.01999999999996285,1001
stale-grad-sam-muon@global,Stale-Gradient SAM-Muon [global Frob],stale-grad-sam-muon,muon,atlas_opt,1.6,0.05,0.01158493922587175,0.011264654076921274,0.0122313077910109,0.011693632592984825,0.0,0.04999999999990685,1001
stale-grad-sam-muon@global,Stale-Gradient SAM-Muon [global Frob],stale-grad-sam-muon,muon,atlas_opt,1.6,0.1,0.0116491019309693,0.011327193756177774,0.01229957590766255,0.011758447919342859,0.0,0.0999999999998123,1001
stale-grad-sam-muon@global,Stale-Gradient SAM-Muon [global Frob],stale-grad-sam-muon,muon,atlas_opt,1.6,0.2,0.01184247560414485,0.011519114176815951,0.012483605670236726,0.011944554983993882,0.0,0.1999999999996192,1001
stale-grad-sam-muon@global,Stale-Gradient SAM-Muon [global Frob],stale-grad-sam-muon,muon,atlas_opt,1.6,0.5,0.01286545202142195,0.012477176494906726,0.0134434378188639,0.01292705807431303,0.0,0.49999999999903266,1001
stale-grad-sam-muon@global,Stale-Gradient SAM-Muon [global Frob],stale-grad-sam-muon,muon,atlas_opt,1.6,1.0,0.0178323744244323,0.0169969870134708,0.018119469004176676,0.017581468727704715,0.0,0.999999999998334,1001
stale-grad-sam-muon@global,Stale-Gradient SAM-Muon [global Frob],stale-grad-sam-muon,muon,atlas_opt,2.0,0.01,0.00352315755472005,0.003363560166819375,0.003641519876516375,0.0035080478681296873,0.0,0.00999999999996935,1001
stale-grad-sam-muon@global,Stale-Gradient SAM-Muon [global Frob],stale-grad-sam-muon,muon,atlas_opt,2.0,0.02,0.00352979415630265,0.003372678458761975,0.003649611912913425,0.0035160906071954687,0.0,0.01999999999993875,1001
stale-grad-sam-muon@global,Stale-Gradient SAM-Muon [global Frob],stale-grad-sam-muon,muon,atlas_opt,2.0,0.05,0.00355149036273795,0.0034050871896366,0.0036796133063688253,0.0035455165258304936,0.0,0.04999999999984705,1001
stale-grad-sam-muon@global,Stale-Gradient SAM-Muon [global Frob],stale-grad-sam-muon,muon,atlas_opt,2.0,0.1,0.00361253923877,0.003472715348983025,0.00374717272444095,0.0036101998765527814,0.0,0.099999999999695,1001
stale-grad-sam-muon@global,Stale-Gradient SAM-Muon [global Frob],stale-grad-sam-muon,muon,atlas_opt,2.0,0.2,0.0038094328738497,0.00365341046881925,0.0039597980763782,0.0038085436828969063,0.0,0.19999999999939366,1001
stale-grad-sam-muon@global,Stale-Gradient SAM-Muon [global Frob],stale-grad-sam-muon,muon,atlas_opt,2.0,0.5,0.00510410152995105,0.00493926279512495,0.0052337885040110495,0.0050844458905420255,0.0,0.499999999998549,1001
stale-grad-sam-muon@global,Stale-Gradient SAM-Muon [global Frob],stale-grad-sam-muon,muon,atlas_opt,2.0,1.0,0.01395091669391915,0.013390245326740125,0.014583759868358326,0.013984045570433694,0.0,0.9999999999977531,1001
stale-grad-sam-muon@global,Stale-Gradient SAM-Muon [global Frob],stale-grad-sam-muon,muon,atlas_opt,3.0,0.01,0.00126029261710305,0.0012029663162846,0.0012788092550124002,0.0012436209257450969,0.0,0.0099999999999488,1001
stale-grad-sam-muon@global,Stale-Gradient SAM-Muon [global Frob],stale-grad-sam-muon,muon,atlas_opt,3.0,0.02,0.00126615747443895,0.001206486752753725,0.00128433421362835,0.0012486946253933689,0.0,0.019999999999897697,1001
stale-grad-sam-muon@global,Stale-Gradient SAM-Muon [global Frob],stale-grad-sam-muon,muon,atlas_opt,3.0,0.05,0.0012871780244198502,0.0012238779980203,0.001305778677005525,0.0012686518858474093,0.0,0.049999999999745304,1001
stale-grad-sam-muon@global,Stale-Gradient SAM-Muon [global Frob],stale-grad-sam-muon,muon,atlas_opt,3.0,0.1,0.00133159690064155,0.001282221303709425,0.00136231331143805,0.0013188319543323062,0.0,0.09999999999949115,1001
stale-grad-sam-muon@global,Stale-Gradient SAM-Muon [global Frob],stale-grad-sam-muon,muon,atlas_opt,3.0,0.2,0.0015111143607250501,0.0014514486166241252,0.0015564246807638,0.001506330079553828,0.0,0.1999999999989803,1001
stale-grad-sam-muon@global,Stale-Gradient SAM-Muon [global Frob],stale-grad-sam-muon,muon,atlas_opt,3.0,0.5,0.0038527437177680503,0.003675974907950375,0.00406405287588255,0.0038754412244282215,0.0,0.4999999999978626,1001
stale-grad-sam-muon@global,Stale-Gradient SAM-Muon [global Frob],stale-grad-sam-muon,muon,atlas_opt,3.0,1.0,0.014839267643024751,0.01403881024929125,0.015388472190204075,0.014761501487098462,0.0,0.999999999998026,1001
stale-grad-sam-muon@global,Stale-Gradient SAM-Muon [global Frob],stale-grad-sam-muon,muon,atlas_opt,inf,0.01,0.00146943890880565,0.0014386182933557,0.00152403783247905,0.0014715497255998532,0.0,0.00999999999995355,1001
stale-grad-sam-muon@global,Stale-Gradient SAM-Muon [global Frob],stale-grad-sam-muon,muon,atlas_opt,inf,0.02,0.00147566608542555,0.001444951383790625,0.001529397177041825,0.0014772263480191312,0.0,0.019999999999907148,1001
stale-grad-sam-muon@global,Stale-Gradient SAM-Muon [global Frob],stale-grad-sam-muon,muon,atlas_opt,inf,0.05,0.0014981531923561,0.001467664402814425,0.001549912927571675,0.0014992085719461468,0.0,0.049999999999767356,1001
stale-grad-sam-muon@global,Stale-Gradient SAM-Muon [global Frob],stale-grad-sam-muon,muon,atlas_opt,inf,0.1,0.0015522778996619499,0.001517576123511825,0.0016002991699663,0.001552836948982778,0.0,0.0999999999995337,1001
stale-grad-sam-muon@global,Stale-Gradient SAM-Muon [global Frob],stale-grad-sam-muon,muon,atlas_opt,inf,0.2,0.0017370405411662,0.0016943649142953,0.001800913830600275,0.001742324556345772,0.0,0.1999999999990685,1001
stale-grad-sam-muon@global,Stale-Gradient SAM-Muon [global Frob],stale-grad-sam-muon,muon,atlas_opt,inf,0.5,0.0038927145295506,0.003744852926829125,0.003996008942270625,0.0038764686833761596,0.0,0.49999999999796174,1001
stale-grad-sam-muon@global,Stale-Gradient SAM-Muon [global Frob],stale-grad-sam-muon,muon,atlas_opt,inf,1.0,0.01512600205360325,0.0143423683534183,0.015557203991316175,0.014979374340713756,0.0,0.9999999999981579,1001
stale-grad-sam-muon@per-layer,Stale-Gradient SAM-Muon [per-layer Frob],stale-grad-sam-muon,muon,atlas_opt,1.1,0.01,0.22276343262158693,0.212091610221873,0.23725831164158834,0.22650614125412133,0.0,0.01414213562372715,1001
stale-grad-sam-muon@per-layer,Stale-Gradient SAM-Muon [per-layer Frob],stale-grad-sam-muon,muon,atlas_opt,1.1,0.02,0.22274659838168354,0.21195803317771528,0.23723073521113294,0.22648155054391333,0.0,0.028284271247454397,1001
stale-grad-sam-muon@per-layer,Stale-Gradient SAM-Muon [per-layer Frob],stale-grad-sam-muon,muon,atlas_opt,1.1,0.05,0.22270813489086716,0.21172681555759304,0.23718003811115068,0.2264003702041102,0.0,0.0707106781186361,1001
stale-grad-sam-muon@per-layer,Stale-Gradient SAM-Muon [per-layer Frob],stale-grad-sam-muon,muon,atlas_opt,1.1,0.1,0.22267672488253554,0.21184197792614565,0.23705552302338384,0.22620840204340573,0.0,0.14142135623727237,1001
stale-grad-sam-muon@per-layer,Stale-Gradient SAM-Muon [per-layer Frob],stale-grad-sam-muon,muon,atlas_opt,1.1,0.2,0.2222657110549171,0.21213929909033727,0.23580831693696605,0.2255653207816387,0.0,0.28284271247454496,1001
stale-grad-sam-muon@per-layer,Stale-Gradient SAM-Muon [per-layer Frob],stale-grad-sam-muon,muon,atlas_opt,1.1,0.5,0.21859956722634832,0.21013584877413968,0.23162222398083332,0.22177643883740794,0.0,0.7071067811863627,1001
stale-grad-sam-muon@per-layer,Stale-Gradient SAM-Muon [per-layer Frob],stale-grad-sam-muon,muon,atlas_opt,1.1,1.0,0.20987002318172904,0.20020146685702783,0.22449541771521803,0.21237445448549608,0.0,1.4142135623727299,1001
stale-grad-sam-muon@per-layer,Stale-Gradient SAM-Muon [per-layer Frob],stale-grad-sam-muon,muon,atlas_opt,1.3,0.01,0.0512986302772224,0.04658084868937247,0.054282493989042294,0.05082047965120899,0.0,0.01414213562371655,1001
stale-grad-sam-muon@per-layer,Stale-Gradient SAM-Muon [per-layer Frob],stale-grad-sam-muon,muon,atlas_opt,1.3,0.02,0.051277344003577,0.046588140326527326,0.05425890653934855,0.05082400373280681,0.0,0.02828427124743315,1001
stale-grad-sam-muon@per-layer,Stale-Gradient SAM-Muon [per-layer Frob],stale-grad-sam-muon,muon,atlas_opt,1.3,0.05,0.05121576659487865,0.04661012612619195,0.05418195559084627,0.050831587817183874,0.0,0.0707106781185831,1001
stale-grad-sam-muon@per-layer,Stale-Gradient SAM-Muon [per-layer Frob],stale-grad-sam-muon,muon,atlas_opt,1.3,0.1,0.05109181907372415,0.04665016976198673,0.053983374817656575,0.05083174972213899,0.0,0.1414213562371662,1001
stale-grad-sam-muon@per-layer,Stale-Gradient SAM-Muon [per-layer Frob],stale-grad-sam-muon,muon,atlas_opt,1.3,0.2,0.05114830307405025,0.046867878254692075,0.05367158273679023,0.050812582763432486,0.0,0.2828427124743314,1001
stale-grad-sam-muon@per-layer,Stale-Gradient SAM-Muon [per-layer Frob],stale-grad-sam-muon,muon,atlas_opt,1.3,0.5,0.051429371785931294,0.04723642140703855,0.05330138974973823,0.050958411687357395,0.0,0.7071067811858159,1001
stale-grad-sam-muon@per-layer,Stale-Gradient SAM-Muon [per-layer Frob],stale-grad-sam-muon,muon,atlas_opt,1.3,1.0,0.05698836213389705,0.05385925733714773,0.05958103190420512,0.05687624981474564,0.0,1.41421356237169,1001
stale-grad-sam-muon@per-layer,Stale-Gradient SAM-Muon [per-layer Frob],stale-grad-sam-muon,muon,atlas_opt,1.6,0.01,0.011559539291978449,0.011235717738302375,0.01219021027755865,0.01165854131512295,0.0,0.01414213562369225,1001
stale-grad-sam-muon@per-layer,Stale-Gradient SAM-Muon [per-layer Frob],stale-grad-sam-muon,muon,atlas_opt,1.6,0.02,0.011563968627413851,0.011243870867671625,0.012202871261879149,0.011669098164979238,0.0,0.02828427124738445,1001
stale-grad-sam-muon@per-layer,Stale-Gradient SAM-Muon [per-layer Frob],stale-grad-sam-muon,muon,atlas_opt,1.6,0.05,0.0115962115572794,0.011283609984911574,0.012246745357395951,0.011708477326432987,0.0,0.07071067811846049,1001
stale-grad-sam-muon@per-layer,Stale-Gradient SAM-Muon [per-layer Frob],stale-grad-sam-muon,muon,atlas_opt,1.6,0.1,0.0116940526597995,0.01137962565861695,0.012342698817591376,0.011801064479431184,0.0,0.1414213562369187,1001
stale-grad-sam-muon@per-layer,Stale-Gradient SAM-Muon [per-layer Frob],stale-grad-sam-muon,muon,atlas_opt,1.6,0.2,0.011969507169365,0.011631118469421775,0.012603094397489474,0.012074457071288753,0.0,0.2828427124738341,1001
stale-grad-sam-muon@per-layer,Stale-Gradient SAM-Muon [per-layer Frob],stale-grad-sam-muon,muon,atlas_opt,1.6,0.5,0.01395917422820055,0.013539470915687024,0.014509408523830574,0.01392910529310217,0.0,0.7071067811846942,1001
stale-grad-sam-muon@per-layer,Stale-Gradient SAM-Muon [per-layer Frob],stale-grad-sam-muon,muon,atlas_opt,1.6,1.0,0.031281142412867696,0.030547809312486247,0.031903777033128106,0.031337654498126394,0.0,1.4142135623705634,1001
stale-grad-sam-muon@per-layer,Stale-Gradient SAM-Muon [per-layer Frob],stale-grad-sam-muon,muon,atlas_opt,2.0,0.01,0.003524554109993,0.003365800584487925,0.0036432902627565,0.003510001953885653,0.0,0.014142135623667451,1001
stale-grad-sam-muon@per-layer,Stale-Gradient SAM-Muon [per-layer Frob],stale-grad-sam-muon,muon,atlas_opt,2.0,0.02,0.00353238213576535,0.003377625477634025,0.00365369846725405,0.0035208671583255406,0.0,0.028284271247335048,1001
stale-grad-sam-muon@per-layer,Stale-Gradient SAM-Muon [per-layer Frob],stale-grad-sam-muon,muon,atlas_opt,2.0,0.05,0.0035627068739019,0.00342206018529685,0.0036968350257977753,0.0035598806424930376,0.0,0.0707106781183384,1001
stale-grad-sam-muon@per-layer,Stale-Gradient SAM-Muon [per-layer Frob],stale-grad-sam-muon,muon,atlas_opt,2.0,0.1,0.0036614627230981,0.003508671767008275,0.003794388701082225,0.0036502968974464435,0.0,0.14142135623667973,1001
stale-grad-sam-muon@per-layer,Stale-Gradient SAM-Muon [per-layer Frob],stale-grad-sam-muon,muon,atlas_opt,2.0,0.2,0.00392684644254295,0.00381705906741725,0.0040998405589375,0.0039555938591654335,0.0,0.28284271247338455,1001
stale-grad-sam-muon@per-layer,Stale-Gradient SAM-Muon [per-layer Frob],stale-grad-sam-muon,muon,atlas_opt,2.0,0.5,0.00704968032473795,0.006811793829740275,0.007325400537927325,0.00706276848791205,0.0,0.7071067811838688,1001
stale-grad-sam-muon@per-layer,Stale-Gradient SAM-Muon [per-layer Frob],stale-grad-sam-muon,muon,atlas_opt,2.0,1.0,0.03105459970324465,0.02934174819015525,0.03292284589288895,0.031246603922008325,0.0,1.4142135623706837,1001
stale-grad-sam-muon@per-layer,Stale-Gradient SAM-Muon [per-layer Frob],stale-grad-sam-muon,muon,atlas_opt,3.0,0.01,0.00126196541717095,0.0012035869790601,0.0012803844104178751,0.0012448561403860096,0.0,0.0141421356236239,1001
stale-grad-sam-muon@per-layer,Stale-Gradient SAM-Muon [per-layer Frob],stale-grad-sam-muon,muon,atlas_opt,3.0,0.02,0.001269741935925,0.001208045313752475,0.001287817525511925,0.0012514304121025157,0.0,0.02828427124724765,1001
stale-grad-sam-muon@per-layer,Stale-Gradient SAM-Muon [per-layer Frob],stale-grad-sam-muon,muon,atlas_opt,3.0,0.05,0.0012989328198826,0.00123744865294245,0.001319058222242825,0.001278992295319275,0.0,0.07071067811812026,1001
stale-grad-sam-muon@per-layer,Stale-Gradient SAM-Muon [per-layer Frob],stale-grad-sam-muon,muon,atlas_opt,3.0,0.1,0.0013668982891523501,0.001315494089341025,0.001397331484472025,0.0013529412233036124,0.0,0.14142135623624813,1001
stale-grad-sam-muon@per-layer,Stale-Gradient SAM-Muon [per-layer Frob],stale-grad-sam-muon,muon,atlas_opt,3.0,0.2,0.0016697275972470502,0.0016259615247562749,0.0017463699335227999,0.001681705120459525,0.0,0.2828427124725855,1001
stale-grad-sam-muon@per-layer,Stale-Gradient SAM-Muon [per-layer Frob],stale-grad-sam-muon,muon,atlas_opt,3.0,0.5,0.0066800498187084,0.00640976877034055,0.0072351020598872,0.006741791580908769,0.0,0.7071067811834375,1001
stale-grad-sam-muon@per-layer,Stale-Gradient SAM-Muon [per-layer Frob],stale-grad-sam-muon,muon,atlas_opt,3.0,1.0,0.02882445821994315,0.02647953111172255,0.03053945701472565,0.028387716753894048,0.0,1.4142135623708108,1001
stale-grad-sam-muon@per-layer,Stale-Gradient SAM-Muon [per-layer Frob],stale-grad-sam-muon,muon,atlas_opt,inf,0.01,0.00147102770855315,0.0014400933512406,0.001525217174549725,0.0014729548500900407,0.0,0.014142135623634151,1001
stale-grad-sam-muon@per-layer,Stale-Gradient SAM-Muon [per-layer Frob],stale-grad-sam-muon,muon,atlas_opt,inf,0.02,0.0014791349944893498,0.001448951469666925,0.0015323607010036251,0.001480518262558397,0.0,0.0282842712472683,1001
stale-grad-sam-muon@per-layer,Stale-Gradient SAM-Muon [per-layer Frob],stale-grad-sam-muon,muon,atlas_opt,inf,0.05,0.00150970362799185,0.00147451314738065,0.0015598810071495999,0.0015101351316754688,0.0,0.0707106781181723,1001
stale-grad-sam-muon@per-layer,Stale-Gradient SAM-Muon [per-layer Frob],stale-grad-sam-muon,muon,atlas_opt,inf,0.1,0.00159024464094,0.0015507209851796,0.00163967095235575,0.0015881791792581091,0.0,0.1414213562363556,1001
stale-grad-sam-muon@per-layer,Stale-Gradient SAM-Muon [per-layer Frob],stale-grad-sam-muon,muon,atlas_opt,inf,0.2,0.0018999864199303,0.001850156025036475,0.001960312710329325,0.0019042213411202282,0.0,0.2828427124727624,1001
stale-grad-sam-muon@per-layer,Stale-Gradient SAM-Muon [per-layer Frob],stale-grad-sam-muon,muon,atlas_opt,inf,0.5,0.00702662584031595,0.006728813194613625,0.00724339469615085,0.0069954439424944476,0.0,0.7071067811834537,1001
stale-grad-sam-muon@per-layer,Stale-Gradient SAM-Muon [per-layer Frob],stale-grad-sam-muon,muon,atlas_opt,inf,1.0,0.0287928487160739,0.027772864663902122,0.030446950382477727,0.028856654706356025,0.0,1.4142135623710503,1001
stale-momentum-friendly-spectral-sam-muon,Stale Momentum-Friendly Spectral SAM-Muon,stale-momentum-friendly-spectral-sam-muon,muon,mnist,1.1,0.01,0.22134733135662243,0.21075590990492668,0.23571659199501002,0.22486160893632007,0.0,0.07047763638275945,1001
stale-momentum-friendly-spectral-sam-muon,Stale Momentum-Friendly Spectral SAM-Muon,stale-momentum-friendly-spectral-sam-muon,muon,mnist,1.1,0.02,0.21983207633457036,0.20971106024283295,0.23405241027391707,0.2231866768234529,0.0,0.1405119107564755,1001
stale-momentum-friendly-spectral-sam-muon,Stale Momentum-Friendly Spectral SAM-Muon,stale-momentum-friendly-spectral-sam-muon,muon,mnist,1.1,0.05,0.21434096228220112,0.20685395859317313,0.22787609484248975,0.21830990747927742,0.0,0.35182360627091547,1001
stale-momentum-friendly-spectral-sam-muon,Stale Momentum-Friendly Spectral SAM-Muon,stale-momentum-friendly-spectral-sam-muon,muon,mnist,1.1,0.1,0.20524530346635417,0.20097877628114508,0.22066552192387795,0.2106665980265853,0.0,0.7172457756778338,1001
stale-momentum-friendly-spectral-sam-muon,Stale Momentum-Friendly Spectral SAM-Muon,stale-momentum-friendly-spectral-sam-muon,muon,mnist,1.1,0.2,0.1933844502249814,0.18642761055565904,0.20647536787933715,0.1955284630558622,0.0,1.4390657232019786,1001
stale-momentum-friendly-spectral-sam-muon,Stale Momentum-Friendly Spectral SAM-Muon,stale-momentum-friendly-spectral-sam-muon,muon,mnist,1.1,0.5,0.16573506155337114,0.15710464899578794,0.17981990830595443,0.16760691717156198,0.0,3.61377030608362,1001
stale-momentum-friendly-spectral-sam-muon,Stale Momentum-Friendly Spectral SAM-Muon,stale-momentum-friendly-spectral-sam-muon,muon,mnist,1.1,1.0,0.21104131392381695,0.2044301235867662,0.2189226860783212,0.21098157878892512,0.0,7.239077147314028,1001
stale-momentum-friendly-spectral-sam-muon,Stale Momentum-Friendly Spectral SAM-Muon,stale-momentum-friendly-spectral-sam-muon,muon,mnist,1.3,0.01,0.0508995919683682,0.04613772965762568,0.053918789139964174,0.050455513787610415,0.0,0.07144244594016945,1001
stale-momentum-friendly-spectral-sam-muon,Stale Momentum-Friendly Spectral SAM-Muon,stale-momentum-friendly-spectral-sam-muon,muon,mnist,1.3,0.02,0.0504858562946576,0.045745453497338974,0.0535435083488118,0.050095343393112016,0.0,0.142894255319997,1001
stale-momentum-friendly-spectral-sam-muon,Stale Momentum-Friendly Spectral SAM-Muon,stale-momentum-friendly-spectral-sam-muon,muon,mnist,1.3,0.05,0.0492982477878498,0.04487655258166975,0.052253785750258,0.04901234883101684,0.0,0.36167638476946207,1001
stale-momentum-friendly-spectral-sam-muon,Stale Momentum-Friendly Spectral SAM-Muon,stale-momentum-friendly-spectral-sam-muon,muon,mnist,1.3,0.1,0.04729546313713575,0.0436299646840672,0.050208017424768325,0.04717161102344426,0.0,0.726940308852688,1001
stale-momentum-friendly-spectral-sam-muon,Stale Momentum-Friendly Spectral SAM-Muon,stale-momentum-friendly-spectral-sam-muon,muon,mnist,1.3,0.2,0.04431808908600785,0.040644275495966296,0.04720339232491597,0.04386014683606946,0.0,1.4630460135311014,1001
stale-momentum-friendly-spectral-sam-muon,Stale Momentum-Friendly Spectral SAM-Muon,stale-momentum-friendly-spectral-sam-muon,muon,mnist,1.3,0.5,0.048768994382105704,0.04676492836724465,0.05127303897229413,0.049399559831896526,0.0,3.6168080815436623,1001
stale-momentum-friendly-spectral-sam-muon,Stale Momentum-Friendly Spectral SAM-Muon,stale-momentum-friendly-spectral-sam-muon,muon,mnist,1.3,1.0,0.14251075784696882,0.14059196155813194,0.1448895497330506,0.14255898583317603,0.0,7.19602804196451,1001
stale-momentum-friendly-spectral-sam-muon,Stale Momentum-Friendly Spectral SAM-Muon,stale-momentum-friendly-spectral-sam-muon,muon,mnist,1.6,0.01,0.0114742030320432,0.011163743899172825,0.012097569959755175,0.011580749767924257,0.0,0.0717379692610544,1001
stale-momentum-friendly-spectral-sam-muon,Stale Momentum-Friendly Spectral SAM-Muon,stale-momentum-friendly-spectral-sam-muon,muon,mnist,1.6,0.02,0.0114462151466028,0.01110436149771535,0.0120010513232148,0.011509675396865343,0.0,0.14340164682884798,1001
stale-momentum-friendly-spectral-sam-muon,Stale Momentum-Friendly Spectral SAM-Muon,stale-momentum-friendly-spectral-sam-muon,muon,mnist,1.6,0.05,0.0112305562062855,0.0108853372494996,0.0117150954387426,0.01130886363500111,0.0,0.3626722311307268,1001
stale-momentum-friendly-spectral-sam-muon,Stale Momentum-Friendly Spectral SAM-Muon,stale-momentum-friendly-spectral-sam-muon,muon,mnist,1.6,0.1,0.011030338184133,0.0107013414335807,0.011466271128810076,0.011049665716426807,0.0,0.7357995895104987,1001
stale-momentum-friendly-spectral-sam-muon,Stale Momentum-Friendly Spectral SAM-Muon,stale-momentum-friendly-spectral-sam-muon,muon,mnist,1.6,0.2,0.01121887048293185,0.0106941096323474,0.01166245094399415,0.01117769848065887,0.0,1.4646748792849824,1001
stale-momentum-friendly-spectral-sam-muon,Stale Momentum-Friendly Spectral SAM-Muon,stale-momentum-friendly-spectral-sam-muon,muon,mnist,1.6,0.5,0.026043697253954397,0.025302635132147325,0.026613080563274102,0.02596189659044219,0.0,3.605949386013502,1001
stale-momentum-friendly-spectral-sam-muon,Stale Momentum-Friendly Spectral SAM-Muon,stale-momentum-friendly-spectral-sam-muon,muon,mnist,1.6,1.0,0.13626521931249946,0.1351300914948405,0.1382876475099899,0.13688796434860054,0.0,7.187234392593791,1001
stale-momentum-friendly-spectral-sam-muon,Stale Momentum-Friendly Spectral SAM-Muon,stale-momentum-friendly-spectral-sam-muon,muon,mnist,2.0,0.01,0.0034979942856237,0.0033433299423432502,0.003607513295158725,0.003488128361091772,0.0,0.07168018798298664,1001
stale-momentum-friendly-spectral-sam-muon,Stale Momentum-Friendly Spectral SAM-Muon,stale-momentum-friendly-spectral-sam-muon,muon,mnist,2.0,0.02,0.00349427920512935,0.003334541268469275,0.0036053533346041,0.0034819485735652,0.0,0.14326413175759428,1001
stale-momentum-friendly-spectral-sam-muon,Stale Momentum-Friendly Spectral SAM-Muon,stale-momentum-friendly-spectral-sam-muon,muon,mnist,2.0,0.05,0.0034559842403712,0.003350966909831025,0.00361640920455545,0.003473883087252734,0.0,0.36395205231639105,1001
stale-momentum-friendly-spectral-sam-muon,Stale Momentum-Friendly Spectral SAM-Muon,stale-momentum-friendly-spectral-sam-muon,muon,mnist,2.0,0.1,0.00351709689228155,0.003419150885459075,0.003643300409320625,0.0035255585068230313,0.0,0.7373067098813545,1001
stale-momentum-friendly-spectral-sam-muon,Stale Momentum-Friendly Spectral SAM-Muon,stale-momentum-friendly-spectral-sam-muon,muon,mnist,2.0,0.2,0.00423283858722695,0.0041440891714888,0.004368930198766075,0.004249884547793742,0.0,1.457263914000986,1001
stale-momentum-friendly-spectral-sam-muon,Stale Momentum-Friendly Spectral SAM-Muon,stale-momentum-friendly-spectral-sam-muon,muon,mnist,2.0,0.5,0.0227978842605245,0.022181523865456552,0.0229808183688126,0.022702181432046737,0.0,3.6134813800999357,1001
stale-momentum-friendly-spectral-sam-muon,Stale Momentum-Friendly Spectral SAM-Muon,stale-momentum-friendly-spectral-sam-muon,muon,mnist,2.0,1.0,0.14586105013289255,0.1447557443915674,0.14854133564894995,0.14664842756330385,0.0,7.207000953928287,1001
stale-momentum-friendly-spectral-sam-muon,Stale Momentum-Friendly Spectral SAM-Muon,stale-momentum-friendly-spectral-sam-muon,muon,mnist,3.0,0.01,0.0012614404075381499,0.0012018530003109751,0.0012805439237988,0.0012433217438040062,0.0,0.07198363571994384,1001
stale-momentum-friendly-spectral-sam-muon,Stale Momentum-Friendly Spectral SAM-Muon,stale-momentum-friendly-spectral-sam-muon,muon,mnist,3.0,0.02,0.0012665097080225502,0.0012121117603549,0.0012905970180716502,0.0012495633325172125,0.0,0.14395280988357975,1001
stale-momentum-friendly-spectral-sam-muon,Stale Momentum-Friendly Spectral SAM-Muon,stale-momentum-friendly-spectral-sam-muon,muon,mnist,3.0,0.05,0.00128069773150675,0.0012326651947867,0.001324433377333875,0.0012766678631557127,0.0,0.36364345992925573,1001
stale-momentum-friendly-spectral-sam-muon,Stale Momentum-Friendly Spectral SAM-Muon,stale-momentum-friendly-spectral-sam-muon,muon,mnist,3.0,0.1,0.00138072571566605,0.0013402346358721748,0.001435169935657275,0.0013814254353393593,0.0,0.7368989111784467,1001
stale-momentum-friendly-spectral-sam-muon,Stale Momentum-Friendly Spectral SAM-Muon,stale-momentum-friendly-spectral-sam-muon,muon,mnist,3.0,0.2,0.00223440050779795,0.002177856371795,0.00233540988894335,0.0022459066132826657,0.0,1.4729467369874665,1001
stale-momentum-friendly-spectral-sam-muon,Stale Momentum-Friendly Spectral SAM-Muon,stale-momentum-friendly-spectral-sam-muon,muon,mnist,3.0,0.5,0.02244839809397675,0.02211131431780625,0.022662403985132473,0.022423406877616965,0.0,3.6255635303469136,1001
stale-momentum-friendly-spectral-sam-muon,Stale Momentum-Friendly Spectral SAM-Muon,stale-momentum-friendly-spectral-sam-muon,muon,mnist,3.0,1.0,0.1566248125393527,0.15541784269378867,0.15857130216309057,0.1570906168498235,0.0,7.202244003760075,1001
stale-momentum-friendly-spectral-sam-muon,Stale Momentum-Friendly Spectral SAM-Muon,stale-momentum-friendly-spectral-sam-muon,muon,mnist,inf,0.01,0.00146612382243705,0.001430218085379475,0.0015158903003108,0.0014674111365202093,0.0,0.0715621950469832,1001
stale-momentum-friendly-spectral-sam-muon,Stale Momentum-Friendly Spectral SAM-Muon,stale-momentum-friendly-spectral-sam-muon,muon,mnist,inf,0.02,0.0014697527070928,0.0014385464256915,0.0015240107989664248,0.0014739863185655594,0.0,0.14428719028677586,1001
stale-momentum-friendly-spectral-sam-muon,Stale Momentum-Friendly Spectral SAM-Muon,stale-momentum-friendly-spectral-sam-muon,muon,mnist,inf,0.05,0.0015119468068511,0.0014536591279092751,0.0015522181931171002,0.0015018639712014751,0.0,0.3649405013970072,1001
stale-momentum-friendly-spectral-sam-muon,Stale Momentum-Friendly Spectral SAM-Muon,stale-momentum-friendly-spectral-sam-muon,muon,mnist,inf,0.1,0.00162291575567645,0.001570003258766125,0.0016572185217330999,0.0016157923834551374,0.0,0.7379895955549394,1001
stale-momentum-friendly-spectral-sam-muon,Stale Momentum-Friendly Spectral SAM-Muon,stale-momentum-friendly-spectral-sam-muon,muon,mnist,inf,0.2,0.002448138327525,0.002375142420926375,0.0025090483629721,0.0024505279220484845,0.0,1.4576021516859528,1001
stale-momentum-friendly-spectral-sam-muon,Stale Momentum-Friendly Spectral SAM-Muon,stale-momentum-friendly-spectral-sam-muon,muon,mnist,inf,0.5,0.0225840455788908,0.022265227447055825,0.022836920519021427,0.022578619778630196,0.0,3.6256917913706004,1001
stale-momentum-friendly-spectral-sam-muon,Stale Momentum-Friendly Spectral SAM-Muon,stale-momentum-friendly-spectral-sam-muon,muon,mnist,inf,1.0,0.1557245761406032,0.15394856580689745,0.15765919600120884,0.1560214874187386,0.0,7.1652274558156375,1001
stale-momentum-sam-muon@global,Stale-Momentum SAM-Muon [global Frob],stale-momentum-sam-muon,muon,atlas_opt,1.1,0.01,0.22302787808607116,0.2125161784969093,0.23753202464143264,0.22677578477043706,0.0,0.0099999999999998,1001
stale-momentum-sam-muon@global,Stale-Momentum SAM-Muon [global Frob],stale-momentum-sam-muon,muon,atlas_opt,1.1,0.02,0.223274013040867,0.21279185604696219,0.23776844686077023,0.22702275517234136,0.0,0.01999999999999965,1001
stale-momentum-sam-muon@global,Stale-Momentum SAM-Muon [global Frob],stale-momentum-sam-muon,muon,atlas_opt,1.1,0.05,0.22401677794492686,0.2136530457111685,0.23847409219085253,0.2277690093498661,0.0,0.0499999999999992,1001
stale-momentum-sam-muon@global,Stale-Momentum SAM-Muon [global Frob],stale-momentum-sam-muon,muon,atlas_opt,1.1,0.1,0.22526482913921586,0.21590953556675208,0.23966438181281297,0.22902623798495605,0.0,0.0999999999999984,1001
stale-momentum-sam-muon@global,Stale-Momentum SAM-Muon [global Frob],stale-momentum-sam-muon,muon,atlas_opt,1.1,0.2,0.22726635649245763,0.21964144011405345,0.24222492704134568,0.23158204308279307,0.0,0.1999999999999969,1001
stale-momentum-sam-muon@global,Stale-Momentum SAM-Muon [global Frob],stale-momentum-sam-muon,muon,atlas_opt,1.1,0.5,0.2348932897448912,0.22973489012998807,0.2496095153373094,0.2393856705939558,0.0,0.49999999999999245,1001
stale-momentum-sam-muon@global,Stale-Momentum SAM-Muon [global Frob],stale-momentum-sam-muon,muon,atlas_opt,1.1,1.0,0.24886994883591235,0.24116195594936296,0.2608571428338608,0.2512298050843982,0.0,0.9999999999999862,1001
stale-momentum-sam-muon@global,Stale-Momentum SAM-Muon [global Frob],stale-momentum-sam-muon,muon,atlas_opt,1.3,0.01,0.05141669210040395,0.04669257127128072,0.05443294854007982,0.0509195484406536,0.0,0.009999999999999,1001
stale-momentum-sam-muon@global,Stale-Momentum SAM-Muon [global Frob],stale-momentum-sam-muon,muon,atlas_opt,1.3,0.02,0.0515112453370028,0.04681232049712182,0.054561625025364546,0.05102327385372646,0.0,0.01999999999999805,1001
stale-momentum-sam-muon@global,Stale-Momentum SAM-Muon [global Frob],stale-momentum-sam-muon,muon,atlas_opt,1.3,0.05,0.051797501469337245,0.047177546174303475,0.05494975499620865,0.0513403775855871,0.0,0.0499999999999952,1001
stale-momentum-sam-muon@global,Stale-Momentum SAM-Muon [global Frob],stale-momentum-sam-muon,muon,atlas_opt,1.3,0.1,0.05229734740960315,0.04780305963642498,0.055518862866752824,0.051890464581665394,0.0,0.09999999999999055,1001
stale-momentum-sam-muon@global,Stale-Momentum SAM-Muon [global Frob],stale-momentum-sam-muon,muon,atlas_opt,1.3,0.2,0.053422091836203944,0.049062145542982875,0.056629632458902776,0.053058424286990945,0.0,0.1999999999999817,1001
stale-momentum-sam-muon@global,Stale-Momentum SAM-Muon [global Frob],stale-momentum-sam-muon,muon,atlas_opt,1.3,0.5,0.05731592274394675,0.05237970625937355,0.06022556343078862,0.056947660516517076,0.0,0.4999999999999577,1001
stale-momentum-sam-muon@global,Stale-Momentum SAM-Muon [global Frob],stale-momentum-sam-muon,muon,atlas_opt,1.3,1.0,0.06626064885562499,0.0632512846856516,0.06886064643152003,0.06635217198068492,0.0,0.9999999999999369,1001
stale-momentum-sam-muon@global,Stale-Momentum SAM-Muon [global Frob],stale-momentum-sam-muon,muon,atlas_opt,1.6,0.01,0.01161811787587835,0.011280180482277276,0.012240547054161626,0.011706021370328303,0.0,0.0099999999999964,1001
stale-momentum-sam-muon@global,Stale-Momentum SAM-Muon [global Frob],stale-momentum-sam-muon,muon,atlas_opt,1.6,0.02,0.01168206352836325,0.011328697297200676,0.012303811341751276,0.01176466008447273,0.0,0.019999999999992947,1001
stale-momentum-sam-muon@global,Stale-Momentum SAM-Muon [global Frob],stale-momentum-sam-muon,muon,atlas_opt,1.6,0.05,0.0118674340978339,0.011482958615097974,0.01250139384650625,0.011952901206787605,0.0,0.0499999999999829,1001
stale-momentum-sam-muon@global,Stale-Momentum SAM-Muon [global Frob],stale-momentum-sam-muon,muon,atlas_opt,1.6,0.1,0.0122158508319584,0.011831832407739499,0.0128768193194233,0.012313939048625221,0.0,0.0999999999999677,1001
stale-momentum-sam-muon@global,Stale-Momentum SAM-Muon [global Frob],stale-momentum-sam-muon,muon,atlas_opt,1.6,0.2,0.0131561817119931,0.01276833588198975,0.013888195214984375,0.013277781409475569,0.0,0.1999999999999426,1001
stale-momentum-sam-muon@global,Stale-Momentum SAM-Muon [global Frob],stale-momentum-sam-muon,muon,atlas_opt,1.6,0.5,0.01828511010532985,0.017988286879194425,0.0187974111974132,0.018441004427417258,0.0,0.49999999999990763,1001
stale-momentum-sam-muon@global,Stale-Momentum SAM-Muon [global Frob],stale-momentum-sam-muon,muon,atlas_opt,1.6,1.0,0.0380783477255955,0.03317446447864195,0.040857022019565106,0.03736883663780827,0.0,0.9999999999999187,1001
stale-momentum-sam-muon@global,Stale-Momentum SAM-Muon [global Frob],stale-momentum-sam-muon,muon,atlas_opt,2.0,0.01,0.0035484000994906997,0.0033905181893439003,0.003672470432559775,0.003536569229943331,0.0,0.009999999999991651,1001
stale-momentum-sam-muon@global,Stale-Momentum SAM-Muon [global Frob],stale-momentum-sam-muon,muon,atlas_opt,2.0,0.02,0.003585337088118,0.00342954763538365,0.0037127027588299503,0.0035738774035004965,0.0,0.0199999999999837,1001
stale-momentum-sam-muon@global,Stale-Momentum SAM-Muon [global Frob],stale-momentum-sam-muon,muon,atlas_opt,2.0,0.05,0.0037189546911713,0.003552776918791,0.0038538903364936,0.0037043545321376347,0.0,0.04999999999996225,1001
stale-momentum-sam-muon@global,Stale-Momentum SAM-Muon [global Frob],stale-momentum-sam-muon,muon,atlas_opt,2.0,0.1,0.00405571503209875,0.00385251574124815,0.00417907455281455,0.004039296359345888,0.0,0.0999999999999363,1001
stale-momentum-sam-muon@global,Stale-Momentum SAM-Muon [global Frob],stale-momentum-sam-muon,muon,atlas_opt,2.0,0.2,0.005480674605378899,0.00532127502145025,0.0056883481543635005,0.0055063820708453936,0.0,0.19999999999992446,1001
stale-momentum-sam-muon@global,Stale-Momentum SAM-Muon [global Frob],stale-momentum-sam-muon,muon,atlas_opt,2.0,0.5,0.0119950259495282,0.010898733574085526,0.0128893992042154,0.012084209965255836,0.0,0.4999999999999094,1001
stale-momentum-sam-muon@global,Stale-Momentum SAM-Muon [global Frob],stale-momentum-sam-muon,muon,atlas_opt,2.0,1.0,0.0229645804006062,0.020960209443053324,0.02729005011981175,0.023832839897369208,0.0,0.999999999999928,1001
stale-momentum-sam-muon@global,Stale-Momentum SAM-Muon [global Frob],stale-momentum-sam-muon,muon,atlas_opt,3.0,0.01,0.0012782147615685501,0.001213801170778575,0.0012938997576823,0.0012580252184619001,0.0,0.009999999999985649,1001
stale-momentum-sam-muon@global,Stale-Momentum SAM-Muon [global Frob],stale-momentum-sam-muon,muon,atlas_opt,3.0,0.02,0.0013014282910177,0.00123185078710695,0.001316457687105125,0.0012797248931354437,0.0,0.019999999999972602,1001
stale-momentum-sam-muon@global,Stale-Momentum SAM-Muon [global Frob],stale-momentum-sam-muon,muon,atlas_opt,3.0,0.05,0.0013855902742867,0.001326385546555525,0.001420195500355175,0.0013775393343763063,0.0,0.049999999999941,1001
stale-momentum-sam-muon@global,Stale-Momentum SAM-Muon [global Frob],stale-momentum-sam-muon,muon,atlas_opt,3.0,0.1,0.0018293923170780999,0.0017618311898401,0.0019343502736955001,0.0018488233036928594,0.0,0.09999999999993081,1001
stale-momentum-sam-muon@global,Stale-Momentum SAM-Muon [global Frob],stale-momentum-sam-muon,muon,atlas_opt,3.0,0.2,0.0034481845326712,0.0031567127943568,0.00352289908207745,0.0033692330363608,0.0,0.19999999999992063,1001
stale-momentum-sam-muon@global,Stale-Momentum SAM-Muon [global Frob],stale-momentum-sam-muon,muon,atlas_opt,3.0,0.5,0.008418243095573999,0.007118345215395275,0.009359167004440975,0.008487362472336696,0.0,0.49999999999991385,1001
stale-momentum-sam-muon@global,Stale-Momentum SAM-Muon [global Frob],stale-momentum-sam-muon,muon,atlas_opt,3.0,1.0,0.015344774636796,0.01347525870029935,0.017311188729829226,0.015638088405421333,0.0,0.9999999999999307,1001
stale-momentum-sam-muon@global,Stale-Momentum SAM-Muon [global Frob],stale-momentum-sam-muon,muon,atlas_opt,inf,0.01,0.0014862816785587499,0.0014540120684992499,0.00153994234190425,0.0014877180955999187,0.0,0.009999999999987,1001
stale-momentum-sam-muon@global,Stale-Momentum SAM-Muon [global Frob],stale-momentum-sam-muon,muon,atlas_opt,inf,0.02,0.00150952777896765,0.0014762495471167,0.00156614955370295,0.0015114637520186249,0.0,0.019999999999975,1001
stale-momentum-sam-muon@global,Stale-Momentum SAM-Muon [global Frob],stale-momentum-sam-muon,muon,atlas_opt,inf,0.05,0.00162147885599765,0.0015772777552064748,0.0016737999040620749,0.0016149969271763375,0.0,0.049999999999946254,1001
stale-momentum-sam-muon@global,Stale-Momentum SAM-Muon [global Frob],stale-momentum-sam-muon,muon,atlas_opt,inf,0.1,0.00207437930448285,0.002018809024595325,0.0021377777227213,0.0020884929306632877,0.0,0.09999999999993495,1001
stale-momentum-sam-muon@global,Stale-Momentum SAM-Muon [global Frob],stale-momentum-sam-muon,muon,atlas_opt,inf,0.2,0.0036407171251474,0.003532824323326925,0.00392663767055745,0.0037080265252242934,0.0,0.1999999999999253,1001
stale-momentum-sam-muon@global,Stale-Momentum SAM-Muon [global Frob],stale-momentum-sam-muon,muon,atlas_opt,inf,0.5,0.0090261168241693,0.008168789082136375,0.01035517231152685,0.009317584215204615,0.0,0.4999999999999071,1001
stale-momentum-sam-muon@global,Stale-Momentum SAM-Muon [global Frob],stale-momentum-sam-muon,muon,atlas_opt,inf,1.0,0.0174192434337994,0.0145468203461286,0.02044570995420035,0.01756606102948286,0.0,0.999999999999929,1001
stale-momentum-sam-muon@per-layer,Stale-Momentum SAM-Muon [per-layer Frob],stale-momentum-sam-muon,muon,atlas_opt,1.1,0.01,0.22314167810456553,0.21264664315973827,0.23762476685264058,0.22688033859693235,0.0,0.0141421356237306,1001
stale-momentum-sam-muon@per-layer,Stale-Momentum SAM-Muon [per-layer Frob],stale-momentum-sam-muon,muon,atlas_opt,1.1,0.02,0.22350814956505977,0.2130615426285306,0.23795095380251013,0.2272351411880121,0.0,0.0282842712474612,1001
stale-momentum-sam-muon@per-layer,Stale-Momentum SAM-Muon [per-layer Frob],stale-momentum-sam-muon,muon,atlas_opt,1.1,0.05,0.22463776067395663,0.21456121331422495,0.23891802152177716,0.22830799092908344,0.0,0.0707106781186531,1001
stale-momentum-sam-muon@per-layer,Stale-Momentum SAM-Muon [per-layer Frob],stale-momentum-sam-muon,muon,atlas_opt,1.1,0.1,0.22626143005773255,0.21782585638511268,0.24056243035493052,0.2301210670967021,0.0,0.14142135623730617,1001
stale-momentum-sam-muon@per-layer,Stale-Momentum SAM-Muon [per-layer Frob],stale-momentum-sam-muon,muon,atlas_opt,1.1,0.2,0.2290256814574451,0.22295553627308504,0.24404179986031468,0.23378803134806408,0.0,0.28284271247461257,1001
stale-momentum-sam-muon@per-layer,Stale-Momentum SAM-Muon [per-layer Frob],stale-momentum-sam-muon,muon,atlas_opt,1.1,0.5,0.24047329572487902,0.23533741924664742,0.2535878103434558,0.24471281892813748,0.0,0.7071067811865321,1001
stale-momentum-sam-muon@per-layer,Stale-Momentum SAM-Muon [per-layer Frob],stale-momentum-sam-muon,muon,atlas_opt,1.1,1.0,0.25799449602036595,0.24665447905311016,0.2682078332358055,0.2589683421390529,0.0,1.414213562373068,1001
stale-momentum-sam-muon@per-layer,Stale-Momentum SAM-Muon [per-layer Frob],stale-momentum-sam-muon,muon,atlas_opt,1.3,0.01,0.05145575880231545,0.0467433489459435,0.054483697335118625,0.050961022899169525,0.0,0.01414213562372895,1001
stale-momentum-sam-muon@per-layer,Stale-Momentum SAM-Muon [per-layer Frob],stale-momentum-sam-muon,muon,atlas_opt,1.3,0.02,0.0515897997115568,0.04691523155825542,0.054662818708421976,0.05110703300779974,0.0,0.028284271247457998,1001
stale-momentum-sam-muon@per-layer,Stale-Momentum SAM-Muon [per-layer Frob],stale-momentum-sam-muon,muon,atlas_opt,1.3,0.05,0.052000194897219604,0.0474427345498416,0.05516326230782352,0.05155661054359279,0.0,0.0707106781186452,1001
stale-momentum-sam-muon@per-layer,Stale-Momentum SAM-Muon [per-layer Frob],stale-momentum-sam-muon,muon,atlas_opt,1.3,0.1,0.052732697637640547,0.048342218777300223,0.055915544106720554,0.05234704883951187,0.0,0.14142135623729085,1001
stale-momentum-sam-muon@per-layer,Stale-Momentum SAM-Muon [per-layer Frob],stale-momentum-sam-muon,muon,atlas_opt,1.3,0.2,0.05431460412185015,0.050022620458887626,0.05737725818177088,0.0540172519244036,0.0,0.28284271247458315,1001
stale-momentum-sam-muon@per-layer,Stale-Momentum SAM-Muon [per-layer Frob],stale-momentum-sam-muon,muon,atlas_opt,1.3,0.5,0.0605608397623022,0.055319513307145754,0.06238135758528485,0.059923924105680745,0.0,0.7071067811864703,1001
stale-momentum-sam-muon@per-layer,Stale-Momentum SAM-Muon [per-layer Frob],stale-momentum-sam-muon,muon,atlas_opt,1.3,1.0,0.08059636863854386,0.07649100501588857,0.08710811647106835,0.08187433567102254,0.0,1.4142135623730017,1001
stale-momentum-sam-muon@per-layer,Stale-Momentum SAM-Muon [per-layer Frob],stale-momentum-sam-muon,muon,atlas_opt,1.6,0.01,0.01163869088901755,0.011296816882565251,0.012263202588743975,0.011726767201021754,0.0,0.014142135623723701,1001
stale-momentum-sam-muon@per-layer,Stale-Momentum SAM-Muon [per-layer Frob],stale-momentum-sam-muon,muon,atlas_opt,1.6,0.02,0.011725419418477049,0.011362178513658375,0.012349628047879323,0.01180748411123621,0.0,0.0282842712474476,1001
stale-momentum-sam-muon@per-layer,Stale-Momentum SAM-Muon [per-layer Frob],stale-momentum-sam-muon,muon,atlas_opt,1.6,0.05,0.011978846529626101,0.011590302199683876,0.012621354470518075,0.012070633427079744,0.0,0.0707106781186202,1001
stale-momentum-sam-muon@per-layer,Stale-Momentum SAM-Muon [per-layer Frob],stale-momentum-sam-muon,muon,atlas_opt,1.6,0.1,0.01248698138606375,0.012106442186505025,0.01317365871602015,0.012592441669325065,0.0,0.14142135623724483,1001
stale-momentum-sam-muon@per-layer,Stale-Momentum SAM-Muon [per-layer Frob],stale-momentum-sam-muon,muon,atlas_opt,1.6,0.2,0.014065612453729701,0.0135426216815116,0.014712661748839648,0.01410752305182365,0.0,0.2828427124745066,1001
stale-momentum-sam-muon@per-layer,Stale-Momentum SAM-Muon [per-layer Frob],stale-momentum-sam-muon,muon,atlas_opt,1.6,0.5,0.024348069145057098,0.023020660315076248,0.025778800490390025,0.024588036905362452,0.0,0.707106781186389,1001
stale-momentum-sam-muon@per-layer,Stale-Momentum SAM-Muon [per-layer Frob],stale-momentum-sam-muon,muon,atlas_opt,1.6,1.0,0.04626528318414975,0.04207906719831312,0.0508766214524071,0.04699654423012122,0.0,1.4142135623730057,1001
stale-momentum-sam-muon@per-layer,Stale-Momentum SAM-Muon [per-layer Frob],stale-momentum-sam-muon,muon,atlas_opt,2.0,0.01,0.003558709978584,0.003403196181727,0.003685280969539425,0.003548971093271275,0.0,0.0141421356237136,1001
stale-momentum-sam-muon@per-layer,Stale-Momentum SAM-Muon [per-layer Frob],stale-momentum-sam-muon,muon,atlas_opt,2.0,0.02,0.0036094556797818,0.0034563887701555,0.0037403689859447998,0.003599850398198794,0.0,0.02828427124742805,1001
stale-momentum-sam-muon@per-layer,Stale-Momentum SAM-Muon [per-layer Frob],stale-momentum-sam-muon,muon,atlas_opt,2.0,0.05,0.0037989680714872,0.0036276922876234997,0.003937357914570375,0.003786883201515972,0.0,0.07071067811857734,1001
stale-momentum-sam-muon@per-layer,Stale-Momentum SAM-Muon [per-layer Frob],stale-momentum-sam-muon,muon,atlas_opt,2.0,0.1,0.004365552558029,0.004150413850575825,0.004462674964566875,0.004345244600234522,0.0,0.14142135623718516,1001
stale-momentum-sam-muon@per-layer,Stale-Momentum SAM-Muon [per-layer Frob],stale-momentum-sam-muon,muon,atlas_opt,2.0,0.2,0.00668824328777155,0.0064351060653889,0.00706961882905095,0.006770740736855159,0.0,0.2828427124744677,1001
stale-momentum-sam-muon@per-layer,Stale-Momentum SAM-Muon [per-layer Frob],stale-momentum-sam-muon,muon,atlas_opt,2.0,0.5,0.01582052382018645,0.012913552515936224,0.017470438168885348,0.01528164690571622,0.0,0.7071067811864273,1001
stale-momentum-sam-muon@per-layer,Stale-Momentum SAM-Muon [per-layer Frob],stale-momentum-sam-muon,muon,atlas_opt,2.0,1.0,0.0404398446000861,0.03580345353818565,0.0479923148709348,0.04172956631792156,0.0,1.4142135623730057,1001
stale-momentum-sam-muon@per-layer,Stale-Momentum SAM-Muon [per-layer Frob],stale-momentum-sam-muon,muon,atlas_opt,3.0,0.01,0.00128515601653175,0.0012194592870281,0.00130065233624035,0.001264461354051625,0.0,0.014142135623701,1001
stale-momentum-sam-muon@per-layer,Stale-Momentum SAM-Muon [per-layer Frob],stale-momentum-sam-muon,muon,atlas_opt,3.0,0.02,0.0013132773970877501,0.0012465210763942499,0.0013327473644592501,0.0012942865494923563,0.0,0.02828427124740485,1001
stale-momentum-sam-muon@per-layer,Stale-Momentum SAM-Muon [per-layer Frob],stale-momentum-sam-muon,muon,atlas_opt,3.0,0.05,0.0014636224711123999,0.0014083003571707252,0.00148111184938615,0.0014450064341427937,0.0,0.07071067811854255,1001
stale-momentum-sam-muon@per-layer,Stale-Momentum SAM-Muon [per-layer Frob],stale-momentum-sam-muon,muon,atlas_opt,3.0,0.1,0.00220485159038795,0.002091410466120425,0.0022915059208049003,0.002193907149597325,0.0,0.1414213562371659,1001
stale-momentum-sam-muon@per-layer,Stale-Momentum SAM-Muon [per-layer Frob],stale-momentum-sam-muon,muon,atlas_opt,3.0,0.2,0.0041309122493279,0.003743896966068175,0.004342270495540875,0.004067776106144272,0.0,0.28284271247447645,1001
stale-momentum-sam-muon@per-layer,Stale-Momentum SAM-Muon [per-layer Frob],stale-momentum-sam-muon,muon,atlas_opt,3.0,0.5,0.011986348936581251,0.0112693554443184,0.014160037529961474,0.012596145558393758,0.0,0.7071067811864237,1001
stale-momentum-sam-muon@per-layer,Stale-Momentum SAM-Muon [per-layer Frob],stale-momentum-sam-muon,muon,atlas_opt,3.0,1.0,0.03752113566949715,0.03436899258017257,0.044186555167348804,0.037867071343211656,0.0,1.4142135623730099,1001
stale-momentum-sam-muon@per-layer,Stale-Momentum SAM-Muon [per-layer Frob],stale-momentum-sam-muon,muon,atlas_opt,inf,0.01,0.0014938044579898,0.00146107859704595,0.0015478487919672501,0.0014949740184724593,0.0,0.01414213562370375,1001
stale-momentum-sam-muon@per-layer,Stale-Momentum SAM-Muon [per-layer Frob],stale-momentum-sam-muon,muon,atlas_opt,inf,0.02,0.00152623061049705,0.00149030468388135,0.00158427216250945,0.0015279992667190624,0.0,0.028284271247409898,1001
stale-momentum-sam-muon@per-layer,Stale-Momentum SAM-Muon [per-layer Frob],stale-momentum-sam-muon,muon,atlas_opt,inf,0.05,0.0016925459401356002,0.00163440193957275,0.0017237461499592,0.0016790498001571343,0.0,0.07071067811854705,1001
stale-momentum-sam-muon@per-layer,Stale-Momentum SAM-Muon [per-layer Frob],stale-momentum-sam-muon,muon,atlas_opt,inf,0.1,0.00241460912278875,0.00231452866172415,0.00253786865248465,0.002429543729993131,0.0,0.1414213562371689,1001
stale-momentum-sam-muon@per-layer,Stale-Momentum SAM-Muon [per-layer Frob],stale-momentum-sam-muon,muon,atlas_opt,inf,0.2,0.0044194873212788505,0.004225315103114875,0.00468124781943325,0.0044392707900873995,0.0,0.2828427124744759,1001
stale-momentum-sam-muon@per-layer,Stale-Momentum SAM-Muon [per-layer Frob],stale-momentum-sam-muon,muon,atlas_opt,inf,0.5,0.0128254430308073,0.011390165363973574,0.014778177191459576,0.013139819020136567,0.0,0.7071067811864269,1001
stale-momentum-sam-muon@per-layer,Stale-Momentum SAM-Muon [per-layer Frob],stale-momentum-sam-muon,muon,atlas_opt,inf,1.0,0.04183782623281145,0.037756443245461326,0.0477952976529992,0.04195664143316932,0.0,1.4142135623730108,1001
