variant,label,algorithm,outer,origin,alpha,rho,median,q25,q75,mean_finite,divergence_rate,perturbation,oracle_calls
full-spectral-sam-muon,Full Spectral SAM-Muon,full-spectral-sam-muon,muon,both,1.1,0.01,1.0106202003680567,0.9525689174376856,1.0424323806106357,0.9969536414035337,0.0,0.07211013287731265,1000
full-spectral-sam-muon,Full Spectral SAM-Muon,full-spectral-sam-muon,muon,both,1.1,0.02,1.0066545718468847,0.948985654813381,1.0385611046343104,0.9932041232574985,0.0,0.1442325666183548,1000
full-spectral-sam-muon,Full Spectral SAM-Muon,full-spectral-sam-muon,muon,both,1.1,0.05,0.9947076951278354,0.938106187278415,1.0268819249451124,0.9818777002648478,0.0,0.3606734602447401,1000
full-spectral-sam-muon,Full Spectral SAM-Muon,full-spectral-sam-muon,muon,both,1.1,0.1,0.9746369289637113,0.9195790536088106,1.007214318703659,0.9627582358199764,0.0,0.7215951723427397,1000
full-spectral-sam-muon,Full Spectral SAM-Muon,full-spectral-sam-muon,muon,both,1.1,0.2,0.934022640321025,0.8813569156821904,0.9673019669194483,0.9238034880889886,0.0,1.4428644229540595,1000
full-spectral-sam-muon,Full Spectral SAM-Muon,full-spectral-sam-muon,muon,both,1.1,0.5,0.8130695428575574,0.7643709480746763,0.8480497544199768,0.8066998048744743,0.0,3.6038215749793996,1000
full-spectral-sam-muon,Full Spectral SAM-Muon,full-spectral-sam-muon,muon,both,1.1,1.0,0.6477142708995764,0.6128530769241514,0.6846483297054213,0.6473786302748746,0.0,7.199288842403948,1000
full-spectral-sam-muon,Full Spectral SAM-Muon,full-spectral-sam-muon,muon,both,1.3,0.01,0.5008520144405906,0.4954047846338605,0.5081688349348387,0.5036175578864097,0.0,0.0722372227374164,1000
full-spectral-sam-muon,Full Spectral SAM-Muon,full-spectral-sam-muon,muon,both,1.3,0.02,0.49905677407470445,0.49366751318949487,0.5064321380593163,0.5018165542528409,0.0,0.1444704449145074,1000
full-spectral-sam-muon,Full Spectral SAM-Muon,full-spectral-sam-muon,muon,both,1.3,0.05,0.4934290499666757,0.4882219647173818,0.5009768280737149,0.4961738390792112,0.0,0.36114316304191435,1000
full-spectral-sam-muon,Full Spectral SAM-Muon,full-spectral-sam-muon,muon,both,1.3,0.1,0.48331892048624675,0.47842899912708514,0.49113920257665555,0.4860406188053333,0.0,0.7221605146641961,1000
full-spectral-sam-muon,Full Spectral SAM-Muon,full-spectral-sam-muon,muon,both,1.3,0.2,0.4610009612720045,0.4567327855642502,0.46926417902293993,0.46364464108647585,0.0,1.4437630595005806,1000
full-spectral-sam-muon,Full Spectral SAM-Muon,full-spectral-sam-muon,muon,both,1.3,0.5,0.39002510277256097,0.387068782878787,0.39802165764313313,0.39175574689734305,0.0,3.6067985900125974,1000
full-spectral-sam-muon,Full Spectral SAM-Muon,full-spectral-sam-muon,muon,both,1.3,1.0,0.30988395117057477,0.30590479078925104,0.31128171400169624,0.3086025857289979,0.0,7.220380143631049,1000
full-spectral-sam-muon,Full Spectral SAM-Muon,full-spectral-sam-muon,muon,both,1.6,0.01,0.23067184313738104,0.2285951908100855,0.23340233384062437,0.23066668114262906,0.0,0.0712354785491229,1000
full-spectral-sam-muon,Full Spectral SAM-Muon,full-spectral-sam-muon,muon,both,1.6,0.02,0.22986275428489417,0.22782257295436714,0.23262042911933314,0.22987272374707746,0.0,0.1424735222800952,1000
full-spectral-sam-muon,Full Spectral SAM-Muon,full-spectral-sam-muon,muon,both,1.6,0.05,0.2271920483793653,0.2252448659413116,0.23002297683741357,0.22723240517600657,0.0,0.3561969249081005,1000
full-spectral-sam-muon,Full Spectral SAM-Muon,full-spectral-sam-muon,muon,both,1.6,0.1,0.22203313353859938,0.22019384432222106,0.22495594676892022,0.2220785945333799,0.0,0.7124020711847263,1000
full-spectral-sam-muon,Full Spectral SAM-Muon,full-spectral-sam-muon,muon,both,1.6,0.2,0.2098715742613103,0.20818408147175926,0.2129056136976169,0.2098332520143104,0.0,1.4247040605431263,1000
full-spectral-sam-muon,Full Spectral SAM-Muon,full-spectral-sam-muon,muon,both,1.6,0.5,0.17333026502987792,0.1686309158974817,0.17504892737649713,0.17160787355247653,0.0,3.5666294278643127,1000
full-spectral-sam-muon,Full Spectral SAM-Muon,full-spectral-sam-muon,muon,both,1.6,1.0,0.14064019520132584,0.13555523434858924,0.1437746167307771,0.13900004314960723,0.0,7.141260590637518,1000
full-spectral-sam-muon,Full Spectral SAM-Muon,full-spectral-sam-muon,muon,both,2.0,0.01,0.11414822023539725,0.1103789174272973,0.114623255989185,0.11333898042834846,0.0,0.0704958835894246,1000
full-spectral-sam-muon,Full Spectral SAM-Muon,full-spectral-sam-muon,muon,both,2.0,0.02,0.1137977683263805,0.11003757433285973,0.11425288893610933,0.11298974617485688,0.0,0.1409990400025128,1000
full-spectral-sam-muon,Full Spectral SAM-Muon,full-spectral-sam-muon,muon,both,2.0,0.05,0.1125196373634824,0.10883904633871933,0.11300547676943003,0.11175817561608241,0.0,0.3525596148234819,1000
full-spectral-sam-muon,Full Spectral SAM-Muon,full-spectral-sam-muon,muon,both,2.0,0.1,0.10981015356835615,0.1063477443651627,0.11043235888575442,0.10917964678763648,0.0,0.7053547079290621,1000
full-spectral-sam-muon,Full Spectral SAM-Muon,full-spectral-sam-muon,muon,both,2.0,0.2,0.1030381723310769,0.10021558932665166,0.10390747433584208,0.10277777550007677,0.0,1.411690378329435,1000
full-spectral-sam-muon,Full Spectral SAM-Muon,full-spectral-sam-muon,muon,both,2.0,0.5,0.08278943488406826,0.08202622995930495,0.08460259610771298,0.08357409412346964,0.0,3.5286592797723153,1000
full-spectral-sam-muon,Full Spectral SAM-Muon,full-spectral-sam-muon,muon,both,2.0,1.0,0.07328123173859905,0.07262694664893089,0.07514958801287767,0.07399031088723473,0.0,7.053277170568541,1000
full-spectral-sam-muon,Full Spectral SAM-Muon,full-spectral-sam-muon,muon,both,3.0,0.01,0.055032984858494255,0.05453409233823822,0.055621892513262675,0.05505301471488301,0.0,0.0690674082350494,1000
full-spectral-sam-muon,Full Spectral SAM-Muon,full-spectral-sam-muon,muon,both,3.0,0.02,0.054890316569446304,0.054394994135608825,0.055468845636214154,0.0549088266275118,0.0,0.1381274241552232,1000
full-spectral-sam-muon,Full Spectral SAM-Muon,full-spectral-sam-muon,muon,both,3.0,0.05,0.0543519485403922,0.05387789003757455,0.05489340178122805,0.05436953780105905,0.0,0.34527991987043594,1000
full-spectral-sam-muon,Full Spectral SAM-Muon,full-spectral-sam-muon,muon,both,3.0,0.1,0.05314057592000885,0.0527414717075829,0.053618996487328624,0.053170365263526365,0.0,0.6905364150237537,1000
full-spectral-sam-muon,Full Spectral SAM-Muon,full-spectral-sam-muon,muon,both,3.0,0.2,0.0500372763705145,0.04967507837748205,0.05046730493802645,0.050081929918071255,0.0,1.3815500855055902,1000
full-spectral-sam-muon,Full Spectral SAM-Muon,full-spectral-sam-muon,muon,both,3.0,0.5,0.0411983671811247,0.0407486522656423,0.04185683516886385,0.041230329496816175,0.0,3.4574225753729912,1000
full-spectral-sam-muon,Full Spectral SAM-Muon,full-spectral-sam-muon,muon,both,3.0,1.0,0.18671238905167947,0.14041652427252052,0.19748223901394352,0.17057838409953324,0.0,6.9095083694310135,1000
full-spectral-sam-muon,Full Spectral SAM-Muon,full-spectral-sam-muon,muon,both,inf,0.01,0.06070284043837295,0.060150377772926075,0.06144639512485475,0.06078199844958762,0.0,0.06843055261983139,1000
full-spectral-sam-muon,Full Spectral SAM-Muon,full-spectral-sam-muon,muon,both,inf,0.02,0.06056400250274015,0.060010433925329704,0.06129607406511725,0.0606336335561007,0.0,0.1368693350338489,1000
full-spectral-sam-muon,Full Spectral SAM-Muon,full-spectral-sam-muon,muon,both,inf,0.05,0.060040906632871,0.0594816415921862,0.06073620267533045,0.0600775444375978,0.0,0.3422436061904629,1000
full-spectral-sam-muon,Full Spectral SAM-Muon,full-spectral-sam-muon,muon,both,inf,0.1,0.058866317320582146,0.05829553700556772,0.05941572328202145,0.05883500639885207,0.0,0.6847452404861698,1000
full-spectral-sam-muon,Full Spectral SAM-Muon,full-spectral-sam-muon,muon,both,inf,0.2,0.055645959857393845,0.0552721507058348,0.05610523949964868,0.05560294372909634,0.0,1.3713945167775146,1000
full-spectral-sam-muon,Full Spectral SAM-Muon,full-spectral-sam-muon,muon,both,inf,0.5,0.04606363314212965,0.04533815897409438,0.0467783598889766,0.04608315344631882,0.0,3.441723109370032,1000
full-spectral-sam-muon,Full Spectral SAM-Muon,full-spectral-sam-muon,muon,both,inf,1.0,0.06639241400932096,0.05464652799778503,0.08685124020030828,0.0755681168680174,0.0,6.865703367727155,1000
global-friendly-sam-muon@global,Global Friendly SAM-Muon [global Frob],global-friendly-sam-muon,muon,both,1.1,0.01,1.0144800901194948,0.956045214557186,1.0462080646959122,1.0006016959410426,0.0,0.00999999999999945,1000
global-friendly-sam-muon@global,Global Friendly SAM-Muon [global Frob],global-friendly-sam-muon,muon,both,1.1,0.02,1.0143812848345246,0.9559593477558563,1.0461220979776706,1.0005120511838705,0.0,0.019999999999998998,1000
global-friendly-sam-muon@global,Global Friendly SAM-Muon [global Frob],global-friendly-sam-muon,muon,both,1.1,0.05,1.0140761514362935,0.9556928989133227,1.045855054497878,1.0002341487871402,0.0,0.0499999999999976,1000
global-friendly-sam-muon@global,Global Friendly SAM-Muon [global Frob],global-friendly-sam-muon,muon,both,1.1,0.1,1.013538600721648,0.9552193719505664,1.045379560903776,0.9997411434980485,0.0,0.09999999999999526,1000
global-friendly-sam-muon@global,Global Friendly SAM-Muon [global Frob],global-friendly-sam-muon,muon,both,1.1,0.2,1.0123552817965331,0.9541623168200044,1.044314973345065,0.9986437526036085,0.0,0.19999999999999046,1000
global-friendly-sam-muon@global,Global Friendly SAM-Muon [global Frob],global-friendly-sam-muon,muon,both,1.1,0.5,1.0079516930804515,0.950122091962281,1.0402247201214048,0.9944733444321727,0.0,0.49999999999997624,1000
global-friendly-sam-muon@global,Global Friendly SAM-Muon [global Frob],global-friendly-sam-muon,muon,both,1.1,1.0,0.9978694497569752,0.9405983194070142,1.0305379087009234,0.9847177154973787,0.0,0.9999999999999525,1000
global-friendly-sam-muon@global,Global Friendly SAM-Muon [global Frob],global-friendly-sam-muon,muon,both,1.3,0.01,0.5025376572363074,0.49704181438639083,0.5098010003666555,0.505311548954888,0.0,0.00999999999999835,1000
global-friendly-sam-muon@global,Global Friendly SAM-Muon [global Frob],global-friendly-sam-muon,muon,both,1.3,0.02,0.5024689813157663,0.49698066149605735,0.5097377128942358,0.5052448923312665,0.0,0.0199999999999968,1000
global-friendly-sam-muon@global,Global Friendly SAM-Muon [global Frob],global-friendly-sam-muon,muon,both,1.3,0.05,0.5022551406781748,0.4967896728237913,0.5095391204577235,0.5050369983222587,0.0,0.049999999999992,1000
global-friendly-sam-muon@global,Global Friendly SAM-Muon [global Frob],global-friendly-sam-muon,muon,both,1.3,0.1,0.5018728029664716,0.49644631536423856,0.5091791142560123,0.5046641931308062,0.0,0.09999999999998399,1000
global-friendly-sam-muon@global,Global Friendly SAM-Muon [global Frob],global-friendly-sam-muon,muon,both,1.3,0.2,0.501011794790014,0.4956662140248574,0.5083510220553926,0.5038207669266281,0.0,0.1999999999999681,1000
global-friendly-sam-muon@global,Global Friendly SAM-Muon [global Frob],global-friendly-sam-muon,muon,both,1.3,0.5,0.49768319056449856,0.49259408177214387,0.5050235858877861,0.5005312099915926,0.0,0.4999999999999203,1000
global-friendly-sam-muon@global,Global Friendly SAM-Muon [global Frob],global-friendly-sam-muon,muon,both,1.3,1.0,0.48962853898706504,0.4851927879567818,0.4972865689097261,0.49273535227672494,0.0,0.9999999999998406,1000
global-friendly-sam-muon@global,Global Friendly SAM-Muon [global Frob],global-friendly-sam-muon,muon,both,1.6,0.01,0.23139400920264275,0.2292758053226344,0.23409572170573903,0.23137108873677614,0.0,0.009999999999995401,1000
global-friendly-sam-muon@global,Global Friendly SAM-Muon [global Frob],global-friendly-sam-muon,muon,both,1.6,0.02,0.23134933951374537,0.2292287415313417,0.23405069672944687,0.23132625168380094,0.0,0.0199999999999909,1000
global-friendly-sam-muon@global,Global Friendly SAM-Muon [global Frob],global-friendly-sam-muon,muon,both,1.6,0.05,0.2312093787014246,0.22908115947552288,0.23390983267447665,0.23118554091485566,0.0,0.0499999999999773,1000
global-friendly-sam-muon@global,Global Friendly SAM-Muon [global Frob],global-friendly-sam-muon,muon,both,1.6,0.1,0.23095638353150905,0.22881400366261623,0.23365588222900865,0.23093046866299957,0.0,0.09999999999995465,1000
global-friendly-sam-muon@global,Global Friendly SAM-Muon [global Frob],global-friendly-sam-muon,muon,both,1.6,0.2,0.2303773353413871,0.22820125351866538,0.2330770685571809,0.23034419671918194,0.0,0.19999999999990936,1000
global-friendly-sam-muon@global,Global Friendly SAM-Muon [global Frob],global-friendly-sam-muon,muon,both,1.6,0.5,0.22807764870192526,0.22576179125676482,0.23079807031923466,0.22800114391133544,0.0,0.4999999999997734,1000
global-friendly-sam-muon@global,Global Friendly SAM-Muon [global Frob],global-friendly-sam-muon,muon,both,1.6,1.0,0.2225637982116696,0.21993673776696127,0.22531627234259782,0.2223825992548994,0.0,0.9999999999995466,1000
global-friendly-sam-muon@global,Global Friendly SAM-Muon [global Frob],global-friendly-sam-muon,muon,both,2.0,0.01,0.1144373308601923,0.11066067318663017,0.11493177728768228,0.11362812581376475,0.0,0.00999999999999215,1000
global-friendly-sam-muon@global,Global Friendly SAM-Muon [global Frob],global-friendly-sam-muon,muon,both,2.0,0.02,0.11440878022570125,0.11063167122314417,0.11490392362012983,0.11360002448167421,0.0,0.0199999999999844,1000
global-friendly-sam-muon@global,Global Friendly SAM-Muon [global Frob],global-friendly-sam-muon,muon,both,2.0,0.05,0.1143191317297867,0.11054088766716022,0.11481602825287188,0.11351170460652532,0.0,0.04999999999996105,1000
global-friendly-sam-muon@global,Global Friendly SAM-Muon [global Frob],global-friendly-sam-muon,muon,both,2.0,0.1,0.1141564951496815,0.11037715404050437,0.11465519566929605,0.11335123098695213,0.0,0.09999999999992215,1000
global-friendly-sam-muon@global,Global Friendly SAM-Muon [global Frob],global-friendly-sam-muon,muon,both,2.0,0.2,0.1137825040744458,0.11000438022165945,0.1142806620337735,0.11298144653526845,0.0,0.19999999999984436,1000
global-friendly-sam-muon@global,Global Friendly SAM-Muon [global Frob],global-friendly-sam-muon,muon,both,2.0,0.5,0.11229345865668085,0.10854911638740405,0.1127574407550386,0.11150411901568277,0.0,0.49999999999961087,1000
global-friendly-sam-muon@global,Global Friendly SAM-Muon [global Frob],global-friendly-sam-muon,muon,both,2.0,1.0,0.10863229267670145,0.10519315731186843,0.10917870082738447,0.10801748476381957,0.0,0.9999999999992216,1000
global-friendly-sam-muon@global,Global Friendly SAM-Muon [global Frob],global-friendly-sam-muon,muon,both,3.0,0.01,0.0551405256522418,0.05464052628856327,0.0557382173098558,0.055163078992010284,0.0,0.009999999999987349,1000
global-friendly-sam-muon@global,Global Friendly SAM-Muon [global Frob],global-friendly-sam-muon,muon,both,3.0,0.02,0.0551247923782775,0.05462550145811803,0.055723006140129844,0.055147662658885294,0.0,0.01999999999997475,1000
global-friendly-sam-muon@global,Global Friendly SAM-Muon [global Frob],global-friendly-sam-muon,muon,both,3.0,0.05,0.055075168390746346,0.05457819985509993,0.05567506007919638,0.05509911596598777,0.0,0.049999999999937,1000
global-friendly-sam-muon@global,Global Friendly SAM-Muon [global Frob],global-friendly-sam-muon,muon,both,3.0,0.1,0.054984436236912154,0.05449202256391322,0.055587486398401095,0.055010608373214226,0.0,0.09999999999987395,1000
global-friendly-sam-muon@global,Global Friendly SAM-Muon [global Frob],global-friendly-sam-muon,muon,both,3.0,0.2,0.05477355459681495,0.054292852820775374,0.05538386465281338,0.054805672304118765,0.0,0.199999999999748,1000
global-friendly-sam-muon@global,Global Friendly SAM-Muon [global Frob],global-friendly-sam-muon,muon,both,3.0,0.5,0.0539276995579626,0.05349846006530608,0.05454262001394965,0.05398262726621634,0.0,0.49999999999937,1000
global-friendly-sam-muon@global,Global Friendly SAM-Muon [global Frob],global-friendly-sam-muon,muon,both,3.0,1.0,0.051954232796717556,0.0516464892114743,0.05251221319339605,0.05204733907608513,0.0,0.9999999999987402,1000
global-friendly-sam-muon@global,Global Friendly SAM-Muon [global Frob],global-friendly-sam-muon,muon,both,inf,0.01,0.060806965355016854,0.060255113468146076,0.061559912776775826,0.06089390560732399,0.0,0.0099999999999885,1000
global-friendly-sam-muon@global,Global Friendly SAM-Muon [global Frob],global-friendly-sam-muon,muon,both,inf,0.02,0.060791323576196196,0.06023873452521525,0.06154223659989007,0.060876964575492895,0.0,0.0199999999999771,1000
global-friendly-sam-muon@global,Global Friendly SAM-Muon [global Frob],global-friendly-sam-muon,muon,both,inf,0.05,0.060742058784526556,0.06018720883902767,0.0614867834478013,0.060823718860911175,0.0,0.0499999999999428,1000
global-friendly-sam-muon@global,Global Friendly SAM-Muon [global Frob],global-friendly-sam-muon,muon,both,inf,0.1,0.060652263578002547,0.06009344080193505,0.06138635027873762,0.060726981885406525,0.0,0.0999999999998856,1000
global-friendly-sam-muon@global,Global Friendly SAM-Muon [global Frob],global-friendly-sam-muon,muon,both,inf,0.2,0.060444629617275994,0.0598769523369568,0.06115604088508355,0.06050419693414226,0.0,0.19999999999977136,1000
global-friendly-sam-muon@global,Global Friendly SAM-Muon [global Frob],global-friendly-sam-muon,muon,both,inf,0.5,0.0596129812619999,0.0590117832776318,0.060245161965624225,0.05961695379888124,0.0,0.49999999999942824,1000
global-friendly-sam-muon@global,Global Friendly SAM-Muon [global Frob],global-friendly-sam-muon,muon,both,inf,1.0,0.0576433165052934,0.05699111260592162,0.0580211478717462,0.057538282554300046,0.0,0.9999999999988568,1000
global-friendly-sam-muon@per-layer,Global Friendly SAM-Muon [per-layer Frob],global-friendly-sam-muon,muon,both,1.1,0.01,1.014408322883488,0.9559797613895245,1.0461319148323294,1.0005288713192133,0.0,0.0141421356237296,1000
global-friendly-sam-muon@per-layer,Global Friendly SAM-Muon [per-layer Frob],global-friendly-sam-muon,muon,both,1.1,0.02,1.0142366431019059,0.9558271852129605,1.0459686361585039,1.0003652428427674,0.0,0.028284271247459247,1000
global-friendly-sam-muon@per-layer,Global Friendly SAM-Muon [per-layer Frob],global-friendly-sam-muon,muon,both,1.1,0.05,1.0137062615198038,0.9553530933792074,1.045462704489354,0.9998584562726478,0.0,0.0707106781186482,1000
global-friendly-sam-muon@per-layer,Global Friendly SAM-Muon [per-layer Frob],global-friendly-sam-muon,muon,both,1.1,0.1,1.012771333429148,0.9545085876602984,1.0445660177758422,0.9989610034617296,0.0,0.1414213562372963,1000
global-friendly-sam-muon@per-layer,Global Friendly SAM-Muon [per-layer Frob],global-friendly-sam-muon,muon,both,1.1,0.2,1.0107118600436917,0.9526173573917454,1.042573680323077,0.9969696814450513,0.0,0.2828427124745927,1000
global-friendly-sam-muon@per-layer,Global Friendly SAM-Muon [per-layer Frob],global-friendly-sam-muon,muon,both,1.1,0.5,1.003051476132099,0.9453662545826582,1.035043240940185,0.9894641459210332,0.0,0.707106781186482,1000
global-friendly-sam-muon@per-layer,Global Friendly SAM-Muon [per-layer Frob],global-friendly-sam-muon,muon,both,1.1,1.0,0.9856395615870064,0.9283947705082765,1.017664624912316,0.9722072368650575,0.0,1.414213562372964,1000
global-friendly-sam-muon@per-layer,Global Friendly SAM-Muon [per-layer Frob],global-friendly-sam-muon,muon,both,1.3,0.01,0.5024882565917667,0.4970020673792158,0.5097589029641645,0.5052672912840384,0.0,0.01414213562372705,1000
global-friendly-sam-muon@per-layer,Global Friendly SAM-Muon [per-layer Frob],global-friendly-sam-muon,muon,both,1.3,0.02,0.5023690093984778,0.49690004318473174,0.5096523374947326,0.5051552278569258,0.0,0.02828427124745415,1000
global-friendly-sam-muon@per-layer,Global Friendly SAM-Muon [per-layer Frob],global-friendly-sam-muon,muon,both,1.3,0.05,0.5019964636088212,0.49657970897607373,0.509316848717963,0.5048042416625117,0.0,0.07071067811863549,1000
global-friendly-sam-muon@per-layer,Global Friendly SAM-Muon [per-layer Frob],global-friendly-sam-muon,muon,both,1.3,0.1,0.5013265236526915,0.4959984372076389,0.5087052843846398,0.5041701970109639,0.0,0.14142135623727098,1000
global-friendly-sam-muon@per-layer,Global Friendly SAM-Muon [per-layer Frob],global-friendly-sam-muon,muon,both,1.3,0.2,0.499805515886098,0.4946597083404893,0.5072876398667626,0.5027203337874449,0.0,0.28284271247454207,1000
global-friendly-sam-muon@per-layer,Global Friendly SAM-Muon [per-layer Frob],global-friendly-sam-muon,muon,both,1.3,0.5,0.49386511440360054,0.4892793081920442,0.5015371275691037,0.4969770099187002,0.0,0.7071067811863551,1000
global-friendly-sam-muon@per-layer,Global Friendly SAM-Muon [per-layer Frob],global-friendly-sam-muon,muon,both,1.3,1.0,0.4800198545224629,0.47624308473899546,0.4875665344989195,0.48332991820089827,0.0,1.41421356237271,1000
global-friendly-sam-muon@per-layer,Global Friendly SAM-Muon [per-layer Frob],global-friendly-sam-muon,muon,both,1.6,0.01,0.23136835826888255,0.22925229564752087,0.23407091345258776,0.2313463799522582,0.0,0.01414213562372125,1000
global-friendly-sam-muon@per-layer,Global Friendly SAM-Muon [per-layer Frob],global-friendly-sam-muon,muon,both,1.6,0.02,0.23129701204234085,0.22918066780470903,0.2340000066265731,0.231275742073628,0.0,0.0282842712474425,1000
global-friendly-sam-muon@per-layer,Global Friendly SAM-Muon [per-layer Frob],global-friendly-sam-muon,muon,both,1.6,0.05,0.23107090681548148,0.22895309256590687,0.233775090004326,0.2310511107564593,0.0,0.07071067811860635,1000
global-friendly-sam-muon@per-layer,Global Friendly SAM-Muon [per-layer Frob],global-friendly-sam-muon,muon,both,1.6,0.1,0.23065420976818535,0.22853179466077522,0.23335992707502157,0.23063467668019194,0.0,0.1414213562372127,1000
global-friendly-sam-muon@per-layer,Global Friendly SAM-Muon [per-layer Frob],global-friendly-sam-muon,muon,both,1.6,0.2,0.22967448264799925,0.2275344971083181,0.23238155282402378,0.22964720316086157,0.0,0.2828427124744255,1000
global-friendly-sam-muon@per-layer,Global Friendly SAM-Muon [per-layer Frob],global-friendly-sam-muon,muon,both,1.6,0.5,0.22564358973331244,0.22338665251353143,0.2283443609607615,0.22553271736419428,0.0,0.7071067811860637,1000
global-friendly-sam-muon@per-layer,Global Friendly SAM-Muon [per-layer Frob],global-friendly-sam-muon,muon,both,1.6,1.0,0.21598814153333007,0.21341594051651172,0.21866357468895384,0.21563668678082112,0.0,1.414213562372127,1000
global-friendly-sam-muon@per-layer,Global Friendly SAM-Muon [per-layer Frob],global-friendly-sam-muon,muon,both,2.0,0.01,0.1144227019517942,0.11064569082009659,0.11491708710113638,0.11361358635977634,0.0,0.0141421356237142,1000
global-friendly-sam-muon@per-layer,Global Friendly SAM-Muon [per-layer Frob],global-friendly-sam-muon,muon,both,2.0,0.02,0.11437871561671895,0.11060097173619032,0.11487368939381398,0.11357016488840581,0.0,0.028284271247428452,1000
global-friendly-sam-muon@per-layer,Global Friendly SAM-Muon [per-layer Frob],global-friendly-sam-muon,muon,both,2.0,0.05,0.1142379619492372,0.11045868451628373,0.11473407483406547,0.1134312394340613,0.0,0.07071067811857129,1000
global-friendly-sam-muon@per-layer,Global Friendly SAM-Muon [per-layer Frob],global-friendly-sam-muon,muon,both,2.0,0.1,0.11397444547477026,0.11019497174564977,0.11447033156389819,0.11317120263978228,0.0,0.14142135623714253,1000
global-friendly-sam-muon@per-layer,Global Friendly SAM-Muon [per-layer Frob],global-friendly-sam-muon,muon,both,2.0,0.2,0.11334238366083965,0.10957212591026796,0.11382954818591712,0.11254754223387355,0.0,0.28284271247428516,1000
global-friendly-sam-muon@per-layer,Global Friendly SAM-Muon [per-layer Frob],global-friendly-sam-muon,muon,both,2.0,0.5,0.11062694291395735,0.10702752928398568,0.11119406221922104,0.1099328779486603,0.0,0.7071067811857128,1000
global-friendly-sam-muon@per-layer,Global Friendly SAM-Muon [per-layer Frob],global-friendly-sam-muon,muon,both,2.0,1.0,0.10414387038799056,0.10120983124817685,0.10493536766054923,0.10383513958891107,0.0,1.4142135623714256,1000
global-friendly-sam-muon@per-layer,Global Friendly SAM-Muon [per-layer Frob],global-friendly-sam-muon,muon,both,3.0,0.01,0.05513296565901815,0.05463375753067315,0.05573116064375315,0.055155834137262674,0.0,0.0141421356237044,1000
global-friendly-sam-muon@per-layer,Global Friendly SAM-Muon [per-layer Frob],global-friendly-sam-muon,muon,both,3.0,0.02,0.0551091909587651,0.05461153080587865,0.055708425918227375,0.055132711591789396,0.0,0.0282842712474088,1000
global-friendly-sam-muon@per-layer,Global Friendly SAM-Muon [per-layer Frob],global-friendly-sam-muon,muon,both,3.0,0.05,0.05503259307822795,0.0545400570946575,0.0556351278652047,0.055058308452476085,0.0,0.070710678118522,1000
global-friendly-sam-muon@per-layer,Global Friendly SAM-Muon [per-layer Frob],global-friendly-sam-muon,muon,both,3.0,0.1,0.054887673790374,0.054405255518631554,0.0554961424323587,0.05491778348598118,0.0,0.14142135623704405,1000
global-friendly-sam-muon@per-layer,Global Friendly SAM-Muon [per-layer Frob],global-friendly-sam-muon,muon,both,3.0,0.2,0.0545362782691642,0.05407946769833308,0.05515337978068982,0.05457710962114615,0.0,0.2828427124740881,1000
global-friendly-sam-muon@per-layer,Global Friendly SAM-Muon [per-layer Frob],global-friendly-sam-muon,muon,both,3.0,0.5,0.05306537761779235,0.052712317647834225,0.05366164685294575,0.053137107843649875,0.0,0.7071067811852203,1000
global-friendly-sam-muon@per-layer,Global Friendly SAM-Muon [per-layer Frob],global-friendly-sam-muon,muon,both,3.0,1.0,0.0498180102064255,0.049360006555348473,0.05023791788136682,0.04982422012141635,0.0,1.4142135623704402,1000
global-friendly-sam-muon@per-layer,Global Friendly SAM-Muon [per-layer Frob],global-friendly-sam-muon,muon,both,inf,0.01,0.060799678593376705,0.06024748799325633,0.06155206559994275,0.06088599853272731,0.0,0.014142135623706899,1000
global-friendly-sam-muon@per-layer,Global Friendly SAM-Muon [per-layer Frob],global-friendly-sam-muon,muon,both,inf,0.02,0.06077628536289935,0.06022303353633303,0.0615260634547104,0.06086066549218608,0.0,0.0282842712474139,1000
global-friendly-sam-muon@per-layer,Global Friendly SAM-Muon [per-layer Frob],global-friendly-sam-muon,muon,both,inf,0.05,0.06070103059171365,0.0601446059546604,0.06144278051831653,0.060779365988976194,0.0,0.07071067811853485,1000
global-friendly-sam-muon@per-layer,Global Friendly SAM-Muon [per-layer Frob],global-friendly-sam-muon,muon,both,inf,0.1,0.0605591012720236,0.05999727379951305,0.061286610912251176,0.06062649336718835,0.0,0.14142135623706986,1000
global-friendly-sam-muon@per-layer,Global Friendly SAM-Muon [per-layer Frob],global-friendly-sam-muon,muon,both,inf,0.2,0.06021631054996175,0.05964281336063192,0.06091128486442528,0.06025815496847835,0.0,0.2828427124741397,1000
global-friendly-sam-muon@per-layer,Global Friendly SAM-Muon [per-layer Frob],global-friendly-sam-muon,muon,both,inf,0.5,0.0587685999439744,0.0581636955451982,0.05929988542680223,0.05871211935186767,0.0,0.7071067811853493,1000
global-friendly-sam-muon@per-layer,Global Friendly SAM-Muon [per-layer Frob],global-friendly-sam-muon,muon,both,inf,1.0,0.055253762226218,0.05481502032877155,0.05569159904407985,0.05517113841225732,0.0,1.4142135623706986,1000
lazy-spectral-sam-muon,Lazy Spectral SAM-Muon (Atlas),lazy-spectral-sam-muon,muon,both,1.1,0.01,1.0153960068940109,0.9566984345554274,1.047069589785526,1.0014049359165302,0.0,0.07176767723492156,501
lazy-spectral-sam-muon,Lazy Spectral SAM-Muon (Atlas),lazy-spectral-sam-muon,muon,both,1.1,0.02,1.0161636223208859,0.9572109520228587,1.047786776295418,1.0020636446708302,0.0,0.14349205259960895,501
lazy-spectral-sam-muon,Lazy Spectral SAM-Muon (Atlas),lazy-spectral-sam-muon,muon,both,1.1,0.05,1.0181533693977598,0.958408624219351,1.0495770626807035,1.003697335820862,0.0,0.3584317022806104,501
lazy-spectral-sam-muon,Lazy Spectral SAM-Muon (Atlas),lazy-spectral-sam-muon,muon,both,1.1,0.1,1.0203784737348582,0.9592728901170836,1.0513440948228188,1.005258551814042,0.0,0.7170258211574101,501
lazy-spectral-sam-muon,Lazy Spectral SAM-Muon (Atlas),lazy-spectral-sam-muon,muon,both,1.1,0.2,1.020483822072847,0.956942158987961,1.0501550267363793,1.0039752957953931,0.0,1.4392451245782936,501
lazy-spectral-sam-muon,Lazy Spectral SAM-Muon (Atlas),lazy-spectral-sam-muon,muon,both,1.1,0.5,0.9912812589495037,0.9222824279224269,1.0107500968519476,0.9696752330779792,0.0,3.6081807933781587,501
lazy-spectral-sam-muon,Lazy Spectral SAM-Muon (Atlas),lazy-spectral-sam-muon,muon,both,1.1,1.0,0.9007889367000292,0.8641955631275993,0.9361724607601922,0.8997807255068411,0.0,7.235421664348568,501
lazy-spectral-sam-muon,Lazy Spectral SAM-Muon (Atlas),lazy-spectral-sam-muon,muon,both,1.3,0.01,0.5026986942035252,0.4970397058579715,0.5099295800890211,0.5053631897922705,0.0,0.07274346944086796,501
lazy-spectral-sam-muon,Lazy Spectral SAM-Muon (Atlas),lazy-spectral-sam-muon,muon,both,1.3,0.02,0.502736413684133,0.4969243042781607,0.5099375413958886,0.5052903845261634,0.0,0.14545013254567551,501
lazy-spectral-sam-muon,Lazy Spectral SAM-Muon (Atlas),lazy-spectral-sam-muon,muon,both,1.3,0.05,0.5025167158119777,0.49626458848427407,0.509609090726432,0.5047226416030124,0.0,0.36305279105749677,501
lazy-spectral-sam-muon,Lazy Spectral SAM-Muon (Atlas),lazy-spectral-sam-muon,muon,both,1.3,0.1,0.5010700393734497,0.4941243453150908,0.5079133556598824,0.5026628052842806,0.0,0.7243680436961686,501
lazy-spectral-sam-muon,Lazy Spectral SAM-Muon (Atlas),lazy-spectral-sam-muon,muon,both,1.3,0.2,0.4944289780208173,0.48607595279549615,0.5009251812705666,0.49485046256285675,0.0,1.447444635374453,501
lazy-spectral-sam-muon,Lazy Spectral SAM-Muon (Atlas),lazy-spectral-sam-muon,muon,both,1.3,0.5,0.4648993454083432,0.4521417103141568,0.47489030740355886,0.4637985331013049,0.0,3.613277608644437,501
lazy-spectral-sam-muon,Lazy Spectral SAM-Muon (Atlas),lazy-spectral-sam-muon,muon,both,1.3,1.0,0.5025320655153961,0.48892113905926526,0.5136827831146151,0.5010378406466383,0.0,7.255787073358796,501
lazy-spectral-sam-muon,Lazy Spectral SAM-Muon (Atlas),lazy-spectral-sam-muon,muon,both,1.6,0.01,0.23131149501957704,0.22916854899171202,0.23402260372908312,0.2312700511103724,0.0,0.07111315182836314,501
lazy-spectral-sam-muon,Lazy Spectral SAM-Muon (Atlas),lazy-spectral-sam-muon,muon,both,1.6,0.02,0.23113680689110944,0.22897178926800668,0.23385602398662259,0.2310751898493386,0.0,0.1421369917767837,501
lazy-spectral-sam-muon,Lazy Spectral SAM-Muon (Atlas),lazy-spectral-sam-muon,muon,both,1.6,0.05,0.2303260133346213,0.22814174441887403,0.23309164613510774,0.2302131956796476,0.0,0.3542063167666084,501
lazy-spectral-sam-muon,Lazy Spectral SAM-Muon (Atlas),lazy-spectral-sam-muon,muon,both,1.6,0.1,0.22814890283466754,0.22599399615460958,0.23113649356738178,0.22801104301963826,0.0,0.7124521914403397,501
lazy-spectral-sam-muon,Lazy Spectral SAM-Muon (Atlas),lazy-spectral-sam-muon,muon,both,1.6,0.2,0.22219631440079074,0.2201287772925205,0.2252443108941296,0.22206050935720922,0.0,1.4259168921892131,501
lazy-spectral-sam-muon,Lazy Spectral SAM-Muon (Atlas),lazy-spectral-sam-muon,muon,both,1.6,0.5,0.2221302478176472,0.2195407857719772,0.22865160242872876,0.22344926995188508,0.0,3.6138406298859502,501
lazy-spectral-sam-muon,Lazy Spectral SAM-Muon (Atlas),lazy-spectral-sam-muon,muon,both,1.6,1.0,0.3365303418299572,0.3259787682520672,0.35262941039022044,0.3397693637624065,0.0,7.325714680119297,501
lazy-spectral-sam-muon,Lazy Spectral SAM-Muon (Atlas),lazy-spectral-sam-muon,muon,both,2.0,0.01,0.11443402196338079,0.11065916171375619,0.11488870179326255,0.11360173508237356,0.0,0.07000131735297005,501
lazy-spectral-sam-muon,Lazy Spectral SAM-Muon (Atlas),lazy-spectral-sam-muon,muon,both,2.0,0.02,0.1143376105233691,0.1105933298537104,0.11483269557097414,0.11351461558584942,0.0,0.14007678074392638,501
lazy-spectral-sam-muon,Lazy Spectral SAM-Muon (Atlas),lazy-spectral-sam-muon,muon,both,2.0,0.05,0.11388712717034595,0.11023067076579475,0.11442617654201691,0.11307739617650417,0.0,0.35008689662159526,501
lazy-spectral-sam-muon,Lazy Spectral SAM-Muon (Atlas),lazy-spectral-sam-muon,muon,both,2.0,0.1,0.11247538195073155,0.1092002459370129,0.11312995668910066,0.11185622265482738,0.0,0.7029153399063267,501
lazy-spectral-sam-muon,Lazy Spectral SAM-Muon (Atlas),lazy-spectral-sam-muon,muon,both,2.0,0.2,0.11098556208430124,0.10922046527747355,0.11315990739731903,0.1111501735609305,0.0,1.4163108170387706,501
lazy-spectral-sam-muon,Lazy Spectral SAM-Muon (Atlas),lazy-spectral-sam-muon,muon,both,2.0,0.5,0.13513032319956125,0.13274251800958914,0.14165313950156377,0.1371286541906771,0.0,3.5794878314514804,501
lazy-spectral-sam-muon,Lazy Spectral SAM-Muon (Atlas),lazy-spectral-sam-muon,muon,both,2.0,1.0,0.28080764413991466,0.2758223703678965,0.28752994116951536,0.28235649753048064,0.0,7.275030617650943,501
lazy-spectral-sam-muon,Lazy Spectral SAM-Muon (Atlas),lazy-spectral-sam-muon,muon,both,3.0,0.01,0.055211255605316756,0.054671019925157646,0.05576909232818685,0.055212986327326324,0.0,0.0693646419158038,501
lazy-spectral-sam-muon,Lazy Spectral SAM-Muon (Atlas),lazy-spectral-sam-muon,muon,both,3.0,0.02,0.05524666670645435,0.054663887048464525,0.055774352227475274,0.055229332686096866,0.0,0.1388322529707482,501
lazy-spectral-sam-muon,Lazy Spectral SAM-Muon (Atlas),lazy-spectral-sam-muon,muon,both,3.0,0.05,0.05529041111806455,0.054540399277815475,0.05574841808816758,0.05519653713540587,0.0,0.34787605083258244,501
lazy-spectral-sam-muon,Lazy Spectral SAM-Muon (Atlas),lazy-spectral-sam-muon,muon,both,3.0,0.1,0.0556043138904951,0.0551165369724963,0.05611668573274955,0.0556138004747844,0.0,0.6999245495006914,501
lazy-spectral-sam-muon,Lazy Spectral SAM-Muon (Atlas),lazy-spectral-sam-muon,muon,both,3.0,0.2,0.05921816761844965,0.05873548944768678,0.05988119228990312,0.05937764674759654,0.0,1.4068565376710747,501
lazy-spectral-sam-muon,Lazy Spectral SAM-Muon (Atlas),lazy-spectral-sam-muon,muon,both,3.0,0.5,0.0949342919073016,0.09308616741644482,0.09639895347834719,0.09419354331391483,0.0,3.7051403705900903,501
lazy-spectral-sam-muon,Lazy Spectral SAM-Muon (Atlas),lazy-spectral-sam-muon,muon,both,3.0,1.0,0.24915863250973974,0.2436229349205084,0.2612761918522071,0.25143261429891395,0.0,7.264837388737549,501
lazy-spectral-sam-muon,Lazy Spectral SAM-Muon (Atlas),lazy-spectral-sam-muon,muon,both,inf,0.01,0.06085866475406725,0.060314655951145754,0.06162634102976688,0.0609517608989469,0.0,0.0687698271188733,501
lazy-spectral-sam-muon,Lazy Spectral SAM-Muon (Atlas),lazy-spectral-sam-muon,muon,both,inf,0.02,0.06088269291424635,0.060328348698560574,0.0616574843350841,0.060973913908263205,0.0,0.13740997435381552,501
lazy-spectral-sam-muon,Lazy Spectral SAM-Muon (Atlas),lazy-spectral-sam-muon,muon,both,inf,0.05,0.060867391155989756,0.060240104266400626,0.0616302605395065,0.060924820639280675,0.0,0.3426672190771932,501
lazy-spectral-sam-muon,Lazy Spectral SAM-Muon (Atlas),lazy-spectral-sam-muon,muon,both,inf,0.1,0.06111962073036615,0.060523454266770554,0.06176416334280393,0.06118509011846754,0.0,0.6879674397343412,501
lazy-spectral-sam-muon,Lazy Spectral SAM-Muon (Atlas),lazy-spectral-sam-muon,muon,both,inf,0.2,0.0641412296475996,0.06376914963293562,0.06495779405168364,0.06431773045234568,0.0,1.4164703604716258,501
lazy-spectral-sam-muon,Lazy Spectral SAM-Muon (Atlas),lazy-spectral-sam-muon,muon,both,inf,0.5,0.0991474085893525,0.09494489016949978,0.10162984838010668,0.09879324715628232,0.0,3.7106135914603158,501
lazy-spectral-sam-muon,Lazy Spectral SAM-Muon (Atlas),lazy-spectral-sam-muon,muon,both,inf,1.0,0.2525307474109429,0.2427473477315184,0.26380408404783606,0.2509273216393927,0.0,7.297210860325521,501
muon,Muon,muon,muon,both,1.1,,1.0145774407948909,0.95612960534902,1.0462925060596366,1.00068984447817,0.0,0.0,500
muon,Muon,muon,muon,both,1.3,,0.502605028319089,0.4971017108844955,0.5098628308332636,0.5053768824012976,0.0,0.0,500
muon,Muon,muon,muon,both,1.6,,0.23143768398838943,0.2293218010330107,0.23413977869351757,0.23141488967125076,0.0,0.0,500
muon,Muon,muon,muon,both,2.0,,0.1144652128708553,0.11068904122704057,0.11495890578003774,0.11365555492955493,0.0,0.0,500
muon,Muon,muon,muon,both,3.0,,0.055155853756197054,0.05465517781052945,0.05575304172785215,0.05517811080464334,0.0,0.0,500
muon,Muon,muon,muon,both,inf,,0.0608222139514295,0.06027109254876753,0.061577183030310324,0.0609104407135424,0.0,0.0,500
random-sam-muon@global,Random SAM-Muon [global Frob],random-sam-muon,muon,both,1.1,0.01,1.0145795954230894,0.9561279785396257,1.0462945086286324,1.000690855553177,0.0,0.0099999999999998,500
random-sam-muon@global,Random SAM-Muon [global Frob],random-sam-muon,muon,both,1.1,0.02,1.0145802924627063,0.9561248474146531,1.0462950914238351,1.0006904207124099,0.0,0.0199999999999996,500
random-sam-muon@global,Random SAM-Muon [global Frob],random-sam-muon,muon,both,1.1,0.05,1.014573638473179,0.9561064290662492,1.0462883219191328,1.0006804411905075,0.0,0.049999999999999,500
random-sam-muon@global,Random SAM-Muon [global Frob],random-sam-muon,muon,both,1.1,0.1,1.0145334031122044,0.9560456566345225,1.0462486532142365,1.000634897386638,0.0,0.0999999999999981,500
random-sam-muon@global,Random SAM-Muon [global Frob],random-sam-muon,muon,both,1.1,0.2,1.0143437093928762,0.9558114263971872,1.0460629504499694,1.000435467562378,0.0,0.1999999999999963,500
random-sam-muon@global,Random SAM-Muon [global Frob],random-sam-muon,muon,both,1.1,0.5,1.0129040395245736,0.954210999341701,1.0446581939999129,0.9989736799338031,0.0,0.49999999999999084,500
random-sam-muon@global,Random SAM-Muon [global Frob],random-sam-muon,muon,both,1.1,1.0,1.0076467392163755,0.9485997241383878,1.0395343532786323,0.9937032775610952,0.0,0.9999999999999817,500
random-sam-muon@global,Random SAM-Muon [global Frob],random-sam-muon,muon,both,1.3,0.01,0.5026007975649587,0.4970981778978966,0.5098645897380112,0.5053756488083139,0.0,0.0099999999999998,500
random-sam-muon@global,Random SAM-Muon [global Frob],random-sam-muon,muon,both,1.3,0.02,0.5025952490324777,0.4970933618864006,0.5098650127418369,0.50537307839406,0.0,0.0199999999999996,500
random-sam-muon@global,Random SAM-Muon [global Frob],random-sam-muon,muon,both,1.3,0.05,0.5025706974857385,0.4970712166018741,0.5098582671861129,0.5053573468099042,0.0,0.049999999999999045,500
random-sam-muon@global,Random SAM-Muon [global Frob],random-sam-muon,muon,both,1.3,0.1,0.5025034342992665,0.4970086604583424,0.5098203193944838,0.505304401606698,0.0,0.09999999999999815,500
random-sam-muon@global,Random SAM-Muon [global Frob],random-sam-muon,muon,both,1.3,0.2,0.5022702568910244,0.4967875146334225,0.5096444254953131,0.5050984252485764,0.0,0.19999999999999635,500
random-sam-muon@global,Random SAM-Muon [global Frob],random-sam-muon,muon,both,1.3,0.5,0.5007877712394497,0.495362075819736,0.5083232295726191,0.5036861188368329,0.0,0.49999999999999084,500
random-sam-muon@global,Random SAM-Muon [global Frob],random-sam-muon,muon,both,1.3,1.0,0.4957933369873153,0.4905313340956358,0.503564530313386,0.4987718967255311,0.0,0.9999999999999817,500
random-sam-muon@global,Random SAM-Muon [global Frob],random-sam-muon,muon,both,1.6,0.01,0.23143633348455078,0.22932241036768414,0.23413536416627856,0.23141425755529435,0.0,0.0099999999999998,500
random-sam-muon@global,Random SAM-Muon [global Frob],random-sam-muon,muon,both,1.6,0.02,0.23143392046887223,0.22932194015911056,0.2341299313688532,0.2314125589488975,0.0,0.0199999999999996,500
random-sam-muon@global,Random SAM-Muon [global Frob],random-sam-muon,muon,both,1.6,0.05,0.23142030786595041,0.2293140536944936,0.234107527191347,0.23140106609127656,0.0,0.049999999999999,500
random-sam-muon@global,Random SAM-Muon [global Frob],random-sam-muon,muon,both,1.6,0.1,0.23137639246576336,0.229279341300889,0.23404986506914224,0.23136060769996722,0.0,0.0999999999999981,500
random-sam-muon@global,Random SAM-Muon [global Frob],random-sam-muon,muon,both,1.6,0.2,0.2312092071422951,0.229129301689837,0.23385867435358546,0.23120007010753904,0.0,0.1999999999999963,500
random-sam-muon@global,Random SAM-Muon [global Frob],random-sam-muon,muon,both,1.6,0.5,0.2300836529346797,0.22804611145769302,0.2326903059115406,0.23009271345547533,0.0,0.499999999999991,500
random-sam-muon@global,Random SAM-Muon [global Frob],random-sam-muon,muon,both,1.6,1.0,0.2262709055925525,0.2242859710359641,0.2289049278544837,0.22630726283819672,0.0,0.999999999999982,500
random-sam-muon@global,Random SAM-Muon [global Frob],random-sam-muon,muon,both,2.0,0.01,0.11446563163642325,0.1106893337869671,0.11495866338841418,0.1136552206619128,0.0,0.0099999999999998,500
random-sam-muon@global,Random SAM-Muon [global Frob],random-sam-muon,muon,both,2.0,0.02,0.1144653531679215,0.11068895526607014,0.1149576667323044,0.1136541900035033,0.0,0.0199999999999996,500
random-sam-muon@global,Random SAM-Muon [global Frob],random-sam-muon,muon,both,2.0,0.05,0.11446033549664161,0.110683795793796,0.11495015095789715,0.11364692072902255,0.0,0.0499999999999991,500
random-sam-muon@global,Random SAM-Muon [global Frob],random-sam-muon,muon,both,2.0,0.1,0.11443804763042145,0.11066180879839385,0.11492254824715567,0.11362089621730467,0.0,0.0999999999999982,500
random-sam-muon@global,Random SAM-Muon [global Frob],random-sam-muon,muon,both,2.0,0.2,0.11434149773299605,0.11056795515662453,0.11481103206816534,0.11351692969343943,0.0,0.1999999999999964,500
random-sam-muon@global,Random SAM-Muon [global Frob],random-sam-muon,muon,both,2.0,0.5,0.11358180251151731,0.10990020579375642,0.11413563047477045,0.11280061979244824,0.0,0.499999999999991,500
random-sam-muon@global,Random SAM-Muon [global Frob],random-sam-muon,muon,both,2.0,1.0,0.11098174907089581,0.10764795276297046,0.11173535339974885,0.11040100513850223,0.0,0.999999999999982,500
random-sam-muon@global,Random SAM-Muon [global Frob],random-sam-muon,muon,both,3.0,0.01,0.055155710685498696,0.05465548557260305,0.05575290749306173,0.05517822244645858,0.0,0.0099999999999998,500
random-sam-muon@global,Random SAM-Muon [global Frob],random-sam-muon,muon,both,3.0,0.02,0.055155156951367995,0.05465541543052617,0.0557523645470352,0.05517794143202778,0.0,0.0199999999999996,500
random-sam-muon@global,Random SAM-Muon [global Frob],random-sam-muon,muon,both,3.0,0.05,0.0551510443543987,0.054652935015515124,0.05574828838990983,0.055174747157854566,0.0,0.049999999999999045,500
random-sam-muon@global,Random SAM-Muon [global Frob],random-sam-muon,muon,both,3.0,0.1,0.05513609700522095,0.05464122582182405,0.055733369767321544,0.055161619635690176,0.0,0.09999999999999815,500
random-sam-muon@global,Random SAM-Muon [global Frob],random-sam-muon,muon,both,3.0,0.2,0.05507637103067775,0.05458943399739855,0.05567334147662027,0.05510639960620011,0.0,0.19999999999999635,500
random-sam-muon@global,Random SAM-Muon [global Frob],random-sam-muon,muon,both,3.0,0.5,0.0546627321822904,0.05421249683956423,0.05525881640927913,0.05471603720039065,0.0,0.4999999999999909,500
random-sam-muon@global,Random SAM-Muon [global Frob],random-sam-muon,muon,both,3.0,1.0,0.05326978311889995,0.052940270641814176,0.05388232332430065,0.0534070291812537,0.0,0.9999999999999818,500
random-sam-muon@global,Random SAM-Muon [global Frob],random-sam-muon,muon,both,inf,0.01,0.06082293396279995,0.0602704478198949,0.06157566228902282,0.060909769115936006,0.0,0.0099999999999998,500
random-sam-muon@global,Random SAM-Muon [global Frob],random-sam-muon,muon,both,inf,0.02,0.06082326850446905,0.0602693899239788,0.061573731247310554,0.06090868525338788,0.0,0.0199999999999996,500
random-sam-muon@global,Random SAM-Muon [global Frob],random-sam-muon,muon,both,inf,0.05,0.060821961843032346,0.06026373979790198,0.061565477069089505,0.060902962761415,0.0,0.049999999999999,500
random-sam-muon@global,Random SAM-Muon [global Frob],random-sam-muon,muon,both,inf,0.1,0.06081210207708585,0.06024609185356027,0.061543527756159754,0.06088521104949793,0.0,0.0999999999999981,500
random-sam-muon@global,Random SAM-Muon [global Frob],random-sam-muon,muon,both,inf,0.2,0.0607637690818313,0.0601802248009476,0.061469086412889125,0.0608191547349705,0.0,0.1999999999999963,500
random-sam-muon@global,Random SAM-Muon [global Frob],random-sam-muon,muon,both,inf,0.5,0.06039551698687255,0.0597492341416392,0.06100987638075207,0.06038539045840024,0.0,0.49999999999999095,500
random-sam-muon@global,Random SAM-Muon [global Frob],random-sam-muon,muon,both,inf,1.0,0.05910487718609225,0.0583739684767504,0.059515650361896474,0.0589769477280674,0.0,0.9999999999999819,500
random-sam-muon@per-layer,Random SAM-Muon [per-layer Frob],random-sam-muon,muon,both,1.1,0.01,1.0145798116206215,0.9561269813089223,1.046296232841898,1.0006911267597225,0.0,0.0141421356237305,500
random-sam-muon@per-layer,Random SAM-Muon [per-layer Frob],random-sam-muon,muon,both,1.1,0.02,1.0145795691007093,0.9561216341968598,1.0462973911587468,1.0006898048307216,0.0,0.0282842712474611,500
random-sam-muon@per-layer,Random SAM-Muon [per-layer Frob],random-sam-muon,muon,both,1.1,0.05,1.0145631623170754,0.956089256482317,1.046285457528899,1.0006702149786768,0.0,0.0707106781186528,500
random-sam-muon@per-layer,Random SAM-Muon [per-layer Frob],random-sam-muon,muon,both,1.1,0.1,1.0144835666749439,0.9559808591782963,1.0462142267850156,1.0005854999501937,0.0,0.14142135623730565,500
random-sam-muon@per-layer,Random SAM-Muon [per-layer Frob],random-sam-muon,muon,both,1.1,0.2,1.0141286456451046,0.9555601977780803,1.0458794933791742,1.0002210473948212,0.0,0.28284271247461135,500
random-sam-muon@per-layer,Random SAM-Muon [per-layer Frob],random-sam-muon,muon,both,1.1,0.5,1.0115079604066184,0.9526781029367443,1.0433474933200133,0.9975774791534957,0.0,0.7071067811865284,500
random-sam-muon@per-layer,Random SAM-Muon [per-layer Frob],random-sam-muon,muon,both,1.1,1.0,1.0020928021546442,0.9426181512873022,1.0341709835816109,0.9881415776908231,0.0,1.4142135623730567,500
random-sam-muon@per-layer,Random SAM-Muon [per-layer Frob],random-sam-muon,muon,both,1.3,0.01,0.5025992782274488,0.49709604251328454,0.5098635979918388,0.5053745995251333,0.0,0.0141421356237305,500
random-sam-muon@per-layer,Random SAM-Muon [per-layer Frob],random-sam-muon,muon,both,1.3,0.02,0.5025909723461209,0.49708790669781844,0.5098618767730265,0.5053697796856613,0.0,0.0282842712474611,500
random-sam-muon@per-layer,Random SAM-Muon [per-layer Frob],random-sam-muon,muon,both,1.3,0.05,0.5025507219400065,0.4970486977957801,0.5098417869964708,0.5053401005570362,0.0,0.0707106781186528,500
random-sam-muon@per-layer,Random SAM-Muon [per-layer Frob],random-sam-muon,muon,both,1.3,0.1,0.5024325596837556,0.4969340481351958,0.5097585933871007,0.5052399349287415,0.0,0.1414213562373057,500
random-sam-muon@per-layer,Random SAM-Muon [per-layer Frob],random-sam-muon,muon,both,1.3,0.2,0.50200519452413,0.49652039030527345,0.5094063718751891,0.504849977600432,0.0,0.2828427124746114,500
random-sam-muon@per-layer,Random SAM-Muon [per-layer Frob],random-sam-muon,muon,both,1.3,0.5,0.49921819698904524,0.4938271832877227,0.5068872758102633,0.5021860792482146,0.0,0.7071067811865284,500
random-sam-muon@per-layer,Random SAM-Muon [per-layer Frob],random-sam-muon,muon,both,1.3,1.0,0.48987734794823656,0.4847981554573345,0.49812731517535525,0.4930771156026273,0.0,1.4142135623730567,500
random-sam-muon@per-layer,Random SAM-Muon [per-layer Frob],random-sam-muon,muon,both,1.6,0.01,0.23143616613691195,0.2293222886880446,0.23413288473870486,0.2314137378794856,0.0,0.0141421356237305,500
random-sam-muon@per-layer,Random SAM-Muon [per-layer Frob],random-sam-muon,muon,both,1.6,0.02,0.2314325139121109,0.2293205982293633,0.23412387157822956,0.2314103978882161,0.0,0.0282842712474611,500
random-sam-muon@per-layer,Random SAM-Muon [per-layer Frob],random-sam-muon,muon,both,1.6,0.05,0.2314087528640663,0.22930246519768824,0.23408413089187025,0.23138725486384637,0.0,0.0707106781186528,500
random-sam-muon@per-layer,Random SAM-Muon [per-layer Frob],random-sam-muon,muon,both,1.6,0.1,0.23132651740068844,0.22922879058275536,0.2339756787522049,0.2313050155495094,0.0,0.1414213562373057,500
random-sam-muon@per-layer,Random SAM-Muon [per-layer Frob],random-sam-muon,muon,both,1.6,0.2,0.23100304164396102,0.22891975437115014,0.2336018509347104,0.23097790326222564,0.0,0.2828427124746115,500
random-sam-muon@per-layer,Random SAM-Muon [per-layer Frob],random-sam-muon,muon,both,1.6,0.5,0.2288031502068567,0.22675256913438321,0.23127606011375837,0.2287442267475001,0.0,0.7071067811865288,500
random-sam-muon@per-layer,Random SAM-Muon [per-layer Frob],random-sam-muon,muon,both,1.6,1.0,0.2215995992616197,0.21961806701334843,0.2239711993034998,0.22145066610776235,0.0,1.4142135623730576,500
random-sam-muon@per-layer,Random SAM-Muon [per-layer Frob],random-sam-muon,muon,both,2.0,0.01,0.1144652141336728,0.11068893898167781,0.11495801681619708,0.11365460791757534,0.0,0.0141421356237305,500
random-sam-muon@per-layer,Random SAM-Muon [per-layer Frob],random-sam-muon,muon,both,2.0,0.02,0.1144636891784703,0.1106873844779248,0.11495549522047398,0.11365215937510573,0.0,0.0282842712474611,500
random-sam-muon@per-layer,Random SAM-Muon [per-layer Frob],random-sam-muon,muon,both,2.0,0.05,0.1144499651673132,0.11067401586012528,0.1149381388503328,0.11363580999482517,0.0,0.0707106781186528,500
random-sam-muon@per-layer,Random SAM-Muon [per-layer Frob],random-sam-muon,muon,both,2.0,0.1,0.11439668985487915,0.11062282160923578,0.11487665510654071,0.1135786284454384,0.0,0.1414213562373057,500
random-sam-muon@per-layer,Random SAM-Muon [per-layer Frob],random-sam-muon,muon,both,2.0,0.2,0.11416699942312625,0.11041353089606022,0.11464871148800462,0.11335327593495229,0.0,0.2828427124746114,500
random-sam-muon@per-layer,Random SAM-Muon [per-layer Frob],random-sam-muon,muon,both,2.0,0.5,0.11251625457623071,0.10899229115879258,0.11323271411420185,0.11184389003403408,0.0,0.7071067811865286,500
random-sam-muon@per-layer,Random SAM-Muon [per-layer Frob],random-sam-muon,muon,both,2.0,1.0,0.10740682726903239,0.10461027416425323,0.10859628159807552,0.10718154969537566,0.0,1.4142135623730572,500
random-sam-muon@per-layer,Random SAM-Muon [per-layer Frob],random-sam-muon,muon,both,3.0,0.01,0.055155711067633395,0.0546555381943599,0.055752410035001004,0.055178175918154285,0.0,0.0141421356237305,500
random-sam-muon@per-layer,Random SAM-Muon [per-layer Frob],random-sam-muon,muon,both,3.0,0.02,0.05515467812152185,0.05465507075538485,0.0557508771096705,0.055177378035704855,0.0,0.0282842712474611,500
random-sam-muon@per-layer,Random SAM-Muon [per-layer Frob],random-sam-muon,muon,both,3.0,0.05,0.0551462769099621,0.05464868985946333,0.05574088773584755,0.055169822047973466,0.0,0.0707106781186528,500
random-sam-muon@per-layer,Random SAM-Muon [per-layer Frob],random-sam-muon,muon,both,3.0,0.1,0.055114839247542305,0.05462143047263835,0.055706390242994244,0.05514014332280871,0.0,0.1414213562373057,500
random-sam-muon@per-layer,Random SAM-Muon [per-layer Frob],random-sam-muon,muon,both,3.0,0.2,0.0549878358457866,0.0545049380398212,0.05557158696966942,0.05501784871456247,0.0,0.2828427124746115,500
random-sam-muon@per-layer,Random SAM-Muon [per-layer Frob],random-sam-muon,muon,both,3.0,0.5,0.05411452366013355,0.05369526358222418,0.05468021820804692,0.05418208196512069,0.0,0.7071067811865287,500
random-sam-muon@per-layer,Random SAM-Muon [per-layer Frob],random-sam-muon,muon,both,3.0,1.0,0.05156830582570855,0.05121855504827498,0.05206718906834312,0.05168911540126854,0.0,1.4142135623730574,500
random-sam-muon@per-layer,Random SAM-Muon [per-layer Frob],random-sam-muon,muon,both,inf,0.01,0.06082303717902545,0.06026977252825625,0.06157465054178082,0.0609090884869461,0.0,0.0141421356237305,500
random-sam-muon@per-layer,Random SAM-Muon [per-layer Frob],random-sam-muon,muon,both,inf,0.02,0.0608230245727576,0.060267576522924124,0.06157122352928163,0.06090683270233298,0.0,0.0282842712474611,500
random-sam-muon@per-layer,Random SAM-Muon [per-layer Frob],random-sam-muon,muon,both,inf,0.05,0.06081798147522295,0.06025574684328778,0.061555577607431924,0.060894656023535464,0.0,0.0707106781186528,500
random-sam-muon@per-layer,Random SAM-Muon [per-layer Frob],random-sam-muon,muon,both,inf,0.1,0.060792964160476554,0.0602186850224719,0.061511674463240795,0.06085643624563936,0.0,0.1414213562373057,500
random-sam-muon@per-layer,Random SAM-Muon [per-layer Frob],random-sam-muon,muon,both,inf,0.2,0.06068137390236095,0.060081017726131544,0.061358070895356775,0.06071403932496436,0.0,0.2828427124746114,500
random-sam-muon@per-layer,Random SAM-Muon [per-layer Frob],random-sam-muon,muon,both,inf,0.5,0.05987834145465075,0.059211376969842876,0.060407184766792174,0.059803859841781735,0.0,0.7071067811865287,500
random-sam-muon@per-layer,Random SAM-Muon [per-layer Frob],random-sam-muon,muon,both,inf,1.0,0.05730876030821625,0.0567105073807032,0.057626375508720025,0.05713143783155965,0.0,1.4142135623730574,500
random-spectral-sam-muon,Random Spectral SAM-Muon,random-spectral-sam-muon,muon,mnist,1.1,0.01,1.014564906009422,0.9560672971527588,1.0462612566376797,1.0006601091550698,0.0,0.069060350010195,500
random-spectral-sam-muon,Random Spectral SAM-Muon,random-spectral-sam-muon,muon,mnist,1.1,0.02,1.0144914076047105,0.9559415327924382,1.0461700382738401,1.0005696803031072,0.0,0.1381207000203901,500
random-spectral-sam-muon,Random Spectral SAM-Muon,random-spectral-sam-muon,muon,mnist,1.1,0.05,1.0139055831591652,0.9551843515372902,1.0455373142783206,0.9999348195960622,0.0,0.3453017500509754,500
random-spectral-sam-muon,Random Spectral SAM-Muon,random-spectral-sam-muon,muon,mnist,1.1,0.1,1.0117185210255428,0.952665452098992,1.0432943169309732,0.9976725518835434,0.0,0.6906035001019508,500
random-spectral-sam-muon,Random Spectral SAM-Muon,random-spectral-sam-muon,muon,mnist,1.1,0.2,1.0029177926017971,0.9430436869580296,1.0344703947043246,0.9887490974155917,0.0,1.3812070002039016,500
random-spectral-sam-muon,Random Spectral SAM-Muon,random-spectral-sam-muon,muon,mnist,1.1,0.5,0.9460220694136219,0.8828018211290529,0.9781554157059371,0.9317403626025607,0.0,3.453017500509754,500
random-spectral-sam-muon,Random Spectral SAM-Muon,random-spectral-sam-muon,muon,mnist,1.1,1.0,0.8029814163439546,0.7398768724344797,0.8368922331858135,0.7904317904767155,0.0,6.906035001019508,500
random-spectral-sam-muon,Random Spectral SAM-Muon,random-spectral-sam-muon,muon,mnist,1.3,0.01,0.5025569362118034,0.49705524251614913,0.5098372127638473,0.5053416848015564,0.0,0.0680368019382464,500
random-spectral-sam-muon,Random Spectral SAM-Muon,random-spectral-sam-muon,muon,mnist,1.3,0.02,0.5024485767752713,0.496950246913725,0.5097528862225623,0.505246598833685,0.0,0.1360736038764928,500
random-spectral-sam-muon,Random Spectral SAM-Muon,random-spectral-sam-muon,muon,mnist,1.3,0.05,0.5017633559129538,0.4962854224013349,0.5091493591767334,0.5046034003933366,0.0,0.3401840096912321,500
random-spectral-sam-muon,Random Spectral SAM-Muon,random-spectral-sam-muon,muon,mnist,1.3,0.1,0.49944041497004,0.49402887711582444,0.5069947597017582,0.5023568642665105,0.0,0.6803680193824642,500
random-spectral-sam-muon,Random Spectral SAM-Muon,random-spectral-sam-muon,muon,mnist,1.3,0.2,0.4906554037137547,0.4854713164409261,0.4986504199540178,0.49373491158260585,0.0,1.3607360387649283,500
random-spectral-sam-muon,Random Spectral SAM-Muon,random-spectral-sam-muon,muon,mnist,1.3,0.5,0.4419495761767297,0.4374129067249267,0.4510625423814139,0.4451335319376524,0.0,3.401840096912321,500
random-spectral-sam-muon,Random Spectral SAM-Muon,random-spectral-sam-muon,muon,mnist,1.3,1.0,0.36568786209085874,0.3614687241370194,0.3721581031530199,0.3674216698604502,0.0,6.803680193824642,500
random-spectral-sam-muon,Random Spectral SAM-Muon,random-spectral-sam-muon,muon,mnist,1.6,0.01,0.23140836840365855,0.22930036807495102,0.23409071081894223,0.2313857403612198,0.0,0.06905891099948594,500
random-spectral-sam-muon,Random Spectral SAM-Muon,random-spectral-sam-muon,muon,mnist,1.6,0.02,0.23132836766442072,0.22922745123467897,0.23399164193139638,0.23130469909602747,0.0,0.13811782199897193,500
random-spectral-sam-muon,Random Spectral SAM-Muon,random-spectral-sam-muon,muon,mnist,1.6,0.05,0.23078675507212276,0.2287031006134299,0.23339817771509633,0.23075322227069572,0.0,0.34529455499743,500
random-spectral-sam-muon,Random Spectral SAM-Muon,random-spectral-sam-muon,muon,mnist,1.6,0.1,0.2289123390485047,0.2268550123552225,0.23146034674935043,0.2288451384886117,0.0,0.69058910999486,500
random-spectral-sam-muon,Random Spectral SAM-Muon,random-spectral-sam-muon,muon,mnist,1.6,0.2,0.22200600233023265,0.22005567582986332,0.22451415627610163,0.22185102843770713,0.0,1.38117821998972,500
random-spectral-sam-muon,Random Spectral SAM-Muon,random-spectral-sam-muon,muon,mnist,1.6,0.5,0.19165145529478161,0.18778011559390376,0.1939872801283568,0.1905333727622392,0.0,3.4529455499743005,500
random-spectral-sam-muon,Random Spectral SAM-Muon,random-spectral-sam-muon,muon,mnist,1.6,1.0,0.17276903645849934,0.1700387216667621,0.17795791818723025,0.17312500265170755,0.0,6.905891099948601,500
random-spectral-sam-muon,Random Spectral SAM-Muon,random-spectral-sam-muon,muon,mnist,2.0,0.01,0.11445897016433075,0.11067778217229222,0.11492868246201877,0.1136376481850321,0.0,0.068974204981399,500
random-spectral-sam-muon,Random Spectral SAM-Muon,random-spectral-sam-muon,muon,mnist,2.0,0.02,0.1144131731271103,0.11063185075794015,0.11486455923268493,0.11358404763044437,0.0,0.137948409962798,500
random-spectral-sam-muon,Random Spectral SAM-Muon,random-spectral-sam-muon,muon,mnist,2.0,0.05,0.11399991706559134,0.11028978163699618,0.114536939015327,0.11321266282670162,0.0,0.34487102490699517,500
random-spectral-sam-muon,Random Spectral SAM-Muon,random-spectral-sam-muon,muon,mnist,2.0,0.1,0.1125896549894718,0.10908615079885492,0.11335969928849067,0.11193599282387216,0.0,0.6897420498139903,500
random-spectral-sam-muon,Random Spectral SAM-Muon,random-spectral-sam-muon,muon,mnist,2.0,0.2,0.10767963440134526,0.10487258279343167,0.1089361772486839,0.10747476733254321,0.0,1.3794840996279807,500
random-spectral-sam-muon,Random Spectral SAM-Muon,random-spectral-sam-muon,muon,mnist,2.0,0.5,0.0903093347115628,0.08959422589171732,0.09268705079931537,0.0914063940091854,0.0,3.4487102490699515,500
random-spectral-sam-muon,Random Spectral SAM-Muon,random-spectral-sam-muon,muon,mnist,2.0,1.0,0.1030385214546731,0.10282545147128015,0.10386303516525122,0.10361533356281011,0.0,6.897420498139903,500
random-spectral-sam-muon,Random Spectral SAM-Muon,random-spectral-sam-muon,muon,mnist,3.0,0.01,0.05514489988929635,0.05464706309293255,0.05574105611489018,0.05516951360340409,0.0,0.0687945728501692,500
random-spectral-sam-muon,Random Spectral SAM-Muon,random-spectral-sam-muon,muon,mnist,3.0,0.02,0.0551137256227823,0.0546191637833244,0.05570738472178807,0.05514047529908113,0.0,0.1375891457003384,500
random-spectral-sam-muon,Random Spectral SAM-Muon,random-spectral-sam-muon,muon,mnist,3.0,0.05,0.05490103527876755,0.054418589745828826,0.055479073255583024,0.05493380810188876,0.0,0.343972864250846,500
random-spectral-sam-muon,Random Spectral SAM-Muon,random-spectral-sam-muon,muon,mnist,3.0,0.1,0.054162019089838295,0.053728025099242446,0.054706755150695875,0.0542202974945553,0.0,0.687945728501692,500
random-spectral-sam-muon,Random Spectral SAM-Muon,random-spectral-sam-muon,muon,mnist,3.0,0.2,0.051754729155635254,0.05134723000245262,0.0522127520635296,0.051839819194187384,0.0,1.375891457003384,500
random-spectral-sam-muon,Random Spectral SAM-Muon,random-spectral-sam-muon,muon,mnist,3.0,0.5,0.04543825975171715,0.04504884932989527,0.0460262015976513,0.045512391326023284,0.0,3.4397286425084603,500
random-spectral-sam-muon,Random Spectral SAM-Muon,random-spectral-sam-muon,muon,mnist,3.0,1.0,0.07409730344181326,0.07364482752789012,0.07479723993652793,0.07412862725761689,0.0,6.879457285016921,500
random-spectral-sam-muon,Random Spectral SAM-Muon,random-spectral-sam-muon,muon,mnist,inf,0.01,0.060818974087531646,0.060253034738581374,0.061560059545729975,0.06089593745553022,0.0,0.0687949556934057,500
random-spectral-sam-muon,Random Spectral SAM-Muon,random-spectral-sam-muon,muon,mnist,inf,0.02,0.0607955741139565,0.06021427300616908,0.06152141160247597,0.06085972839047736,0.0,0.1375899113868114,500
random-spectral-sam-muon,Random Spectral SAM-Muon,random-spectral-sam-muon,muon,mnist,inf,0.05,0.060607241325188146,0.0599770112959159,0.06127946732299245,0.06062420541747077,0.0,0.3439747784670285,500
random-spectral-sam-muon,Random Spectral SAM-Muon,random-spectral-sam-muon,muon,mnist,inf,0.1,0.05992432989089285,0.05922095919779245,0.06049647533324605,0.059846580875444276,0.0,0.687949556934057,500
random-spectral-sam-muon,Random Spectral SAM-Muon,random-spectral-sam-muon,muon,mnist,inf,0.2,0.057525024341759906,0.05682070614139547,0.05774733002484145,0.057277366437366736,0.0,1.375899113868114,500
random-spectral-sam-muon,Random Spectral SAM-Muon,random-spectral-sam-muon,muon,mnist,inf,0.5,0.0501798870620388,0.0490745947753612,0.05091594741560663,0.050036109095846465,0.0,3.439747784670285,500
random-spectral-sam-muon,Random Spectral SAM-Muon,random-spectral-sam-muon,muon,mnist,inf,1.0,0.07677951241006384,0.0753683754961206,0.07803165230652018,0.07674990850443072,0.0,6.87949556934057,500
sam-sgd@global,SAM + SGD [global Frob],sam-sgd,sgd,both,1.1,0.01,7.429501813623166,7.0782658432550605,7.723888223551737,7.226176758318554,0.0,0.009999999999999499,1000
sam-sgd@global,SAM + SGD [global Frob],sam-sgd,sgd,both,1.1,0.02,7.426335693244713,7.069345224162747,7.71355172262989,7.219252160509301,0.0,0.019999999999998998,1000
sam-sgd@global,SAM + SGD [global Frob],sam-sgd,sgd,both,1.1,0.05,7.405753489173481,7.046759384674067,7.687764324329004,7.1977940086739665,0.0,0.049999999999997546,1000
sam-sgd@global,SAM + SGD [global Frob],sam-sgd,sgd,both,1.1,0.1,7.383032534749034,7.002797762868413,7.655421701443685,7.1670043143857916,0.0,0.09999999999999515,1000
sam-sgd@global,SAM + SGD [global Frob],sam-sgd,sgd,both,1.1,0.2,7.3292245950379575,6.917360025642717,7.579429924622829,7.1049031004666485,0.0,0.1999999999999903,1000
sam-sgd@global,SAM + SGD [global Frob],sam-sgd,sgd,both,1.1,0.5,7.170307335174728,6.712860464428981,7.396334190470292,6.928695797571136,0.0,0.4999999999999756,1000
sam-sgd@global,SAM + SGD [global Frob],sam-sgd,sgd,both,1.1,1.0,6.75672850805456,6.447798730505033,7.103481198546021,6.630785368107267,0.0,0.9999999999999515,1000
sam-sgd@global,SAM + SGD [global Frob],sam-sgd,sgd,both,1.3,0.01,2.6994552240182688,2.487500445351545,2.9646627869710223,2.731252195112614,0.0,0.00999999999999815,1000
sam-sgd@global,SAM + SGD [global Frob],sam-sgd,sgd,both,1.3,0.02,2.728141373050797,2.4790053738968494,2.9763273422883647,2.7380040943484363,0.0,0.019999999999996347,1000
sam-sgd@global,SAM + SGD [global Frob],sam-sgd,sgd,both,1.3,0.05,2.7081089003581273,2.472874468085488,2.960864580889416,2.7242212896297056,0.0,0.049999999999990954,1000
sam-sgd@global,SAM + SGD [global Frob],sam-sgd,sgd,both,1.3,0.1,2.69010294877057,2.4518851166827598,2.934808267943607,2.7108428549737726,0.0,0.09999999999998195,1000
sam-sgd@global,SAM + SGD [global Frob],sam-sgd,sgd,both,1.3,0.2,2.6659722203303087,2.4197062697077176,2.910567724435717,2.671341479380806,0.0,0.1999999999999639,1000
sam-sgd@global,SAM + SGD [global Frob],sam-sgd,sgd,both,1.3,0.5,2.622445373917106,2.369327840710193,2.8216219434519,2.61861898509809,0.0,0.49999999999990963,1000
sam-sgd@global,SAM + SGD [global Frob],sam-sgd,sgd,both,1.3,1.0,2.5122167434871807,2.310000183886101,2.650563228663455,2.47026375989017,0.0,0.999999999999819,1000
sam-sgd@global,SAM + SGD [global Frob],sam-sgd,sgd,both,1.6,0.01,0.8757609483894306,0.8568867487887697,0.9124812924336823,0.8945101051768445,0.0,0.00999999999999565,1000
sam-sgd@global,SAM + SGD [global Frob],sam-sgd,sgd,both,1.6,0.02,0.8752094509487455,0.8542854911524971,0.909594165468347,0.8915079220977657,0.0,0.01999999999999135,1000
sam-sgd@global,SAM + SGD [global Frob],sam-sgd,sgd,both,1.6,0.05,0.8701211662234329,0.8526349252325127,0.9060953277015938,0.8859589892591635,0.0,0.049999999999978395,1000
sam-sgd@global,SAM + SGD [global Frob],sam-sgd,sgd,both,1.6,0.1,0.8658212975363306,0.8577190790482443,0.8976831058937711,0.8851077387380364,0.0,0.09999999999995696,1000
sam-sgd@global,SAM + SGD [global Frob],sam-sgd,sgd,both,1.6,0.2,0.8493026023582293,0.8344733627671148,0.8829175550465411,0.8673900263223076,0.0,0.1999999999999139,1000
sam-sgd@global,SAM + SGD [global Frob],sam-sgd,sgd,both,1.6,0.5,0.7965226781075576,0.7926408518681858,0.8657860554417893,0.8376771357265875,0.0,0.49999999999978456,1000
sam-sgd@global,SAM + SGD [global Frob],sam-sgd,sgd,both,1.6,1.0,0.7496150032737623,0.7377654343309797,0.8037428118045924,0.7853639988701957,0.0,0.9999999999995693,1000
sam-sgd@global,SAM + SGD [global Frob],sam-sgd,sgd,both,2.0,0.01,0.20931517534477778,0.19331915250423162,0.22005372463232598,0.2170480134833378,0.0,0.00999999999999255,1000
sam-sgd@global,SAM + SGD [global Frob],sam-sgd,sgd,both,2.0,0.02,0.20912667266102625,0.19289740486390092,0.2202313152523436,0.21693609913179876,0.0,0.019999999999985148,1000
sam-sgd@global,SAM + SGD [global Frob],sam-sgd,sgd,both,2.0,0.05,0.2084803985532784,0.19180592374156016,0.21980129152598796,0.2162448106538768,0.0,0.0499999999999629,1000
sam-sgd@global,SAM + SGD [global Frob],sam-sgd,sgd,both,2.0,0.1,0.2076466518396858,0.19001711541232152,0.2196072515089206,0.2156871533102807,0.0,0.0999999999999259,1000
sam-sgd@global,SAM + SGD [global Frob],sam-sgd,sgd,both,2.0,0.2,0.2057920363887748,0.18801791265079623,0.2157932107273646,0.2132808310910768,0.0,0.19999999999985185,1000
sam-sgd@global,SAM + SGD [global Frob],sam-sgd,sgd,both,2.0,0.5,0.2209230881634976,0.18490447252725994,0.27644132787171843,0.23106456090868738,0.0,0.49999999999962963,1000
sam-sgd@global,SAM + SGD [global Frob],sam-sgd,sgd,both,2.0,1.0,0.22960008232359555,0.1929666436984702,0.27974613270166354,0.2328310495261039,0.0,0.9999999999992593,1000
sam-sgd@global,SAM + SGD [global Frob],sam-sgd,sgd,both,3.0,0.01,0.056852302015682046,0.05601625813704447,0.0574448336071919,0.05672107052455165,0.0,0.0099999999999883,1000
sam-sgd@global,SAM + SGD [global Frob],sam-sgd,sgd,both,3.0,0.02,0.0568379974988141,0.055999793467257246,0.05743133881990688,0.0567061097240801,0.0,0.0199999999999767,1000
sam-sgd@global,SAM + SGD [global Frob],sam-sgd,sgd,both,3.0,0.05,0.056792898570309044,0.055948002757366326,0.05738869597943923,0.0566589930100139,0.0,0.0499999999999418,1000
sam-sgd@global,SAM + SGD [global Frob],sam-sgd,sgd,both,3.0,0.1,0.05671055994655175,0.05585711502402873,0.05731053280147215,0.056573134372634275,0.0,0.0999999999998837,1000
sam-sgd@global,SAM + SGD [global Frob],sam-sgd,sgd,both,3.0,0.2,0.0565198932593408,0.05564885126305185,0.05712845282258168,0.05637488191710023,0.0,0.19999999999976745,1000
sam-sgd@global,SAM + SGD [global Frob],sam-sgd,sgd,both,3.0,0.5,0.0557613274180587,0.05482668868708938,0.05639554620559853,0.05558991418872359,0.0,0.4999999999994187,1000
sam-sgd@global,SAM + SGD [global Frob],sam-sgd,sgd,both,3.0,1.0,0.054036355127341645,0.052967297986685404,0.05469662224291172,0.05381178271928611,0.0,0.9999999999988374,1000
sam-sgd@global,SAM + SGD [global Frob],sam-sgd,sgd,both,inf,0.01,0.06490795448972725,0.06412563887941188,0.06566722055965282,0.06484580787629238,0.0,0.0099999999999894,1000
sam-sgd@global,SAM + SGD [global Frob],sam-sgd,sgd,both,inf,0.02,0.06489057911420265,0.06410946521825275,0.0656502808718431,0.06482924554861556,0.0,0.019999999999978847,1000
sam-sgd@global,SAM + SGD [global Frob],sam-sgd,sgd,both,inf,0.05,0.06483583253828304,0.06405859670150348,0.06559689549961625,0.06477711595714158,0.0,0.04999999999994725,1000
sam-sgd@global,SAM + SGD [global Frob],sam-sgd,sgd,both,inf,0.1,0.06473599048545514,0.0639661260522879,0.06549948792780053,0.06468222153581565,0.0,0.0999999999998945,1000
sam-sgd@global,SAM + SGD [global Frob],sam-sgd,sgd,both,inf,0.2,0.06450517620550465,0.06375343768862053,0.06527405237504309,0.06446344326092847,0.0,0.19999999999978918,1000
sam-sgd@global,SAM + SGD [global Frob],sam-sgd,sgd,both,inf,0.5,0.06358914633944496,0.06291782076975824,0.06437601104770993,0.06359920514698661,0.0,0.49999999999947287,1000
sam-sgd@global,SAM + SGD [global Frob],sam-sgd,sgd,both,inf,1.0,0.0615845572136068,0.06097681435648665,0.062317526204109894,0.06164193938300749,0.0,0.999999999998946,1000
sam-sgd@per-layer,SAM + SGD [per-layer Frob],sam-sgd,sgd,both,1.1,0.01,7.422641488457301,7.075376493528657,7.702665507992905,7.2183210976839,0.0,0.0141421356237294,1000
sam-sgd@per-layer,SAM + SGD [per-layer Frob],sam-sgd,sgd,both,1.1,0.02,7.416052808153372,7.0560074594502815,7.7019871425285835,7.2090008896721205,0.0,0.0282842712474589,1000
sam-sgd@per-layer,SAM + SGD [per-layer Frob],sam-sgd,sgd,both,1.1,0.05,7.388312427977608,7.012957290001072,7.668773419325317,7.176797172473275,0.0,0.0707106781186474,1000
sam-sgd@per-layer,SAM + SGD [per-layer Frob],sam-sgd,sgd,both,1.1,0.1,7.345446132210864,6.9420316777972975,7.595065589597787,7.122366378258983,0.0,0.14142135623729474,1000
sam-sgd@per-layer,SAM + SGD [per-layer Frob],sam-sgd,sgd,both,1.1,0.2,7.25054894784584,6.8162375448984855,7.479995781355175,7.0173979777946345,0.0,0.28284271247458964,1000
sam-sgd@per-layer,SAM + SGD [per-layer Frob],sam-sgd,sgd,both,1.1,0.5,6.935764253837794,6.521364351691907,7.1560537118646765,6.7245256980812975,0.0,0.7071067811864735,1000
sam-sgd@per-layer,SAM + SGD [per-layer Frob],sam-sgd,sgd,both,1.1,1.0,6.327306623626921,6.127253843327793,6.793053093386175,6.297487726568568,0.0,1.4142135623729462,1000
sam-sgd@per-layer,SAM + SGD [per-layer Frob],sam-sgd,sgd,both,1.3,0.01,2.7049649134161156,2.4695868577132214,2.966084012050633,2.7314870929311934,0.0,0.0141421356237262,1000
sam-sgd@per-layer,SAM + SGD [per-layer Frob],sam-sgd,sgd,both,1.3,0.02,2.7147060847625832,2.4676571792123703,2.961724215506594,2.732343333130551,0.0,0.028284271247452447,1000
sam-sgd@per-layer,SAM + SGD [per-layer Frob],sam-sgd,sgd,both,1.3,0.05,2.702800671635532,2.4544708087887352,2.943925121397149,2.7101705483172664,0.0,0.0707106781186311,1000
sam-sgd@per-layer,SAM + SGD [per-layer Frob],sam-sgd,sgd,both,1.3,0.1,2.678577667348227,2.4276604509960915,2.9327213069863913,2.6897389724372616,0.0,0.14142135623726226,1000
sam-sgd@per-layer,SAM + SGD [per-layer Frob],sam-sgd,sgd,both,1.3,0.2,2.647380051827489,2.3903853547310634,2.8774641542411805,2.6588115826125476,0.0,0.2828427124745243,1000
sam-sgd@per-layer,SAM + SGD [per-layer Frob],sam-sgd,sgd,both,1.3,0.5,2.5513761972670865,2.307976643461732,2.751896154887295,2.5428902343496653,0.0,0.7071067811863083,1000
sam-sgd@per-layer,SAM + SGD [per-layer Frob],sam-sgd,sgd,both,1.3,1.0,2.386905883649111,2.1842480020941655,2.481240376581006,2.3319114392036364,0.0,1.4142135623726109,1000
sam-sgd@per-layer,SAM + SGD [per-layer Frob],sam-sgd,sgd,both,1.6,0.01,0.8796825768631769,0.860160072849562,0.9140987034660747,0.896357224067994,0.0,0.01414213562372165,1000
sam-sgd@per-layer,SAM + SGD [per-layer Frob],sam-sgd,sgd,both,1.6,0.02,0.8752876220822452,0.8519712641944027,0.905707667472889,0.888267116540808,0.0,0.02828427124744335,1000
sam-sgd@per-layer,SAM + SGD [per-layer Frob],sam-sgd,sgd,both,1.6,0.05,0.8651633201707747,0.8458081564254539,0.902782338993227,0.8818347709625698,0.0,0.0707106781186085,1000
sam-sgd@per-layer,SAM + SGD [per-layer Frob],sam-sgd,sgd,both,1.6,0.1,0.857169197728628,0.8390541360265269,0.8924382753033793,0.8729631746743236,0.0,0.1414213562372169,1000
sam-sgd@per-layer,SAM + SGD [per-layer Frob],sam-sgd,sgd,both,1.6,0.2,0.8382429732116593,0.8201408872325155,0.8752265763248455,0.8571040354065342,0.0,0.2828427124744334,1000
sam-sgd@per-layer,SAM + SGD [per-layer Frob],sam-sgd,sgd,both,1.6,0.5,0.7717084759184273,0.7601908350558535,0.8425591397501577,0.8122972503704933,0.0,0.7071067811860848,1000
sam-sgd@per-layer,SAM + SGD [per-layer Frob],sam-sgd,sgd,both,1.6,1.0,0.7127459575906584,0.7049589347562363,0.7515323833432902,0.7428164329314816,0.0,1.414213562372169,1000
sam-sgd@per-layer,SAM + SGD [per-layer Frob],sam-sgd,sgd,both,2.0,0.01,0.20923485432755484,0.19313323875857175,0.22010477490026428,0.21699552546580497,0.0,0.014142135623715201,1000
sam-sgd@per-layer,SAM + SGD [per-layer Frob],sam-sgd,sgd,both,2.0,0.02,0.20894674612220776,0.19255262649580482,0.22028720041120453,0.2168144105245418,0.0,0.028284271247430548,1000
sam-sgd@per-layer,SAM + SGD [per-layer Frob],sam-sgd,sgd,both,2.0,0.05,0.2080136627558039,0.19101223733324546,0.21871794027119223,0.21559957355369933,0.0,0.0707106781185763,1000
sam-sgd@per-layer,SAM + SGD [per-layer Frob],sam-sgd,sgd,both,2.0,0.1,0.20692439088404418,0.1885161632577053,0.21852285668811003,0.2147729695848152,0.0,0.14142135623715274,1000
sam-sgd@per-layer,SAM + SGD [per-layer Frob],sam-sgd,sgd,both,2.0,0.2,0.2036545044431231,0.18787431819485706,0.22027626963101776,0.21472464339704034,0.0,0.28284271247430565,1000
sam-sgd@per-layer,SAM + SGD [per-layer Frob],sam-sgd,sgd,both,2.0,0.5,0.2507153073250436,0.19751368533176233,0.29954460453379217,0.24532435516305773,0.0,0.7071067811857653,1000
sam-sgd@per-layer,SAM + SGD [per-layer Frob],sam-sgd,sgd,both,2.0,1.0,0.2485678612394005,0.22340911483274892,0.28553610919154826,0.24547671919941988,0.0,1.414213562371526,1000
sam-sgd@per-layer,SAM + SGD [per-layer Frob],sam-sgd,sgd,both,3.0,0.01,0.056844221194545505,0.056007752396238,0.05743743135730555,0.056712826546825724,0.0,0.0141421356237064,1000
sam-sgd@per-layer,SAM + SGD [per-layer Frob],sam-sgd,sgd,both,3.0,0.02,0.05682131731772015,0.0559822481595825,0.05741605457121205,0.056689105343661825,0.0,0.0282842712474129,1000
sam-sgd@per-layer,SAM + SGD [per-layer Frob],sam-sgd,sgd,both,3.0,0.05,0.056747358110288804,0.055900189102941575,0.05734692961567237,0.0566126599635107,0.0,0.0707106781185324,1000
sam-sgd@per-layer,SAM + SGD [per-layer Frob],sam-sgd,sgd,both,3.0,0.1,0.05660703312257865,0.05574967915943248,0.057215451871542,0.05646809431169063,0.0,0.14142135623706487,1000
sam-sgd@per-layer,SAM + SGD [per-layer Frob],sam-sgd,sgd,both,3.0,0.2,0.05626605735571155,0.05538629930260217,0.0568946514467691,0.05611837361025734,0.0,0.28284271247412973,1000
sam-sgd@per-layer,SAM + SGD [per-layer Frob],sam-sgd,sgd,both,3.0,0.5,0.0548459226204782,0.053882173338331146,0.05554236642817548,0.05467040504502807,0.0,0.7071067811853243,1000
sam-sgd@per-layer,SAM + SGD [per-layer Frob],sam-sgd,sgd,both,3.0,1.0,0.05173293509946735,0.0505775971644112,0.052387008496069976,0.0514977745531663,0.0,1.4142135623706484,1000
sam-sgd@per-layer,SAM + SGD [per-layer Frob],sam-sgd,sgd,both,inf,0.01,0.06489791702945136,0.0641165525896927,0.06565686487721978,0.0648362596328208,0.0,0.01414213562370885,1000
sam-sgd@per-layer,SAM + SGD [per-layer Frob],sam-sgd,sgd,both,inf,0.02,0.06486986524575444,0.06409072205189043,0.06562891952804308,0.0648095565878162,0.0,0.02828427124741775,1000
sam-sgd@per-layer,SAM + SGD [per-layer Frob],sam-sgd,sgd,both,inf,0.05,0.06477931936862745,0.06400752165323705,0.06553868132486312,0.06472351107655239,0.0,0.07071067811854445,1000
sam-sgd@per-layer,SAM + SGD [per-layer Frob],sam-sgd,sgd,both,inf,0.1,0.0646076582404081,0.06385036084000748,0.06536748194646799,0.06456083893324412,0.0,0.14142135623708896,1000
sam-sgd@per-layer,SAM + SGD [per-layer Frob],sam-sgd,sgd,both,inf,0.2,0.06419110846785644,0.06347108568515665,0.06495157192640111,0.06416760287929071,0.0,0.2828427124741779,1000
sam-sgd@per-layer,SAM + SGD [per-layer Frob],sam-sgd,sgd,both,inf,0.5,0.062461382297171894,0.061932198081385774,0.06322005634992232,0.06254308818986035,0.0,0.7071067811854448,1000
sam-sgd@per-layer,SAM + SGD [per-layer Frob],sam-sgd,sgd,both,inf,1.0,0.05897496158552015,0.0582928311096461,0.05942853505676823,0.05899490507407979,0.0,1.4142135623708891,1000
sgd,SGD,sgd,sgd,both,1.1,,7.4286039641380075,7.086172971360611,7.723155159383204,7.227497332464097,0.0,0.0,500
sgd,SGD,sgd,sgd,both,1.3,,2.7181382011896753,2.4900602927335282,2.9832057177888003,2.737715556102148,0.0,0.0,500
sgd,SGD,sgd,sgd,both,1.6,,0.8663521159312464,0.8547931286430102,0.9135804509559736,0.890617962894369,0.0,0.0,500
sgd,SGD,sgd,sgd,both,2.0,,0.20944797795348924,0.1938005780789706,0.21978625347252462,0.2171257829847987,0.0,0.0,500
sgd,SGD,sgd,sgd,both,3.0,,0.05686623939720935,0.056032320043807,0.057457965927189124,0.0567356558606629,0.0,0.0,500
sgd,SGD,sgd,sgd,both,inf,,0.06492488949488526,0.06414141769128487,0.06568372930172463,0.06486195965264342,0.0,0.0,500
spectral-friendly-sam-muon,Spectral Friendly SAM-Muon,spectral-friendly-sam-muon,muon,both,1.1,0.01,1.0121372781958327,0.9539428488299251,1.043859165569199,0.998377894411449,0.0,0.0725163981935425,1000
spectral-friendly-sam-muon,Spectral Friendly SAM-Muon,spectral-friendly-sam-muon,muon,both,1.1,0.02,1.0096425447493869,0.9516962046386294,1.0413711650511355,0.9960099403561511,0.0,0.14503196658071127,1000
spectral-friendly-sam-muon,Spectral Friendly SAM-Muon,spectral-friendly-sam-muon,muon,both,1.1,0.05,1.001837944205807,0.9446045042385566,1.0335861416300944,0.9885772304089643,0.0,0.3625720478809037,1000
spectral-friendly-sam-muon,Spectral Friendly SAM-Muon,spectral-friendly-sam-muon,muon,both,1.1,0.1,0.9878073916543384,0.9316609192685491,1.0195859662306197,0.9751395356334236,0.0,0.725107110766206,1000
spectral-friendly-sam-muon,Spectral Friendly SAM-Muon,spectral-friendly-sam-muon,muon,both,1.1,0.2,0.9562856524467026,0.9019609032238226,0.9881201964141773,0.9447148740923625,0.0,1.4499907738594169,1000
spectral-friendly-sam-muon,Spectral Friendly SAM-Muon,spectral-friendly-sam-muon,muon,both,1.1,0.5,0.842818849939486,0.7919459464225362,0.8748594792797897,0.8341578904921227,0.0,3.6222663939210937,1000
spectral-friendly-sam-muon,Spectral Friendly SAM-Muon,spectral-friendly-sam-muon,muon,both,1.1,1.0,0.653617693966841,0.6121593495505093,0.6843564809694659,0.6497088547419456,0.0,7.234698805074874,1000
spectral-friendly-sam-muon,Spectral Friendly SAM-Muon,spectral-friendly-sam-muon,muon,both,1.3,0.01,0.5013952933220339,0.4960050893655335,0.5087121102232804,0.5042108284658319,0.0,0.073071382265408,1000
spectral-friendly-sam-muon,Spectral Friendly SAM-Muon,spectral-friendly-sam-muon,muon,both,1.3,0.02,0.5001253864289901,0.49484957074875097,0.5075004560674865,0.5029840496110509,0.0,0.14614138928438455,1000
spectral-friendly-sam-muon,Spectral Friendly SAM-Muon,spectral-friendly-sam-muon,muon,both,1.3,0.05,0.4959639388887695,0.49103621304931055,0.5035083799925415,0.49894742250481855,0.0,0.3653463841807628,1000
spectral-friendly-sam-muon,Spectral Friendly SAM-Muon,spectral-friendly-sam-muon,muon,both,1.3,0.1,0.4879222976894745,0.4835738204105632,0.4957243149798087,0.49109107845577027,0.0,0.7306904582189452,1000
spectral-friendly-sam-muon,Spectral Friendly SAM-Muon,spectral-friendly-sam-muon,muon,both,1.3,0.2,0.4683083662868299,0.46501115880908006,0.47646942640751644,0.4717173764719236,0.0,1.4615284425930453,1000
spectral-friendly-sam-muon,Spectral Friendly SAM-Muon,spectral-friendly-sam-muon,muon,both,1.3,0.5,0.39677696147041,0.3932082953439515,0.40307284470921595,0.3987749162315233,0.0,3.656534188649281,1000
spectral-friendly-sam-muon,Spectral Friendly SAM-Muon,spectral-friendly-sam-muon,muon,both,1.3,1.0,0.3104358766700675,0.3037293199391765,0.31156219918683115,0.30926657172220523,0.0,7.313157116313828,1000
spectral-friendly-sam-muon,Spectral Friendly SAM-Muon,spectral-friendly-sam-muon,muon,both,1.6,0.01,0.23088739345155876,0.22879040291893177,0.2336096859807147,0.23088032742663495,0.0,0.07112005866656475,1000
spectral-friendly-sam-muon,Spectral Friendly SAM-Muon,spectral-friendly-sam-muon,muon,both,1.6,0.02,0.23028558847640676,0.22820601051729422,0.23302703776373843,0.2302921409470407,0.0,0.1422399259803703,1000
spectral-friendly-sam-muon,Spectral Friendly SAM-Muon,spectral-friendly-sam-muon,muon,both,1.6,0.05,0.2281819755071105,0.22614433614170962,0.2309742029419478,0.2282160355984595,0.0,0.3556027863556991,1000
spectral-friendly-sam-muon,Spectral Friendly SAM-Muon,spectral-friendly-sam-muon,muon,both,1.6,0.1,0.2237629180549125,0.22175905764177545,0.22661466374308128,0.2237979041027004,0.0,0.7112333881037114,1000
spectral-friendly-sam-muon,Spectral Friendly SAM-Muon,spectral-friendly-sam-muon,muon,both,1.6,0.2,0.21226448104248563,0.21023982548354866,0.21514025435836076,0.21216632149013429,0.0,1.4226066850543466,1000
spectral-friendly-sam-muon,Spectral Friendly SAM-Muon,spectral-friendly-sam-muon,muon,both,1.6,0.5,0.17288300253901834,0.1690487970001206,0.1746782382120937,0.1715912121706073,0.0,3.5551356411159523,1000
spectral-friendly-sam-muon,Spectral Friendly SAM-Muon,spectral-friendly-sam-muon,muon,both,1.6,1.0,0.1469139493414729,0.1428888151713397,0.1488735291228096,0.14644901645650582,0.0,7.109143696229069,1000
spectral-friendly-sam-muon,Spectral Friendly SAM-Muon,spectral-friendly-sam-muon,muon,both,2.0,0.01,0.11421054951503004,0.11044019341427519,0.11470750296402345,0.11340743590556182,0.0,0.0703209037117308,1000
spectral-friendly-sam-muon,Spectral Friendly SAM-Muon,spectral-friendly-sam-muon,muon,both,2.0,0.02,0.11392021932743934,0.11015714776622247,0.1144173631765746,0.11312367328720432,0.0,0.14064282558140295,1000
spectral-friendly-sam-muon,Spectral Friendly SAM-Muon,spectral-friendly-sam-muon,muon,both,2.0,0.05,0.1128435506088861,0.1091128240034413,0.11332241206132569,0.1120664480570302,0.0,0.3516152983621791,1000
spectral-friendly-sam-muon,Spectral Friendly SAM-Muon,spectral-friendly-sam-muon,muon,both,2.0,0.1,0.11036502644291141,0.10679303246550587,0.1109167110182334,0.10968477578028264,0.0,0.7032650191336043,1000
spectral-friendly-sam-muon,Spectral Friendly SAM-Muon,spectral-friendly-sam-muon,muon,both,2.0,0.2,0.1035834765616075,0.10065812938126273,0.10449054332600945,0.10329199623637916,0.0,1.4067486546735624,1000
spectral-friendly-sam-muon,Spectral Friendly SAM-Muon,spectral-friendly-sam-muon,muon,both,2.0,0.5,0.08229977762361304,0.08137300075128599,0.08437856286797463,0.083176194892818,0.0,3.5237030408656915,1000
spectral-friendly-sam-muon,Spectral Friendly SAM-Muon,spectral-friendly-sam-muon,muon,both,2.0,1.0,0.08687007370291294,0.08508903291877137,0.08774888449153684,0.08644559771323623,0.0,7.0634267330705995,1000
spectral-friendly-sam-muon,Spectral Friendly SAM-Muon,spectral-friendly-sam-muon,muon,both,3.0,0.01,0.05504516456442105,0.054555469934039,0.05564674936789445,0.05507108486496379,0.0,0.06930430620490854,1000
spectral-friendly-sam-muon,Spectral Friendly SAM-Muon,spectral-friendly-sam-muon,muon,both,3.0,0.02,0.054913534681909154,0.0544364283610258,0.055518934107567725,0.05494393115176176,0.0,0.13860910420447098,1000
spectral-friendly-sam-muon,Spectral Friendly SAM-Muon,spectral-friendly-sam-muon,muon,both,3.0,0.05,0.0544003051968013,0.05396863464538025,0.05500825177381853,0.054447677591097234,0.0,0.3465286985506367,1000
spectral-friendly-sam-muon,Spectral Friendly SAM-Muon,spectral-friendly-sam-muon,muon,both,3.0,0.1,0.0531996333906671,0.05286545791898947,0.05379878097423465,0.05328396426096861,0.0,0.693076983760023,1000
spectral-friendly-sam-muon,Spectral Friendly SAM-Muon,spectral-friendly-sam-muon,muon,both,3.0,0.2,0.050099786472741006,0.049653090100846675,0.0504889606775043,0.050120141030140765,0.0,1.3861476813249576,1000
spectral-friendly-sam-muon,Spectral Friendly SAM-Muon,spectral-friendly-sam-muon,muon,both,3.0,0.5,0.041252705217591196,0.0408173301870563,0.041951297442946296,0.041300653343654126,0.0,3.4666693788413294,1000
spectral-friendly-sam-muon,Spectral Friendly SAM-Muon,spectral-friendly-sam-muon,muon,both,3.0,1.0,0.05911159156455545,0.0576184198926378,0.0598078410807463,0.05880696458358199,0.0,6.937426752350974,1000
spectral-friendly-sam-muon,Spectral Friendly SAM-Muon,spectral-friendly-sam-muon,muon,both,inf,0.01,0.060719717129362055,0.06016723636138465,0.06146251529235605,0.06079923465531277,0.0,0.06928164816767796,1000
spectral-friendly-sam-muon,Spectral Friendly SAM-Muon,spectral-friendly-sam-muon,muon,both,inf,0.02,0.060596966377284844,0.060043343202914726,0.06132723025628677,0.06066718126488484,0.0,0.13856714022719255,1000
spectral-friendly-sam-muon,Spectral Friendly SAM-Muon,spectral-friendly-sam-muon,muon,both,inf,0.05,0.0601149540640091,0.059556177696903974,0.06080339045118468,0.06015162855236747,0.0,0.3464530853542188,1000
spectral-friendly-sam-muon,Spectral Friendly SAM-Muon,spectral-friendly-sam-muon,muon,both,inf,0.1,0.05897769561098845,0.05839940294853918,0.05950581587742655,0.05893922910455435,0.0,0.6929999477838706,1000
spectral-friendly-sam-muon,Spectral Friendly SAM-Muon,spectral-friendly-sam-muon,muon,both,inf,0.2,0.05567775858235395,0.055258123548849826,0.056112556076584524,0.055625776369901576,0.0,1.385924282250132,1000
spectral-friendly-sam-muon,Spectral Friendly SAM-Muon,spectral-friendly-sam-muon,muon,both,inf,0.5,0.04612638308259115,0.04515578477817535,0.04649648744193875,0.04594441810994328,0.0,3.463572342102351,1000
spectral-friendly-sam-muon,Spectral Friendly SAM-Muon,spectral-friendly-sam-muon,muon,both,inf,1.0,0.060941302851774806,0.05952806406115048,0.06149687049450055,0.06039171169262898,0.0,6.914901898672188,1000
stale-friendly-sam-muon@global,Stale Friendly SAM-Muon [global Frob],stale-friendly-sam-muon,muon,added,1.1,0.01,1.0145037009735787,0.9560745826380121,1.0462369397531437,1.0006288047154954,0.0,0.009999999999999551,501
stale-friendly-sam-muon@global,Stale Friendly SAM-Muon [global Frob],stale-friendly-sam-muon,muon,added,1.1,0.02,1.0144285015618242,0.956018071856689,1.0461798373545341,1.0005662625204808,0.0,0.01999999999999915,501
stale-friendly-sam-muon@global,Stale Friendly SAM-Muon [global Frob],stale-friendly-sam-muon,muon,added,1.1,0.05,1.0141941530404006,0.955839615296476,1.0459993177283198,1.0003696266907647,0.0,0.0499999999999979,501
stale-friendly-sam-muon@global,Stale Friendly SAM-Muon [global Frob],stale-friendly-sam-muon,muon,added,1.1,0.1,1.013774450657785,0.9555124689519182,1.0456677720418859,1.000011905294389,0.0,0.09999999999999579,501
stale-friendly-sam-muon@global,Stale Friendly SAM-Muon [global Frob],stale-friendly-sam-muon,muon,added,1.1,0.2,1.0128262219215567,0.9547469945475477,1.0448898984572745,0.9991843024309386,0.0,0.19999999999999163,501
stale-friendly-sam-muon@global,Stale Friendly SAM-Muon [global Frob],stale-friendly-sam-muon,muon,added,1.1,0.5,1.0091203017819503,0.9515688754827614,1.041646035119352,0.9958133035311826,0.0,0.49999999999997924,501
stale-friendly-sam-muon@global,Stale Friendly SAM-Muon [global Frob],stale-friendly-sam-muon,muon,added,1.1,1.0,1.0001560286179885,0.9434181590538236,1.033295282497535,0.987331114924906,0.0,0.9999999999999586,501
stale-friendly-sam-muon@global,Stale Friendly SAM-Muon [global Frob],stale-friendly-sam-muon,muon,added,1.3,0.01,0.5025652682503174,0.4970689422533788,0.5098294513316572,0.5053406033991645,0.0,0.0099999999999986,501
stale-friendly-sam-muon@global,Stale Friendly SAM-Muon [global Frob],stale-friendly-sam-muon,muon,added,1.3,0.02,0.5025242019771925,0.4970349036427462,0.5097945841790699,0.5053029873837372,0.0,0.01999999999999735,501
stale-friendly-sam-muon@global,Stale Friendly SAM-Muon [global Frob],stale-friendly-sam-muon,muon,added,1.3,0.05,0.5023931748064729,0.49692517107573436,0.5096810597753301,0.5051821245805206,0.0,0.04999999999999335,501
stale-friendly-sam-muon@global,Stale Friendly SAM-Muon [global Frob],stale-friendly-sam-muon,muon,added,1.3,0.1,0.502148763528978,0.49671691953844815,0.5094621366132165,0.5049540232334668,0.0,0.0999999999999869,501
stale-friendly-sam-muon@global,Stale Friendly SAM-Muon [global Frob],stale-friendly-sam-muon,muon,added,1.3,0.2,0.5015629047861137,0.4962055802140478,0.5089131989163302,0.5043983468752228,0.0,0.1999999999999737,501
stale-friendly-sam-muon@global,Stale Friendly SAM-Muon [global Frob],stale-friendly-sam-muon,muon,added,1.3,0.5,0.49904685445525643,0.49392281629997664,0.5063915835823793,0.5019514756906364,0.0,0.4999999999999344,501
stale-friendly-sam-muon@global,Stale Friendly SAM-Muon [global Frob],stale-friendly-sam-muon,muon,added,1.3,1.0,0.49208209583853535,0.48774119034369584,0.5001058414043296,0.4954425617568771,0.0,0.9999999999998683,501
stale-friendly-sam-muon@global,Stale Friendly SAM-Muon [global Frob],stale-friendly-sam-muon,muon,added,1.6,0.01,0.2314186030700533,0.22930180061054398,0.23412206407133979,0.2313951918759361,0.0,0.0099999999999968,501
stale-friendly-sam-muon@global,Stale Friendly SAM-Muon [global Frob],stale-friendly-sam-muon,muon,added,1.6,0.02,0.2313985063033012,0.22928070237353815,0.23410333838836264,0.23137443562076848,0.0,0.0199999999999936,501
stale-friendly-sam-muon@global,Stale Friendly SAM-Muon [global Frob],stale-friendly-sam-muon,muon,added,1.6,0.05,0.23133212729426866,0.2292108270016295,0.2340410995202517,0.23130582218225396,0.0,0.049999999999984154,501
stale-friendly-sam-muon@global,Stale Friendly SAM-Muon [global Frob],stale-friendly-sam-muon,muon,added,1.6,0.1,0.23120124429478495,0.2290724786714087,0.2339171962673525,0.2311703623958007,0.0,0.09999999999996831,501
stale-friendly-sam-muon@global,Stale Friendly SAM-Muon [global Frob],stale-friendly-sam-muon,muon,added,1.6,0.2,0.2308639518784559,0.2287141658992086,0.23359410417693222,0.2308207578881455,0.0,0.19999999999993673,501
stale-friendly-sam-muon@global,Stale Friendly SAM-Muon [global Frob],stale-friendly-sam-muon,muon,added,1.6,0.5,0.2292602371599281,0.22700156592282933,0.23203495224916512,0.22915754135682653,0.0,0.49999999999984207,501
stale-friendly-sam-muon@global,Stale Friendly SAM-Muon [global Frob],stale-friendly-sam-muon,muon,added,1.6,1.0,0.2247522363106172,0.22219653263736466,0.22758668185498124,0.22450857113202002,0.0,0.9999999999996841,501
stale-friendly-sam-muon@global,Stale Friendly SAM-Muon [global Frob],stale-friendly-sam-muon,muon,added,2.0,0.01,0.11445367755695066,0.110674506080024,0.11494746946221905,0.11364376693179712,0.0,0.0099999999999932,501
stale-friendly-sam-muon@global,Stale Friendly SAM-Muon [global Frob],stale-friendly-sam-muon,muon,added,2.0,0.02,0.1144414324923167,0.1106592994084605,0.11493527877666322,0.11363127694320788,0.0,0.01999999999998645,501
stale-friendly-sam-muon@global,Stale Friendly SAM-Muon [global Frob],stale-friendly-sam-muon,muon,added,2.0,0.05,0.1144004430353403,0.11060967009800848,0.11489419226625028,0.11358960469848406,0.0,0.0499999999999661,501
stale-friendly-sam-muon@global,Stale Friendly SAM-Muon [global Frob],stale-friendly-sam-muon,muon,added,2.0,0.1,0.11431798089681164,0.11051372050659088,0.11481074497775774,0.11350620890755586,0.0,0.0999999999999322,501
stale-friendly-sam-muon@global,Stale Friendly SAM-Muon [global Frob],stale-friendly-sam-muon,muon,added,2.0,0.2,0.11410039727686619,0.11027326199875867,0.11458840504133344,0.11328771866781234,0.0,0.19999999999986445,501
stale-friendly-sam-muon@global,Stale Friendly SAM-Muon [global Frob],stale-friendly-sam-muon,muon,added,2.0,0.5,0.1130407450710314,0.10918555834223037,0.11349559141136373,0.11223405247805938,0.0,0.4999999999996611,501
stale-friendly-sam-muon@global,Stale Friendly SAM-Muon [global Frob],stale-friendly-sam-muon,muon,added,2.0,1.0,0.10998657100363429,0.10633429341432615,0.11050495992975863,0.1093066435197236,0.0,0.9999999999993228,501
stale-friendly-sam-muon@global,Stale Friendly SAM-Muon [global Frob],stale-friendly-sam-muon,muon,added,3.0,0.01,0.0551501305197865,0.0546493613701162,0.055748551776520223,0.05517279966681874,0.0,0.009999999999987349,501
stale-friendly-sam-muon@global,Stale Friendly SAM-Muon [global Frob],stale-friendly-sam-muon,muon,added,3.0,0.02,0.0551439947554319,0.054643146087188024,0.05574364610390248,0.055167083840521026,0.0,0.019999999999974698,501
stale-friendly-sam-muon@global,Stale Friendly SAM-Muon [global Frob],stale-friendly-sam-muon,muon,added,3.0,0.05,0.05512311678152565,0.05462210819665653,0.05572643544240857,0.055147513031348884,0.0,0.04999999999993685,501
stale-friendly-sam-muon@global,Stale Friendly SAM-Muon [global Frob],stale-friendly-sam-muon,muon,added,3.0,0.1,0.05508010576305425,0.05457907778229008,0.05568944908215795,0.055106846968729084,0.0,0.0999999999998738,501
stale-friendly-sam-muon@global,Stale Friendly SAM-Muon [global Frob],stale-friendly-sam-muon,muon,added,3.0,0.2,0.0549634097530102,0.05446329630365258,0.05558444831811235,0.05499558479620665,0.0,0.1999999999997476,501
stale-friendly-sam-muon@global,Stale Friendly SAM-Muon [global Frob],stale-friendly-sam-muon,muon,added,3.0,0.5,0.05437272224279075,0.05389252728273625,0.055022213622137904,0.054430600947711655,0.0,0.4999999999993695,501
stale-friendly-sam-muon@global,Stale Friendly SAM-Muon [global Frob],stale-friendly-sam-muon,muon,added,3.0,1.0,0.0527067501877158,0.052319007901058076,0.05337186604138898,0.05283366309801302,0.0,0.9999999999987422,501
stale-friendly-sam-muon@global,Stale Friendly SAM-Muon [global Frob],stale-friendly-sam-muon,muon,added,inf,0.01,0.06081701594486995,0.060265827734382424,0.06157080645984948,0.060904363087537564,0.0,0.0099999999999885,501
stale-friendly-sam-muon@global,Stale Friendly SAM-Muon [global Frob],stale-friendly-sam-muon,muon,added,inf,0.02,0.0608114008002546,0.060260134434845056,0.06156399419614265,0.060897850148146235,0.0,0.0199999999999771,501
stale-friendly-sam-muon@global,Stale Friendly SAM-Muon [global Frob],stale-friendly-sam-muon,muon,added,inf,0.05,0.0607920638069394,0.06024049022356265,0.06154095056284947,0.06087570807580732,0.0,0.049999999999942854,501
stale-friendly-sam-muon@global,Stale Friendly SAM-Muon [global Frob],stale-friendly-sam-muon,muon,added,inf,0.1,0.06075159602268235,0.06019924782984973,0.061493902709428325,0.06083018202197744,0.0,0.09999999999988585,501
stale-friendly-sam-muon@global,Stale Friendly SAM-Muon [global Frob],stale-friendly-sam-muon,muon,added,inf,0.2,0.0606402682986186,0.060085288351111724,0.06136782052226955,0.06070725308405585,0.0,0.19999999999977164,501
stale-friendly-sam-muon@global,Stale Friendly SAM-Muon [global Frob],stale-friendly-sam-muon,muon,added,inf,0.5,0.06007336704825615,0.05950151646810465,0.06074658757050168,0.060094075400940264,0.0,0.4999999999994291,501
stale-friendly-sam-muon@global,Stale Friendly SAM-Muon [global Frob],stale-friendly-sam-muon,muon,added,inf,1.0,0.058441378286426746,0.05784160817748555,0.058910666762009546,0.05837100208398849,0.0,0.9999999999988591,501
stale-friendly-sam-muon@per-layer,Stale Friendly SAM-Muon [per-layer Frob],stale-friendly-sam-muon,muon,added,1.1,0.01,1.0144536038694842,0.9560308534969685,1.0461815621397037,1.0005781653647023,0.0,0.0141421356237296,501
stale-friendly-sam-muon@per-layer,Stale Friendly SAM-Muon [per-layer Frob],stale-friendly-sam-muon,muon,added,1.1,0.02,1.0143271704358998,0.9559293258415158,1.0460679088297957,1.0004638023885157,0.0,0.02828427124745925,501
stale-friendly-sam-muon@per-layer,Stale Friendly SAM-Muon [per-layer Frob],stale-friendly-sam-muon,muon,added,1.1,0.05,1.0139323098876574,0.9556081049149525,1.0457107082452997,1.0001046284439887,0.0,0.0707106781186482,501
stale-friendly-sam-muon@per-layer,Stale Friendly SAM-Muon [per-layer Frob],stale-friendly-sam-muon,muon,added,1.1,0.1,1.013222461711282,0.9550173892067692,1.0450613426992885,0.9994525074981093,0.0,0.1414213562372964,501
stale-friendly-sam-muon@per-layer,Stale Friendly SAM-Muon [per-layer Frob],stale-friendly-sam-muon,muon,added,1.1,0.2,1.0116097188346986,0.9536294070238941,1.0435609205798178,0.997948684161415,0.0,0.2828427124745928,501
stale-friendly-sam-muon@per-layer,Stale Friendly SAM-Muon [per-layer Frob],stale-friendly-sam-muon,muon,added,1.1,0.5,1.0052522407887672,0.9478411290976615,1.037471827163058,0.9918683458076798,0.0,0.7071067811864822,501
stale-friendly-sam-muon@per-layer,Stale Friendly SAM-Muon [per-layer Frob],stale-friendly-sam-muon,muon,added,1.1,1.0,0.9898187130526273,0.9330702508817403,1.022293957910102,0.9767810757169885,0.0,1.4142135623729644,501
stale-friendly-sam-muon@per-layer,Stale Friendly SAM-Muon [per-layer Frob],stale-friendly-sam-muon,muon,added,1.3,0.01,0.5025329908747127,0.49704653785443564,0.5098050918060538,0.5053142935416775,0.0,0.0141421356237282,501
stale-friendly-sam-muon@per-layer,Stale Friendly SAM-Muon [per-layer Frob],stale-friendly-sam-muon,muon,added,1.3,0.02,0.5024584660871241,0.4969889229723981,0.5097446468963359,0.5052491930210541,0.0,0.0282842712474565,501
stale-friendly-sam-muon@per-layer,Stale Friendly SAM-Muon [per-layer Frob],stale-friendly-sam-muon,muon,added,1.3,0.05,0.5022199945975674,0.4968014362733042,0.5095470868748186,0.505038837986775,0.0,0.0707106781186413,501
stale-friendly-sam-muon@per-layer,Stale Friendly SAM-Muon [per-layer Frob],stale-friendly-sam-muon,muon,added,1.3,0.1,0.5017730698031,0.49644022618469075,0.5091638217571132,0.5046381895969678,0.0,0.1414213562372827,501
stale-friendly-sam-muon@per-layer,Stale Friendly SAM-Muon [per-layer Frob],stale-friendly-sam-muon,muon,added,1.3,0.2,0.5006954126839755,0.4955359045378255,0.5081958097740246,0.503650409218483,0.0,0.28284271247456527,501
stale-friendly-sam-muon@per-layer,Stale Friendly SAM-Muon [per-layer Frob],stale-friendly-sam-muon,muon,added,1.3,0.5,0.4960422101621997,0.4913984029966913,0.503718494172722,0.4992348653246251,0.0,0.7071067811864131,501
stale-friendly-sam-muon@per-layer,Stale Friendly SAM-Muon [per-layer Frob],stale-friendly-sam-muon,muon,added,1.3,1.0,0.48372429170055825,0.4801182333381163,0.4920009065005567,0.4874680947316564,0.0,1.4142135623728262,501
stale-friendly-sam-muon@per-layer,Stale Friendly SAM-Muon [per-layer Frob],stale-friendly-sam-muon,muon,added,1.6,0.01,0.23140487129987455,0.22929184086334287,0.2341108210579636,0.23138333270335748,0.0,0.0141421356237225,501
stale-friendly-sam-muon@per-layer,Stale Friendly SAM-Muon [per-layer Frob],stale-friendly-sam-muon,muon,added,1.6,0.02,0.23136999847096024,0.22925970194959133,0.23407972218911974,0.23134959837922559,0.0,0.0282842712474451,501
stale-friendly-sam-muon@per-layer,Stale Friendly SAM-Muon [per-layer Frob],stale-friendly-sam-muon,muon,added,1.6,0.05,0.2312530439324316,0.22915022616676714,0.23397359425812927,0.23123535174844645,0.0,0.0707106781186128,501
stale-friendly-sam-muon@per-layer,Stale Friendly SAM-Muon [per-layer Frob],stale-friendly-sam-muon,muon,added,1.6,0.1,0.23101717590858606,0.22892435426722518,0.23375407228743422,0.23100161958192741,0.0,0.14142135623722568,501
stale-friendly-sam-muon@per-layer,Stale Friendly SAM-Muon [per-layer Frob],stale-friendly-sam-muon,muon,added,1.6,0.2,0.2303936088932744,0.22831122758851663,0.23315655870228907,0.23037337869215102,0.0,0.28284271247445153,501
stale-friendly-sam-muon@per-layer,Stale Friendly SAM-Muon [per-layer Frob],stale-friendly-sam-muon,muon,added,1.6,0.5,0.2273611345929144,0.2252345248557572,0.23014860891528283,0.2272601682226993,0.0,0.7071067811861289,501
stale-friendly-sam-muon@per-layer,Stale Friendly SAM-Muon [per-layer Frob],stale-friendly-sam-muon,muon,added,1.6,1.0,0.21900066719667877,0.21661083560851038,0.2216840521630358,0.21861753465893707,0.0,1.4142135623722587,501
stale-friendly-sam-muon@per-layer,Stale Friendly SAM-Muon [per-layer Frob],stale-friendly-sam-muon,muon,added,2.0,0.01,0.11444734081411059,0.11066660217454605,0.11494116842320433,0.11363705028221631,0.0,0.0141421356237165,501
stale-friendly-sam-muon@per-layer,Stale Friendly SAM-Muon [per-layer Frob],stale-friendly-sam-muon,muon,added,2.0,0.02,0.1144279044664682,0.11064271587596594,0.11492178971464322,0.1136170306280048,0.0,0.028284271247433,501
stale-friendly-sam-muon@per-layer,Stale Friendly SAM-Muon [per-layer Frob],stale-friendly-sam-muon,muon,added,2.0,0.05,0.1143602330136317,0.11056243281927369,0.1148538426270472,0.11354791368880389,0.0,0.0707106781185826,501
stale-friendly-sam-muon@per-layer,Stale Friendly SAM-Muon [per-layer Frob],stale-friendly-sam-muon,muon,added,2.0,0.1,0.1142164276252543,0.11040028535654127,0.1147081669994771,0.1134027570545818,0.0,0.1414213562371652,501
stale-friendly-sam-muon@per-layer,Stale Friendly SAM-Muon [per-layer Frob],stale-friendly-sam-muon,muon,added,2.0,0.2,0.1138145683810583,0.10997309872577668,0.11429788407515194,0.11300230179281742,0.0,0.28284271247433046,501
stale-friendly-sam-muon@per-layer,Stale Friendly SAM-Muon [per-layer Frob],stale-friendly-sam-muon,muon,added,2.0,0.5,0.1117245485542773,0.10794632094151768,0.11224898190375587,0.11098438033475065,0.0,0.7071067811858268,501
stale-friendly-sam-muon@per-layer,Stale Friendly SAM-Muon [per-layer Frob],stale-friendly-sam-muon,muon,added,2.0,1.0,0.10590249029263404,0.10279041983059704,0.10682624213831984,0.10556334656851249,0.0,1.4142135623716565,501
stale-friendly-sam-muon@per-layer,Stale Friendly SAM-Muon [per-layer Frob],stale-friendly-sam-muon,muon,added,3.0,0.01,0.055146992240826295,0.05464630357768002,0.05574610502805867,0.05516992151133296,0.0,0.0141421356237048,501
stale-friendly-sam-muon@per-layer,Stale Friendly SAM-Muon [per-layer Frob],stale-friendly-sam-muon,muon,added,3.0,0.02,0.05513723883260785,0.05463656982202737,0.05573825982373708,0.05516085206934923,0.0,0.0282842712474096,501
stale-friendly-sam-muon@per-layer,Stale Friendly SAM-Muon [per-layer Frob],stale-friendly-sam-muon,muon,added,3.0,0.05,0.055102650716427046,0.05460221826518372,0.0557092789223899,0.055128383802070635,0.0,0.070710678118524,501
stale-friendly-sam-muon@per-layer,Stale Friendly SAM-Muon [per-layer Frob],stale-friendly-sam-muon,muon,added,3.0,0.1,0.055027358188769596,0.05452785725985353,0.05564288900454905,0.0550568721403681,0.0,0.14142135623704816,501
stale-friendly-sam-muon@per-layer,Stale Friendly SAM-Muon [per-layer Frob],stale-friendly-sam-muon,muon,added,3.0,0.2,0.0548113587614497,0.05431626375332395,0.0554427064534119,0.0548498056159234,0.0,0.2828427124740963,501
stale-friendly-sam-muon@per-layer,Stale Friendly SAM-Muon [per-layer Frob],stale-friendly-sam-muon,muon,added,3.0,0.5,0.0536745674063077,0.053242159071238325,0.05432611451304965,0.05375826198529191,0.0,0.7071067811852421,501
stale-friendly-sam-muon@per-layer,Stale Friendly SAM-Muon [per-layer Frob],stale-friendly-sam-muon,muon,added,3.0,1.0,0.050802453116807006,0.05022349452751643,0.051353937400449495,0.05086780466651705,0.0,1.4142135623704954,501
stale-friendly-sam-muon@per-layer,Stale Friendly SAM-Muon [per-layer Frob],stale-friendly-sam-muon,muon,added,inf,0.01,0.060814327299482496,0.06026302028678735,0.0615676881980074,0.06090119375746618,0.0,0.014142135623707,501
stale-friendly-sam-muon@per-layer,Stale Friendly SAM-Muon [per-layer Frob],stale-friendly-sam-muon,muon,added,inf,0.02,0.06080553718170205,0.06025404058695963,0.061557251177188,0.0608909967210058,0.0,0.028284271247414047,501
stale-friendly-sam-muon@per-layer,Stale Friendly SAM-Muon [per-layer Frob],stale-friendly-sam-muon,muon,added,inf,0.05,0.060773790072462544,0.060221682860626374,0.061520309851718705,0.06085473625297755,0.0,0.07071067811853525,501
stale-friendly-sam-muon@per-layer,Stale Friendly SAM-Muon [per-layer Frob],stale-friendly-sam-muon,muon,added,inf,0.1,0.0607032297947515,0.0601498765787439,0.0614401341797204,0.060775614175852685,0.0,0.14142135623707053,501
stale-friendly-sam-muon@per-layer,Stale Friendly SAM-Muon [per-layer Frob],stale-friendly-sam-muon,muon,added,inf,0.2,0.0604981494354064,0.059940893946187346,0.061211626725876975,0.06054915396442651,0.0,0.2828427124741411,501
stale-friendly-sam-muon@per-layer,Stale Friendly SAM-Muon [per-layer Frob],stale-friendly-sam-muon,muon,added,inf,0.5,0.05940289876528975,0.05883725105537435,0.06000252976791772,0.05936913892692861,0.0,0.7071067811853533,501
stale-friendly-sam-muon@per-layer,Stale Friendly SAM-Muon [per-layer Frob],stale-friendly-sam-muon,muon,added,inf,1.0,0.05634376276197341,0.05593956145864758,0.056709323223422724,0.05625367954265742,0.0,1.4142135623707128,501
stale-friendly-spectral-sam-muon,Stale Friendly Spectral SAM-Muon,stale-friendly-spectral-sam-muon,muon,mnist,1.1,0.01,1.0130116596490077,0.9547862113471437,1.044746263354646,0.9992322772726049,0.0,0.07168745446476141,501
stale-friendly-spectral-sam-muon,Stale Friendly Spectral SAM-Muon,stale-friendly-spectral-sam-muon,muon,mnist,1.1,0.02,1.0113842910211812,0.9533757391447295,1.0431364528989513,0.9977115469549958,0.0,0.14337750142492917,501
stale-friendly-spectral-sam-muon,Stale Friendly Spectral SAM-Muon,stale-friendly-spectral-sam-muon,muon,mnist,1.1,0.05,1.0061357748241677,0.9487457123658849,1.0379290163735393,0.9927737113634676,0.0,0.35849161879371316,501
stale-friendly-spectral-sam-muon,Stale Friendly Spectral SAM-Muon,stale-friendly-spectral-sam-muon,muon,mnist,1.1,0.1,0.9961866603243531,0.9397256406397173,1.0280127105752888,0.9833138615447379,0.0,0.7172977065003732,501
stale-friendly-spectral-sam-muon,Stale Friendly Spectral SAM-Muon,stale-friendly-spectral-sam-muon,muon,mnist,1.1,0.2,0.9719544422349464,0.9170158452891566,1.0037488132231125,0.9599778817107991,0.0,1.4364774475222504,501
stale-friendly-spectral-sam-muon,Stale Friendly Spectral SAM-Muon,stale-friendly-spectral-sam-muon,muon,mnist,1.1,0.5,0.8700941992654396,0.8177577030616752,0.9017321738462197,0.8605879513374459,0.0,3.5890464900059005,501
stale-friendly-spectral-sam-muon,Stale Friendly Spectral SAM-Muon,stale-friendly-spectral-sam-muon,muon,mnist,1.1,1.0,0.6724013845348996,0.6295748663458901,0.7019265555814095,0.6679529622382558,0.0,7.207401509975888,501
stale-friendly-spectral-sam-muon,Stale Friendly Spectral SAM-Muon,stale-friendly-spectral-sam-muon,muon,mnist,1.3,0.01,0.5018969434278553,0.49648888244188766,0.5092042395778634,0.5047259016589876,0.0,0.07248466555583576,501
stale-friendly-spectral-sam-muon,Stale Friendly Spectral SAM-Muon,stale-friendly-spectral-sam-muon,muon,mnist,1.3,0.02,0.5011241591729241,0.4958131763232291,0.5084806273527683,0.5040099161563703,0.0,0.14495491543888234,501
stale-friendly-spectral-sam-muon,Stale Friendly Spectral SAM-Muon,stale-friendly-spectral-sam-muon,muon,mnist,1.3,0.05,0.49842205903299386,0.4934119896504997,0.505923228587594,0.5014748390144639,0.0,0.36228708156325995,501
stale-friendly-spectral-sam-muon,Stale Friendly Spectral SAM-Muon,stale-friendly-spectral-sam-muon,muon,mnist,1.3,0.1,0.49267566066829166,0.4881882345552456,0.5004016703814689,0.4959850121114331,0.0,0.7248176016232404,501
stale-friendly-spectral-sam-muon,Stale Friendly Spectral SAM-Muon,stale-friendly-spectral-sam-muon,muon,mnist,1.3,0.2,0.47690044808977616,0.47343753074118194,0.4849661403254546,0.4805706038565505,0.0,1.450285821570224,501
stale-friendly-spectral-sam-muon,Stale Friendly Spectral SAM-Muon,stale-friendly-spectral-sam-muon,muon,mnist,1.3,0.5,0.40885823873753135,0.4054998422633741,0.4155436767397399,0.41094148078557047,0.0,3.6141608209681495,501
stale-friendly-spectral-sam-muon,Stale Friendly Spectral SAM-Muon,stale-friendly-spectral-sam-muon,muon,mnist,1.3,1.0,0.3309211307646039,0.32202911224725683,0.3337299046282689,0.32912490661791405,0.0,7.218225037684779,501
stale-friendly-spectral-sam-muon,Stale Friendly Spectral SAM-Muon,stale-friendly-spectral-sam-muon,muon,mnist,1.6,0.01,0.23113225733837325,0.2290686379786553,0.23387096672654728,0.2311328909230707,0.0,0.07169998041081445,501
stale-friendly-spectral-sam-muon,Stale Friendly Spectral SAM-Muon,stale-friendly-spectral-sam-muon,muon,mnist,1.6,0.02,0.23077202209990674,0.22875874123469106,0.2335468053626124,0.23079410649694887,0.0,0.14342828506930583,501
stale-friendly-spectral-sam-muon,Stale Friendly Spectral SAM-Muon,stale-friendly-spectral-sam-muon,muon,mnist,1.6,0.05,0.22936935413830228,0.22749157447226895,0.2322477617996036,0.22944246021027892,0.0,0.3588195644536246,501
stale-friendly-spectral-sam-muon,Stale Friendly Spectral SAM-Muon,stale-friendly-spectral-sam-muon,muon,mnist,1.6,0.1,0.22601834507104435,0.22430181076699396,0.22904469103855438,0.22612616309231534,0.0,0.7187288768719498,501
stale-friendly-spectral-sam-muon,Stale Friendly Spectral SAM-Muon,stale-friendly-spectral-sam-muon,muon,mnist,1.6,0.2,0.2161474260717208,0.2145398251850993,0.21933333978991298,0.2161384530708801,0.0,1.4411612126973399,501
stale-friendly-spectral-sam-muon,Stale Friendly Spectral SAM-Muon,stale-friendly-spectral-sam-muon,muon,mnist,1.6,0.5,0.17897124741876758,0.17426303040465546,0.18123033296514596,0.17743066295986287,0.0,3.600734138805707,501
stale-friendly-spectral-sam-muon,Stale Friendly Spectral SAM-Muon,stale-friendly-spectral-sam-muon,muon,mnist,1.6,1.0,0.1798046599027556,0.17637796469160738,0.18261769065364147,0.1794219763297955,0.0,7.149375428638808,501
stale-friendly-spectral-sam-muon,Stale Friendly Spectral SAM-Muon,stale-friendly-spectral-sam-muon,muon,mnist,2.0,0.01,0.11434169350349055,0.11054602562332973,0.11482636496485071,0.11352650780202511,0.0,0.07149099816084376,501
stale-friendly-spectral-sam-muon,Stale Friendly Spectral SAM-Muon,stale-friendly-spectral-sam-muon,muon,mnist,2.0,0.02,0.11418053578660625,0.1103672266954547,0.11465367441914676,0.11336038765905594,0.0,0.14300745389838249,501
stale-friendly-spectral-sam-muon,Stale Friendly Spectral SAM-Muon,stale-friendly-spectral-sam-muon,muon,mnist,2.0,0.05,0.11347550553106056,0.10962231521323072,0.1139021268474557,0.11264433179732813,0.0,0.3576503433641945,501
stale-friendly-spectral-sam-muon,Stale Friendly Spectral SAM-Muon,stale-friendly-spectral-sam-muon,muon,mnist,2.0,0.1,0.11154126891222185,0.10774464341710718,0.11202998525219215,0.11077302728188453,0.0,0.7143804933682658,501
stale-friendly-spectral-sam-muon,Stale Friendly Spectral SAM-Muon,stale-friendly-spectral-sam-muon,muon,mnist,2.0,0.2,0.10552962223426225,0.10230649276987995,0.10639312031626592,0.10511458884720055,0.0,1.4180183979451397,501
stale-friendly-spectral-sam-muon,Stale Friendly Spectral SAM-Muon,stale-friendly-spectral-sam-muon,muon,mnist,2.0,0.5,0.0866752661195276,0.08599446217439735,0.08926633765310853,0.08774352586554729,0.0,3.539789378634439,501
stale-friendly-spectral-sam-muon,Stale Friendly Spectral SAM-Muon,stale-friendly-spectral-sam-muon,muon,mnist,2.0,1.0,0.14483374106675068,0.14438660710085788,0.1461797615030283,0.14522598336974674,0.0,7.085078413797288,501
stale-friendly-spectral-sam-muon,Stale Friendly Spectral SAM-Muon,stale-friendly-spectral-sam-muon,muon,mnist,3.0,0.01,0.055106166058650846,0.05461001001152992,0.05570828151531022,0.05513148837429982,0.0,0.0695008920197034,501
stale-friendly-spectral-sam-muon,Stale Friendly Spectral SAM-Muon,stale-friendly-spectral-sam-muon,muon,mnist,3.0,0.02,0.05503448863805835,0.05454441005629027,0.05564187760422745,0.05506385351090672,0.0,0.13897630347837253,501
stale-friendly-spectral-sam-muon,Stale Friendly Spectral SAM-Muon,stale-friendly-spectral-sam-muon,muon,mnist,3.0,0.05,0.0546918432734001,0.05422725317356843,0.05531557489655705,0.054738854913628496,0.0,0.3472526985453986,501
stale-friendly-spectral-sam-muon,Stale Friendly Spectral SAM-Muon,stale-friendly-spectral-sam-muon,muon,mnist,3.0,0.1,0.0537412319581543,0.05334807955497617,0.0543862219462808,0.05383248883971359,0.0,0.6937260037909974,501
stale-friendly-spectral-sam-muon,Stale Friendly Spectral SAM-Muon,stale-friendly-spectral-sam-muon,muon,mnist,3.0,0.2,0.051003093124450796,0.05055536201897597,0.05152093320052445,0.05107646985069714,0.0,1.3865558616287028,501
stale-friendly-spectral-sam-muon,Stale Friendly Spectral SAM-Muon,stale-friendly-spectral-sam-muon,muon,mnist,3.0,0.5,0.048954530886602204,0.04723237468808403,0.049230575053573124,0.0484614348627178,0.0,3.498685934070721,501
stale-friendly-spectral-sam-muon,Stale Friendly Spectral SAM-Muon,stale-friendly-spectral-sam-muon,muon,mnist,3.0,1.0,0.1266079538221458,0.12576322684311925,0.12922176032959007,0.12690201051261507,0.0,7.007211980174089,501
stale-friendly-spectral-sam-muon,Stale Friendly Spectral SAM-Muon,stale-friendly-spectral-sam-muon,muon,mnist,inf,0.01,0.0607826840469384,0.0602289987530773,0.06152661235255553,0.06086322300868276,0.0,0.06896079402297255,501
stale-friendly-spectral-sam-muon,Stale Friendly Spectral SAM-Muon,stale-friendly-spectral-sam-muon,muon,mnist,inf,0.02,0.060722253180334904,0.060165725244943125,0.061454293190259975,0.06079390554414202,0.0,0.1379310279890094,501
stale-friendly-spectral-sam-muon,Stale Friendly Spectral SAM-Muon,stale-friendly-spectral-sam-muon,muon,mnist,inf,0.05,0.06042107998112145,0.05985132757887672,0.06111219055447985,0.06045774813103602,0.0,0.3448187071039246,501
stale-friendly-spectral-sam-muon,Stale Friendly Spectral SAM-Muon,stale-friendly-spectral-sam-muon,muon,mnist,inf,0.1,0.0595556945919906,0.0589450917122133,0.060120442389231574,0.05950964641956223,0.0,0.6892780610228666,501
stale-friendly-spectral-sam-muon,Stale Friendly Spectral SAM-Muon,stale-friendly-spectral-sam-muon,muon,mnist,inf,0.2,0.0567596299371661,0.056206491383354956,0.05701876578626055,0.056613706060523926,0.0,1.382218408083589,501
stale-friendly-spectral-sam-muon,Stale Friendly Spectral SAM-Muon,stale-friendly-spectral-sam-muon,muon,mnist,inf,0.5,0.05230571040078125,0.0513007237170392,0.052710169396078775,0.052152742811968876,0.0,3.4764165304886063,501
stale-friendly-spectral-sam-muon,Stale Friendly Spectral SAM-Muon,stale-friendly-spectral-sam-muon,muon,mnist,inf,1.0,0.13036752885484987,0.12897756729189921,0.13164304696581686,0.13041282465625348,0.0,6.965716137162955,501
stale-momentum-friendly-sam-muon@global,Stale Momentum-Friendly SAM-Muon [global Frob],stale-momentum-friendly-sam-muon,muon,added,1.1,0.01,1.0144599028508352,0.9560366823873363,1.0462014040599468,1.0005908346008443,0.0,0.009999999999999551,501
stale-momentum-friendly-sam-muon@global,Stale Momentum-Friendly SAM-Muon [global Frob],stale-momentum-friendly-sam-muon,muon,added,1.1,0.02,1.01434096694235,0.9559423112651368,1.0461088290608795,1.000490383769644,0.0,0.0199999999999992,501
stale-momentum-friendly-sam-muon@global,Stale Momentum-Friendly SAM-Muon [global Frob],stale-momentum-friendly-sam-muon,muon,added,1.1,0.05,1.0139757860498366,0.9556505164483658,1.045822274513768,1.0001803947449361,0.0,0.049999999999998046,501
stale-momentum-friendly-sam-muon@global,Stale Momentum-Friendly SAM-Muon [global Frob],stale-momentum-friendly-sam-muon,muon,added,1.1,0.1,1.0133393308209249,0.9551353024769279,1.0453153061081397,0.9996350173647981,0.0,0.0999999999999962,501
stale-momentum-friendly-sam-muon@global,Stale Momentum-Friendly SAM-Muon [global Frob],stale-momentum-friendly-sam-muon,muon,added,1.1,0.2,1.0119628021564617,0.9539969610371571,1.0441916630823647,0.998437035848146,0.0,0.19999999999999254,501
stale-momentum-friendly-sam-muon@global,Stale Momentum-Friendly SAM-Muon [global Frob],stale-momentum-friendly-sam-muon,muon,added,1.1,0.5,1.0070197453546632,0.9497298400503631,1.0399548572330997,0.9939985585185473,0.0,0.4999999999999813,501
stale-momentum-friendly-sam-muon@global,Stale Momentum-Friendly SAM-Muon [global Frob],stale-momentum-friendly-sam-muon,muon,added,1.1,1.0,0.9961846659183592,0.939889129623766,1.0301193882604704,0.9839156270194536,0.0,0.9999999999999623,501
stale-momentum-friendly-sam-muon@global,Stale Momentum-Friendly SAM-Muon [global Frob],stale-momentum-friendly-sam-muon,muon,added,1.3,0.01,0.5025376969492976,0.4970473904337979,0.5098067365381365,0.5053160935933219,0.0,0.009999999999998701,501
stale-momentum-friendly-sam-muon@global,Stale Momentum-Friendly SAM-Muon [global Frob],stale-momentum-friendly-sam-muon,muon,added,1.3,0.02,0.5024691416956246,0.49699182498447825,0.5097491770831869,0.5052540232597886,0.0,0.01999999999999745,501
stale-momentum-friendly-sam-muon@global,Stale Momentum-Friendly SAM-Muon [global Frob],stale-momentum-friendly-sam-muon,muon,added,1.3,0.05,0.5022561516217618,0.49681766501031244,0.5095677160815749,0.5050601377295447,0.0,0.0499999999999937,501
stale-momentum-friendly-sam-muon@global,Stale Momentum-Friendly SAM-Muon [global Frob],stale-momentum-friendly-sam-muon,muon,added,1.3,0.1,0.5018768757391522,0.4965025639497969,0.5092360645797925,0.50471150939063,0.0,0.09999999999998745,501
stale-momentum-friendly-sam-muon@global,Stale Momentum-Friendly SAM-Muon [global Frob],stale-momentum-friendly-sam-muon,muon,added,1.3,0.2,0.5010282556104684,0.49577965175551597,0.5084637704668927,0.5039195132061468,0.0,0.19999999999997486,501
stale-momentum-friendly-sam-muon@global,Stale Momentum-Friendly SAM-Muon [global Frob],stale-momentum-friendly-sam-muon,muon,added,1.3,0.5,0.49778796509041695,0.49288186866557565,0.5052928054722651,0.5008072061250225,0.0,0.4999999999999375,501
stale-momentum-friendly-sam-muon@global,Stale Momentum-Friendly SAM-Muon [global Frob],stale-momentum-friendly-sam-muon,muon,added,1.3,1.0,0.48984925408709135,0.4857573055439648,0.4980438911217634,0.4933590744684262,0.0,0.9999999999998745,501
stale-momentum-friendly-sam-muon@global,Stale Momentum-Friendly SAM-Muon [global Frob],stale-momentum-friendly-sam-muon,muon,added,1.6,0.01,0.23140668496547614,0.22928946668951378,0.23410980123684572,0.23138305727607028,0.0,0.00999999999999665,501
stale-momentum-friendly-sam-muon@global,Stale Momentum-Friendly SAM-Muon [global Frob],stale-momentum-friendly-sam-muon,muon,added,1.6,0.02,0.23137466660041905,0.22925602614271118,0.23407881054917073,0.23135016645031653,0.0,0.01999999999999335,501
stale-momentum-friendly-sam-muon@global,Stale Momentum-Friendly SAM-Muon [global Frob],stale-momentum-friendly-sam-muon,muon,added,1.6,0.05,0.2312725061584096,0.22914907816066288,0.2339797688378245,0.23124515494113543,0.0,0.0499999999999835,501
stale-momentum-friendly-sam-muon@global,Stale Momentum-Friendly SAM-Muon [global Frob],stale-momentum-friendly-sam-muon,muon,added,1.6,0.1,0.23108195699776962,0.22894881724394614,0.23379453239466558,0.23104908345157127,0.0,0.09999999999996706,501
stale-momentum-friendly-sam-muon@global,Stale Momentum-Friendly SAM-Muon [global Frob],stale-momentum-friendly-sam-muon,muon,added,1.6,0.2,0.23062539282215044,0.22846640993395126,0.23334902187381093,0.23057869805938103,0.0,0.19999999999993426,501
stale-momentum-friendly-sam-muon@global,Stale Momentum-Friendly SAM-Muon [global Frob],stale-momentum-friendly-sam-muon,muon,added,1.6,0.5,0.22866727690666266,0.2263833584987998,0.23142913214217029,0.22856163670699148,0.0,0.4999999999998354,501
stale-momentum-friendly-sam-muon@global,Stale Momentum-Friendly SAM-Muon [global Frob],stale-momentum-friendly-sam-muon,muon,added,1.6,1.0,0.2235952739917818,0.22099777794759717,0.22635429585242944,0.22338062093822952,0.0,0.9999999999996712,501
stale-momentum-friendly-sam-muon@global,Stale Momentum-Friendly SAM-Muon [global Frob],stale-momentum-friendly-sam-muon,muon,added,2.0,0.01,0.11444751229114394,0.11066798123247448,0.11494078370909977,0.11363743843251231,0.0,0.009999999999993351,501
stale-momentum-friendly-sam-muon@global,Stale Momentum-Friendly SAM-Muon [global Frob],stale-momentum-friendly-sam-muon,muon,added,2.0,0.02,0.11442909808789335,0.11064624551089519,0.11492190646073268,0.11361861599278095,0.0,0.0199999999999868,501
stale-momentum-friendly-sam-muon@global,Stale Momentum-Friendly SAM-Muon [global Frob],stale-momentum-friendly-sam-muon,muon,added,2.0,0.05,0.11436958079038584,0.11057700962334344,0.11486075889009738,0.11355792694298186,0.0,0.049999999999967154,501
stale-momentum-friendly-sam-muon@global,Stale Momentum-Friendly SAM-Muon [global Frob],stale-momentum-friendly-sam-muon,muon,added,2.0,0.1,0.1142561879452938,0.11044835366684318,0.1147438923657484,0.11344279747020461,0.0,0.09999999999993431,501
stale-momentum-friendly-sam-muon@global,Stale Momentum-Friendly SAM-Muon [global Frob],stale-momentum-friendly-sam-muon,muon,added,2.0,0.2,0.1139766878808822,0.11014266321827575,0.11445491503468967,0.11316088956196085,0.0,0.1999999999998687,501
stale-momentum-friendly-sam-muon@global,Stale Momentum-Friendly SAM-Muon [global Frob],stale-momentum-friendly-sam-muon,muon,added,2.0,0.5,0.11272813244630525,0.10886720329045987,0.1131752306917024,0.111921197823555,0.0,0.4999999999996718,501
stale-momentum-friendly-sam-muon@global,Stale Momentum-Friendly SAM-Muon [global Frob],stale-momentum-friendly-sam-muon,muon,added,2.0,1.0,0.10936797302640555,0.10577503824531533,0.10991087136500635,0.10872138280175699,0.0,0.9999999999993443,501
stale-momentum-friendly-sam-muon@global,Stale Momentum-Friendly SAM-Muon [global Frob],stale-momentum-friendly-sam-muon,muon,added,3.0,0.01,0.05514739709616605,0.054646455951241096,0.05574544882817203,0.05516986898532013,0.0,0.00999999999998785,501
stale-momentum-friendly-sam-muon@global,Stale Momentum-Friendly SAM-Muon [global Frob],stale-momentum-friendly-sam-muon,muon,added,3.0,0.02,0.05513852183268955,0.05463733182643378,0.0557374340372302,0.05516121832775202,0.0,0.019999999999975752,501
stale-momentum-friendly-sam-muon@global,Stale Momentum-Friendly SAM-Muon [global Frob],stale-momentum-friendly-sam-muon,muon,added,3.0,0.05,0.0551093912917955,0.05460755184324247,0.0557108577988094,0.05513281949006116,0.0,0.0499999999999394,501
stale-momentum-friendly-sam-muon@global,Stale Momentum-Friendly SAM-Muon [global Frob],stale-momentum-friendly-sam-muon,muon,added,3.0,0.1,0.05505252943331875,0.05454993222722705,0.05565813375397615,0.05507737332481376,0.0,0.09999999999987891,501
stale-momentum-friendly-sam-muon@global,Stale Momentum-Friendly SAM-Muon [global Frob],stale-momentum-friendly-sam-muon,muon,added,3.0,0.2,0.05490792113742815,0.054405205940636324,0.05552125353691292,0.05493644209641971,0.0,0.19999999999975787,501
stale-momentum-friendly-sam-muon@global,Stale Momentum-Friendly SAM-Muon [global Frob],stale-momentum-friendly-sam-muon,muon,added,3.0,0.5,0.0542329201302341,0.0537566576163414,0.05486133999786175,0.05428467076969977,0.0,0.4999999999993952,501
stale-momentum-friendly-sam-muon@global,Stale Momentum-Friendly SAM-Muon [global Frob],stale-momentum-friendly-sam-muon,muon,added,3.0,1.0,0.0524822456227428,0.052076986153423196,0.053092937419040004,0.05258245563703004,0.0,0.9999999999987927,501
stale-momentum-friendly-sam-muon@global,Stale Momentum-Friendly SAM-Muon [global Frob],stale-momentum-friendly-sam-muon,muon,added,inf,0.01,0.060814219686849455,0.060263099227124695,0.061567698098036576,0.06090133184431393,0.0,0.009999999999989,501
stale-momentum-friendly-sam-muon@global,Stale Momentum-Friendly SAM-Muon [global Frob],stale-momentum-friendly-sam-muon,muon,added,inf,0.02,0.0608057955038415,0.06025467414730383,0.061557767511614125,0.06089177941469801,0.0,0.01999999999997805,501
stale-momentum-friendly-sam-muon@global,Stale Momentum-Friendly SAM-Muon [global Frob],stale-momentum-friendly-sam-muon,muon,added,inf,0.05,0.0607779563005299,0.060226815666442154,0.0615253103490784,0.060860470445532354,0.0,0.049999999999945144,501
stale-momentum-friendly-sam-muon@global,Stale Momentum-Friendly SAM-Muon [global Frob],stale-momentum-friendly-sam-muon,muon,added,inf,0.1,0.060723089380914655,0.06017182302640375,0.06146238852801422,0.06079951479650001,0.0,0.09999999999989025,501
stale-momentum-friendly-sam-muon@global,Stale Momentum-Friendly SAM-Muon [global Frob],stale-momentum-friendly-sam-muon,muon,added,inf,0.2,0.06058242115950255,0.0600301517057738,0.061303981236920005,0.06064527902904561,0.0,0.1999999999997807,501
stale-momentum-friendly-sam-muon@global,Stale Momentum-Friendly SAM-Muon [global Frob],stale-momentum-friendly-sam-muon,muon,added,inf,0.5,0.059922284162012854,0.05936232797842765,0.060585012565871475,0.0599358323470567,0.0,0.4999999999994519,501
stale-momentum-friendly-sam-muon@global,Stale Momentum-Friendly SAM-Muon [global Frob],stale-momentum-friendly-sam-muon,muon,added,inf,1.0,0.0581538051308154,0.05756691704168737,0.05858837317087407,0.05806781748217678,0.0,0.9999999999989054,501
stale-momentum-friendly-sam-muon@per-layer,Stale Momentum-Friendly SAM-Muon [per-layer Frob],stale-momentum-friendly-sam-muon,muon,added,1.1,0.01,1.01437108099702,0.9559623969686045,1.0461196464945965,1.0005086668270775,0.0,0.014142135623729749,501
stale-momentum-friendly-sam-muon@per-layer,Stale Momentum-Friendly SAM-Muon [per-layer Frob],stale-momentum-friendly-sam-muon,muon,added,1.1,0.02,1.0141622867786388,0.9557925220447396,1.0459442159655028,1.0003249623807724,0.0,0.02828427124745955,501
stale-momentum-friendly-sam-muon@per-layer,Stale Momentum-Friendly SAM-Muon [per-layer Frob],stale-momentum-friendly-sam-muon,muon,added,1.1,0.05,1.013521336196593,0.9552669301779224,1.0454025274871017,0.9997587220062624,0.0,0.0707106781186489,501
stale-momentum-friendly-sam-muon@per-layer,Stale Momentum-Friendly SAM-Muon [per-layer Frob],stale-momentum-friendly-sam-muon,muon,added,1.1,0.1,1.012404763501243,0.9543379255340976,1.0444485738482319,0.9987647776435844,0.0,0.1414213562372979,501
stale-momentum-friendly-sam-muon@per-layer,Stale Momentum-Friendly SAM-Muon [per-layer Frob],stale-momentum-friendly-sam-muon,muon,added,1.1,0.2,1.0099922844012876,0.9522828159969402,1.0423504116244664,0.9965903482384865,0.0,0.2828427124745959,501
stale-momentum-friendly-sam-muon@per-layer,Stale Momentum-Friendly SAM-Muon [per-layer Frob],stale-momentum-friendly-sam-muon,muon,added,1.1,0.5,1.001361476061672,0.9445838451315591,1.0345712243049676,0.9886171407858892,0.0,0.70710678118649,501
stale-momentum-friendly-sam-muon@per-layer,Stale Momentum-Friendly SAM-Muon [per-layer Frob],stale-momentum-friendly-sam-muon,muon,added,1.1,1.0,0.982645667633097,0.9270341110344595,1.016991966273924,0.9708669205161227,0.0,1.4142135623729797,501
stale-momentum-friendly-sam-muon@per-layer,Stale Momentum-Friendly SAM-Muon [per-layer Frob],stale-momentum-friendly-sam-muon,muon,added,1.3,0.01,0.5024855175296072,0.49700807559922655,0.5097657022305055,0.5052724127790892,0.0,0.01414213562372805,501
stale-momentum-friendly-sam-muon@per-layer,Stale Momentum-Friendly SAM-Muon [per-layer Frob],stale-momentum-friendly-sam-muon,muon,added,1.3,0.02,0.5023637279477484,0.4969120747080623,0.5096659080945806,0.505165552204484,0.0,0.0282842712474562,501
stale-momentum-friendly-sam-muon@per-layer,Stale Momentum-Friendly SAM-Muon [per-layer Frob],stale-momentum-friendly-sam-muon,muon,added,1.3,0.05,0.5019847400923639,0.4966098989039656,0.5093505571408337,0.5048306588235179,0.0,0.07071067811864065,501
stale-momentum-friendly-sam-muon@per-layer,Stale Momentum-Friendly SAM-Muon [per-layer Frob],stale-momentum-friendly-sam-muon,muon,added,1.3,0.1,0.5013080368302684,0.4960591711920039,0.5087719174800145,0.5042250225646567,0.0,0.1414213562372814,501
stale-momentum-friendly-sam-muon@per-layer,Stale Momentum-Friendly SAM-Muon [per-layer Frob],stale-momentum-friendly-sam-muon,muon,added,1.3,0.2,0.499788474658899,0.49478242637129755,0.5074173490350029,0.5028376668775815,0.0,0.2828427124745628,501
stale-momentum-friendly-sam-muon@per-layer,Stale Momentum-Friendly SAM-Muon [per-layer Frob],stale-momentum-friendly-sam-muon,muon,added,1.3,0.5,0.4939686927065794,0.48958976080698535,0.5018262492163523,0.4973190848978049,0.0,0.7071067811864069,501
stale-momentum-friendly-sam-muon@per-layer,Stale Momentum-Friendly SAM-Muon [per-layer Frob],stale-momentum-friendly-sam-muon,muon,added,1.3,1.0,0.4802450088228391,0.4768034062160158,0.4885457599160593,0.48408197722072466,0.0,1.4142135623728143,501
stale-momentum-friendly-sam-muon@per-layer,Stale Momentum-Friendly SAM-Muon [per-layer Frob],stale-momentum-friendly-sam-muon,muon,added,1.6,0.01,0.23138536333275128,0.22927248150686835,0.23409089934382915,0.23136368045928968,0.0,0.01414213562372255,501
stale-momentum-friendly-sam-muon@per-layer,Stale Momentum-Friendly SAM-Muon [per-layer Frob],stale-momentum-friendly-sam-muon,muon,added,1.6,0.02,0.2313309814508528,0.22922096985589147,0.23403989216292928,0.2313102973040567,0.0,0.02828427124744515,501
stale-momentum-friendly-sam-muon@per-layer,Stale Momentum-Friendly SAM-Muon [per-layer Frob],stale-momentum-friendly-sam-muon,muon,added,1.6,0.05,0.23115550892010933,0.22905330994196857,0.23387413885112726,0.23113714277556424,0.0,0.07071067811861301,501
stale-momentum-friendly-sam-muon@per-layer,Stale Momentum-Friendly SAM-Muon [per-layer Frob],stale-momentum-friendly-sam-muon,muon,added,1.6,0.1,0.2308222322489305,0.22873032927572434,0.23355568498830453,0.2308054675075488,0.0,0.14142135623722601,501
stale-momentum-friendly-sam-muon@per-layer,Stale Momentum-Friendly SAM-Muon [per-layer Frob],stale-momentum-friendly-sam-muon,muon,added,1.6,0.2,0.23000493457931465,0.22792309167375158,0.23276276368451262,0.22998302236403365,0.0,0.28284271247445203,501
stale-momentum-friendly-sam-muon@per-layer,Stale Momentum-Friendly SAM-Muon [per-layer Frob],stale-momentum-friendly-sam-muon,muon,added,1.6,0.5,0.22641015998043207,0.22427746128255047,0.2292019027004504,0.22631527851327693,0.0,0.7071067811861307,501
stale-momentum-friendly-sam-muon@per-layer,Stale Momentum-Friendly SAM-Muon [per-layer Frob],stale-momentum-friendly-sam-muon,muon,added,1.6,1.0,0.21722133302667115,0.2148423757638636,0.21988421279569498,0.2169149059353287,0.0,1.4142135623722631,501
stale-momentum-friendly-sam-muon@per-layer,Stale Momentum-Friendly SAM-Muon [per-layer Frob],stale-momentum-friendly-sam-muon,muon,added,2.0,0.01,0.1144377430361624,0.11065668331203532,0.1149309439500269,0.11362735471584148,0.0,0.01414213562371705,501
stale-momentum-friendly-sam-muon@per-layer,Stale Momentum-Friendly SAM-Muon [per-layer Frob],stale-momentum-friendly-sam-muon,muon,added,2.0,0.02,0.11440870015583071,0.1106228716652754,0.11490134426221044,0.11359763307960662,0.0,0.0282842712474341,501
stale-momentum-friendly-sam-muon@per-layer,Stale Momentum-Friendly SAM-Muon [per-layer Frob],stale-momentum-friendly-sam-muon,muon,added,2.0,0.05,0.11431216736943986,0.11051279400971332,0.11480276873543754,0.11349938752834184,0.0,0.07071067811858545,501
stale-momentum-friendly-sam-muon@per-layer,Stale Momentum-Friendly SAM-Muon [per-layer Frob],stale-momentum-friendly-sam-muon,muon,added,2.0,0.1,0.11412018671346491,0.11030105392370035,0.11460623752510707,0.11330570276600047,0.0,0.1414213562371709,501
stale-momentum-friendly-sam-muon@per-layer,Stale Momentum-Friendly SAM-Muon [per-layer Frob],stale-momentum-friendly-sam-muon,muon,added,2.0,0.2,0.113622238983556,0.10977594110155388,0.11409547096324041,0.11280896915145974,0.0,0.2828427124743419,501
stale-momentum-friendly-sam-muon@per-layer,Stale Momentum-Friendly SAM-Muon [per-layer Frob],stale-momentum-friendly-sam-muon,muon,added,2.0,0.5,0.11124027772442266,0.10748764846680048,0.1117901841943991,0.11052141231822764,0.0,0.7071067811858552,501
stale-momentum-friendly-sam-muon@per-layer,Stale Momentum-Friendly SAM-Muon [per-layer Frob],stale-momentum-friendly-sam-muon,muon,added,2.0,1.0,0.10506944972492675,0.10203689029643308,0.10605841167649264,0.10477797424216323,0.0,1.4142135623717131,501
stale-momentum-friendly-sam-muon@per-layer,Stale Momentum-Friendly SAM-Muon [per-layer Frob],stale-momentum-friendly-sam-muon,muon,added,3.0,0.01,0.05514291750261415,0.054642068698382125,0.055741526150956976,0.05516556894223247,0.0,0.014142135623705851,501
stale-momentum-friendly-sam-muon@per-layer,Stale Momentum-Friendly SAM-Muon [per-layer Frob],stale-momentum-friendly-sam-muon,muon,added,3.0,0.02,0.055129076326926554,0.054628095790356254,0.055729089485500975,0.05515214005220982,0.0,0.028284271247411702,501
stale-momentum-friendly-sam-muon@per-layer,Stale Momentum-Friendly SAM-Muon [per-layer Frob],stale-momentum-friendly-sam-muon,muon,added,3.0,0.05,0.05508215707534895,0.0545810154186792,0.05568625692265783,0.055106557057227654,0.0,0.07071067811852935,501
stale-momentum-friendly-sam-muon@per-layer,Stale Momentum-Friendly SAM-Muon [per-layer Frob],stale-momentum-friendly-sam-muon,muon,added,3.0,0.1,0.05498616440565275,0.05448549995320502,0.0555965381888537,0.055013111505796755,0.0,0.1414213562370587,501
stale-momentum-friendly-sam-muon@per-layer,Stale Momentum-Friendly SAM-Muon [per-layer Frob],stale-momentum-friendly-sam-muon,muon,added,3.0,0.2,0.054728840465530004,0.05423269743122875,0.055349065838607756,0.05476237742734036,0.0,0.28284271247411763,501
stale-momentum-friendly-sam-muon@per-layer,Stale Momentum-Friendly SAM-Muon [per-layer Frob],stale-momentum-friendly-sam-muon,muon,added,3.0,0.5,0.0534706900149265,0.0530604062475488,0.05409462555056318,0.05355003103129399,0.0,0.7071067811852954,501
stale-momentum-friendly-sam-muon@per-layer,Stale Momentum-Friendly SAM-Muon [per-layer Frob],stale-momentum-friendly-sam-muon,muon,added,3.0,1.0,0.0505314677049105,0.04993031705934835,0.05103834773317292,0.05056294461091337,0.0,1.4142135623706023,501
stale-momentum-friendly-sam-muon@per-layer,Stale Momentum-Friendly SAM-Muon [per-layer Frob],stale-momentum-friendly-sam-muon,muon,added,inf,0.01,0.0608101657641866,0.06025892924192595,0.06156310837620725,0.06089665785380906,0.0,0.01414213562370795,501
stale-momentum-friendly-sam-muon@per-layer,Stale Momentum-Friendly SAM-Muon [per-layer Frob],stale-momentum-friendly-sam-muon,muon,added,inf,0.02,0.0607971896916711,0.06024585218165025,0.0615480707836433,0.0608819089570142,0.0,0.02828427124741595,501
stale-momentum-friendly-sam-muon@per-layer,Stale Momentum-Friendly SAM-Muon [per-layer Frob],stale-momentum-friendly-sam-muon,muon,added,inf,0.05,0.0607527442449367,0.06020116968163853,0.0614972099470557,0.0608319031478749,0.0,0.0707106781185399,501
stale-momentum-friendly-sam-muon@per-layer,Stale Momentum-Friendly SAM-Muon [per-layer Frob],stale-momentum-friendly-sam-muon,muon,added,inf,0.1,0.06066063127134675,0.0601087412877904,0.06139349504507807,0.06072962174411579,0.0,0.14142135623707985,501
stale-momentum-friendly-sam-muon@per-layer,Stale Momentum-Friendly SAM-Muon [per-layer Frob],stale-momentum-friendly-sam-muon,muon,added,inf,0.2,0.06041186823537875,0.05985834155933865,0.061117163844240804,0.06045634552144325,0.0,0.2828427124741597,501
stale-momentum-friendly-sam-muon@per-layer,Stale Momentum-Friendly SAM-Muon [per-layer Frob],stale-momentum-friendly-sam-muon,muon,added,inf,0.5,0.05918292594735905,0.058631686222537,0.05975859215668712,0.059138855199495216,0.0,0.7071067811854003,501
stale-momentum-friendly-sam-muon@per-layer,Stale Momentum-Friendly SAM-Muon [per-layer Frob],stale-momentum-friendly-sam-muon,muon,added,inf,1.0,0.055906585155525504,0.055509566775625026,0.05640155349701467,0.055844691591891114,0.0,1.4142135623708088,501
stale-momentum-friendly-spectral-sam-muon,Stale Momentum-Friendly Spectral SAM-Muon,stale-momentum-friendly-spectral-sam-muon,muon,mnist,1.1,0.01,1.0120036989303243,0.9539419190221949,1.043824264419068,0.9983089896079597,0.0,0.07100070424110945,501
stale-momentum-friendly-spectral-sam-muon,Stale Momentum-Friendly Spectral SAM-Muon,stale-momentum-friendly-spectral-sam-muon,muon,mnist,1.1,0.02,1.009377197996227,0.9516951379072385,1.041300721985336,0.9958730882925898,0.0,0.14202299743830227,501
stale-momentum-friendly-spectral-sam-muon,Stale Momentum-Friendly Spectral SAM-Muon,stale-momentum-friendly-spectral-sam-muon,muon,mnist,1.1,0.05,1.0011865448307569,0.9446066438670853,1.0334041867894297,0.9882408640281997,0.0,0.3552069959530038,501
stale-momentum-friendly-spectral-sam-muon,Stale Momentum-Friendly Spectral SAM-Muon,stale-momentum-friendly-spectral-sam-muon,muon,mnist,1.1,0.1,0.9865305958865334,0.9316706443949174,1.019192489999089,0.9744738657942236,0.0,0.7108108603774574,501
stale-momentum-friendly-spectral-sam-muon,Stale Momentum-Friendly Spectral SAM-Muon,stale-momentum-friendly-spectral-sam-muon,muon,mnist,1.1,0.2,0.9536948734639918,0.9018868696853407,0.987106701961192,0.9432888376877052,0.0,1.4223025968240819,501
stale-momentum-friendly-spectral-sam-muon,Stale Momentum-Friendly Spectral SAM-Muon,stale-momentum-friendly-spectral-sam-muon,muon,mnist,1.1,0.5,0.8329395362443504,0.7879065972096232,0.8683998831743629,0.8271031264178854,0.0,3.552167575002213,501
stale-momentum-friendly-spectral-sam-muon,Stale Momentum-Friendly Spectral SAM-Muon,stale-momentum-friendly-spectral-sam-muon,muon,mnist,1.1,1.0,0.6296828687691175,0.5948340638479281,0.6621583294989044,0.6289859446050462,0.0,7.127081854345717,501
stale-momentum-friendly-spectral-sam-muon,Stale Momentum-Friendly Spectral SAM-Muon,stale-momentum-friendly-spectral-sam-muon,muon,mnist,1.3,0.01,0.5014720364183454,0.4961236723535983,0.5088176993985122,0.5043228233579788,0.0,0.07339987385624006,501
stale-momentum-friendly-spectral-sam-muon,Stale Momentum-Friendly Spectral SAM-Muon,stale-momentum-friendly-spectral-sam-muon,muon,mnist,1.3,0.02,0.5002780121990353,0.49508631544921455,0.5077098536759772,0.5032072545945327,0.0,0.14679515860633663,501
stale-momentum-friendly-spectral-sam-muon,Stale Momentum-Friendly Spectral SAM-Muon,stale-momentum-friendly-spectral-sam-muon,muon,mnist,1.3,0.05,0.49633706637777464,0.4916227439058064,0.5040156137351592,0.4994962751956889,0.0,0.3669693816870566,501
stale-momentum-friendly-spectral-sam-muon,Stale Momentum-Friendly Spectral SAM-Muon,stale-momentum-friendly-spectral-sam-muon,muon,mnist,1.3,0.1,0.4886249448968568,0.4847091319515007,0.49666375070974234,0.4921334298370228,0.0,0.7340374147827569,501
stale-momentum-friendly-spectral-sam-muon,Stale Momentum-Friendly Spectral SAM-Muon,stale-momentum-friendly-spectral-sam-muon,muon,mnist,1.3,0.2,0.4694045594124051,0.466936540717042,0.47790121080098213,0.473387364728722,0.0,1.4698657790241905,501
stale-momentum-friendly-spectral-sam-muon,Stale Momentum-Friendly Spectral SAM-Muon,stale-momentum-friendly-spectral-sam-muon,muon,mnist,1.3,0.5,0.3968795526802483,0.39251132696189445,0.4023138215364317,0.39813097426964167,0.0,3.676574998384888,501
stale-momentum-friendly-spectral-sam-muon,Stale Momentum-Friendly Spectral SAM-Muon,stale-momentum-friendly-spectral-sam-muon,muon,mnist,1.3,1.0,0.3205293742227868,0.31181725982281183,0.3234655057448186,0.318810634613405,0.0,7.311593830232727,501
stale-momentum-friendly-spectral-sam-muon,Stale Momentum-Friendly Spectral SAM-Muon,stale-momentum-friendly-spectral-sam-muon,muon,mnist,1.6,0.01,0.2309849942625952,0.22893810205532986,0.23373225217374094,0.23099139630295856,0.0,0.07163763372582965,501
stale-momentum-friendly-spectral-sam-muon,Stale Momentum-Friendly Spectral SAM-Muon,stale-momentum-friendly-spectral-sam-muon,muon,mnist,1.6,0.02,0.2304782844196701,0.22849820891539296,0.23327029982215983,0.23051204591544586,0.0,0.14328897930154366,501
stale-momentum-friendly-spectral-sam-muon,Stale Momentum-Friendly Spectral SAM-Muon,stale-momentum-friendly-spectral-sam-muon,muon,mnist,1.6,0.05,0.2286442658707774,0.22684560208167243,0.23156581101822704,0.22874679537636192,0.0,0.3582622846527766,501
stale-momentum-friendly-spectral-sam-muon,Stale Momentum-Friendly Spectral SAM-Muon,stale-momentum-friendly-spectral-sam-muon,muon,mnist,1.6,0.1,0.22461740550484766,0.22303639867178082,0.22772470507248305,0.22478042562846953,0.0,0.7163654767679417,501
stale-momentum-friendly-spectral-sam-muon,Stale Momentum-Friendly Spectral SAM-Muon,stale-momentum-friendly-spectral-sam-muon,muon,mnist,1.6,0.2,0.2136350759185118,0.21225059157158768,0.21687558643942925,0.21372651833657802,0.0,1.4329120635511015,501
stale-momentum-friendly-spectral-sam-muon,Stale Momentum-Friendly Spectral SAM-Muon,stale-momentum-friendly-spectral-sam-muon,muon,mnist,1.6,0.5,0.1757738252800813,0.1705920537708187,0.17775349702040044,0.17401224356431386,0.0,3.620482977307487,501
stale-momentum-friendly-spectral-sam-muon,Stale Momentum-Friendly Spectral SAM-Muon,stale-momentum-friendly-spectral-sam-muon,muon,mnist,1.6,1.0,0.17991419377352955,0.1776525250961048,0.18411767577818852,0.1805927993503813,0.0,7.212837866703936,501
stale-momentum-friendly-spectral-sam-muon,Stale Momentum-Friendly Spectral SAM-Muon,stale-momentum-friendly-spectral-sam-muon,muon,mnist,2.0,0.01,0.11429022611018766,0.11049328765212087,0.1147764213040474,0.11347582997102457,0.0,0.07151023512462475,501
stale-momentum-friendly-spectral-sam-muon,Stale Momentum-Friendly Spectral SAM-Muon,stale-momentum-friendly-spectral-sam-muon,muon,mnist,2.0,0.02,0.11407753959494145,0.11026214775854637,0.1145544975653246,0.11325916030507738,0.0,0.1430230373027852,501
stale-momentum-friendly-spectral-sam-muon,Stale Momentum-Friendly Spectral SAM-Muon,stale-momentum-friendly-spectral-sam-muon,muon,mnist,2.0,0.05,0.1132189151773762,0.1093658214193465,0.11365781012498713,0.1123936932009734,0.0,0.357498174910594,501
stale-momentum-friendly-spectral-sam-muon,Stale Momentum-Friendly Spectral SAM-Muon,stale-momentum-friendly-spectral-sam-muon,muon,mnist,2.0,0.1,0.1110476650911928,0.10726672792551105,0.1115449524978077,0.11028901302557567,0.0,0.7145182007270472,501
stale-momentum-friendly-spectral-sam-muon,Stale Momentum-Friendly Spectral SAM-Muon,stale-momentum-friendly-spectral-sam-muon,muon,mnist,2.0,0.2,0.1046807935091591,0.1015056837171977,0.10555693493607488,0.10428288302214042,0.0,1.433943013272027,501
stale-momentum-friendly-spectral-sam-muon,Stale Momentum-Friendly Spectral SAM-Muon,stale-momentum-friendly-spectral-sam-muon,muon,mnist,2.0,0.5,0.08596452650079335,0.08488490309276767,0.0885347643674916,0.08685259863742045,0.0,3.5333273656545807,501
stale-momentum-friendly-spectral-sam-muon,Stale Momentum-Friendly Spectral SAM-Muon,stale-momentum-friendly-spectral-sam-muon,muon,mnist,2.0,1.0,0.14793932593932796,0.14731868516817118,0.14843474498401138,0.14841462118134394,0.0,7.100826279011374,501
stale-momentum-friendly-spectral-sam-muon,Stale Momentum-Friendly Spectral SAM-Muon,stale-momentum-friendly-spectral-sam-muon,muon,mnist,3.0,0.01,0.055088586471405854,0.0545892624977605,0.0556854945065614,0.05511208390877301,0.0,0.06955298147665676,501
stale-momentum-friendly-spectral-sam-muon,Stale Momentum-Friendly Spectral SAM-Muon,stale-momentum-friendly-spectral-sam-muon,muon,mnist,3.0,0.02,0.05499926282836305,0.054502967582178596,0.0555957341609243,0.05502494881381514,0.0,0.13910943243855656,501
stale-momentum-friendly-spectral-sam-muon,Stale Momentum-Friendly Spectral SAM-Muon,stale-momentum-friendly-spectral-sam-muon,muon,mnist,3.0,0.05,0.05460506661501455,0.0541269526190757,0.05519873839840042,0.054642532537863685,0.0,0.3476158544180382,501
stale-momentum-friendly-spectral-sam-muon,Stale Momentum-Friendly Spectral SAM-Muon,stale-momentum-friendly-spectral-sam-muon,muon,mnist,3.0,0.1,0.05358098753704965,0.053168747775469746,0.054163566070751304,0.053650939710581824,0.0,0.6935949498524311,501
stale-momentum-friendly-spectral-sam-muon,Stale Momentum-Friendly Spectral SAM-Muon,stale-momentum-friendly-spectral-sam-muon,muon,mnist,3.0,0.2,0.0507520046680613,0.050252505245271376,0.051195453235346224,0.05078056952574335,0.0,1.38898568829768,501
stale-momentum-friendly-spectral-sam-muon,Stale Momentum-Friendly Spectral SAM-Muon,stale-momentum-friendly-spectral-sam-muon,muon,mnist,3.0,0.5,0.04864670990837605,0.04720109960470297,0.04910045166583213,0.04823679738245768,0.0,3.472794440788258,501
stale-momentum-friendly-spectral-sam-muon,Stale Momentum-Friendly Spectral SAM-Muon,stale-momentum-friendly-spectral-sam-muon,muon,mnist,3.0,1.0,0.13151616265774901,0.1312622969173766,0.1330537775770518,0.13197148585595828,0.0,7.016319551085184,501
stale-momentum-friendly-spectral-sam-muon,Stale Momentum-Friendly Spectral SAM-Muon,stale-momentum-friendly-spectral-sam-muon,muon,mnist,inf,0.01,0.060765260777868146,0.0602118199659504,0.061506365055506725,0.06084385154535964,0.0,0.0688416293477638,501
stale-momentum-friendly-spectral-sam-muon,Stale Momentum-Friendly Spectral SAM-Muon,stale-momentum-friendly-spectral-sam-muon,muon,mnist,inf,0.02,0.06068696262475545,0.06013140010033975,0.06141374196185395,0.0607550746132499,0.0,0.1377198968802109,501
stale-momentum-friendly-spectral-sam-muon,Stale Momentum-Friendly Spectral SAM-Muon,stale-momentum-friendly-spectral-sam-muon,muon,mnist,inf,0.05,0.060331189489831,0.059766309727376975,0.061012606709419076,0.06036160572839351,0.0,0.34459967562029803,501
stale-momentum-friendly-spectral-sam-muon,Stale Momentum-Friendly Spectral SAM-Muon,stale-momentum-friendly-spectral-sam-muon,muon,mnist,inf,0.1,0.0593799252476751,0.058778720151602154,0.05994214065850365,0.05932556948146085,0.0,0.6886255792595162,501
stale-momentum-friendly-spectral-sam-muon,Stale Momentum-Friendly Spectral SAM-Muon,stale-momentum-friendly-spectral-sam-muon,muon,mnist,inf,0.2,0.05642726459132425,0.055932080088566524,0.05673187643317045,0.05629778264528669,0.0,1.3772692154361281,501
stale-momentum-friendly-spectral-sam-muon,Stale Momentum-Friendly Spectral SAM-Muon,stale-momentum-friendly-spectral-sam-muon,muon,mnist,inf,0.5,0.052256574754349555,0.05124134890291495,0.05281973699937635,0.05221470286008839,0.0,3.426835732551138,501
stale-momentum-friendly-spectral-sam-muon,Stale Momentum-Friendly Spectral SAM-Muon,stale-momentum-friendly-spectral-sam-muon,muon,mnist,inf,1.0,0.13488860371008687,0.13283363946515836,0.13554287803985346,0.13404257859010563,0.0,6.961838013463212,501
