depth,algorithm,variant,label,frobenius_mode,outer,source,geometry,origin,alpha,rho,rho_units,lr,noise_model,noise_scale,loss_type,F_star,step,oracle_calls,alive_fraction,objective_median,objective_q25,objective_q75,objective_mean,gap_median,gap_q25,gap_q75,gap_mean,excess_risk_median,excess_risk_q25,excess_risk_q75,excess_risk_mean,dist_to_opt_median,dist_to_opt_q25,dist_to_opt_q75,dist_to_opt_mean,grad_norm_median,grad_norm_q25,grad_norm_q75,grad_norm_mean,perturbation_frob_median,perturbation_frob_q25,perturbation_frob_q75,perturbation_frob_mean,perturbation_op_median,perturbation_op_q25,perturbation_op_q75,perturbation_op_mean,update_frob_median,update_frob_q25,update_frob_q75,update_frob_mean,sharpness_gap_median,sharpness_gap_q25,sharpness_gap_q75,sharpness_gap_mean,balancedness_median,balancedness_q25,balancedness_q75,balancedness_mean,effective_rank_median,effective_rank_q25,effective_rank_q75,effective_rank_mean,lambda_max_median,lambda_max_q25,lambda_max_q75,lambda_max_mean,train_acc_median,train_acc_q25,train_acc_q75,train_acc_mean,val_acc_median,val_acc_q25,val_acc_q75,val_acc_mean,val_loss_median,val_loss_q25,val_loss_q75,val_loss_mean
2,adam,adam,AdamW,,adam,,,requested,1.6,nan,nominal,0.003,additive,1.0,mse,0.09948087307221265,0,0,1.0,1.3658141970481346,1.3658141970481346,1.3658141970481346,1.3658141970481346,1.266333323975922,1.266333323975922,1.266333323975922,1.266333323975922,1.0142169620491983,1.0142169620491983,1.0142169620491983,1.0142169620491983,6.972105888743615,6.972105888743615,6.972105888743615,6.972105888743615,0.6393082148548822,0.6393082148548822,0.6393082148548822,0.6393082148548822,0.0,0.0,0.0,0.0,0.0,0.0,0.0,0.0,0.0,0.0,0.0,0.0,0.0,0.0,0.0,0.0,6.9224601109148445,6.9224601109148445,6.9224601109148445,6.9224601109148445,23.97018795689393,23.97018795689393,23.97018795689393,23.97018795689393,nan,nan,nan,nan,nan,nan,nan,nan,nan,nan,nan,nan,nan,nan,nan,nan
2,adam,adam,AdamW,,adam,,,requested,1.6,nan,nominal,0.003,additive,1.0,mse,0.09948087307221265,10,10,1.0,1.0492034217651987,1.0486270722834976,1.0505329380933919,1.0495217729317998,0.9497225486929861,0.9491461992112848,0.9510520650211791,0.9500408998595871,0.7411529366963872,0.739422677191374,0.7419358132760135,0.741056705575339,6.294696470621547,6.290589012138669,6.300607060258907,6.291986717131152,0.4406925824500974,0.4396514875628521,0.4432412854358471,0.4413064835419805,0.0,0.0,0.0,0.0,0.0,0.0,0.0,0.0,24.783884159746357,24.669035801375472,25.03392771721049,24.839117574723453,0.0,0.0,0.0,0.0,6.767156761702947,6.764430005038056,6.776028819394801,6.769141327527453,24.39707585710626,24.364363106003545,24.44021348516177,24.3896159735039,nan,nan,nan,nan,nan,nan,nan,nan,nan,nan,nan,nan,nan,nan,nan,nan
2,adam,adam,AdamW,,adam,,,requested,1.6,nan,nominal,0.003,additive,1.0,mse,0.09948087307221265,20,20,1.0,0.8726680406238425,0.8697973374996271,0.87437232448764,0.8725594789018449,0.7731871675516299,0.7703164644274143,0.7748914514154274,0.7730786058296323,0.5875601326600609,0.5850172330854131,0.590224599439249,0.5881236816003208,5.8236864063675755,5.81487766884706,5.837280325472806,5.821284891738212,0.33695551434419624,0.3359252473601216,0.3385073350021395,0.3374489125512572,0.0,0.0,0.0,0.0,0.0,0.0,0.0,0.0,19.894414885613656,19.750066674898704,20.147848251337347,19.89775041035805,0.0,0.0,0.0,0.0,6.621104687516896,6.608358095269566,6.636024422987468,6.622537383764088,24.61098464966412,24.564191644209224,24.65194672287656,24.607072679392665,nan,nan,nan,nan,nan,nan,nan,nan,nan,nan,nan,nan,nan,nan,nan,nan
2,adam,adam,AdamW,,adam,,,requested,1.6,nan,nominal,0.003,additive,1.0,mse,0.09948087307221265,30,30,1.0,0.764698381168813,0.7596451941781792,0.7664635171358509,0.7632742704179913,0.6652175080966003,0.6601643211059666,0.6669826440636383,0.6637933973457786,0.494847994520226,0.49012393300208135,0.4967349360046338,0.4936819966992503,5.477638278399042,5.464206124694126,5.498094897527491,5.475634345496539,0.28269010124733807,0.2812794614698606,0.2841589955434822,0.28281127008473345,0.0,0.0,0.0,0.0,0.0,0.0,0.0,0.0,17.21343852373756,17.14076272645007,17.315967749973677,17.257159120816464,0.0,0.0,0.0,0.0,6.497868034174912,6.475568257903285,6.514312048287647,6.496365210913868,24.698621194333768,24.64640282827605,24.74056384622826,24.693000854872274,nan,nan,nan,nan,nan,nan,nan,nan,nan,nan,nan,nan,nan,nan,nan,nan
2,adam,adam,AdamW,,adam,,,requested,1.6,nan,nominal,0.003,additive,1.0,mse,0.09948087307221265,40,40,1.0,0.6883766642307941,0.6828158143318326,0.6914109253187504,0.6868869205303159,0.5888957911585815,0.58333494125962,0.5919300522465376,0.5874060474581031,0.42864160767163106,0.4233451763017261,0.43200514234268605,0.4273565959460578,5.208965254151975,5.188196012308238,5.221801854382029,5.20248100282805,0.25147065214226705,0.24977933260987617,0.25369439140109695,0.2513707924025327,0.0,0.0,0.0,0.0,0.0,0.0,0.0,0.0,15.994244347575599,15.733635906621302,16.102221673514897,15.908516360766274,0.0,0.0,0.0,0.0,6.37097805538278,6.351583131876794,6.403937658177884,6.376656848128281,24.681684620320087,24.66681820952784,24.733397129085162,24.6934372010545,nan,nan,nan,nan,nan,nan,nan,nan,nan,nan,nan,nan,nan,nan,nan,nan
2,adam,adam,AdamW,,adam,,,requested,1.6,nan,nominal,0.003,additive,1.0,mse,0.09948087307221265,50,50,1.0,0.6305620397685798,0.6248002530736261,0.6346824340695658,0.6297399106045316,0.5310811666963672,0.5253193800014133,0.5352015609973532,0.5302590375323188,0.3788852591041383,0.3725591536231173,0.38227901177453527,0.37769534100309676,4.9847652110173595,4.963647900699141,4.997361388918402,4.979776651531706,0.23105450170777925,0.2286059305661812,0.2328781289443319,0.2307663790994351,0.0,0.0,0.0,0.0,0.0,0.0,0.0,0.0,14.909535242706152,14.770216685932535,15.054133182218802,14.884128631612738,0.0,0.0,0.0,0.0,6.252873422981893,6.232077419667101,6.300403375563087,6.266554912289884,24.58422796324265,24.537049573342017,24.626972036523902,24.590366716024846,nan,nan,nan,nan,nan,nan,nan,nan,nan,nan,nan,nan,nan,nan,nan,nan
2,adam,adam,AdamW,,adam,,,requested,1.6,nan,nominal,0.003,additive,1.0,mse,0.09948087307221265,60,60,1.0,0.5828527598854778,0.5793673176681204,0.5879386730819782,0.5834742098930479,0.48337188681326515,0.47988644459590774,0.4884578000097656,0.48399333682083534,0.33732156884535835,0.3335464590221347,0.3417550681753767,0.33751993356553633,4.78620431918382,4.765252755639546,4.804285014941739,4.782766816809348,0.21507352073937258,0.2136447117461093,0.21690604121169532,0.21522161776710091,0.0,0.0,0.0,0.0,0.0,0.0,0.0,0.0,14.665600905535124,14.541802593643379,14.721355710704975,14.606190127712368,0.0,0.0,0.0,0.0,6.15517882018216,6.126461275435363,6.226211731908455,6.1714452375239235,24.42097540793086,24.380718213667816,24.50099084543733,24.454115141343287,nan,nan,nan,nan,nan,nan,nan,nan,nan,nan,nan,nan,nan,nan,nan,nan
2,adam,adam,AdamW,,adam,,,requested,1.6,nan,nominal,0.003,additive,1.0,mse,0.09948087307221265,70,70,1.0,0.5445995324365462,0.5397803579343671,0.5505735105305951,0.5454195671968509,0.44511865936433354,0.4402994848621544,0.4510926374583825,0.4459386941246382,0.30415726796962106,0.2995236539565484,0.3092935545344823,0.30443434686199394,4.622525997139135,4.5825467839444425,4.638614173019005,4.613015508593338,0.2022273707084084,0.20090029651570435,0.20375001045921645,0.20215235620944677,0.0,0.0,0.0,0.0,0.0,0.0,0.0,0.0,14.066453539911631,13.934215660120788,14.278203428471468,14.096208480649995,0.0,0.0,0.0,0.0,6.078817537375718,6.028207799296723,6.117106867942287,6.079389075211673,24.24351791861755,24.221101637630277,24.28732711585002,24.27644463084468,nan,nan,nan,nan,nan,nan,nan,nan,nan,nan,nan,nan,nan,nan,nan,nan
2,adam,adam,AdamW,,adam,,,requested,1.6,nan,nominal,0.003,additive,1.0,mse,0.09948087307221265,80,80,1.0,0.5125521003554679,0.5070135308220359,0.5189593899583241,0.5133438451288854,0.4130712272832553,0.4075326577498233,0.4194785168861115,0.41386297205667283,0.2762311915024751,0.27100828675826055,0.2817442087299762,0.27650660914520986,4.473160880301389,4.430814974727936,4.492451410069203,4.462358121635846,0.19037536676928601,0.18928935788469153,0.19177214872505066,0.1904629798365543,0.0,0.0,0.0,0.0,0.0,0.0,0.0,0.0,13.856921239734028,13.701944385246767,13.938442361680135,13.832059162627667,0.0,0.0,0.0,0.0,5.993213131061008,5.941171530985043,6.031999593411374,5.992989864572975,24.059422791064858,24.006435355049256,24.09119935188768,24.06945245284753,nan,nan,nan,nan,nan,nan,nan,nan,nan,nan,nan,nan,nan,nan,nan,nan
2,adam,adam,AdamW,,adam,,,requested,1.6,nan,nominal,0.003,additive,1.0,mse,0.09948087307221265,90,90,1.0,0.48541039853224477,0.4799670731072532,0.4916327079735896,0.4859266932942654,0.3859295254600321,0.3804862000350405,0.39215183490137695,0.38644582022205276,0.25185068983748987,0.24720323161083085,0.25811427610249665,0.25252354460202286,4.333991843782464,4.299298006804711,4.347434124996944,4.323484343082259,0.17999453216115713,0.17829928565469844,0.18175864860241228,0.18004411674722653,0.0,0.0,0.0,0.0,0.0,0.0,0.0,0.0,13.749748896588661,13.659479330912776,13.807405463536371,13.748121014563619,0.0,0.0,0.0,0.0,5.912610577659504,5.867169788976893,5.959757384960642,5.91768796984082,23.827661519768014,23.738583152392266,23.912420744267994,23.84500395759036,nan,nan,nan,nan,nan,nan,nan,nan,nan,nan,nan,nan,nan,nan,nan,nan
2,adam,adam,AdamW,,adam,,,requested,1.6,nan,nominal,0.003,additive,1.0,mse,0.09948087307221265,100,100,1.0,0.46181903469059216,0.4578384137067816,0.467999585213543,0.46260809950141907,0.3623381616183795,0.3583575406345689,0.36851871214133036,0.36312722642920636,0.23075107413420848,0.2277128053717506,0.2376235429279354,0.23210890255777103,4.206616403035882,4.177882969719048,4.223382618783603,4.1988763084082406,0.17023470060290988,0.16930224813621594,0.17269318192096095,0.17081026060086515,0.0,0.0,0.0,0.0,0.0,0.0,0.0,0.0,13.44317901221205,13.35653544353908,13.69587803671977,13.547796298690331,0.0,0.0,0.0,0.0,5.840357173202822,5.802122986500208,5.904056981050979,5.84586034768621,23.5748904655413,23.47641990785901,23.692665652022825,23.60042030856836,nan,nan,nan,nan,nan,nan,nan,nan,nan,nan,nan,nan,nan,nan,nan,nan
2,adam,adam,AdamW,,adam,,,requested,1.6,nan,nominal,0.003,additive,1.0,mse,0.09948087307221265,110,110,1.0,0.44244881705117345,0.4386868993254078,0.44778054932030165,0.4429104893160468,0.3429679439789608,0.3392060262531951,0.348299676248089,0.3434296162438342,0.21353242900989072,0.2110328433275097,0.22018408369709214,0.21492136382848498,4.090669957688975,4.058855780993079,4.11370179917631,4.0825925192319295,0.16227042869032537,0.16135413188680583,0.1643000322788706,0.16283107836256205,0.0,0.0,0.0,0.0,0.0,0.0,0.0,0.0,13.366739758304409,13.227627335585167,13.452486798721285,13.341085215654552,0.0,0.0,0.0,0.0,5.761932026331824,5.720996526285804,5.865293576030274,5.776868674050847,23.3333391857971,23.28032187196244,23.490205928924258,23.373725838010078,nan,nan,nan,nan,nan,nan,nan,nan,nan,nan,nan,nan,nan,nan,nan,nan
2,adam,adam,AdamW,,adam,,,requested,1.6,nan,nominal,0.003,additive,1.0,mse,0.09948087307221265,120,120,1.0,0.4256657741891684,0.4222262326729529,0.4298207251481124,0.4259582911378566,0.32618490111695575,0.32274535960074024,0.3303398520758998,0.32647741806564395,0.19875604299593966,0.19692736642884068,0.2043501679981738,0.20030895200033058,3.9854237794919607,3.9469319211387877,4.005474322600304,3.9772589343223275,0.1553231285326531,0.15436319399892398,0.15727571453917863,0.1556820467898502,0.0,0.0,0.0,0.0,0.0,0.0,0.0,0.0,13.256733747345608,13.006445148856546,13.365268987470412,13.217440749935138,0.0,0.0,0.0,0.0,5.692586800175307,5.637938517008192,5.813662271466372,5.709391416888656,23.153499719165062,23.108444566727847,23.29202856807066,23.17840260792524,nan,nan,nan,nan,nan,nan,nan,nan,nan,nan,nan,nan,nan,nan,nan,nan
2,adam,adam,AdamW,,adam,,,requested,1.6,nan,nominal,0.003,additive,1.0,mse,0.09948087307221265,130,130,1.0,0.41097120120792957,0.407610568019392,0.4140497293833482,0.41097260234946303,0.3114903281357169,0.30812969494717934,0.31456885631113557,0.3114917292772504,0.18579258387784062,0.18462650877550651,0.19090862573473305,0.1874245161530354,3.887402160254495,3.8459001885549973,3.908296818409668,3.8817847453226806,0.14917687355736167,0.14823025604674,0.15099899648037649,0.14941944750948952,0.0,0.0,0.0,0.0,0.0,0.0,0.0,0.0,13.225557999042714,13.07510517403648,13.301308284050677,13.155907169318182,0.0,0.0,0.0,0.0,5.609234648574108,5.560125276533955,5.763307985726838,5.639380802408839,22.947994590933483,22.876025630708597,23.090592649236633,22.957723811420365,nan,nan,nan,nan,nan,nan,nan,nan,nan,nan,nan,nan,nan,nan,nan,nan
2,adam,adam,AdamW,,adam,,,requested,1.6,nan,nominal,0.003,additive,1.0,mse,0.09948087307221265,140,140,1.0,0.39840011796202596,0.3941024830515144,0.40017902872662325,0.3976107262834432,0.2989192448898133,0.29462160997930176,0.3006981556544106,0.2981298532112306,0.17494522692772047,0.17334949951244516,0.17927714831162328,0.1760672707648242,3.8020611882247257,3.7521208807362996,3.818003713504446,3.793492139618289,0.14336365512162952,0.14300403586493501,0.1448519860845693,0.14372149358159766,0.0,0.0,0.0,0.0,0.0,0.0,0.0,0.0,13.140086714958855,13.049241726418668,13.215045838419114,13.12913305597803,0.0,0.0,0.0,0.0,5.532145943356959,5.488006719739544,5.697067105900388,5.569890422301733,22.750877048220893,22.654647731531863,22.869312384714064,22.74583647344803,nan,nan,nan,nan,nan,nan,nan,nan,nan,nan,nan,nan,nan,nan,nan,nan
2,adam,adam,AdamW,,adam,,,requested,1.6,nan,nominal,0.003,additive,1.0,mse,0.09948087307221265,150,150,1.0,0.38667159336705864,0.3827732629870103,0.38812594316547483,0.3858185123579928,0.287190720294846,0.28329238991479766,0.2886450700932622,0.2863376392857801,0.16513966090487808,0.1631750898275643,0.16850156071332204,0.1659919219907752,3.717324640865102,3.6815454860759274,3.7363952398447307,3.7130026386997725,0.13893924100914345,0.137550738591129,0.13921014237884488,0.13858711002213658,0.0,0.0,0.0,0.0,0.0,0.0,0.0,0.0,13.109647215873082,12.895172438239547,13.304978403317627,13.100818187127338,0.0,0.0,0.0,0.0,5.459127588908219,5.432556610438906,5.62914946844849,5.506512392894599,22.555919457175612,22.448043010511757,22.63960330254985,22.54451896536985,nan,nan,nan,nan,nan,nan,nan,nan,nan,nan,nan,nan,nan,nan,nan,nan
2,adam,adam,AdamW,,adam,,,requested,1.6,nan,nominal,0.003,additive,1.0,mse,0.09948087307221265,160,160,1.0,0.3762030319770148,0.3727764917759465,0.37790973336015976,0.37568153143134086,0.2767221589048022,0.27329561870373387,0.2784288602879471,0.27620065835912816,0.15616671722069558,0.15457309400083338,0.1600782333500676,0.1573525353810342,3.6366606993362875,3.609290589636582,3.6625936753805632,3.6369797075286976,0.1344700000583992,0.13284013303517675,0.13475542933831794,0.1341829779587167,0.0,0.0,0.0,0.0,0.0,0.0,0.0,0.0,13.02741516120764,12.904872261475319,13.150418025423518,13.05791187773031,0.0,0.0,0.0,0.0,5.401110886546842,5.372291323666562,5.561491101697708,5.449067750092426,22.39473530869331,22.2765419317027,22.47122921853505,22.370091972969053,nan,nan,nan,nan,nan,nan,nan,nan,nan,nan,nan,nan,nan,nan,nan,nan
2,adam,adam,AdamW,,adam,,,requested,1.6,nan,nominal,0.003,additive,1.0,mse,0.09948087307221265,170,170,1.0,0.3665274070565988,0.3639018111403427,0.3693630105971905,0.36652632492424553,0.26704653398438616,0.26442093806813005,0.26988213752497786,0.2670454518520329,0.14798145657733053,0.1468480473835539,0.15304120439673752,0.14966045471701134,3.5601795325905967,3.538394003060504,3.600904579617861,3.56610033218557,0.1297583417477144,0.12908547744990112,0.13092396673036252,0.13002927612567736,0.0,0.0,0.0,0.0,0.0,0.0,0.0,0.0,12.925139492944727,12.912190792390716,13.038802016086038,13.054730474385046,0.0,0.0,0.0,0.0,5.350454103099089,5.3021514387669235,5.500885989220529,5.3914919067884055,22.266249538760242,22.05069984113241,22.30591436805123,22.208727723243708,nan,nan,nan,nan,nan,nan,nan,nan,nan,nan,nan,nan,nan,nan,nan,nan
2,adam,adam,AdamW,,adam,,,requested,1.6,nan,nominal,0.003,additive,1.0,mse,0.09948087307221265,180,180,1.0,0.3581958763931097,0.35632945233992125,0.36137896351028975,0.3583770131148652,0.25871500332089703,0.2568485792677086,0.2618980904380771,0.25889614004265254,0.14122472851838358,0.13996535346458372,0.14629397066845712,0.14288179562276176,3.4916915736495358,3.4764747411508896,3.539309720336822,3.5015413711184795,0.126152236689181,0.12557126586230746,0.12724369961684498,0.12646591769143803,0.0,0.0,0.0,0.0,0.0,0.0,0.0,0.0,13.02568227665733,12.87534040436844,13.17948002746366,13.002867136810004,0.0,0.0,0.0,0.0,5.311456067760982,5.23586121091072,5.440068292612908,5.340960737780291,22.10458890881676,21.85048323687894,22.170450165677092,22.052438075290915,nan,nan,nan,nan,nan,nan,nan,nan,nan,nan,nan,nan,nan,nan,nan,nan
2,adam,adam,AdamW,,adam,,,requested,1.6,nan,nominal,0.003,additive,1.0,mse,0.09948087307221265,190,190,1.0,0.35112204085888743,0.3490380804011752,0.3542484975093696,0.3512051810181531,0.2516411677866748,0.24955720732896253,0.25476762443715695,0.25172430794594053,0.1354820104289287,0.1341172616979005,0.14014307878179144,0.13701180578895955,3.4340457956923993,3.4209656818405385,3.4802752768012306,3.443524192189241,0.12256604214303324,0.12221431741313746,0.1242266090192793,0.12314792942967158,0.0,0.0,0.0,0.0,0.0,0.0,0.0,0.0,13.018459373048103,12.989814735201378,13.208778711358335,13.060948033242035,0.0,0.0,0.0,0.0,5.265202690261193,5.186145146524968,5.391908507249282,5.293151849870126,21.90896305633619,21.734817077765975,22.062823619891454,21.915653906145764,nan,nan,nan,nan,nan,nan,nan,nan,nan,nan,nan,nan,nan,nan,nan,nan
2,adam,adam,AdamW,,adam,,,requested,1.6,nan,nominal,0.003,additive,1.0,mse,0.09948087307221265,200,200,1.0,0.34488040496064704,0.34306667678625036,0.34787461378350054,0.34504429053383334,0.24539953188843439,0.2435858037140377,0.2483937407112879,0.24556341746162072,0.13051355514178176,0.12941181438258906,0.13479821462887326,0.1319295986087159,3.388841940857441,3.368806700895435,3.4236300938867545,3.393374692210478,0.1199486356310708,0.11919319183052952,0.12187379358997048,0.12031814866441709,0.0,0.0,0.0,0.0,0.0,0.0,0.0,0.0,12.939865870485322,12.670641469862181,13.074666332667944,12.936936664462468,0.0,0.0,0.0,0.0,5.227264434866962,5.141109767287505,5.350855736837924,5.2495977083515015,21.731343707139988,21.62374344267013,21.89346780606659,21.767569008096874,nan,nan,nan,nan,nan,nan,nan,nan,nan,nan,nan,nan,nan,nan,nan,nan
2,adam,adam,AdamW,,adam,,,requested,1.6,nan,nominal,0.003,additive,1.0,mse,0.09948087307221265,210,210,1.0,0.3396440509963202,0.3372518206872647,0.34168898306760015,0.33927417479612487,0.24016317792410757,0.23777094761505208,0.2422081099953875,0.23979330172391222,0.12615531579124567,0.12508814005183977,0.12999839085666476,0.1272830503308876,3.343041823073577,3.323469593262952,3.366961961257765,3.3437059347911475,0.11747757559798756,0.11651741617999065,0.11923011997739319,0.11760108756296606,0.0,0.0,0.0,0.0,0.0,0.0,0.0,0.0,13.030957937896792,12.908718223317361,13.090656451129403,13.000234276823086,0.0,0.0,0.0,0.0,5.190910103966095,5.093041811120164,5.296670732700238,5.204000926850547,21.58611807005267,21.47198826525167,21.72181025808426,21.616730759705987,nan,nan,nan,nan,nan,nan,nan,nan,nan,nan,nan,nan,nan,nan,nan,nan
2,adam,adam,AdamW,,adam,,,requested,1.6,nan,nominal,0.003,additive,1.0,mse,0.09948087307221265,220,220,1.0,0.3344617999074279,0.33206295699557775,0.3358170643397201,0.3338540783976846,0.23498092683521526,0.2325820839233651,0.23633619126750743,0.23437320532547193,0.12228416013579671,0.12079428248160332,0.1257060530298091,0.12307144065786527,3.2975318675007,3.277024656909519,3.3129604487321047,3.295636933330356,0.11550294487107526,0.11375230049935879,0.1166144196595985,0.1150827585680359,0.0,0.0,0.0,0.0,0.0,0.0,0.0,0.0,12.73013421201393,12.602234993592713,12.84228158631306,12.751799834522506,0.0,0.0,0.0,0.0,5.157014364082056,5.036007313703399,5.2414061996431105,5.156383711534489,21.47859678557092,21.340090748589304,21.548210854197198,21.485918755019163,nan,nan,nan,nan,nan,nan,nan,nan,nan,nan,nan,nan,nan,nan,nan,nan
2,adam,adam,AdamW,,adam,,,requested,1.6,nan,nominal,0.003,additive,1.0,mse,0.09948087307221265,230,230,1.0,0.32976701808435355,0.32743629856398937,0.3310976461223427,0.329177961735337,0.2302861450121409,0.22795542549177672,0.23161677305013004,0.22969708866312433,0.11906015233369076,0.117302957954699,0.12200309045564177,0.11947533979784922,3.2556557181839993,3.243124516781783,3.2690517090732527,3.254382110074755,0.113308431162922,0.1116741363061994,0.11441283029251519,0.11295967191589892,0.0,0.0,0.0,0.0,0.0,0.0,0.0,0.0,12.784911886994479,12.566424315913377,12.969660559747132,12.78296681715847,0.0,0.0,0.0,0.0,5.127062498288163,4.984578044597881,5.209819087226299,5.115453550867633,21.34205948469685,21.220918454368274,21.44615040669377,21.364516035720744,nan,nan,nan,nan,nan,nan,nan,nan,nan,nan,nan,nan,nan,nan,nan,nan
2,adam,adam,AdamW,,adam,,,requested,1.6,nan,nominal,0.003,additive,1.0,mse,0.09948087307221265,240,240,1.0,0.32552238882134327,0.32309425313770107,0.3272907819618314,0.324972171406533,0.22604151574913062,0.22361338006548842,0.22780990888961877,0.2254912983343204,0.116226972392341,0.11424748413341097,0.11865693187894413,0.11628546949138473,3.2200165539680725,3.206043921944153,3.2356063176583847,3.2179468066526296,0.11104767977588301,0.10954712208326381,0.11208912078975214,0.1107579232196644,0.0,0.0,0.0,0.0,0.0,0.0,0.0,0.0,12.656310284784272,12.481962944671418,13.15540416434646,12.81318684701149,0.0,0.0,0.0,0.0,5.0946615788241045,4.941546438096847,5.172627123009913,5.075774472751473,21.224613889030564,21.141745201500864,21.3439080662745,21.280108234477154,nan,nan,nan,nan,nan,nan,nan,nan,nan,nan,nan,nan,nan,nan,nan,nan
2,adam,adam,AdamW,,adam,,,requested,1.6,nan,nominal,0.003,additive,1.0,mse,0.09948087307221265,250,250,1.0,0.32151745173707824,0.31933329468525357,0.3235017444728239,0.3209784680124251,0.2220365786648656,0.21985242161304092,0.22402087140061128,0.22149759494021243,0.11330529801970764,0.11130920946608462,0.11548440020861499,0.11332989151554335,3.183289992095991,3.1696184755160712,3.200695157170238,3.1825178286915743,0.10887730012252532,0.10747632305139782,0.10999391454990662,0.10870628554180231,0.0,0.0,0.0,0.0,0.0,0.0,0.0,0.0,12.710974885931208,12.612694802432415,12.899240735046268,12.739858599994788,0.0,0.0,0.0,0.0,5.056314611362314,4.898775233250085,5.129974622090169,5.035080212821294,21.100918596834354,21.075312584315743,21.278087496170897,21.181808425807873,nan,nan,nan,nan,nan,nan,nan,nan,nan,nan,nan,nan,nan,nan,nan,nan
2,adam,adam,AdamW,,adam,,,requested,1.6,nan,nominal,0.003,additive,1.0,mse,0.09948087307221265,260,260,1.0,0.31766583219399924,0.3158308757417806,0.32024719325516476,0.31736941499558763,0.2181849591217866,0.21635000266956794,0.2207663201829521,0.21788854192337498,0.11073096074953451,0.10848848237181553,0.11261989587991328,0.11066412330613201,3.149784895458285,3.1359166569265424,3.1693653926937446,3.150313475417606,0.10713818421818934,0.10539212885810413,0.10843753247312371,0.10689742270946011,0.0,0.0,0.0,0.0,0.0,0.0,0.0,0.0,12.750062821778705,12.573817322756694,12.83646492919914,12.72732617046586,0.0,0.0,0.0,0.0,5.02321624804801,4.856437865761145,5.095412411948839,4.998853777906036,20.985025540343248,20.97335780230074,21.19574595959927,21.067885334431878,nan,nan,nan,nan,nan,nan,nan,nan,nan,nan,nan,nan,nan,nan,nan,nan
2,adam,adam,AdamW,,adam,,,requested,1.6,nan,nominal,0.003,additive,1.0,mse,0.09948087307221265,270,270,1.0,0.31423916433003946,0.312725693508491,0.3168571010389473,0.3139835530110312,0.2147582912578268,0.21324482043627835,0.21737622796673467,0.21450267993881855,0.10805125187729603,0.10593924373709718,0.11005430353276703,0.10812786229990912,3.115942880852111,3.10252883906893,3.1375975751160086,3.1184022685366592,0.10570919300266954,0.10370966020434048,0.10655184732147437,0.10514886220976018,0.0,0.0,0.0,0.0,0.0,0.0,0.0,0.0,12.569575975448924,12.3663534717443,12.827343781509274,12.577209903369816,0.0,0.0,0.0,0.0,4.98445630042519,4.824183204709623,5.064664272764716,4.965892394836215,20.913071508374657,20.86813351171116,21.100340428718372,20.967208141542443,nan,nan,nan,nan,nan,nan,nan,nan,nan,nan,nan,nan,nan,nan,nan,nan
2,adam,adam,AdamW,,adam,,,requested,1.6,nan,nominal,0.003,additive,1.0,mse,0.09948087307221265,280,280,1.0,0.3114369866793359,0.30964571245196826,0.31353058471972417,0.3109727823467531,0.21195611360712324,0.2101648393797556,0.21404971164751152,0.21149190927454042,0.10562009816462517,0.10380026363457345,0.10783530835556081,0.10589031178893721,3.0897576060760805,3.070747215880252,3.1068033203494827,3.0900492241388444,0.10419250802674115,0.10216229606472008,0.10507988705434511,0.10357659826148188,0.0,0.0,0.0,0.0,0.0,0.0,0.0,0.0,12.730055231589006,12.349484778264056,12.91347597873822,12.664934966930987,0.0,0.0,0.0,0.0,4.95125884976426,4.7975353235282965,5.041950625474241,4.936525074306676,20.863772105284013,20.762788860004132,21.047700356570633,20.88548942970946,nan,nan,nan,nan,nan,nan,nan,nan,nan,nan,nan,nan,nan,nan,nan,nan
2,adam,adam,AdamW,,adam,,,requested,1.6,nan,nominal,0.003,additive,1.0,mse,0.09948087307221265,290,290,1.0,0.3087186627558631,0.3068726824885149,0.3106063105366441,0.30823259227875505,0.20923778968365048,0.20739180941630225,0.21112543746443146,0.20875171920654234,0.10351053590320738,0.10168543632895401,0.1058213773695014,0.10388348763563927,3.0638889529227527,3.047064916173369,3.078495456772777,3.0646045653589105,0.10276614848314639,0.10067588779449835,0.10354453266783215,0.10209782355545896,0.0,0.0,0.0,0.0,0.0,0.0,0.0,0.0,12.75551564556821,12.629431202286957,12.986882944705094,12.775409732413731,0.0,0.0,0.0,0.0,4.916469647863622,4.767526024052295,5.018560894069254,4.90647362328429,20.827875374399856,20.67883071840087,20.99574055779038,20.82388078992394,nan,nan,nan,nan,nan,nan,nan,nan,nan,nan,nan,nan,nan,nan,nan,nan
2,adam,adam,AdamW,,adam,,,requested,1.6,nan,nominal,0.003,additive,1.0,mse,0.09948087307221265,300,300,1.0,0.306119187822501,0.3044430138206464,0.30806910770352003,0.30577835486478133,0.20663831475028838,0.20496214074843375,0.2085882346313074,0.2062974817925687,0.10165897364346031,0.10014086076423642,0.1039935797321965,0.10215354599534834,3.040742825312993,3.026106136067973,3.0529238916917527,3.04166770469017,0.10120151112287175,0.09962099742867453,0.102206801164715,0.10082815258547902,0.0,0.0,0.0,0.0,0.0,0.0,0.0,0.0,12.776839932522734,12.52892761652621,12.998368414400117,12.75851126449695,0.0,0.0,0.0,0.0,4.890320745016781,4.739829365483159,4.9894400308721085,4.878562727234197,20.765465643751547,20.635832682088147,20.940033007449536,20.758567648192823,nan,nan,nan,nan,nan,nan,nan,nan,nan,nan,nan,nan,nan,nan,nan,nan
2,adam,adam,AdamW,,adam,,,requested,1.6,nan,nominal,0.003,additive,1.0,mse,0.09948087307221265,310,310,1.0,0.3038440250493726,0.3019690127047868,0.305963280678482,0.3035417640264938,0.20436315197715996,0.20248813963257414,0.20648240760626935,0.2040608909542812,0.10013167827241595,0.09853633522337027,0.10233858788674838,0.10060119030172843,3.0180290613471135,3.0064932446667183,3.032883395365685,3.0204432193752586,0.10013725084027636,0.09857450156815355,0.1010316143149046,0.09977510765631124,0.0,0.0,0.0,0.0,0.0,0.0,0.0,0.0,12.586599156224594,12.496693426419602,12.80254696402236,12.696135257424437,0.0,0.0,0.0,0.0,4.865008664568354,4.71077443029996,4.954205357048229,4.852147631056995,20.702746318643065,20.569378422725734,20.870388524364007,20.690481141887428,nan,nan,nan,nan,nan,nan,nan,nan,nan,nan,nan,nan,nan,nan,nan,nan
2,adam,adam,AdamW,,adam,,,requested,1.6,nan,nominal,0.003,additive,1.0,mse,0.09948087307221265,320,320,1.0,0.30198353015824414,0.29974686645469395,0.30393676651410684,0.3015546778286368,0.2025026570860315,0.2002659933824813,0.20445589344189416,0.2020738047564242,0.09859138493398316,0.09715982195733319,0.1011854247133453,0.09920696783815855,2.999124380259251,2.987780039644445,3.0138229808401493,3.001408832317729,0.09910825065433207,0.09764311127652178,0.10028828889920387,0.09886052665595234,0.0,0.0,0.0,0.0,0.0,0.0,0.0,0.0,12.789854568905376,12.43145877110417,12.872979206796806,12.688811299885575,0.0,0.0,0.0,0.0,4.84228670309443,4.681334412304334,4.931326833099786,4.830218958319065,20.638457015407056,20.50476068460222,20.80845434582569,20.625536362606372,nan,nan,nan,nan,nan,nan,nan,nan,nan,nan,nan,nan,nan,nan,nan,nan
2,adam,adam,AdamW,,adam,,,requested,1.6,nan,nominal,0.003,additive,1.0,mse,0.09948087307221265,330,330,1.0,0.3001209930971566,0.2979472269415922,0.30221016218351004,0.29975125128957075,0.20064012002494397,0.19846635386937955,0.20272928911129742,0.20027037821735813,0.09734272342033817,0.09587010770208573,0.10004971791756859,0.0979536378839546,2.9814023730164534,2.9710298238965045,2.9985514065678895,2.9837835181444214,0.098060883596055,0.09673116949165775,0.09933796886198994,0.09792167831435024,0.0,0.0,0.0,0.0,0.0,0.0,0.0,0.0,12.760374441382496,12.65727762125039,12.936438019580988,12.782945591786747,0.0,0.0,0.0,0.0,4.822578813071889,4.6638493735945445,4.914439198331497,4.811174188358516,20.5909025157028,20.4551489487433,20.748573675105042,20.57277878626674,nan,nan,nan,nan,nan,nan,nan,nan,nan,nan,nan,nan,nan,nan,nan,nan
2,adam,adam,AdamW,,adam,,,requested,1.6,nan,nominal,0.003,additive,1.0,mse,0.09948087307221265,340,340,1.0,0.298536700862701,0.29639972458836666,0.300518613846305,0.29817198054860766,0.19905582779048836,0.19691885151615401,0.20103774077409237,0.198691107476395,0.09629700275384473,0.09477804325595361,0.09892248050103991,0.09684173872326574,2.965984383788117,2.95753971417031,2.9843659284407624,2.968035407777423,0.09720861794682972,0.0961847161671305,0.09851512122863892,0.09713560439410471,0.0,0.0,0.0,0.0,0.0,0.0,0.0,0.0,12.733237183591614,12.382094193512303,12.944153626235902,12.693575283698229,0.0,0.0,0.0,0.0,4.805599343141996,4.649188859321866,4.897046528999872,4.794325673023609,20.54694973280278,20.42068951423637,20.695564278140452,20.53000911598587,nan,nan,nan,nan,nan,nan,nan,nan,nan,nan,nan,nan,nan,nan,nan,nan
2,adam,adam,AdamW,,adam,,,requested,1.6,nan,nominal,0.003,additive,1.0,mse,0.09948087307221265,350,350,1.0,0.2971756271831021,0.2951715432756028,0.2988904930101229,0.29674462868968166,0.19769475411088946,0.19569067020339015,0.19940961993791023,0.197263755617469,0.09528673402246826,0.093738085464524,0.09776559498873749,0.09579162804234212,2.953694677286877,2.9443748095035147,2.970759685797632,2.9542216857411585,0.0964642711101707,0.09548394197509887,0.09776579607283867,0.09638453766371109,0.0,0.0,0.0,0.0,0.0,0.0,0.0,0.0,12.633862280082344,12.17878366481188,13.098234700447163,12.64492159328329,0.0,0.0,0.0,0.0,4.792073121634784,4.638638823530044,4.878393000253215,4.779865372559996,20.502954779706613,20.39158274179945,20.646598733405973,20.490338301665485,nan,nan,nan,nan,nan,nan,nan,nan,nan,nan,nan,nan,nan,nan,nan,nan
2,adam,adam,AdamW,,adam,,,requested,1.6,nan,nominal,0.003,additive,1.0,mse,0.09948087307221265,360,360,1.0,0.2959323241167995,0.29407389476506984,0.2975369598363828,0.295492784146455,0.19645145104458683,0.19459302169285722,0.19805608676417014,0.19601191107424237,0.09435752557261262,0.09288346840481318,0.09682366624601202,0.09491282206232836,2.9429189632906683,2.9316927073679535,2.958673345685619,2.9426777561950788,0.0957378285439455,0.09477879455644285,0.09706211352990185,0.09569502510228847,0.0,0.0,0.0,0.0,0.0,0.0,0.0,0.0,12.627060101809583,12.446658379329033,12.951212758170879,12.722602865162427,0.0,0.0,0.0,0.0,4.777389185313056,4.629211422004764,4.864280382436374,4.766641126561687,20.460600732192187,20.34941762619728,20.61311727182199,20.449189969195757,nan,nan,nan,nan,nan,nan,nan,nan,nan,nan,nan,nan,nan,nan,nan,nan
2,adam,adam,AdamW,,adam,,,requested,1.6,nan,nominal,0.003,additive,1.0,mse,0.09948087307221265,370,370,1.0,0.29488004035199095,0.2930974140547802,0.29634619994803035,0.2944120278965676,0.1953991672797783,0.19361654098256753,0.19686532687581768,0.19493115482435502,0.09358687167466594,0.09214474125355052,0.09603003816099617,0.09417076569214387,2.93353706360398,2.92186587517706,2.9474022138836604,2.932719188242963,0.09514315132899889,0.09420985283719135,0.09639446544790085,0.0951092222165365,0.0,0.0,0.0,0.0,0.0,0.0,0.0,0.0,12.666130264212223,12.380350440092474,13.002831957127036,12.759256933576118,0.0,0.0,0.0,0.0,4.761608415826907,4.621623616690216,4.850390503710975,4.754584710866858,20.42664621283784,20.315095441893476,20.577815520659428,20.416625993773977,nan,nan,nan,nan,nan,nan,nan,nan,nan,nan,nan,nan,nan,nan,nan,nan
2,adam,adam,AdamW,,adam,,,requested,1.6,nan,nominal,0.003,additive,1.0,mse,0.09948087307221265,380,380,1.0,0.2939783706087261,0.2922009593078759,0.2953652291129829,0.29350366456580296,0.1944974975365135,0.19272008623566322,0.19588435604077026,0.19402279149359036,0.09292214896727419,0.09147146980148661,0.09538846394139294,0.09351313031442972,2.9247007250789885,2.9130495957349285,2.938759260722353,2.9241048875998237,0.09457351252820533,0.09363494625756617,0.09584653984637165,0.09456675014243571,0.0,0.0,0.0,0.0,0.0,0.0,0.0,0.0,12.425247695529116,12.378421486100954,12.500594054674039,12.437841293361931,0.0,0.0,0.0,0.0,4.750921772574509,4.613305031208186,4.84188933156563,4.745277249611362,20.39763142356707,20.284953508749584,20.547914648566575,20.388707243209275,nan,nan,nan,nan,nan,nan,nan,nan,nan,nan,nan,nan,nan,nan,nan,nan
2,adam,adam,AdamW,,adam,,,requested,1.6,nan,nominal,0.003,additive,1.0,mse,0.09948087307221265,390,390,1.0,0.293168992589641,0.29140937738814093,0.29456392653434493,0.29273457225777577,0.19368811951742834,0.19192850431592828,0.19508305346213228,0.19325369918556315,0.09229104484891236,0.09096546376614785,0.0949314597659066,0.09297535580338398,2.9164619522929773,2.907045829935651,2.9310272779063156,2.916794930170586,0.09412638682965363,0.09308585518310555,0.09545232311603544,0.0941414990338274,0.0,0.0,0.0,0.0,0.0,0.0,0.0,0.0,12.743386818343765,12.49775205760279,13.056225638648463,12.726835583748631,0.0,0.0,0.0,0.0,4.741753846136367,4.605267765875547,4.835407926922584,4.736169029837463,20.371677875508695,20.258788942150286,20.5219230465169,20.36497194701048,nan,nan,nan,nan,nan,nan,nan,nan,nan,nan,nan,nan,nan,nan,nan,nan
2,adam,adam,AdamW,,adam,,,requested,1.6,nan,nominal,0.003,additive,1.0,mse,0.09948087307221265,400,400,1.0,0.2925327618200185,0.290760505008704,0.29385003402005466,0.2920701568756561,0.1930518887478059,0.19127963193649136,0.194369160947842,0.19258928380344342,0.09180114477287996,0.09056235198449158,0.09452285193823691,0.09253937728925854,2.9097754895199097,2.900838089344632,2.924399573414213,2.910593613219829,0.09377290333030526,0.09269563089006302,0.09512441402307595,0.0937874745897903,0.0,0.0,0.0,0.0,0.0,0.0,0.0,0.0,12.562780192145093,12.352542437222382,12.881613058655157,12.645328389229073,0.0,0.0,0.0,0.0,4.730844999046175,4.597666630353601,4.8278840531481855,4.7274329655217056,20.350888391537026,20.23728318464605,20.498855606963406,20.343834634512294,nan,nan,nan,nan,nan,nan,nan,nan,nan,nan,nan,nan,nan,nan,nan,nan
2,adam,adam,AdamW,,adam,,,requested,1.6,nan,nominal,0.003,additive,1.0,mse,0.09948087307221265,410,410,1.0,0.2919322000612534,0.29025047941617244,0.29328169037297697,0.29150121074095564,0.1924513269890408,0.1907696063439598,0.19380081730076432,0.192020337668743,0.091392429475608,0.09023269828443489,0.09415773591243656,0.09217879595413109,2.9040390830684535,2.895063166374089,2.918960243944532,2.9051641940410224,0.09345763477305231,0.09237825523678485,0.09481973403919625,0.09347492564288333,0.0,0.0,0.0,0.0,0.0,0.0,0.0,0.0,12.985811028819255,12.371482761959868,13.09886206937319,12.785468482996054,0.0,0.0,0.0,0.0,4.721672159150462,4.592340694812177,4.8223714108770555,4.7206391730591575,20.334169815188915,20.217576695926734,20.481736741591604,20.32461839777916,nan,nan,nan,nan,nan,nan,nan,nan,nan,nan,nan,nan,nan,nan,nan,nan
2,adam,adam,AdamW,,adam,,,requested,1.6,nan,nominal,0.003,additive,1.0,mse,0.09948087307221265,420,420,1.0,0.2914420938878988,0.2898264906611014,0.2927855884593294,0.29103078892880746,0.19196122081568617,0.19034561758888874,0.19330471538711674,0.1915499158565948,0.09108245431861853,0.08999086491605891,0.0938655948872838,0.09188665355514103,2.898966957947242,2.890577725891636,2.9142520866660373,2.9004555984337594,0.09316783105288494,0.09214873000310247,0.09453837199967491,0.09321375710172648,0.0,0.0,0.0,0.0,0.0,0.0,0.0,0.0,12.727766170450218,12.52026270755722,12.94892142296739,12.715480844365697,0.0,0.0,0.0,0.0,4.713651690401071,4.58749941849014,4.81738697573901,4.714909625410135,20.31795161517075,20.199977846155,20.46735950138539,20.308837674104286,nan,nan,nan,nan,nan,nan,nan,nan,nan,nan,nan,nan,nan,nan,nan,nan
2,adam,adam,AdamW,,adam,,,requested,1.6,nan,nominal,0.003,additive,1.0,mse,0.09948087307221265,430,430,1.0,0.2910320674745783,0.2894056100690005,0.29240855647282726,0.29064250842082073,0.1915511944023657,0.18992473699678786,0.1929276834006146,0.19116163534860808,0.09080688589740944,0.08977970756180895,0.09360968426787682,0.09162829685919349,2.8954754785225747,2.8859929707879544,2.910520915845698,2.8964250159224108,0.09290460692903615,0.09192874380577917,0.09433692460710555,0.09298759117014452,0.0,0.0,0.0,0.0,0.0,0.0,0.0,0.0,12.434475790841052,12.016820658051008,12.88113345213335,12.464679113192048,0.0,0.0,0.0,0.0,4.70823327704545,4.583415929680283,4.813060576590588,4.710224464285196,20.303480496364532,20.187269700889587,20.453714436495552,20.295235719563735,nan,nan,nan,nan,nan,nan,nan,nan,nan,nan,nan,nan,nan,nan,nan,nan
2,adam,adam,AdamW,,adam,,,requested,1.6,nan,nominal,0.003,additive,1.0,mse,0.09948087307221265,440,440,1.0,0.2907266195092786,0.2890858595104297,0.2921072319124504,0.2903394689016861,0.1912457464370659,0.18960498643821705,0.19262635884023777,0.19085859582947348,0.09059138258945781,0.089596084402232,0.09340489721709597,0.0914294253862895,2.892445734623214,2.8828040894050915,2.907441332008331,2.8932931014221737,0.09274002508621168,0.09176275271371234,0.09416189421838311,0.09281785242089949,0.0,0.0,0.0,0.0,0.0,0.0,0.0,0.0,12.413847770488966,12.36765708123236,12.60183916522913,12.458326311730774,0.0,0.0,0.0,0.0,4.705003431828603,4.579432300116199,4.809600210948344,4.706707014170357,20.29129451896645,20.17701825714718,20.44600311293603,20.284716986777845,nan,nan,nan,nan,nan,nan,nan,nan,nan,nan,nan,nan,nan,nan,nan,nan
2,adam,adam,AdamW,,adam,,,requested,1.6,nan,nominal,0.003,additive,1.0,mse,0.09948087307221265,450,450,1.0,0.2904753055012648,0.28883084481184185,0.291878224702083,0.2901009611450065,0.19099443242905217,0.1893499717396292,0.19239735162987034,0.19062008807279388,0.09043586643524873,0.08943494766104738,0.09325284210065929,0.09127950218617617,2.889895644417042,2.8803108540963906,2.905157535617039,2.8909040115501785,0.09259859291431427,0.09163420046647304,0.09403535831641602,0.09268294011656505,0.0,0.0,0.0,0.0,0.0,0.0,0.0,0.0,12.733753856378474,12.509849538728101,12.890176369793718,12.676527048334915,0.0,0.0,0.0,0.0,4.702519506166961,4.576588691801967,4.806541347044192,4.703774857990396,20.28268928711013,20.169157971220702,20.441439137487095,20.27766066455578,nan,nan,nan,nan,nan,nan,nan,nan,nan,nan,nan,nan,nan,nan,nan,nan
2,adam,adam,AdamW,,adam,,,requested,1.6,nan,nominal,0.003,additive,1.0,mse,0.09948087307221265,460,460,1.0,0.29028851865440936,0.28864599665268964,0.2916955227891295,0.2899199929498935,0.1908076455821967,0.189165123580477,0.19221464971691687,0.19043911987768083,0.09031916580128113,0.08931544707533093,0.0931269100685568,0.09116323477858532,2.8880905627264717,2.8785781320756945,2.9035043423918263,2.8891511006692676,0.09250309594508921,0.09151206978339654,0.09392665787395907,0.09257712227466047,0.0,0.0,0.0,0.0,0.0,0.0,0.0,0.0,12.307380582461498,12.166004085566389,12.64800182905964,12.411197508360845,0.0,0.0,0.0,0.0,4.700237861109368,4.574584165104889,4.804109723626811,4.701597186546709,20.27609700412244,20.163987827849983,20.43729052113687,20.272593408112794,nan,nan,nan,nan,nan,nan,nan,nan,nan,nan,nan,nan,nan,nan,nan,nan
2,adam,adam,AdamW,,adam,,,requested,1.6,nan,nominal,0.003,additive,1.0,mse,0.09948087307221265,470,470,1.0,0.290154470558753,0.2885019429320232,0.29156199424659085,0.28978288033336635,0.19067359748654036,0.18902106985981054,0.1920811211743782,0.1903020072611537,0.0902373024407298,0.08923038881729355,0.0930374387759047,0.0910778661871647,2.8868784606962214,2.8773219415577076,2.902325823539786,2.887884492253572,0.09242879456998002,0.0914192875728924,0.09384582403147004,0.09249643159768858,0.0,0.0,0.0,0.0,0.0,0.0,0.0,0.0,12.576308560548014,12.514674276963527,13.004709340350427,12.703561593554925,0.0,0.0,0.0,0.0,4.698595479611551,4.5726207465316655,4.801952925760425,4.69989486114594,20.271077938980056,20.160098796752266,20.4341091838734,20.268375613468784,nan,nan,nan,nan,nan,nan,nan,nan,nan,nan,nan,nan,nan,nan,nan,nan
2,adam,adam,AdamW,,adam,,,requested,1.6,nan,nominal,0.003,additive,1.0,mse,0.09948087307221265,480,480,1.0,0.2900597298852637,0.2883971726857231,0.29146516479276524,0.28968325792923083,0.19057885681305103,0.18891629961351047,0.1919842917205526,0.19020238485701815,0.09017279959776994,0.08917197902234188,0.09296436049020732,0.09101526079271924,2.885949344427674,2.87629914596818,2.901363044516778,2.8869438071759532,0.09236787743299973,0.09136143899774633,0.09378104062939736,0.09243693408993012,0.0,0.0,0.0,0.0,0.0,0.0,0.0,0.0,12.405423845172713,12.193458355205461,12.77770483491922,12.481960359230294,0.0,0.0,0.0,0.0,4.697616373333805,4.571324553540116,4.800529789345512,4.698690630620849,20.26874178777617,20.157672010269188,20.43172941516535,20.265531464242557,nan,nan,nan,nan,nan,nan,nan,nan,nan,nan,nan,nan,nan,nan,nan,nan
2,adam,adam,AdamW,,adam,,,requested,1.6,nan,nominal,0.003,additive,1.0,mse,0.09948087307221265,490,490,1.0,0.2899899376059414,0.28831728157525577,0.29139271418267926,0.2896108798683704,0.19050906453372873,0.18883640850304312,0.1919118411104666,0.19013000679615777,0.09012624517043506,0.08912872122789876,0.0929192525561731,0.09097053849714662,2.885263565910437,2.875498428684125,2.900683866893595,2.8862580030571077,0.09232357752381588,0.09132070345047137,0.09373556807977346,0.09239387418273147,0.0,0.0,0.0,0.0,0.0,0.0,0.0,0.0,12.242370843443219,12.061547200606967,12.343859830184796,12.207228496927371,0.0,0.0,0.0,0.0,4.696833101738777,4.570315497603259,4.799652388098178,4.697755682001337,20.266643405621174,20.15584478455977,20.429307194897575,20.263463929814023,nan,nan,nan,nan,nan,nan,nan,nan,nan,nan,nan,nan,nan,nan,nan,nan
2,adam,adam,AdamW,,adam,,,requested,1.6,nan,nominal,0.003,additive,1.0,mse,0.09948087307221265,500,500,1.0,0.289925041224639,0.2882516240780259,0.2913288661335891,0.2895485357134064,0.19044416815242635,0.18877075100581325,0.19184799306137643,0.19006766264119376,0.09008335697875364,0.08909086701889968,0.09287657089287649,0.09092967102141257,2.8846135657560614,2.874818863354807,2.900103878830231,2.885651584164207,0.09228154614789805,0.09128499303078627,0.09370038052158741,0.09235717000799466,0.0,0.0,0.0,0.0,0.0,0.0,0.0,0.0,12.611921449211811,12.344439250525925,12.715923029787703,12.554207742776489,0.0,0.0,0.0,0.0,4.696177384580236,4.569729965620602,4.798806447773758,4.696996613563016,20.264865642293174,20.153751596792727,20.42792896022928,20.26183449371107,nan,nan,nan,nan,nan,nan,nan,nan,nan,nan,nan,nan,nan,nan,nan,nan
2,adam,adam,AdamW,,adam,,,requested,2.0,nan,nominal,0.003,additive,1.0,mse,0.09948087307221265,0,0,1.0,1.3658141970481346,1.3658141970481346,1.3658141970481346,1.3658141970481346,1.266333323975922,1.266333323975922,1.266333323975922,1.266333323975922,1.0142169620491983,1.0142169620491983,1.0142169620491983,1.0142169620491983,6.972105888743615,6.972105888743615,6.972105888743615,6.972105888743615,0.6393082148548822,0.6393082148548822,0.6393082148548822,0.6393082148548822,0.0,0.0,0.0,0.0,0.0,0.0,0.0,0.0,0.0,0.0,0.0,0.0,0.0,0.0,0.0,0.0,6.9224601109148445,6.9224601109148445,6.9224601109148445,6.9224601109148445,23.97018795689393,23.97018795689393,23.97018795689393,23.97018795689393,nan,nan,nan,nan,nan,nan,nan,nan,nan,nan,nan,nan,nan,nan,nan,nan
2,adam,adam,AdamW,,adam,,,requested,2.0,nan,nominal,0.003,additive,1.0,mse,0.09948087307221265,10,10,1.0,1.0322114595949194,1.027244003843279,1.0347023456262219,1.0293663967046562,0.9327305865227068,0.9277631307710665,0.9352214725540092,0.9298855236324437,0.7266846156116393,0.7224438336310255,0.7275700132560585,0.7236424583922734,6.240022762195085,6.226012763497985,6.251582184950483,6.234109412647703,0.4299034026278012,0.4254984630283191,0.4325321034454823,0.42891659829557865,0.0,0.0,0.0,0.0,0.0,0.0,0.0,0.0,25.808779804632366,25.72905772506992,26.13207959101795,25.958529604462058,0.0,0.0,0.0,0.0,6.7543349165877995,6.746870559547427,6.763651114547584,6.755052915097647,24.47187317712062,24.438357805902342,24.525146347376335,24.479134924157812,nan,nan,nan,nan,nan,nan,nan,nan,nan,nan,nan,nan,nan,nan,nan,nan
2,adam,adam,AdamW,,adam,,,requested,2.0,nan,nominal,0.003,additive,1.0,mse,0.09948087307221265,20,20,1.0,0.8408719456313208,0.8378529279132838,0.8416241565369659,0.8387051127870988,0.7413910725591082,0.7383720548410713,0.7421432834647532,0.739224239714886,0.5614355571696545,0.5588547882533993,0.5620239020204594,0.5595607232722646,5.711422315101378,5.696877194390759,5.726480622168967,5.708248359693836,0.3188311964121848,0.31704807426050535,0.3213105392932609,0.31861269427875405,0.0,0.0,0.0,0.0,0.0,0.0,0.0,0.0,20.960225973773277,20.867623079661932,21.024575781304073,20.93785675901298,0.0,0.0,0.0,0.0,6.581665331899407,6.553290250152377,6.59228073189415,6.573864307342319,24.682843309942463,24.665199303664146,24.76479169178762,24.724639699087902,nan,nan,nan,nan,nan,nan,nan,nan,nan,nan,nan,nan,nan,nan,nan,nan
2,adam,adam,AdamW,,adam,,,requested,2.0,nan,nominal,0.003,additive,1.0,mse,0.09948087307221265,30,30,1.0,0.7230673349716488,0.7217891508687158,0.724193880255845,0.7221806266888259,0.6235864618994362,0.6223082777965032,0.6247130071836322,0.6226997536166133,0.45982518029320163,0.4582087160042231,0.46267635061814166,0.4593733561675427,5.323227717762954,5.317744930726138,5.335820134284068,5.323411257588929,0.26358571339163217,0.2619706814840783,0.26432980678363127,0.26325483356151186,0.0,0.0,0.0,0.0,0.0,0.0,0.0,0.0,18.008511093364866,17.84281851329579,18.18092918771359,18.013899342419947,0.0,0.0,0.0,0.0,6.422351210702875,6.373978186205871,6.440745916622227,6.400797349458236,24.730248096752412,24.70462080534488,24.79586817275102,24.779567153716663,nan,nan,nan,nan,nan,nan,nan,nan,nan,nan,nan,nan,nan,nan,nan,nan
2,adam,adam,AdamW,,adam,,,requested,2.0,nan,nominal,0.003,additive,1.0,mse,0.09948087307221265,40,40,1.0,0.6422488270370801,0.6396839025735181,0.6431250986103934,0.6409413643176403,0.5427679539648673,0.5402030295013054,0.5436442255381807,0.5414604912454277,0.3903951664760268,0.3869908563612707,0.39392287408936477,0.3895705637501607,5.01536559553438,5.004028402874547,5.026673195438822,5.015781924285199,0.23235655800084828,0.2320751491103144,0.23324156427832332,0.2327537888700777,0.0,0.0,0.0,0.0,0.0,0.0,0.0,0.0,16.546813189758907,16.44724438166975,16.643499373347698,16.55080795936063,0.0,0.0,0.0,0.0,6.269857926603208,6.227765246852071,6.285626689091244,6.246537170126588,24.665780994323445,24.62913992417689,24.758269118170183,24.70587660553775,nan,nan,nan,nan,nan,nan,nan,nan,nan,nan,nan,nan,nan,nan,nan,nan
2,adam,adam,AdamW,,adam,,,requested,2.0,nan,nominal,0.003,additive,1.0,mse,0.09948087307221265,50,50,1.0,0.5790919587334205,0.5764386334323605,0.5804511387927592,0.5781141313765021,0.47961108566120786,0.4769577603601478,0.4809702657205466,0.47863325830428943,0.33695928508865913,0.33344821387491214,0.33747585314535655,0.335388367076204,4.7529782142120744,4.7454608053370215,4.764505325521128,4.75650396013325,0.21148561051410836,0.21043613103732936,0.21318855873483222,0.21157317522516195,0.0,0.0,0.0,0.0,0.0,0.0,0.0,0.0,15.570986169589332,15.401112484148129,15.710593423378281,15.565457909377105,0.0,0.0,0.0,0.0,6.1212154616089745,6.088620670952077,6.153800158043362,6.103192015894717,24.50498908989853,24.445811260807027,24.618957413940073,24.530058020577474,nan,nan,nan,nan,nan,nan,nan,nan,nan,nan,nan,nan,nan,nan,nan,nan
2,adam,adam,AdamW,,adam,,,requested,2.0,nan,nominal,0.003,additive,1.0,mse,0.09948087307221265,60,60,1.0,0.5279338178211269,0.525392929883443,0.5311054407997267,0.5279543889770985,0.42845294474891427,0.42591205681123034,0.431624567727514,0.4284735159048858,0.2921959536374013,0.2899725799011988,0.2938997578328648,0.2918531213173713,4.530467489626096,4.518988948174453,4.541504972626409,4.53125495829228,0.19505379987794833,0.19307839918311115,0.19586228693639723,0.19426575404715515,0.0,0.0,0.0,0.0,0.0,0.0,0.0,0.0,14.971030460740133,14.886498537945208,15.056729396539534,14.991903054556131,0.0,0.0,0.0,0.0,5.990434018404052,5.949009933965545,6.020941943734545,5.970195082521015,24.32315055970808,24.19511386845409,24.407615793724744,24.306753774069335,nan,nan,nan,nan,nan,nan,nan,nan,nan,nan,nan,nan,nan,nan,nan,nan
2,adam,adam,AdamW,,adam,,,requested,2.0,nan,nominal,0.003,additive,1.0,mse,0.09948087307221265,70,70,1.0,0.4870341106378752,0.4853095348228871,0.49008548121641804,0.4873204960818507,0.38755323756566257,0.38582866175067443,0.3906046081442054,0.38783962300963803,0.25657917221681986,0.2542265349195663,0.25739898178521414,0.2563007620906048,4.333948247852792,4.319112043288464,4.341525840235326,4.330156137367475,0.18014006303988445,0.17750520686658655,0.18113190497819096,0.1792089066386223,0.0,0.0,0.0,0.0,0.0,0.0,0.0,0.0,14.559820979258987,14.480430345474776,14.621477474619438,14.542477435528122,0.0,0.0,0.0,0.0,5.8619096642546005,5.830268616006327,5.903724315929278,5.849909598888963,24.027871393770162,23.925139907040872,24.15377688058724,24.021497984637605,nan,nan,nan,nan,nan,nan,nan,nan,nan,nan,nan,nan,nan,nan,nan,nan
2,adam,adam,AdamW,,adam,,,requested,2.0,nan,nominal,0.003,additive,1.0,mse,0.09948087307221265,80,80,1.0,0.45328200188288426,0.45114014622372334,0.45544253532927337,0.452953621339094,0.3538011288106716,0.3516592731515107,0.3559616622570607,0.35347274826688135,0.22675150103350233,0.22511601525849564,0.2273292204864887,0.22652317955938597,4.142010512533178,4.136478432044295,4.1627586007470985,4.144209547804014,0.16605543601604272,0.16403344984365104,0.16708989872486998,0.16541410227873904,0.0,0.0,0.0,0.0,0.0,0.0,0.0,0.0,14.327038488195093,14.20464575566544,14.370107416542833,14.330619941826333,0.0,0.0,0.0,0.0,5.73846376505683,5.690816761125271,5.78259086520742,5.724956561920264,23.676926824619564,23.547149422718714,23.78960701114547,23.655153056272532,nan,nan,nan,nan,nan,nan,nan,nan,nan,nan,nan,nan,nan,nan,nan,nan
2,adam,adam,AdamW,,adam,,,requested,2.0,nan,nominal,0.003,additive,1.0,mse,0.09948087307221265,90,90,1.0,0.4250634977700184,0.4229314853588667,0.4266490856345746,0.4244199089516968,0.32558262469780574,0.32345061228665406,0.32716821256236195,0.3249390358794842,0.2020598410686704,0.20109110797614693,0.2026610929593057,0.20211568498246998,3.9796379162667597,3.964196494128976,3.99098585909061,3.974708802924962,0.15416490150671688,0.15215548932485884,0.15485271938836664,0.1535394160424588,0.0,0.0,0.0,0.0,0.0,0.0,0.0,0.0,14.10768726941755,13.907992255500105,14.162578441259436,14.042788361546773,0.0,0.0,0.0,0.0,5.612937943098249,5.554965088733139,5.659068839303476,5.601238245075249,23.316307723983268,23.170626139586712,23.37638675992796,23.27873855841846,nan,nan,nan,nan,nan,nan,nan,nan,nan,nan,nan,nan,nan,nan,nan,nan
2,adam,adam,AdamW,,adam,,,requested,2.0,nan,nominal,0.003,additive,1.0,mse,0.09948087307221265,100,100,1.0,0.40262435567450994,0.3989666169716421,0.4030261042176292,0.40095166125731124,0.3031434826022973,0.29948574389942945,0.30354523114541654,0.3014707881850986,0.18214270692887813,0.18119680307014727,0.18280531857497434,0.18221637148887834,3.837648589492237,3.8139271255524694,3.838659153872144,3.822269706453432,0.1437825961580671,0.14240603618606956,0.14456800901908315,0.14359787053250028,0.0,0.0,0.0,0.0,0.0,0.0,0.0,0.0,13.889927214270507,13.844432093029983,13.98570573848818,13.905590831221403,0.0,0.0,0.0,0.0,5.488183598441893,5.439622281698529,5.535341440477955,5.485491506789607,22.97165757131064,22.83412176166732,23.034024511332607,22.93441917314299,nan,nan,nan,nan,nan,nan,nan,nan,nan,nan,nan,nan,nan,nan,nan,nan
2,adam,adam,AdamW,,adam,,,requested,2.0,nan,nominal,0.003,additive,1.0,mse,0.09948087307221265,110,110,1.0,0.38227857221322126,0.37859010070752186,0.3834783789724654,0.38102980496266614,0.2827976991410086,0.2791092276353092,0.28399750590025274,0.2815489318904535,0.16478738704127638,0.16386524657796178,0.1667146708410293,0.16548481630815054,3.6928048561039937,3.681493343219847,3.702905334207208,3.6854645278638336,0.13473656046006954,0.1341951014354037,0.13574615005510793,0.13499210744044177,0.0,0.0,0.0,0.0,0.0,0.0,0.0,0.0,13.510536655903444,13.434944251606359,13.578163904153259,13.53520868266101,0.0,0.0,0.0,0.0,5.385947207096339,5.338903398516092,5.428372217491164,5.376353377784318,22.609596144774645,22.501580489858952,22.711943012123637,22.58367786484105,nan,nan,nan,nan,nan,nan,nan,nan,nan,nan,nan,nan,nan,nan,nan,nan
2,adam,adam,AdamW,,adam,,,requested,2.0,nan,nominal,0.003,additive,1.0,mse,0.09948087307221265,120,120,1.0,0.3651577980951386,0.3620222768173537,0.36624335586015566,0.36423682157353643,0.26567692502292595,0.26254140374514107,0.266762482787943,0.2647559485013238,0.15089672052760447,0.149630752323955,0.15244638160417162,0.15154426894772338,3.565852429345661,3.5597324946873794,3.5780739360726384,3.5627327705073073,0.12742909057565807,0.1261455563816536,0.12839592685185225,0.12744608582342443,0.0,0.0,0.0,0.0,0.0,0.0,0.0,0.0,13.538260880355338,13.415641651882675,13.564672750080646,13.520678209256314,0.0,0.0,0.0,0.0,5.296649985762798,5.241458416917627,5.314979379678292,5.273257129034876,22.257375020971992,22.18882143955911,22.378386873772346,22.25696847380751,nan,nan,nan,nan,nan,nan,nan,nan,nan,nan,nan,nan,nan,nan,nan,nan
2,adam,adam,AdamW,,adam,,,requested,2.0,nan,nominal,0.003,additive,1.0,mse,0.09948087307221265,130,130,1.0,0.350964711102037,0.3480211421759615,0.3518099384320995,0.35003686382671145,0.2514838380298243,0.2485402691037488,0.25232906535988686,0.2505559907544988,0.13930278107552496,0.13803778650610712,0.1406085237348349,0.13983170136379913,3.4529565658645796,3.446865766925241,3.4716177553601684,3.4524031239423785,0.12050501777222686,0.11998680375488864,0.12128230541992335,0.12094676303729356,0.0,0.0,0.0,0.0,0.0,0.0,0.0,0.0,13.36327186419659,13.247932342704058,13.497334272570972,13.37649997704244,0.0,0.0,0.0,0.0,5.187873054036246,5.1593972618744335,5.211575414694625,5.176772406972119,21.972648216805887,21.909479624216036,22.085739780277336,21.976986728283208,nan,nan,nan,nan,nan,nan,nan,nan,nan,nan,nan,nan,nan,nan,nan,nan
2,adam,adam,AdamW,,adam,,,requested,2.0,nan,nominal,0.003,additive,1.0,mse,0.09948087307221265,140,140,1.0,0.33830769112636083,0.33589558543049935,0.34014427267115044,0.3377349102525439,0.23882681805414815,0.2364147123582867,0.2406633995989378,0.23825403718033125,0.1298011537702473,0.12816834418749243,0.13046778857430752,0.12982319423521754,3.350167945165378,3.3364287152272074,3.3745810310299147,3.347264030155376,0.11449073550323069,0.11434762508680014,0.11665307658494958,0.11555308308848988,0.0,0.0,0.0,0.0,0.0,0.0,0.0,0.0,13.255409965594808,13.185821324653318,13.348928645494109,13.253656501756076,0.0,0.0,0.0,0.0,5.098785376349472,5.056664016210003,5.11766298107743,5.085926399922569,21.726180598254775,21.624740268778353,21.771845145246573,21.69920886050169,nan,nan,nan,nan,nan,nan,nan,nan,nan,nan,nan,nan,nan,nan,nan,nan
2,adam,adam,AdamW,,adam,,,requested,2.0,nan,nominal,0.003,additive,1.0,mse,0.09948087307221265,150,150,1.0,0.3275634215321116,0.3255482226148496,0.3294495214604276,0.32726314585979366,0.22808254845989898,0.226067349542637,0.22996864838821496,0.22778227278758104,0.12129628281515281,0.12059190866920064,0.12228306941917584,0.12136594123855733,3.2588846909699813,3.23188695079982,3.2853469745500092,3.2539072924993393,0.10975127317869507,0.10967584466212649,0.11263702484553681,0.1109070143492931,0.0,0.0,0.0,0.0,0.0,0.0,0.0,0.0,13.088054779067456,12.94407086449193,13.241182023978975,13.100138187865774,0.0,0.0,0.0,0.0,5.0296496125877095,4.9608185376052685,5.039972162511678,5.007459123440067,21.42850191138802,21.31146074356875,21.514023127550807,21.41922530401485,nan,nan,nan,nan,nan,nan,nan,nan,nan,nan,nan,nan,nan,nan,nan,nan
2,adam,adam,AdamW,,adam,,,requested,2.0,nan,nominal,0.003,additive,1.0,mse,0.09948087307221265,160,160,1.0,0.31812788994461383,0.31657113861660463,0.320119610289017,0.3181170929129862,0.21864701687240115,0.21709026554439198,0.22063873721680433,0.2186362198407735,0.11433543894767959,0.11359544770542258,0.11528635027883827,0.11433168393808293,3.1794050731725623,3.1463428345071627,3.1968965774482183,3.1700449436705567,0.10596361210934019,0.10556944306642092,0.1085634489864994,0.10683694698909987,0.0,0.0,0.0,0.0,0.0,0.0,0.0,0.0,12.840187297266588,12.69669499645493,12.976415261445576,12.847764879497566,0.0,0.0,0.0,0.0,4.951913761647029,4.859419346508752,4.965127448892304,4.924126935254854,21.162209061053908,21.051622877654687,21.28462350508438,21.16941094311226,nan,nan,nan,nan,nan,nan,nan,nan,nan,nan,nan,nan,nan,nan,nan,nan
2,adam,adam,AdamW,,adam,,,requested,2.0,nan,nominal,0.003,additive,1.0,mse,0.09948087307221265,170,170,1.0,0.30950647675784315,0.3080486935495383,0.3112799718385363,0.30971180452523156,0.2100256036856305,0.20856782047732564,0.21179909876632363,0.2102309314530189,0.10811669269304314,0.10717715008062419,0.10899064602321235,0.10804178543728761,3.104615391145461,3.065209159204358,3.109862407902674,3.090357130020875,0.10243038505550944,0.1017590614929313,0.10452982260911069,0.10298477927497796,0.0,0.0,0.0,0.0,0.0,0.0,0.0,0.0,13.10499294759141,12.934925179732012,13.157167978358965,13.061460626030314,0.0,0.0,0.0,0.0,4.864481328743736,4.77970505414641,4.8878851821701685,4.841928494454118,20.92791304924048,20.772570001335072,21.029693304773268,20.919089349102187,nan,nan,nan,nan,nan,nan,nan,nan,nan,nan,nan,nan,nan,nan,nan,nan
2,adam,adam,AdamW,,adam,,,requested,2.0,nan,nominal,0.003,additive,1.0,mse,0.09948087307221265,180,180,1.0,0.3019398573874541,0.3008557277499071,0.30393283068925725,0.30244178108675257,0.20245898431524142,0.20137485467769448,0.2044519576170446,0.20296090801453992,0.10287982358679001,0.10144620918478123,0.10354088102484563,0.10259780514833845,3.029267769641124,2.9993356895578556,3.0437117992568705,3.0195308092398503,0.09956218632141,0.09877664591735669,0.10058442744532714,0.09971370389423914,0.0,0.0,0.0,0.0,0.0,0.0,0.0,0.0,12.990262025045299,12.833154183088322,13.137863335456085,13.00556161812763,0.0,0.0,0.0,0.0,4.782375371796622,4.704427292865059,4.810891407393033,4.764418312116231,20.703370403870853,20.5951651018934,20.78403598785633,20.698570441586018,nan,nan,nan,nan,nan,nan,nan,nan,nan,nan,nan,nan,nan,nan,nan,nan
2,adam,adam,AdamW,,adam,,,requested,2.0,nan,nominal,0.003,additive,1.0,mse,0.09948087307221265,190,190,1.0,0.2957433899787214,0.2942271758713105,0.2979899728650369,0.2960910964020913,0.19626251690650875,0.19474630279909783,0.19850909979282427,0.1966102233298787,0.09804520987151721,0.09718854889499827,0.09921185404935623,0.09809353316443889,2.960608499437992,2.9373279663717744,2.979087609817129,2.9548930824721547,0.09691773712766245,0.09612574351514419,0.09753378347691856,0.09690109426288726,0.0,0.0,0.0,0.0,0.0,0.0,0.0,0.0,13.011489375420894,12.92660887343662,13.02106467763901,12.984664644844885,0.0,0.0,0.0,0.0,4.703670789497691,4.630960519932111,4.755588403256557,4.6950815574388045,20.519605463457303,20.430532606662094,20.56826122939378,20.50665254284614,nan,nan,nan,nan,nan,nan,nan,nan,nan,nan,nan,nan,nan,nan,nan,nan
2,adam,adam,AdamW,,adam,,,requested,2.0,nan,nominal,0.003,additive,1.0,mse,0.09948087307221265,200,200,1.0,0.29004976476969113,0.28824955972316274,0.2926592169417449,0.29030486863807436,0.1905688916974785,0.1887686866509501,0.19317834386953225,0.19082399556586171,0.0938517689524606,0.09322388634158836,0.09515983048343986,0.0939616760801569,2.8981966083263835,2.8795946139757156,2.9153033276933917,2.8942264063535976,0.09448048013951191,0.09373670625256013,0.09488976595552216,0.09432370463201162,0.0,0.0,0.0,0.0,0.0,0.0,0.0,0.0,12.94622998776034,12.87248081309901,12.997696449851365,12.905892464284259,0.0,0.0,0.0,0.0,4.632715443019009,4.5695160448486645,4.699339965937896,4.628946384417415,20.308360832988654,20.236815594969045,20.369264121388767,20.30377868982513,nan,nan,nan,nan,nan,nan,nan,nan,nan,nan,nan,nan,nan,nan,nan,nan
2,adam,adam,AdamW,,adam,,,requested,2.0,nan,nominal,0.003,additive,1.0,mse,0.09948087307221265,210,210,1.0,0.28451078768055915,0.2829317621426048,0.2876308032854013,0.2850612251083169,0.1850299146083465,0.18345088907039214,0.18814993021318865,0.18558035203610423,0.09024502308135862,0.08944814576326221,0.09162504912881138,0.09031037614335874,2.843887213951634,2.8211940996315787,2.859666606259922,2.8396004781972577,0.09193495804834298,0.09121005959308293,0.09251097788021356,0.09187013362480731,0.0,0.0,0.0,0.0,0.0,0.0,0.0,0.0,12.719792269869494,12.620694085420697,13.08191188995238,12.822497024641113,0.0,0.0,0.0,0.0,4.56749119025498,4.504338795341273,4.641636810408338,4.566822544855153,20.102070148312656,20.014610571208614,20.20901648586071,20.111799802854083,nan,nan,nan,nan,nan,nan,nan,nan,nan,nan,nan,nan,nan,nan,nan,nan
2,adam,adam,AdamW,,adam,,,requested,2.0,nan,nominal,0.003,additive,1.0,mse,0.09948087307221265,220,220,1.0,0.27975400367650805,0.27800968915347335,0.28287616576805424,0.28026451085502857,0.1802731306042954,0.1785288160812607,0.1833952926958416,0.18078363778281595,0.08714068269115682,0.085799556221758,0.08813216606308705,0.08698133583143883,2.7899006402532414,2.769297849190891,2.8132817270368085,2.789226725365574,0.0891747639535152,0.08902170936810647,0.09010517114819255,0.0895042560881084,0.0,0.0,0.0,0.0,0.0,0.0,0.0,0.0,12.823309145515012,12.712676036490587,13.012764850171273,12.872170110401868,0.0,0.0,0.0,0.0,4.516807040505908,4.439386131372143,4.586638928774047,4.509541378861476,19.943483317995955,19.832487494895823,20.03793067988387,19.945865458756998,nan,nan,nan,nan,nan,nan,nan,nan,nan,nan,nan,nan,nan,nan,nan,nan
2,adam,adam,AdamW,,adam,,,requested,2.0,nan,nominal,0.003,additive,1.0,mse,0.09948087307221265,230,230,1.0,0.2754245661916417,0.2739874721019165,0.2784131887790678,0.2759001641404545,0.17594369311942906,0.17450659902970383,0.17893231570685514,0.17641929106824183,0.08420264559382404,0.08280606428510451,0.08514236628053129,0.0840103976531831,2.7453698390617998,2.7171275892557265,2.763946733578834,2.7406288825297977,0.08739771145725836,0.08707405126400981,0.08785983939358341,0.08748002953922916,0.0,0.0,0.0,0.0,0.0,0.0,0.0,0.0,12.935804502528967,12.768537408039439,13.097018407193865,12.94439396736737,0.0,0.0,0.0,0.0,4.461961457273683,4.384750507251089,4.533855680007735,4.456662785198116,19.782042858824212,19.669101802152504,19.85271401471301,19.778942835769094,nan,nan,nan,nan,nan,nan,nan,nan,nan,nan,nan,nan,nan,nan,nan,nan
2,adam,adam,AdamW,,adam,,,requested,2.0,nan,nominal,0.003,additive,1.0,mse,0.09948087307221265,240,240,1.0,0.2714624678321227,0.27011258719446574,0.2743999794825656,0.2719176263994218,0.17198159475991004,0.17063171412225306,0.17491910641035296,0.17243675332720915,0.08149814466405808,0.08051311859657259,0.08245116357275613,0.08136646661519759,2.7040173712599263,2.6693089015838973,2.7227362470145398,2.696395943011129,0.0858081136033999,0.08533859214443151,0.08599805582503449,0.08580920193310221,0.0,0.0,0.0,0.0,0.0,0.0,0.0,0.0,12.837980163366133,12.7974730212455,13.247885230998662,12.942177706426442,0.0,0.0,0.0,0.0,4.40047304525771,4.34589736338753,4.480783477042806,4.404718697305431,19.636166283286954,19.53220935380708,19.7211510844407,19.629820512012074,nan,nan,nan,nan,nan,nan,nan,nan,nan,nan,nan,nan,nan,nan,nan,nan
2,adam,adam,AdamW,,adam,,,requested,2.0,nan,nominal,0.003,additive,1.0,mse,0.09948087307221265,250,250,1.0,0.26821240104888416,0.26644985419312783,0.27090052150793686,0.2684176979812528,0.1687315279766715,0.16696898112091518,0.1714196484357242,0.16893682490904022,0.07932071687858885,0.07855858074617732,0.0800438059917995,0.07914583662994257,2.665198437576442,2.6315070263249205,2.6915195757454,2.658299275092711,0.084497038843478,0.08392690053981906,0.08470148280483306,0.08438151706269247,0.0,0.0,0.0,0.0,0.0,0.0,0.0,0.0,12.905081820744307,12.826478507278331,12.960938332427212,12.893473998721786,0.0,0.0,0.0,0.0,4.348744471795494,4.301481763349087,4.419242617405461,4.355496507774966,19.482849565838926,19.417839291627224,19.58833851908353,19.510377286514924,nan,nan,nan,nan,nan,nan,nan,nan,nan,nan,nan,nan,nan,nan,nan,nan
2,adam,adam,AdamW,,adam,,,requested,2.0,nan,nominal,0.003,additive,1.0,mse,0.09948087307221265,260,260,1.0,0.26504125654436195,0.26333261355843285,0.2676065627974306,0.265188456047819,0.16556038347214933,0.1638517404862202,0.16812568972521796,0.16570758297560634,0.07744249514486913,0.07652221204606885,0.07782363443120972,0.0770782866759036,2.627797314924477,2.597996984813053,2.658908901026945,2.623284494196141,0.08325364378968844,0.08234593927731632,0.08348301801493759,0.08297067754064374,0.0,0.0,0.0,0.0,0.0,0.0,0.0,0.0,12.913436725422839,12.804717090838516,13.066865844268783,12.917453252242513,0.0,0.0,0.0,0.0,4.305816396153807,4.251537268128079,4.365387021861285,4.309672573245533,19.35845399436603,19.304657912818826,19.416108515355234,19.3841904249799,nan,nan,nan,nan,nan,nan,nan,nan,nan,nan,nan,nan,nan,nan,nan,nan
2,adam,adam,AdamW,,adam,,,requested,2.0,nan,nominal,0.003,additive,1.0,mse,0.09948087307221265,270,270,1.0,0.26198538037278934,0.26035493764151973,0.26457416455250693,0.2622272946387111,0.1625045073005767,0.16087406456930706,0.16509329148029428,0.16274642156649843,0.07556522097061114,0.0748433158578791,0.07586074096022047,0.07519234437326523,2.5919682621938884,2.565267653373494,2.6235704086632037,2.5892951863772486,0.08177190918003766,0.08088252592966408,0.08216754794179676,0.08155669016686226,0.0,0.0,0.0,0.0,0.0,0.0,0.0,0.0,12.739894936884081,12.579976134187525,12.91172544374598,12.762187088688806,0.0,0.0,0.0,0.0,4.269820711074397,4.21374591206377,4.316277896917518,4.269993635526555,19.20858023879734,19.158774362867067,19.2870875156819,19.25006850946395,nan,nan,nan,nan,nan,nan,nan,nan,nan,nan,nan,nan,nan,nan,nan,nan
2,adam,adam,AdamW,,adam,,,requested,2.0,nan,nominal,0.003,additive,1.0,mse,0.09948087307221265,280,280,1.0,0.2592446020693748,0.25797445482122644,0.2618948275357552,0.25965318618000904,0.15976372899716212,0.1584935817490138,0.16241395446354256,0.1601723131077964,0.07409193501940686,0.073265121883514,0.07438294666534002,0.07358887374733883,2.559893152395845,2.531615739838585,2.589750937051906,2.557155101820539,0.08040886948658338,0.0796466955125689,0.08116680592438495,0.08039842123719798,0.0,0.0,0.0,0.0,0.0,0.0,0.0,0.0,12.771811136387349,12.624813756979519,12.794434528904947,12.708033787541906,0.0,0.0,0.0,0.0,4.2298880953160145,4.181135865368885,4.276680804477959,4.234262137987045,19.08172244298043,19.02979918926325,19.188865917172894,19.136527590044288,nan,nan,nan,nan,nan,nan,nan,nan,nan,nan,nan,nan,nan,nan,nan,nan
2,adam,adam,AdamW,,adam,,,requested,2.0,nan,nominal,0.003,additive,1.0,mse,0.09948087307221265,290,290,1.0,0.256716790240777,0.2557025418393117,0.259374531279984,0.25731608862785366,0.15723591716856433,0.15622166876709903,0.15989365820777138,0.15783521555564103,0.07267505818865969,0.07201411765538097,0.07300310219237213,0.07220321512961533,2.5328357561128336,2.499225831029727,2.5579282301727098,2.5272107941990405,0.07921087271099175,0.07863809478915053,0.08015466888599931,0.07939699804789019,0.0,0.0,0.0,0.0,0.0,0.0,0.0,0.0,12.82925112265214,12.59208413029047,12.941374317677008,12.771032970445544,0.0,0.0,0.0,0.0,4.193132869517271,4.141654153580438,4.247553566969883,4.201171275899933,18.983882332321972,18.960537990022992,19.091353868908236,19.041021501084963,nan,nan,nan,nan,nan,nan,nan,nan,nan,nan,nan,nan,nan,nan,nan,nan
2,adam,adam,AdamW,,adam,,,requested,2.0,nan,nominal,0.003,additive,1.0,mse,0.09948087307221265,300,300,1.0,0.25429688965143366,0.2535232647572662,0.2569272511537651,0.2550838474204531,0.154816016579221,0.15404239168505357,0.15744637808155243,0.1556029743482404,0.07142483555736348,0.07084515755700631,0.07158795514180871,0.07093745045315317,2.508666427267153,2.471733710413851,2.5273989968553945,2.5005248025369733,0.07801288384370363,0.07766348037835222,0.0790553562588871,0.07831396814093067,0.0,0.0,0.0,0.0,0.0,0.0,0.0,0.0,12.863007423160699,12.648488450996567,13.01585226238774,12.840215523915145,0.0,0.0,0.0,0.0,4.1578151939677195,4.101739847895669,4.219290374943936,4.167246506747594,18.92039659714042,18.888366138416806,18.977300358517706,18.956539150181587,nan,nan,nan,nan,nan,nan,nan,nan,nan,nan,nan,nan,nan,nan,nan,nan
2,adam,adam,AdamW,,adam,,,requested,2.0,nan,nominal,0.003,additive,1.0,mse,0.09948087307221265,310,310,1.0,0.25225252841241264,0.2513027292034517,0.2545860961122205,0.25302876654642736,0.1527716553402,0.15182185613123905,0.15510522304000782,0.15354789347421471,0.07037791233261309,0.06952301322706719,0.07052782717066305,0.06982020895771784,2.4831440525066,2.445740995530902,2.5067695775496333,2.47685103912538,0.07697023410953105,0.07677218012374247,0.07815999397157991,0.07730017910063244,0.0,0.0,0.0,0.0,0.0,0.0,0.0,0.0,12.821393709763768,12.738939021939,12.986718022515397,12.851104294007047,0.0,0.0,0.0,0.0,4.127919672945141,4.063732276462776,4.1935339164888035,4.136501813143121,18.829304398521458,18.80171620655795,18.905491775271678,18.86878499289314,nan,nan,nan,nan,nan,nan,nan,nan,nan,nan,nan,nan,nan,nan,nan,nan
2,adam,adam,AdamW,,adam,,,requested,2.0,nan,nominal,0.003,additive,1.0,mse,0.09948087307221265,320,320,1.0,0.2503498785745661,0.24944630546837515,0.25261138090244534,0.25115400562802703,0.15086900550235344,0.1499654323961625,0.1531305078302327,0.1516731325558144,0.06930904437372493,0.06842659854608708,0.06943713417556574,0.06880552149126543,2.4605713648671816,2.4255046186083984,2.4875063832205133,2.456206374716293,0.07596410330242535,0.07574739792490126,0.07712700244429241,0.07633599094733962,0.0,0.0,0.0,0.0,0.0,0.0,0.0,0.0,12.871786967330408,12.834533265633977,12.950247894078231,12.92818837537792,0.0,0.0,0.0,0.0,4.099770416171891,4.029904608111358,4.169876533690999,4.109081428057545,18.75392680147356,18.70701712911006,18.829697912559165,18.78433035290594,nan,nan,nan,nan,nan,nan,nan,nan,nan,nan,nan,nan,nan,nan,nan,nan
2,adam,adam,AdamW,,adam,,,requested,2.0,nan,nominal,0.003,additive,1.0,mse,0.09948087307221265,330,330,1.0,0.24875659231106145,0.24782915724585908,0.2508955521006139,0.24950593766912457,0.1492757192388488,0.14834828417364643,0.15141467902840122,0.15002506459691195,0.06820540029446148,0.06747159325549666,0.0684855960588302,0.06786548135137041,2.4390948404604336,2.406691242047329,2.4696581575592864,2.4368115191978514,0.07523982068955515,0.07491986075352217,0.07622652363517722,0.07552682662452687,0.0,0.0,0.0,0.0,0.0,0.0,0.0,0.0,12.72794299106112,12.615173096756084,12.977291927876031,12.778641475962795,0.0,0.0,0.0,0.0,4.076607303430674,4.0014768441330935,4.1432268312252205,4.0840538174449375,18.68083886055887,18.637936474974563,18.759768135732124,18.712067561933388,nan,nan,nan,nan,nan,nan,nan,nan,nan,nan,nan,nan,nan,nan,nan,nan
2,adam,adam,AdamW,,adam,,,requested,2.0,nan,nominal,0.003,additive,1.0,mse,0.09948087307221265,340,340,1.0,0.24731202334173125,0.24640381671055506,0.2493382244258628,0.2480150781181099,0.1478311502695186,0.1469229436383424,0.14985735135365014,0.14853420504589723,0.06727936026892983,0.06666565241616307,0.06764835571986821,0.06700695785705668,2.421742327748041,2.3902391475061773,2.4507483283754783,2.4192536967741236,0.0745708710741671,0.07405810506503838,0.07540095257166698,0.07473327302600699,0.0,0.0,0.0,0.0,0.0,0.0,0.0,0.0,12.750653311737954,12.642920499347662,12.834851341884645,12.752946314316567,0.0,0.0,0.0,0.0,4.056933575901709,3.9757418722642024,4.1183170166098355,4.061530107989425,18.616971561352244,18.55077995530356,18.691246872890922,18.64037765545904,nan,nan,nan,nan,nan,nan,nan,nan,nan,nan,nan,nan,nan,nan,nan,nan
2,adam,adam,AdamW,,adam,,,requested,2.0,nan,nominal,0.003,additive,1.0,mse,0.09948087307221265,350,350,1.0,0.24599136166159397,0.2451189784754527,0.24793097672394382,0.2466904496552025,0.14651048858938132,0.14563810540324004,0.14845010365173117,0.14720957658298986,0.06650588410276032,0.06593221217178093,0.06689122372330127,0.06625687734477485,2.4059556162942792,2.375185820013424,2.434982785134226,2.4030899999791657,0.07394829026320479,0.07346981453318097,0.07468148331818998,0.07405763397965018,0.0,0.0,0.0,0.0,0.0,0.0,0.0,0.0,12.749231891530297,12.560772067244372,12.875037061116533,12.720525751594014,0.0,0.0,0.0,0.0,4.036820042982701,3.953888208154992,4.0967325119347,4.040242356248185,18.561034624527956,18.48226568477766,18.628406311494278,18.57572406004835,nan,nan,nan,nan,nan,nan,nan,nan,nan,nan,nan,nan,nan,nan,nan,nan
2,adam,adam,AdamW,,adam,,,requested,2.0,nan,nominal,0.003,additive,1.0,mse,0.09948087307221265,360,360,1.0,0.24482624418173277,0.24399224948672993,0.24676982113651294,0.24552018308830095,0.14534537110952012,0.14451137641451728,0.1472889480643003,0.1460393100160883,0.06584463643139621,0.06526213355280855,0.06625846510206237,0.06560570787735033,2.392681261015757,2.3601009428525024,2.4202842615516023,2.388723571058848,0.07334424141422016,0.07295027951566173,0.0740363523908311,0.07343578825205171,0.0,0.0,0.0,0.0,0.0,0.0,0.0,0.0,12.929518226826156,12.754998249585817,12.970100422551246,12.859479735050673,0.0,0.0,0.0,0.0,4.020948624021331,3.9393993121709556,4.07640990295915,4.0216982569889765,18.509416279200053,18.44043916202825,18.574045643508175,18.524947027246057,nan,nan,nan,nan,nan,nan,nan,nan,nan,nan,nan,nan,nan,nan,nan,nan
2,adam,adam,AdamW,,adam,,,requested,2.0,nan,nominal,0.003,additive,1.0,mse,0.09948087307221265,370,370,1.0,0.2438141037389001,0.24306387933784954,0.24570271944298344,0.244502620948119,0.14433323066668746,0.1435830062656369,0.1462218463707708,0.14502174787590635,0.0652829740432703,0.06469572779606574,0.06563522456215734,0.06506117973615526,2.381363938872524,2.3475147731363784,2.4071417180758616,2.37637373611424,0.07275431843776722,0.07253803082948303,0.07346307998916979,0.07289634111065371,0.0,0.0,0.0,0.0,0.0,0.0,0.0,0.0,12.841604874031878,12.699919721464006,12.960090140326821,12.802791904047886,0.0,0.0,0.0,0.0,4.0061801519926705,3.92774774402848,4.058978376227836,4.005773220588477,18.458094335130273,18.408460899426846,18.528985670080683,18.480276239662448,nan,nan,nan,nan,nan,nan,nan,nan,nan,nan,nan,nan,nan,nan,nan,nan
2,adam,adam,AdamW,,adam,,,requested,2.0,nan,nominal,0.003,additive,1.0,mse,0.09948087307221265,380,380,1.0,0.24296709751341639,0.2422456241812583,0.24478433209286765,0.24363156644240958,0.14348622444120374,0.14276475110904566,0.145303459020655,0.14415069337019695,0.06482612494044496,0.06417897634501273,0.06507084516478426,0.06458732046580909,2.3713310698249312,2.3361951451922245,2.39650229397,2.366034835147503,0.07228120589641489,0.07206450017764722,0.07295840833436136,0.07243587487670196,0.0,0.0,0.0,0.0,0.0,0.0,0.0,0.0,12.869238535019935,12.810496260625497,13.05245273682528,12.930253989902127,0.0,0.0,0.0,0.0,3.9927184744476647,3.9166636653614253,4.042753471596325,3.9911059986050548,18.421905900702114,18.386722499661275,18.4890965688053,18.446795018194752,nan,nan,nan,nan,nan,nan,nan,nan,nan,nan,nan,nan,nan,nan,nan,nan
2,adam,adam,AdamW,,adam,,,requested,2.0,nan,nominal,0.003,additive,1.0,mse,0.09948087307221265,390,390,1.0,0.24219509559726152,0.24155940729370595,0.24403839391194992,0.2428747278759344,0.14271422252504887,0.1420785342214933,0.14455752083973727,0.14339385480372177,0.06438544305224914,0.06375033046392549,0.06469738083410158,0.06417285917836996,2.363401012992471,2.3265352624883,2.386286963791384,2.3570694596175454,0.07183130088826131,0.07167055063241423,0.07258128944886505,0.07204344683944729,0.0,0.0,0.0,0.0,0.0,0.0,0.0,0.0,12.729921904427613,12.597280806512954,12.900752131764555,12.783944148985395,0.0,0.0,0.0,0.0,3.979386987393536,3.9047883800868854,4.031209643411416,3.9783439074391307,18.400853828120333,18.353279070895933,18.452248949215576,18.417547554298455,nan,nan,nan,nan,nan,nan,nan,nan,nan,nan,nan,nan,nan,nan,nan,nan
2,adam,adam,AdamW,,adam,,,requested,2.0,nan,nominal,0.003,additive,1.0,mse,0.09948087307221265,400,400,1.0,0.24158863573257225,0.24097010461594187,0.24338042792968487,0.24225288664107258,0.1421077626603596,0.14148923154372922,0.14389955485747222,0.14277201356885993,0.06408291418760864,0.06343204587637903,0.06434680183358704,0.06384987262280592,2.356857001784056,2.3189598672182146,2.3780882831739727,2.3495620262290173,0.07151505557819435,0.07136119825682494,0.0722622956656675,0.07173042048206917,0.0,0.0,0.0,0.0,0.0,0.0,0.0,0.0,12.641257916118423,12.506376901869562,12.846099816628087,12.685497805458592,0.0,0.0,0.0,0.0,3.9680220239043784,3.895540226929135,4.020868485765588,3.9677901914380422,18.381423341646645,18.32592928281612,18.42001593200165,18.392964895362823,nan,nan,nan,nan,nan,nan,nan,nan,nan,nan,nan,nan,nan,nan,nan,nan
2,adam,adam,AdamW,,adam,,,requested,2.0,nan,nominal,0.003,additive,1.0,mse,0.09948087307221265,410,410,1.0,0.24106986472439795,0.24045112863971305,0.2428150873363783,0.24172060574460066,0.1415889916521853,0.1409702555675004,0.14333421426416565,0.14223973267238801,0.06383900037265806,0.06316269053576253,0.06401332848811567,0.06357607126953801,2.3511314853403293,2.312162287569713,2.3715348371689635,2.3430975875598694,0.07123752242997229,0.07110940948652882,0.07199181324802378,0.07145335316358621,0.0,0.0,0.0,0.0,0.0,0.0,0.0,0.0,12.68028507221446,12.6300568386535,12.926485327273372,12.760491089473932,0.0,0.0,0.0,0.0,3.958251751496946,3.886876042935509,4.011519318496261,3.9587224138057113,18.361455245266562,18.308065458919348,18.391189972668858,18.369885909277926,nan,nan,nan,nan,nan,nan,nan,nan,nan,nan,nan,nan,nan,nan,nan,nan
2,adam,adam,AdamW,,adam,,,requested,2.0,nan,nominal,0.003,additive,1.0,mse,0.09948087307221265,420,420,1.0,0.2406240558178646,0.23999160421700128,0.24232801660544673,0.24126665881398626,0.14114318274565196,0.14051073114478863,0.14284714353323408,0.14178578574177364,0.06359465106340423,0.06294144603271618,0.06377103859159855,0.0633457508036002,2.3459122890329978,2.306693618596931,2.366108624990098,2.337581827310488,0.07101340443263282,0.0708396956308793,0.07173833767167759,0.07120770631706487,0.0,0.0,0.0,0.0,0.0,0.0,0.0,0.0,12.877351799441302,12.795175370561598,13.139638631002953,12.889763177867822,0.0,0.0,0.0,0.0,3.950105776307241,3.8790598811272745,4.004044313791084,3.9513398610371615,18.345670357769833,18.287619907582215,18.36482026380402,18.349182840967924,nan,nan,nan,nan,nan,nan,nan,nan,nan,nan,nan,nan,nan,nan,nan,nan
2,adam,adam,AdamW,,adam,,,requested,2.0,nan,nominal,0.003,additive,1.0,mse,0.09948087307221265,430,430,1.0,0.24026436704447393,0.23961999984579668,0.24191031881296607,0.24089063941148844,0.14078349397226128,0.14013912677358403,0.14242944574075342,0.1414097663392758,0.06338370030912535,0.06275134446842616,0.06356286042833074,0.06314433582716089,2.3415683904977955,2.3024503557144476,2.3618013784267533,2.3331478547945803,0.07081718441687122,0.07060444348669927,0.07154068387029544,0.07099739294371289,0.0,0.0,0.0,0.0,0.0,0.0,0.0,0.0,12.648383068089029,12.414988269102182,12.869962325892008,12.661498028006948,0.0,0.0,0.0,0.0,3.9439404325781475,3.8732032400359455,3.9986458040152515,3.9455660698077106,18.331680831233903,18.26724957002151,18.346796540437797,18.331486897097115,nan,nan,nan,nan,nan,nan,nan,nan,nan,nan,nan,nan,nan,nan,nan,nan
2,adam,adam,AdamW,,adam,,,requested,2.0,nan,nominal,0.003,additive,1.0,mse,0.09948087307221265,440,440,1.0,0.23997054201319584,0.23931906088906002,0.24158368825014984,0.2405874100471096,0.1404896689409832,0.13983818781684737,0.1421028151779372,0.14110653697489695,0.06322818155769919,0.06257851962549724,0.06338391914746307,0.06298522669582118,2.3378828249837142,2.2990222058371,2.3578102209816585,2.3294318461804933,0.0706418336910053,0.07044382313970879,0.07137986660020636,0.07082999599187995,0.0,0.0,0.0,0.0,0.0,0.0,0.0,0.0,12.884163612767502,12.604795542700904,13.237394685895747,12.92916387657439,0.0,0.0,0.0,0.0,3.93944483289352,3.868612640083207,3.9941310064556466,3.940782400708897,18.318807494324645,18.251656184426714,18.333063669942316,18.316867792665086,nan,nan,nan,nan,nan,nan,nan,nan,nan,nan,nan,nan,nan,nan,nan,nan
2,adam,adam,AdamW,,adam,,,requested,2.0,nan,nominal,0.003,additive,1.0,mse,0.09948087307221265,450,450,1.0,0.23973643845394635,0.23909139334892893,0.241355293352724,0.24035856714737655,0.1402555653817337,0.13961052027671628,0.14187442028051134,0.14087769407516393,0.06311654652808832,0.06246350104301174,0.06325263759726271,0.06286967670220081,2.33518762360571,2.296445392176809,2.3549009978334015,2.326730134074794,0.07050901075420843,0.07031581636933268,0.0712369843806685,0.07069675252390606,0.0,0.0,0.0,0.0,0.0,0.0,0.0,0.0,12.927636046245281,12.683540924968579,13.125362007544126,12.864660285771928,0.0,0.0,0.0,0.0,3.9358689065815144,3.864473465818115,3.990830892521138,3.9371213605221964,18.30818828547929,18.240950831517786,18.322211301345646,18.306081266284263,nan,nan,nan,nan,nan,nan,nan,nan,nan,nan,nan,nan,nan,nan,nan,nan
2,adam,adam,AdamW,,adam,,,requested,2.0,nan,nominal,0.003,additive,1.0,mse,0.09948087307221265,460,460,1.0,0.2395568266679734,0.23892051139862316,0.24118025531598358,0.24018473387825823,0.14007595359576075,0.13943963832641051,0.14169938224377093,0.14070386080604558,0.0630105698849357,0.06236856936166078,0.06314868966363489,0.06277222937527835,2.332984520330168,2.2944738079139113,2.352788525813241,2.3246184437114437,0.07040969946274872,0.0702247142550666,0.07112658548349081,0.07059309794462762,0.0,0.0,0.0,0.0,0.0,0.0,0.0,0.0,12.803553318948044,12.643771567850521,13.030810833709923,12.852471027943958,0.0,0.0,0.0,0.0,3.9332291402899426,3.8615953554595706,3.988489136559687,3.9345266734081865,18.299551421879613,18.23065393943317,18.313524858539303,18.297388808828316,nan,nan,nan,nan,nan,nan,nan,nan,nan,nan,nan,nan,nan,nan,nan,nan
2,adam,adam,AdamW,,adam,,,requested,2.0,nan,nominal,0.003,additive,1.0,mse,0.09948087307221265,470,470,1.0,0.23943452312724278,0.23879401590854293,0.24104028173974695,0.24005546370374267,0.13995365005503013,0.13931314283633028,0.1415594086675343,0.14057459063153,0.06292958473642268,0.06229394223185826,0.0630772727724531,0.06269987406561153,2.3313056999354065,2.29315648215785,2.351204949305817,2.323032821130587,0.07032933288191866,0.07016154999721064,0.0710317111608174,0.07051052385656256,0.0,0.0,0.0,0.0,0.0,0.0,0.0,0.0,12.717368095326608,12.599833914297573,12.92601643513463,12.79219515871434,0.0,0.0,0.0,0.0,3.9310683083111346,3.8597841012168326,3.9869158418954225,3.9325564749200286,18.294428895789835,18.225558153459808,18.30903583515902,18.29180359264756,nan,nan,nan,nan,nan,nan,nan,nan,nan,nan,nan,nan,nan,nan,nan,nan
2,adam,adam,AdamW,,adam,,,requested,2.0,nan,nominal,0.003,additive,1.0,mse,0.09948087307221265,480,480,1.0,0.23934017586222875,0.2386958591507864,0.2409410261375884,0.23995968986393862,0.1398593027900161,0.13921498607857374,0.14146015306537574,0.14047881679172597,0.06287742849217509,0.062239354436419723,0.06303350589517813,0.06264848988977678,2.330111784136161,2.292098133269501,2.3498641789939176,2.3218422200553706,0.07027494535836758,0.07010656500876657,0.07096690609505858,0.07045242760574186,0.0,0.0,0.0,0.0,0.0,0.0,0.0,0.0,12.643680026402663,12.576633366277221,12.758482028491375,12.72395458241373,0.0,0.0,0.0,0.0,3.9294548393655386,3.858393309881986,3.9853919394967523,3.9310426851405804,18.289910122408067,18.22137770997462,18.30566869715107,18.287430401556115,nan,nan,nan,nan,nan,nan,nan,nan,nan,nan,nan,nan,nan,nan,nan,nan
2,adam,adam,AdamW,,adam,,,requested,2.0,nan,nominal,0.003,additive,1.0,mse,0.09948087307221265,490,490,1.0,0.23926409832099166,0.2386256647884585,0.24086651171292522,0.23988841161483399,0.139783225248779,0.13914479171624586,0.14138563864071257,0.14040753854262134,0.0628412758674923,0.06219292644098357,0.06299969034123276,0.06260921679191356,2.3292098980076705,2.2911426869735236,2.348955266138795,2.3209678254855985,0.07023410291764258,0.07006641918560513,0.0709223672115141,0.0704105282030125,0.0,0.0,0.0,0.0,0.0,0.0,0.0,0.0,12.878083240885974,12.723146742145056,13.082536317078244,12.961267652519844,0.0,0.0,0.0,0.0,3.928193255114709,3.8573223935804384,3.9841586305232983,3.9298638541416144,18.28682444694048,18.217370765611115,18.302860486615955,18.28405269663865,nan,nan,nan,nan,nan,nan,nan,nan,nan,nan,nan,nan,nan,nan,nan,nan
2,adam,adam,AdamW,,adam,,,requested,2.0,nan,nominal,0.003,additive,1.0,mse,0.09948087307221265,500,500,1.0,0.23920053059376128,0.2385674676014919,0.24080490301729474,0.239829171299785,0.13971965752154863,0.13908659452927924,0.14132402994508209,0.1403482982275724,0.06281003777674574,0.06215537792497291,0.06297149685488816,0.06257692469007732,2.3284764202207273,2.2903345381497417,2.348176471725425,2.3202410865726826,0.0702037201532358,0.07003097132271434,0.07088709078337753,0.07037755807154189,0.0,0.0,0.0,0.0,0.0,0.0,0.0,0.0,12.768353243585093,12.530403496562581,12.894925486199945,12.72671695379169,0.0,0.0,0.0,0.0,3.927211839337514,3.8562571715123273,3.983121329979111,3.9289064894669594,18.283714942587494,18.21371486649624,18.29899138926106,18.280766888325697,nan,nan,nan,nan,nan,nan,nan,nan,nan,nan,nan,nan,nan,nan,nan,nan
2,adam,adam,AdamW,,adam,,,requested,1.1,nan,nominal,0.003,additive,1.0,mse,0.09948087307221265,0,0,1.0,1.3658141970481346,1.3658141970481346,1.3658141970481346,1.3658141970481346,1.266333323975922,1.266333323975922,1.266333323975922,1.266333323975922,1.0142169620491983,1.0142169620491983,1.0142169620491983,1.0142169620491983,6.972105888743615,6.972105888743615,6.972105888743615,6.972105888743615,0.6393082148548822,0.6393082148548822,0.6393082148548822,0.6393082148548822,0.0,0.0,0.0,0.0,0.0,0.0,0.0,0.0,0.0,0.0,0.0,0.0,0.0,0.0,0.0,0.0,6.9224601109148445,6.9224601109148445,6.9224601109148445,6.9224601109148445,23.97018795689393,23.97018795689393,23.97018795689393,23.97018795689393,nan,nan,nan,nan,nan,nan,nan,nan,nan,nan,nan,nan,nan,nan,nan,nan
2,adam,adam,AdamW,,adam,,,requested,1.1,nan,nominal,0.003,additive,1.0,mse,0.09948087307221265,10,10,1.0,1.0946568458668828,1.0930838313477627,1.095368750058381,1.0929943334766437,0.9951759727946701,0.99360295827555,0.9958878769861683,0.9935134604044309,0.7786762187674252,0.7778175695021585,0.7801536637688963,0.7775713480894477,6.398484377574476,6.381135462570677,6.4026782282511014,6.394599463202461,0.468675518636535,0.4665259162484668,0.46963001341918886,0.46758454519634207,0.0,0.0,0.0,0.0,0.0,0.0,0.0,0.0,23.138768218820708,23.021554961418595,23.247528787838142,23.090650773361887,0.0,0.0,0.0,0.0,6.826127463322695,6.804566555473823,6.8527253264982315,6.824597645431466,24.401406182122514,24.371882985665827,24.457424515762042,24.40770049391088,nan,nan,nan,nan,nan,nan,nan,nan,nan,nan,nan,nan,nan,nan,nan,nan
2,adam,adam,AdamW,,adam,,,requested,1.1,nan,nominal,0.003,additive,1.0,mse,0.09948087307221265,20,20,1.0,0.9536587639035872,0.9508280796133874,0.9548321632136093,0.951330664958973,0.8541778908313745,0.8513472065411748,0.8553512901413967,0.8518497918867602,0.6574440744861352,0.6533850398388336,0.6585462846247642,0.6547373504166608,6.047918008030266,6.033919459638971,6.052728699842063,6.0452529121486585,0.3827952269514264,0.38036656882593445,0.3845180324717824,0.38218312054928627,0.0,0.0,0.0,0.0,0.0,0.0,0.0,0.0,17.842182998900086,17.697784168802936,17.886599022377954,17.79630965861189,0.0,0.0,0.0,0.0,6.765078921970347,6.702325996789311,6.782691399508391,6.745574108328319,24.59327114824512,24.543529593907063,24.708662906697334,24.609147724969137,nan,nan,nan,nan,nan,nan,nan,nan,nan,nan,nan,nan,nan,nan,nan,nan
2,adam,adam,AdamW,,adam,,,requested,1.1,nan,nominal,0.003,additive,1.0,mse,0.09948087307221265,30,30,1.0,0.8664401444424812,0.8627635408048057,0.8699764492323117,0.8646154151213752,0.7669592713702684,0.763282667732593,0.770495576160099,0.7651345420491624,0.5804616358014821,0.5760522518796392,0.5844423995965743,0.5794379590195063,5.806754561377277,5.794148876260967,5.81672466159274,5.8019907956085675,0.3348901572875924,0.3325310349888323,0.3366074311626418,0.33445281219764134,0.0,0.0,0.0,0.0,0.0,0.0,0.0,0.0,15.57692306677992,15.402503197861636,15.638094489581807,15.546443843400972,0.0,0.0,0.0,0.0,6.705405760393274,6.613025322998881,6.735852028165585,6.680522724110294,24.702151636861917,24.613900359715025,24.803506942188093,24.713003512898183,nan,nan,nan,nan,nan,nan,nan,nan,nan,nan,nan,nan,nan,nan,nan,nan
2,adam,adam,AdamW,,adam,,,requested,1.1,nan,nominal,0.003,additive,1.0,mse,0.09948087307221265,40,40,1.0,0.8081417489819573,0.8015683185309125,0.8123412148377399,0.8060231360618348,0.7086608759097447,0.7020874454586998,0.7128603417655273,0.7065422629896222,0.528414203448559,0.5227185045931444,0.5343241799090308,0.5282617748171006,5.631420468334322,5.608949895582973,5.643328375913445,5.624154624619301,0.30466654192788767,0.30340559542614215,0.3073060099929568,0.30532647648355865,0.0,0.0,0.0,0.0,0.0,0.0,0.0,0.0,14.317265262575775,14.252180227246818,14.44360981879203,14.334845533265016,0.0,0.0,0.0,0.0,6.6627738473238285,6.559040466736035,6.690200899819482,6.639640084456696,24.765593624631624,24.672669254136487,24.84129067853621,24.76217227856386,nan,nan,nan,nan,nan,nan,nan,nan,nan,nan,nan,nan,nan,nan,nan,nan
2,adam,adam,AdamW,,adam,,,requested,1.1,nan,nominal,0.003,additive,1.0,mse,0.09948087307221265,50,50,1.0,0.7659564064533418,0.7555296492084765,0.7711683753330942,0.7627151414572098,0.6664755333811292,0.6560487761362639,0.6716875022608816,0.6632342683849971,0.49087592680807135,0.4825367246415369,0.49775253409607717,0.49026827282540697,5.498217950149695,5.458594498533674,5.511598487339441,5.485418882177104,0.2843111586583528,0.28419107273021493,0.2886329992695686,0.28618267027101807,0.0,0.0,0.0,0.0,0.0,0.0,0.0,0.0,13.811335288595554,13.667231204311413,14.036381710015025,13.828240568294355,0.0,0.0,0.0,0.0,6.622628638210359,6.535533186036149,6.65711035598752,6.603094383058666,24.78113480961573,24.656934938395704,24.856552027234763,24.776016563117444,nan,nan,nan,nan,nan,nan,nan,nan,nan,nan,nan,nan,nan,nan,nan,nan
2,adam,adam,AdamW,,adam,,,requested,1.1,nan,nominal,0.003,additive,1.0,mse,0.09948087307221265,60,60,1.0,0.7326048345885673,0.7222532785811484,0.7370719679216174,0.7291894955702443,0.6331239615163546,0.6227724055089359,0.6375910948494048,0.6297086224980317,0.4603933610774086,0.4523967334838167,0.46851611934339116,0.46050317018326414,5.3828039676389405,5.343479041812987,5.405323387034327,5.370655693211242,0.27164715986052995,0.2705901633106065,0.27528411552921456,0.2726394719189244,0.0,0.0,0.0,0.0,0.0,0.0,0.0,0.0,13.506766969203007,13.35780433606714,13.55665305406524,13.422800762083885,0.0,0.0,0.0,0.0,6.57928210691109,6.502410712311868,6.638630204580662,6.570564490262736,24.767186245433955,24.69963037544296,24.847715254091437,24.7908097296728,nan,nan,nan,nan,nan,nan,nan,nan,nan,nan,nan,nan,nan,nan,nan,nan
2,adam,adam,AdamW,,adam,,,requested,1.1,nan,nominal,0.003,additive,1.0,mse,0.09948087307221265,70,70,1.0,0.7049133846118335,0.6955906068100137,0.709165419115451,0.7016706453108255,0.6054325115396209,0.5961097337378011,0.6096845460432383,0.6021897722386129,0.4358607315689754,0.4283643445440792,0.4438575565674837,0.4360647045992246,5.287947518281898,5.248379560529521,5.313646791178067,5.273580345942494,0.2625773644115039,0.2605405144127825,0.26482774047452917,0.26240088276352863,0.0,0.0,0.0,0.0,0.0,0.0,0.0,0.0,13.304061381378881,13.149285363842433,13.471956327873805,13.323219376884175,0.0,0.0,0.0,0.0,6.555042005531321,6.4773693409628645,6.598056092577916,6.540277575051197,24.763943341922342,24.70417021314656,24.84856744349878,24.788266038490782,nan,nan,nan,nan,nan,nan,nan,nan,nan,nan,nan,nan,nan,nan,nan,nan
2,adam,adam,AdamW,,adam,,,requested,1.1,nan,nominal,0.003,additive,1.0,mse,0.09948087307221265,80,80,1.0,0.6795823937120729,0.6719033996403023,0.6861278885904833,0.6775616735528028,0.5801015206398603,0.5724225265680897,0.5866470155182706,0.5780808004805903,0.41328434481040854,0.4065936850287202,0.4227254697269046,0.4142892114957232,5.20576995328191,5.163379459228775,5.235875086696068,5.18809604304057,0.25371556885252344,0.25120679221882763,0.2565425104933415,0.253672743777517,0.0,0.0,0.0,0.0,0.0,0.0,0.0,0.0,13.22125004351199,13.119062767179708,13.443871690238309,13.262986689641789,0.0,0.0,0.0,0.0,6.531214097047535,6.455965592124491,6.572675265180535,6.517486967023384,24.731566029337912,24.718213451430213,24.833607086002875,24.76578307851659,nan,nan,nan,nan,nan,nan,nan,nan,nan,nan,nan,nan,nan,nan,nan,nan
2,adam,adam,AdamW,,adam,,,requested,1.1,nan,nominal,0.003,additive,1.0,mse,0.09948087307221265,90,90,1.0,0.658486254042941,0.6503958013568756,0.6650225993992913,0.6563090745403876,0.5590053809707283,0.5509149282846629,0.5655417263270786,0.5568282014681749,0.3938250912895291,0.38675182681726217,0.4031485049785067,0.3947723497050626,5.127305307936629,5.083801807983537,5.158976052420694,5.109858881858056,0.24628419957439945,0.24378474900005498,0.2497001908847698,0.24647987423571008,0.0,0.0,0.0,0.0,0.0,0.0,0.0,0.0,13.104431856120254,13.07572685034127,13.188316492052387,13.126634992244547,0.0,0.0,0.0,0.0,6.526375465716134,6.438318996203323,6.555871819996408,6.499384265626161,24.73029198837814,24.649682780741962,24.814254943694046,24.732309931581746,nan,nan,nan,nan,nan,nan,nan,nan,nan,nan,nan,nan,nan,nan,nan,nan
2,adam,adam,AdamW,,adam,,,requested,1.1,nan,nominal,0.003,additive,1.0,mse,0.09948087307221265,100,100,1.0,0.6402151287578193,0.6315667112012041,0.6474790667709681,0.638334542752933,0.5407342556856067,0.5320858381289915,0.5479981936987555,0.5388536696807203,0.3769893090818678,0.3703102382983538,0.3874855106508162,0.3786288461693461,5.056006684270439,5.010482356892583,5.084961862425073,5.039203095246182,0.2402711854351321,0.2378061185062035,0.24413451490966748,0.24051718352012438,0.0,0.0,0.0,0.0,0.0,0.0,0.0,0.0,12.898366360191996,12.756043015462465,13.139638821769568,12.945211109168078,0.0,0.0,0.0,0.0,6.510761914633821,6.425624983311766,6.535352195577967,6.481214886031556,24.683430176872584,24.575851320606223,24.77254695925951,24.669223742247983,nan,nan,nan,nan,nan,nan,nan,nan,nan,nan,nan,nan,nan,nan,nan,nan
2,adam,adam,AdamW,,adam,,,requested,1.1,nan,nominal,0.003,additive,1.0,mse,0.09948087307221265,110,110,1.0,0.6235314561014249,0.6158330985897477,0.6321565684773139,0.6224783683549533,0.5240505830292121,0.516352225517535,0.5326756954051013,0.5229974952827406,0.36221409101282076,0.35608559684109675,0.3736470872371153,0.36441376677184656,4.9907608927565175,4.948760378501973,5.019325161177042,4.975926298393977,0.23443249332331037,0.23291144591842694,0.23833560364395828,0.2351654093144047,0.0,0.0,0.0,0.0,0.0,0.0,0.0,0.0,12.726462670071836,12.577278702253075,12.992985069802323,12.785887890478316,0.0,0.0,0.0,0.0,6.479287566958763,6.40499770678659,6.504509270138447,6.456022000547454,24.598198915281746,24.47902944645023,24.714752403803637,24.599968083124704,nan,nan,nan,nan,nan,nan,nan,nan,nan,nan,nan,nan,nan,nan,nan,nan
2,adam,adam,AdamW,,adam,,,requested,1.1,nan,nominal,0.003,additive,1.0,mse,0.09948087307221265,120,120,1.0,0.6084391622248349,0.6015596863538748,0.6167714317192009,0.6079824882099965,0.5089582891526223,0.5020788132816623,0.5172905586469883,0.5085016151377837,0.3489058680541097,0.34291880170406885,0.35982995382226074,0.35138710743094015,4.930020408732032,4.889861666537959,4.958671508471735,4.917506104553703,0.22889672725943677,0.22777455554915477,0.2327339035347602,0.23012616831648697,0.0,0.0,0.0,0.0,0.0,0.0,0.0,0.0,12.814363569591007,12.570747869389757,12.873626716463995,12.758103749508042,0.0,0.0,0.0,0.0,6.447958857255001,6.380516116038265,6.487841303847755,6.433521487177499,24.551750168975108,24.432142727951913,24.608254852269127,24.54475203216659,nan,nan,nan,nan,nan,nan,nan,nan,nan,nan,nan,nan,nan,nan,nan,nan
2,adam,adam,AdamW,,adam,,,requested,1.1,nan,nominal,0.003,additive,1.0,mse,0.09948087307221265,130,130,1.0,0.5943145018472136,0.5884590961369578,0.6032985131164514,0.5947884427916705,0.494833628775001,0.4889782230647451,0.5038176400442389,0.49530756971945794,0.33620490742036696,0.33100699914651677,0.34777963172306714,0.3393558476991291,4.874116235419027,4.8399486727781404,4.9037757226194065,4.8636386513382135,0.22386416075871907,0.22297620655870562,0.22831017424831568,0.22549898865295645,0.0,0.0,0.0,0.0,0.0,0.0,0.0,0.0,12.81089583489002,12.632417507333802,12.988909647264444,12.813142030533916,0.0,0.0,0.0,0.0,6.432343244867533,6.367951195852648,6.465627712387915,6.4171355100955205,24.504316715136202,24.4230995971684,24.608746412369513,24.522048524423695,nan,nan,nan,nan,nan,nan,nan,nan,nan,nan,nan,nan,nan,nan,nan,nan
2,adam,adam,AdamW,,adam,,,requested,1.1,nan,nominal,0.003,additive,1.0,mse,0.09948087307221265,140,140,1.0,0.581835076195713,0.5773460923799446,0.590531223736498,0.5829810264976779,0.4823542031235003,0.47786521930773196,0.4910503506642854,0.48350015342546526,0.3248697732487466,0.32074882493095397,0.3360307283670657,0.32860192297827323,4.8217847377452685,4.798387954993835,4.854894239128182,4.814659668437365,0.21953357530730555,0.2192658412768599,0.22382863340618941,0.2212535385413571,0.0,0.0,0.0,0.0,0.0,0.0,0.0,0.0,12.684744166533473,12.644262845100942,12.750486694810318,12.721654395132418,0.0,0.0,0.0,0.0,6.409447499979729,6.349612946670152,6.443747916726478,6.39730288366815,24.497909244031128,24.436008772652002,24.572251888853863,24.500816149112264,nan,nan,nan,nan,nan,nan,nan,nan,nan,nan,nan,nan,nan,nan,nan,nan
2,adam,adam,AdamW,,adam,,,requested,1.1,nan,nominal,0.003,additive,1.0,mse,0.09948087307221265,150,150,1.0,0.5716563777136974,0.5684636192144387,0.5803541408383642,0.5729941292562812,0.4721755046414848,0.468982746142226,0.4808732677661516,0.4735132561840686,0.31570341563249793,0.3126264812130993,0.32643322171350614,0.31943213398713344,4.783361407241779,4.751885040670306,4.81125504099691,4.772628772936853,0.2160647488208674,0.2153708112051586,0.21998624642817968,0.2174739359792521,0.0,0.0,0.0,0.0,0.0,0.0,0.0,0.0,12.514500207954368,12.409974664890791,12.773404992002995,12.61179763748332,0.0,0.0,0.0,0.0,6.395383669748343,6.3418329719864905,6.43250795008398,6.387837094401517,24.47627761455357,24.425494143376238,24.549032148083334,24.473043108103845,nan,nan,nan,nan,nan,nan,nan,nan,nan,nan,nan,nan,nan,nan,nan,nan
2,adam,adam,AdamW,,adam,,,requested,1.1,nan,nominal,0.003,additive,1.0,mse,0.09948087307221265,160,160,1.0,0.5631557795543752,0.5596341229966237,0.5712217413327043,0.5640039045018613,0.4636749064821626,0.4601532499244111,0.47174086826049166,0.4645230314296487,0.3080814870526846,0.3046325995729094,0.3180844580300395,0.3113432279199585,4.744681440232997,4.711704045481487,4.7727904720925975,4.734058421126651,0.21256596403338046,0.21209032863604543,0.2169010988522613,0.21417855671711025,0.0,0.0,0.0,0.0,0.0,0.0,0.0,0.0,12.765317739630905,12.505170879362803,12.992534557120848,12.747910301354368,0.0,0.0,0.0,0.0,6.373232115987756,6.327217584117818,6.416712134407341,6.375261545669879,24.40482104861752,24.36642603249167,24.530583228551603,24.421642644843907,nan,nan,nan,nan,nan,nan,nan,nan,nan,nan,nan,nan,nan,nan,nan,nan
2,adam,adam,AdamW,,adam,,,requested,1.1,nan,nominal,0.003,additive,1.0,mse,0.09948087307221265,170,170,1.0,0.555279597510508,0.5513661282992124,0.563052544407666,0.5559436964827367,0.4557987244382954,0.4518852552269997,0.46357167133545335,0.45646282341052397,0.3009061622122629,0.29716782394239183,0.3103335074496187,0.3038003403087547,4.711630410456825,4.67609940781801,4.740484803942781,4.699385637044479,0.20933148400517038,0.20913146386200093,0.21409936728947923,0.21129189783421662,0.0,0.0,0.0,0.0,0.0,0.0,0.0,0.0,12.836952409956456,12.665215424764254,13.029078982114644,12.812383778730688,0.0,0.0,0.0,0.0,6.3484505709237355,6.316569325678747,6.396692850794778,6.359825250840323,24.350903910817905,24.283169057236666,24.502303479007146,24.375873487413706,nan,nan,nan,nan,nan,nan,nan,nan,nan,nan,nan,nan,nan,nan,nan,nan
2,adam,adam,AdamW,,adam,,,requested,1.1,nan,nominal,0.003,additive,1.0,mse,0.09948087307221265,180,180,1.0,0.5477953915778,0.5439913101828023,0.5559722362417863,0.5486912805713695,0.4483145185055873,0.4445104371105897,0.4564913631695736,0.44921040749915697,0.29383175570222014,0.29042533067888343,0.30335219014160486,0.29690679423700267,4.685208507402425,4.639798288391937,4.709849853946469,4.668021518892383,0.2067156563321076,0.20597705880396708,0.21196015741634588,0.2086611604368338,0.0,0.0,0.0,0.0,0.0,0.0,0.0,0.0,12.729582551548432,12.493117998761052,13.030435113066037,12.70086371415286,0.0,0.0,0.0,0.0,6.329524910320489,6.3142219422479355,6.378633645906837,6.347684632838066,24.324673142911948,24.204317636906097,24.46340617936228,24.327635525153276,nan,nan,nan,nan,nan,nan,nan,nan,nan,nan,nan,nan,nan,nan,nan,nan
2,adam,adam,AdamW,,adam,,,requested,1.1,nan,nominal,0.003,additive,1.0,mse,0.09948087307221265,190,190,1.0,0.5416410560370211,0.5377008544510525,0.5494592195255944,0.5424366095784237,0.4421601829648084,0.4382199813788399,0.44997834645338175,0.44295573650621095,0.2884194357920498,0.284893626795808,0.29722026095735704,0.2911677890942761,4.661345247674799,4.603198945981181,4.688023463487831,4.639896899073772,0.20465906902070607,0.20329360129797266,0.21000872170430862,0.20654307385501475,0.0,0.0,0.0,0.0,0.0,0.0,0.0,0.0,12.78109251926669,12.621120846168296,12.8759712001361,12.706059202654508,0.0,0.0,0.0,0.0,6.32229591583957,6.29604620497917,6.370314571310319,6.333200097252943,24.30424793442797,24.17471400345333,24.407707471211854,24.28969168457986,nan,nan,nan,nan,nan,nan,nan,nan,nan,nan,nan,nan,nan,nan,nan,nan
2,adam,adam,AdamW,,adam,,,requested,1.1,nan,nominal,0.003,additive,1.0,mse,0.09948087307221265,200,200,1.0,0.5357911421830137,0.5320818220345015,0.5431099917128768,0.5367164123667784,0.43631026911080106,0.43260094896228884,0.4436291186406641,0.43723553929456577,0.28321371015912644,0.2807139398826341,0.29123802184103886,0.2859580343099437,4.635299341710223,4.576362369858585,4.664181940677671,4.6142098271496765,0.2028807593327729,0.20066768037551716,0.2085976574993625,0.20450257311030887,0.0,0.0,0.0,0.0,0.0,0.0,0.0,0.0,12.504715383605614,12.29390844591661,12.67979496533778,12.434997821142197,0.0,0.0,0.0,0.0,6.305514030655976,6.282353959365219,6.352752717315743,6.318844522346545,24.261136255544898,24.129603547740743,24.37593794567104,24.244428783029555,nan,nan,nan,nan,nan,nan,nan,nan,nan,nan,nan,nan,nan,nan,nan,nan
2,adam,adam,AdamW,,adam,,,requested,1.1,nan,nominal,0.003,additive,1.0,mse,0.09948087307221265,210,210,1.0,0.5308635632618963,0.5274240279829071,0.5375505202119438,0.5315219460334573,0.43138269018968367,0.42794315491069446,0.4380696471397312,0.4320410729612446,0.2789807306643661,0.2769097652178168,0.28611887818037707,0.2813287896822027,4.613249083222383,4.549739822774383,4.639806692137779,4.588832101215269,0.20136898321280083,0.19867099395245627,0.20647441127552735,0.2026264820203023,0.0,0.0,0.0,0.0,0.0,0.0,0.0,0.0,12.509720532687439,12.43860532616805,12.602695844982474,12.527697496485631,0.0,0.0,0.0,0.0,6.287513484684273,6.268617245957874,6.341893040914249,6.307091085948584,24.22381140140424,24.067727045058543,24.34297229300359,24.2056047587822,nan,nan,nan,nan,nan,nan,nan,nan,nan,nan,nan,nan,nan,nan,nan,nan
2,adam,adam,AdamW,,adam,,,requested,1.1,nan,nominal,0.003,additive,1.0,mse,0.09948087307221265,220,220,1.0,0.5263516665400529,0.522068711963961,0.5326387806284146,0.526623437593422,0.42687079346784024,0.42258783889174834,0.433157907556202,0.4271425645212093,0.27512273595056935,0.2722997090063866,0.2814126462972349,0.27705184843048847,4.5912326078403725,4.523256023180052,4.617774697004088,4.564510926426073,0.19951761483058172,0.19705946581305103,0.20473912580594963,0.2009189945614227,0.0,0.0,0.0,0.0,0.0,0.0,0.0,0.0,12.392858861531954,12.183939414552391,12.662621835929398,12.465675245188237,0.0,0.0,0.0,0.0,6.277397947593123,6.254936578975668,6.342076050704039,6.298925214732563,24.147126005883266,24.01938001499555,24.301641920136646,24.162239123244927,nan,nan,nan,nan,nan,nan,nan,nan,nan,nan,nan,nan,nan,nan,nan,nan
2,adam,adam,AdamW,,adam,,,requested,1.1,nan,nominal,0.003,additive,1.0,mse,0.09948087307221265,230,230,1.0,0.5222397015801135,0.5176166791093971,0.5276034121643804,0.5220607382801511,0.42275882850790075,0.4181358060371845,0.42812253909216774,0.42257986520793855,0.2717551388893724,0.2682573277470963,0.27681127889266294,0.2730577267793462,4.564096610341316,4.501617882367599,4.599808950165285,4.540908712240888,0.19784486541656132,0.19607363558685764,0.2031104183478657,0.19929952354117547,0.0,0.0,0.0,0.0,0.0,0.0,0.0,0.0,12.637543051178167,12.387198677657903,12.764552330432451,12.60989504071947,0.0,0.0,0.0,0.0,6.271047404769794,6.2467074961709885,6.340905296108593,6.291282052668573,24.089284622893842,23.971069001424606,24.26221262560248,24.121236103928418,nan,nan,nan,nan,nan,nan,nan,nan,nan,nan,nan,nan,nan,nan,nan,nan
2,adam,adam,AdamW,,adam,,,requested,1.1,nan,nominal,0.003,additive,1.0,mse,0.09948087307221265,240,240,1.0,0.5182594182910388,0.513230585398245,0.5227787675972787,0.5176529916878881,0.4187785452188262,0.4137497123260323,0.42329789452506605,0.4181721186156755,0.2684792302613763,0.26443284196283723,0.2723740743633467,0.2691252522275192,4.53968447400283,4.480497987516364,4.584369675273384,4.520044240584351,0.19596886347420864,0.1947572014318686,0.20100143376140273,0.1974453420817856,0.0,0.0,0.0,0.0,0.0,0.0,0.0,0.0,12.422064115082986,12.134077866624564,12.733273520958893,12.419739291997601,0.0,0.0,0.0,0.0,6.265868646831377,6.2378948921272706,6.324247501276994,6.283242303905306,24.050709338800235,23.929803033176036,24.210776085932395,24.076803504354007,nan,nan,nan,nan,nan,nan,nan,nan,nan,nan,nan,nan,nan,nan,nan,nan
2,adam,adam,AdamW,,adam,,,requested,1.1,nan,nominal,0.003,additive,1.0,mse,0.09948087307221265,250,250,1.0,0.5148323023363832,0.5088927768283067,0.5187425074446191,0.5135840029173897,0.4153514292641706,0.40941190375609404,0.4192616343724065,0.4141031298451771,0.2650764847646069,0.26040704633283684,0.2692579002725827,0.26542404854469703,4.5220083604222125,4.460047945379577,4.57338431253095,4.503310714187481,0.19411870814522125,0.19300532326748127,0.19876274709163666,0.19540670469798804,0.0,0.0,0.0,0.0,0.0,0.0,0.0,0.0,12.179655712871895,12.094368555417221,12.311067465420553,12.252577280933277,0.0,0.0,0.0,0.0,6.264831560351952,6.2355275952931475,6.31057076381024,6.278308131271682,23.993434313579137,23.886785278968297,24.17300110842872,24.0307326084009,nan,nan,nan,nan,nan,nan,nan,nan,nan,nan,nan,nan,nan,nan,nan,nan
2,adam,adam,AdamW,,adam,,,requested,1.1,nan,nominal,0.003,additive,1.0,mse,0.09948087307221265,260,260,1.0,0.5117195672849861,0.5055773592816151,0.5147425476369645,0.5099868896044271,0.41223869421277354,0.4060964862094024,0.4152616745647519,0.4105060165322144,0.26215334871296564,0.25734382609352785,0.2659011139614148,0.26218177631938444,4.5052303599940835,4.445719903781411,4.561124988586924,4.488314070956009,0.19270089650283612,0.19119710209012758,0.19667640481015705,0.19364797704994832,0.0,0.0,0.0,0.0,0.0,0.0,0.0,0.0,12.274256351533044,12.006964996914952,12.501176854313607,12.266047453313421,0.0,0.0,0.0,0.0,6.25427479615667,6.222470228506668,6.308474507934227,6.271184339611838,23.929899357628287,23.8287892937485,24.14642059575596,23.980252961198243,nan,nan,nan,nan,nan,nan,nan,nan,nan,nan,nan,nan,nan,nan,nan,nan
2,adam,adam,AdamW,,adam,,,requested,1.1,nan,nominal,0.003,additive,1.0,mse,0.09948087307221265,270,270,1.0,0.5084870927910456,0.502876138060665,0.5117539533978137,0.506886176491621,0.40900621971883294,0.40339526498845235,0.412273080325601,0.4074053034194085,0.25951088354419843,0.2551923555494113,0.2631183971025311,0.25954184163812377,4.48598261542318,4.432064524426423,4.549056625089749,4.4725779630719895,0.1914399009200285,0.1897318166138286,0.19505381284020654,0.19227428113389045,0.0,0.0,0.0,0.0,0.0,0.0,0.0,0.0,12.419918320078041,12.247059299320194,12.58360331069311,12.417363256735964,0.0,0.0,0.0,0.0,6.244440695367468,6.215210138000147,6.3008643405554094,6.26307179847527,23.89310376070659,23.8107334397628,24.115217892112167,23.949888958654526,nan,nan,nan,nan,nan,nan,nan,nan,nan,nan,nan,nan,nan,nan,nan,nan
2,adam,adam,AdamW,,adam,,,requested,1.1,nan,nominal,0.003,additive,1.0,mse,0.09948087307221265,280,280,1.0,0.5054587857478278,0.49975025758463076,0.5088528862753671,0.5038747601858491,0.4059779126756151,0.4002693845124181,0.4093720132031544,0.4043938871136364,0.2570700699185106,0.25236847176697025,0.2605526343778314,0.25694505829423736,4.470422101603228,4.41543869524276,4.533614086905953,4.456868954311604,0.19021993962687306,0.18865475391380324,0.19345769722519776,0.19096549873075125,0.0,0.0,0.0,0.0,0.0,0.0,0.0,0.0,12.280974292476461,12.047888234993243,12.508463710885776,12.247186671232875,0.0,0.0,0.0,0.0,6.238965721986169,6.2013117141738645,6.291214336935457,6.252379931533337,23.881905002709306,23.789993026926858,24.08616729276434,23.927344430821666,nan,nan,nan,nan,nan,nan,nan,nan,nan,nan,nan,nan,nan,nan,nan,nan
2,adam,adam,AdamW,,adam,,,requested,1.1,nan,nominal,0.003,additive,1.0,mse,0.09948087307221265,290,290,1.0,0.5026753114319058,0.49679071426593513,0.5065646501565448,0.5012024365264257,0.4031944383596932,0.3973098411937225,0.4070837770843322,0.401721563454213,0.25475055271151553,0.24999009114164075,0.25863382127733137,0.2547564831305216,4.457827586331947,4.401620725208083,4.520197685550892,4.443946527650263,0.188855102484594,0.1879007538695327,0.19242369584648278,0.1898204219738841,0.0,0.0,0.0,0.0,0.0,0.0,0.0,0.0,12.508397713602298,12.029276069464586,12.721605732479468,12.38892848083045,0.0,0.0,0.0,0.0,6.226412619272626,6.190051159713348,6.278745179315715,6.2404612138813285,23.853364556587465,23.76884040343717,24.05923664466711,23.90601887129759,nan,nan,nan,nan,nan,nan,nan,nan,nan,nan,nan,nan,nan,nan,nan,nan
2,adam,adam,AdamW,,adam,,,requested,1.1,nan,nominal,0.003,additive,1.0,mse,0.09948087307221265,300,300,1.0,0.4999624479514251,0.4944711311925209,0.5044224705235834,0.4988094018740595,0.40048157487921243,0.39499025812030825,0.4049415974513707,0.3993285288018468,0.2526034532317668,0.24823094074457389,0.25684625334350075,0.25281536531825055,4.444705307650868,4.3888212898983125,4.508536467785405,4.431444561946515,0.18788265845713087,0.1868573725242974,0.19145673681790285,0.1888010776881331,0.0,0.0,0.0,0.0,0.0,0.0,0.0,0.0,12.553534649455035,12.317119312633714,12.607754239493726,12.457854060747792,0.0,0.0,0.0,0.0,6.2219649558744585,6.179354101930835,6.271289017188065,6.230922742691085,23.826627689159967,23.75986092869464,24.065881079664212,23.89222463759856,nan,nan,nan,nan,nan,nan,nan,nan,nan,nan,nan,nan,nan,nan,nan,nan
2,adam,adam,AdamW,,adam,,,requested,1.1,nan,nominal,0.003,additive,1.0,mse,0.09948087307221265,310,310,1.0,0.4971346632405429,0.4920200358911867,0.5020970262403026,0.4964234048692372,0.39765379016833025,0.39253916281897405,0.40261615316808996,0.39694253179702454,0.25021528978554375,0.24624257172069178,0.254924143614704,0.2507694014663702,4.431867377318987,4.377714726297506,4.4984446525310515,4.419475998587005,0.18683578677921361,0.18559513697214503,0.19040853876535627,0.18779139281910157,0.0,0.0,0.0,0.0,0.0,0.0,0.0,0.0,12.686026664390422,12.53504037560613,12.774889285729264,12.665213605437028,0.0,0.0,0.0,0.0,6.213831603463922,6.17027890377938,6.264322702440578,6.220857045212949,23.811630128094276,23.73760933051306,24.058178087899016,23.879245241517747,nan,nan,nan,nan,nan,nan,nan,nan,nan,nan,nan,nan,nan,nan,nan,nan
2,adam,adam,AdamW,,adam,,,requested,1.1,nan,nominal,0.003,additive,1.0,mse,0.09948087307221265,320,320,1.0,0.49456306599062544,0.4898428372293997,0.49998602270014386,0.49415071132965405,0.3950821929184128,0.39036196415718705,0.4005051496279312,0.3946698382574414,0.2479555235854089,0.2443355674299699,0.2530895492833766,0.24876628708564694,4.418428246041626,4.367391396002825,4.487706936648187,4.407776231507301,0.1859454427366066,0.18458984825061892,0.18922260950925662,0.18675306376905293,0.0,0.0,0.0,0.0,0.0,0.0,0.0,0.0,12.333029542191545,12.182969146166316,12.563869264792848,12.36951346609845,0.0,0.0,0.0,0.0,6.2078495896578865,6.1676043124258815,6.25833106916617,6.215207804947445,23.808845738851367,23.71897547131185,24.039506363736464,23.86755470633298,nan,nan,nan,nan,nan,nan,nan,nan,nan,nan,nan,nan,nan,nan,nan,nan
2,adam,adam,AdamW,,adam,,,requested,1.1,nan,nominal,0.003,additive,1.0,mse,0.09948087307221265,330,330,1.0,0.4925553986468233,0.48766706656819525,0.49807694561140714,0.49213726696324284,0.39307452557461064,0.3881861934959826,0.3985960725391945,0.39265639389103013,0.2460608498141331,0.24284378951266147,0.25143544357605363,0.24702789148437237,4.404922325254525,4.3564400262811755,4.477384696940846,4.396313918310229,0.18505099908550177,0.18362844300261555,0.18822404091957964,0.18575382606129764,0.0,0.0,0.0,0.0,0.0,0.0,0.0,0.0,12.120265702977733,12.004047302996362,12.332867628240514,12.189021355591832,0.0,0.0,0.0,0.0,6.203422965172531,6.157404286351178,6.253983948869455,6.2087178303192685,23.78887351214921,23.690089808732267,24.020295767673353,23.846957263746475,nan,nan,nan,nan,nan,nan,nan,nan,nan,nan,nan,nan,nan,nan,nan,nan
2,adam,adam,AdamW,,adam,,,requested,1.1,nan,nominal,0.003,additive,1.0,mse,0.09948087307221265,340,340,1.0,0.4910648638317627,0.4854862918682762,0.4964887619802649,0.4903716346791434,0.39158399075955,0.38600541879606354,0.3970078889080523,0.39089076160693076,0.24451542071627247,0.24131210445551143,0.25006639054589785,0.24547612070793742,4.3932854277508655,4.345649593352633,4.467872062026397,4.38615077775,0.18409575793324673,0.18282991924003233,0.18741441341193696,0.18485170096200854,0.0,0.0,0.0,0.0,0.0,0.0,0.0,0.0,12.277490481489473,12.128497234150935,12.538728118664444,12.397512622721854,0.0,0.0,0.0,0.0,6.200603972240286,6.149740450066284,6.2543916078242585,6.205485803266832,23.777323867818975,23.67262719154225,24.006103279747915,23.831382229934846,nan,nan,nan,nan,nan,nan,nan,nan,nan,nan,nan,nan,nan,nan,nan,nan
2,adam,adam,AdamW,,adam,,,requested,1.1,nan,nominal,0.003,additive,1.0,mse,0.09948087307221265,350,350,1.0,0.48957471358746185,0.4836625386444036,0.4951462730323115,0.48873619922581657,0.3900938405152492,0.38418166557219097,0.39566539996009886,0.3892553261536039,0.24319345202008336,0.23974885656090525,0.24883993321452258,0.24401683737544172,4.38317200742969,4.336025268059458,4.457866472207259,4.377325716036804,0.18331071453631329,0.18202071652779997,0.18657580936669235,0.18405016703766738,0.0,0.0,0.0,0.0,0.0,0.0,0.0,0.0,12.335824338687594,12.087192397788629,12.919860354774373,12.492382472512285,0.0,0.0,0.0,0.0,6.1935834518883315,6.146847010055194,6.251091814877265,6.202163379875316,23.77143701751954,23.66768667465969,24.002228773254576,23.823429778529782,nan,nan,nan,nan,nan,nan,nan,nan,nan,nan,nan,nan,nan,nan,nan,nan
2,adam,adam,AdamW,,adam,,,requested,1.1,nan,nominal,0.003,additive,1.0,mse,0.09948087307221265,360,360,1.0,0.48828566860877376,0.4823389707683763,0.4937891533683583,0.48737999261950415,0.3888047955365611,0.38285809769616364,0.3943082802961457,0.38789911954729156,0.24215869667422657,0.238622524145452,0.24767886162076003,0.24288037570320287,4.375223643930891,4.328244289859346,4.451011708961582,4.3699925391728796,0.18257274370594984,0.1813916720102622,0.18592122300411656,0.18334630886872355,0.0,0.0,0.0,0.0,0.0,0.0,0.0,0.0,12.245413272237464,11.972661481991743,12.475929400679343,12.355651589407557,0.0,0.0,0.0,0.0,6.187848056193784,6.145610805571591,6.242548425550123,6.197864747135837,23.760644188996874,23.666726444674108,23.995102625342906,23.81597671436245,nan,nan,nan,nan,nan,nan,nan,nan,nan,nan,nan,nan,nan,nan,nan,nan
2,adam,adam,AdamW,,adam,,,requested,1.1,nan,nominal,0.003,additive,1.0,mse,0.09948087307221265,370,370,1.0,0.4870733018910346,0.48121008634675544,0.49274378151082554,0.4861637674910244,0.38759242881882194,0.3817292132745428,0.3932629084386129,0.38668289441881176,0.24121673191659376,0.23757112020240123,0.24674645719392815,0.24182091090995955,4.369083002889734,4.321487195584526,4.443103499396561,4.363347017159205,0.18206905996239592,0.18082805226436324,0.18539162008342136,0.18277441595762262,0.0,0.0,0.0,0.0,0.0,0.0,0.0,0.0,12.399263762633556,12.319997990225971,12.740128378493914,12.491559889316637,0.0,0.0,0.0,0.0,6.183647827893433,6.144603378340118,6.23683523988281,6.193636058075258,23.7536213607573,23.664569265067044,23.995824128241626,23.807297163256596,nan,nan,nan,nan,nan,nan,nan,nan,nan,nan,nan,nan,nan,nan,nan,nan
2,adam,adam,AdamW,,adam,,,requested,1.1,nan,nominal,0.003,additive,1.0,mse,0.09948087307221265,380,380,1.0,0.48583016212879526,0.48017134265086703,0.4917765270642319,0.48503693511265816,0.3863492890565826,0.3806904695786544,0.39229565399201927,0.38555606204044557,0.24026939003347003,0.23657584493741482,0.2458780695145429,0.24084755808326264,4.3627547498921135,4.31617307166928,4.435195037972872,4.357060480188961,0.1816549983536164,0.18025822066271385,0.18470177825571416,0.1822434638207418,0.0,0.0,0.0,0.0,0.0,0.0,0.0,0.0,12.462608723735844,12.405460702840516,12.533167703994058,12.503163951081651,0.0,0.0,0.0,0.0,6.179461338862877,6.141240590725024,6.234130316005922,6.189767720490977,23.749149261061405,23.667435742686735,23.985692646407067,23.80169596835218,nan,nan,nan,nan,nan,nan,nan,nan,nan,nan,nan,nan,nan,nan,nan,nan
2,adam,adam,AdamW,,adam,,,requested,1.1,nan,nominal,0.003,additive,1.0,mse,0.09948087307221265,390,390,1.0,0.485000888866163,0.4793232088664515,0.49085678650370257,0.4841507791595618,0.38552001579395034,0.3798423357942389,0.3913759134314899,0.3846699060873492,0.23964297153200778,0.23581943339642886,0.2450720155780188,0.24010298578092615,4.3579045777534535,4.3123327228642925,4.428576232652175,4.352105844529241,0.18127634840836881,0.17995052154415858,0.1841692219864893,0.18181565201989341,0.0,0.0,0.0,0.0,0.0,0.0,0.0,0.0,12.273178676503983,12.05204775902671,12.664801638760377,12.39057221591241,0.0,0.0,0.0,0.0,6.176507483512562,6.138546503592522,6.2300967442083115,6.185984354435448,23.750975661837863,23.66072357420448,23.97821985398618,23.79754802190017,nan,nan,nan,nan,nan,nan,nan,nan,nan,nan,nan,nan,nan,nan,nan,nan
2,adam,adam,AdamW,,adam,,,requested,1.1,nan,nominal,0.003,additive,1.0,mse,0.09948087307221265,400,400,1.0,0.4843281874312419,0.47851239164152054,0.49025297549618974,0.4834127437718847,0.38484731435902925,0.3790315185693079,0.3907721024239771,0.38393187069967205,0.23909883623782952,0.23506961471750037,0.24451309929356774,0.23944622951950473,4.3541729437531025,4.308932446180756,4.423472228711589,4.34833976277503,0.18091375053477896,0.17962621497155298,0.18383329654688585,0.18145906983930762,0.0,0.0,0.0,0.0,0.0,0.0,0.0,0.0,12.048763927259149,11.771588942857584,12.285943532796303,12.083365312865379,0.0,0.0,0.0,0.0,6.174370592471689,6.136671102044764,6.227445333863894,6.183523518592503,23.746345754205404,23.653608770644365,23.97226293532382,23.792129248784576,nan,nan,nan,nan,nan,nan,nan,nan,nan,nan,nan,nan,nan,nan,nan,nan
2,adam,adam,AdamW,,adam,,,requested,1.1,nan,nominal,0.003,additive,1.0,mse,0.09948087307221265,410,410,1.0,0.4837912813301901,0.4778785172487894,0.4896374899508544,0.4827891162254927,0.38431040825797746,0.37839764417657673,0.3901566168786417,0.38330824315328005,0.23865370976578754,0.2345003492609945,0.243948058354107,0.23890813250454468,4.351138218337175,4.305811529472793,4.419405453668374,4.345139727764554,0.1805965893123902,0.17928228797233936,0.18354169005160567,0.18113997400198367,0.0,0.0,0.0,0.0,0.0,0.0,0.0,0.0,12.338597082803151,11.996957679131386,12.526090767849631,12.246160871027165,0.0,0.0,0.0,0.0,6.171684208873537,6.134545288757663,6.224595716822881,6.181070436390297,23.743608367158032,23.64589326941091,23.966822469990444,23.787384673549187,nan,nan,nan,nan,nan,nan,nan,nan,nan,nan,nan,nan,nan,nan,nan,nan
2,adam,adam,AdamW,,adam,,,requested,1.1,nan,nominal,0.003,additive,1.0,mse,0.09948087307221265,420,420,1.0,0.4832730700946601,0.4773086791421475,0.4890897052002515,0.48223752119240715,0.38379219702244743,0.3778278060699348,0.3896088321280389,0.3827566481201945,0.23818543705225667,0.2339651770508597,0.24346561848702397,0.23842625418509972,4.347774220735397,4.303011992440025,4.416060995688132,4.342168558903829,0.18033375882871205,0.17897263940480568,0.18326251231688212,0.18086614975213383,0.0,0.0,0.0,0.0,0.0,0.0,0.0,0.0,12.302615886447308,12.082134953513043,12.46789286418019,12.235696862698493,0.0,0.0,0.0,0.0,6.169524897452018,6.1327588945695695,6.223297215586897,6.179244779837781,23.74374026267332,23.640795826290766,23.961418222773553,23.783169091201344,nan,nan,nan,nan,nan,nan,nan,nan,nan,nan,nan,nan,nan,nan,nan,nan
2,adam,adam,AdamW,,adam,,,requested,1.1,nan,nominal,0.003,additive,1.0,mse,0.09948087307221265,430,430,1.0,0.4828207272038738,0.4768557694781538,0.4886397567270527,0.4817936659966505,0.38333985413166116,0.37737489640594113,0.38915888365484,0.3823127929244378,0.23779339869089228,0.23355101010679785,0.2430696056549343,0.2380435328746116,4.3450066110778245,4.3008272722772904,4.413447034167717,4.339687918286886,0.1801119520210759,0.17871731358446452,0.18302250492966804,0.18063625037504166,0.0,0.0,0.0,0.0,0.0,0.0,0.0,0.0,12.226942520860213,11.929594622549578,12.584015435604526,12.21088141675632,0.0,0.0,0.0,0.0,6.168021969057046,6.131439529911826,6.222820503654529,6.178120125267071,23.739873249713057,23.6390863776051,23.95928520743811,23.77988911680547,nan,nan,nan,nan,nan,nan,nan,nan,nan,nan,nan,nan,nan,nan,nan,nan
2,adam,adam,AdamW,,adam,,,requested,1.1,nan,nominal,0.003,additive,1.0,mse,0.09948087307221265,440,440,1.0,0.48254530821248454,0.47647563917748714,0.4883149847560045,0.4814694998591018,0.3830644351402719,0.3769947661052745,0.38883411168379184,0.38198862678688916,0.2375640681547994,0.233219962347577,0.2427865887830481,0.23776912068718256,4.343116379732468,4.299314525199059,4.411735805004156,4.337921669029777,0.1799286541342649,0.17856591435609295,0.18287283206532454,0.18046834523640873,0.0,0.0,0.0,0.0,0.0,0.0,0.0,0.0,12.678973024165277,12.26155347546887,12.742858107056087,12.485559985571197,0.0,0.0,0.0,0.0,6.167199227962341,6.13009326044693,6.222555414872392,6.1772447239052,23.73669876110766,23.634721281256997,23.956430975864233,23.776715053724132,nan,nan,nan,nan,nan,nan,nan,nan,nan,nan,nan,nan,nan,nan,nan,nan
2,adam,adam,AdamW,,adam,,,requested,1.1,nan,nominal,0.003,additive,1.0,mse,0.09948087307221265,450,450,1.0,0.48229482169869525,0.47615518825417674,0.4880859031461857,0.48120442326832713,0.3828139486264826,0.3766743151819641,0.38860503007397307,0.3817235501961145,0.23736900789914078,0.2329744614342612,0.24257734731964317,0.23754565819266632,4.34166774639632,4.298057215433325,4.410137318482063,4.336609980412625,0.17980209954001042,0.1784453685742039,0.18273200139649176,0.180330097291111,0.0,0.0,0.0,0.0,0.0,0.0,0.0,0.0,12.038948940753363,11.722675936085274,12.387138996555503,12.099038299310202,0.0,0.0,0.0,0.0,6.165986490759638,6.130314545954675,6.221303013116022,6.176285674620145,23.734634015331906,23.62954043863343,23.95473015080443,23.773878924574632,nan,nan,nan,nan,nan,nan,nan,nan,nan,nan,nan,nan,nan,nan,nan,nan
2,adam,adam,AdamW,,adam,,,requested,1.1,nan,nominal,0.003,additive,1.0,mse,0.09948087307221265,460,460,1.0,0.48208304424660076,0.4759364437461923,0.4878826666583881,0.4810038299048959,0.3826021711743881,0.37645557067397967,0.38840179358617544,0.3815229568326832,0.23718229658239218,0.23280416071416424,0.24240416643211254,0.2373701245934567,4.340491338362571,4.297064551956027,4.409138195053454,4.335585061772805,0.1797086808674978,0.17835179697574707,0.1826196798374811,0.18022969155301952,0.0,0.0,0.0,0.0,0.0,0.0,0.0,0.0,11.940257728257007,11.905274320210788,12.009049478834676,11.950960218501145,0.0,0.0,0.0,0.0,6.16511451626441,6.13003532347422,6.220517059466892,6.175553815885275,23.73282110240325,23.62605831905597,23.95204017748428,23.771750727186095,nan,nan,nan,nan,nan,nan,nan,nan,nan,nan,nan,nan,nan,nan,nan,nan
2,adam,adam,AdamW,,adam,,,requested,1.1,nan,nominal,0.003,additive,1.0,mse,0.09948087307221265,470,470,1.0,0.48193153633617414,0.47574500580421186,0.4877080730404381,0.4808440103898616,0.3824506632639615,0.3762641327319992,0.38822719996822547,0.38136313731764887,0.2370466976821693,0.232636774263458,0.24226290203184053,0.23723040135100973,4.339493326019434,4.296415443138891,4.408417821787872,4.334759272880227,0.17960531338113223,0.17827452740804428,0.18253426487534077,0.18014537513444662,0.0,0.0,0.0,0.0,0.0,0.0,0.0,0.0,12.292192748467713,12.02763586074728,12.630716286657059,12.327905762128143,0.0,0.0,0.0,0.0,6.164696136669113,6.129352615246485,6.219905973352857,6.175045351090199,23.73154344914484,23.625335577975406,23.94995745573067,23.77036403120701,nan,nan,nan,nan,nan,nan,nan,nan,nan,nan,nan,nan,nan,nan,nan,nan
2,adam,adam,AdamW,,adam,,,requested,1.1,nan,nominal,0.003,additive,1.0,mse,0.09948087307221265,480,480,1.0,0.48184589393566735,0.475612225802829,0.4876181078321296,0.48074070061210883,0.3823650208634547,0.3761313527306164,0.38813723475991696,0.3812598275398962,0.2369789591430786,0.23252340440498764,0.2421767804928893,0.2371406083458087,4.338839420615415,4.2959855781134095,4.407873566412471,4.3341896792477925,0.17954700929728534,0.17823267102467838,0.18248291449508802,0.1800922218960234,0.0,0.0,0.0,0.0,0.0,0.0,0.0,0.0,12.141392621972647,11.96951024605172,12.511641506782691,12.081285081564795,0.0,0.0,0.0,0.0,6.1645277702516825,6.128879746955833,6.219575749850039,6.174694882004831,23.730355383945263,23.62536063243237,23.94971453344726,23.769525182007907,nan,nan,nan,nan,nan,nan,nan,nan,nan,nan,nan,nan,nan,nan,nan,nan
2,adam,adam,AdamW,,adam,,,requested,1.1,nan,nominal,0.003,additive,1.0,mse,0.09948087307221265,490,490,1.0,0.481779341550744,0.47552402293578633,0.4875499217356395,0.4806683275941833,0.38229846847853133,0.3760431498635737,0.38806904866342684,0.38118745452197067,0.23692191249348316,0.23245617457084405,0.242110421655519,0.23707770524956917,4.338446779712867,4.295583979050709,4.407594615458601,4.333805662381401,0.17950417180594097,0.17820149494764448,0.18245199950589355,0.18005495066569593,0.0,0.0,0.0,0.0,0.0,0.0,0.0,0.0,11.998876613364741,11.862177999727045,12.519060400325689,12.115377130396064,0.0,0.0,0.0,0.0,6.164407893030389,6.128680750025347,6.219552341277806,6.174480478802428,23.729729623399656,23.6255443507453,23.94955794296034,23.76908471960291,nan,nan,nan,nan,nan,nan,nan,nan,nan,nan,nan,nan,nan,nan,nan,nan
2,adam,adam,AdamW,,adam,,,requested,1.1,nan,nominal,0.003,additive,1.0,mse,0.09948087307221265,500,500,1.0,0.4817114033743564,0.4754575385948785,0.48749743383124816,0.48060254704728533,0.38223053030214377,0.37597666552266584,0.3880165607590355,0.38112167397507263,0.23686114934164532,0.23240085120985648,0.24206369832761648,0.23702014603345267,4.338151565369151,4.295141818067893,4.407201294595433,4.3334735025959725,0.17946929745016932,0.1781683951464787,0.18241643069229238,0.18002035326289983,0.0,0.0,0.0,0.0,0.0,0.0,0.0,0.0,12.196763933833012,11.713773167156607,12.508644212532186,12.086832386077766,0.0,0.0,0.0,0.0,6.164300596727049,6.128411971359061,6.219491255902646,6.17434563071313,23.729057832792474,23.62534095910254,23.948970963080207,23.768531361893213,nan,nan,nan,nan,nan,nan,nan,nan,nan,nan,nan,nan,nan,nan,nan,nan
2,adam,adam,AdamW,,adam,,,requested,1.3,nan,nominal,0.003,additive,1.0,mse,0.09948087307221265,0,0,1.0,1.3658141970481346,1.3658141970481346,1.3658141970481346,1.3658141970481346,1.266333323975922,1.266333323975922,1.266333323975922,1.266333323975922,1.0142169620491983,1.0142169620491983,1.0142169620491983,1.0142169620491983,6.972105888743615,6.972105888743615,6.972105888743615,6.972105888743615,0.6393082148548822,0.6393082148548822,0.6393082148548822,0.6393082148548822,0.0,0.0,0.0,0.0,0.0,0.0,0.0,0.0,0.0,0.0,0.0,0.0,0.0,0.0,0.0,0.0,6.9224601109148445,6.9224601109148445,6.9224601109148445,6.9224601109148445,23.97018795689393,23.97018795689393,23.97018795689393,23.97018795689393,nan,nan,nan,nan,nan,nan,nan,nan,nan,nan,nan,nan,nan,nan,nan,nan
2,adam,adam,AdamW,,adam,,,requested,1.3,nan,nominal,0.003,additive,1.0,mse,0.09948087307221265,10,10,1.0,1.066309679770967,1.065299503825192,1.0680761703740234,1.067367410746663,0.9668288066987544,0.9658186307529792,0.9685952973018106,0.9678865376744503,0.7545153744972037,0.7519641995338803,0.7577043606423781,0.7553575160763619,6.329388336653009,6.320536686673986,6.335906731502332,6.328793005481821,0.4515259230640707,0.4489221695540253,0.4550098632740375,0.4526776250402739,0.0,0.0,0.0,0.0,0.0,0.0,0.0,0.0,24.012804235501342,23.972811309971657,24.074921623608148,24.023670703499405,0.0,0.0,0.0,0.0,6.803498375094186,6.793909193113791,6.821252923015068,6.808543619683048,24.419741613206348,24.378841834526717,24.45527300938813,24.417550748146397,nan,nan,nan,nan,nan,nan,nan,nan,nan,nan,nan,nan,nan,nan,nan,nan
2,adam,adam,AdamW,,adam,,,requested,1.3,nan,nominal,0.003,additive,1.0,mse,0.09948087307221265,20,20,1.0,0.9108345602805108,0.9035611342378818,0.9123644718711097,0.9087532824489958,0.8113536872082981,0.8040802611656692,0.8128835987988972,0.8092724093767831,0.6190429362654312,0.611301149055048,0.6213588242951755,0.617530366952884,5.919561938992365,5.91212565226624,5.929425238739709,5.920519123711563,0.3563576257902873,0.3549371309871632,0.36051369022161894,0.35753471597694153,0.0,0.0,0.0,0.0,0.0,0.0,0.0,0.0,18.667864218021403,18.61771350304614,18.878297834524922,18.767548259368887,0.0,0.0,0.0,0.0,6.719990295559209,6.686594492540543,6.7329369422417935,6.718598649095323,24.64484549839494,24.56416110668144,24.715143446939035,24.641040655220593,nan,nan,nan,nan,nan,nan,nan,nan,nan,nan,nan,nan,nan,nan,nan,nan
2,adam,adam,AdamW,,adam,,,requested,1.3,nan,nominal,0.003,additive,1.0,mse,0.09948087307221265,30,30,1.0,0.81224665604713,0.8058192321437809,0.8192489767500872,0.8126178749702653,0.7127657829749172,0.7063383590715684,0.7197681036778746,0.7131370018980527,0.5352569469830047,0.5260304241572235,0.5408205819049658,0.5341007920313956,5.630783115273866,5.622437198631348,5.647078289792848,5.635913711823608,0.30732364446234955,0.30284759053722543,0.3086021284742894,0.3059658924182833,0.0,0.0,0.0,0.0,0.0,0.0,0.0,0.0,16.3092784134542,16.144563106766384,16.46978608125082,16.258292697797813,0.0,0.0,0.0,0.0,6.640694944516845,6.593322834743121,6.667698443761109,6.642622973963499,24.769676335133678,24.64491270575156,24.848121108983992,24.750128589052785,nan,nan,nan,nan,nan,nan,nan,nan,nan,nan,nan,nan,nan,nan,nan,nan
2,adam,adam,AdamW,,adam,,,requested,1.3,nan,nominal,0.003,additive,1.0,mse,0.09948087307221265,40,40,1.0,0.7447568361177357,0.7408980970356283,0.7513562685241938,0.746835309899966,0.645275963045523,0.6414172239634155,0.6518753954519811,0.6473544368277535,0.475295599638492,0.4699236146490048,0.4838000889885179,0.47697892349913096,5.413634928000353,5.404320171518062,5.428366216717299,5.419586943758322,0.27744981830079213,0.27452142698050763,0.27931825856050274,0.2767164953359914,0.0,0.0,0.0,0.0,0.0,0.0,0.0,0.0,14.894161743290887,14.83909081651207,14.986566176794494,14.93223436559147,0.0,0.0,0.0,0.0,6.548856153782701,6.524713094196249,6.59145107603357,6.565602991156922,24.8005624871572,24.670069220395565,24.88751556478096,24.774699524290803,nan,nan,nan,nan,nan,nan,nan,nan,nan,nan,nan,nan,nan,nan,nan,nan
2,adam,adam,AdamW,,adam,,,requested,1.3,nan,nominal,0.003,additive,1.0,mse,0.09948087307221265,50,50,1.0,0.6956859227785278,0.6915532411676062,0.7004779315305781,0.6972776638506883,0.5962050497063152,0.5920723680953934,0.6009970584583655,0.5977967907784757,0.43377878253489405,0.4266206155440394,0.4382485081061821,0.43412027771469874,5.231732092081064,5.228701672443183,5.2628687091565975,5.2431923307088315,0.25781184348388636,0.25547882480371487,0.25984454803662393,0.257793617607505,0.0,0.0,0.0,0.0,0.0,0.0,0.0,0.0,14.111327875361045,13.895315188116909,14.442517970604488,14.149861156158243,0.0,0.0,0.0,0.0,6.464562058029866,6.441968604017643,6.534316489669955,6.491447377879583,24.80000073234614,24.695811023578315,24.884278266042195,24.762511371566838,nan,nan,nan,nan,nan,nan,nan,nan,nan,nan,nan,nan,nan,nan,nan,nan
2,adam,adam,AdamW,,adam,,,requested,1.3,nan,nominal,0.003,additive,1.0,mse,0.09948087307221265,60,60,1.0,0.654458459628506,0.6526014244418179,0.6603729464112191,0.6567874758185326,0.5549775865562934,0.5531205513696053,0.5608920733390065,0.5573066027463199,0.39919830495612074,0.3933635766329407,0.4020599549139033,0.39887252168988735,5.0831108573590535,5.077360189803488,5.117790446395747,5.092202959085143,0.24324152733408305,0.24121052760010064,0.24480505160603627,0.24341416608326827,0.0,0.0,0.0,0.0,0.0,0.0,0.0,0.0,13.924728956147252,13.782553889093869,13.961510533186996,13.87540726427927,0.0,0.0,0.0,0.0,6.398731180862326,6.363389605335843,6.482700828808023,6.426747017675784,24.716024952408613,24.659568225912572,24.829245117083506,24.695148639782595,nan,nan,nan,nan,nan,nan,nan,nan,nan,nan,nan,nan,nan,nan,nan,nan
2,adam,adam,AdamW,,adam,,,requested,1.3,nan,nominal,0.003,additive,1.0,mse,0.09948087307221265,70,70,1.0,0.620404486165229,0.6188805684204535,0.6254563423582457,0.6228671835286606,0.5209236130930164,0.5193996953482408,0.525975469286033,0.523386310456448,0.3681783714330263,0.36450253429361457,0.37133144468652723,0.36892103853503033,4.963829945736526,4.943053765990764,4.98532283353577,4.961564927421288,0.2306982144847761,0.22972824104068224,0.2327049151174657,0.23135066295401083,0.0,0.0,0.0,0.0,0.0,0.0,0.0,0.0,13.63260768345516,13.56542196021025,13.840706302342141,13.685623732743116,0.0,0.0,0.0,0.0,6.351454057609362,6.308190869909657,6.432427213215301,6.370647155139653,24.645440439585347,24.527015792113815,24.709182398886146,24.612050590453844,nan,nan,nan,nan,nan,nan,nan,nan,nan,nan,nan,nan,nan,nan,nan,nan
2,adam,adam,AdamW,,adam,,,requested,1.3,nan,nominal,0.003,additive,1.0,mse,0.09948087307221265,80,80,1.0,0.593258930648721,0.5904971827665443,0.597185490096323,0.5944157468499818,0.49377805757650844,0.49101630969433163,0.4977046170241104,0.49493487377776907,0.3433197804257755,0.34058179038567493,0.34632693101470685,0.3437357541612554,4.8611966763531615,4.824011498692728,4.873023824518856,4.848576882237348,0.2207380062116656,0.219403720526588,0.2240723535395316,0.2214848138929298,0.0,0.0,0.0,0.0,0.0,0.0,0.0,0.0,13.467575759512403,13.262878127566351,13.674457552747032,13.473773879618186,0.0,0.0,0.0,0.0,6.302961826621987,6.256007296552265,6.365582865163816,6.317285296453042,24.539278220954436,24.377793919141183,24.631779134433273,24.50554871362529,nan,nan,nan,nan,nan,nan,nan,nan,nan,nan,nan,nan,nan,nan,nan,nan
2,adam,adam,AdamW,,adam,,,requested,1.3,nan,nominal,0.003,additive,1.0,mse,0.09948087307221265,90,90,1.0,0.5684734553339331,0.5657818340105956,0.572640772529489,0.5693094102635831,0.46899258226172047,0.46630096093838286,0.4731598994572763,0.46982853719137035,0.32163249175759595,0.31871776506734234,0.3242290830038218,0.3215170599908945,4.760486678918283,4.721347373884779,4.771644560206318,4.745956420852718,0.2119793999270761,0.21049399699602858,0.21542194376393128,0.2126557980459077,0.0,0.0,0.0,0.0,0.0,0.0,0.0,0.0,13.439908334775026,13.306025310474498,13.592248355422138,13.42448670829212,0.0,0.0,0.0,0.0,6.24337403695556,6.196789312546462,6.32538838652456,6.263551100369907,24.433166202030744,24.302026590019672,24.512863022468103,24.39453610693488,nan,nan,nan,nan,nan,nan,nan,nan,nan,nan,nan,nan,nan,nan,nan,nan
2,adam,adam,AdamW,,adam,,,requested,1.3,nan,nominal,0.003,additive,1.0,mse,0.09948087307221265,100,100,1.0,0.5473926273771494,0.5430755283825428,0.5514367702429765,0.5475693269212284,0.44791175430493674,0.44359465531033015,0.45195589717076395,0.44808845384901574,0.30207911203849747,0.30020838702524394,0.30509110293868413,0.30235203515623743,4.665432966401906,4.621688832110806,4.683031136419505,4.651977386787015,0.20480981828574596,0.2024695478471166,0.20703432894043738,0.20495537783520296,0.0,0.0,0.0,0.0,0.0,0.0,0.0,0.0,13.15998285990754,13.127822867310515,13.293279765428492,13.249778761157053,0.0,0.0,0.0,0.0,6.198021870014091,6.143654816345342,6.287662224702969,6.218342825196013,24.260401762886964,24.16606945082122,24.374737426760568,24.244264902997454,nan,nan,nan,nan,nan,nan,nan,nan,nan,nan,nan,nan,nan,nan,nan,nan
2,adam,adam,AdamW,,adam,,,requested,1.3,nan,nominal,0.003,additive,1.0,mse,0.09948087307221265,110,110,1.0,0.5295904106882159,0.524671509670273,0.5330934328375383,0.5291189236439013,0.4301095376160032,0.42519063659806033,0.43361255976532564,0.4296380505716887,0.2858018497935777,0.28400928264618064,0.28948657654526455,0.2859680064727208,4.574603129451727,4.535930433431834,4.6025569755575475,4.5674551668438195,0.1981564722523122,0.19592206668777812,0.19938424021682088,0.19815809301010023,0.0,0.0,0.0,0.0,0.0,0.0,0.0,0.0,13.13877796723779,12.957660255614734,13.386557525102369,13.164142343955962,0.0,0.0,0.0,0.0,6.1523815394988475,6.0905330297192055,6.259188253322689,6.175627097373283,24.143389507043587,24.0420968366997,24.209839531291735,24.091873933814615,nan,nan,nan,nan,nan,nan,nan,nan,nan,nan,nan,nan,nan,nan,nan,nan
2,adam,adam,AdamW,,adam,,,requested,1.3,nan,nominal,0.003,additive,1.0,mse,0.09948087307221265,120,120,1.0,0.5143134339874317,0.5094575513222135,0.5169189303063288,0.5131064326934668,0.41483256091521903,0.40997667825000084,0.41743805723411626,0.41362555962125414,0.2721537486732625,0.2707208964376448,0.27539509040910737,0.2717587839900078,4.495979768525949,4.4654265602150165,4.5248532711271885,4.491272887784179,0.19208254081092258,0.19093327763519063,0.19305573433576853,0.19216066578996438,0.0,0.0,0.0,0.0,0.0,0.0,0.0,0.0,13.03254997558989,12.95980335333622,13.203080788762819,13.057764314080979,0.0,0.0,0.0,0.0,6.1124185257515755,6.04780700794943,6.221605490808925,6.131052017097634,24.035325605638313,23.937047257561332,24.109762060450244,23.983862138730508,nan,nan,nan,nan,nan,nan,nan,nan,nan,nan,nan,nan,nan,nan,nan,nan
2,adam,adam,AdamW,,adam,,,requested,1.3,nan,nominal,0.003,additive,1.0,mse,0.09948087307221265,130,130,1.0,0.5000572794068863,0.4961141086831111,0.5037987167767546,0.4991364248203257,0.4005764063346736,0.39663323561089847,0.404317843704542,0.39965555174811307,0.2600609375002236,0.25825047540494217,0.26343573736237225,0.2594447577463689,4.423655830374682,4.398582431878055,4.451327392089275,4.422453082567074,0.1870699468462386,0.18583044612245644,0.18793323683493918,0.18675172522677244,0.0,0.0,0.0,0.0,0.0,0.0,0.0,0.0,12.912132919633951,12.750961034278552,13.110501617781821,12.927240439042286,0.0,0.0,0.0,0.0,6.07885930553668,6.000800662228623,6.189321765677635,6.0910280698886545,23.92693797635567,23.81486667257498,23.988412957303378,23.8662398973048,nan,nan,nan,nan,nan,nan,nan,nan,nan,nan,nan,nan,nan,nan,nan,nan
2,adam,adam,AdamW,,adam,,,requested,1.3,nan,nominal,0.003,additive,1.0,mse,0.09948087307221265,140,140,1.0,0.48737881852467035,0.4835234707547115,0.4911592465984624,0.4861847438645553,0.3878979454524577,0.3840425976824989,0.39167837352624973,0.38670387079234264,0.24914438068730993,0.2467933945106337,0.2518346752980888,0.24807124495209698,4.35860422927548,4.336017452601009,4.386638254014647,4.357648936195607,0.18244643918306927,0.1799808966802769,0.18304090427216224,0.18144130737781053,0.0,0.0,0.0,0.0,0.0,0.0,0.0,0.0,12.843262042757488,12.771427666962955,13.051824676136835,12.913704356927536,0.0,0.0,0.0,0.0,6.0398886730782895,5.951060853825739,6.149193218542211,6.051359696826381,23.80026278358793,23.677595166392628,23.850984034561492,23.73839947191803,nan,nan,nan,nan,nan,nan,nan,nan,nan,nan,nan,nan,nan,nan,nan,nan
2,adam,adam,AdamW,,adam,,,requested,1.3,nan,nominal,0.003,additive,1.0,mse,0.09948087307221265,150,150,1.0,0.4759487936245701,0.47211262327931264,0.4791660888320364,0.4746824778312164,0.37646792055235745,0.3726317502071,0.3796852157598237,0.37520160475900377,0.2391855622091939,0.2366147790733381,0.24112128794031498,0.23792832100988476,4.300490856279915,4.277523997058787,4.33377971925903,4.298723086503241,0.1776919556981225,0.17492139760791403,0.1781132095059784,0.17665137732373265,0.0,0.0,0.0,0.0,0.0,0.0,0.0,0.0,12.759507437292644,12.543273992490294,12.853890459985822,12.692530647307557,0.0,0.0,0.0,0.0,6.004153760957215,5.913992400094433,6.105385110935652,6.013609854927714,23.668829683838947,23.572855806816523,23.738899818414666,23.64017591680665,nan,nan,nan,nan,nan,nan,nan,nan,nan,nan,nan,nan,nan,nan,nan,nan
2,adam,adam,AdamW,,adam,,,requested,1.3,nan,nominal,0.003,additive,1.0,mse,0.09948087307221265,160,160,1.0,0.4652713707854468,0.46170767571562676,0.4694373649148819,0.46445592482399134,0.36579049771323413,0.3622268026434141,0.36995649184266927,0.36497505175177875,0.23007069444181336,0.22768791890087436,0.23180161681235883,0.2289057393160271,4.246237763070439,4.222722676717146,4.273561922868065,4.244048563985645,0.173392793003323,0.170523069301597,0.17392661787535366,0.17238960534333087,0.0,0.0,0.0,0.0,0.0,0.0,0.0,0.0,12.797205883865923,12.587272626887756,13.037161045605519,12.80369456851491,0.0,0.0,0.0,0.0,5.975034555859234,5.877468735025678,6.076572134022843,5.980147394387633,23.57880341406932,23.445017419800084,23.650093031321518,23.543307412504678,nan,nan,nan,nan,nan,nan,nan,nan,nan,nan,nan,nan,nan,nan,nan,nan
2,adam,adam,AdamW,,adam,,,requested,1.3,nan,nominal,0.003,additive,1.0,mse,0.09948087307221265,170,170,1.0,0.4561420041456578,0.4523544067141603,0.4594662395296486,0.45537805796552433,0.35666113107344516,0.3528735336419476,0.35998536645743595,0.3558971848933117,0.2216201546569307,0.21974309267649855,0.2227633717064027,0.22072117513342193,4.19762061762073,4.172681486784606,4.218400048471098,4.193085179707309,0.16903172750711976,0.16727088671332552,0.16991959090150416,0.16865987771859287,0.0,0.0,0.0,0.0,0.0,0.0,0.0,0.0,12.965251998343106,12.811660256927112,13.186380260879991,12.980840026804316,0.0,0.0,0.0,0.0,5.9400265060471895,5.847841179428278,6.049567738771642,5.948880302584605,23.44510758912665,23.347254291366653,23.608227388254374,23.45117608056176,nan,nan,nan,nan,nan,nan,nan,nan,nan,nan,nan,nan,nan,nan,nan,nan
2,adam,adam,AdamW,,adam,,,requested,1.3,nan,nominal,0.003,additive,1.0,mse,0.09948087307221265,180,180,1.0,0.44840453225466753,0.4434501821332792,0.45012232972674204,0.447202561971605,0.3489236591824549,0.34396930906106654,0.3506414566545294,0.3477216888993923,0.21416690780790087,0.21187187185036485,0.2158302826992684,0.21343036501989068,4.149369199534365,4.119126148881318,4.169944523908258,4.141750197356551,0.16493347970503397,0.16431043576410975,0.1663135895343156,0.16541767547934566,0.0,0.0,0.0,0.0,0.0,0.0,0.0,0.0,12.784364963328821,12.612274416643283,12.956847525832998,12.80979449831244,0.0,0.0,0.0,0.0,5.906997065297398,5.821324044804346,6.0158185953145065,5.923302126792069,23.343534921887766,23.2289096393123,23.56272904114247,23.35960600056902,nan,nan,nan,nan,nan,nan,nan,nan,nan,nan,nan,nan,nan,nan,nan,nan
2,adam,adam,AdamW,,adam,,,requested,1.3,nan,nominal,0.003,additive,1.0,mse,0.09948087307221265,190,190,1.0,0.44122804313775893,0.43484780138884627,0.4428783752030987,0.4398067020275637,0.3417471700655463,0.3353669283166336,0.34339750213088605,0.34032582895535113,0.20773155933508192,0.2043584184550197,0.20970247835609554,0.2069520332335,4.105788846787576,4.070947735651833,4.1280154868705425,4.095849705183433,0.161539619349698,0.16093250493014188,0.16319065033396238,0.16237531602012734,0.0,0.0,0.0,0.0,0.0,0.0,0.0,0.0,12.772034305379453,12.499435918815621,12.914208966376487,12.699652092959749,0.0,0.0,0.0,0.0,5.8787889409794465,5.785636215798755,5.987352284128511,5.89598789792017,23.29031040545272,23.113359120218682,23.486519015358205,23.27195026577874,nan,nan,nan,nan,nan,nan,nan,nan,nan,nan,nan,nan,nan,nan,nan,nan
2,adam,adam,AdamW,,adam,,,requested,1.3,nan,nominal,0.003,additive,1.0,mse,0.09948087307221265,200,200,1.0,0.43456452711724003,0.42736197273658905,0.4372064282630701,0.4330086124978229,0.3350836540450274,0.3278810996643764,0.33772555519085745,0.33352773942561026,0.20168156736568016,0.1978476955028915,0.20492543066715113,0.20093634201589491,4.066354167628603,4.022533212662944,4.0900072417520095,4.054477971094847,0.1591902873123931,0.15779306901071227,0.16049025564912114,0.159597761435823,0.0,0.0,0.0,0.0,0.0,0.0,0.0,0.0,12.753356186756633,12.646531050818966,12.950726044946308,12.773145046319076,0.0,0.0,0.0,0.0,5.85323752731049,5.761184703052534,5.956562601698412,5.870280785800001,23.219313271877407,23.04261902493387,23.430833157168948,23.19021531841108,nan,nan,nan,nan,nan,nan,nan,nan,nan,nan,nan,nan,nan,nan,nan,nan
2,adam,adam,AdamW,,adam,,,requested,1.3,nan,nominal,0.003,additive,1.0,mse,0.09948087307221265,210,210,1.0,0.42874271216277904,0.4210377419519933,0.43145754648486423,0.4269083430258249,0.3292618390905664,0.32155686887978063,0.3319766734126516,0.32742746995361227,0.19649017164318539,0.19233690315356455,0.20016506912821294,0.19565316229775975,4.024310852725086,3.982014045189054,4.057496019901605,4.0163528905606105,0.15702389579653958,0.15467824166283956,0.15843323772318596,0.15704739183974187,0.0,0.0,0.0,0.0,0.0,0.0,0.0,0.0,12.61732611526138,12.393856640128426,12.882890012286051,12.655023632244179,0.0,0.0,0.0,0.0,5.831941456899494,5.739558334736637,5.9218961310209055,5.845083305574329,23.120261574177924,22.94305640670191,23.388967804961027,23.104280304261053,nan,nan,nan,nan,nan,nan,nan,nan,nan,nan,nan,nan,nan,nan,nan,nan
2,adam,adam,AdamW,,adam,,,requested,1.3,nan,nominal,0.003,additive,1.0,mse,0.09948087307221265,220,220,1.0,0.4237380134750707,0.4153989752069895,0.4248233958630658,0.421258905821785,0.324257140402858,0.31591810213477683,0.32534252279085313,0.32177803274957234,0.19215678061238106,0.18732651888595694,0.1955544441103294,0.1908040053898325,3.9836293152591624,3.947253033173883,4.024988363597383,3.9812378845483742,0.1551364706004274,0.15192546962977532,0.15617663612521807,0.15456906515593083,0.0,0.0,0.0,0.0,0.0,0.0,0.0,0.0,12.592761845652747,12.462518083199827,12.923256638740726,12.708167927592307,0.0,0.0,0.0,0.0,5.813648795176208,5.709620769080319,5.910997228215098,5.825005246700595,23.052377167272283,22.85304619939417,23.296890192136274,23.020763820847385,nan,nan,nan,nan,nan,nan,nan,nan,nan,nan,nan,nan,nan,nan,nan,nan
2,adam,adam,AdamW,,adam,,,requested,1.3,nan,nominal,0.003,additive,1.0,mse,0.09948087307221265,230,230,1.0,0.41795512097233933,0.41082088570207764,0.41924801125835154,0.41584409613521506,0.3184742479001267,0.311340012629865,0.3197671381861389,0.31636322306300235,0.18782306159438236,0.18349090703400667,0.19022876168970526,0.18617342582104401,3.9460154099989904,3.910456951229314,3.9850216352314356,3.945147614557598,0.15272776146857878,0.15000287789572572,0.15389380587293108,0.1521173877953489,0.0,0.0,0.0,0.0,0.0,0.0,0.0,0.0,12.51710553819506,12.218272110736219,12.631620387574252,12.415657030027074,0.0,0.0,0.0,0.0,5.797392518546319,5.679408905429045,5.896666780718306,5.804703374800656,22.972214355409747,22.795675683453815,23.191352924835243,22.93575852600585,nan,nan,nan,nan,nan,nan,nan,nan,nan,nan,nan,nan,nan,nan,nan,nan
2,adam,adam,AdamW,,adam,,,requested,1.3,nan,nominal,0.003,additive,1.0,mse,0.09948087307221265,240,240,1.0,0.4128409132393529,0.4068068554045253,0.4145195766743502,0.41117129530677365,0.31336004016714025,0.3073259823323127,0.31503870360213754,0.311690422234561,0.1836841166514138,0.18012168522966926,0.1859691057744784,0.18223684126278727,3.9117018297667556,3.8765742281042854,3.945164813536966,3.911673129958368,0.1506039642789089,0.14874714676421236,0.1517126521072311,0.15015132757042315,0.0,0.0,0.0,0.0,0.0,0.0,0.0,0.0,12.623431874345911,12.24309906489598,12.786386720846789,12.571147948940084,0.0,0.0,0.0,0.0,5.785084015437538,5.66452319014074,5.874015178127036,5.785619265369874,22.91745397978315,22.742806754876753,23.123368469709565,22.864298643616753,nan,nan,nan,nan,nan,nan,nan,nan,nan,nan,nan,nan,nan,nan,nan,nan
2,adam,adam,AdamW,,adam,,,requested,1.3,nan,nominal,0.003,additive,1.0,mse,0.09948087307221265,250,250,1.0,0.40813960216643463,0.40278740103312916,0.410462699028193,0.40687913051105795,0.308658729094222,0.3033065279609165,0.31098182595598034,0.3073982574388453,0.18000692571419533,0.17661217324007022,0.18227006143362007,0.17862601437749642,3.8789503179559883,3.8424609336010525,3.910608365401113,3.880187138600353,0.14876403129412283,0.14738321660232093,0.14980114708203862,0.14831957853723302,0.0,0.0,0.0,0.0,0.0,0.0,0.0,0.0,12.828864751453963,12.639643994201176,12.96509131353615,12.750740209891365,0.0,0.0,0.0,0.0,5.767091733554798,5.646773280698287,5.855291672749904,5.764993723767408,22.863676838646555,22.66262167731075,23.055307786866017,22.79136796978724,nan,nan,nan,nan,nan,nan,nan,nan,nan,nan,nan,nan,nan,nan,nan,nan
2,adam,adam,AdamW,,adam,,,requested,1.3,nan,nominal,0.003,additive,1.0,mse,0.09948087307221265,260,260,1.0,0.4040519053616907,0.3990334089526991,0.40650810064300136,0.4031069139904817,0.30457103228947807,0.29955253588048647,0.3070272275707887,0.30362604091826906,0.17691222369470275,0.17304896599411468,0.17903555344427355,0.17540454761370444,3.851794506603216,3.814870430880333,3.8840567104987924,3.8534531659873146,0.1472124240083507,0.14555633566154422,0.1483723837849933,0.14670356993831668,0.0,0.0,0.0,0.0,0.0,0.0,0.0,0.0,12.701240842862747,12.6031628765479,12.747261644892268,12.687487394873493,0.0,0.0,0.0,0.0,5.746963232222804,5.629669653716419,5.820933218595643,5.745820387507454,22.828285187170938,22.61013946694346,22.98177528409044,22.73074809871099,nan,nan,nan,nan,nan,nan,nan,nan,nan,nan,nan,nan,nan,nan,nan,nan
2,adam,adam,AdamW,,adam,,,requested,1.3,nan,nominal,0.003,additive,1.0,mse,0.09948087307221265,270,270,1.0,0.39997047505662053,0.3954527489405104,0.4028159994834911,0.3993932626864849,0.3004896019844079,0.29597187586829776,0.30333512641127847,0.29991238961427225,0.17359698480463276,0.1698854740413304,0.17595335872583287,0.17227748734006865,3.8251868188343114,3.793358791638408,3.857170495572805,3.827754538898424,0.1456508519184297,0.1437635100238913,0.1463411022255888,0.14496845389070864,0.0,0.0,0.0,0.0,0.0,0.0,0.0,0.0,12.820585056848081,12.667510973551012,12.90088450419741,12.759683910322359,0.0,0.0,0.0,0.0,5.724179570683553,5.613985763866255,5.797484281166063,5.7250159799366855,22.803670576874374,22.53611122220117,22.909397450494,22.672153686168574,nan,nan,nan,nan,nan,nan,nan,nan,nan,nan,nan,nan,nan,nan,nan,nan
2,adam,adam,AdamW,,adam,,,requested,1.3,nan,nominal,0.003,additive,1.0,mse,0.09948087307221265,280,280,1.0,0.3965035062077783,0.39220567633870684,0.3994733953818885,0.39607633789130303,0.29702263313556565,0.2927248032664942,0.2999925223096758,0.29659546481909044,0.1707844418748506,0.16724696256588092,0.17296190361245287,0.1694666955645086,3.8009248699667006,3.7709094923285833,3.834937351033644,3.8044273377827285,0.14378639768172927,0.14240147859318783,0.14491298397063102,0.14327776542541015,0.0,0.0,0.0,0.0,0.0,0.0,0.0,0.0,12.578296103974147,12.419875280327549,12.853383479887421,12.63548088392974,0.0,0.0,0.0,0.0,5.710576551222564,5.594693113838698,5.7751113901864475,5.70798790448424,22.774036533321034,22.49393090104124,22.865882025668395,22.629929521377896,nan,nan,nan,nan,nan,nan,nan,nan,nan,nan,nan,nan,nan,nan,nan,nan
2,adam,adam,AdamW,,adam,,,requested,1.3,nan,nominal,0.003,additive,1.0,mse,0.09948087307221265,290,290,1.0,0.39361318465989237,0.38976319989921115,0.39636282622950003,0.393187764615755,0.2941323115876797,0.2902823268269985,0.2968819531572874,0.2937068915435423,0.1687874249904171,0.16462655574060028,0.17069981466024792,0.16706440407431578,3.7805723963220013,3.7537568909876486,3.811916436709817,3.7846817050247363,0.14224049768985766,0.14131118462394993,0.14350882444538676,0.14178803297861603,0.0,0.0,0.0,0.0,0.0,0.0,0.0,0.0,12.592491105169335,12.417327880400922,12.746576333267365,12.587562502554654,0.0,0.0,0.0,0.0,5.694530576500563,5.5734574048431185,5.768355683721085,5.691133808525514,22.733250265895116,22.456095914873792,22.836407214637607,22.59455421598553,nan,nan,nan,nan,nan,nan,nan,nan,nan,nan,nan,nan,nan,nan,nan,nan
2,adam,adam,AdamW,,adam,,,requested,1.3,nan,nominal,0.003,additive,1.0,mse,0.09948087307221265,300,300,1.0,0.3908365639684088,0.38731456931211183,0.3937048641008667,0.39055937872257335,0.2913556908961962,0.2878336962398992,0.29422399102865404,0.2910785056503607,0.16671788164993193,0.16230300781063894,0.16839225788336853,0.16483583392972453,3.763711979048635,3.7356986405580317,3.793059770162931,3.766911747566069,0.14105569983549227,0.139961536838348,0.14211605352568388,0.14044824343862208,0.0,0.0,0.0,0.0,0.0,0.0,0.0,0.0,12.319578874263685,12.167859538477078,12.750425766143946,12.39947708091008,0.0,0.0,0.0,0.0,5.681134914933141,5.5563786112809845,5.762676363110058,5.675839358183509,22.683546280410038,22.447635235381966,22.797291990292507,22.565693334411492,nan,nan,nan,nan,nan,nan,nan,nan,nan,nan,nan,nan,nan,nan,nan,nan
2,adam,adam,AdamW,,adam,,,requested,1.3,nan,nominal,0.003,additive,1.0,mse,0.09948087307221265,310,310,1.0,0.388347748885716,0.38480261597928167,0.3909773789455775,0.3880937449174797,0.28886687581350334,0.285321742907069,0.29149650587336484,0.288612871845267,0.1646531828532492,0.16024236486912113,0.16631367475973574,0.1628259681587541,3.7484158440249287,3.720916905463376,3.773506950907138,3.74965299814641,0.13968303502792306,0.13882989067953477,0.14093100495697866,0.13922398855823906,0.0,0.0,0.0,0.0,0.0,0.0,0.0,0.0,12.474956866028514,12.365790725811129,12.729035167717692,12.457013387047486,0.0,0.0,0.0,0.0,5.665714754740108,5.534391964761357,5.751166973582908,5.658974814530113,22.640256247220705,22.41696074686069,22.748010407622253,22.528062493572065,nan,nan,nan,nan,nan,nan,nan,nan,nan,nan,nan,nan,nan,nan,nan,nan
2,adam,adam,AdamW,,adam,,,requested,1.3,nan,nominal,0.003,additive,1.0,mse,0.09948087307221265,320,320,1.0,0.3859783126910376,0.3826708237455,0.38844520834437574,0.385815637692569,0.28649743961882496,0.28318995067328734,0.2889643352721631,0.28633476462035634,0.1626598460900056,0.15838582335399043,0.16435343846202943,0.16097868380558844,3.731752425984286,3.7075847871462626,3.755077397373801,3.733020474100862,0.13855109253954312,0.13752383080990038,0.13983807184585825,0.13806562650863496,0.0,0.0,0.0,0.0,0.0,0.0,0.0,0.0,12.412705888275394,12.300970903066663,12.711255830579205,12.476372042292443,0.0,0.0,0.0,0.0,5.650891309642419,5.518018576780657,5.734713489305255,5.6454409539298265,22.591607247243353,22.379344889946097,22.7099358412044,22.49150060620586,nan,nan,nan,nan,nan,nan,nan,nan,nan,nan,nan,nan,nan,nan,nan,nan
2,adam,adam,AdamW,,adam,,,requested,1.3,nan,nominal,0.003,additive,1.0,mse,0.09948087307221265,330,330,1.0,0.3838663087788881,0.3806175772925348,0.3861910097799736,0.3838104135827087,0.28438543570667546,0.28113670422032216,0.28671013670776097,0.2843295405104961,0.1607416016481309,0.15682957057257513,0.16256283442023153,0.15934050891424034,3.718032263636981,3.6927887399509136,3.741820494616956,3.7188251072208627,0.13743283768245612,0.13628586542745602,0.1388586114726988,0.13698876886044506,0.0,0.0,0.0,0.0,0.0,0.0,0.0,0.0,12.31576653248503,12.215008531704669,12.416360215587572,12.349864696336375,0.0,0.0,0.0,0.0,5.640005372845392,5.508576405100422,5.718993938292209,5.6334497118093285,22.556007858977193,22.335424005989914,22.675211709354816,22.454981042815405,nan,nan,nan,nan,nan,nan,nan,nan,nan,nan,nan,nan,nan,nan,nan,nan
2,adam,adam,AdamW,,adam,,,requested,1.3,nan,nominal,0.003,additive,1.0,mse,0.09948087307221265,340,340,1.0,0.38215545658337313,0.37888934891870396,0.3845379487512004,0.38213584812153384,0.2826745835111605,0.2794084758464913,0.28505707567898775,0.2826549750493212,0.15919668833641212,0.15555108502738735,0.16098086609692103,0.15791115093103764,3.7039036888023302,3.679353820109967,3.729773168084008,3.7062188082484546,0.13649521136510306,0.13531113143967366,0.13783635081236617,0.1360579562333267,0.0,0.0,0.0,0.0,0.0,0.0,0.0,0.0,12.278999362774453,12.155975688138636,12.527269308839134,12.324780153709735,0.0,0.0,0.0,0.0,5.629733937489995,5.503176362700568,5.709066402222799,5.624007745787572,22.525883670692203,22.2828765657845,22.6405346590252,22.42357774764995,nan,nan,nan,nan,nan,nan,nan,nan,nan,nan,nan,nan,nan,nan,nan,nan
2,adam,adam,AdamW,,adam,,,requested,1.3,nan,nominal,0.003,additive,1.0,mse,0.09948087307221265,350,350,1.0,0.38071653880103107,0.37731204181055844,0.3830344115718015,0.38064326343550947,0.2812356657288184,0.2778311687383458,0.28355353849958886,0.28116239036329677,0.1577895735208835,0.15444260367895604,0.159634889006788,0.15660529249734978,3.691461853533833,3.6675956492790185,3.7197403094906405,3.6953316329507313,0.13568988020064082,0.1345385933790427,0.13706314952867282,0.13527971728375524,0.0,0.0,0.0,0.0,0.0,0.0,0.0,0.0,12.77056676556845,12.602455743115796,12.951680200993884,12.815406104207591,0.0,0.0,0.0,0.0,5.620245655801509,5.495407743277656,5.7016932765321595,5.614965982997273,22.488965837044965,22.242458725008063,22.6266761914818,22.397777423733785,nan,nan,nan,nan,nan,nan,nan,nan,nan,nan,nan,nan,nan,nan,nan,nan
2,adam,adam,AdamW,,adam,,,requested,1.3,nan,nominal,0.003,additive,1.0,mse,0.09948087307221265,360,360,1.0,0.3794092048800398,0.37592580366731904,0.3817422621568849,0.37933956184126827,0.27992833180782717,0.2764449305951064,0.28226138908467224,0.2798586887690556,0.15667937050651506,0.1535686688038532,0.15841630624072361,0.15552935356964767,3.682226344041118,3.6564896532136593,3.711884591298338,3.6856780638160567,0.13506416849590278,0.13392832124103726,0.13623204983569143,0.13460820016430025,0.0,0.0,0.0,0.0,0.0,0.0,0.0,0.0,12.485161961988108,12.21886078858624,12.737795512173355,12.508705113814687,0.0,0.0,0.0,0.0,5.6107922120560225,5.486112337838543,5.694761680676716,5.606388151140996,22.454546194955583,22.218679662458676,22.613863987983542,22.376252261966737,nan,nan,nan,nan,nan,nan,nan,nan,nan,nan,nan,nan,nan,nan,nan,nan
2,adam,adam,AdamW,,adam,,,requested,1.3,nan,nominal,0.003,additive,1.0,mse,0.09948087307221265,370,370,1.0,0.37832781653270114,0.3748354358607726,0.3806557329796194,0.3782232153090585,0.2788469434604885,0.27535456278855996,0.28117485990740676,0.2787423422368458,0.15572489765547265,0.152658601123329,0.15748118030769218,0.15460837091398888,3.673302208007036,3.6481198629363916,3.705386936430022,3.677330940148375,0.1344803542886775,0.13347420317259237,0.13561682273392087,0.1340433325447042,0.0,0.0,0.0,0.0,0.0,0.0,0.0,0.0,12.452411357374277,12.149014977864764,12.530461834197796,12.466413252284362,0.0,0.0,0.0,0.0,5.602703001017119,5.482535958509008,5.687896341430048,5.600115656570039,22.433267452406447,22.20401989519231,22.59599388652036,22.359210714558564,nan,nan,nan,nan,nan,nan,nan,nan,nan,nan,nan,nan,nan,nan,nan,nan
2,adam,adam,AdamW,,adam,,,requested,1.3,nan,nominal,0.003,additive,1.0,mse,0.09948087307221265,380,380,1.0,0.3773555850098045,0.37383883105095383,0.3795142289613234,0.3772013988030859,0.27787471193759183,0.2743579579787412,0.28003335588911077,0.2777205257308733,0.15485690324244344,0.15184319176914446,0.1566476274169845,0.1537777639489404,3.6654748819029064,3.6414005116742056,3.6975849354053616,3.6694781165286274,0.13387172731707814,0.13290278923758714,0.13513478513191526,0.1335011035490389,0.0,0.0,0.0,0.0,0.0,0.0,0.0,0.0,12.66708518032429,12.556716050274018,12.923072173761158,12.772425283587452,0.0,0.0,0.0,0.0,5.596029007411749,5.478829875465528,5.681146690176027,5.595118048320339,22.4129568005654,22.191863133617566,22.57424226785784,22.343201277045804,nan,nan,nan,nan,nan,nan,nan,nan,nan,nan,nan,nan,nan,nan,nan,nan
2,adam,adam,AdamW,,adam,,,requested,1.3,nan,nominal,0.003,additive,1.0,mse,0.09948087307221265,390,390,1.0,0.37651781033056464,0.37291974227465735,0.3785368904963435,0.37631136128971115,0.277036937258352,0.2734388692024447,0.27905601742413083,0.27683048821749845,0.15409741428395973,0.1511991700250945,0.15595041758262945,0.15307584593390475,3.658913612887033,3.6356638959228746,3.690526104308325,3.6629930144660015,0.1333565959473288,0.13244088102510979,0.13468494028152375,0.13302820900420792,0.0,0.0,0.0,0.0,0.0,0.0,0.0,0.0,12.62852405616844,12.164954866942367,12.72393357468989,12.514290550506413,0.0,0.0,0.0,0.0,5.5877924262766285,5.476016882860132,5.677528364867804,5.590447408751418,22.387634683018383,22.17126973873735,22.55904499340826,22.325095309607654,nan,nan,nan,nan,nan,nan,nan,nan,nan,nan,nan,nan,nan,nan,nan,nan
2,adam,adam,AdamW,,adam,,,requested,1.3,nan,nominal,0.003,additive,1.0,mse,0.09948087307221265,400,400,1.0,0.3757694373481703,0.3721691301756876,0.37774852201823333,0.3755661243487042,0.27628856427595766,0.27268825710347494,0.2782676489460207,0.2760852512764915,0.1534986544189223,0.1506255872520474,0.15526453200463847,0.15246780791595843,3.6534841696682987,3.6306207749074453,3.684099201311925,3.657307474351219,0.1329613700853875,0.1320537971188792,0.13427437453314375,0.13266748753397356,0.0,0.0,0.0,0.0,0.0,0.0,0.0,0.0,12.889522809793416,12.635607411455329,13.082882515166263,12.822519159038231,0.0,0.0,0.0,0.0,5.582195777989588,5.473764026605118,5.673730255162653,5.5869018976577145,22.369516459313417,22.149380427402665,22.549216205895853,22.310775468088245,nan,nan,nan,nan,nan,nan,nan,nan,nan,nan,nan,nan,nan,nan,nan,nan
2,adam,adam,AdamW,,adam,,,requested,1.3,nan,nominal,0.003,additive,1.0,mse,0.09948087307221265,410,410,1.0,0.3751115553529954,0.3715522496652872,0.377131509727853,0.37493476813402526,0.27563068228078275,0.27207137659307457,0.2776506366556403,0.2754538950618126,0.15298472999636956,0.15020993370993763,0.15467308018139075,0.15195644556349036,3.6483775455306153,3.6263943309062854,3.679737176159984,3.6524998119375303,0.1327000986964555,0.1317177095078409,0.13388901009179843,0.1323587886162133,0.0,0.0,0.0,0.0,0.0,0.0,0.0,0.0,12.111364875238912,11.993287552435994,12.396620046762152,12.238966554219914,0.0,0.0,0.0,0.0,5.576925324721179,5.469164454976702,5.6699435068749775,5.582829370240544,22.35875797184621,22.139421460998534,22.53774255183306,22.300859474437758,nan,nan,nan,nan,nan,nan,nan,nan,nan,nan,nan,nan,nan,nan,nan,nan
2,adam,adam,AdamW,,adam,,,requested,1.3,nan,nominal,0.003,additive,1.0,mse,0.09948087307221265,420,420,1.0,0.37458370386181905,0.37102999452656993,0.37658127829841387,0.37440431832310583,0.2751028307896064,0.2715491214543573,0.2771004052262012,0.27492344525089324,0.15259460871506592,0.14978014780721094,0.15424466808823875,0.1515428503707693,3.644696568848673,3.6220087365645908,3.6753021726418345,3.6483892115664367,0.13248720945513265,0.1314629703486867,0.1335852048605654,0.13209998094401215,0.0,0.0,0.0,0.0,0.0,0.0,0.0,0.0,12.182131245070853,11.930747537624006,12.388795860592664,12.139296569161772,0.0,0.0,0.0,0.0,5.573876111793412,5.465731345300572,5.666393773723568,5.579048798100502,22.351741821044875,22.132525278167268,22.525441256107406,22.293359289665986,nan,nan,nan,nan,nan,nan,nan,nan,nan,nan,nan,nan,nan,nan,nan,nan
2,adam,adam,AdamW,,adam,,,requested,1.3,nan,nominal,0.003,additive,1.0,mse,0.09948087307221265,430,430,1.0,0.3741550755299593,0.37061203634624695,0.3761507792144011,0.37396928009248853,0.27467420245774665,0.2711311632740343,0.27666990614218845,0.27448840702027594,0.1522519860132447,0.14941140180996199,0.15395062568806095,0.151200849153447,3.642263002376639,3.6181663084210243,3.67104115211668,3.6449469776740995,0.13228229128646074,0.13126338789203404,0.13336694995461207,0.13187965814401287,0.0,0.0,0.0,0.0,0.0,0.0,0.0,0.0,12.42648177890316,12.37528495964449,12.764877530770477,12.550361518464939,0.0,0.0,0.0,0.0,5.5707544848639845,5.463281266483364,5.664572199569104,5.575944897040085,22.346070478472512,22.126599134952293,22.51321026526816,22.28713718407782,nan,nan,nan,nan,nan,nan,nan,nan,nan,nan,nan,nan,nan,nan,nan,nan
2,adam,adam,AdamW,,adam,,,requested,1.3,nan,nominal,0.003,additive,1.0,mse,0.09948087307221265,440,440,1.0,0.3737684950589085,0.37022480691882154,0.3757951323779873,0.3736056859519022,0.2742876219866959,0.2707439338466089,0.27631425930577463,0.2741248128796896,0.15196068137261465,0.14910729939173675,0.1536838192535257,0.15091760584765782,3.6398555244405637,3.61526757687402,3.6682705932948405,3.6423113379458405,0.1320684899059374,0.13103838440385632,0.13322624694460394,0.13168498883652663,0.0,0.0,0.0,0.0,0.0,0.0,0.0,0.0,12.353800379736207,12.22205613282139,12.834552372104026,12.49643887488277,0.0,0.0,0.0,0.0,5.567237986142468,5.461657140572219,5.663177508900766,5.573366116717422,22.340279376456625,22.11645788508314,22.506437617821668,22.281226544693297,nan,nan,nan,nan,nan,nan,nan,nan,nan,nan,nan,nan,nan,nan,nan,nan
2,adam,adam,AdamW,,adam,,,requested,1.3,nan,nominal,0.003,additive,1.0,mse,0.09948087307221265,450,450,1.0,0.3734583575368515,0.36994771560989936,0.3755185834867244,0.3733280342378451,0.2739774844646389,0.2704668425376867,0.27603771041451175,0.2738471611656324,0.1517400254059736,0.14886159399690818,0.15347903727863688,0.15070184410359136,3.637763424241493,3.6134752893137825,3.666108155856854,3.640269459554988,0.13189803725657873,0.13086251996055492,0.13308111297631478,0.13152873449142277,0.0,0.0,0.0,0.0,0.0,0.0,0.0,0.0,12.54295353949429,12.259307539650232,12.777498136939155,12.465327493051957,0.0,0.0,0.0,0.0,5.565122130568747,5.460301600949347,5.660852799349573,5.5713606716126645,22.336462593002924,22.11151901323281,22.50268058587991,22.277200641877418,nan,nan,nan,nan,nan,nan,nan,nan,nan,nan,nan,nan,nan,nan,nan,nan
2,adam,adam,AdamW,,adam,,,requested,1.3,nan,nominal,0.003,additive,1.0,mse,0.09948087307221265,460,460,1.0,0.3732514674579064,0.36974833140361263,0.3753194295875407,0.3731251696039637,0.27377059438569373,0.2702674583314,0.27583855651532807,0.27364429653175104,0.15159014948186023,0.14870317624728283,0.15332358823519038,0.15054273118973638,3.636408631055161,3.612101307057585,3.664455894601386,3.6387918218851407,0.1317793678443112,0.13073757495601962,0.1329789090261853,0.13141538487119475,0.0,0.0,0.0,0.0,0.0,0.0,0.0,0.0,12.559952885915305,12.366034494860166,12.718870694247595,12.502505999179748,0.0,0.0,0.0,0.0,5.5634519154174935,5.459237106574859,5.6591293047822955,5.569826276081223,22.335089624279988,22.109341605549147,22.499349450639727,22.274860343128715,nan,nan,nan,nan,nan,nan,nan,nan,nan,nan,nan,nan,nan,nan,nan,nan
2,adam,adam,AdamW,,adam,,,requested,1.3,nan,nominal,0.003,additive,1.0,mse,0.09948087307221265,470,470,1.0,0.3731093684578951,0.3696072614900608,0.37517293793777456,0.37298261810991834,0.27362849538568246,0.27012638841784814,0.2756920648655619,0.2735017450377057,0.1514770689620818,0.14859739642045866,0.15320274869446981,0.15043170506615017,3.6352385649202534,3.6110475080534936,3.663430490918934,3.6377299667095118,0.13169914929687676,0.13066311572697578,0.1329104456377688,0.13134067404592503,0.0,0.0,0.0,0.0,0.0,0.0,0.0,0.0,12.285511198487098,12.070895385344155,12.59391231005916,12.330281412459318,0.0,0.0,0.0,0.0,5.562499974074437,5.458107451628788,5.657954657402442,5.5688397503875375,22.33373819842467,22.10721790531281,22.496523090716426,22.272550947576978,nan,nan,nan,nan,nan,nan,nan,nan,nan,nan,nan,nan,nan,nan,nan,nan
2,adam,adam,AdamW,,adam,,,requested,1.3,nan,nominal,0.003,additive,1.0,mse,0.09948087307221265,480,480,1.0,0.37299506467758375,0.36948679422714475,0.3750610505322563,0.3728680556383658,0.2735141916053711,0.2700059211549321,0.27558017746004365,0.2733871825661531,0.1513732857442655,0.14851552405673912,0.15311025534541844,0.1503404987763694,3.634174280318457,3.6101748854418676,3.662693649161847,3.6368497697515667,0.13163836060023323,0.13060266409657142,0.1328481291492912,0.1312788226748766,0.0,0.0,0.0,0.0,0.0,0.0,0.0,0.0,12.233140760227974,12.062110945272824,12.525200219204688,12.312643586697002,0.0,0.0,0.0,0.0,5.5618184826369195,5.457351161525576,5.6571570644106455,5.568122469877783,22.332414353050172,22.10599745610151,22.494458183257585,22.270704632489483,nan,nan,nan,nan,nan,nan,nan,nan,nan,nan,nan,nan,nan,nan,nan,nan
2,adam,adam,AdamW,,adam,,,requested,1.3,nan,nominal,0.003,additive,1.0,mse,0.09948087307221265,490,490,1.0,0.37290749613049884,0.36940557570363725,0.3749889502668815,0.37278581123110066,0.2734266230582862,0.2699247026314246,0.27550807719466885,0.273304938158888,0.15130324454523647,0.14845164588593496,0.15305351770134615,0.1502741980776163,3.633545811393513,3.6096029416878896,3.6621103143638845,3.636258554619933,0.13159007745023077,0.13055652593282235,0.1328046400301888,0.13123079870061552,0.0,0.0,0.0,0.0,0.0,0.0,0.0,0.0,12.400733744240156,12.003559071224927,12.718954739046172,12.390758785924355,0.0,0.0,0.0,0.0,5.561270412213624,5.456803407414027,5.6565465364083565,5.567563517307629,22.330652370485844,22.104827088966964,22.493136758737187,22.269281543621382,nan,nan,nan,nan,nan,nan,nan,nan,nan,nan,nan,nan,nan,nan,nan,nan
2,adam,adam,AdamW,,adam,,,requested,1.3,nan,nominal,0.003,additive,1.0,mse,0.09948087307221265,500,500,1.0,0.3728329521930822,0.36933032613693406,0.37492869401363565,0.37271554511971833,0.27335207912086956,0.2698494530647214,0.275447820941423,0.2732346720475056,0.15124088650962936,0.14839701427468976,0.15300378448867097,0.15021848308751728,3.633018028403514,3.609055048928691,3.6616342009888996,3.6357514943635025,0.1315478172901572,0.1305157084111973,0.13276311646591338,0.13118846976750054,0.0,0.0,0.0,0.0,0.0,0.0,0.0,0.0,12.608283274597703,11.982057397685917,12.670186674059362,12.397910465578748,0.0,0.0,0.0,0.0,5.560772926673736,5.45634341662828,5.65632050026073,5.5670854653098925,22.32930101642986,22.1038405297423,22.492122208456625,22.268230289392875,nan,nan,nan,nan,nan,nan,nan,nan,nan,nan,nan,nan,nan,nan,nan,nan
2,adam,adam,AdamW,,adam,,,requested,inf,nan,nominal,0.003,additive,1.0,mse,0.09948087307221265,0,0,1.0,1.3658141970481346,1.3658141970481346,1.3658141970481346,1.3658141970481346,1.266333323975922,1.266333323975922,1.266333323975922,1.266333323975922,1.0142169620491983,1.0142169620491983,1.0142169620491983,1.0142169620491983,6.972105888743615,6.972105888743615,6.972105888743615,6.972105888743615,0.6393082148548822,0.6393082148548822,0.6393082148548822,0.6393082148548822,0.0,0.0,0.0,0.0,0.0,0.0,0.0,0.0,0.0,0.0,0.0,0.0,0.0,0.0,0.0,0.0,6.9224601109148445,6.9224601109148445,6.9224601109148445,6.9224601109148445,23.97018795689393,23.97018795689393,23.97018795689393,23.97018795689393,nan,nan,nan,nan,nan,nan,nan,nan,nan,nan,nan,nan,nan,nan,nan,nan
2,adam,adam,AdamW,,adam,,,requested,inf,nan,nominal,0.003,additive,1.0,mse,0.09948087307221265,10,10,1.0,1.019922139425496,1.0180242606374685,1.0220477650121842,1.0200557494849043,0.9204412663532834,0.918543387565256,0.9225668919399715,0.9205748764126915,0.71618481065729,0.713685466897898,0.7177105423539067,0.7153778695472865,6.214274908114804,6.207941709468092,6.224894655108421,6.216399394699805,0.42307505864518724,0.41952854333887746,0.4254183027906606,0.42286877640918563,0.0,0.0,0.0,0.0,0.0,0.0,0.0,0.0,26.358811008935902,26.27464273339035,26.46686259857406,26.382079872478876,0.0,0.0,0.0,0.0,6.758821155274316,6.744678329461019,6.791825633626042,6.767585023491421,24.49041870111035,24.44043039314616,24.570455447319134,24.50512460792279,nan,nan,nan,nan,nan,nan,nan,nan,nan,nan,nan,nan,nan,nan,nan,nan
2,adam,adam,AdamW,,adam,,,requested,inf,nan,nominal,0.003,additive,1.0,mse,0.09948087307221265,20,20,1.0,0.8224870043004628,0.818851819965541,0.8243973566634176,0.8222930693346422,0.7230061312282501,0.7193709468933284,0.724916483591205,0.7228121962624294,0.5455123892503337,0.5417051028364682,0.5475494569333271,0.5453681732819858,5.660706725086717,5.655721493228794,5.666743897835254,5.6622031667068935,0.3083958997641003,0.3074279980879872,0.31197608313101793,0.3091060491711364,0.0,0.0,0.0,0.0,0.0,0.0,0.0,0.0,21.579177834092896,21.42565811846387,21.70838725636329,21.526159523882306,0.0,0.0,0.0,0.0,6.57573770593815,6.546246419124921,6.612111668321354,6.578926436719124,24.730794084934463,24.67945040585079,24.821579185811977,24.748457656065717,nan,nan,nan,nan,nan,nan,nan,nan,nan,nan,nan,nan,nan,nan,nan,nan
2,adam,adam,AdamW,,adam,,,requested,inf,nan,nominal,0.003,additive,1.0,mse,0.09948087307221265,30,30,1.0,0.7001259065923371,0.6986991124042069,0.7019800102252682,0.7005690415640199,0.6006450335201245,0.5992182393319943,0.6024991371530555,0.6010881684918071,0.4406633490661356,0.43901766966135414,0.4422351202394966,0.44083475830943775,5.24608418728956,5.230605492715211,5.252908149194783,5.24450777208495,0.2532566537658033,0.25277585236720734,0.2544839606800761,0.2535715876790311,0.0,0.0,0.0,0.0,0.0,0.0,0.0,0.0,18.52002625688523,18.387088721068416,18.80234456492071,18.562453382079692,0.0,0.0,0.0,0.0,6.389036937266114,6.35928666107999,6.424668191436101,6.389820215362172,24.739420640404198,24.692292546659893,24.831607166375633,24.771104261342142,nan,nan,nan,nan,nan,nan,nan,nan,nan,nan,nan,nan,nan,nan,nan,nan
2,adam,adam,AdamW,,adam,,,requested,inf,nan,nominal,0.003,additive,1.0,mse,0.09948087307221265,40,40,1.0,0.6142113321061844,0.6133945042401197,0.616420352221724,0.6148764176226078,0.5147304590339719,0.513913631167907,0.5169394791495112,0.5153955445503952,0.3672405552794522,0.3664076263687229,0.3689702254232787,0.3675206880179823,4.906554446315612,4.889663377879169,4.921044649268011,4.9066979782254725,0.22290022310519042,0.22225894879525238,0.22346887289135278,0.22280557242085508,0.0,0.0,0.0,0.0,0.0,0.0,0.0,0.0,17.049947829434927,16.977093623466576,17.125027578258077,17.03717463023165,0.0,0.0,0.0,0.0,6.197995107899145,6.163325966406049,6.222245840585137,6.199031895320883,24.61822931525911,24.51213652448237,24.739430630880097,24.64142878056997,nan,nan,nan,nan,nan,nan,nan,nan,nan,nan,nan,nan,nan,nan,nan,nan
2,adam,adam,AdamW,,adam,,,requested,inf,nan,nominal,0.003,additive,1.0,mse,0.09948087307221265,50,50,1.0,0.548014079196145,0.5462721771822421,0.5486800127228297,0.5479043057134865,0.4485332061239323,0.4467913041100294,0.4491991396506171,0.44842343264127393,0.3100259944756655,0.30918223540674145,0.31068733956744865,0.30996500787813425,4.614964023475681,4.605644467081012,4.629898283657872,4.617250782706121,0.20033624696557373,0.19987358688411197,0.20090329752741434,0.2003914630797671,0.0,0.0,0.0,0.0,0.0,0.0,0.0,0.0,16.091079632625046,16.00554242951486,16.13004979878021,16.03902477555279,0.0,0.0,0.0,0.0,6.004907973998522,5.986361765220923,6.0451956904364295,6.0163262548551915,24.359851221586666,24.22135900468914,24.45848594310683,24.375830332001534,nan,nan,nan,nan,nan,nan,nan,nan,nan,nan,nan,nan,nan,nan,nan,nan
2,adam,adam,AdamW,,adam,,,requested,inf,nan,nominal,0.003,additive,1.0,mse,0.09948087307221265,60,60,1.0,0.49440092999322566,0.493282538159557,0.4956617589218338,0.49458049487053746,0.394920056921013,0.3938016650873444,0.39618088584962113,0.3950996217983248,0.2634479659773843,0.2632102625541913,0.26488855686900736,0.2639231004251981,4.359449351938368,4.355354939221898,4.373774683525924,4.364098209451145,0.1811651224777609,0.1808724026381307,0.18177398139794126,0.18134831046009725,0.0,0.0,0.0,0.0,0.0,0.0,0.0,0.0,15.321739356452337,15.220695811177837,15.43531924308588,15.328494192041557,0.0,0.0,0.0,0.0,5.827374962350552,5.815370838511678,5.878054897049905,5.84876202850273,23.98281547539083,23.849027709244513,24.04866209586721,24.001495776477263,nan,nan,nan,nan,nan,nan,nan,nan,nan,nan,nan,nan,nan,nan,nan,nan
2,adam,adam,AdamW,,adam,,,requested,inf,nan,nominal,0.003,additive,1.0,mse,0.09948087307221265,70,70,1.0,0.45112263658736695,0.44947300912852206,0.4538353907297468,0.4516151406805117,0.3516417635151543,0.3499921360563094,0.3543545176575342,0.35213426760829897,0.22687110478516287,0.22596235011280053,0.22813832747458773,0.22689236698880585,4.13442701948954,4.122340189086212,4.144727815990108,4.136459675336307,0.1643953811980628,0.16337663959264653,0.16548380403266766,0.16443094294528926,0.0,0.0,0.0,0.0,0.0,0.0,0.0,0.0,14.926995735506793,14.884941358087739,14.996707058346859,14.949147928544567,0.0,0.0,0.0,0.0,5.667840127543384,5.6515652746826,5.738452734077789,5.694853725372704,23.53646790901398,23.494560067008504,23.61179586727778,23.594033297578886,nan,nan,nan,nan,nan,nan,nan,nan,nan,nan,nan,nan,nan,nan,nan,nan
2,adam,adam,AdamW,,adam,,,requested,inf,nan,nominal,0.003,additive,1.0,mse,0.09948087307221265,80,80,1.0,0.4156488807230292,0.4144631660335444,0.419023313286188,0.41633309410983116,0.31616800765081654,0.31498229296133173,0.3195424402139754,0.3168522210376185,0.19712056086671353,0.19534027292356176,0.19910266482284492,0.19684865268425367,3.9262024117990357,3.9109678278353512,3.93214969331844,3.9260725965876064,0.14966153953156297,0.14809408525062223,0.15026901439811413,0.14962856529940602,0.0,0.0,0.0,0.0,0.0,0.0,0.0,0.0,14.591144735317222,14.491486444294443,14.649545560387518,14.608631396363835,0.0,0.0,0.0,0.0,5.508908159812714,5.495976299444089,5.596177609262045,5.543208026102654,23.10468061175839,23.076929875067574,23.184334901776833,23.167855643514542,nan,nan,nan,nan,nan,nan,nan,nan,nan,nan,nan,nan,nan,nan,nan,nan
2,adam,adam,AdamW,,adam,,,requested,inf,nan,nominal,0.003,additive,1.0,mse,0.09948087307221265,90,90,1.0,0.38771862352528413,0.38539238085903305,0.38985497649162226,0.38751445592880707,0.2882377504530715,0.2859115077868204,0.2903741034194096,0.28803358285659447,0.1726990556696632,0.17099453368955897,0.17493814184599732,0.1724285035673765,3.7377568295050443,3.72046960543402,3.7422014840715905,3.736511167227,0.13748361629014572,0.13559278493821125,0.13821992836019295,0.1372649383665858,0.0,0.0,0.0,0.0,0.0,0.0,0.0,0.0,14.238893107824637,14.092476671920313,14.450364813937826,14.25358448857996,0.0,0.0,0.0,0.0,5.365478713460758,5.352555247679253,5.45593346633844,5.40021757026915,22.70260238858689,22.61462441333974,22.76975377162099,22.721403475256494,nan,nan,nan,nan,nan,nan,nan,nan,nan,nan,nan,nan,nan,nan,nan,nan
2,adam,adam,AdamW,,adam,,,requested,inf,nan,nominal,0.003,additive,1.0,mse,0.09948087307221265,100,100,1.0,0.3641965197294319,0.3617191103035831,0.3655994270773603,0.3636234215474805,0.26471564665721925,0.26223823723137046,0.26611855400514767,0.26414254847526786,0.15269193065149994,0.15142461355368253,0.15383251082569668,0.152368603945906,3.561386285953743,3.546570793803066,3.567340947638143,3.5606400379301846,0.12654087137636758,0.1254266083057342,0.12744358579912188,0.1265636716738796,0.0,0.0,0.0,0.0,0.0,0.0,0.0,0.0,13.88857277139813,13.841484671179726,14.005341213159287,13.914376549814488,0.0,0.0,0.0,0.0,5.2472774987238715,5.21366329596256,5.315352055799217,5.266644500274456,22.277377590236046,22.15463920802626,22.380254399788438,22.288331217459664,nan,nan,nan,nan,nan,nan,nan,nan,nan,nan,nan,nan,nan,nan,nan,nan
2,adam,adam,AdamW,,adam,,,requested,inf,nan,nominal,0.003,additive,1.0,mse,0.09948087307221265,110,110,1.0,0.3444296183553976,0.34224446817607773,0.34595876573023593,0.3441726813546323,0.24494874528318494,0.24276359510386508,0.24647789265802328,0.24469180828241968,0.13659740865643916,0.13591901945223928,0.13779811988544743,0.1364513849346582,3.3996740323930084,3.392815448054871,3.4145568914727242,3.4051860684368487,0.11815249282960447,0.11724779649105171,0.1186566097416758,0.11787506092723654,0.0,0.0,0.0,0.0,0.0,0.0,0.0,0.0,13.740066961502063,13.552854774182464,13.831554917443302,13.652216841739488,0.0,0.0,0.0,0.0,5.127296265545526,5.078798343804464,5.197936478429082,5.138389596135855,21.89771891958621,21.736496499343072,21.995627183811447,21.887631622592167,nan,nan,nan,nan,nan,nan,nan,nan,nan,nan,nan,nan,nan,nan,nan,nan
2,adam,adam,AdamW,,adam,,,requested,inf,nan,nominal,0.003,additive,1.0,mse,0.09948087307221265,120,120,1.0,0.32798853532854044,0.32594321596266096,0.328854171902929,0.3279161727950975,0.22850766225632782,0.2264623428904483,0.22937329883071633,0.22843529972288484,0.12374343817487346,0.12260791720080587,0.12456137688055469,0.12340117076950709,3.2615421373003284,3.2509313870123093,3.269139844655725,3.264678563554872,0.11092312848614339,0.11041620514249614,0.11135938537450255,0.11064774496629584,0.0,0.0,0.0,0.0,0.0,0.0,0.0,0.0,13.45910880958612,13.38513181998735,13.564289731895306,13.495979918127707,0.0,0.0,0.0,0.0,4.999346626202698,4.961073049513268,5.090958334702968,5.014334169729306,21.494004714620985,21.411250823116426,21.615667014686316,21.506142107610586,nan,nan,nan,nan,nan,nan,nan,nan,nan,nan,nan,nan,nan,nan,nan,nan
2,adam,adam,AdamW,,adam,,,requested,inf,nan,nominal,0.003,additive,1.0,mse,0.09948087307221265,130,130,1.0,0.31366005227381905,0.312628118114662,0.31491312556842765,0.314027301630526,0.2141791792016064,0.21314724504244936,0.21543225249621498,0.2145464285583133,0.11263625232239771,0.11208310066798002,0.11361443295318628,0.11261347071774086,3.136062974468892,3.1233876551907245,3.144462956291239,3.136117883711541,0.10483933487417416,0.10418605364454592,0.10502881305479451,0.1044917301635245,0.0,0.0,0.0,0.0,0.0,0.0,0.0,0.0,13.41297696306701,13.326789301709418,13.562485160418742,13.45073687753387,0.0,0.0,0.0,0.0,4.891687738437733,4.841388749853987,4.971667795216501,4.894174975686871,21.13046967061443,21.043843986530963,21.24274083641958,21.13848631433939,nan,nan,nan,nan,nan,nan,nan,nan,nan,nan,nan,nan,nan,nan,nan,nan
2,adam,adam,AdamW,,adam,,,requested,inf,nan,nominal,0.003,additive,1.0,mse,0.09948087307221265,140,140,1.0,0.30161786378069466,0.30071057363785414,0.30389796571103483,0.3022025561715978,0.20213699070848198,0.20122970056564152,0.20441709263882218,0.20272168309938515,0.10431901248552967,0.10267425117755258,0.10471638852195408,0.10373035861277068,3.0241037219015023,3.011940351842221,3.032346757956827,3.0222128719089643,0.0991195810920311,0.09836110871380892,0.1000497013210211,0.09911262266059899,0.0,0.0,0.0,0.0,0.0,0.0,0.0,0.0,13.319424210572574,13.264215057473368,13.399831044237274,13.327828889455757,0.0,0.0,0.0,0.0,4.778840152427277,4.738425229670061,4.85242113868118,4.781685138322302,20.753562365547683,20.697421565757224,20.888098955879634,20.77059092332723,nan,nan,nan,nan,nan,nan,nan,nan,nan,nan,nan,nan,nan,nan,nan,nan
2,adam,adam,AdamW,,adam,,,requested,inf,nan,nominal,0.003,additive,1.0,mse,0.09948087307221265,150,150,1.0,0.29224556645612215,0.2905662978125023,0.2941989894864057,0.29207339200746324,0.1927646933839095,0.1910854247402897,0.19471811641419307,0.19259251893525056,0.09670011718840797,0.09512610993641635,0.0976760873302035,0.09617065252236627,2.9260784168014164,2.909136312016749,2.9352501779952718,2.9189649962952835,0.09453850253720042,0.09362629599607832,0.0954235103445409,0.09454374058373635,0.0,0.0,0.0,0.0,0.0,0.0,0.0,0.0,13.212264438507752,13.106952992795252,13.282484851962177,13.22993384053178,0.0,0.0,0.0,0.0,4.681615731961525,4.648199223837437,4.735624832289865,4.675892090786602,20.420483749707035,20.388092474001063,20.546155530181256,20.433139912334116,nan,nan,nan,nan,nan,nan,nan,nan,nan,nan,nan,nan,nan,nan,nan,nan
2,adam,adam,AdamW,,adam,,,requested,inf,nan,nominal,0.003,additive,1.0,mse,0.09948087307221265,160,160,1.0,0.2837060864495029,0.2812924094301668,0.2848253137398352,0.2829268857263396,0.18422521337729025,0.18181153635795416,0.18534444066762257,0.18344601265412697,0.0900167495248014,0.08871526984423897,0.09082575192729832,0.08959323321948531,2.829324807382428,2.8107373213760383,2.844292209714524,2.8216032805359657,0.09080272256063862,0.08970155983690606,0.09093913741455902,0.09043554825584138,0.0,0.0,0.0,0.0,0.0,0.0,0.0,0.0,13.108437525854576,13.067612637094696,13.192036639837053,13.115275581234059,0.0,0.0,0.0,0.0,4.582890548752733,4.548994015782503,4.6066954278735075,4.572235446380407,20.08488848289862,20.011055400255803,20.187956563812964,20.087489293612414,nan,nan,nan,nan,nan,nan,nan,nan,nan,nan,nan,nan,nan,nan,nan,nan
2,adam,adam,AdamW,,adam,,,requested,inf,nan,nominal,0.003,additive,1.0,mse,0.09948087307221265,170,170,1.0,0.2760942791050422,0.2732916844994161,0.27639891216123635,0.2749112042266859,0.17661340603282955,0.17381081142720342,0.17691803908902373,0.17543033115447326,0.08442240341630726,0.08261903249152433,0.0851179339175578,0.08406790055445881,2.7374591497441214,2.719644200043716,2.756556781383452,2.7315971800280137,0.08713968550175845,0.0865552431885719,0.08770094321998802,0.08692683499482551,0.0,0.0,0.0,0.0,0.0,0.0,0.0,0.0,13.074129636633355,12.994522052535041,13.153065431265517,13.093751198958806,0.0,0.0,0.0,0.0,4.490311557449488,4.456732617497526,4.501320356024626,4.476547860175526,19.77113909314609,19.69406801034036,19.886912233978286,19.793132889079057,nan,nan,nan,nan,nan,nan,nan,nan,nan,nan,nan,nan,nan,nan,nan,nan
2,adam,adam,AdamW,,adam,,,requested,inf,nan,nominal,0.003,additive,1.0,mse,0.09948087307221265,180,180,1.0,0.26863151123968876,0.2662201803717231,0.2693186939704311,0.2678521838389255,0.16915063816747614,0.16673930729951048,0.16983782089821847,0.16837131076671286,0.07923411847208826,0.07777902012693619,0.0805696258815912,0.07934404642213166,2.654950978082667,2.63833144156108,2.6719084634491006,2.6511399560594273,0.08385726247451995,0.0829778370378978,0.08479509731559084,0.08375635704064852,0.0,0.0,0.0,0.0,0.0,0.0,0.0,0.0,13.03442729293024,13.003717035861756,13.052954692093792,13.02606847242863,0.0,0.0,0.0,0.0,4.405658230435457,4.363599139355731,4.415808447718044,4.385010453314962,19.516670151744243,19.409620918892607,19.585009350242153,19.518858459546905,nan,nan,nan,nan,nan,nan,nan,nan,nan,nan,nan,nan,nan,nan,nan,nan
2,adam,adam,AdamW,,adam,,,requested,inf,nan,nominal,0.003,additive,1.0,mse,0.09948087307221265,190,190,1.0,0.262384341743441,0.25996320887843205,0.2630595483666082,0.2617344914028987,0.16290346867122835,0.1604823358062194,0.16357867529439557,0.16225361833068602,0.07522905794659727,0.07389642328787716,0.07686401563699764,0.07558600038030766,2.5840043440000926,2.5678979788017697,2.6001218870371137,2.580698319145329,0.08122009170302763,0.08036741084265718,0.08230191189505784,0.08123492211695493,0.0,0.0,0.0,0.0,0.0,0.0,0.0,0.0,13.054256567659163,13.028920166819006,13.103363201038096,13.057843412293646,0.0,0.0,0.0,0.0,4.3186191376673415,4.267272943185086,4.330916069887159,4.296349705070027,19.267864204814572,19.18148735632347,19.33023511495568,19.276009096638145,nan,nan,nan,nan,nan,nan,nan,nan,nan,nan,nan,nan,nan,nan,nan,nan
2,adam,adam,AdamW,,adam,,,requested,inf,nan,nominal,0.003,additive,1.0,mse,0.09948087307221265,200,200,1.0,0.25680754391705524,0.25476812707110374,0.25742973436302735,0.2562151058390264,0.1573266708448426,0.15528725399889112,0.1579488612908147,0.1567342327668137,0.07164732247181416,0.07075991245245912,0.07349791061965949,0.07219732571269125,2.5216535883040825,2.50331522080212,2.537275895484592,2.5158755861042765,0.07869596033401424,0.07816880842134467,0.07966071800410758,0.0789339539024593,0.0,0.0,0.0,0.0,0.0,0.0,0.0,0.0,12.93845225932633,12.915840690949622,12.97413471069832,12.946991986838842,0.0,0.0,0.0,0.0,4.229442722993026,4.176046311018399,4.249380373959433,4.210723147253054,19.007955005817188,18.947927002462706,19.078949162942045,19.021341689595815,nan,nan,nan,nan,nan,nan,nan,nan,nan,nan,nan,nan,nan,nan,nan,nan
2,adam,adam,AdamW,,adam,,,requested,inf,nan,nominal,0.003,additive,1.0,mse,0.09948087307221265,210,210,1.0,0.25165076372733625,0.24994636614803106,0.25229435266470507,0.2511802374719491,0.1521698906551236,0.1504654930758184,0.15281347959249242,0.15169936439973647,0.06853503861746921,0.06793476155213397,0.07064339354568491,0.06920979030836849,2.463171429014122,2.4464361895778213,2.473737413183634,2.455689900380988,0.07664641477598921,0.07600824632967144,0.07749203239238756,0.07689579300386082,0.0,0.0,0.0,0.0,0.0,0.0,0.0,0.0,12.963780225848968,12.806564946958192,13.100430701751213,12.967616819532145,0.0,0.0,0.0,0.0,4.141178744108994,4.0925791049878315,4.17013693337295,4.12742978470142,18.78011019122972,18.75305684802627,18.894642453779497,18.802174501036987,nan,nan,nan,nan,nan,nan,nan,nan,nan,nan,nan,nan,nan,nan,nan,nan
2,adam,adam,AdamW,,adam,,,requested,inf,nan,nominal,0.003,additive,1.0,mse,0.09948087307221265,220,220,1.0,0.24710998408865464,0.2455841509237782,0.24759061378828745,0.24658184942154088,0.147629111016442,0.14610327785156554,0.1481097407160748,0.14710097634932823,0.06610164372353422,0.06575068006755797,0.06785791496887111,0.06666943430514909,2.4121074097982382,2.3897894001992093,2.4177143415923035,2.4017598148140715,0.07455391456001914,0.07422265128635519,0.0756871800635137,0.07507895380299073,0.0,0.0,0.0,0.0,0.0,0.0,0.0,0.0,12.89619506492262,12.822375464890301,12.929119508295976,12.891836618245536,0.0,0.0,0.0,0.0,4.061746723579652,4.011983607113633,4.090264630185869,4.048927684997025,18.61687632208608,18.513394797802988,18.647686017674477,18.592842835198542,nan,nan,nan,nan,nan,nan,nan,nan,nan,nan,nan,nan,nan,nan,nan,nan
2,adam,adam,AdamW,,adam,,,requested,inf,nan,nominal,0.003,additive,1.0,mse,0.09948087307221265,230,230,1.0,0.24293697963325225,0.24174418251586152,0.24326691999444738,0.24243789397202564,0.1434561065610396,0.14226330944364887,0.14378604692223473,0.142957020899813,0.06390985120898393,0.06382298205040839,0.06543553104469706,0.06440428601512924,2.3601421059847825,2.3331459228097096,2.36987548016629,2.3517447579466246,0.07311805496290244,0.07292280046629504,0.07396469884221699,0.07356051031883237,0.0,0.0,0.0,0.0,0.0,0.0,0.0,0.0,13.023597062481613,12.94072721009968,13.092094120378986,12.985435700414236,0.0,0.0,0.0,0.0,3.9818586092023107,3.9390216218070666,4.022778567345004,3.9739254300333084,18.451487537472772,18.299719071672683,18.477900048950726,18.40113839404892,nan,nan,nan,nan,nan,nan,nan,nan,nan,nan,nan,nan,nan,nan,nan,nan
2,adam,adam,AdamW,,adam,,,requested,inf,nan,nominal,0.003,additive,1.0,mse,0.09948087307221265,240,240,1.0,0.23914919584065425,0.23783194917095804,0.23961263694059887,0.23862509626923017,0.1396683227684416,0.1383510760987454,0.14013176386838622,0.13914422319701752,0.06216058899690778,0.06174997304257619,0.0633191930081456,0.06236701095303364,2.309886150609156,2.2820141277196386,2.3278869972722815,2.3046407499121058,0.07164040163268232,0.07143937529274774,0.07213406781802038,0.07193486296084714,0.0,0.0,0.0,0.0,0.0,0.0,0.0,0.0,12.88136537725785,12.836841286950095,12.97786851754467,12.937201925434755,0.0,0.0,0.0,0.0,3.9126736279574263,3.870210376459589,3.9560813016648986,3.904195648663798,18.2801315918599,18.094637890814425,18.2981489101145,18.220572942475968,nan,nan,nan,nan,nan,nan,nan,nan,nan,nan,nan,nan,nan,nan,nan,nan
2,adam,adam,AdamW,,adam,,,requested,inf,nan,nominal,0.003,additive,1.0,mse,0.09948087307221265,250,250,1.0,0.23569239448661525,0.23413303510100258,0.23632818819663637,0.23514515976727746,0.1362115214144026,0.13465216202878993,0.13684731512442372,0.1356642866950648,0.06047502323164577,0.059860590317076856,0.0612522473021097,0.060509790521511286,2.261400654747141,2.237814247245371,2.290180880656769,2.2607751063129364,0.07013717779344883,0.06987759755381343,0.07095874854040943,0.07041581063113111,0.0,0.0,0.0,0.0,0.0,0.0,0.0,0.0,12.919160660329746,12.856083932317507,13.002867512379488,12.93121133135152,0.0,0.0,0.0,0.0,3.8479166363576347,3.8127734654312277,3.898068779031155,3.84446618667737,18.120834072497225,17.930797230047386,18.13117558715831,18.04881576262866,nan,nan,nan,nan,nan,nan,nan,nan,nan,nan,nan,nan,nan,nan,nan,nan
2,adam,adam,AdamW,,adam,,,requested,inf,nan,nominal,0.003,additive,1.0,mse,0.09948087307221265,260,260,1.0,0.23259499433737296,0.23077852221304496,0.23335121663641162,0.2320311285654042,0.1331141212651603,0.1312976491408323,0.13387034356419897,0.13255025549319155,0.05887399897288365,0.05807092731707766,0.05989390965191277,0.05891658560716524,2.2176945798654986,2.194310580363623,2.2502043376872685,2.219300315567671,0.0691748263752115,0.06869225663565692,0.06989464466523705,0.06923119289523555,0.0,0.0,0.0,0.0,0.0,0.0,0.0,0.0,13.068338260859697,12.857772893197405,13.111210595184517,13.015359948582354,0.0,0.0,0.0,0.0,3.787223729405247,3.7573719210807086,3.8408969381352125,3.787443549406008,17.941597817149045,17.783255467918515,17.967375681435033,17.878546729737657,nan,nan,nan,nan,nan,nan,nan,nan,nan,nan,nan,nan,nan,nan,nan,nan
2,adam,adam,AdamW,,adam,,,requested,inf,nan,nominal,0.003,additive,1.0,mse,0.09948087307221265,270,270,1.0,0.22994973391339835,0.22790764560808882,0.23038517966187938,0.22928146150301126,0.1304688608411857,0.12842677253587617,0.13090430658966673,0.1298005884307986,0.05731419863491377,0.056691401172803225,0.058585189130657196,0.05752391681185855,2.17863545969902,2.1564446090111815,2.209658220389046,2.1822269752994723,0.06824735939301038,0.06771095344544743,0.06856086838593277,0.06815134809403409,0.0,0.0,0.0,0.0,0.0,0.0,0.0,0.0,12.772461008672483,12.716831093612436,12.844400086187235,12.790777169420645,0.0,0.0,0.0,0.0,3.7427733182620297,3.704727804868134,3.795563503384181,3.738956286448463,17.764888690142957,17.635037493504168,17.821425539226535,17.727717386839007,nan,nan,nan,nan,nan,nan,nan,nan,nan,nan,nan,nan,nan,nan,nan,nan
2,adam,adam,AdamW,,adam,,,requested,inf,nan,nominal,0.003,additive,1.0,mse,0.09948087307221265,280,280,1.0,0.227409483999913,0.22532155115711355,0.22791333626692095,0.22681061664207586,0.12792861092770036,0.1258406780849009,0.1284324631947083,0.1273297435698632,0.05600907768495439,0.05557594319635628,0.05729885537535864,0.05627449829650713,2.1449569993349265,2.124047126558075,2.172877374813298,2.14951405064605,0.0671566340130095,0.06666820517383205,0.06765832676822982,0.0671144883310739,0.0,0.0,0.0,0.0,0.0,0.0,0.0,0.0,12.855451674318438,12.77740228465823,13.039487009224306,12.89876759626925,0.0,0.0,0.0,0.0,3.70058774366185,3.658151183470523,3.7490334274992314,3.6941359679469055,17.597919352352626,17.485990585921478,17.68410799515712,17.58465506538559,nan,nan,nan,nan,nan,nan,nan,nan,nan,nan,nan,nan,nan,nan,nan,nan
2,adam,adam,AdamW,,adam,,,requested,inf,nan,nominal,0.003,additive,1.0,mse,0.09948087307221265,290,290,1.0,0.22502921260862718,0.2229461004093034,0.22575092872604155,0.22446511248118214,0.12554833953641453,0.12346522733709077,0.1262700556538289,0.12498423940896951,0.054886346065481345,0.05446847617866447,0.056004799204018796,0.05510673346978547,2.115084053803206,2.091832319102879,2.142386939613231,2.1186922245023445,0.06609756750147276,0.06559782398950814,0.06662965729925964,0.06605786076168402,0.0,0.0,0.0,0.0,0.0,0.0,0.0,0.0,12.85819295646096,12.810006133000442,12.897020794620312,12.857794035198047,0.0,0.0,0.0,0.0,3.6610594180930915,3.615163363208036,3.7057188524923492,3.6510807689764797,17.448484127149726,17.35897776779536,17.552415307446186,17.457126281959468,nan,nan,nan,nan,nan,nan,nan,nan,nan,nan,nan,nan,nan,nan,nan,nan
2,adam,adam,AdamW,,adam,,,requested,inf,nan,nominal,0.003,additive,1.0,mse,0.09948087307221265,300,300,1.0,0.22286139237847433,0.22067408369114,0.223666956277181,0.22227425081119662,0.12338051930626168,0.12119321061892735,0.12418608320496835,0.12279337773898398,0.05387880961857036,0.05341781056763685,0.05488185849216942,0.05406346802819142,2.0874070112896312,2.0594106956796834,2.1130106037920844,2.0891209273772193,0.06520175297187913,0.0647060697319527,0.06550025654148518,0.06505306029999539,0.0,0.0,0.0,0.0,0.0,0.0,0.0,0.0,12.95076785502433,12.85566543056871,13.062758137798044,12.945367066600458,0.0,0.0,0.0,0.0,3.618086246979532,3.5737786906874778,3.663697382520861,3.60896850664008,17.319791852203444,17.27195497991765,17.404305412326035,17.337834666851265,nan,nan,nan,nan,nan,nan,nan,nan,nan,nan,nan,nan,nan,nan,nan,nan
2,adam,adam,AdamW,,adam,,,requested,inf,nan,nominal,0.003,additive,1.0,mse,0.09948087307221265,310,310,1.0,0.22097109806245652,0.21863986741668695,0.22161544863843544,0.22027583267855655,0.12149022499024387,0.1191589943444743,0.12213457556622279,0.1207949596063439,0.052946019768267745,0.05255609337793414,0.053917848620463435,0.05315743723521764,2.06311618225652,2.0329625575236743,2.0883565894893175,2.0633988095712867,0.06426556802341955,0.06386616017259347,0.06441614906097505,0.06406974491194217,0.0,0.0,0.0,0.0,0.0,0.0,0.0,0.0,12.865351004622763,12.840334388826635,12.944732188268699,12.90031200864017,0.0,0.0,0.0,0.0,3.5768665507161552,3.535227641147655,3.6223311141333783,3.5683058444458693,17.223113952080226,17.135461950465174,17.28718854266877,17.229991026121617,nan,nan,nan,nan,nan,nan,nan,nan,nan,nan,nan,nan,nan,nan,nan,nan
2,adam,adam,AdamW,,adam,,,requested,inf,nan,nominal,0.003,additive,1.0,mse,0.09948087307221265,320,320,1.0,0.2193359891790771,0.2167030940916385,0.21971385451434716,0.21849741673234518,0.11985511610686446,0.11722222101942584,0.12023298144213451,0.11901654366013253,0.052131499607548495,0.05164025723414327,0.05302907576493232,0.05230957664829022,2.041242042479033,2.0118937433149178,2.0665279740749045,2.040548053788547,0.0634106551986762,0.06299228304214365,0.06366364894141546,0.06320961727895616,0.0,0.0,0.0,0.0,0.0,0.0,0.0,0.0,12.866848186489833,12.73783532700283,12.99462597067506,12.891934908656829,0.0,0.0,0.0,0.0,3.5409593115285576,3.497906102643441,3.5885892910391584,3.533309916567303,17.13922640664518,17.041378193058435,17.193649240502054,17.135846635629683,nan,nan,nan,nan,nan,nan,nan,nan,nan,nan,nan,nan,nan,nan,nan,nan
2,adam,adam,AdamW,,adam,,,requested,inf,nan,nominal,0.003,additive,1.0,mse,0.09948087307221265,330,330,1.0,0.21789148691301394,0.21513878526089417,0.21806993925114534,0.21695155226369223,0.11841061384080129,0.11565791218868152,0.1185890661789327,0.11747067919147956,0.05137027593751052,0.0508810804795859,0.05221548181525658,0.05155848784114213,2.0207674129685445,1.9934749746992046,2.0478469046632557,2.020567588338534,0.06270249660173487,0.062080660850658935,0.06291853208869108,0.06245642952470228,0.0,0.0,0.0,0.0,0.0,0.0,0.0,0.0,12.810334307559952,12.709806481959877,12.947645979416933,12.833643377178156,0.0,0.0,0.0,0.0,3.511409389232411,3.464169090813601,3.55702170187952,3.502361867578761,17.05847983369312,16.959376068466938,17.118076494049678,17.056762564382147,nan,nan,nan,nan,nan,nan,nan,nan,nan,nan,nan,nan,nan,nan,nan,nan
2,adam,adam,AdamW,,adam,,,requested,inf,nan,nominal,0.003,additive,1.0,mse,0.09948087307221265,340,340,1.0,0.21647981818587486,0.21383916454376786,0.21663097922676075,0.2155616758966097,0.11699894511366223,0.11435829147155521,0.1171501061545481,0.11608080282439708,0.050729028101077135,0.050171500116096515,0.05161802992423681,0.05088763070540593,2.0017580873364924,1.9773536085910435,2.030606288354556,2.002838607008832,0.06185375437215136,0.06150393644746582,0.062380727434093036,0.061818033259291916,0.0,0.0,0.0,0.0,0.0,0.0,0.0,0.0,12.79055372721076,12.74566444732235,12.996225655082377,12.845883748525806,0.0,0.0,0.0,0.0,3.4881822630900547,3.429532316747687,3.524506218020882,3.472919787221055,16.979565517446897,16.889501355070916,17.035960935084777,16.980305011981603,nan,nan,nan,nan,nan,nan,nan,nan,nan,nan,nan,nan,nan,nan,nan,nan
2,adam,adam,AdamW,,adam,,,requested,inf,nan,nominal,0.003,additive,1.0,mse,0.09948087307221265,350,350,1.0,0.21521595578754715,0.21265513121116392,0.21530683123190758,0.21431025062717515,0.11573508271533452,0.11317425813895125,0.11582595815969494,0.11482937755496252,0.05008624847217903,0.04961150793455215,0.05104343878122039,0.050300760363281856,1.984383280142175,1.9619633228086404,2.014460115049448,1.986329045531467,0.06121131514159854,0.060936446245130865,0.061743360948420783,0.06124403068110233,0.0,0.0,0.0,0.0,0.0,0.0,0.0,0.0,12.790802330044759,12.743685008446555,12.814138718436638,12.805637505418723,0.0,0.0,0.0,0.0,3.465777520164029,3.3980931154453677,3.4936064872680483,3.4469374718363457,16.908546540811198,16.819495783609778,16.960791485924684,16.906283354466552,nan,nan,nan,nan,nan,nan,nan,nan,nan,nan,nan,nan,nan,nan,nan,nan
2,adam,adam,AdamW,,adam,,,requested,inf,nan,nominal,0.003,additive,1.0,mse,0.09948087307221265,360,360,1.0,0.21412378704986462,0.21153022064936164,0.214250196958336,0.21322367301038858,0.11464291397765199,0.11204934757714899,0.11476932388612335,0.11374279993817592,0.04962073352080634,0.0492051931904748,0.05043290547642133,0.049824099821446234,1.9700031311412936,1.9480275031070555,1.9996717044920738,1.9716369143343173,0.06074398470323153,0.060364306230234366,0.06116466469189223,0.06073914935977028,0.0,0.0,0.0,0.0,0.0,0.0,0.0,0.0,12.862170066805735,12.779586740447444,13.044271462406595,12.875634659341472,0.0,0.0,0.0,0.0,3.44314136627525,3.376439979264624,3.4682327993097255,3.4247024991986965,16.852284256873304,16.766276665276898,16.903926855346597,16.8483832145029,nan,nan,nan,nan,nan,nan,nan,nan,nan,nan,nan,nan,nan,nan,nan,nan
2,adam,adam,AdamW,,adam,,,requested,inf,nan,nominal,0.003,additive,1.0,mse,0.09948087307221265,370,370,1.0,0.21309814906085828,0.21055831625229238,0.213285681511223,0.21225578594629402,0.11361727598864563,0.11107744318007974,0.11380480843901036,0.11277491287408134,0.04925070728872809,0.04886578784213112,0.04992196189268511,0.04943394629285503,1.9576791905626576,1.937344263499206,1.9859858847587135,1.95875012011641,0.06031869351974873,0.05985950914731196,0.060578148488723456,0.060272298316908814,0.0,0.0,0.0,0.0,0.0,0.0,0.0,0.0,12.955165836918482,12.687800544614115,13.039423346273825,12.882025482599548,0.0,0.0,0.0,0.0,3.4207753686719915,3.358441242995453,3.446078062431395,3.4037505891076885,16.792314642025985,16.723152286778188,16.866749536816304,16.798508165694066,nan,nan,nan,nan,nan,nan,nan,nan,nan,nan,nan,nan,nan,nan,nan,nan
2,adam,adam,AdamW,,adam,,,requested,inf,nan,nominal,0.003,additive,1.0,mse,0.09948087307221265,380,380,1.0,0.2122595559648902,0.20974434674189296,0.21239013097905926,0.21140743548471957,0.11277868289267755,0.11026347366968033,0.11290925790684661,0.11192656241250691,0.04892649891165654,0.048572892179598384,0.04948337141187558,0.04908451085898065,1.9468004406433845,1.9276794856916104,1.973780387301902,1.9475248170728379,0.05992914485551508,0.05942052209979892,0.06014081780271502,0.05986255497938396,0.0,0.0,0.0,0.0,0.0,0.0,0.0,0.0,12.907330878235333,12.824645569810517,12.93341846963131,12.879873526603376,0.0,0.0,0.0,0.0,3.402433929632803,3.3401566396689377,3.4271181927739347,3.385358869423192,16.74718904516363,16.68130630540274,16.84018922973079,16.757270618747956,nan,nan,nan,nan,nan,nan,nan,nan,nan,nan,nan,nan,nan,nan,nan,nan
2,adam,adam,AdamW,,adam,,,requested,inf,nan,nominal,0.003,additive,1.0,mse,0.09948087307221265,390,390,1.0,0.21148523103833194,0.20901484185850205,0.2116682866441302,0.21065711646024424,0.11200435796611928,0.10953396878628939,0.11218741357191755,0.11117624338803159,0.048647114570570346,0.048284296775879205,0.04917757353010982,0.04878882116399817,1.9373714600960343,1.9181096924113281,1.9634570469015102,1.937897354027763,0.05957321474933474,0.05905424403673491,0.059806775195353386,0.05951103955571897,0.0,0.0,0.0,0.0,0.0,0.0,0.0,0.0,12.974872586876497,12.929637205807703,13.002208276460447,12.971758655968333,0.0,0.0,0.0,0.0,3.3863106779772387,3.3239425705906616,3.410182375958414,3.369224999224077,16.708563611720972,16.64374008013692,16.79366859804082,16.715438478501085,nan,nan,nan,nan,nan,nan,nan,nan,nan,nan,nan,nan,nan,nan,nan,nan
2,adam,adam,AdamW,,adam,,,requested,inf,nan,nominal,0.003,additive,1.0,mse,0.09948087307221265,400,400,1.0,0.21081012539388755,0.2083863834309209,0.21106821926181213,0.21002280247071742,0.11132925232167488,0.10890551035870824,0.11158734618959947,0.1105419293985048,0.04842219736527481,0.04798097183926414,0.0488805146863812,0.04852863587012311,1.9292895746710812,1.9101054525562493,1.9536896166888393,1.9296905782466927,0.059258470179212014,0.058724869153323006,0.05952667030302666,0.059198142539136626,0.0,0.0,0.0,0.0,0.0,0.0,0.0,0.0,12.904821408389758,12.884327757101714,12.981700626578291,12.91004689048792,0.0,0.0,0.0,0.0,3.3730053343368818,3.3111688669481665,3.3959160056128845,3.3555385206057498,16.672275754803035,16.614089847353192,16.760243220481712,16.680669264200077,nan,nan,nan,nan,nan,nan,nan,nan,nan,nan,nan,nan,nan,nan,nan,nan
2,adam,adam,AdamW,,adam,,,requested,inf,nan,nominal,0.003,additive,1.0,mse,0.09948087307221265,410,410,1.0,0.21023856002480243,0.20783747754594967,0.21057732094360856,0.20948588594298231,0.11075768695258978,0.108356604473737,0.11109644787139591,0.11000501287076966,0.04819685258568206,0.04774799046648397,0.04862212776506199,0.04830296433239391,1.9222660059009644,1.9031313933938008,1.9460653825524346,1.9224731996934161,0.05898518781360259,0.05842223890666291,0.05927591815410008,0.0589227504298655,0.0,0.0,0.0,0.0,0.0,0.0,0.0,0.0,12.927387221106272,12.83718450940763,13.01652360571707,12.9304281392901,0.0,0.0,0.0,0.0,3.3621889994972856,3.300978970262113,3.384594985675184,3.344811748406058,16.639196460821232,16.586402377001008,16.731763166387363,16.64831411635827,nan,nan,nan,nan,nan,nan,nan,nan,nan,nan,nan,nan,nan,nan,nan,nan
2,adam,adam,AdamW,,adam,,,requested,inf,nan,nominal,0.003,additive,1.0,mse,0.09948087307221265,420,420,1.0,0.20981671517484746,0.2073922180146385,0.21014615064924413,0.20905003463252678,0.11033584210263479,0.10791134494242585,0.1106652775770315,0.10956916156031413,0.047980326192266935,0.04757707319328429,0.04841771801012192,0.0481171225211283,1.9168038259820452,1.8970485161166608,1.9402195171003813,1.9165621253657332,0.05872731133932941,0.058165290774865125,0.05906035856083907,0.05868665739505323,0.0,0.0,0.0,0.0,0.0,0.0,0.0,0.0,13.002299081945663,12.861750745797615,13.089368657148537,12.990910038427735,0.0,0.0,0.0,0.0,3.3538522776512223,3.292366876165623,3.377174340108601,3.336237359228211,16.611075244846713,16.55724215656187,16.70245068595915,16.61916322546911,nan,nan,nan,nan,nan,nan,nan,nan,nan,nan,nan,nan,nan,nan,nan,nan
2,adam,adam,AdamW,,adam,,,requested,inf,nan,nominal,0.003,additive,1.0,mse,0.09948087307221265,430,430,1.0,0.20947016362156162,0.20704517375691858,0.20977387272506204,0.20869376444902,0.10998929054934897,0.10756430068470593,0.11029299965284939,0.10921289137680733,0.047816520794994447,0.04741929125923669,0.04826002670869587,0.047962069936336706,1.9124293481983474,1.8926388029444339,1.9352229877516158,1.9118387746719403,0.05851067828883284,0.057952536979290106,0.05885555710478591,0.0584819038933304,0.0,0.0,0.0,0.0,0.0,0.0,0.0,0.0,12.952883683594521,12.831304199833838,13.052554447021732,12.965009082350317,0.0,0.0,0.0,0.0,3.347190908485514,3.2856031637519747,3.3699723015223713,3.329138487345321,16.587808552868175,16.532221128039993,16.678839758464452,16.594530358066258,nan,nan,nan,nan,nan,nan,nan,nan,nan,nan,nan,nan,nan,nan,nan,nan
2,adam,adam,AdamW,,adam,,,requested,inf,nan,nominal,0.003,additive,1.0,mse,0.09948087307221265,440,440,1.0,0.20919947290077306,0.2067724400798565,0.2094831824687412,0.20840927323236094,0.10971859982856041,0.10729156700764386,0.11000230939652857,0.10892840016014829,0.04767553312402796,0.04731003846614058,0.048110132187528805,0.047830609314287606,1.9091278078812364,1.8889719573048176,1.9315619015450394,1.9081688117722464,0.05834847194879518,0.0578080660850655,0.05868347986719505,0.058314418273266236,0.0,0.0,0.0,0.0,0.0,0.0,0.0,0.0,12.96113628299549,12.769815410378364,13.077109496475654,12.949727374188974,0.0,0.0,0.0,0.0,3.3412929926552124,3.278901891331164,3.363787745095442,3.323274856931196,16.573893757100954,16.51155296259494,16.660916204336264,16.576648998356752,nan,nan,nan,nan,nan,nan,nan,nan,nan,nan,nan,nan,nan,nan,nan,nan
2,adam,adam,AdamW,,adam,,,requested,inf,nan,nominal,0.003,additive,1.0,mse,0.09948087307221265,450,450,1.0,0.20898383368206305,0.20655399841222777,0.20925444645667715,0.20818810824463113,0.1095029606098504,0.1070731253400151,0.1097735733844645,0.10870723517241847,0.04757017620261249,0.04722202100108059,0.04800886713843103,0.047732575855810117,1.9061939377997459,1.8858483265265298,1.928789310914491,1.9052738385998755,0.05822934436852874,0.05770408801229914,0.05857672451989047,0.05819649594562784,0.0,0.0,0.0,0.0,0.0,0.0,0.0,0.0,12.996920213139285,12.927256972820368,13.145523082174627,13.024194553932604,0.0,0.0,0.0,0.0,3.3359488241762767,3.274051100652981,3.3587598047821907,3.318382504780136,16.563369102550833,16.49701676988446,16.650000835805486,16.563837609052754,nan,nan,nan,nan,nan,nan,nan,nan,nan,nan,nan,nan,nan,nan,nan,nan
2,adam,adam,AdamW,,adam,,,requested,inf,nan,nominal,0.003,additive,1.0,mse,0.09948087307221265,460,460,1.0,0.20882310316755526,0.20639902222202738,0.20908196447448651,0.20802731719792988,0.1093422300953426,0.10691814914981475,0.10960109140227385,0.10854644412571723,0.04749247640410137,0.047148832288803275,0.04793995094877293,0.047659802737267346,1.9039662128844643,1.8837579390590173,1.9266613168071514,1.9031029820671759,0.05814255487147993,0.05762142829702536,0.05848280137672625,0.05810930983809179,0.0,0.0,0.0,0.0,0.0,0.0,0.0,0.0,12.923860361131252,12.85011752690165,12.990484070374848,12.915001765295603,0.0,0.0,0.0,0.0,3.3323848597351264,3.2707944827063664,3.355465742204586,3.3150641473919995,16.554944621833712,16.4860543365093,16.640400523701576,16.55415296758263,nan,nan,nan,nan,nan,nan,nan,nan,nan,nan,nan,nan,nan,nan,nan,nan
2,adam,adam,AdamW,,adam,,,requested,inf,nan,nominal,0.003,additive,1.0,mse,0.09948087307221265,470,470,1.0,0.20869882424627534,0.20627883951650372,0.2089511111056669,0.2079038592484786,0.10921795117406269,0.10679796644429107,0.10947023803345424,0.10842298617626599,0.047431538303954614,0.04710105317054912,0.047895704784948645,0.04760717552601003,1.9023616737192126,1.8820976777053289,1.9249671677451254,1.9014498070932344,0.05807219390996399,0.05755702076998121,0.05840738167932643,0.05804082318982774,0.0,0.0,0.0,0.0,0.0,0.0,0.0,0.0,12.991183228828618,12.880853775576872,13.088833412623288,12.941983553243315,0.0,0.0,0.0,0.0,3.32982705375057,3.268176371671305,3.352936750696102,3.3125975849997342,16.54650049894954,16.477769021419203,16.63256917883214,16.54676026975804,nan,nan,nan,nan,nan,nan,nan,nan,nan,nan,nan,nan,nan,nan,nan,nan
2,adam,adam,AdamW,,adam,,,requested,inf,nan,nominal,0.003,additive,1.0,mse,0.09948087307221265,480,480,1.0,0.20860548193798295,0.20619123060655598,0.2088525792637939,0.20781245696131007,0.1091246088657703,0.10671035753434331,0.10937170619158128,0.10833158388909744,0.04738753503597967,0.047059903739845796,0.04786704655350307,0.04756797846564446,1.9011360997980806,1.8809203988885792,1.9236167545489853,1.9002107361558653,0.058014657888478094,0.057506825730296154,0.058346748072901744,0.057987546424158834,0.0,0.0,0.0,0.0,0.0,0.0,0.0,0.0,12.982060872596564,12.795903279022706,13.118559772102552,12.958055613487543,0.0,0.0,0.0,0.0,3.3280038412905895,3.266175153214421,3.351215586848947,3.3107738091512138,16.540360990887667,16.472064014484594,16.627451840743696,16.54132437787472,nan,nan,nan,nan,nan,nan,nan,nan,nan,nan,nan,nan,nan,nan,nan,nan
2,adam,adam,AdamW,,adam,,,requested,inf,nan,nominal,0.003,additive,1.0,mse,0.09948087307221265,490,490,1.0,0.20853311697076837,0.20612328400303734,0.2087791375316788,0.20774170682301146,0.10905224389855572,0.10664241093082469,0.10929826445946614,0.10826083375079881,0.04735770355713513,0.047027735500877035,0.04784106941722653,0.04753860492103999,1.900228965651569,1.880031552333591,1.9226228213141032,1.8992887961754084,0.05797188503768807,0.057469612611333265,0.058303737029911915,0.05794734785288151,0.0,0.0,0.0,0.0,0.0,0.0,0.0,0.0,13.138137817861619,13.054555522550917,13.235525505740101,13.124909107996723,0.0,0.0,0.0,0.0,3.326637602357329,3.264584817216753,3.349859476161473,3.309317070799758,16.535753110747592,16.468906689668113,16.62288611303181,16.537176685910318,nan,nan,nan,nan,nan,nan,nan,nan,nan,nan,nan,nan,nan,nan,nan,nan
2,adam,adam,AdamW,,adam,,,requested,inf,nan,nominal,0.003,additive,1.0,mse,0.09948087307221265,500,500,1.0,0.2084731437529534,0.20606566743940796,0.2087186390908592,0.20768253843563575,0.10899227068074076,0.10658479436719531,0.10923776601864653,0.1082016653634231,0.04733149167285092,0.04700263699568892,0.04781956361504332,0.04751373854002232,1.899531447055402,1.8793328455135738,1.921814024203909,1.8985228851642617,0.057937651942885936,0.05743861223971493,0.058268275454357574,0.057913492508755465,0.0,0.0,0.0,0.0,0.0,0.0,0.0,0.0,13.061836136917258,12.964371502807605,13.112527080698733,13.065895310354247,0.0,0.0,0.0,0.0,3.3254823156686353,3.2632900267160014,3.3488692478062454,3.308145785611002,16.531717223116047,16.466621615866146,16.619232370102367,16.533704739475276,nan,nan,nan,nan,nan,nan,nan,nan,nan,nan,nan,nan,nan,nan,nan,nan
2,adam,adam,AdamW,,adam,,,requested,3.0,nan,nominal,0.003,additive,1.0,mse,0.09948087307221265,0,0,1.0,1.3658141970481346,1.3658141970481346,1.3658141970481346,1.3658141970481346,1.266333323975922,1.266333323975922,1.266333323975922,1.266333323975922,1.0142169620491983,1.0142169620491983,1.0142169620491983,1.0142169620491983,6.972105888743615,6.972105888743615,6.972105888743615,6.972105888743615,0.6393082148548822,0.6393082148548822,0.6393082148548822,0.6393082148548822,0.0,0.0,0.0,0.0,0.0,0.0,0.0,0.0,0.0,0.0,0.0,0.0,0.0,0.0,0.0,0.0,6.9224601109148445,6.9224601109148445,6.9224601109148445,6.9224601109148445,23.97018795689393,23.97018795689393,23.97018795689393,23.97018795689393,nan,nan,nan,nan,nan,nan,nan,nan,nan,nan,nan,nan,nan,nan,nan,nan
2,adam,adam,AdamW,,adam,,,requested,3.0,nan,nominal,0.003,additive,1.0,mse,0.09948087307221265,10,10,1.0,1.0029664018167233,1.001281036231144,1.007053547619492,1.0044839819861393,0.9034855287445107,0.9018001631589312,0.9075726745472792,0.9050031089139265,0.7013549482909288,0.6985529615488895,0.7043589746075201,0.7015859197310303,6.172954256959896,6.168928234368746,6.187085190147119,6.178451357760777,0.4122903753585233,0.4118608392461019,0.4130245850695744,0.41323029467951816,0.0,0.0,0.0,0.0,0.0,0.0,0.0,0.0,27.3447591462106,27.239541976240474,27.439364257149464,27.297539191111817,0.0,0.0,0.0,0.0,6.728193135873257,6.709692334941865,6.760033994015972,6.733051254246785,24.585881895903842,24.54783116725747,24.604770243603298,24.574483876009594,nan,nan,nan,nan,nan,nan,nan,nan,nan,nan,nan,nan,nan,nan,nan,nan
2,adam,adam,AdamW,,adam,,,requested,3.0,nan,nominal,0.003,additive,1.0,mse,0.09948087307221265,20,20,1.0,0.800845188707389,0.7981574369776909,0.8036140109405633,0.8013274717710948,0.7013643156351763,0.6986765639054784,0.7041331378683506,0.701846598698882,0.5269338521821263,0.5232602576348959,0.529067345855173,0.5267712055982569,5.588631212193881,5.584891333301669,5.598950252213169,5.591897928691266,0.29909785270642697,0.2977517938838747,0.2995862465035982,0.29905165165479614,0.0,0.0,0.0,0.0,0.0,0.0,0.0,0.0,22.222463566607235,22.20981555625387,22.28209679987012,22.25938191501553,0.0,0.0,0.0,0.0,6.5228925174971994,6.49330941830271,6.5450358269364886,6.518256073303906,24.791675166164197,24.777278853929587,24.848213437412163,24.81556179249313,nan,nan,nan,nan,nan,nan,nan,nan,nan,nan,nan,nan,nan,nan,nan,nan
2,adam,adam,AdamW,,adam,,,requested,3.0,nan,nominal,0.003,additive,1.0,mse,0.09948087307221265,30,30,1.0,0.6775018711782315,0.6758189513633386,0.6793153206318872,0.6774282892231459,0.5780209981060188,0.5763380782911259,0.5798344475596744,0.5779474161509333,0.4200504655530206,0.41802897486735363,0.4226104321731093,0.42043512847614906,5.156445200587401,5.145185733451311,5.163328390260836,5.153619795737625,0.24442843728042857,0.2441613403890106,0.24504086665079386,0.2447134875914434,0.0,0.0,0.0,0.0,0.0,0.0,0.0,0.0,19.135224439566286,18.98943831805594,19.28495709216372,19.144358380382208,0.0,0.0,0.0,0.0,6.312961358142658,6.279235732870771,6.342103259929754,6.309615687522539,24.795279924160397,24.739735293574913,24.831214474399665,24.799856921527933,nan,nan,nan,nan,nan,nan,nan,nan,nan,nan,nan,nan,nan,nan,nan,nan
2,adam,adam,AdamW,,adam,,,requested,3.0,nan,nominal,0.003,additive,1.0,mse,0.09948087307221265,40,40,1.0,0.5903734510645947,0.5886626914723228,0.5921837447031192,0.5900272375759054,0.49089257799238206,0.4891818184001101,0.49270287163090654,0.4905463645036927,0.3447378630006904,0.3430999953683801,0.3466012209802706,0.3453244766248924,4.802312246272333,4.779500857973213,4.819835140876075,4.799667020232933,0.2140997622310059,0.21331286478593345,0.21464994157856582,0.2139068956203851,0.0,0.0,0.0,0.0,0.0,0.0,0.0,0.0,17.31667651246287,17.31215493581476,17.35933369085106,17.349372772942345,0.0,0.0,0.0,0.0,6.120254775774725,6.09198210004028,6.154906102212458,6.123974906174333,24.60373990414272,24.511099269465383,24.634325263308146,24.60549276216851,nan,nan,nan,nan,nan,nan,nan,nan,nan,nan,nan,nan,nan,nan,nan,nan
2,adam,adam,AdamW,,adam,,,requested,3.0,nan,nominal,0.003,additive,1.0,mse,0.09948087307221265,50,50,1.0,0.5227994088177212,0.5208655596183339,0.5257538454237405,0.5229885693500131,0.42331853574550865,0.42138468654612127,0.42627297235152783,0.42350769627780055,0.2862870629304156,0.2850961924328409,0.2900742744049073,0.28774690561883176,4.500433611189335,4.471780287962119,4.512701378218475,4.494754596449333,0.1916643638008159,0.19071211416948153,0.192699532999117,0.19125136930862388,0.0,0.0,0.0,0.0,0.0,0.0,0.0,0.0,16.359146140928253,16.28610757070746,16.507897079165645,16.394357143966687,0.0,0.0,0.0,0.0,5.94462849395153,5.916542213393528,5.969393089099585,5.946192050627321,24.24656211342583,24.196558397908042,24.311895263567592,24.280020438236505,nan,nan,nan,nan,nan,nan,nan,nan,nan,nan,nan,nan,nan,nan,nan,nan
2,adam,adam,AdamW,,adam,,,requested,3.0,nan,nominal,0.003,additive,1.0,mse,0.09948087307221265,60,60,1.0,0.46915719937200373,0.46766621758902754,0.47069056497625117,0.4693850726472063,0.3696763262997911,0.3681853445168149,0.3712096919040385,0.3699041995749936,0.24006095114000484,0.23927078518963607,0.24255302038899634,0.24177470692594077,4.227767549103994,4.204672056694595,4.239489728604199,4.224523135558346,0.17157480887938037,0.1703728982080789,0.17243914447414832,0.17126928444765346,0.0,0.0,0.0,0.0,0.0,0.0,0.0,0.0,15.738639211342038,15.59267967418003,15.783892838599249,15.700154579579138,0.0,0.0,0.0,0.0,5.7716176367127225,5.7604957069433915,5.786781593219441,5.772189746201528,23.8300789634498,23.774148117981813,23.905705318607588,23.869487770923072,nan,nan,nan,nan,nan,nan,nan,nan,nan,nan,nan,nan,nan,nan,nan,nan
2,adam,adam,AdamW,,adam,,,requested,3.0,nan,nominal,0.003,additive,1.0,mse,0.09948087307221265,70,70,1.0,0.4262549131307417,0.4260398925114477,0.4283351922635435,0.4268685423713853,0.32677404005852906,0.32655901943923504,0.32885431919133085,0.3273876692991726,0.2044452567475491,0.20366748867934586,0.2059928935013648,0.20543412654113113,3.989227618393288,3.9614571046205445,3.9972866182378683,3.9856681168657695,0.1540104789967815,0.15299711503549815,0.15442181750969491,0.15362558632601725,0.0,0.0,0.0,0.0,0.0,0.0,0.0,0.0,15.065035425663108,14.832961012844857,15.105708354264262,14.998964595965527,0.0,0.0,0.0,0.0,5.601824846414108,5.594846845638848,5.633720770313819,5.605391461435955,23.324223846668346,23.242679923404186,23.442909512023892,23.359582142562765,nan,nan,nan,nan,nan,nan,nan,nan,nan,nan,nan,nan,nan,nan,nan,nan
2,adam,adam,AdamW,,adam,,,requested,3.0,nan,nominal,0.003,additive,1.0,mse,0.09948087307221265,80,80,1.0,0.39258628891966085,0.392014210742732,0.39496759035828755,0.39313253726800945,0.2931054158474482,0.29253333767051937,0.2954867172860749,0.2936516641957968,0.17637475350747964,0.17479969687054434,0.17846114546709257,0.17702862201336042,3.767507056072629,3.7480754116917954,3.7860291487259032,3.7722043231745936,0.1391876066302091,0.13859154494824819,0.1400158531360251,0.13915474071730688,0.0,0.0,0.0,0.0,0.0,0.0,0.0,0.0,14.637502888022452,14.528375802957807,14.871233945909385,14.637568642052763,0.0,0.0,0.0,0.0,5.454471598822565,5.425793311060905,5.478698178409903,5.444844061153307,22.845275411014075,22.708469836228318,22.90175332266157,22.860254942317503,nan,nan,nan,nan,nan,nan,nan,nan,nan,nan,nan,nan,nan,nan,nan,nan
2,adam,adam,AdamW,,adam,,,requested,3.0,nan,nominal,0.003,additive,1.0,mse,0.09948087307221265,90,90,1.0,0.36569357560410914,0.36478232386299947,0.36684206206501324,0.36599143193228145,0.2662127025318965,0.2653014507907868,0.2673611889928006,0.26651055886006875,0.15411124035917906,0.1531255256072136,0.1562857269979262,0.1546618138432396,3.566061989034109,3.5610723634046924,3.584793252940814,3.5786036023148693,0.12744999893476747,0.12689371198559932,0.12781247198863974,0.12738160414885208,0.0,0.0,0.0,0.0,0.0,0.0,0.0,0.0,14.155948845984408,14.041800832689718,14.21373380921173,14.147554933509717,0.0,0.0,0.0,0.0,5.297580440989801,5.268636284623208,5.31575442820251,5.281254053009768,22.297718140369533,22.25606487261222,22.402978022662445,22.352578060383095,nan,nan,nan,nan,nan,nan,nan,nan,nan,nan,nan,nan,nan,nan,nan,nan
2,adam,adam,AdamW,,adam,,,requested,3.0,nan,nominal,0.003,additive,1.0,mse,0.09948087307221265,100,100,1.0,0.34364116923080834,0.34276993176552845,0.3442954115290271,0.34403748839893655,0.2441602961585957,0.2432890586933158,0.24481453845681445,0.24455661532672388,0.13640442240241135,0.1351257260535485,0.1376618727547314,0.13644421371200674,3.392416887683061,3.38753266699002,3.405204174604266,3.404958508325927,0.11791977464762957,0.11731926088135655,0.11817365628714814,0.11777922805468377,0.0,0.0,0.0,0.0,0.0,0.0,0.0,0.0,13.845930234329035,13.767542878587479,13.918080451722508,13.858747949066952,0.0,0.0,0.0,0.0,5.155403140889679,5.126430706913755,5.157652644980264,5.136418353386751,21.819963069384315,21.77356098037745,21.926363057012946,21.863721184725815,nan,nan,nan,nan,nan,nan,nan,nan,nan,nan,nan,nan,nan,nan,nan,nan
2,adam,adam,AdamW,,adam,,,requested,3.0,nan,nominal,0.003,additive,1.0,mse,0.09948087307221265,110,110,1.0,0.3253904718681138,0.324898645427751,0.3259634772853177,0.325931331876632,0.22590959879590117,0.22541777235553834,0.22648260421310507,0.22645045880441939,0.12191557910281556,0.12094962129716622,0.12271326392798478,0.12186110687821478,3.2398810411913654,3.2301901908372495,3.248007170702886,3.2500182520669494,0.10957782196108061,0.10889477790896157,0.11026105142401321,0.1094757591856129,0.0,0.0,0.0,0.0,0.0,0.0,0.0,0.0,13.625863241419374,13.584411880735075,13.729440755389787,13.680657678282667,0.0,0.0,0.0,0.0,5.002843329181482,4.984226980664214,5.026987878720808,4.995331502095887,21.411031315654455,21.370514004742937,21.49345966424052,21.427820304501424,nan,nan,nan,nan,nan,nan,nan,nan,nan,nan,nan,nan,nan,nan,nan,nan
2,adam,adam,AdamW,,adam,,,requested,3.0,nan,nominal,0.003,additive,1.0,mse,0.09948087307221265,120,120,1.0,0.3101346059867991,0.3096394970648897,0.31074383284876805,0.3106801419371344,0.21065373291458642,0.21015862399267704,0.2112629597765554,0.21119926886492174,0.10992614418215722,0.10939157485777116,0.11053436573241658,0.10997279335151419,3.0990725124159697,3.0919469351645144,3.107885243492402,3.109611145186678,0.10230141759495923,0.10204153921080944,0.10302333857023198,0.10253680465826323,0.0,0.0,0.0,0.0,0.0,0.0,0.0,0.0,13.578784893750564,13.46918850611694,13.615929132311397,13.552809092178409,0.0,0.0,0.0,0.0,4.865616800689034,4.830298745587491,4.8876937695759075,4.856951285089932,21.055564776656134,21.002531840180307,21.10746706524111,21.030230766217457,nan,nan,nan,nan,nan,nan,nan,nan,nan,nan,nan,nan,nan,nan,nan,nan
2,adam,adam,AdamW,,adam,,,requested,3.0,nan,nominal,0.003,additive,1.0,mse,0.09948087307221265,130,130,1.0,0.2974184965446818,0.2966827733670741,0.2977991581865111,0.2978139491726397,0.19793762347246913,0.19720190029486145,0.19831828511429844,0.19833307610042705,0.09997600395589691,0.09991081713104699,0.10049049908885621,0.10026284267818363,2.9763482943113786,2.9593956553786267,2.9807893442906677,2.9836411019524114,0.0968816937193608,0.0959732539324262,0.09704861807323294,0.09677195253642448,0.0,0.0,0.0,0.0,0.0,0.0,0.0,0.0,13.306259279205388,13.22218118505302,13.413525045008521,13.324417432418922,0.0,0.0,0.0,0.0,4.728590453888554,4.6943483196662745,4.757844305548466,4.726015408669688,20.663298806907918,20.62403698248719,20.70301329645322,20.64815567507207,nan,nan,nan,nan,nan,nan,nan,nan,nan,nan,nan,nan,nan,nan,nan,nan
2,adam,adam,AdamW,,adam,,,requested,3.0,nan,nominal,0.003,additive,1.0,mse,0.09948087307221265,140,140,1.0,0.2866471127337942,0.28597176906678834,0.2868805538519933,0.28698714375725454,0.18716623966158152,0.1864908959945757,0.18739968077978064,0.18750627068504191,0.09237831994629561,0.09183780769936835,0.09283500978750941,0.09241594265924324,2.859725109231668,2.845585819597523,2.8705776704132377,2.8715418761547182,0.09211292191054449,0.09085864605201571,0.09242053226612171,0.09195381983946363,0.0,0.0,0.0,0.0,0.0,0.0,0.0,0.0,13.250974408067119,13.057224581665174,13.320336208604145,13.227217350288232,0.0,0.0,0.0,0.0,4.598944629873742,4.571704095738735,4.648701630578341,4.603835698164164,20.322426734068436,20.2334130315959,20.34388013750492,20.295403862811654,nan,nan,nan,nan,nan,nan,nan,nan,nan,nan,nan,nan,nan,nan,nan,nan
2,adam,adam,AdamW,,adam,,,requested,3.0,nan,nominal,0.003,additive,1.0,mse,0.09948087307221265,150,150,1.0,0.27730005984563016,0.2768475972194042,0.27789550878578356,0.27771941177037285,0.17781918677341751,0.17736672414719157,0.1784146357135709,0.1782385386981602,0.08586485910441065,0.08517976156341142,0.08706150085354784,0.08605640847680951,2.7551688611818888,2.751055226163183,2.7753516243610337,2.773123325086159,0.08765479187515958,0.08725148361887197,0.08825556758577374,0.08792259813764246,0.0,0.0,0.0,0.0,0.0,0.0,0.0,0.0,13.110014479035106,13.032517783277484,13.179700689648513,13.125311406497655,0.0,0.0,0.0,0.0,4.477792547884741,4.453071817873857,4.519660173160094,4.484052662054391,19.99042872717026,19.920612841916476,20.062611036811965,19.983466606419412,nan,nan,nan,nan,nan,nan,nan,nan,nan,nan,nan,nan,nan,nan,nan,nan
2,adam,adam,AdamW,,adam,,,requested,3.0,nan,nominal,0.003,additive,1.0,mse,0.09948087307221265,160,160,1.0,0.2693091088328836,0.26871916733700646,0.2695901919752873,0.26945751905117626,0.16982823576067094,0.1692382942647938,0.17010931890307462,0.16997664597896361,0.08027712570958798,0.0798535767571722,0.08177903899980965,0.08060156991199466,2.6637500844783673,2.658482526664649,2.686506166779436,2.6813429569587477,0.08425233560324086,0.08360582757022467,0.0852192393103494,0.08452457547329983,0.0,0.0,0.0,0.0,0.0,0.0,0.0,0.0,13.112973323644265,13.055836247373746,13.23031784519696,13.146077747242867,0.0,0.0,0.0,0.0,4.362610505482882,4.342523463241739,4.396126542715272,4.3671188240777905,19.675741458887124,19.582428026994087,19.752866187900878,19.67287789638013,nan,nan,nan,nan,nan,nan,nan,nan,nan,nan,nan,nan,nan,nan,nan,nan
2,adam,adam,AdamW,,adam,,,requested,3.0,nan,nominal,0.003,additive,1.0,mse,0.09948087307221265,170,170,1.0,0.26188667622901596,0.26129723566670826,0.26278078090327256,0.26206242707560345,0.16240580315680334,0.1618163625944956,0.1632999078310599,0.16258155400339078,0.07568774305176104,0.07520657211205867,0.07707511641008963,0.075981519808942,2.5832694485456003,2.5734003798658094,2.5998623063631046,2.5954513599836,0.08121273498430867,0.08060252954535813,0.08255553485200884,0.08145173402862052,0.0,0.0,0.0,0.0,0.0,0.0,0.0,0.0,12.996278587048632,12.863255058012037,13.127787989731349,12.987396769421267,0.0,0.0,0.0,0.0,4.254892098693115,4.237515146952137,4.272988579029058,4.259150551108543,19.388191306036074,19.28512058767946,19.44026395862057,19.3682928947744,nan,nan,nan,nan,nan,nan,nan,nan,nan,nan,nan,nan,nan,nan,nan,nan
2,adam,adam,AdamW,,adam,,,requested,3.0,nan,nominal,0.003,additive,1.0,mse,0.09948087307221265,180,180,1.0,0.25519694098106743,0.2546786475111131,0.2566239095582047,0.2554948541438064,0.15571606790885478,0.15519777443890043,0.157143036485992,0.15601398107159378,0.07195599949054628,0.07114425369594539,0.07276518716774147,0.07203904552545162,2.5085964374725753,2.4952476727640605,2.5210463543839774,2.5155416462774793,0.07869192543555152,0.07826554510590324,0.07933901049632854,0.0788102108071333,0.0,0.0,0.0,0.0,0.0,0.0,0.0,0.0,12.934249788278056,12.771871451884573,13.114438108364133,12.941670630149135,0.0,0.0,0.0,0.0,4.159612406353018,4.122777309619185,4.1636500646575065,4.157141353595554,19.088387523663478,19.014658253176336,19.150307301337794,19.078135525811533,nan,nan,nan,nan,nan,nan,nan,nan,nan,nan,nan,nan,nan,nan,nan,nan
2,adam,adam,AdamW,,adam,,,requested,3.0,nan,nominal,0.003,additive,1.0,mse,0.09948087307221265,190,190,1.0,0.2492612103347055,0.24909136327566347,0.2510322456525722,0.24972081247348482,0.14978033726249285,0.14961049020345082,0.15155137258035956,0.15023993940127217,0.068476700234648,0.06779903186745138,0.06952958111720409,0.06870023832192275,2.440835140665095,2.4265007814041697,2.4564687896438384,2.4441467057183925,0.07634472366435657,0.07578287774917374,0.07686685811909885,0.07645004930833339,0.0,0.0,0.0,0.0,0.0,0.0,0.0,0.0,12.945461697776068,12.856131783767216,13.009540895099512,12.944977086116715,0.0,0.0,0.0,0.0,4.0720217851445515,4.030861329292618,4.091145013014678,4.069042369891815,18.812643482149152,18.718213554905137,18.87967931716226,18.808336196799452,nan,nan,nan,nan,nan,nan,nan,nan,nan,nan,nan,nan,nan,nan,nan,nan
2,adam,adam,AdamW,,adam,,,requested,3.0,nan,nominal,0.003,additive,1.0,mse,0.09948087307221265,200,200,1.0,0.2443888798821663,0.24380990716208725,0.24573772060448446,0.2446006561539508,0.14490800680995364,0.1443290340898746,0.1462568475322718,0.14511978308173815,0.06569492473146935,0.06498451130165339,0.06657153426636167,0.06590464906868225,2.3778866439628867,2.3669835876231287,2.3921265612404774,2.380314915385542,0.07434325155361535,0.07397459260287595,0.07453178986755238,0.07445017560192976,0.0,0.0,0.0,0.0,0.0,0.0,0.0,0.0,12.880830349952305,12.772870570964315,12.953540630307774,12.891494824686626,0.0,0.0,0.0,0.0,3.9918843783139013,3.9533533815197757,4.014666631994389,3.9867294511890017,18.59761193050778,18.485631937286595,18.643582684423286,18.577861920235538,nan,nan,nan,nan,nan,nan,nan,nan,nan,nan,nan,nan,nan,nan,nan,nan
2,adam,adam,AdamW,,adam,,,requested,3.0,nan,nominal,0.003,additive,1.0,mse,0.09948087307221265,210,210,1.0,0.23999587688818985,0.23903360287927966,0.24074658264368826,0.23988369373181462,0.1405150038159772,0.139552729807067,0.1412657095714756,0.14040282065960197,0.06336367934769946,0.062220764560649004,0.06389675896733776,0.06328460138436126,2.3219857925838303,2.30651172259138,2.3297447585522346,2.320578221720764,0.07242420463518215,0.0723170329087025,0.07262230491764082,0.07245743576257407,0.0,0.0,0.0,0.0,0.0,0.0,0.0,0.0,12.934872646789778,12.880490592300538,13.050605110266844,12.941110283109992,0.0,0.0,0.0,0.0,3.9103990154686814,3.868954311157914,3.9403521552228447,3.906373665229127,18.34032016825006,18.21599652619994,18.431071759141396,18.339735608980448,nan,nan,nan,nan,nan,nan,nan,nan,nan,nan,nan,nan,nan,nan,nan,nan
2,adam,adam,AdamW,,adam,,,requested,3.0,nan,nominal,0.003,additive,1.0,mse,0.09948087307221265,220,220,1.0,0.2357091741040751,0.23472640436369502,0.23651515738416254,0.2356766624695512,0.13622830103186245,0.13524553129148237,0.1370342843119499,0.13619578939733856,0.06098463680878731,0.06024156213717191,0.06155490418163065,0.06103440174352378,2.2699400758706685,2.252845879033787,2.2748059982490814,2.2671067305862866,0.07072375864032286,0.07036064431952832,0.07150774974895774,0.07081413042007709,0.0,0.0,0.0,0.0,0.0,0.0,0.0,0.0,12.836484384222306,12.809638359437866,12.896970197587185,12.848276247560023,0.0,0.0,0.0,0.0,3.832933128607528,3.792471790474196,3.8708498138058713,3.830527120479974,18.053694398008343,17.949506261909114,18.269593467100783,18.098681914226425,nan,nan,nan,nan,nan,nan,nan,nan,nan,nan,nan,nan,nan,nan,nan,nan
2,adam,adam,AdamW,,adam,,,requested,3.0,nan,nominal,0.003,additive,1.0,mse,0.09948087307221265,230,230,1.0,0.2319264716706819,0.230687355221473,0.23261546719841025,0.23183370835408174,0.13244559859846924,0.13120648214926034,0.1331345941261976,0.13235283528186909,0.05918693872404228,0.0584460477864186,0.05950958604496148,0.059139382206400706,2.21438380908391,2.208698022059063,2.23053706026976,2.2177510736452843,0.06898396219505597,0.06891338850457004,0.06960108992006561,0.06927907975130923,0.0,0.0,0.0,0.0,0.0,0.0,0.0,0.0,12.97439119927892,12.785393679884157,13.053356495784962,12.923654319575762,0.0,0.0,0.0,0.0,3.758273863321997,3.719814400920511,3.798155425354344,3.7578853435430055,17.830967282425007,17.765548435213745,18.075237343913162,17.895912806560396,nan,nan,nan,nan,nan,nan,nan,nan,nan,nan,nan,nan,nan,nan,nan,nan
2,adam,adam,AdamW,,adam,,,requested,3.0,nan,nominal,0.003,additive,1.0,mse,0.09948087307221265,240,240,1.0,0.22832986122135235,0.2272681619633567,0.22893735721221342,0.22826342597089364,0.1288489881491397,0.12778728889114405,0.12945648414000077,0.12878255289868099,0.05758452677659541,0.05686369076891993,0.057868514823210634,0.057373962774013465,2.167077894068795,2.1601716233996586,2.1855488668380088,2.1718047752958816,0.0677347950469907,0.0676324351517666,0.06798080160343749,0.0678269690889912,0.0,0.0,0.0,0.0,0.0,0.0,0.0,0.0,12.949179457113111,12.804401552611495,12.989928991607393,12.894967703419534,0.0,0.0,0.0,0.0,3.6860622171905466,3.6527486038909363,3.7326407834981286,3.690105273321108,17.643100105096718,17.603480247076487,17.868598012266,17.71167313578941,nan,nan,nan,nan,nan,nan,nan,nan,nan,nan,nan,nan,nan,nan,nan,nan
2,adam,adam,AdamW,,adam,,,requested,3.0,nan,nominal,0.003,additive,1.0,mse,0.09948087307221265,250,250,1.0,0.22484214785062928,0.22416458310726786,0.22575649140201678,0.22500726454247658,0.12536127477841663,0.12468371003505521,0.12627561832980413,0.1255263914702639,0.056003985377835505,0.05536131693008388,0.056432587388481385,0.055785486901276445,2.1209681257706277,2.1153106535969477,2.143467254112881,2.1282239517077315,0.06647354128258032,0.06636168569297256,0.06656826841242347,0.06645629036560018,0.0,0.0,0.0,0.0,0.0,0.0,0.0,0.0,12.931385759334654,12.863776672171547,12.948947933589984,12.892339924352573,0.0,0.0,0.0,0.0,3.6220907163457765,3.5877222499027726,3.6726945294146756,3.6278379453171716,17.472178072209132,17.437889174994897,17.696679089272287,17.54454383015817,nan,nan,nan,nan,nan,nan,nan,nan,nan,nan,nan,nan,nan,nan,nan,nan
2,adam,adam,AdamW,,adam,,,requested,3.0,nan,nominal,0.003,additive,1.0,mse,0.09948087307221265,260,260,1.0,0.22186223442124814,0.22128869899282605,0.22278490397807107,0.221989255421431,0.12238136134903549,0.1218078259206134,0.12330403090585842,0.12250838234921836,0.054611082699069044,0.053857161318156606,0.05491798937940068,0.05431514759694525,2.080703541348459,2.0773951411435787,2.0984310991183603,2.0878669278751154,0.06516440816221464,0.06483326112617478,0.06535674463665916,0.06513297784713393,0.0,0.0,0.0,0.0,0.0,0.0,0.0,0.0,12.878405614049253,12.836428964452498,13.010686214282416,12.903529745530896,0.0,0.0,0.0,0.0,3.561916347180324,3.522574291764204,3.6162414341610774,3.5697624757257085,17.316761123928707,17.268233522535397,17.513572845224054,17.378958780744203,nan,nan,nan,nan,nan,nan,nan,nan,nan,nan,nan,nan,nan,nan,nan,nan
2,adam,adam,AdamW,,adam,,,requested,3.0,nan,nominal,0.003,additive,1.0,mse,0.09948087307221265,270,270,1.0,0.21924765930015522,0.21866612837154695,0.2199694704196604,0.21928321226641745,0.11976678622794255,0.1191852552993343,0.12048859734744774,0.11980233919420477,0.05339099488998632,0.05254249041832603,0.053551577847800305,0.0530254333285998,2.044057764112332,2.0404246978360296,2.0632003331837128,2.052152632858092,0.06402454943189215,0.06384224248174862,0.06433769407115339,0.06409366873809999,0.0,0.0,0.0,0.0,0.0,0.0,0.0,0.0,12.859717676560827,12.718357622922845,12.907563577664472,12.80546733329805,0.0,0.0,0.0,0.0,3.511083489995009,3.4593617027930676,3.5647741057334974,3.5155513398496105,17.179715605771914,17.12572219341652,17.351569996178117,17.227053937319432,nan,nan,nan,nan,nan,nan,nan,nan,nan,nan,nan,nan,nan,nan,nan,nan
2,adam,adam,AdamW,,adam,,,requested,3.0,nan,nominal,0.003,additive,1.0,mse,0.09948087307221265,280,280,1.0,0.21678339215779788,0.2162578506295048,0.21752045300555498,0.21681514737524377,0.11730251908558523,0.11677697755729216,0.11803957993334233,0.1173342743030311,0.05207038710640209,0.05129971310502948,0.052388630808058174,0.051825520283332385,2.0123330402222495,2.0061845072247375,2.028940455471903,2.019909163621832,0.0632260685423561,0.06296408507223406,0.06345580837538803,0.0632235442722059,0.0,0.0,0.0,0.0,0.0,0.0,0.0,0.0,12.780527172464794,12.731954179193828,12.878688058456943,12.806054858980907,0.0,0.0,0.0,0.0,3.4618078347470034,3.411424268505094,3.512952633382807,3.4647609235493237,17.071219433341454,17.002422995002682,17.19230163581724,17.087791834950742,nan,nan,nan,nan,nan,nan,nan,nan,nan,nan,nan,nan,nan,nan,nan,nan
2,adam,adam,AdamW,,adam,,,requested,3.0,nan,nominal,0.003,additive,1.0,mse,0.09948087307221265,290,290,1.0,0.21441193354023114,0.213974541528376,0.21523899511485337,0.21450918166030536,0.11493106046801849,0.11449366845616335,0.11575812204264072,0.11502830858809272,0.05098565295202537,0.050324588758123345,0.051230572225931234,0.05076008858669216,1.982760465346795,1.9736110809878498,1.9982462355212067,1.9889813454842318,0.06235831519813151,0.06215739592058858,0.06255945760999344,0.06236534497170818,0.0,0.0,0.0,0.0,0.0,0.0,0.0,0.0,12.941055878288,12.920504673978346,12.994655636180036,12.965089719751488,0.0,0.0,0.0,0.0,3.412956803124451,3.36673198753924,3.4642239391567697,3.4162230130377553,16.955297579403997,16.911105588084002,17.04661518509065,16.96618768669194,nan,nan,nan,nan,nan,nan,nan,nan,nan,nan,nan,nan,nan,nan,nan,nan
2,adam,adam,AdamW,,adam,,,requested,3.0,nan,nominal,0.003,additive,1.0,mse,0.09948087307221265,300,300,1.0,0.2122633183027316,0.21167905915285967,0.2131854412288229,0.2123557587321901,0.11278244523051895,0.11219818608064702,0.11370456815661026,0.11287488565997743,0.05004677886008452,0.049358661948626016,0.05029456410017812,0.049829276208231396,1.9544299499609812,1.9441939567799753,1.969058265366408,1.9597547270642295,0.06146463178292733,0.061281711129324026,0.061626640826167894,0.06148082727546632,0.0,0.0,0.0,0.0,0.0,0.0,0.0,0.0,13.059620247410454,12.982467302467214,13.095940905433817,13.023124934284597,0.0,0.0,0.0,0.0,3.369719755257014,3.3237098059276557,3.41808566199673,3.370846214681406,16.819080643923375,16.772023649367405,16.927054452681,16.84032195781002,nan,nan,nan,nan,nan,nan,nan,nan,nan,nan,nan,nan,nan,nan,nan,nan
2,adam,adam,AdamW,,adam,,,requested,3.0,nan,nominal,0.003,additive,1.0,mse,0.09948087307221265,310,310,1.0,0.21033618090145245,0.20966817712475622,0.21127485140938373,0.21039837236020226,0.1108553078292398,0.11018730405254357,0.11179397833717108,0.11091749928798961,0.04915328091908866,0.04856125481593508,0.04940393284578518,0.04899216253004995,1.9296010358447735,1.9188881272051501,1.9426312783789161,1.9334319404467033,0.060528660068988605,0.06039950914462576,0.06072319909860276,0.060600347589454644,0.0,0.0,0.0,0.0,0.0,0.0,0.0,0.0,12.940486592538264,12.855713275050473,13.02731129017181,12.983725871057676,0.0,0.0,0.0,0.0,3.329280482074372,3.2822613419705204,3.375180401970167,3.3285964102813974,16.718341319400295,16.667037086764783,16.793735690771552,16.731611914638847,nan,nan,nan,nan,nan,nan,nan,nan,nan,nan,nan,nan,nan,nan,nan,nan
2,adam,adam,AdamW,,adam,,,requested,3.0,nan,nominal,0.003,additive,1.0,mse,0.09948087307221265,320,320,1.0,0.20857803612057363,0.2079984766094123,0.20949835026415192,0.20867527401469674,0.10909716304836099,0.10851760353719966,0.11001747719193926,0.1091944009424841,0.0483709876475473,0.04781270960296502,0.048588591724814875,0.04818076941551658,1.906855811929911,1.8962129232736946,1.920522588371714,1.90983469983807,0.05971946974598176,0.05966154034342962,0.059827959246146596,0.05977083013390364,0.0,0.0,0.0,0.0,0.0,0.0,0.0,0.0,12.853178035653542,12.791350048194584,12.924902260538367,12.882896476392357,0.0,0.0,0.0,0.0,3.2944656205810583,3.248354945362037,3.3388684436995297,3.292803652601349,16.608349407505465,16.568234995781562,16.683854489752992,16.62782120188173,nan,nan,nan,nan,nan,nan,nan,nan,nan,nan,nan,nan,nan,nan,nan,nan
2,adam,adam,AdamW,,adam,,,requested,3.0,nan,nominal,0.003,additive,1.0,mse,0.09948087307221265,330,330,1.0,0.20707468095933595,0.2063856383965405,0.20801268328919914,0.20713911832694176,0.1075938078871233,0.10690476532432784,0.1085318102169865,0.10765824525472911,0.04772458224085475,0.04695388620943551,0.047856325783573045,0.047459780019826404,1.8859145797219636,1.8763592340149446,1.9025552823743892,1.8892129932186559,0.059030550080241995,0.05899667557904574,0.05913420155685806,0.05906212284082904,0.0,0.0,0.0,0.0,0.0,0.0,0.0,0.0,12.934500204849027,12.822214872987772,12.973111877181134,12.91639507064136,0.0,0.0,0.0,0.0,3.2625508119380022,3.2190168178574847,3.308226535677224,3.260690669503773,16.48879113885115,16.46442534187019,16.605717413782966,16.52545000841021,nan,nan,nan,nan,nan,nan,nan,nan,nan,nan,nan,nan,nan,nan,nan,nan
2,adam,adam,AdamW,,adam,,,requested,3.0,nan,nominal,0.003,additive,1.0,mse,0.09948087307221265,340,340,1.0,0.2056451009159816,0.20496231910537888,0.20666359246468824,0.20574269458054403,0.10616422784376893,0.10548144603316624,0.1071827193924756,0.10626182150833138,0.0472134890413404,0.046226510941447196,0.04728144746079177,0.046828884771615946,1.866625418832555,1.8580520491703396,1.8865127674130215,1.8706869456908,0.05839036472305899,0.05826501494103368,0.058514519897867906,0.05836988874667196,0.0,0.0,0.0,0.0,0.0,0.0,0.0,0.0,12.891105954389097,12.817115223291994,12.901599811039995,12.85133721229953,0.0,0.0,0.0,0.0,3.232222017381131,3.1927538975984833,3.277177146694502,3.231707918656782,16.39018130619877,16.351375963412686,16.55041275709909,16.4320442957369,nan,nan,nan,nan,nan,nan,nan,nan,nan,nan,nan,nan,nan,nan,nan,nan
2,adam,adam,AdamW,,adam,,,requested,3.0,nan,nominal,0.003,additive,1.0,mse,0.09948087307221265,350,350,1.0,0.20438391081824103,0.2038068649365485,0.20541412411526888,0.2044977595169606,0.10490303774602837,0.10432599186433586,0.10593325104305623,0.10501688644474794,0.046650123596068835,0.045698644270858624,0.04686965412210794,0.04628773238627295,1.8492567255508832,1.8417994731299456,1.8710464145065264,1.8544597179449842,0.057747285692669355,0.05759450767706803,0.058004436233747826,0.05775593285512576,0.0,0.0,0.0,0.0,0.0,0.0,0.0,0.0,12.812938444541087,12.759420964679745,12.939666871827914,12.844984005655688,0.0,0.0,0.0,0.0,3.210942837589614,3.168523652251446,3.2491519246573826,3.20658055006069,16.300530137664516,16.265787232234203,16.492642489831105,16.34969760370491,nan,nan,nan,nan,nan,nan,nan,nan,nan,nan,nan,nan,nan,nan,nan,nan
2,adam,adam,AdamW,,adam,,,requested,3.0,nan,nominal,0.003,additive,1.0,mse,0.09948087307221265,360,360,1.0,0.20331970015462497,0.20276153927458196,0.2043129757970683,0.20339786527764253,0.10383882708241232,0.10328066620236931,0.10483210272485566,0.10391699220542985,0.0462169954105707,0.045278000729116884,0.04635349921818147,0.04584149001245292,1.8341909117242619,1.8280613596672928,1.8560394984179052,1.8396635887535406,0.05727854814350431,0.057040986912134405,0.057504708290512,0.05723042240664855,0.0,0.0,0.0,0.0,0.0,0.0,0.0,0.0,12.858248059754292,12.762635712524418,12.961823076871337,12.861342888282216,0.0,0.0,0.0,0.0,3.1887015559846494,3.1449728352558317,3.22559121018379,3.182742503820407,16.228963273537936,16.203031039772426,16.43549232448318,16.280034190444752,nan,nan,nan,nan,nan,nan,nan,nan,nan,nan,nan,nan,nan,nan,nan,nan
2,adam,adam,AdamW,,adam,,,requested,3.0,nan,nominal,0.003,additive,1.0,mse,0.09948087307221265,370,370,1.0,0.2023726801217025,0.20183378675121422,0.2033562610962715,0.20244177406971176,0.10289180704948986,0.10235291367900155,0.10387538802405885,0.1029609009974991,0.04579234660047044,0.044916396333274086,0.04595199794718992,0.04544902751392138,1.8208587023162812,1.8155472534738437,1.8433501693419518,1.8267658263280135,0.05675897121980726,0.05657533309458141,0.0570230112761485,0.05673020867521335,0.0,0.0,0.0,0.0,0.0,0.0,0.0,0.0,12.762612204449102,12.690101950976166,12.837111946407832,12.778091298424464,0.0,0.0,0.0,0.0,3.1665083096607134,3.12631945971006,3.204323323142031,3.1622491709542175,16.172016483149406,16.13865784902117,16.376228703098214,16.221171869463674,nan,nan,nan,nan,nan,nan,nan,nan,nan,nan,nan,nan,nan,nan,nan,nan
2,adam,adam,AdamW,,adam,,,requested,3.0,nan,nominal,0.003,additive,1.0,mse,0.09948087307221265,380,380,1.0,0.20154818418031628,0.20099793952053457,0.20252655753965393,0.20160979087176376,0.10206731110810362,0.10151706644832191,0.10304568446744128,0.1021289177995511,0.045451280767887695,0.044590093941675304,0.0455848719216892,0.045091013430483884,1.809102543861953,1.8035616574148245,1.8324795230339435,1.815324537930059,0.05630225671134563,0.05616330282319204,0.05657842983844788,0.05629723097337341,0.0,0.0,0.0,0.0,0.0,0.0,0.0,0.0,12.917981966542648,12.840124688864552,12.964732974506834,12.914574746844231,0.0,0.0,0.0,0.0,3.149024545484685,3.111145948801938,3.1847196058078726,3.1444999210171103,16.119686478819162,16.082225482540693,16.331684120928955,16.169082703654,nan,nan,nan,nan,nan,nan,nan,nan,nan,nan,nan,nan,nan,nan,nan,nan
2,adam,adam,AdamW,,adam,,,requested,3.0,nan,nominal,0.003,additive,1.0,mse,0.09948087307221265,390,390,1.0,0.20086759850386582,0.20024256172496263,0.20181763490661733,0.20089464227637097,0.10138672543165317,0.10076168865274998,0.10233676183440468,0.10141376920415832,0.045139803229550496,0.04432365056740571,0.04523983687446466,0.04477863326176389,1.7995546568263836,1.7930038615035635,1.8229386580153804,1.805394021943317,0.05595737176836654,0.055823792676980614,0.056206971625861996,0.055945249010590434,0.0,0.0,0.0,0.0,0.0,0.0,0.0,0.0,12.891305986281749,12.780259555680288,13.053520927535349,12.918537465831761,0.0,0.0,0.0,0.0,3.1357915355557022,3.096185592902275,3.1685732007297727,3.1297705982837325,16.071581292524996,16.03600148828415,16.290750648591327,16.121175654752967,nan,nan,nan,nan,nan,nan,nan,nan,nan,nan,nan,nan,nan,nan,nan,nan
2,adam,adam,AdamW,,adam,,,requested,3.0,nan,nominal,0.003,additive,1.0,mse,0.09948087307221265,400,400,1.0,0.20027447591197972,0.19960844669060063,0.20126686484607445,0.2002920859214919,0.10079360283976709,0.10012757361838798,0.1017859917738618,0.10081121284927924,0.044822249732786514,0.04409489182007901,0.044953595854673026,0.044509153236972125,1.7909826551629766,1.7840096655928153,1.8148980623662467,1.7969951093915308,0.05567575587445292,0.05552560322996126,0.05591667266672767,0.05564093213132774,0.0,0.0,0.0,0.0,0.0,0.0,0.0,0.0,12.893002894500425,12.824805948004103,12.923640207031303,12.88829466764081,0.0,0.0,0.0,0.0,3.123473204737171,3.083158429048104,3.1562754417979493,3.117063360811331,16.036781093417446,15.987795900159602,16.255008357783794,16.081446623354644,nan,nan,nan,nan,nan,nan,nan,nan,nan,nan,nan,nan,nan,nan,nan,nan
2,adam,adam,AdamW,,adam,,,requested,3.0,nan,nominal,0.003,additive,1.0,mse,0.09948087307221265,410,410,1.0,0.19978294297662774,0.1990833592149252,0.20076701376628814,0.199791709568418,0.10030206990441509,0.09960248614271255,0.10128614069407547,0.10031083649620534,0.044591404955213854,0.04391077286113191,0.04472837178361802,0.04429826803566692,1.7839776857018632,1.7764641524804334,1.8075424163525569,1.790029555616564,0.055441653340062916,0.05525811632816697,0.05565193512113428,0.05538692456617608,0.0,0.0,0.0,0.0,0.0,0.0,0.0,0.0,12.880466735149476,12.797832216187416,12.949600004078968,12.862938213924085,0.0,0.0,0.0,0.0,3.1135842286974746,3.0736411561019654,3.145855758465262,3.106612073085688,16.007127698426437,15.953111536148898,16.22677202307773,16.05050533199158,nan,nan,nan,nan,nan,nan,nan,nan,nan,nan,nan,nan,nan,nan,nan,nan
2,adam,adam,AdamW,,adam,,,requested,3.0,nan,nominal,0.003,additive,1.0,mse,0.09948087307221265,420,420,1.0,0.19938358496726444,0.19864725952700865,0.20036515192427054,0.19938294770840734,0.09990271189505179,0.099166386454796,0.10088427885205789,0.0999020746361947,0.04441749077331389,0.04376634751041865,0.04456458502102209,0.04413365762015208,1.7784297685755437,1.7709936455732012,1.8017950404442642,1.7844620357204732,0.05524616131096282,0.05505645172739175,0.05543793872594615,0.055185391620378964,0.0,0.0,0.0,0.0,0.0,0.0,0.0,0.0,12.744919370781531,12.726496887062414,12.7676024626262,12.775637341150793,0.0,0.0,0.0,0.0,3.104802476871009,3.0646649194753275,3.136558692031262,3.0978358203239345,15.97566722732606,15.92994263944475,16.203856827496075,16.02366232275416,nan,nan,nan,nan,nan,nan,nan,nan,nan,nan,nan,nan,nan,nan,nan,nan
2,adam,adam,AdamW,,adam,,,requested,3.0,nan,nominal,0.003,additive,1.0,mse,0.09948087307221265,430,430,1.0,0.19904240436760157,0.19831087071946757,0.20002010875170534,0.19904244128609255,0.09956153129538893,0.09882999764725493,0.1005392356794927,0.09956156821387989,0.04427548477954922,0.043622059049006394,0.04442416395313873,0.043990745453511455,1.773938341506954,1.7664456638961554,1.7969742883121154,1.779752351810311,0.055085771753810756,0.05488072681652745,0.055251381965957386,0.05501401180226699,0.0,0.0,0.0,0.0,0.0,0.0,0.0,0.0,12.947192327374074,12.798704257768412,13.022807426547889,12.940216070186313,0.0,0.0,0.0,0.0,3.097260547728428,3.058359074584396,3.1295450319742817,3.090762566670695,15.9511477750276,15.908109126931107,16.18335646754548,16.001668722573868,nan,nan,nan,nan,nan,nan,nan,nan,nan,nan,nan,nan,nan,nan,nan,nan
2,adam,adam,AdamW,,adam,,,requested,3.0,nan,nominal,0.003,additive,1.0,mse,0.09948087307221265,440,440,1.0,0.19878348956715208,0.19804657470040438,0.19975967391971702,0.1987804088351216,0.09930261649493945,0.09856570162819174,0.10027880084750437,0.09929953576290895,0.044162504349995246,0.04351924956314055,0.04432233569271964,0.04388030716191975,1.7704928878311246,1.762701496661288,1.7932116555910853,1.77612694233779,0.054950760901446453,0.05472808350771569,0.055095536375036315,0.05487595252356202,0.0,0.0,0.0,0.0,0.0,0.0,0.0,0.0,12.944798381539563,12.8507911909658,13.067715137022336,12.961511086556968,0.0,0.0,0.0,0.0,3.0916873501824327,3.0535756018084723,3.1245413589145876,3.0855675615002593,15.932169632411531,15.897605165695445,16.164074490718484,15.98466797568582,nan,nan,nan,nan,nan,nan,nan,nan,nan,nan,nan,nan,nan,nan,nan,nan
2,adam,adam,AdamW,,adam,,,requested,3.0,nan,nominal,0.003,additive,1.0,mse,0.09948087307221265,450,450,1.0,0.198587995059085,0.19784114047790516,0.19954752884091118,0.19857721495256075,0.09910712198687235,0.09836026740569251,0.10006665576869853,0.0990963418803481,0.044077791785699594,0.04344221280777052,0.044254253395797846,0.04379920667044321,1.7676100462068352,1.7598175417583328,1.7903583188719225,1.7732247454728882,0.054836308528379556,0.05461339253226692,0.05498262499606349,0.05476583667147976,0.0,0.0,0.0,0.0,0.0,0.0,0.0,0.0,12.932517948057576,12.788090933381024,13.044078942798873,12.945351634783105,0.0,0.0,0.0,0.0,3.0878823951932555,3.0492603646149274,3.1203792107811306,3.081530545779382,15.918286980073006,15.889483454791858,16.15041610205604,15.97298396096376,nan,nan,nan,nan,nan,nan,nan,nan,nan,nan,nan,nan,nan,nan,nan,nan
2,adam,adam,AdamW,,adam,,,requested,3.0,nan,nominal,0.003,additive,1.0,mse,0.09948087307221265,460,460,1.0,0.19843893345945363,0.19768749861358595,0.1993756149671111,0.1984213300443355,0.09895806038724098,0.0982066255413733,0.09989474189489844,0.09894045697212281,0.04401522481011173,0.04338345111268033,0.04419765527507434,0.04373724686205843,1.7652921094638967,1.7576902091589788,1.7882441539510563,1.771057586125293,0.05474239521507737,0.054519574678584745,0.05488812338977913,0.05467641979765732,0.0,0.0,0.0,0.0,0.0,0.0,0.0,0.0,12.848257579241755,12.778126696854034,12.97510458691397,12.872223411544285,0.0,0.0,0.0,0.0,3.0849278440788064,3.0462442760692294,3.1171833874229273,3.07835681082353,15.908289373527674,15.88151087418513,16.138398679093225,15.963163895795596,nan,nan,nan,nan,nan,nan,nan,nan,nan,nan,nan,nan,nan,nan,nan,nan
2,adam,adam,AdamW,,adam,,,requested,3.0,nan,nominal,0.003,additive,1.0,mse,0.09948087307221265,470,470,1.0,0.19832402937411084,0.1975694862286419,0.19925210677972385,0.19830424162630994,0.09884315630189819,0.09808861315642925,0.0997712337075112,0.09882336855409729,0.04396543404603802,0.04333653733934649,0.044152274451757574,0.0436856354817514,1.76352048321372,1.7560658569666934,1.7866661079840012,1.769431057201805,0.05467292512534552,0.05445109895117755,0.054831053780177046,0.05461148553181372,0.0,0.0,0.0,0.0,0.0,0.0,0.0,0.0,13.01616249121236,12.912551339604292,13.103583565797619,12.971679237459249,0.0,0.0,0.0,0.0,3.0825869006377946,3.0437457036831947,3.1149134260010634,3.075875802957062,15.900414766852567,15.874406110837368,16.128598858685322,15.954729522863289,nan,nan,nan,nan,nan,nan,nan,nan,nan,nan,nan,nan,nan,nan,nan,nan
2,adam,adam,AdamW,,adam,,,requested,3.0,nan,nominal,0.003,additive,1.0,mse,0.09948087307221265,480,480,1.0,0.19823828561194645,0.19747864935823348,0.19916527802486217,0.19821670835917438,0.0987574125397338,0.09799777628602083,0.09968440495264952,0.09873583528696173,0.04393012887072249,0.04330070605140178,0.044115086120578725,0.04365015580504514,1.7622669692679125,1.7549028519727656,1.785314356221829,1.768195496416424,0.05461516620191825,0.05440376040252108,0.05478456780470373,0.054561935274366015,0.0,0.0,0.0,0.0,0.0,0.0,0.0,0.0,12.925263818846181,12.865749117662446,12.984427627631055,12.916517743893227,0.0,0.0,0.0,0.0,3.080861274991711,3.0417194114189,3.11316625788574,3.0740642192151695,15.894564066546678,15.869097043267884,16.12297039569248,15.949154981468666,nan,nan,nan,nan,nan,nan,nan,nan,nan,nan,nan,nan,nan,nan,nan,nan
2,adam,adam,AdamW,,adam,,,requested,3.0,nan,nominal,0.003,additive,1.0,mse,0.09948087307221265,490,490,1.0,0.1981721655847572,0.19740692390805967,0.19909887471971943,0.19814991571847096,0.09869129251254456,0.09792605083584702,0.09961800164750678,0.0986690426462583,0.04390295958712223,0.04327028011307911,0.044087562563266285,0.04362317947015769,1.761310771180391,1.7540083712156531,1.7843978165531893,1.7672772075463414,0.05457522864072949,0.054363371333039534,0.05474860290132448,0.054524409809672915,0.0,0.0,0.0,0.0,0.0,0.0,0.0,0.0,12.934542220123834,12.791407471977035,13.079192793385804,12.954423969146061,0.0,0.0,0.0,0.0,3.0795704080225352,3.0400164673585843,3.111753377812801,3.0726587342226743,15.890218707358418,15.86479870333218,16.119293643321033,15.945106363632457,nan,nan,nan,nan,nan,nan,nan,nan,nan,nan,nan,nan,nan,nan,nan,nan
2,adam,adam,AdamW,,adam,,,requested,3.0,nan,nominal,0.003,additive,1.0,mse,0.09948087307221265,500,500,1.0,0.19811749379220966,0.197349203675544,0.19904120963802807,0.19809396547145822,0.098636620719997,0.09786833060333136,0.09956033656581541,0.09861309239924558,0.043882158919609865,0.04324504147984115,0.044064349238237994,0.04360004188071466,1.7605090898932882,1.753248700920873,1.7836270797921974,1.7665114457101336,0.054543876221474136,0.054328843271458455,0.05471666180907744,0.054492769376189784,0.0,0.0,0.0,0.0,0.0,0.0,0.0,0.0,12.948299578650303,12.852291377776965,12.992682334198735,12.936104446493728,0.0,0.0,0.0,0.0,3.0784750276050925,3.0388461787747465,3.1105511883985884,3.071496058413568,15.88631575354575,15.861694025902622,16.116084835947586,15.941694894250446,nan,nan,nan,nan,nan,nan,nan,nan,nan,nan,nan,nan,nan,nan,nan,nan
