model,optimizer,dataset,domain,lr,ft_loss,pt_loss,ft_loss_base,pt_loss_base,delta_pt,delta_ft,delta_norm,base_norm,final_train_loss,status,time_s
nanogpt_s43,sgd,codeparrot,far,0.0,2.2900324782280075,3.185731421244821,2.2900324782280075,3.185731421244821,0.0,0.0,0.0,1505.5145345539431,,base,11.5
nanogpt_s43,sgd,codeparrot,far,1e-06,2.1996239402756066,3.1857609347587927,2.2900324782280075,3.185731421244821,2.9513513971846095e-05,-0.09040853795240089,0.25958352659984196,1505.5145345539431,2.2822344303131104,ok,27.8
nanogpt_s43,sgd,codeparrot,far,1.78e-06,2.2109806075721337,3.186251653383856,2.2900324782280075,3.185731421244821,0.0005202321390349596,-0.07905187065587382,0.44873082719313945,1505.5145345539431,2.266906261444092,ok,27.6
nanogpt_s43,sgd,codeparrot,far,3.16e-06,2.1566720652720233,3.1876430212868168,2.2900324782280075,3.185731421244821,0.0019116000419958645,-0.13336041295598422,0.716440716195292,1505.5145345539431,2.2079403400421143,ok,27.6
nanogpt_s43,sgd,codeparrot,far,5.62e-06,2.0597618125422827,3.1908011987018026,2.2900324782280075,3.185731421244821,0.005069777456981672,-0.23027066568572474,1.1322986014599183,1505.5145345539431,2.127676248550415,ok,27.6
nanogpt_s43,sgd,codeparrot,far,1e-05,1.9545726514842412,3.1962214990604645,2.2900324782280075,3.185731421244821,0.010490077815643595,-0.3354598267437663,1.7737822253938806,1505.5145345539431,2.04433810710907,ok,27.6
nanogpt_s43,sgd,codeparrot,far,1.78e-05,1.879668006225108,3.2012875402043712,2.2900324782280075,3.185731421244821,0.015556118959550336,-0.4103644720028994,2.6978812084251746,1505.5145345539431,1.985898494720459,ok,27.7
nanogpt_s43,sgd,codeparrot,far,3.16e-05,1.8182067087251845,3.2067960078468993,2.2900324782280075,3.185731421244821,0.02106458660207844,-0.47182576950282296,4.121902143487045,1505.5145345539431,1.9279826283454895,ok,27.6
nanogpt_s43,sgd,codeparrot,far,5.62e-05,1.7675665950588517,3.21466834111223,2.2900324782280075,3.185731421244821,0.028936919867409205,-0.5224658831691558,6.46610313628056,1505.5145345539431,1.8779296875,ok,27.6
nanogpt_s43,sgd,codeparrot,far,0.0001,1.7176485789498703,3.2280046384628505,2.2900324782280075,3.185731421244821,0.04227321721802957,-0.5723838992781372,10.52311005411761,1505.5145345539431,1.8304997086524963,ok,27.6
nanogpt_s43,sgd,codeparrot,far,0.000178,1.6736675157938918,3.2506288464988513,2.2900324782280075,3.185731421244821,0.06489742525403042,-0.6163649624341156,17.366664084055508,1505.5145345539431,1.788116455078125,ok,27.6
nanogpt_s43,sgd,codeparrot,far,0.000316,1.6506528313145945,3.292350806368774,2.2900324782280075,3.185731421244821,0.10661938512395297,-0.639379646913413,28.704585533603947,1505.5145345539431,1.760146677494049,ok,27.7
nanogpt_s43,sgd,codeparrot,far,0.000562,1.6242228058219657,3.3501742264062693,2.2900324782280075,3.185731421244821,0.16444280516144838,-0.6658096724060418,47.805592052937854,1505.5145345539431,1.7268539071083069,ok,27.6
nanogpt_s43,sgd,codeparrot,far,0.001,1.6374376300729652,3.444331969766934,2.2900324782280075,3.185731421244821,0.258600548522113,-0.6525948481550423,80.95985870964819,1505.5145345539431,1.7234131693840027,ok,27.6
nanogpt_s43,sgd,codeparrot,far,0.00178,1.7068265328901855,3.7223699946692776,2.2900324782280075,3.185731421244821,0.5366385734244568,-0.583205945337822,134.80476627987986,1505.5145345539431,1.783641278743744,ok,27.6
nanogpt_s43,sgd,codeparrot,far,0.00316,1.8787364997042602,4.439340527976795,2.2900324782280075,3.185731421244821,1.2536091067319743,-0.41129597852374733,229.69529712155918,1505.5145345539431,1.9489954113960266,ok,27.8
nanogpt_s43,sgd,codeparrot,far,0.00562,4.1037081738974015,8.095406459502279,2.2900324782280075,3.185731421244821,4.909675038257458,1.813675695669394,410.3321647427934,1505.5145345539431,4.139372825622559,ok,27.6
nanogpt_s43,sgd,codeparrot,far,0.01,4.3249232521728995,8.24994062210949,2.2900324782280075,3.185731421244821,5.064209200864669,2.034890773944892,674.924818732846,1505.5145345539431,4.346717596054077,ok,27.6
nanogpt_s43,muon,codeparrot,far,0.0,2.524534759222878,3.144326409715029,2.524534759222878,3.144326409715029,0.0,0.0,0.0,1527.1130987035408,,base,11.5
nanogpt_s43,muon,codeparrot,far,1e-06,2.411059011918458,3.1448525915873726,2.524534759222878,3.144326409715029,0.0005261818723436562,-0.1134757473044199,0.2566566717318837,1527.1130987035408,2.5165172815322876,ok,27.9
nanogpt_s43,muon,codeparrot,far,1.78e-06,2.37106817435845,3.1458381309434627,2.524534759222878,3.144326409715029,0.0015117212284336823,-0.15346658486442788,0.4532814405240571,1527.1130987035408,2.5011775493621826,ok,27.6
nanogpt_s43,muon,codeparrot,far,3.16e-06,2.307737115311296,3.1486399850266786,2.524534759222878,3.144326409715029,0.0043135753116496645,-0.21679764391158196,0.7723858462584141,1527.1130987035408,2.434786081314087,ok,27.6
nanogpt_s43,muon,codeparrot,far,5.62e-06,2.219332241498794,3.1550700641191636,2.524534759222878,3.144326409715029,0.010743654404134606,-0.305202517724084,1.2628455041213165,1527.1130987035408,2.3298436403274536,ok,27.6
nanogpt_s43,muon,codeparrot,far,1e-05,2.1160791475478917,3.1641872689681976,2.524534759222878,3.144326409715029,0.019860859253168606,-0.40845561167498623,1.9720111265258768,1527.1130987035408,2.2087305784225464,ok,27.6
nanogpt_s43,muon,codeparrot,far,1.78e-05,2.0218323634795246,3.170292878570855,2.524534759222878,3.144326409715029,0.025966468855826097,-0.5027023957433534,2.9750912868918684,1527.1130987035408,2.1249449253082275,ok,27.6
nanogpt_s43,muon,codeparrot,far,3.16e-05,1.9298853043707382,3.178466961108542,2.524534759222878,3.144326409715029,0.03414055139351291,-0.5946494548521397,4.480168743609118,1527.1130987035408,2.044934391975403,ok,27.3
nanogpt_s43,muon,codeparrot,far,5.62e-05,1.8599153283524186,3.192243579782385,2.524534759222878,3.144326409715029,0.047917170067356185,-0.6646194308704594,6.951770222444197,1527.1130987035408,1.9730836749076843,ok,27.6
nanogpt_s43,muon,codeparrot,far,0.0001,1.7926893738151297,3.214096797189134,2.524534759222878,3.144326409715029,0.06977038747410491,-0.7318453854077482,11.160964929025143,1527.1130987035408,1.910235047340393,ok,27.6
nanogpt_s43,muon,codeparrot,far,0.000178,1.741255254428214,3.2487845448831756,2.524534759222878,3.144326409715029,0.10445813516814662,-0.7832795047946639,18.185854696617792,1527.1130987035408,1.8565323948860168,ok,27.6
nanogpt_s43,muon,codeparrot,far,0.000316,1.6985378825267934,3.326518560808932,2.524534759222878,3.144326409715029,0.18219215109390285,-0.8259968766960846,30.330396395231343,1527.1130987035408,1.8029385209083557,ok,27.6
nanogpt_s43,muon,codeparrot,far,0.000562,1.6845767922597388,3.4158201721549735,2.524534759222878,3.144326409715029,0.2714937624399445,-0.8399579669631392,49.15969738318523,1527.1130987035408,1.7768639922142029,ok,27.6
nanogpt_s43,muon,codeparrot,far,0.001,1.678435652223352,3.557225807772224,2.524534759222878,3.144326409715029,0.4128993980571951,-0.8460991069995261,83.46852106065064,1527.1130987035408,1.7580130696296692,ok,27.7
nanogpt_s43,muon,codeparrot,far,0.00178,1.7190357439671944,3.7298627319634545,2.524534759222878,3.144326409715029,0.5855363222484256,-0.8054990152556836,139.08134521051647,1527.1130987035408,1.7899152636528015,ok,27.6
nanogpt_s43,muon,codeparrot,far,0.00316,1.8673045313288321,4.228201218547187,2.524534759222878,3.144326409715029,1.083874808832158,-0.6572302278940458,232.72917209274527,1527.1130987035408,1.9265866875648499,ok,27.7
nanogpt_s43,muon,codeparrot,far,0.00562,3.8109591907717713,7.721896050260958,2.524534759222878,3.144326409715029,4.57756964054593,1.2864244315488933,436.8027882244302,1527.1130987035408,3.8577706813812256,ok,27.5
nanogpt_s43,muon,codeparrot,far,0.01,4.519216503882362,8.9043848444571,2.524534759222878,3.144326409715029,5.760058434742071,1.9946817446594838,628.82922103292,1527.1130987035408,4.538403272628784,ok,27.6
nanogpt_s43,muon_sam,codeparrot,far,0.0,2.4617105398159436,3.1470819723349495,2.4617105398159436,3.1470819723349495,0.0,0.0,0.0,1533.7704693290493,,base,11.3
nanogpt_s43,muon_sam,codeparrot,far,1e-06,2.371841072336335,3.147346933293949,2.4617105398159436,3.1470819723349495,0.0002649609589995272,-0.08986946747960856,0.2562415824054092,1533.7704693290493,2.475293278694153,ok,27.5
nanogpt_s43,muon_sam,codeparrot,far,1.78e-06,2.3344898858415637,3.1477981910780217,2.4617105398159436,3.1470819723349495,0.0007162187430722611,-0.12722065397437987,0.45316963363197554,1533.7704693290493,2.4635382890701294,ok,27.3
nanogpt_s43,muon_sam,codeparrot,far,3.16e-06,2.2854105208484627,3.1490535362825933,2.4617105398159436,3.1470819723349495,0.0019715639476438618,-0.17630001896748082,0.7807396505082933,1533.7704693290493,2.410327196121216,ok,27.5
nanogpt_s43,muon_sam,codeparrot,far,5.62e-06,2.2094173953957754,3.1520902741911825,2.4617105398159436,3.1470819723349495,0.005008301856233022,-0.25229314442016815,1.2863606024310272,1533.7704693290493,2.31880784034729,ok,27.6
nanogpt_s43,muon_sam,codeparrot,far,1e-05,2.1172243181740003,3.157419738470925,2.4617105398159436,3.1470819723349495,0.010337766135975368,-0.3444862216419433,2.03806875956694,1533.7704693290493,2.202801823616028,ok,27.6
nanogpt_s43,muon_sam,codeparrot,far,1.78e-05,2.0313010057124607,3.1612641657401905,2.4617105398159436,3.1470819723349495,0.014182193405241073,-0.4304095341034828,3.0421522782569212,1533.7704693290493,2.1294593811035156,ok,27.6
nanogpt_s43,muon_sam,codeparrot,far,3.16e-05,1.939382545635425,3.165733203029446,2.4617105398159436,3.1470819723349495,0.01865123069449659,-0.5223279941805186,4.666191574636448,1533.7704693290493,2.0479963421821594,ok,27.6
nanogpt_s43,muon_sam,codeparrot,far,5.62e-05,1.8692199796613183,3.172465699526195,2.4617105398159436,3.1470819723349495,0.025383727191245598,-0.5924905601546253,7.274263259342705,1533.7704693290493,1.9774187803268433,ok,27.6
nanogpt_s43,muon_sam,codeparrot,far,0.0001,1.800736141764721,3.1848255575519717,2.4617105398159436,3.1470819723349495,0.03774358521702226,-0.6609743980512226,11.734062669014593,1533.7704693290493,1.9117624759674072,ok,27.6
nanogpt_s43,muon_sam,codeparrot,far,0.000178,1.7471105198570893,3.200796127319336,2.4617105398159436,3.1470819723349495,0.053714154984386475,-0.7146000199588542,18.771951367258815,1533.7704693290493,1.8591836094856262,ok,27.6
nanogpt_s43,muon_sam,codeparrot,far,0.000316,1.7118481749891068,3.225648525409736,2.4617105398159436,3.1470819723349495,0.07856655307478633,-0.7498623648268368,30.58236179194831,1533.7704693290493,1.816219985485077,ok,27.6
nanogpt_s43,muon_sam,codeparrot,far,0.000562,1.6839589792688299,3.2818237125523635,2.4617105398159436,3.1470819723349495,0.13474174021741403,-0.7777515605471137,50.76286225560229,1533.7704693290493,1.7781316041946411,ok,27.6
nanogpt_s43,muon_sam,codeparrot,far,0.001,1.6814246242993498,3.3833131286262765,2.4617105398159436,3.1470819723349495,0.23623115629132707,-0.7802859155165938,82.18616052636021,1533.7704693290493,1.7610710263252258,ok,27.6
nanogpt_s43,muon_sam,codeparrot,far,0.00178,1.70761776157088,3.551011191888798,2.4617105398159436,3.1470819723349495,0.40392921955384864,-0.7540927782450635,139.74839321155406,1533.7704693290493,1.781541109085083,ok,27.6
nanogpt_s43,muon_sam,codeparrot,far,0.00316,1.8515553334454502,4.108971496850777,2.4617105398159436,3.1470819723349495,0.9618895245158274,-0.6101552063704934,228.57903232880014,1533.7704693290493,1.9134604334831238,ok,27.8
nanogpt_s43,muon_sam,codeparrot,far,0.00562,3.9679136182930606,7.803467916649148,2.4617105398159436,3.1470819723349495,4.656385944314199,1.506203078477117,431.92706712955004,1533.7704693290493,3.9948867559432983,ok,27.5
nanogpt_s43,muon_sam,codeparrot,far,0.01,4.589857866619431,9.19810187233404,2.4617105398159436,3.1470819723349495,6.051019899999091,2.128147326803487,622.4685060793249,1533.7704693290493,4.622552871704102,ok,27.6
nanogpt_s43,sam,codeparrot,far,0.0,2.296549429398927,3.185203944167046,2.296549429398927,3.185203944167046,0.0,0.0,0.0,1505.5059086089568,,base,16.0
nanogpt_s43,sam,codeparrot,far,1e-06,2.2017914497689026,3.1852656026642383,2.296549429398927,3.185203944167046,6.165849719241834e-05,-0.09475797963002419,0.25935237152123713,1505.5059086089568,2.2840901613235474,ok,37.9
nanogpt_s43,sam,codeparrot,far,1.78e-06,2.211226789918664,3.185789037357338,2.296549429398927,3.185203944167046,0.0005850931902919854,-0.08532263948026264,0.4486823517587597,1505.5059086089568,2.268536925315857,ok,42.4
nanogpt_s43,sam,codeparrot,far,3.16e-06,2.15913464645117,3.1872441166767636,2.296549429398927,3.185203944167046,0.0020401725097176637,-0.137414782947757,0.7166341737159512,1505.5059086089568,2.2086209058761597,ok,37.7
nanogpt_s43,sam,codeparrot,far,5.62e-06,2.0604419633600344,3.19051961656186,2.296549429398927,3.185203944167046,0.005315672394814008,-0.23610746603889243,1.133431708630259,1505.5059086089568,2.128180503845215,ok,39.3
nanogpt_s43,sam,codeparrot,far,1e-05,1.9547743564015965,3.195951450594251,2.296549429398927,3.185203944167046,0.0107475064272049,-0.34177507299733034,1.7740469499269251,1505.5059086089568,2.043916702270508,ok,40.0
nanogpt_s43,sam,codeparrot,far,1.78e-05,1.879127954083646,3.2008571438126836,2.296549429398927,3.185203944167046,0.015653199645637716,-0.41742147531528073,2.6922101471772275,1505.5059086089568,1.9852953553199768,ok,37.7
nanogpt_s43,sam,codeparrot,far,3.16e-05,1.8170880095599449,3.2063241760791397,2.296549429398927,3.185203944167046,0.02112023191209378,-0.47946141983898194,4.109526536875332,1505.5059086089568,1.9271446466445923,ok,42.0
nanogpt_s43,sam,codeparrot,far,5.62e-05,1.7659019836007732,3.2138454489511985,2.296549429398927,3.185203944167046,0.028641504784152616,-0.5306474457981536,6.443695099189373,1505.5059086089568,1.8767220377922058,ok,38.1
nanogpt_s43,sam,codeparrot,far,0.0001,1.7161129318804658,3.226878283775016,2.296549429398927,3.185203944167046,0.04167433960797018,-0.580436497518461,10.484282514464837,1505.5059086089568,1.8295445442199707,ok,41.5
nanogpt_s43,sam,codeparrot,far,0.000178,1.6720879735778689,3.24974499383318,2.296549429398927,3.185203944167046,0.06454104966613405,-0.6244614558210579,17.340918783321328,1505.5059086089568,1.7861853241920471,ok,38.8
nanogpt_s43,sam,codeparrot,far,0.000316,1.6486874933112157,3.2920730986473843,2.296549429398927,3.185203944167046,0.1068691544803384,-0.6478619360877111,28.84519299266785,1505.5059086089568,1.758261263370514,ok,37.6
nanogpt_s43,sam,codeparrot,far,0.000562,1.6268788690436375,3.347802033396383,2.296549429398927,3.185203944167046,0.16259808922933727,-0.6696705603552893,47.438234528399306,1505.5059086089568,1.7276455163955688,ok,40.1
nanogpt_s43,sam,codeparrot,far,0.001,1.632108150862901,3.4497769424826665,2.296549429398927,3.185203944167046,0.26457299831562064,-0.6644412785360259,80.53446714356141,1505.5059086089568,1.7201315760612488,ok,38.7
nanogpt_s43,sam,codeparrot,far,0.00178,1.7085601634941923,3.715218124091042,2.296549429398927,3.185203944167046,0.5300141799239961,-0.5879892659047345,134.67881803646583,1505.5059086089568,1.782969892024994,ok,41.5
nanogpt_s43,sam,codeparrot,far,0.00316,1.8736871058693605,4.448838392582425,2.296549429398927,3.185203944167046,1.2636344484153788,-0.4228623235295663,231.0609620039792,1505.5059086089568,1.9387648105621338,ok,37.7
nanogpt_s43,sam,codeparrot,far,0.00562,3.9238569479865806,7.801994241613698,2.296549429398927,3.185203944167046,4.616790297446652,1.6273075185876538,413.7071846564576,1505.5059086089568,3.9645957946777344,ok,40.4
nanogpt_s43,sam,codeparrot,far,0.01,4.342557089669364,8.280891612551217,2.296549429398927,3.185203944167046,5.095687668384171,2.046007660270437,664.9147600539552,1505.5059086089568,4.3619983196258545,ok,38.6
nanogpt_s43,fsam_ortho_muon,codeparrot,far,0.0,2.460479676606837,3.146351099480855,2.460479676606837,3.146351099480855,0.0,0.0,0.0,1533.3802587661617,,base,11.5
nanogpt_s43,fsam_ortho_muon,codeparrot,far,1e-06,2.368120032980484,3.1465993347466577,2.460479676606837,3.146351099480855,0.00024823526580286526,-0.09235964362635318,0.2550728765885201,1533.3802587661617,2.4770177602767944,ok,27.9
nanogpt_s43,fsam_ortho_muon,codeparrot,far,1.78e-06,2.3241381113309916,3.1470514696871463,2.460479676606837,3.146351099480855,0.0007003702062915451,-0.1363415652758455,0.451852745640065,1533.3802587661617,2.4650293588638306,ok,27.3
nanogpt_s43,fsam_ortho_muon,codeparrot,far,3.16e-06,2.272011071968452,3.1483613852185512,2.460479676606837,3.146351099480855,0.00201028573769646,-0.188468604638385,0.784178259221297,1533.3802587661617,2.4118189811706543,ok,27.5
nanogpt_s43,fsam_ortho_muon,codeparrot,far,5.62e-06,2.2021140007123554,3.1515996600783733,2.460479676606837,3.146351099480855,0.005248560597518548,-0.2583656758944817,1.2987725598602011,1533.3802587661617,2.318112373352051,ok,27.6
nanogpt_s43,fsam_ortho_muon,codeparrot,far,1e-05,2.1143631123283373,3.1571941674338864,2.460479676606837,3.146351099480855,0.010843067953031582,-0.3461165642784998,2.0559312040529965,1533.3802587661617,2.201161742210388,ok,27.6
nanogpt_s43,fsam_ortho_muon,codeparrot,far,1.78e-05,2.0283294535896315,3.1611788314849196,2.460479676606837,3.146351099480855,0.014827732004064842,-0.4321502230172056,3.0785755570808457,1533.3802587661617,2.1259790658950806,ok,27.4
nanogpt_s43,fsam_ortho_muon,codeparrot,far,3.16e-05,1.9364826814535778,3.1657947271537408,2.460479676606837,3.146351099480855,0.019443627672885988,-0.5239969951532593,4.700624969004503,1533.3802587661617,2.0457940101623535,ok,27.6
nanogpt_s43,fsam_ortho_muon,codeparrot,far,5.62e-05,1.8646011053932623,3.173026512280369,2.460479676606837,3.146351099480855,0.02667541279951413,-0.5958785712135748,7.336276625727727,1533.3802587661617,1.9742740392684937,ok,27.7
nanogpt_s43,fsam_ortho_muon,codeparrot,far,0.0001,1.8002494020704654,3.185156264183806,2.460479676606837,3.146351099480855,0.038805164702951256,-0.6602302745363717,11.723008514329553,1533.3802587661617,1.912508487701416,ok,27.6
nanogpt_s43,fsam_ortho_muon,codeparrot,far,0.000178,1.749955018672458,3.201959053830858,2.460479676606837,3.146351099480855,0.05560795435000321,-0.7105246579343791,18.677190115231436,1533.3802587661617,1.8623271584510803,ok,27.6
nanogpt_s43,fsam_ortho_muon,codeparrot,far,0.000316,1.7110634596613756,3.2278650660804105,2.460479676606837,3.146351099480855,0.08151396659955568,-0.7494162169454615,30.649168625353234,1533.3802587661617,1.815739095211029,ok,27.6
nanogpt_s43,fsam_ortho_muon,codeparrot,far,0.000562,1.7010812143523633,3.284077347607995,2.460479676606837,3.146351099480855,0.1377262481271404,-0.7593984622544738,50.17599943791067,1533.3802587661617,1.793265700340271,ok,27.7
nanogpt_s43,fsam_ortho_muon,codeparrot,far,0.001,1.6773591013570588,3.390163869540519,2.460479676606837,3.146351099480855,0.24381277005966417,-0.7831205752497783,82.78009459489702,1533.3802587661617,1.7564488053321838,ok,27.6
nanogpt_s43,fsam_ortho_muon,codeparrot,far,0.00178,1.7072844794585047,3.56138507074106,2.460479676606837,3.146351099480855,0.41503397126020536,-0.7531951971483324,139.55555147233622,1533.3802587661617,1.778313159942627,ok,27.6
nanogpt_s43,fsam_ortho_muon,codeparrot,far,0.00316,1.8582763186639535,4.104664546869506,2.460479676606837,3.146351099480855,0.958313447388651,-0.6022033579428836,231.23926849456714,1533.3802587661617,1.9202540516853333,ok,27.8
nanogpt_s43,fsam_ortho_muon,codeparrot,far,0.00562,3.9391356615637614,7.917745265475458,2.460479676606837,3.146351099480855,4.771394165994603,1.4786559849569243,405.4404964590257,1533.3802587661617,3.966081976890564,ok,27.6
nanogpt_s43,fsam_ortho_muon,codeparrot,far,0.01,4.409208853883986,8.363196445771159,2.460479676606837,3.146351099480855,5.216845346290304,1.9487291772771491,652.8913893422318,1533.3802587661617,4.436617612838745,ok,27.6
nanogpt_s43,randsam_muon,codeparrot,far,0.0,2.5221772912430436,3.14444471385381,2.5221772912430436,3.14444471385381,0.0,0.0,0.0,1527.088431340137,,base,11.4
nanogpt_s43,randsam_muon,codeparrot,far,1e-06,2.4056286597205236,3.1449703694323037,2.5221772912430436,3.14444471385381,0.0005256555784938222,-0.11654863152251993,0.25507756393034203,1527.088431340137,2.515893578529358,ok,27.9
nanogpt_s43,randsam_muon,codeparrot,far,1.78e-06,2.3558449530554846,3.1459613844839796,2.5221772912430436,3.14444471385381,0.001516670630169692,-0.166332338187559,0.4517298986988951,1527.088431340137,2.5010846853256226,ok,27.3
nanogpt_s43,randsam_muon,codeparrot,far,3.16e-06,2.295436403756039,3.1488245536669828,2.5221772912430436,3.14444471385381,0.004379839813172914,-0.22674088748700472,0.7786482212234596,1527.088431340137,2.435292959213257,ok,27.7
nanogpt_s43,randsam_muon,codeparrot,far,5.62e-06,2.2167352463634513,3.1553086208037433,2.5221772912430436,3.14444471385381,0.010863906949933444,-0.30544204487959226,1.2764479562223485,1527.088431340137,2.3292181491851807,ok,27.6
nanogpt_s43,randsam_muon,codeparrot,far,1e-05,2.1123563576117887,3.164478059384221,2.5221772912430436,3.14444471385381,0.02003334553041114,-0.4098209336312548,1.992040762949328,1527.088431340137,2.20551598072052,ok,27.6
nanogpt_s43,randsam_muon,codeparrot,far,1.78e-05,2.0177817409985686,3.1707561963225066,2.5221772912430436,3.14444471385381,0.026311482468696745,-0.504395550244475,3.0116422809694545,1527.088431340137,2.121890664100647,ok,27.7
nanogpt_s43,randsam_muon,codeparrot,far,3.16e-05,1.9264077337753982,3.179146563236961,2.5221772912430436,3.14444471385381,0.03470184938315102,-0.5957695574676454,4.529968722882351,1527.088431340137,2.042300820350647,ok,27.6
nanogpt_s43,randsam_muon,codeparrot,far,5.62e-05,1.8530540279679568,3.193519192899043,2.5221772912430436,3.14444471385381,0.04907447904523332,-0.6691232632750868,7.097593115664798,1527.088431340137,1.9676862359046936,ok,27.7
nanogpt_s43,randsam_muon,codeparrot,far,0.0001,1.790048983698955,3.2163332399790066,2.5221772912430436,3.14444471385381,0.0718885261251967,-0.7321283075440885,11.315353038654006,1527.088431340137,1.9087467789649963,ok,27.6
nanogpt_s43,randsam_muon,codeparrot,far,0.000178,1.7434797604256647,3.2498051369026917,2.5221772912430436,3.14444471385381,0.10536042304888182,-0.7786975308173789,18.163397672272207,1527.088431340137,1.8594014644622803,ok,27.6
nanogpt_s43,randsam_muon,codeparrot,far,0.000316,1.703561738045948,3.322278323238843,2.5221772912430436,3.14444471385381,0.17783360938503323,-0.8186155531970956,29.979622318428962,1527.088431340137,1.8083592653274536,ok,27.6
nanogpt_s43,randsam_muon,codeparrot,far,0.000562,1.6921548414137033,3.412364160944571,2.5221772912430436,3.14444471385381,0.2679194470907613,-0.8300224498293403,49.2584266999038,1527.088431340137,1.7842267751693726,ok,27.6
nanogpt_s43,randsam_muon,codeparrot,far,0.001,1.6819032605613515,3.5682515071562824,2.5221772912430436,3.14444471385381,0.4238067933024725,-0.840274030681692,83.26585206323584,1527.088431340137,1.761243999004364,ok,27.6
nanogpt_s43,randsam_muon,codeparrot,far,0.00178,1.727584200595923,3.7103634029918453,2.5221772912430436,3.14444471385381,0.5659186891380354,-0.7945930906471206,137.25602593355768,1527.088431340137,1.8015645742416382,ok,27.6
nanogpt_s43,randsam_muon,codeparrot,far,0.00316,1.8658624376569475,4.2644791015206955,2.5221772912430436,3.14444471385381,1.1200343876668857,-0.6563148535860961,234.61688597358537,1527.088431340137,1.9240282773971558,ok,27.8
nanogpt_s43,randsam_muon,codeparrot,far,0.00562,3.855600547417269,7.660727603561491,2.5221772912430436,3.14444471385381,4.516282889707681,1.3334232561742256,437.84336926574946,1527.088431340137,3.897124171257019,ok,27.6
nanogpt_s43,randsam_muon,codeparrot,far,0.01,4.36550831654767,8.661606133567377,2.5221772912430436,3.14444471385381,5.517161419713567,1.8433310253046264,647.8147581054667,1527.088431340137,4.403334140777588,ok,27.6
nanogpt_s43,fsam_ortho_muon_stale_momentum,codeparrot,far,0.0,2.5002274485250275,3.143828696234119,2.5002274485250275,3.143828696234119,0.0,0.0,0.0,1527.1456875124256,,base,11.5
nanogpt_s43,fsam_ortho_muon_stale_momentum,codeparrot,far,1e-06,2.3949850646017117,3.1443584315230937,2.5002274485250275,3.143828696234119,0.0005297352889748197,-0.10524238392331586,0.25669658609926105,1527.1456875124256,2.497127652168274,ok,27.9
nanogpt_s43,fsam_ortho_muon_stale_momentum,codeparrot,far,1.78e-06,2.360629191837199,3.1453487672451192,2.5002274485250275,3.143828696234119,0.001520071011000379,-0.13959825668782866,0.45280719899814786,1527.1456875124256,2.48268723487854,ok,27.6
nanogpt_s43,fsam_ortho_muon_stale_momentum,codeparrot,far,3.16e-06,2.3002105683029983,3.1481343920683442,2.5002274485250275,3.143828696234119,0.004305695834225354,-0.20001688022202924,0.7683957584561745,1527.1456875124256,2.419458508491516,ok,27.7
nanogpt_s43,fsam_ortho_muon_stale_momentum,codeparrot,far,5.62e-06,2.2099742105562394,3.1543510646036226,2.5002274485250275,3.143828696234119,0.01052236836950371,-0.2902532379687881,1.2539219715346128,1527.1456875124256,2.320332169532776,ok,27.6
nanogpt_s43,fsam_ortho_muon_stale_momentum,codeparrot,far,1e-05,2.1095897204255403,3.1629061092369244,2.5002274485250275,3.143828696234119,0.01907741300280552,-0.39063772809948727,1.958149119297321,1527.1456875124256,2.2064104080200195,ok,27.7
nanogpt_s43,fsam_ortho_muon_stale_momentum,codeparrot,far,1.78e-05,2.0185536125168175,3.167873830478019,2.5002274485250275,3.143828696234119,0.02404513424390009,-0.48167383600821,2.95439347446269,1527.1456875124256,2.125993490219116,ok,27.7
nanogpt_s43,fsam_ortho_muon_stale_momentum,codeparrot,far,3.16e-05,1.9308252763841482,3.175151824951172,2.5002274485250275,3.143828696234119,0.031323128717053006,-0.5694021721408793,4.4553503778384655,1527.1456875124256,2.0491904616355896,ok,27.6
nanogpt_s43,fsam_ortho_muon_stale_momentum,codeparrot,far,5.62e-05,1.8635770234109839,3.1875971254770534,2.5002274485250275,3.143828696234119,0.04376842924293456,-0.6366504251140437,6.915986807710155,1527.1456875124256,1.9791986346244812,ok,27.7
nanogpt_s43,fsam_ortho_muon_stale_momentum,codeparrot,far,0.0001,1.7914151716138986,3.2081726283243257,2.5002274485250275,3.143828696234119,0.06434393209020683,-0.7088122769111289,11.26324640345412,1527.1456875124256,1.9111120104789734,ok,27.7
nanogpt_s43,fsam_ortho_muon_stale_momentum,codeparrot,far,0.000178,1.7411063953855033,3.2400780507962996,2.5002274485250275,3.143828696234119,0.09624935456218076,-0.7591210531395243,18.327665955455615,1527.1456875124256,1.858034610748291,ok,27.7
nanogpt_s43,fsam_ortho_muon_stale_momentum,codeparrot,far,0.000316,1.6997856431277998,3.3063220380570324,2.5002274485250275,3.143828696234119,0.16249334182291353,-0.8004418053972278,30.3706487403571,1527.1456875124256,1.8072237372398376,ok,27.7
nanogpt_s43,fsam_ortho_muon_stale_momentum,codeparrot,far,0.000562,1.6881351694902096,3.39479462834487,2.5002274485250275,3.143828696234119,0.25096593211075113,-0.812092279034818,49.33961909342125,1527.1456875124256,1.7839499711990356,ok,27.7
nanogpt_s43,fsam_ortho_muon_stale_momentum,codeparrot,far,0.001,1.6777665722393476,3.5398855638597344,2.5002274485250275,3.143828696234119,0.39605686762561554,-0.82246087628568,83.06200617394461,1527.1456875124256,1.7627792358398438,ok,27.7
nanogpt_s43,fsam_ortho_muon_stale_momentum,codeparrot,far,0.00178,1.7191453922518078,3.7117457753758143,2.5002274485250275,3.143828696234119,0.5679170791416954,-0.7810820562732197,137.97583611567526,1527.1456875124256,1.795282244682312,ok,27.7
nanogpt_s43,fsam_ortho_muon_stale_momentum,codeparrot,far,0.00316,1.8604054049736367,4.251372630348877,2.5002274485250275,3.143828696234119,1.1075439341147582,-0.6398220435513908,232.18097462052543,1527.1456875124256,1.920356273651123,ok,27.9
nanogpt_s43,fsam_ortho_muon_stale_momentum,codeparrot,far,0.00562,3.5862927222205236,7.340132054517413,2.5002274485250275,3.143828696234119,4.196303358283295,1.086065273695496,425.29622622284563,1527.1456875124256,3.6217418909072876,ok,27.7
nanogpt_s43,fsam_ortho_muon_stale_momentum,codeparrot,far,0.01,4.279703808390698,8.323189244578263,2.5002274485250275,3.143828696234119,5.179360548344144,1.7794763598656704,667.4361581184739,1527.1456875124256,4.296557664871216,ok,27.6
nanogpt_s43,sgd,stackmathqa,math,0.0,2.704652424194575,3.185731421244821,2.704652424194575,3.185731421244821,0.0,0.0,0.0,1505.5145345539431,,base,11.5
nanogpt_s43,sgd,stackmathqa,math,1e-06,2.6623855411656447,3.185593718885209,2.704652424194575,3.185731421244821,-0.00013770235961185762,-0.04226688302893011,0.23713121392554554,1505.5145345539431,2.8395053148269653,ok,27.9
nanogpt_s43,sgd,stackmathqa,math,1.78e-06,2.66697800369412,3.1863739551163466,2.704652424194575,3.185731421244821,0.0006425338715256856,-0.037674420500454886,0.4148759527894642,1505.5145345539431,2.8312913179397583,ok,27.6
nanogpt_s43,sgd,stackmathqa,math,3.16e-06,2.6832056736059617,3.188888893202093,2.704652424194575,3.185731421244821,0.0031574719572722287,-0.021446750588613117,0.6830324944353205,1505.5145345539431,2.8072465658187866,ok,27.6
nanogpt_s43,sgd,stackmathqa,math,5.62e-06,2.6513554821275687,3.1950984066479826,2.704652424194575,3.185731421244821,0.00936698540316172,-0.05329694206700619,1.0806322364855518,1505.5145345539431,2.770844340324402,ok,27.6
nanogpt_s43,sgd,stackmathqa,math,1e-05,2.598094656509429,3.2065641026207614,2.704652424194575,3.185731421244821,0.02083268137594052,-0.10655776768514569,1.704998770063326,1505.5145345539431,2.7257357835769653,ok,27.6
nanogpt_s43,sgd,stackmathqa,math,1.78e-05,2.5410543766506963,3.217356791934855,2.704652424194575,3.185731421244821,0.03162537069003424,-0.16359804754387852,2.6791864591362953,1505.5145345539431,2.678794026374817,ok,27.6
nanogpt_s43,sgd,stackmathqa,math,3.16e-05,2.4895060440332224,3.2325648104374656,2.704652424194575,3.185731421244821,0.04683338919264468,-0.21514638016135246,4.324341806004115,1505.5145345539431,2.620207190513611,ok,27.6
nanogpt_s43,sgd,stackmathqa,math,5.62e-05,2.4426967150544465,3.248620953345252,2.704652424194575,3.185731421244821,0.06288953210043102,-0.26195570914012833,7.05973630861141,1505.5145345539431,2.563400149345398,ok,27.7
nanogpt_s43,sgd,stackmathqa,math,0.0001,2.3983853483853275,3.266897376969369,2.704652424194575,3.185731421244821,0.08116595572454832,-0.3062670758092474,11.606238505048925,1505.5145345539431,2.5080831050872803,ok,27.6
nanogpt_s43,sgd,stackmathqa,math,0.000178,2.3500035280350837,3.29736833516399,2.704652424194575,3.185731421244821,0.11163691391916908,-0.35464889615949113,19.221419510112053,1505.5145345539431,2.4503093957901,ok,27.6
nanogpt_s43,sgd,stackmathqa,math,0.000316,2.3121080417222473,3.3379725551418598,2.704652424194575,3.185731421244821,0.15224113389703886,-0.3925443824723276,31.237304150731166,1505.5145345539431,2.4030345678329468,ok,27.6
nanogpt_s43,sgd,stackmathqa,math,0.000562,2.2783524052270936,3.3956927991893195,2.704652424194575,3.185731421244821,0.20996137794449865,-0.42630001896748126,52.050391342286225,1505.5145345539431,2.3614649772644043,ok,27.7
nanogpt_s43,sgd,stackmathqa,math,0.001,2.2638127500530323,3.4855687426960866,2.704652424194575,3.185731421244821,0.29983732145126574,-0.44083967414154257,86.6783533054355,1505.5145345539431,2.336570620536804,ok,27.6
nanogpt_s43,sgd,stackmathqa,math,0.00178,2.2934064099933305,3.714275535538705,2.704652424194575,3.185731421244821,0.5285441142938843,-0.4112460142012444,145.7319134859323,1505.5145345539431,2.360392451286316,ok,27.7
nanogpt_s43,sgd,stackmathqa,math,0.00316,2.4649617891255655,4.3203807390366045,2.704652424194575,3.185731421244821,1.1346493177917836,-0.23969063506900934,238.65193303426668,1505.5145345539431,2.5306259393692017,ok,27.8
nanogpt_s43,sgd,stackmathqa,math,0.00562,4.350245735183387,7.618763514927456,2.704652424194575,3.185731421244821,4.433032093682635,1.6455933109888123,406.8537891580164,1505.5145345539431,4.343441486358643,ok,27.6
nanogpt_s43,sgd,stackmathqa,math,0.01,5.910515757222932,9.422879288107914,2.704652424194575,3.185731421244821,6.2371478668630935,3.205863333028357,569.300318275007,1505.5145345539431,5.890979766845703,ok,27.6
nanogpt_s43,fsam,codeparrot,far,0.0,2.2936447053972757,3.185377434508441,2.2936447053972757,3.185377434508441,0.0,0.0,0.0,1505.5076784253367,,base,20.5
nanogpt_s43,fsam,codeparrot,far,1e-06,2.1986825200209648,3.185427951252857,2.2936447053972757,3.185377434508441,5.051674441602927e-05,-0.09496218537631096,0.2587480125570377,1505.5076784253367,2.2824907302856445,ok,45.0
nanogpt_s43,fsam,codeparrot,far,1.78e-06,2.20500411539395,3.1859487470115466,2.2936447053972757,3.185377434508441,0.0005713125031054922,-0.08864059000332558,0.44778741124582216,1505.5076784253367,2.266905903816223,ok,45.8
nanogpt_s43,fsam,codeparrot,far,3.16e-06,2.1529437548493684,3.187424004661127,2.2936447053972757,3.185377434508441,0.0020465701526859448,-0.14070095054790732,0.7175140957981074,1505.5076784253367,2.2072843313217163,ok,48.2
nanogpt_s43,fsam,codeparrot,far,5.62e-06,2.058749361280826,3.190700045770395,2.2936447053972757,3.185377434508441,0.005322611261953991,-0.23489534411644986,1.1347144291077202,1505.5076784253367,2.1268434524536133,ok,43.8
nanogpt_s43,fsam,codeparrot,far,1e-05,1.953417861998198,3.196217751549648,2.2936447053972757,3.185377434508441,0.010840317041207026,-0.3402268433990778,1.7762517774948354,1505.5076784253367,2.042822003364563,ok,49.0
nanogpt_s43,fsam,codeparrot,far,1.78e-05,1.8781632313289753,3.2012937250902507,2.2936447053972757,3.185377434508441,0.015916290581809545,-0.4154814740683004,2.697719852944402,1505.5076784253367,1.9845885038375854,ok,42.0
nanogpt_s43,fsam,codeparrot,far,3.16e-05,1.8163787184862707,3.206805201192658,2.2936447053972757,3.185377434508441,0.021427766684217087,-0.47726598691100497,4.116947526852474,1505.5076784253367,1.926732063293457,ok,38.8
nanogpt_s43,fsam,codeparrot,far,5.62e-05,1.7660472108426626,3.214261583152816,2.2936447053972757,3.185377434508441,0.02888414864437472,-0.5275974945546131,6.442180458087953,1505.5076784253367,1.8770994544029236,ok,47.7
nanogpt_s43,fsam,codeparrot,far,0.0001,1.7156211196093176,3.227597313151201,2.2936447053972757,3.185377434508441,0.04221987864275967,-0.5780235857879581,10.504594949005975,1505.5076784253367,1.8290796875953674,ok,42.2
nanogpt_s43,fsam,codeparrot,far,0.000178,1.6730410618791376,3.250391148307785,2.2936447053972757,3.185377434508441,0.06501371379934406,-0.6206036435181381,17.338287190956397,1505.5076784253367,1.7874861359596252,ok,45.1
nanogpt_s43,fsam,codeparrot,far,0.000316,1.641520572968425,3.2924960149477607,2.2936447053972757,3.185377434508441,0.10711858043931954,-0.6521241324288507,28.793929289460618,1505.5076784253367,1.7520006895065308,ok,47.9
nanogpt_s43,fsam,codeparrot,far,0.000562,1.630574071477304,3.347649098375772,2.2936447053972757,3.185377434508441,0.16227166386733094,-0.6630706339199717,47.73601860585972,1505.5076784253367,1.7315372824668884,ok,41.2
nanogpt_s43,fsam,codeparrot,far,0.001,1.6366801924434893,3.4495240788170505,2.2936447053972757,3.185377434508441,0.26414664430860935,-0.6569645129537864,81.46266177260956,1505.5076784253367,1.72664213180542,ok,47.3
nanogpt_s43,fsam,codeparrot,far,0.00178,1.7067523926438184,3.7300019572159084,2.2936447053972757,3.185377434508441,0.5446245227074673,-0.5868923127534573,135.27552690656137,1505.5076784253367,1.7814763188362122,ok,43.5
nanogpt_s43,fsam,codeparrot,far,0.00316,1.8713003371326424,4.4477142587799845,2.2936447053972757,3.185377434508441,1.2623368242715434,-0.4223443682646333,227.16234230239735,1505.5076784253367,1.9386688470840454,ok,40.7
nanogpt_s43,fsam,codeparrot,far,0.00562,4.0971907897471445,7.983251523131727,2.2936447053972757,3.185377434508441,4.797874088623287,1.8035460843498687,426.44764174550045,1505.5076784253367,4.139268517494202,ok,42.9
nanogpt_s43,fsam,codeparrot,far,0.01,4.3881419978729665,8.706754008851172,2.2936447053972757,3.185377434508441,5.521376574342732,2.094497292475691,660.6354111806547,1505.5076784253367,4.405169486999512,ok,47.4
nanogpt_s43,sam,stackmathqa,math,0.0,2.702282511791371,3.185203944167046,2.702282511791371,3.185203944167046,0.0,0.0,0.0,1505.5059086089568,,base,11.5
nanogpt_s43,sam,stackmathqa,math,1e-06,2.6613279368779432,3.1851554318183557,2.702282511791371,3.185203944167046,-4.851234869018839e-05,-0.04095457491342769,0.2362161252139718,1505.5059086089568,2.8373714685440063,ok,27.9
nanogpt_s43,sam,stackmathqa,math,1.78e-06,2.665988407023032,3.186010659324213,2.702282511791371,3.185203944167046,0.000806715157167126,-0.03629410476833872,0.41295887883839594,1505.5059086089568,2.8297747373580933,ok,27.5
nanogpt_s43,sam,stackmathqa,math,3.16e-06,2.680534191094266,3.188607874681805,2.702282511791371,3.185203944167046,0.003403930514759068,-0.021748320697104973,0.680439772974221,1505.5059086089568,2.8059428930282593,ok,27.6
nanogpt_s43,sam,stackmathqa,math,5.62e-06,2.648745266192113,3.1948477676003413,2.702282511791371,3.185203944167046,0.009643823433295395,-0.053537245599257766,1.0784810949121089,1505.5059086089568,2.769181728363037,ok,27.5
nanogpt_s43,sam,stackmathqa,math,1e-05,2.596654873304871,3.2064413716415134,2.702282511791371,3.185203944167046,0.021237427474467552,-0.10562763848649981,1.7031562898743038,1505.5059086089568,2.7250308990478516,ok,27.6
nanogpt_s43,sam,stackmathqa,math,1.78e-05,2.5401188874664604,3.217250473112043,2.702282511791371,3.185203944167046,0.03204652894499693,-0.1621636243249105,2.6775828550036924,1505.5059086089568,2.6774961948394775,ok,27.7
nanogpt_s43,sam,stackmathqa,math,3.16e-05,2.4886660715838467,3.232375333453811,2.702282511791371,3.185203944167046,0.04717138928676512,-0.21361644020752424,4.321403411864964,1505.5059086089568,2.6192275285720825,ok,27.6
nanogpt_s43,sam,stackmathqa,math,5.62e-05,2.4418918587223657,3.248661776578123,2.702282511791371,3.185203944167046,0.06345783241107705,-0.2603906530690052,7.053326395343506,1505.5059086089568,2.561973810195923,ok,27.7
nanogpt_s43,sam,stackmathqa,math,0.0001,2.397691506462321,3.267235347202846,2.702282511791371,3.185203944167046,0.08203140303580003,-0.3045910053290499,11.587572803311353,1505.5059086089568,2.5072742700576782,ok,27.6
nanogpt_s43,sam,stackmathqa,math,0.000178,2.349360210321654,3.2987860102942776,2.702282511791371,3.185203944167046,0.11358206612723176,-0.3529223014697167,19.17042703252211,1505.5059086089568,2.4493685960769653,ok,27.7
nanogpt_s43,sam,stackmathqa,math,0.000316,2.311611638377091,3.338123579081257,2.702282511791371,3.185203944167046,0.15291963491421123,-0.3906708734142801,31.137176444444815,1505.5059086089568,2.402217984199524,ok,27.6
nanogpt_s43,sam,stackmathqa,math,0.000562,2.279809940584485,3.394124932485084,2.702282511791371,3.185203944167046,0.20892098831803807,-0.42247257120688575,51.802484156392524,1505.5059086089568,2.3624942302703857,ok,27.6
nanogpt_s43,sam,stackmathqa,math,0.001,2.2624813983118464,3.4841923723015533,2.702282511791371,3.185203944167046,0.29898842813450743,-0.43980111347952455,86.71300598603551,1505.5059086089568,2.333834409713745,ok,27.6
nanogpt_s43,sam,stackmathqa,math,0.00178,2.2934377636694863,3.7209666899738947,2.702282511791371,3.185203944167046,0.5357627458068488,-0.40884474812188465,145.19112431077224,1505.5059086089568,2.357815146446228,ok,27.6
nanogpt_s43,sam,stackmathqa,math,0.00316,2.445160837789338,4.340274452463288,2.702282511791371,3.185203944167046,1.1550705082962422,-0.257121674002033,244.8230850684809,1505.5059086089568,2.5115911960601807,ok,27.8
nanogpt_s43,sam,stackmathqa,math,0.00562,4.383368811262097,7.614957424992451,2.702282511791371,3.185203944167046,4.429753480825406,1.6810862994707265,399.3438353010427,1505.5059086089568,4.390523433685303,ok,27.6
nanogpt_s43,sam,stackmathqa,math,0.01,4.753346512229009,8.000744440784192,2.702282511791371,3.185203944167046,4.815540496617146,2.051064000437638,644.6581198081877,1505.5059086089568,4.751878023147583,ok,27.7
nanogpt_s43,fsam,stackmathqa,math,0.0,2.702062438845401,3.185377434508441,2.702062438845401,3.185377434508441,0.0,0.0,0.0,1505.5076784253367,,base,11.5
nanogpt_s43,fsam,stackmathqa,math,1e-06,2.6613894572696575,3.185353273514899,2.702062438845401,3.185377434508441,-2.416099354229928e-05,-0.040672981575743616,0.23607959841686535,1505.5076784253367,2.8373782634735107,ok,27.6
nanogpt_s43,fsam,stackmathqa,math,1.78e-06,2.6654356566427273,3.186232531373981,2.702062438845401,3.185377434508441,0.0008550968655400837,-0.03662678220267379,0.4129770959976431,1505.5076784253367,2.829286813735962,ok,27.6
nanogpt_s43,fsam,stackmathqa,math,3.16e-06,2.6784481115770435,3.1888648553837067,2.702062438845401,3.185377434508441,0.0034874208752655456,-0.02361432726835755,0.6808817503904852,1505.5076784253367,2.805884599685669,ok,27.6
nanogpt_s43,fsam,stackmathqa,math,5.62e-06,2.64766252670736,3.1952164942970946,2.702062438845401,3.185377434508441,0.009839059788653515,-0.054399912138041184,1.0803144813911456,1505.5076784253367,2.769346833229065,ok,27.6
nanogpt_s43,fsam,stackmathqa,math,1e-05,2.596329033958002,3.2069536944424804,2.702062438845401,3.185377434508441,0.02157625993403922,-0.10573340488739902,1.7051566948295096,1505.5076784253367,2.725005030632019,ok,27.6
nanogpt_s43,fsam,stackmathqa,math,1.78e-05,2.5397812009091014,3.2177412738538766,2.702062438845401,3.185377434508441,0.03236383934543552,-0.16228123793629967,2.6796936361451427,1505.5076784253367,2.6775667667388916,ok,27.7
nanogpt_s43,fsam,stackmathqa,math,3.16e-05,2.4883482796805247,3.2330753490649555,2.702062438845401,3.185377434508441,0.0476979145565144,-0.21371415916487635,4.326091490362531,1505.5076784253367,2.618487596511841,ok,27.6
nanogpt_s43,fsam,stackmathqa,math,5.62e-05,2.441666500442415,3.2490604012446394,2.702062438845401,3.185377434508441,0.06368296673619822,-0.2603959384029859,7.058840495057905,1505.5076784253367,2.5617202520370483,ok,27.6
nanogpt_s43,fsam,stackmathqa,math,0.0001,2.3975180011906034,3.2676709020207775,2.702062438845401,3.185377434508441,0.08229346751233635,-0.30454443765479766,11.594942112428994,1505.5076784253367,2.5069539546966553,ok,27.7
nanogpt_s43,fsam,stackmathqa,math,0.000178,2.349278003968838,3.2991156643384123,2.702062438845401,3.185377434508441,0.11373822982997117,-0.35278443487656297,19.18365237988998,1505.5076784253367,2.448817014694214,ok,27.6
nanogpt_s43,fsam,stackmathqa,math,0.000316,2.3119100283270013,3.338759577204337,2.702062438845401,3.185377434508441,0.15338214269589567,-0.3901524105183998,31.154740594668432,1505.5076784253367,2.402490019798279,ok,27.6
nanogpt_s43,fsam,stackmathqa,math,0.000562,2.278217338069311,3.394183440684339,2.702062438845401,3.185377434508441,0.20880600617589806,-0.42384510077609017,51.95347338638798,1505.5076784253367,2.361459255218506,ok,27.6
nanogpt_s43,fsam,stackmathqa,math,0.001,2.2632109535650264,3.4838703103261452,2.702062438845401,3.185377434508441,0.2984928758177041,-0.43885148528037465,86.76367433813662,1505.5076784253367,2.334558606147766,ok,27.7
nanogpt_s43,fsam,stackmathqa,math,0.00178,2.290662172022631,3.7136653780703908,2.702062438845401,3.185377434508441,0.5282879435619496,-0.4114002668227701,145.2682765333002,1505.5076784253367,2.356148600578308,ok,27.6
nanogpt_s43,fsam,stackmathqa,math,0.00316,2.4556704183380664,4.325144773360101,2.702062438845401,3.185377434508441,1.13976733885166,-0.24639202050733466,245.16323250207222,1505.5076784253367,2.518654465675354,ok,27.7
nanogpt_s43,fsam,stackmathqa,math,0.00562,4.314146030672376,7.476975159169177,2.702062438845401,3.185377434508441,4.291597724660736,1.6120835918269747,409.88309340780467,1505.5076784253367,4.325803995132446,ok,27.6
nanogpt_s43,fsam,stackmathqa,math,0.01,4.88880571040622,8.127392785656475,2.702062438845401,3.185377434508441,4.942015351148035,2.1867432715608186,643.8827495914886,1505.5076784253367,4.888296604156494,ok,27.6
nanogpt_s43,fsam_ortho_muon,stackmathqa,math,0.0,3.140616579298404,3.146351099480855,3.140616579298404,3.146351099480855,0.0,0.0,0.0,1533.3802587661617,,base,11.5
nanogpt_s43,fsam_ortho_muon,stackmathqa,math,1e-06,3.0012324831490416,3.1465089055190116,3.140616579298404,3.146351099480855,0.00015780603815684913,-0.13938409614936242,0.2737540889031401,1533.3802587661617,3.3009616136550903,ok,27.9
nanogpt_s43,fsam_ortho_muon,stackmathqa,math,1.78e-06,2.931661303495941,3.146966221281227,3.140616579298404,3.146351099480855,0.0006151218003722647,-0.2089552758024631,0.48642528455529416,1533.3802587661617,3.2818257808685303,ok,27.6
nanogpt_s43,fsam_ortho_muon,stackmathqa,math,3.16e-06,2.8891358123600135,3.14846005971651,3.140616579298404,3.146351099480855,0.0021089602356552106,-0.2514807669383905,0.8522032625387517,1533.3802587661617,3.1715131998062134,ok,27.6
nanogpt_s43,fsam_ortho_muon,stackmathqa,math,5.62e-06,2.9206134773747094,3.1520318928996645,3.140616579298404,3.146351099480855,0.005680793418809671,-0.22000310192369454,1.3848188172845954,1533.3802587661617,3.0060606002807617,ok,27.6
nanogpt_s43,fsam_ortho_muon,stackmathqa,math,1e-05,2.839380477039315,3.1567644727673314,3.140616579298404,3.146351099480855,0.010413373286476624,-0.30123610225908903,2.0504223171756535,1533.3802587661617,2.888559103012085,ok,27.7
nanogpt_s43,fsam_ortho_muon,stackmathqa,math,1.78e-05,2.708846657710066,3.1622523402981098,3.140616579298404,3.146351099480855,0.01590124081725497,-0.43176992158833816,3.0675751375347935,1533.3802587661617,2.8077632188796997,ok,27.6
nanogpt_s43,fsam_ortho_muon,stackmathqa,math,3.16e-05,2.6100850263920314,3.1702131655818095,3.140616579298404,3.146351099480855,0.02386206610095476,-0.5305315529063725,4.738066863267137,1533.3802587661617,2.726064443588257,ok,27.6
nanogpt_s43,fsam_ortho_muon,stackmathqa,math,5.62e-05,2.5330445500502616,3.1841067222699726,3.140616579298404,3.146351099480855,0.037755622789117815,-0.6075720292481424,7.608354035965059,1533.3802587661617,2.647649884223938,ok,27.6
nanogpt_s43,fsam_ortho_muon,stackmathqa,math,0.0001,2.47226446342095,3.2061549072862836,3.140616579298404,3.146351099480855,0.05980380780542882,-0.6683521158774539,12.37296149648536,1533.3802587661617,2.5753726959228516,ok,27.6
nanogpt_s43,fsam_ortho_muon,stackmathqa,math,0.000178,2.412745361925338,3.2357455550341223,3.140616579298404,3.146351099480855,0.08939445555326753,-0.7278712173730661,20.22993214687365,1533.3802587661617,2.504660964012146,ok,27.5
nanogpt_s43,fsam_ortho_muon,stackmathqa,math,0.000316,2.3534430785655043,3.2801022650910916,3.140616579298404,3.146351099480855,0.1337511656102368,-0.7871735007328997,33.42569441057626,1533.3802587661617,2.434966564178467,ok,27.6
nanogpt_s43,fsam_ortho_muon,stackmathqa,math,0.000562,2.3185714378282283,3.339955499727432,3.140616579298404,3.146351099480855,0.19360440024657732,-0.8220451414701757,54.60321075351765,1533.3802587661617,2.390427827835083,ok,27.6
nanogpt_s43,fsam_ortho_muon,stackmathqa,math,0.001,2.289651695296256,3.4180325286029136,3.140616579298404,3.146351099480855,0.27168142912205884,-0.8509648840021482,90.26533105547459,1533.3802587661617,2.3557313680648804,ok,27.6
nanogpt_s43,fsam_ortho_muon,stackmathqa,math,0.00178,2.290006282978095,3.5720561787106986,3.140616579298404,3.146351099480855,0.4257050792298438,-0.8506102963203088,148.84205519938143,1533.3802587661617,2.3507450819015503,ok,27.7
nanogpt_s43,fsam_ortho_muon,stackmathqa,math,0.00316,2.3899867436657214,4.062060626752222,3.140616579298404,3.146351099480855,0.9157095272713676,-0.7506298356326826,238.1076131476564,1533.3802587661617,2.456487536430359,ok,27.8
nanogpt_s43,fsam_ortho_muon,stackmathqa,math,0.00562,3.5122540841597165,6.044929160997126,3.140616579298404,3.146351099480855,2.898578061516271,0.37163750486131253,397.2561784553414,1533.3802587661617,3.5644588470458984,ok,27.6
nanogpt_s43,fsam_ortho_muon,stackmathqa,math,0.01,4.6436750706861165,7.999431192058406,3.140616579298404,3.146351099480855,4.853080092577551,1.5030584913877125,655.4449347767041,1533.3802587661617,4.62706184387207,ok,27.6
nanogpt_s43,muon_sam,stackmathqa,math,0.0,3.13832837308223,3.1470819723349495,3.13832837308223,3.1470819723349495,0.0,0.0,0.0,1533.7704693290493,,base,11.5
nanogpt_s43,muon_sam,stackmathqa,math,1e-06,2.999564915487211,3.147219853858425,3.13832837308223,3.1470819723349495,0.00013788152347560256,-0.13876345759501918,0.2733196092974236,1533.7704693290493,3.298284649848938,ok,27.8
nanogpt_s43,muon_sam,stackmathqa,math,1.78e-06,2.929729506460888,3.147650925847182,3.13832837308223,3.1470819723349495,0.0005689535122326284,-0.20859886662134208,0.48566347798467757,1533.7704693290493,3.278620719909668,ok,27.6
nanogpt_s43,muon_sam,stackmathqa,math,3.16e-06,2.8864058552422867,3.149075939230723,3.13832837308223,3.1470819723349495,0.001993966895773358,-0.25192251783994335,0.8510686082549006,1533.7704693290493,3.1690618991851807,ok,27.7
nanogpt_s43,muon_sam,stackmathqa,math,5.62e-06,2.927125576190986,3.1524966887531916,3.13832837308223,3.1470819723349495,0.005414716418242094,-0.21120279689124422,1.385970575608051,1533.7704693290493,3.00337553024292,ok,27.7
nanogpt_s43,muon_sam,stackmathqa,math,1e-05,2.84279410853078,3.1569286129945877,3.13832837308223,3.1470819723349495,0.00984664065963825,-0.29553426455145004,2.0451902083487052,1533.7704693290493,2.8873159885406494,ok,27.7
nanogpt_s43,muon_sam,stackmathqa,math,1.78e-05,2.7108079495961888,3.1621613997069358,3.13832837308223,3.1470819723349495,0.01507942737198631,-0.42752042348604125,3.0527429352823443,1533.7704693290493,2.8080122470855713,ok,27.7
nanogpt_s43,muon_sam,stackmathqa,math,3.16e-05,2.6116335396664017,3.1699792783554286,3.13832837308223,3.1470819723349495,0.022897306020479125,-0.5266948334158283,4.7205245052362255,1533.7704693290493,2.7261348962783813,ok,27.7
nanogpt_s43,muon_sam,stackmathqa,math,5.62e-05,2.5337592720285556,3.18352841491102,3.13832837308223,3.1470819723349495,0.03644644257607066,-0.6045691010536745,7.5920760250320924,1533.7704693290493,2.648181915283203,ok,27.7
nanogpt_s43,muon_sam,stackmathqa,math,0.0001,2.4724017701270298,3.2050419749579087,3.13832837308223,3.1470819723349495,0.057960002622959195,-0.6659266029552002,12.372876124859305,1533.7704693290493,2.5757625102996826,ok,27.7
nanogpt_s43,muon_sam,stackmathqa,math,0.000178,2.4123539709998205,3.234109464223604,3.13832837308223,3.1470819723349495,0.08702749188865466,-0.7259744020824095,20.248451527287372,1533.7704693290493,2.504149556159973,ok,27.7
nanogpt_s43,muon_sam,stackmathqa,math,0.000316,2.3550213255760952,3.2769191689687234,3.13832837308223,3.1470819723349495,0.1298371966337739,-0.7833070475061348,33.38559737078545,1533.7704693290493,2.4360252618789673,ok,27.6
nanogpt_s43,muon_sam,stackmathqa,math,0.000562,2.3181235057733764,3.3364923406253824,3.13832837308223,3.1470819723349495,0.1894103682904329,-0.8202048673088536,54.72440369462874,1533.7704693290493,2.3896564245224,ok,27.7
nanogpt_s43,muon_sam,stackmathqa,math,0.001,2.291411853349839,3.4157210609450965,3.13832837308223,3.1470819723349495,0.26863908861014707,-0.8469165197323911,89.77238071187128,1533.7704693290493,2.3573431968688965,ok,27.7
nanogpt_s43,muon_sam,stackmathqa,math,0.00178,2.2911146130347206,3.567416431852516,3.13832837308223,3.1470819723349495,0.42033445951756665,-0.8472137600475094,148.4728258240802,1533.7704693290493,2.3530845642089844,ok,27.7
nanogpt_s43,muon_sam,stackmathqa,math,0.00316,2.3809749207617954,4.03726305653671,3.13832837308223,3.1470819723349495,0.8901810842017603,-0.7573534523204346,239.0070336576089,1533.7704693290493,2.44060218334198,ok,27.9
nanogpt_s43,muon_sam,stackmathqa,math,0.00562,3.896593082674329,6.867574941855354,3.13832837308223,3.1470819723349495,3.7204929695204045,0.7582647095920989,399.3509149188119,1533.7704693290493,3.9073468446731567,ok,27.7
nanogpt_s43,muon_sam,stackmathqa,math,0.01,5.012343807929649,8.361688020411304,3.13832837308223,3.1470819723349495,5.214606048076354,1.874015434847419,653.525267566016,1533.7704693290493,4.993273496627808,ok,27.6
nanogpt_s43,fsam_ortho_muon_stale_momentum,stackmathqa,math,0.0,3.108944066116721,3.143828696234119,3.108944066116721,3.143828696234119,0.0,0.0,0.0,1527.1456875124256,,base,11.5
nanogpt_s43,fsam_ortho_muon_stale_momentum,stackmathqa,math,1e-06,2.95346216399609,3.1441559054380295,3.108944066116721,3.143828696234119,0.0003272092039106056,-0.15548190212063107,0.2688449590483978,1527.1456875124256,3.2581878900527954,ok,28.0
nanogpt_s43,fsam_ortho_muon_stale_momentum,stackmathqa,math,1.78e-06,2.884776225528605,3.145049302312026,3.108944066116721,3.143828696234119,0.0012206060779069716,-0.224167840588116,0.47776492905758516,1527.1456875124256,3.2374080419540405,ok,27.6
nanogpt_s43,fsam_ortho_muon_stale_momentum,stackmathqa,math,3.16e-06,2.8836440218871355,3.147875448029102,3.108944066116721,3.143828696234119,0.004046751794982928,-0.2253000442295856,0.8355181375099562,1527.1456875124256,3.1232962608337402,ok,27.6
nanogpt_s43,fsam_ortho_muon_stale_momentum,stackmathqa,math,5.62e-06,3.00133432287526,3.1533264488623334,3.108944066116721,3.143828696234119,0.009497752628214506,-0.10760974324146133,1.3114269733329358,1527.1456875124256,2.974423050880432,ok,27.6
nanogpt_s43,fsam_ortho_muon_stale_momentum,stackmathqa,math,1e-05,2.9013140430189157,3.160190481495717,3.108944066116721,3.143828696234119,0.01636178526159826,-0.20763002309780543,1.9304658700313735,1527.1456875124256,2.8758182525634766,ok,27.6
nanogpt_s43,fsam_ortho_muon_stale_momentum,stackmathqa,math,1.78e-05,2.7034488610792065,3.1697683091732856,3.108944066116721,3.143828696234119,0.02593961293916669,-0.4054952050375147,2.929438795739943,1527.1456875124256,2.793558716773987,ok,27.7
nanogpt_s43,fsam_ortho_muon_stale_momentum,stackmathqa,math,3.16e-05,2.591378646820725,3.185553672029081,3.108944066116721,3.143828696234119,0.04172497579496204,-0.517565419295996,4.5766974066755175,1527.1456875124256,2.711996078491211,ok,27.7
nanogpt_s43,fsam_ortho_muon_stale_momentum,stackmathqa,math,5.62e-05,2.517179754148957,3.211906660792879,3.108944066116721,3.143828696234119,0.06807796455876014,-0.591764311967764,7.346672935635275,1527.1456875124256,2.6361892223358154,ok,27.6
nanogpt_s43,fsam_ortho_muon_stale_momentum,stackmathqa,math,0.0001,2.462506870934175,3.252247308331693,3.108944066116721,3.143828696234119,0.10841861209757431,-0.6464371951825463,11.881657853874527,1527.1456875124256,2.569735884666443,ok,27.6
nanogpt_s43,fsam_ortho_muon_stale_momentum,stackmathqa,math,0.000178,2.403236613114986,3.30758678189929,3.108944066116721,3.143828696234119,0.16375808566517103,-0.7057074530017351,19.49680573609697,1527.1456875124256,2.497636556625366,ok,27.6
nanogpt_s43,fsam_ortho_muon_stale_momentum,stackmathqa,math,0.000316,2.348087848282607,3.3761611348728846,3.108944066116721,3.143828696234119,0.23233243863876574,-0.7608562178341143,32.32526257553832,1527.1456875124256,2.4309509992599487,ok,27.6
nanogpt_s43,fsam_ortho_muon_stale_momentum,stackmathqa,math,0.000562,2.323388444934106,3.451238915878266,3.108944066116721,3.143828696234119,0.3074102196441473,-0.7855556211826151,52.858693206104164,1527.1456875124256,2.3974692821502686,ok,27.7
nanogpt_s43,fsam_ortho_muon_stale_momentum,stackmathqa,math,0.001,2.2830346139209845,3.5121964867101023,3.108944066116721,3.143828696234119,0.36836779047598345,-0.8259094521957366,90.0384068810883,1527.1456875124256,2.3517556190490723,ok,27.6
nanogpt_s43,fsam_ortho_muon_stale_momentum,stackmathqa,math,0.00178,2.2920466981055454,3.6754751895971727,3.108944066116721,3.143828696234119,0.5316464933630538,-0.8168973680111757,146.60304073908605,1527.1456875124256,2.353019595146179,ok,27.6
nanogpt_s43,fsam_ortho_muon_stale_momentum,stackmathqa,math,0.00316,2.3847262014848147,4.135778994476259,3.108944066116721,3.143828696234119,0.99195029824214,-0.7242178646319064,236.76079059202775,1527.1456875124256,2.4519078731536865,ok,27.9
nanogpt_s43,fsam_ortho_muon_stale_momentum,stackmathqa,math,0.00562,4.242340476078996,7.372668652618468,3.108944066116721,3.143828696234119,4.228839956384348,1.133396409962275,406.74351371017127,1527.1456875124256,4.249124765396118,ok,27.6
nanogpt_s43,fsam_ortho_muon_stale_momentum,stackmathqa,math,0.01,4.602099095771924,7.793702090089802,3.108944066116721,3.143828696234119,4.6498733938556835,1.4931550296552025,681.8664766889308,1527.1456875124256,4.600192546844482,ok,27.6
nanogpt_s43,muon,stackmathqa,math,0.0,3.1185220468300896,3.144326409715029,3.1185220468300896,3.144326409715029,0.0,0.0,0.0,1527.1130987035408,,base,17.5
nanogpt_s43,muon,stackmathqa,math,1e-06,2.952837651023193,3.1448054640260463,3.1185220468300896,3.144326409715029,0.0004790543110173573,-0.16568439580689676,0.26914378042326154,1527.1130987035408,3.260399341583252,ok,38.0
nanogpt_s43,muon,stackmathqa,math,1.78e-06,2.88338460007759,3.145844274770957,3.1185220468300896,3.144326409715029,0.0015178650559279916,-0.2351374467524998,0.4782699510944469,1527.1130987035408,3.2388657331466675,ok,40.2
nanogpt_s43,muon,stackmathqa,math,3.16e-06,2.8954864472092483,3.1489071258126873,3.1185220468300896,3.144326409715029,0.0045807160976583106,-0.2230355996208413,0.8354565047309703,1527.1130987035408,3.1185412406921387,ok,38.9
nanogpt_s43,muon,stackmathqa,math,5.62e-06,3.0018073751968415,3.1540289503720875,3.1185220468300896,3.144326409715029,0.009702540657058556,-0.11671467163324811,1.2950983118350328,1527.1130987035408,2.975320339202881,ok,37.2
nanogpt_s43,muon,stackmathqa,math,1e-05,2.90922532949429,3.1607839729921223,3.1185220468300896,3.144326409715029,0.016457563277093357,-0.2092967173357998,1.9131566530773574,1527.1130987035408,2.876967191696167,ok,42.2
nanogpt_s43,muon,stackmathqa,math,1.78e-05,2.698833562623265,3.1704945088366006,3.1185220468300896,3.144326409715029,0.026168099121571586,-0.4196884842068247,2.9207108096008394,1527.1130987035408,2.7920494079589844,ok,38.8
nanogpt_s43,muon,stackmathqa,math,3.16e-05,2.5874746811599882,3.1865884329241547,3.1185220468300896,3.144326409715029,0.042262023209125754,-0.5310473656701014,4.576757149009566,1527.1130987035408,2.709067940711975,ok,42.0
nanogpt_s43,muon,stackmathqa,math,5.62e-05,2.516465995176431,3.2148091004552675,3.1185220468300896,3.144326409715029,0.0704826907402385,-0.6020560516536584,7.339743958641321,1527.1130987035408,2.6320725679397583,ok,37.9
nanogpt_s43,muon,stackmathqa,math,0.0001,2.462675008755141,3.258350327523487,3.1185220468300896,3.144326409715029,0.11402391780845811,-0.6558470380749486,11.83337544627073,1527.1130987035408,2.566341519355774,ok,41.7
nanogpt_s43,muon,stackmathqa,math,0.000178,2.403988071150509,3.3196832354521333,3.1185220468300896,3.144326409715029,0.17535682573710432,-0.7145339756795805,19.39610357062576,1527.1130987035408,2.4963366985321045,ok,38.5
nanogpt_s43,muon,stackmathqa,math,0.000316,2.350567296993009,3.3927180333146842,3.1185220468300896,3.144326409715029,0.24839162359965528,-0.7679547498370805,32.016672448572955,1527.1130987035408,2.4307305812835693,ok,39.2
nanogpt_s43,muon,stackmathqa,math,0.000562,2.3229125409210263,3.4630431345064348,3.1185220468300896,3.144326409715029,0.3187167247914058,-0.7956095059090633,52.79909573271465,1527.1130987035408,2.3946423530578613,ok,40.4
nanogpt_s43,muon,stackmathqa,math,0.001,2.280329247043557,3.5278240920512878,3.1185220468300896,3.144326409715029,0.3834976823362588,-0.8381927997865324,89.49685065027242,1527.1130987035408,2.3464462757110596,ok,38.7
nanogpt_s43,muon,stackmathqa,math,0.00178,2.294520868947128,3.6723276201759534,3.1185220468300896,3.144326409715029,0.5280012104609244,-0.8240011778829617,146.40395540946145,1527.1130987035408,2.3542619943618774,ok,41.6
nanogpt_s43,muon,stackmathqa,math,0.00316,2.3900327290574164,4.1517803020439965,3.1185220468300896,3.144326409715029,1.0074538923289675,-0.7284893177726732,247.36123604455707,1527.1130987035408,2.4575380086898804,ok,37.9
nanogpt_s43,muon,stackmathqa,math,0.00562,4.23711607274244,7.475927871733962,3.1185220468300896,3.144326409715029,4.3316014620189325,1.1185940259123504,405.0969195628881,1527.1130987035408,4.233447074890137,ok,37.1
nanogpt_s43,muon,stackmathqa,math,0.01,4.7394125951479555,7.98500293201663,3.1185220468300896,3.144326409715029,4.840676522301601,1.620890548317866,628.2668962040041,1527.1130987035408,4.720799922943115,ok,39.7
nanogpt_s43,sgd,musicpile,far,0.0,3.459604020687932,3.185731421244821,3.459604020687932,3.185731421244821,0.0,0.0,0.0,1505.5145345539431,,base,11.5
nanogpt_s43,sgd,musicpile,far,1e-06,3.438778162469136,3.1862171792704066,3.459604020687932,3.185731421244821,0.000485758025585703,-0.0208258582187959,0.17697160122926817,1505.5145345539431,3.673189401626587,ok,28.0
nanogpt_s43,sgd,musicpile,far,1.78e-06,3.427236844415534,3.1873450381881803,3.459604020687932,3.185731421244821,0.001613616943359375,-0.032367176272397824,0.3129314826795283,1505.5145345539431,3.6691155433654785,ok,27.6
nanogpt_s43,sgd,musicpile,far,3.16e-06,3.413446579427402,3.1905274475157377,3.459604020687932,3.185731421244821,0.004796026270916798,-0.0461574412605299,0.5445071929015418,1505.5145345539431,3.658474087715149,ok,27.6
nanogpt_s43,sgd,musicpile,far,5.62e-06,3.3954606028219025,3.197391808616205,3.459604020687932,3.185731421244821,0.011660387371384306,-0.0641434178660294,0.9231627283899488,1505.5145345539431,3.6373066902160645,ok,27.6
nanogpt_s43,sgd,musicpile,far,1e-05,3.362177720041891,3.206010792353382,3.459604020687932,3.185731421244821,0.02027937110856115,-0.09742630064604096,1.5153017552364683,1505.5145345539431,3.6050907373428345,ok,27.6
nanogpt_s43,sgd,musicpile,far,1.78e-05,3.3175990632835433,3.213346332020022,3.459604020687932,3.185731421244821,0.027614910775201285,-0.14200495740438868,2.440543910546769,1505.5145345539431,3.5591416358947754,ok,27.6
nanogpt_s43,sgd,musicpile,far,3.16e-05,3.26563986313553,3.2172893143446712,3.459604020687932,3.185731421244821,0.031557893099850354,-0.19396415755240204,3.915479512736616,1505.5145345539431,3.505167007446289,ok,27.6
nanogpt_s43,sgd,musicpile,far,5.62e-05,3.2047706051581994,3.2231710773624784,3.459604020687932,3.185731421244821,0.03743965611765754,-0.2548334155297325,6.32831515539313,1505.5145345539431,3.4458320140838623,ok,27.6
nanogpt_s43,sgd,musicpile,far,0.0001,3.1485861612159445,3.2349675210254767,3.459604020687932,3.185731421244821,0.049236099780655795,-0.31101785947198746,10.304824101257932,1505.5145345539431,3.3928287029266357,ok,27.5
nanogpt_s43,sgd,musicpile,far,0.000178,3.099539120369928,3.249891863410487,3.459604020687932,3.185731421244821,0.06416044216566608,-0.3600649003180041,16.844097373791865,1505.5145345539431,3.344247341156006,ok,27.6
nanogpt_s43,sgd,musicpile,far,0.000316,3.0632686876270867,3.2717335807367314,3.459604020687932,3.185731421244821,0.08600215949191048,-0.39633533306084523,27.516784151228794,1505.5145345539431,3.305769443511963,ok,27.5
nanogpt_s43,sgd,musicpile,far,0.000562,3.048060743776086,3.304531888719174,3.459604020687932,3.185731421244821,0.11880046747435324,-0.4115432769118459,45.14707712118134,1505.5145345539431,3.2825751304626465,ok,27.5
nanogpt_s43,sgd,musicpile,far,0.001,3.0576687419017934,3.36875223133662,3.459604020687932,3.185731421244821,0.18302081009179894,-0.40193527878613855,75.87600166954245,1505.5145345539431,3.2864855527877808,ok,27.6
nanogpt_s43,sgd,musicpile,far,0.00178,3.142297360295186,3.5034406665719886,3.459604020687932,3.185731421244821,0.3177092453271677,-0.31730666039274613,126.36712178870042,1505.5145345539431,3.361010432243347,ok,27.7
nanogpt_s43,sgd,musicpile,far,0.00316,3.307252469594698,3.7660498497770725,3.459604020687932,3.185731421244821,0.5803184285322516,-0.15235155109323406,209.03652769473953,1505.5145345539431,3.5366069078445435,ok,27.9
nanogpt_s43,sgd,musicpile,far,0.00562,4.7756968757644325,5.5270753625321065,3.459604020687932,3.185731421244821,2.3413439412872856,1.3160928550765005,363.6370714242687,1505.5145345539431,5.001459836959839,ok,27.6
nanogpt_s43,sgd,musicpile,far,0.01,5.8837415542154625,6.974075377104101,3.459604020687932,3.185731421244821,3.78834395585928,2.4241375335275306,620.9779034087223,1505.5145345539431,6.1102681159973145,ok,27.6
nanogpt_s43,sam,musicpile,far,0.0,3.4585113002829355,3.185203944167046,3.4585113002829355,3.185203944167046,0.0,0.0,0.0,1505.5059086089568,,base,11.6
nanogpt_s43,sam,musicpile,far,1e-06,3.438527019523128,3.1857690493887882,3.4585113002829355,3.185203944167046,0.0005651052217423569,-0.019984280759807405,0.1765649634335658,1505.5059086089568,3.672635316848755,ok,28.0
nanogpt_s43,sam,musicpile,far,1.78e-06,3.4274898237911455,3.1869608362126955,3.4585113002829355,3.185203944167046,0.0017568920456496606,-0.03102147649178999,0.31199792442838403,1505.5059086089568,3.668741822242737,ok,27.6
nanogpt_s43,sam,musicpile,far,3.16e-06,3.4140970636953814,3.1902488253121275,3.4585113002829355,3.185203944167046,0.0050448811450816144,-0.04441423658755417,0.5430962951984226,1505.5059086089568,3.657341480255127,ok,27.6
nanogpt_s43,sam,musicpile,far,5.62e-06,3.3958644531011113,3.1971808879576082,3.4585113002829355,3.185203944167046,0.011976943790562355,-0.06264684718182423,0.921099851482942,1505.5059086089568,3.6362271308898926,ok,27.6
nanogpt_s43,sam,musicpile,far,1e-05,3.362187178400865,3.205849522480526,3.4585113002829355,3.185203944167046,0.02064557831348024,-0.09632412188207073,1.5128237559242972,1505.5059086089568,3.6041152477264404,ok,27.6
nanogpt_s43,sam,musicpile,far,1.78e-05,3.31727432131534,3.2131284314359005,3.4585113002829355,3.185203944167046,0.02792448726885466,-0.14123697896759557,2.4381975702751357,1505.5059086089568,3.5584373474121094,ok,27.6
nanogpt_s43,sam,musicpile,far,3.16e-05,3.265018261575419,3.2171918118769876,3.4585113002829355,3.185203944167046,0.031987867709941664,-0.19349303870751644,3.9138801156488574,1505.5059086089568,3.5042096376419067,ok,27.6
nanogpt_s43,sam,musicpile,far,5.62e-05,3.204039974921837,3.2230911516163445,3.4585113002829355,3.185203944167046,0.03788720744929863,-0.2544713253610986,6.324456627102718,1505.5059086089568,3.4446948766708374,ok,27.6
nanogpt_s43,sam,musicpile,far,0.0001,3.1480609572796907,3.234966729718412,3.4585113002829355,3.185203944167046,0.04976278555136604,-0.3104503430032448,10.290934943199993,1505.5059086089568,3.391929507255554,ok,27.6
nanogpt_s43,sam,musicpile,far,0.000178,3.0988807155661386,3.249875242229544,3.4585113002829355,3.185203944167046,0.06467129806249794,-0.3596305847167969,16.821691643798783,1505.5059086089568,3.343910336494446,ok,27.6
nanogpt_s43,sam,musicpile,far,0.000316,3.062681627366874,3.271149767821549,3.4585113002829355,3.185203944167046,0.08594582365450298,-0.3958296729160615,27.477819407940746,1505.5059086089568,3.304732322692871,ok,27.6
nanogpt_s43,sam,musicpile,far,0.000562,3.0464212376544153,3.303775048302578,3.4585113002829355,3.185203944167046,0.11857110413553196,-0.4120900626285202,45.22195969117191,1505.5059086089568,3.2801257371902466,ok,27.6
nanogpt_s43,sam,musicpile,far,0.001,3.058487998529423,3.3709124585653703,3.4585113002829355,3.185203944167046,0.18570851439832436,-0.4000233017535124,75.81898624814804,1505.5059086089568,3.2887669801712036,ok,27.6
nanogpt_s43,sam,musicpile,far,0.00178,3.1348481299592557,3.502841382110655,3.4585113002829355,3.185203944167046,0.3176374379436093,-0.32366317032367986,125.82890841165715,1505.5059086089568,3.3550426959991455,ok,27.7
nanogpt_s43,sam,musicpile,far,0.00316,3.3254120410538466,3.776629632699746,3.4585113002829355,3.185203944167046,0.5914256885327003,-0.13309925922908894,209.22009610500635,1505.5059086089568,3.55365526676178,ok,27.8
nanogpt_s43,sam,musicpile,far,0.00562,4.2132352541570794,4.740154363404515,3.4585113002829355,3.185203944167046,1.554950419237469,0.7547239538741439,359.64956784338483,1505.5059086089568,4.457337379455566,ok,27.6
nanogpt_s43,sam,musicpile,far,0.01,6.295012218378295,7.289876844551698,3.4585113002829355,3.185203944167046,4.104672900384653,2.8365009180953593,624.6015557820647,1505.5059086089568,6.517050743103027,ok,27.6
nanogpt_s43,fsam,musicpile,far,0.0,3.4589819936136443,3.185377434508441,3.4589819936136443,3.185377434508441,0.0,0.0,0.0,1505.5076784253367,,base,11.6
nanogpt_s43,fsam,musicpile,far,1e-06,3.4387630007271666,3.185871863318516,3.4589819936136443,3.185377434508441,0.0004944288100747762,-0.02021899288647777,0.17623345010260189,1505.5076784253367,3.6725308895111084,ok,28.0
nanogpt_s43,fsam,musicpile,far,1.78e-06,3.4275316958791358,3.187013349887676,3.4589819936136443,3.185377434508441,0.001635915379234909,-0.03145029773450858,0.31153276654353507,1505.5076784253367,3.6683695316314697,ok,27.6
nanogpt_s43,fsam,musicpile,far,3.16e-06,3.413821188671015,3.190233364963718,3.4589819936136443,3.185377434508441,0.00485593045527688,-0.04516080494262953,0.542224863563592,1505.5076784253367,3.6580713987350464,ok,27.6
nanogpt_s43,fsam,musicpile,far,5.62e-06,3.395258170051351,3.1971656105056434,3.4589819936136443,3.185377434508441,0.011788175997202277,-0.06372382356229345,0.9202878185074241,1505.5076784253367,3.6364184617996216,ok,27.6
nanogpt_s43,fsam,musicpile,far,1e-05,3.3617349314829608,3.2059791624662695,3.4589819936136443,3.185377434508441,0.02060172795782833,-0.09724706213068357,1.5133031617402368,1505.5076784253367,3.603998303413391,ok,27.6
nanogpt_s43,fsam,musicpile,far,1.78e-05,3.3170162805605776,3.2132561230146255,3.4589819936136443,3.185377434508441,0.027878688506184357,-0.1419657130530667,2.43929674736965,1505.5076784253367,3.5583221912384033,ok,27.6
nanogpt_s43,fsam,musicpile,far,3.16e-05,3.264878954206194,3.2171723166090636,3.4589819936136443,3.185377434508441,0.031794882100622424,-0.19410303940745033,3.914184186847723,1505.5076784253367,3.5040547847747803,ok,27.7
nanogpt_s43,fsam,musicpile,far,5.62e-05,3.2036729652121108,3.2230207066246677,3.4589819936136443,3.185377434508441,0.037643272116226534,-0.2553090284015336,6.326995862468808,1505.5076784253367,3.4445204734802246,ok,27.6
nanogpt_s43,fsam,musicpile,far,0.0001,3.147828424980029,3.235082779378574,3.4589819936136443,3.185377434508441,0.049705344870132784,-0.3111535686336153,10.296140554551492,1505.5076784253367,3.391463279724121,ok,27.6
nanogpt_s43,fsam,musicpile,far,0.000178,3.098522171348975,3.2499507224723083,3.4589819936136443,3.185377434508441,0.06457328796386719,-0.3604598222646693,16.827476543596276,1505.5076784253367,3.3436546325683594,ok,27.6
nanogpt_s43,fsam,musicpile,far,0.000316,3.0623150506364856,3.2711063616429756,3.4589819936136443,3.185377434508441,0.0857289271345345,-0.39666694297715877,27.489788871073618,1505.5076784253367,3.3044906854629517,ok,27.7
nanogpt_s43,fsam,musicpile,far,0.000562,3.0467688006197635,3.30377483927807,3.4589819936136443,3.185377434508441,0.11839740476962879,-0.4122131929938808,45.19878565326751,1505.5076784253367,3.2800525426864624,ok,27.7
nanogpt_s43,fsam,musicpile,far,0.001,3.0589241729557166,3.369897846139807,3.4589819936136443,3.185377434508441,0.1845204116313659,-0.4000578206579277,75.80140423223993,1505.5076784253367,3.2891945838928223,ok,27.6
nanogpt_s43,fsam,musicpile,far,0.00178,3.1315326578696414,3.5005533737212478,3.4589819936136443,3.185377434508441,0.3151759392128066,-0.3274493357440029,125.28389964052533,1505.5076784253367,3.3453506231307983,ok,27.7
nanogpt_s43,fsam,musicpile,far,0.00316,3.331529658367956,3.7734709028628473,3.4589819936136443,3.185377434508441,0.5880934683544061,-0.12745233524568844,209.0231779443633,1505.5076784253367,3.564076066017151,ok,27.8
nanogpt_s43,fsam,musicpile,far,0.00562,5.580447949075419,6.526629065347511,3.4589819936136443,3.185377434508441,3.34125163083907,2.1214659554617743,378.3899210162769,1505.5076784253367,5.820801019668579,ok,27.6
nanogpt_s43,fsam,musicpile,far,0.01,7.325765382053801,8.157714910936448,3.4589819936136443,3.185377434508441,4.972337476428008,3.8667833884401563,565.8278489964255,1505.5076784253367,7.558242321014404,ok,27.7
nanogpt_s43,muon,musicpile,far,0.0,3.5236564307763385,3.144326409715029,3.5236564307763385,3.144326409715029,0.0,0.0,0.0,1527.1130987035408,,base,11.5
nanogpt_s43,muon,musicpile,far,1e-06,3.499754209574421,3.1443763852352733,3.5236564307763385,3.144326409715029,4.99755202443275e-05,-0.023902221201917317,0.18090349191366029,1527.1130987035408,3.7209919691085815,ok,27.9
nanogpt_s43,muon,musicpile,far,1.78e-06,3.4852930057771987,3.145193085045264,3.5236564307763385,3.144326409715029,0.0008666753302351005,-0.038363424999139806,0.3207509797746948,1527.1130987035408,3.7181527614593506,ok,27.6
nanogpt_s43,muon,musicpile,far,3.16e-06,3.466524307041952,3.1479960514374676,3.5236564307763385,3.144326409715029,0.0036696417224386657,-0.057132123734386475,0.5622126390449538,1527.1130987035408,3.7056052684783936,ok,27.6
nanogpt_s43,muon,musicpile,far,5.62e-06,3.443372901871713,3.154931533126682,3.5236564307763385,3.144326409715029,0.010605123411652873,-0.08028352890462553,0.963371242660365,1527.1130987035408,3.6792293787002563,ok,27.6
nanogpt_s43,muon,musicpile,far,1e-05,3.408935337850492,3.1652213281381387,3.5236564307763385,3.144326409715029,0.020894918423109754,-0.11472109292584642,1.5938500020255937,1527.1130987035408,3.6420239210128784,ok,27.7
nanogpt_s43,muon,musicpile,far,1.78e-05,3.35867102038837,3.169973993021448,3.5236564307763385,3.144326409715029,0.02564758330641892,-0.16498541038796866,2.5673689054633684,1527.1130987035408,3.5926623344421387,ok,27.6
nanogpt_s43,muon,musicpile,far,3.16e-05,3.3033052731866706,3.1743251703490016,3.5236564307763385,3.144326409715029,0.029998760633972665,-0.22035115758966795,4.10424390309186,1527.1130987035408,3.532734751701355,ok,27.6
nanogpt_s43,muon,musicpile,far,5.62e-05,3.2429419440999188,3.184261251102455,3.5236564307763385,3.144326409715029,0.03993484138742609,-0.28071448667641974,6.551044079780985,1527.1130987035408,3.4730942249298096,ok,27.6
nanogpt_s43,muon,musicpile,far,0.0001,3.185375960139146,3.1992821142864787,3.5236564307763385,3.144326409715029,0.054955704571449715,-0.33828047063719247,10.537157047841232,1527.1130987035408,3.4166899919509888,ok,27.5
nanogpt_s43,muon,musicpile,far,0.000178,3.1349746793683493,3.217213416052891,3.5236564307763385,3.144326409715029,0.07288700633786194,-0.3886817514079892,17.034278241466343,1527.1130987035408,3.36578106880188,ok,27.6
nanogpt_s43,muon,musicpile,far,0.000316,3.0915118999443876,3.233851434666583,3.5236564307763385,3.144326409715029,0.08952502495155423,-0.4321445308319509,27.787915192112575,1527.1130987035408,3.32047963142395,ok,27.6
nanogpt_s43,muon,musicpile,far,0.000562,3.0661880956004044,3.2592395998960373,3.5236564307763385,3.144326409715029,0.11491319018100832,-0.4574683351759341,45.74804517005501,1527.1130987035408,3.2905510663986206,ok,27.6
nanogpt_s43,muon,musicpile,far,0.001,3.070665967907691,3.3175468071566168,3.5236564307763385,3.144326409715029,0.1732203974415878,-0.45299046286864764,75.90206782005166,1527.1130987035408,3.2866017818450928,ok,27.6
nanogpt_s43,muon,musicpile,far,0.00178,3.1176915924609756,3.427196812489728,3.5236564307763385,3.144326409715029,0.2828704027746989,-0.4059648383153629,124.64673415257094,1527.1130987035408,3.32414972782135,ok,27.7
nanogpt_s43,muon,musicpile,far,0.00316,3.3181844886734995,3.6950697814881686,3.5236564307763385,3.144326409715029,0.5507433717731396,-0.20547194210283903,209.13358274488414,1527.1130987035408,3.5404058694839478,ok,27.8
nanogpt_s43,muon,musicpile,far,0.00562,5.103331131011306,5.952100630609023,3.5236564307763385,3.144326409715029,2.8077742208939944,1.5796747002349671,378.842791406328,1527.1130987035408,5.318424940109253,ok,27.6
nanogpt_s43,muon,musicpile,far,0.01,6.246595886588796,7.246086411746747,3.5236564307763385,3.144326409715029,4.1017600020317175,2.7229394558124578,629.5060273257633,1527.1130987035408,6.482884168624878,ok,27.6
nanogpt_s43,randsam_muon,stackmathqa,math,0.0,3.1239422986652055,3.14444471385381,3.1239422986652055,3.14444471385381,0.0,0.0,0.0,1527.088431340137,,base,16.9
nanogpt_s43,randsam_muon,stackmathqa,math,1e-06,2.9578115160917817,3.1447992343492004,3.1239422986652055,3.14444471385381,0.0003545204953905312,-0.16613078257342373,0.2693857212193753,1527.088431340137,3.2696120738983154,ok,41.2
nanogpt_s43,randsam_muon,stackmathqa,math,1.78e-06,2.885180829789074,3.145730822986819,3.1239422986652055,3.14444471385381,0.0012861091330091945,-0.23876146887613148,0.47870337042404987,1527.088431340137,3.2483795881271362,ok,47.6
nanogpt_s43,randsam_muon,stackmathqa,math,3.16e-06,2.8908404893371222,3.148618280071102,3.1239422986652055,3.14444471385381,0.004173566217291924,-0.23310180932808322,0.8372425051573087,1527.088431340137,3.1274824142456055,ok,43.6
nanogpt_s43,randsam_muon,stackmathqa,math,5.62e-06,3.006907513463567,3.153779139957316,3.1239422986652055,3.14444471385381,0.00933442610350621,-0.11703478520163824,1.3049200316153404,1527.088431340137,2.9755423069000244,ok,43.2
nanogpt_s43,randsam_muon,stackmathqa,math,1e-05,2.9097957872364617,3.160843231440057,3.1239422986652055,3.14444471385381,0.01639851758624733,-0.21414651142874375,1.9224830436987137,1527.088431340137,2.8761706352233887,ok,39.8
nanogpt_s43,randsam_muon,stackmathqa,math,1.78e-05,2.7009147897858443,3.170855464300764,3.1239422986652055,3.14444471385381,0.02641075044695418,-0.42302750887936114,2.9281751607858424,1527.088431340137,2.791415572166443,ok,48.4
nanogpt_s43,randsam_muon,stackmathqa,math,3.16e-05,2.588585609092638,3.187187187359058,3.1239422986652055,3.14444471385381,0.04274247350524796,-0.5353566895725677,4.580968847437767,1527.088431340137,2.709120988845825,ok,42.1
nanogpt_s43,randsam_muon,stackmathqa,math,5.62e-05,2.517092598394405,3.215279633285015,3.1239422986652055,3.14444471385381,0.07083491943120501,-0.6068497002708004,7.339050869700163,1527.088431340137,2.6329301595687866,ok,48.7
nanogpt_s43,randsam_muon,stackmathqa,math,0.0001,2.463009985459061,3.259789774795801,3.1239422986652055,3.14444471385381,0.11534506094199104,-0.6609323132061444,11.84430406975539,1527.088431340137,2.566670536994934,ok,45.2
nanogpt_s43,randsam_muon,stackmathqa,math,0.000178,2.4040025983537947,3.320812889741125,3.1239422986652055,3.14444471385381,0.17636817588731502,-0.7199397003114107,19.411936296851906,1527.088431340137,2.4965630769729614,ok,46.9
nanogpt_s43,randsam_muon,stackmathqa,math,0.000316,2.350054313525295,3.393859818490284,3.1239422986652055,3.14444471385381,0.2494151046364741,-0.7738879851399103,32.08845322498694,1527.088431340137,2.430646777153015,ok,46.6
nanogpt_s43,randsam_muon,stackmathqa,math,0.000562,2.3220473810184723,3.463097503273921,3.1239422986652055,3.14444471385381,0.3186527894201112,-0.8018949176467332,52.780235795211595,1527.088431340137,2.393559217453003,ok,41.0
nanogpt_s43,randsam_muon,stackmathqa,math,0.001,2.2827007943170177,3.530624423241662,3.1239422986652055,3.14444471385381,0.3861797093878523,-0.8412415043481878,89.4378202971031,1527.088431340137,2.3503754138946533,ok,49.1
nanogpt_s43,randsam_muon,stackmathqa,math,0.00178,2.2950038424676644,3.6716473200549817,3.1239422986652055,3.14444471385381,0.5272026062011719,-0.828938456197541,146.10047022654018,1527.088431340137,2.3552643060684204,ok,43.1
nanogpt_s43,randsam_muon,stackmathqa,math,0.00316,2.396526254553151,4.151115466004015,3.1239422986652055,3.14444471385381,1.006670752150205,-0.7274160441120543,243.26663034770112,1527.088431340137,2.4576834440231323,ok,45.3
nanogpt_s43,randsam_muon,stackmathqa,math,0.00562,4.143961352144902,7.27737355092267,3.1239422986652055,3.14444471385381,4.13292883706886,1.0200190534796962,398.6256062649778,1527.088431340137,4.150066137313843,ok,48.1
nanogpt_s43,randsam_muon,stackmathqa,math,0.01,4.728523567931293,7.9759731255398805,3.1239422986652055,3.14444471385381,4.831528411686071,1.6045812692660877,649.151188704364,1527.088431340137,4.719597578048706,ok,40.3
nanogpt_s43,muon_sam,musicpile,far,0.0,3.5149999420703506,3.1470819723349495,3.5149999420703506,3.1470819723349495,0.0,0.0,0.0,1533.7704693290493,,base,11.6
nanogpt_s43,muon_sam,musicpile,far,1e-06,3.497212874679416,3.1472672128397425,3.5149999420703506,3.1470819723349495,0.00018524050479307164,-0.017787067390934386,0.17654254381436352,1533.7704693290493,3.706869602203369,ok,27.7
nanogpt_s43,muon_sam,musicpile,far,1.78e-06,3.4856974756647694,3.147744777851142,3.5149999420703506,3.1470819723349495,0.0006628055161925772,-0.029302466405581207,0.3130977060160039,1533.7704693290493,3.704232335090637,ok,27.6
nanogpt_s43,muon_sam,musicpile,far,3.16e-06,3.4695963626271826,3.149222319839985,3.5149999420703506,3.1470819723349495,0.002140347505035667,-0.045403579443167974,0.5500858259654304,1533.7704693290493,3.6945505142211914,ok,27.7
nanogpt_s43,muon_sam,musicpile,far,5.62e-06,3.449008493740731,3.1530818341996105,3.5149999420703506,3.1470819723349495,0.00599986186466106,-0.06599144832961956,0.9493649511923684,1533.7704693290493,3.674048066139221,ok,27.6
nanogpt_s43,muon_sam,musicpile,far,1e-05,3.4191268502849423,3.1600793513766474,3.5149999420703506,3.1470819723349495,0.012997379041697954,-0.09587309178540826,1.5869522866553754,1533.7704693290493,3.642086148262024,ok,27.6
nanogpt_s43,muon_sam,musicpile,far,1.78e-05,3.372464390883474,3.1659154835979066,3.5149999420703506,3.1470819723349495,0.01883351126295718,-0.14253555118687666,2.5632229656145844,1533.7704693290493,3.5974844694137573,ok,27.7
nanogpt_s43,muon_sam,musicpile,far,3.16e-05,3.3166189697623953,3.169686162541757,3.5149999420703506,3.1470819723349495,0.022604190206807484,-0.19838097230795526,4.122320153434296,1533.7704693290493,3.5383161306381226,ok,27.6
nanogpt_s43,muon_sam,musicpile,far,5.62e-05,3.251966651871713,3.174439999455342,3.5149999420703506,3.1470819723349495,0.027358027120392592,-0.26303329019863764,6.641216486344083,1533.7704693290493,3.477779984474182,ok,27.6
nanogpt_s43,muon_sam,musicpile,far,0.0001,3.1915501857690383,3.184689792401637,3.5149999420703506,3.1470819723349495,0.03760782006668739,-0.32344975630131234,10.745106887876572,1533.7704693290493,3.4211294651031494,ok,27.5
nanogpt_s43,muon_sam,musicpile,far,0.000178,3.1367068878591877,3.1993598602056035,3.5149999420703506,3.1470819723349495,0.052277887870654016,-0.3782930542111629,17.488843449756896,1533.7704693290493,3.3679442405700684,ok,27.6
nanogpt_s43,muon_sam,musicpile,far,0.000316,3.0927863298330287,3.21955718919489,3.5149999420703506,3.1470819723349495,0.07247521685994052,-0.4222136122373219,28.62576142553607,1533.7704693290493,3.321789026260376,ok,27.6
nanogpt_s43,muon_sam,musicpile,far,0.000562,3.06581309816842,3.2511609781045037,3.5149999420703506,3.1470819723349495,0.1040790057695542,-0.44918684390193064,46.977042635280455,1533.7704693290493,3.2891690731048584,ok,27.7
nanogpt_s43,muon_sam,musicpile,far,0.001,3.0695314649966363,3.3064972229899725,3.5149999420703506,3.1470819723349495,0.15941525065502304,-0.4454684770737143,76.68265997939876,1533.7704693290493,3.2825077772140503,ok,27.7
nanogpt_s43,muon_sam,musicpile,far,0.00178,3.1174122162761053,3.4100423017826564,3.5149999420703506,3.1470819723349495,0.262960329447707,-0.3975877257942453,124.79336136298343,1533.7704693290493,3.323224186897278,ok,27.6
nanogpt_s43,muon_sam,musicpile,far,0.00316,3.261303582536731,3.633157703974476,3.5149999420703506,3.1470819723349495,0.48607573163952633,-0.25369635953361946,206.58276856005835,1533.7704693290493,3.477457284927368,ok,27.8
nanogpt_s43,muon_sam,musicpile,far,0.00562,4.234665170807661,4.622217532939874,3.5149999420703506,3.1470819723349495,1.4751355606049241,0.7196652287373104,362.809206680049,1533.7704693290493,4.477679252624512,ok,27.6
nanogpt_s43,muon_sam,musicpile,far,0.01,5.901031076091609,6.970593767856665,3.5149999420703506,3.1470819723349495,3.823511795521716,2.3860311340212585,603.8545494545398,1533.7704693290493,6.131235122680664,ok,27.5
nanogpt_s43,fsam_ortho_muon_stale_momentum,musicpile,far,0.0,3.517580379478619,3.143828696234119,3.517580379478619,3.143828696234119,0.0,0.0,0.0,1527.1456875124256,,base,16.7
nanogpt_s43,fsam_ortho_muon_stale_momentum,musicpile,far,1e-06,3.49531236413407,3.1441208863678276,3.517580379478619,3.143828696234119,0.00029219013370873625,-0.022268015344548697,0.1798120807387546,1527.1456875124256,3.715210437774658,ok,38.6
nanogpt_s43,fsam_ortho_muon_stale_momentum,musicpile,far,1.78e-06,3.4817791544994496,3.1450396797195106,3.517580379478619,3.143828696234119,0.0012109834853917256,-0.035801224979169266,0.3187671065276275,1527.1456875124256,3.7113702297210693,ok,41.1
nanogpt_s43,fsam_ortho_muon_stale_momentum,musicpile,far,3.16e-06,3.4640719195401366,3.1478699200773894,3.517580379478619,3.143828696234119,0.004041223843270547,-0.0535084599384823,0.5591418760324062,1527.1456875124256,3.700384736061096,ok,38.7
nanogpt_s43,fsam_ortho_muon_stale_momentum,musicpile,far,5.62e-06,3.4421515567428678,3.154545278231925,3.517580379478619,3.143828696234119,0.01071658199780634,-0.07542882273575113,0.9596981696715314,1527.1456875124256,3.676233410835266,ok,40.9
nanogpt_s43,fsam_ortho_muon_stale_momentum,musicpile,far,1e-05,3.4095924959723964,3.16442199602519,3.517580379478619,3.143828696234119,0.02059329979107094,-0.10798788350622246,1.5877120041279913,1527.1456875124256,3.640281319618225,ok,39.1
nanogpt_s43,fsam_ortho_muon_stale_momentum,musicpile,far,1.78e-05,3.3597747369755036,3.169440338522954,3.517580379478619,3.143828696234119,0.025611642288835057,-0.15780564250311535,2.5516079155882516,1527.1456875124256,3.5918469429016113,ok,38.3
nanogpt_s43,fsam_ortho_muon_stale_momentum,musicpile,far,3.16e-05,3.3037235461569114,3.173601292350754,3.517580379478619,3.143828696234119,0.029772596116635075,-0.21385683332170746,4.082901638110931,1527.1456875124256,3.5319923162460327,ok,40.9
nanogpt_s43,fsam_ortho_muon_stale_momentum,musicpile,far,5.62e-05,3.243667744377121,3.1816877301658435,3.517580379478619,3.143828696234119,0.03785903393172463,-0.27391263510149777,6.528299537437136,1527.1456875124256,3.4728763103485107,ok,37.9
nanogpt_s43,fsam_ortho_muon_stale_momentum,musicpile,far,0.0001,3.184956268788317,3.195435010756998,3.517580379478619,3.143828696234119,0.05160631452287934,-0.33262411069030184,10.533608370331658,1527.1456875124256,3.4166613817214966,ok,30.2
nanogpt_s43,fsam_ortho_muon_stale_momentum,musicpile,far,0.000178,3.1336502254359178,3.21350610886068,3.517580379478619,3.143828696234119,0.06967741262656135,-0.38393015404270114,17.04969559284479,1527.1456875124256,3.366437792778015,ok,27.7
nanogpt_s43,fsam_ortho_muon_stale_momentum,musicpile,far,0.000316,3.09037111136778,3.2320876896031447,3.517580379478619,3.143828696234119,0.08825899336902587,-0.4272092681108388,27.86966094735025,1527.1456875124256,3.320154547691345,ok,27.6
nanogpt_s43,fsam_ortho_muon_stale_momentum,musicpile,far,0.000562,3.0662151493438303,3.257069712748966,3.517580379478619,3.143828696234119,0.11324101651484719,-0.4513652301347886,45.71085226263957,1527.1456875124256,3.2914618253707886,ok,27.6
nanogpt_s43,fsam_ortho_muon_stale_momentum,musicpile,far,0.001,3.0717124864313234,3.3172740488369636,3.517580379478619,3.143828696234119,0.17344535260284477,-0.44586789304729546,75.9740752559815,1527.1456875124256,3.287492275238037,ok,27.6
nanogpt_s43,fsam_ortho_muon_stale_momentum,musicpile,far,0.00178,3.1348676140294383,3.4321244532814696,3.517580379478619,3.143828696234119,0.2882957570473508,-0.38271276544918065,125.41445208720316,1527.1456875124256,3.3462785482406616,ok,27.4
nanogpt_s43,fsam_ortho_muon_stale_momentum,musicpile,far,0.00316,3.2832558141062638,3.6718361699651134,3.517580379478619,3.143828696234119,0.5280074737309945,-0.23432456537235513,207.08168555367786,1527.1456875124256,3.5022693872451782,ok,27.8
nanogpt_s43,fsam_ortho_muon_stale_momentum,musicpile,far,0.00562,4.137999077365823,4.557830750825587,3.517580379478619,3.143828696234119,1.4140020545914678,0.6204186978872039,365.40484565120045,1527.1456875124256,4.367363452911377,ok,27.6
nanogpt_s43,fsam_ortho_muon_stale_momentum,musicpile,far,0.01,6.2655049154203235,7.283277724353768,3.517580379478619,3.143828696234119,4.13944902811965,2.7479245359417046,613.0351492655724,1527.1456875124256,6.486884832382202,ok,27.6
nanogpt_s43,randsam_muon,musicpile,far,0.0,3.523869814938062,3.14444471385381,3.523869814938062,3.14444471385381,0.0,0.0,0.0,1527.088431340137,,base,11.5
nanogpt_s43,randsam_muon,musicpile,far,1e-06,3.499926923539074,3.1445108962385624,3.523869814938062,3.14444471385381,6.618238475253335e-05,-0.023942891398987864,0.1810009180909827,1527.088431340137,3.7209420204162598,ok,27.9
nanogpt_s43,randsam_muon,musicpile,far,1.78e-06,3.4854787165871337,3.145330802335198,3.523869814938062,3.14444471385381,0.0008860884813879366,-0.03839109835092813,0.3209257575959286,1527.088431340137,3.7164194583892822,ok,27.6
nanogpt_s43,randsam_muon,musicpile,far,3.16e-06,3.466883403681029,3.1481423648602807,3.523869814938062,3.14444471385381,0.0036976510064707924,-0.05698641125703263,0.562331304264017,1527.088431340137,3.703511595726013,ok,27.6
nanogpt_s43,randsam_muon,musicpile,far,5.62e-06,3.444094641101337,3.154998529213982,3.523869814938062,3.14444471385381,0.01055381536017208,-0.07977517383672472,0.9620429897367265,1527.088431340137,3.6796443462371826,ok,27.6
nanogpt_s43,randsam_muon,musicpile,far,1e-05,3.4092530103112386,3.16483219169124,3.523869814938062,3.14444471385381,0.02038747783743,-0.11461680462682322,1.5899377763907065,1527.088431340137,3.6426870822906494,ok,27.6
nanogpt_s43,randsam_muon,musicpile,far,1.78e-05,3.359092316748811,3.1696327493148773,3.523869814938062,3.14444471385381,0.025188035461067404,-0.1647774981892507,2.564617061241774,1527.088431340137,3.591910719871521,ok,27.4
nanogpt_s43,randsam_muon,musicpile,far,3.16e-05,3.3036898334898828,3.174245117695131,3.523869814938062,3.14444471385381,0.0298004038413211,-0.22017998144817907,4.10351050048321,1527.088431340137,3.532599925994873,ok,27.6
nanogpt_s43,randsam_muon,musicpile,far,5.62e-05,3.243472978326906,3.1844454390195485,3.523869814938062,3.14444471385381,0.040000725165738604,-0.280396836611156,6.551008531829758,1527.088431340137,3.4706871509552,ok,27.6
nanogpt_s43,randsam_muon,musicpile,far,0.0001,3.186046607806958,3.1995531257584604,3.523869814938062,3.14444471385381,0.055108411904650545,-0.33782320713110403,10.525774874641474,1527.088431340137,3.417217254638672,ok,27.4
nanogpt_s43,randsam_muon,musicpile,far,0.000178,3.1357887029181253,3.2174798588463474,3.523869814938062,3.14444471385381,0.07303514499253749,-0.38808111201993656,17.012329750496963,1527.088431340137,3.3659039735794067,ok,27.5
nanogpt_s43,randsam_muon,musicpile,far,0.000316,3.0924887087947,3.234467052900161,3.523869814938062,3.14444471385381,0.09002233904635126,-0.43138110614336167,27.751745028590562,1527.088431340137,3.3199727535247803,ok,27.6
nanogpt_s43,randsam_muon,musicpile,far,0.000562,3.0671157612959234,3.2599080826671623,3.523869814938062,3.14444471385381,0.1154633688133524,-0.4567540536421384,45.69964695090197,1527.088431340137,3.28972852230072,ok,27.6
nanogpt_s43,randsam_muon,musicpile,far,0.001,3.070386405093796,3.3179496683019947,3.523869814938062,3.14444471385381,0.1735049544481848,-0.45348340984426594,75.7167940381059,1527.088431340137,3.284918785095215,ok,27.6
nanogpt_s43,randsam_muon,musicpile,far,0.00178,3.117547178921634,3.4292526394420406,3.523869814938062,3.14444471385381,0.28480792558823076,-0.4063226360164278,125.17622194429651,1527.088431340137,3.3209941387176514,ok,27.6
nanogpt_s43,randsam_muon,musicpile,far,0.00316,3.2903780106695666,3.6750058735886664,3.523869814938062,3.14444471385381,0.5305611597348565,-0.23349180426849525,207.52336854998708,1527.088431340137,3.5100873708724976,ok,27.7
nanogpt_s43,randsam_muon,musicpile,far,0.00562,4.591880350430184,5.20302186880093,3.523869814938062,3.14444471385381,2.0585771549471206,1.0680105354921223,368.85674897799834,1527.088431340137,4.827412843704224,ok,27.5
nanogpt_s43,randsam_muon,musicpile,far,0.01,6.007734787674099,7.043754122261898,3.523869814938062,3.14444471385381,3.8993094084080884,2.4838649727360376,623.9466639121808,1527.088431340137,6.228088617324829,ok,27.5
nanogpt_s43,muon,tulu3,near,0.0,2.8888145939477967,3.144326409715029,2.8888145939477967,3.144326409715029,0.0,0.0,0.0,1527.1130987035408,,base,11.5
nanogpt_s43,muon,tulu3,near,1e-06,2.8108254897384493,3.1453656795673406,2.8888145939477967,3.144326409715029,0.0010392698523116195,-0.07798910420934746,0.2317510768920675,1527.1130987035408,3.0210678577423096,ok,28.0
nanogpt_s43,muon,tulu3,near,1.78e-06,2.768280842999423,3.1470615961780286,2.8888145939477967,3.144326409715029,0.002735186462999639,-0.12053375094837371,0.4110727935438859,1527.1130987035408,3.0106866359710693,ok,27.6
nanogpt_s43,muon,tulu3,near,3.16e-06,2.722064971923828,3.15175875012422,2.8888145939477967,3.144326409715029,0.007432340409191163,-0.1667496220239686,0.719025803859501,1527.1130987035408,2.9688466787338257,ok,27.6
nanogpt_s43,muon,tulu3,near,5.62e-06,2.676972040224915,3.1631634669294564,2.8888145939477967,3.144326409715029,0.01883705721442741,-0.21184255372288163,1.2052762107766608,1527.1130987035408,2.8862762451171875,ok,27.6
nanogpt_s43,muon,tulu3,near,1e-05,2.6324396599995414,3.182569835983844,2.8888145939477967,3.144326409715029,0.03824342626881494,-0.2563749339482553,1.8664722566717693,1527.1130987035408,2.7935768365859985,ok,27.6
nanogpt_s43,muon,tulu3,near,1.78e-05,2.537930983153341,3.1970721242945723,2.8888145939477967,3.144326409715029,0.05274571457954336,-0.3508836107944555,2.747008861278612,1527.1130987035408,2.7309443950653076,ok,27.6
nanogpt_s43,muon,tulu3,near,3.16e-05,2.465738009100091,3.2028714495395727,2.8888145939477967,3.144326409715029,0.05854503982454373,-0.4230765848477058,4.186840169063348,1527.1130987035408,2.6632580757141113,ok,27.6
nanogpt_s43,muon,tulu3,near,5.62e-05,2.3959447782333583,3.2132076666546427,2.8888145939477967,3.144326409715029,0.06888125693961378,-0.49286981571443844,6.627134530367619,1527.1130987035408,2.59599232673645,ok,27.6
nanogpt_s43,muon,tulu3,near,0.0001,2.3364629278910836,3.236095021615523,2.8888145939477967,3.144326409715029,0.0917686119004939,-0.5523516660567132,10.669736039261544,1527.1130987035408,2.538353681564331,ok,27.6
nanogpt_s43,muon,tulu3,near,0.000178,2.28026355362685,3.2684043690183158,2.8888145939477967,3.144326409715029,0.1240779593032868,-0.6085510403209469,17.304153398991303,1527.1130987035408,2.483923077583313,ok,27.6
nanogpt_s43,muon,tulu3,near,0.000316,2.236483949037914,3.2971004702573654,2.8888145939477967,3.144326409715029,0.15277406054233644,-0.6523306449098829,28.233784827721923,1527.1130987035408,2.438287854194641,ok,27.6
nanogpt_s43,muon,tulu3,near,0.000562,2.2123242618986305,3.3319623801572917,2.8888145939477967,3.144326409715029,0.18763597044226277,-0.6764903320491662,46.65490853651786,1527.1130987035408,2.4104197025299072,ok,27.6
nanogpt_s43,muon,tulu3,near,0.001,2.214240240257547,3.403452333872099,2.8888145939477967,3.144326409715029,0.25912592415707003,-0.6745743536902498,78.12400182884183,1527.1130987035408,2.4053875207901,ok,27.6
nanogpt_s43,muon,tulu3,near,0.00178,2.248393071840887,3.520592153888859,2.8888145939477967,3.144326409715029,0.3762657441738302,-0.6404215221069096,130.54183970240905,1527.1130987035408,2.4316656589508057,ok,27.6
nanogpt_s43,muon,tulu3,near,0.00316,2.3891491302072185,3.7811631204564042,2.8888145939477967,3.144326409715029,0.6368367107413753,-0.4996654637405782,216.18445066549342,1527.1130987035408,2.5673129558563232,ok,27.7
nanogpt_s43,muon,tulu3,near,0.00562,4.668020065516641,6.574427401249656,2.8888145939477967,3.144326409715029,3.4301009915346268,1.7792054715688446,412.7863039825974,1527.1130987035408,4.891409158706665,ok,27.6
nanogpt_s43,muon,tulu3,near,0.01,5.480802427765908,7.316493749151958,2.8888145939477967,3.144326409715029,4.172167339436928,2.591987833818111,640.7991124437052,1527.1130987035408,5.691781997680664,ok,27.6
nanogpt_s43,sgd,tulu3,near,0.0,2.672197823421829,3.185731421244821,2.672197823421829,3.185731421244821,0.0,0.0,0.0,1505.5145345539431,,base,11.5
nanogpt_s43,sgd,tulu3,near,1e-06,2.6161227067622654,3.186387847780948,2.672197823421829,3.185731421244821,0.0006564265361270749,-0.05607511665956366,0.22243967840400422,1505.5145345539431,2.824073910713196,ok,27.9
nanogpt_s43,sgd,tulu3,near,1.78e-06,2.5922058463796476,3.187698853225857,2.672197823421829,3.185731421244821,0.001967431981036327,-0.07999197704218153,0.3924871780674283,1505.5145345539431,2.8160336017608643,ok,27.6
nanogpt_s43,sgd,tulu3,near,3.16e-06,2.570289693933177,3.191621616161966,2.672197823421829,3.185731421244821,0.005890194917145042,-0.10190812948865213,0.6719667104444595,1505.5145345539431,2.7844061851501465,ok,27.6
nanogpt_s43,sgd,tulu3,near,5.62e-06,2.552455476585433,3.2026906209449244,2.672197823421829,3.185731421244821,0.01695919970010351,-0.11974234683639606,1.091561066119514,1505.5145345539431,2.7280856370925903,ok,27.6
nanogpt_s43,sgd,tulu3,near,1e-05,2.5206424392132845,3.2239463828547827,2.672197823421829,3.185731421244821,0.03821496160996185,-0.15155538420854464,1.6627839149971206,1505.5145345539431,2.681064248085022,ok,27.7
nanogpt_s43,sgd,tulu3,near,1.78e-05,2.447416010668133,3.234513284642169,2.672197823421829,3.185731421244821,0.048781863397348246,-0.22478181275369602,2.4743060322487294,1505.5145345539431,2.639591932296753,ok,27.6
nanogpt_s43,sgd,tulu3,near,3.16e-05,2.3943663595240645,3.243884103405499,2.672197823421829,3.185731421244821,0.058152682160677927,-0.2778314638977646,3.8708445507620524,1505.5145345539431,2.5869165658950806,ok,27.6
nanogpt_s43,sgd,tulu3,near,5.62e-05,2.337628015566712,3.2505300152325116,2.672197823421829,3.185731421244821,0.06479859398769072,-0.33456980785511714,6.21369816244562,1505.5145345539431,2.533345341682434,ok,27.6
nanogpt_s43,sgd,tulu3,near,0.0001,2.2829874415686917,3.2682815185964924,2.672197823421829,3.185731421244821,0.08255009735167151,-0.3892103818531374,10.20430854698589,1505.5145345539431,2.481383442878723,ok,27.6
nanogpt_s43,sgd,tulu3,near,0.000178,2.23500730660097,3.2954215368879285,2.672197823421829,3.185731421244821,0.1096901156431076,-0.4371905168208592,16.79993965625008,1505.5145345539431,2.436475157737732,ok,27.6
nanogpt_s43,sgd,tulu3,near,0.000316,2.1969725614424553,3.3229471941983397,2.672197823421829,3.185731421244821,0.13721577295351883,-0.47522526197937376,27.6428197872735,1505.5145345539431,2.400230646133423,ok,27.6
nanogpt_s43,sgd,tulu3,near,0.000562,2.17970885036043,3.3624134847562606,2.672197823421829,3.185731421244821,0.17668206351143967,-0.49248897306139927,45.74896457115849,1505.5145345539431,2.3787962198257446,ok,27.6
nanogpt_s43,sgd,tulu3,near,0.001,2.1867062667577932,3.4399511893434767,2.672197823421829,3.185731421244821,0.25421976809865576,-0.4854915566640359,77.04441127976204,1505.5145345539431,2.378790259361267,ok,27.7
nanogpt_s43,sgd,tulu3,near,0.00178,2.239905990033234,3.58099968792641,2.672197823421829,3.185731421244821,0.395268266681589,-0.4322918333885952,128.45836420063,1505.5145345539431,2.427823781967163,ok,27.6
nanogpt_s43,sgd,tulu3,near,0.00316,2.4116793518663617,3.8940710601508033,2.672197823421829,3.185731421244821,0.7083396389059824,-0.26051847155546737,212.62130351762636,1505.5145345539431,2.591233730316162,ok,27.8
nanogpt_s43,sgd,tulu3,near,0.00562,5.182169382352885,7.074976702725584,2.672197823421829,3.185731421244821,3.889245281480763,2.5099715589310563,394.3318100892656,1505.5145345539431,5.410457372665405,ok,27.6
nanogpt_s43,sgd,tulu3,near,0.01,5.473482867276365,7.338381086077009,2.672197823421829,3.185731421244821,4.152649664832188,2.801285043854536,675.2933850003695,1505.5145345539431,5.685711860656738,ok,27.6
nanogpt_s43,sam,tulu3,near,0.0,2.67019581654767,3.185203944167046,2.67019581654767,3.185203944167046,0.0,0.0,0.0,1505.5059086089568,,base,11.5
nanogpt_s43,sam,tulu3,near,1e-06,2.6152468567491742,3.185974259199228,2.67019581654767,3.185203944167046,0.0007703150321822783,-0.05494895979849579,0.22162861844165005,1505.5059086089568,2.82217276096344,ok,28.0
nanogpt_s43,sam,tulu3,near,1.78e-06,2.5915892240819165,3.187411358678411,2.67019581654767,3.185203944167046,0.00220741451136508,-0.07860659246575352,0.3911113911211808,1505.5059086089568,2.8129557371139526,ok,27.7
nanogpt_s43,sam,tulu3,near,3.16e-06,2.569283211067931,3.191587716865913,2.67019581654767,3.185203944167046,0.006383772698867141,-0.1009126054797389,0.6693903121057814,1505.5059086089568,2.782061219215393,ok,27.7
nanogpt_s43,sam,tulu3,near,5.62e-06,2.551264970036635,3.2030575858636845,2.67019581654767,3.185203944167046,0.01785364169663861,-0.1189308465110348,1.089420847167614,1505.5059086089568,2.726463794708252,ok,27.6
nanogpt_s43,sam,tulu3,near,1e-05,2.5205229219858425,3.224654733318172,2.67019581654767,3.185203944167046,0.03945078915112621,-0.14967289456182753,1.6623485628783647,1505.5059086089568,2.6799280643463135,ok,27.6
nanogpt_s43,sam,tulu3,near,1.78e-05,2.4469211152854964,3.235102427682298,2.67019581654767,3.185203944167046,0.04989848351525206,-0.22327470126217364,2.4715803643552454,1505.5059086089568,2.63876736164093,ok,27.7
nanogpt_s43,sam,tulu3,near,3.16e-05,2.3934765197992793,3.2441761106427633,2.67019581654767,3.185203944167046,0.05897216647571746,-0.2767192967483907,3.865206854786316,1505.5059086089568,2.5857969522476196,ok,27.6
nanogpt_s43,sam,tulu3,near,5.62e-05,2.3368391272139877,3.25057458970878,2.67019581654767,3.185203944167046,0.065370645541734,-0.33335668933368234,6.202531986298056,1505.5059086089568,2.5323469638824463,ok,27.6
nanogpt_s43,sam,tulu3,near,0.0001,2.282448874994267,3.268132588634752,2.67019581654767,3.185203944167046,0.0829286444677062,-0.38774694155340317,10.183574133106637,1505.5059086089568,2.4809560775756836,ok,27.7
nanogpt_s43,sam,tulu3,near,0.000178,2.234350768087428,3.295592123281699,2.67019581654767,3.185203944167046,0.11038817911465326,-0.4358450484602421,16.77081924608122,1505.5059086089568,2.4353795051574707,ok,27.6
nanogpt_s43,sam,tulu3,near,0.000316,2.1961710569676587,3.3231563269508793,2.67019581654767,3.185203944167046,0.13795238278383337,-0.47402475958001133,27.62288267545122,1505.5059086089568,2.3989055156707764,ok,27.7
nanogpt_s43,sam,tulu3,near,0.000562,2.180146551412146,3.3631008431869476,2.67019581654767,3.185203944167046,0.1778968990199017,-0.49004926513552416,45.68493056493922,1505.5059086089568,2.3785295486450195,ok,27.7
nanogpt_s43,sam,tulu3,near,0.001,2.186791365860493,3.4417939568685694,2.67019581654767,3.185203944167046,0.2565900127015235,-0.4834044506871771,76.77771601650906,1505.5059086089568,2.377115845680237,ok,27.7
nanogpt_s43,sam,tulu3,near,0.00178,2.23917572932234,3.5820491365257308,2.67019581654767,3.185203944167046,0.3968451923586849,-0.4310200872253298,127.87092076755123,1505.5059086089568,2.4254584312438965,ok,27.7
nanogpt_s43,sam,tulu3,near,0.00316,2.4164006033522276,3.8826369044832054,2.67019581654767,3.185203944167046,0.6974329603161595,-0.2537952131954424,212.7428762914361,1505.5059086089568,2.596321940422058,ok,27.8
nanogpt_s43,sam,tulu3,near,0.00562,4.593617709882105,6.498820474703018,2.67019581654767,3.185203944167046,3.3136165305359717,1.9234218933344351,412.67783295834846,1505.5059086089568,4.8097851276397705,ok,27.6
nanogpt_s43,sam,tulu3,near,0.01,5.294126372514639,7.22575689715182,2.67019581654767,3.185203944167046,4.040552952984774,2.623930555966969,645.0962371892797,1505.5059086089568,5.509855031967163,ok,27.7
nanogpt_s43,muon_sam,tulu3,near,0.0,2.883740113439392,3.1470819723349495,2.883740113439392,3.1470819723349495,0.0,0.0,0.0,1533.7704693290493,,base,11.6
nanogpt_s43,muon_sam,tulu3,near,1e-06,2.8185250791784835,3.1475845941592104,2.883740113439392,3.1470819723349495,0.0005026218242609737,-0.06521503426090858,0.2321100601109948,1533.7704693290493,3.021264672279358,ok,27.8
nanogpt_s43,muon_sam,tulu3,near,1.78e-06,2.780146522298018,3.148352139616666,2.883740113439392,3.1470819723349495,0.0012701672817163612,-0.10359359114137412,0.4122201232329831,1533.7704693290493,3.01348340511322,ok,27.4
nanogpt_s43,muon_sam,tulu3,near,3.16e-06,2.733712638660886,3.1504785123403294,2.883740113439392,3.1470819723349495,0.003396540005379922,-0.15002747477850598,0.7238696795667308,1533.7704693290493,2.9769800901412964,ok,27.6
nanogpt_s43,muon_sam,tulu3,near,5.62e-06,2.6860414045897483,3.1559864126306225,2.883740113439392,3.1470819723349495,0.008904440295673055,-0.1976987088496438,1.2238746770964712,1533.7704693290493,2.900245428085327,ok,27.6
nanogpt_s43,muon_sam,tulu3,near,1e-05,2.6452681957625597,3.167787884079547,2.883740113439392,3.1470819723349495,0.02070591174459757,-0.2384719176768324,1.929789320815284,1533.7704693290493,2.8032257556915283,ok,27.6
nanogpt_s43,muon_sam,tulu3,near,1.78e-05,2.5585136114967777,3.1800042729088474,2.883740113439392,3.1470819723349495,0.03292230057389789,-0.3252265019426144,2.826553537905827,1533.7704693290493,2.7442463636398315,ok,27.6
nanogpt_s43,muon_sam,tulu3,near,3.16e-05,2.487512808723226,3.189339647087799,2.883740113439392,3.1470819723349495,0.04225767475284936,-0.3962273047161662,4.2714111312657375,1533.7704693290493,2.6781084537506104,ok,27.6
nanogpt_s43,muon_sam,tulu3,near,5.62e-05,2.419748571287629,3.19676391392538,2.883740113439392,3.1470819723349495,0.0496819415904306,-0.4639915421517631,6.71562693110603,1533.7704693290493,2.6129634380340576,ok,27.6
nanogpt_s43,muon_sam,tulu3,near,0.0001,2.3585776536198746,3.2106606657024463,2.883740113439392,3.1470819723349495,0.06357869336749689,-0.5251624598195175,10.838693739006484,1533.7704693290493,2.5542818307876587,ok,27.6
nanogpt_s43,muon_sam,tulu3,near,0.000178,2.296034146661628,3.2352050773784837,2.883740113439392,3.1470819723349495,0.08812310504353427,-0.5877059667777642,17.66490570696821,1533.7704693290493,2.4947099685668945,ok,27.6
nanogpt_s43,muon_sam,tulu3,near,0.000316,2.245802653512376,3.268836642897992,2.883740113439392,3.1470819723349495,0.12175467056304257,-0.637937459927016,28.931096605817732,1533.7704693290493,2.443736433982849,ok,27.6
nanogpt_s43,muon_sam,tulu3,near,0.000562,2.215724672589983,3.3068757327802025,2.883740113439392,3.1470819723349495,0.15979376044525306,-0.668015440849409,47.49560127843685,1533.7704693290493,2.412033200263977,ok,27.6
nanogpt_s43,muon_sam,tulu3,near,0.001,2.216335024152483,3.375424536240311,2.883740113439392,3.1470819723349495,0.22834256390536156,-0.667405089286909,78.81818177041818,1533.7704693290493,2.4052077531814575,ok,27.6
nanogpt_s43,muon_sam,tulu3,near,0.00178,2.241755752414173,3.490660254969289,2.883740113439392,3.1470819723349495,0.3435782826343394,-0.6419843610252189,130.17231685404403,1533.7704693290493,2.4241583347320557,ok,27.7
nanogpt_s43,muon_sam,tulu3,near,0.00316,2.3604932587207412,3.7318783926170633,2.883740113439392,3.1470819723349495,0.5847964202821139,-0.5232468547186508,213.9822067014028,1533.7704693290493,2.549338221549988,ok,27.8
nanogpt_s43,muon_sam,tulu3,near,0.00562,2.997782018553254,4.500401842150903,2.883740113439392,3.1470819723349495,1.3533198698159534,0.11404190511386192,378.32994447349665,1533.7704693290493,3.184560179710388,ok,27.6
nanogpt_s43,muon_sam,tulu3,near,0.01,5.356709250731944,7.223178117009292,2.883740113439392,3.1470819723349495,4.0760961446743424,2.472969137292552,644.096025689345,1533.7704693290493,5.576345920562744,ok,27.6
nanogpt_s43,fsam_ortho_muon,tulu3,near,0.0,2.8829298821913985,3.146351099480855,2.8829298821913985,3.146351099480855,0.0,0.0,0.0,1533.3802587661617,,base,11.6
nanogpt_s43,fsam_ortho_muon,tulu3,near,1e-06,2.818220821612035,3.146855371105694,2.8829298821913985,3.146351099480855,0.0005042716248393475,-0.06470906057936343,0.23253281370712287,1533.3802587661617,3.022658944129944,ok,27.9
nanogpt_s43,fsam_ortho_muon,tulu3,near,1.78e-06,2.7802537891962755,3.147641038241452,2.8829298821913985,3.146351099480855,0.0012899387605971313,-0.10267609299512293,0.41289909833197985,1533.3802587661617,3.014357328414917,ok,27.6
nanogpt_s43,fsam_ortho_muon,tulu3,near,3.16e-06,2.734333598217152,3.149830737925789,2.8829298821913985,3.146351099480855,0.0034796384449342632,-0.1485962839742463,0.725114489675959,1533.3802587661617,2.9776651859283447,ok,27.7
nanogpt_s43,fsam_ortho_muon,tulu3,near,5.62e-06,2.6862300118821474,3.155487941435872,2.8829298821913985,3.146351099480855,0.009136841955017072,-0.19669987030925107,1.2252265343236168,1533.3802587661617,2.9014002084732056,ok,27.6
nanogpt_s43,fsam_ortho_muon,tulu3,near,1e-05,2.643258686401606,3.1675638247376083,2.8829298821913985,3.146351099480855,0.02121272525675355,-0.23967119578979235,1.933090571598737,1533.3802587661617,2.8044373989105225,ok,27.6
nanogpt_s43,fsam_ortho_muon,tulu3,near,1.78e-05,2.557531188845401,3.1799576119200825,2.8829298821913985,3.146351099480855,0.03360651243922774,-0.32539869334599736,2.8369639159741755,1533.3802587661617,2.7446881532669067,ok,27.6
nanogpt_s43,fsam_ortho_muon,tulu3,near,3.16e-05,2.486261199831729,3.189248978975001,2.8829298821913985,3.146351099480855,0.04289787949414636,-0.39666868235966923,4.284082802999221,1533.3802587661617,2.677990674972534,ok,27.6
nanogpt_s43,fsam_ortho_muon,tulu3,near,5.62e-05,2.418586365164143,3.196731675627647,2.8829298821913985,3.146351099480855,0.050380576146792144,-0.4643435170272556,6.730999945950457,1533.3802587661617,2.612914562225342,ok,27.7
nanogpt_s43,fsam_ortho_muon,tulu3,near,0.0001,2.3577109036380297,3.210815634979427,2.8829298821913985,3.146351099480855,0.06446453549857223,-0.5252189785533687,10.848844897096216,1533.3802587661617,2.5540376901626587,ok,27.7
nanogpt_s43,fsam_ortho_muon,tulu3,near,0.000178,2.2953646560937693,3.235294872067446,2.8829298821913985,3.146351099480855,0.08894377258659114,-0.5875652260976292,17.667868378839515,1533.3802587661617,2.495245575904846,ok,27.6
nanogpt_s43,fsam_ortho_muon,tulu3,near,0.000316,2.2454875602647517,3.26928288409388,2.8829298821913985,3.146351099480855,0.12293178461302512,-0.6374423219266467,28.921554376535905,1533.3802587661617,2.444388270378113,ok,27.6
nanogpt_s43,fsam_ortho_muon,tulu3,near,0.000562,2.2158291661809337,3.306695240117799,2.8829298821913985,3.146351099480855,0.16034414063694413,-0.6671007160104647,47.45889269474268,1533.3802587661617,2.412961483001709,ok,27.6
nanogpt_s43,fsam_ortho_muon,tulu3,near,0.001,2.2163800241429277,3.3765123408367956,2.8829298821913985,3.146351099480855,0.23016124135594085,-0.6665498580484708,78.70955742372844,1533.3802587661617,2.405564069747925,ok,27.6
nanogpt_s43,fsam_ortho_muon,tulu3,near,0.00178,2.2425047058881846,3.491938697381962,2.8829298821913985,3.146351099480855,0.3455875979011074,-0.6404251763032138,130.34369413402888,1533.3802587661617,2.425661563873291,ok,27.6
nanogpt_s43,fsam_ortho_muon,tulu3,near,0.00316,2.361168512392884,3.7335270771541706,2.8829298821913985,3.146351099480855,0.5871759776733159,-0.5217613697985146,213.88855412632847,1533.3802587661617,2.5337473154067993,ok,27.8
nanogpt_s43,fsam_ortho_muon,tulu3,near,0.00562,3.1645931311082935,4.641804264016347,2.8829298821913985,3.146351099480855,1.4954531645354923,0.2816632489168951,384.3360642787423,1533.3802587661617,3.3651740550994873,ok,27.6
nanogpt_s43,fsam_ortho_muon,tulu3,near,0.01,5.104631935313723,7.092734103566746,2.8829298821913985,3.146351099480855,3.9463830040858916,2.2217020531223244,662.7477727053828,1533.3802587661617,5.326929569244385,ok,27.6
nanogpt_s43,fsam,tulu3,near,0.0,2.6711200930601,3.185377434508441,2.6711200930601,3.185377434508441,0.0,0.0,0.0,1505.5076784253367,,base,20.0
nanogpt_s43,fsam,tulu3,near,1e-06,2.616240118814308,3.1861003980244678,2.6711200930601,3.185377434508441,0.0007229635160266312,-0.05487997424579172,0.22148259894640318,1505.5076784253367,2.8224085569381714,ok,45.5
nanogpt_s43,fsam,tulu3,near,1.78e-06,2.5923578669180376,3.1875049195410923,2.6711200930601,3.185377434508441,0.002127485032651144,-0.07876222614206219,0.39073693975493073,1505.5076784253367,2.8140008449554443,ok,40.7
nanogpt_s43,fsam,tulu3,near,3.16e-06,2.5694272289537405,3.191644179611057,2.6711200930601,3.185377434508441,0.006266745102615712,-0.10169286410635925,0.6695697873906742,1505.5076784253367,2.7826110124588013,ok,41.7
nanogpt_s43,fsam,tulu3,near,5.62e-06,2.550897699046275,3.2030660028327,2.6711200930601,3.185377434508441,0.017688568324258913,-0.12022239401382473,1.090354767043339,1505.5076784253367,2.727176308631897,ok,47.7
nanogpt_s43,fsam,tulu3,near,1e-05,2.52014590149523,3.224534163503031,2.6711200930601,3.185377434508441,0.03915672899458977,-0.1509741915648699,1.663571867946649,1505.5076784253367,2.67984676361084,ok,45.4
nanogpt_s43,fsam,tulu3,near,1.78e-05,2.4467946703886567,3.234910502125839,2.6711200930601,3.185377434508441,0.04953306761739773,-0.22432542267144306,2.47305651695055,1505.5076784253367,2.6382274627685547,ok,46.6
nanogpt_s43,fsam,tulu3,near,3.16e-05,2.393402144400341,3.243924519787096,2.6711200930601,3.185377434508441,0.05854708527865471,-0.27771794865975874,3.866866085088049,1505.5076784253367,2.585878372192383,ok,46.8
nanogpt_s43,fsam,tulu3,near,5.62e-05,2.336936734193925,3.250478192084923,2.6711200930601,3.185377434508441,0.0651007575764817,-0.3341833588661749,6.2054012983893365,1505.5076784253367,2.5322846174240112,ok,44.9
nanogpt_s43,fsam,tulu3,near,0.0001,2.2824644809133154,3.2682731688139257,2.6711200930601,3.185377434508441,0.08289573430548458,-0.38865561214678435,10.186975153070756,1505.5076784253367,2.480873703956604,ok,47.7
nanogpt_s43,fsam,tulu3,near,0.000178,2.234392983572824,3.295171741403479,2.6711200930601,3.185377434508441,0.10979430689503777,-0.436727109487276,16.769653050176032,1505.5076784253367,2.4357951879501343,ok,35.5
nanogpt_s43,fsam,tulu3,near,0.000316,2.1961378370012556,3.3223160111040984,2.6711200930601,3.185377434508441,0.13693857659565722,-0.47498225605884414,27.605133101181238,1505.5076784253367,2.399263858795166,ok,49.1
nanogpt_s43,fsam,tulu3,near,0.000562,2.1802782555149025,3.3622556301945576,2.6711200930601,3.185377434508441,0.1768781956861165,-0.4908418375451973,45.68081160637098,1505.5076784253367,2.3789126873016357,ok,42.8
nanogpt_s43,fsam,tulu3,near,0.001,2.187063683735648,3.440638361145139,2.6711200930601,3.185377434508441,0.25526092663669786,-0.48405640932445193,76.71695774196763,1505.5076784253367,2.376363158226013,ok,44.3
nanogpt_s43,fsam,tulu3,near,0.00178,2.239045238308244,3.581776743998966,2.6711200930601,3.185377434508441,0.39639930949052493,-0.4320748547518556,127.87531656195907,1505.5076784253367,2.4254685640335083,ok,48.3
nanogpt_s43,fsam,tulu3,near,0.00316,2.4196702841443325,3.8938505206322716,2.6711200930601,3.185377434508441,0.7084730861238304,-0.2514498089157673,212.71145748067718,1505.5076784253367,2.602017641067505,ok,41.2
nanogpt_s43,fsam,tulu3,near,0.00562,4.399799578343819,6.220403115110154,2.6711200930601,3.185377434508441,3.0350256806017133,1.728679485283719,403.98511073243384,1505.5076784253367,4.612012147903442,ok,49.0
nanogpt_s43,fsam,tulu3,near,0.01,5.4006463515548555,7.270553626192992,2.6711200930601,3.185377434508441,4.0851761916845515,2.7295262584947557,654.1034197698989,1505.5076784253367,5.609321594238281,ok,43.9
nanogpt_s43,fsam_ortho_muon_stale_momentum,tulu3,near,0.0,2.8831734554641635,3.143828696234119,2.8831734554641635,3.143828696234119,0.0,0.0,0.0,1527.1456875124256,,base,11.5
nanogpt_s43,fsam_ortho_muon_stale_momentum,tulu3,near,1e-06,2.8075174305536974,3.1449013204257317,2.8831734554641635,3.143828696234119,0.0010726241916128032,-0.07565602491046608,0.2314790668057111,1527.1456875124256,3.019607186317444,ok,28.0
nanogpt_s43,fsam_ortho_muon_stale_momentum,tulu3,near,1.78e-06,2.7654159456316507,3.1465637781848645,2.8831734554641635,3.143828696234119,0.002735081950745677,-0.11775750983251276,0.4106229559761866,1527.1456875124256,3.0096991062164307,ok,27.6
nanogpt_s43,fsam_ortho_muon_stale_momentum,tulu3,near,3.16e-06,2.718304897241163,3.151111382560954,2.8831734554641635,3.143828696234119,0.007282686326834931,-0.1648685582230005,0.718761015190287,1527.1456875124256,2.968108296394348,ok,27.6
nanogpt_s43,fsam_ortho_muon_stale_momentum,tulu3,near,5.62e-06,2.6762527495680954,3.1621743368309305,2.8831734554641635,3.143828696234119,0.018345640596811652,-0.20692070589606804,1.2097979006326895,1527.1456875124256,2.8846412897109985,ok,27.3
nanogpt_s43,fsam_ortho_muon_stale_momentum,tulu3,near,1e-05,2.637132402035588,3.1801330879943013,2.8831734554641635,3.143828696234119,0.03630439176018241,-0.2460410534285753,1.8698045062385644,1527.1456875124256,2.7922158241271973,ok,27.5
nanogpt_s43,fsam_ortho_muon_stale_momentum,tulu3,near,1.78e-05,2.54086390306805,3.1936202973069046,2.8831734554641635,3.143828696234119,0.049791601072785685,-0.3423095523961135,2.744146279406168,1527.1456875124256,2.732831120491028,ok,27.6
nanogpt_s43,fsam_ortho_muon_stale_momentum,tulu3,near,3.16e-05,2.4672257335685237,3.1999775798820003,2.8831734554641635,3.143828696234119,0.0561488836478814,-0.4159477218956398,4.178245210652532,1527.1456875124256,2.664687395095825,ok,27.6
nanogpt_s43,fsam_ortho_muon_stale_momentum,tulu3,near,5.62e-05,2.3971708562742706,3.209845828450123,2.8831734554641635,3.143828696234119,0.06601713221600392,-0.48600259918989286,6.6197458563564995,1527.1456875124256,2.5976791381835938,ok,27.5
nanogpt_s43,fsam_ortho_muon_stale_momentum,tulu3,near,0.0001,2.3376926302676564,3.230452084028091,2.8831734554641635,3.143828696234119,0.08662338779397194,-0.5454808251965071,10.659756668827901,1527.1456875124256,2.5403330326080322,ok,27.6
nanogpt_s43,fsam_ortho_muon_stale_momentum,tulu3,near,0.000178,2.2806302124740094,3.2625800802749665,2.8831734554641635,3.143828696234119,0.11875138404084762,-0.602543242990154,17.309544216305188,1527.1456875124256,2.485565185546875,ok,27.6
nanogpt_s43,fsam_ortho_muon_stale_momentum,tulu3,near,0.000316,2.2360000647677367,3.2941813534253264,2.8831734554641635,3.143828696234119,0.1503526571912075,-0.6471733906964268,28.288464309021382,1527.1456875124256,2.4392917156219482,ok,27.6
nanogpt_s43,fsam_ortho_muon_stale_momentum,tulu3,near,0.000562,2.212291303212862,3.330645156233278,2.8831734554641635,3.143828696234119,0.18681645999915908,-0.6708821522513015,46.715983118876714,1527.1456875124256,2.4113610982894897,ok,27.6
nanogpt_s43,fsam_ortho_muon_stale_momentum,tulu3,near,0.001,2.212319633498817,3.4023193463887256,2.8831734554641635,3.143828696234119,0.2584906501546067,-0.6708538219653466,78.27085583536567,1527.1456875124256,2.4059040546417236,ok,27.6
nanogpt_s43,fsam_ortho_muon_stale_momentum,tulu3,near,0.00178,2.2479941336376092,3.517902885631106,2.8831734554641635,3.143828696234119,0.3740741893969872,-0.6351793218265542,130.26847522239444,1527.1456875124256,2.4349520206451416,ok,27.6
nanogpt_s43,fsam_ortho_muon_stale_momentum,tulu3,near,0.00316,2.399077100063257,3.781101256667285,2.8831734554641635,3.143828696234119,0.6372725604331659,-0.48409635540090656,217.05554055051294,1527.1456875124256,2.573741316795349,ok,27.8
nanogpt_s43,fsam_ortho_muon_stale_momentum,tulu3,near,0.00562,4.5947672326970705,6.566920629452819,2.8831734554641635,3.143828696234119,3.4230919332187004,1.711593777232907,404.2218990150552,1527.1456875124256,4.817715167999268,ok,27.6
nanogpt_s43,fsam_ortho_muon_stale_momentum,tulu3,near,0.01,5.487259478485048,7.355587789457139,2.8831734554641635,3.143828696234119,4.211759093223019,2.6040860230208844,648.569048177033,1527.1456875124256,5.706806182861328,ok,27.5
nanogpt_s43,randsam_muon,tulu3,near,0.0,2.8939638902996383,3.14444471385381,2.8939638902996383,3.14444471385381,0.0,0.0,0.0,1527.088431340137,,base,11.5
nanogpt_s43,randsam_muon,tulu3,near,1e-06,2.8161844973928076,3.145458240098449,2.8939638902996383,3.14444471385381,0.0010135262446393511,-0.07777939290683067,0.2319904974106079,1527.088431340137,3.0261902809143066,ok,28.0
nanogpt_s43,randsam_muon,tulu3,near,1.78e-06,2.7728348674139633,3.147124837289351,2.8939638902996383,3.14444471385381,0.0026801234355411374,-0.12112902288567495,0.41164168853962585,1527.088431340137,3.0163748264312744,ok,27.6
nanogpt_s43,randsam_muon,tulu3,near,3.16e-06,2.7249482783786005,3.151751012484855,2.8939638902996383,3.14444471385381,0.007306298631045038,-0.16901561192103776,0.7205463628919125,1527.088431340137,2.9736140966415405,ok,27.6
nanogpt_s43,randsam_muon,tulu3,near,5.62e-06,2.680661919998796,3.163076415687158,2.8939638902996383,3.14444471385381,0.018631701833347947,-0.2133019703008423,1.2109744293395581,1527.088431340137,2.8902782201766968,ok,27.6
nanogpt_s43,randsam_muon,tulu3,near,1e-05,2.635952503480557,3.1821479648060063,2.8939638902996383,3.14444471385381,0.0377032509521964,-0.2580113868190814,1.8737207361005839,1527.088431340137,2.795739531517029,ok,27.6
nanogpt_s43,randsam_muon,tulu3,near,1.78e-05,2.5401045767528436,3.196797141356944,2.8939638902996383,3.14444471385381,0.05235242750313418,-0.3538593135467947,2.754588786264621,1527.088431340137,2.73271906375885,ok,27.6
nanogpt_s43,randsam_muon,tulu3,near,3.16e-05,2.4673814045706375,3.203071892844721,2.8939638902996383,3.14444471385381,0.058627178990910966,-0.4265824857290008,4.191702782050858,1527.088431340137,2.6643561124801636,ok,27.6
nanogpt_s43,randsam_muon,tulu3,near,5.62e-05,2.397174178270911,3.213824740594614,2.8939638902996383,3.14444471385381,0.06938002674080401,-0.49678971202872724,6.628905124439497,1527.088431340137,2.5968345403671265,ok,27.6
nanogpt_s43,randsam_muon,tulu3,near,0.0001,2.337410980941265,3.23612774141614,2.8939638902996383,3.14444471385381,0.09168302756232993,-0.5565529093583734,10.670118069672968,1527.088431340137,2.539334297180176,ok,27.6
nanogpt_s43,randsam_muon,tulu3,near,0.000178,2.2811922607123267,3.2679845059687844,2.8939638902996383,3.14444471385381,0.12353979211497457,-0.6127716295873116,17.302456974636705,1527.088431340137,2.4851255416870117,ok,27.6
nanogpt_s43,randsam_muon,tulu3,near,0.000316,2.236999261635857,3.2976857463441016,2.8939638902996383,3.14444471385381,0.15324103249029175,-0.6569646286637814,28.232698397693362,1527.088431340137,2.4383727312088013,ok,27.3
nanogpt_s43,randsam_muon,tulu3,near,0.000562,2.2127807191673323,3.332797350948804,2.8939638902996383,3.14444471385381,0.18835263709499417,-0.681183171132306,46.659605014458116,1527.088431340137,2.4102646112442017,ok,27.6
nanogpt_s43,randsam_muon,tulu3,near,0.001,2.213371373902562,3.4027375857657414,2.8939638902996383,3.14444471385381,0.2582928719119315,-0.6805925163970765,78.0823949582228,1527.088431340137,2.406616449356079,ok,27.6
nanogpt_s43,randsam_muon,tulu3,near,0.00178,2.2477825411145234,3.51913433112277,2.8939638902996383,3.14444471385381,0.37468961726896,-0.6461813491851149,130.53215578348463,1527.088431340137,2.441370129585266,ok,27.6
nanogpt_s43,randsam_muon,tulu3,near,0.00316,2.3890078595006536,3.774371701443965,2.8939638902996383,3.14444471385381,0.6299269875901552,-0.5049560307989847,216.7782195608585,1527.088431340137,2.5695096254348755,ok,27.8
nanogpt_s43,randsam_muon,tulu3,near,0.00562,4.841714817950404,6.797296729339779,2.8939638902996383,3.14444471385381,3.652852015485969,1.9477509276507656,408.38285059034115,1527.088431340137,5.053973197937012,ok,27.3
nanogpt_s43,randsam_muon,tulu3,near,0.01,5.544960873001009,7.31354492097918,2.8939638902996383,3.14444471385381,4.16910020712537,2.6509969827013706,629.1278871464417,1527.088431340137,5.767224073410034,ok,27.6
nanogpt_s43,fsam_ortho_muon,musicpile,far,0.0,3.514466153198959,3.146351099480855,3.514466153198959,3.146351099480855,0.0,0.0,0.0,1533.3802587661617,,base,11.4
nanogpt_s43,fsam_ortho_muon,musicpile,far,1e-06,3.4966801085350796,3.146635227240695,3.514466153198959,3.146351099480855,0.00028412775984021366,-0.01778604466387934,0.17700646818292265,1533.3802587661617,3.708160877227783,ok,27.9
nanogpt_s43,fsam_ortho_muon,musicpile,far,1.78e-06,3.4851516753493454,3.1471988282324985,3.514466153198959,3.146351099480855,0.0008477287516437393,-0.029314477849613496,0.31410081547690055,1533.3802587661617,3.704777479171753,ok,27.6
nanogpt_s43,fsam_ortho_muon,musicpile,far,3.16e-06,3.4690699493348482,3.1488283086429605,3.514466153198959,3.146351099480855,0.002477209162105698,-0.045396203864110696,0.5514775849010043,1533.3802587661617,3.695546507835388,ok,27.6
nanogpt_s43,fsam_ortho_muon,musicpile,far,5.62e-06,3.4485413165008487,3.15295953246712,3.514466153198959,3.146351099480855,0.0066084329862650115,-0.06592483669811022,0.9515329444172493,1533.3802587661617,3.6756895780563354,ok,27.6
nanogpt_s43,fsam_ortho_muon,musicpile,far,1e-05,3.418696125426171,3.1602315846721254,3.514466153198959,3.146351099480855,0.013880485191270608,-0.09577002777278798,1.5898268579475248,1533.3802587661617,3.642880082130432,ok,27.7
nanogpt_s43,fsam_ortho_muon,musicpile,far,1.78e-05,3.372004327942014,3.165989060224619,3.514466153198959,3.146351099480855,0.019637960743764005,-0.14246182525694495,2.5674823416498613,1533.3802587661617,3.5977871417999268,ok,27.6
nanogpt_s43,fsam_ortho_muon,musicpile,far,3.16e-05,3.316162870821421,3.1697565702076296,3.514466153198959,3.146351099480855,0.02340547072677479,-0.19830328237753791,4.127636005161156,1533.3802587661617,3.538678526878357,ok,27.6
nanogpt_s43,fsam_ortho_muon,musicpile,far,5.62e-05,3.25148679878847,3.174516237411947,3.514466153198959,3.146351099480855,0.02816513793109232,-0.26297935441048903,6.6464812856755895,1533.3802587661617,3.4778707027435303,ok,27.6
nanogpt_s43,fsam_ortho_muon,musicpile,far,0.0001,3.191125933204845,3.184703117714003,3.514466153198959,3.146351099480855,0.038352018233148044,-0.323340219994114,10.747645090896217,1533.3802587661617,3.421184539794922,ok,27.4
nanogpt_s43,fsam_ortho_muon,musicpile,far,0.000178,3.1365570098220017,3.1995292783016795,3.514466153198959,3.146351099480855,0.05317817882082476,-0.37790914337695725,17.48470612543035,1533.3802587661617,3.3682920932769775,ok,27.6
nanogpt_s43,fsam_ortho_muon,musicpile,far,0.000316,3.092271756286024,3.2198589683278898,3.514466153198959,3.146351099480855,0.07350786884703497,-0.42219439691293514,28.62469876958952,1533.3802587661617,3.3222947120666504,ok,27.6
nanogpt_s43,fsam_ortho_muon,musicpile,far,0.000562,3.0650141915696474,3.2514623951771955,3.514466153198959,3.146351099480855,0.1051112956963407,-0.44945196162931156,46.959814526998116,1533.3802587661617,3.289543032646179,ok,27.6
nanogpt_s43,fsam_ortho_muon,musicpile,far,0.001,3.069281956920885,3.308497315050338,3.514466153198959,3.146351099480855,0.16214621556948305,-0.44518419627807404,76.74283294080185,1533.3802587661617,3.284730553627014,ok,27.6
nanogpt_s43,fsam_ortho_muon,musicpile,far,0.00178,3.115450782551924,3.410390663520231,3.514466153198959,3.146351099480855,0.264039564039376,-0.39901537064703474,124.98895490728127,1533.3802587661617,3.3218945264816284,ok,27.5
nanogpt_s43,fsam_ortho_muon,musicpile,far,0.00316,3.2485433977877323,3.6326297379286556,3.514466153198959,3.146351099480855,0.48627863844780084,-0.2659227554112267,205.22148103617627,1533.3802587661617,3.4636123180389404,ok,27.8
nanogpt_s43,fsam_ortho_muon,musicpile,far,0.00562,3.823907878300915,4.29632719155627,3.514466153198959,3.146351099480855,1.1499760920754154,0.3094417251019559,347.52106213746725,1533.3802587661617,4.064309000968933,ok,27.6
nanogpt_s43,fsam_ortho_muon,musicpile,far,0.01,6.434741384129235,7.432248318965188,3.514466153198959,3.146351099480855,4.285897219484333,2.920275230930276,628.4349307860862,1533.3802587661617,6.6594579219818115,ok,27.6
nanogpt_s43,adam,stackmathqa,math,0.0,2.9682776568687124,3.1422997416815415,2.9682776568687124,3.1422997416815415,0.0,0.0,0.0,1406.0671123552856,,base,11.4
nanogpt_s43,adam,stackmathqa,math,1e-06,2.8571473437046118,3.142508165243787,2.9682776568687124,3.1422997416815415,0.00020842356224548553,-0.1111303131641006,0.2687858221712193,1406.0671123552856,3.105276107788086,ok,29.3
nanogpt_s43,adam,stackmathqa,math,1.78e-06,2.823693508737941,3.1430257509832513,2.9682776568687124,3.1422997416815415,0.0007260093017098512,-0.14458414813077125,0.4769723493108765,1406.0671123552856,3.087952733039856,ok,29.3
nanogpt_s43,adam,stackmathqa,math,3.16e-06,2.862738532796065,3.1444997843464293,2.9682776568687124,3.1422997416815415,0.0022000426648878246,-0.10553912407264754,0.8254009101400511,1406.0671123552856,3.0060524940490723,ok,29.6
nanogpt_s43,adam,stackmathqa,math,5.62e-06,2.8746433668640496,3.1463413201199586,2.9682776568687124,3.1422997416815415,0.004041578438417126,-0.09363429000466272,1.262848873323618,1406.0671123552856,2.9104976654052734,ok,29.4
nanogpt_s43,adam,stackmathqa,math,1e-05,2.79338520893612,3.149141382564537,2.9682776568687124,3.1422997416815415,0.006841640882995659,-0.17489244793259218,1.9081646630376217,1406.0671123552856,2.8286577463150024,ok,29.4
nanogpt_s43,adam,stackmathqa,math,1.78e-05,2.653941936455594,3.1534487244667604,2.9682776568687124,3.1422997416815415,0.01114898278521892,-0.3143357204131183,2.9356696550659556,1406.0671123552856,2.7566031217575073,ok,29.4
nanogpt_s43,adam,stackmathqa,math,3.16e-05,2.5676535365632835,3.1611064007604193,2.9682776568687124,3.1422997416815415,0.018806659078877797,-0.4006241203054288,4.657516529695336,1406.0671123552856,2.681396245956421,ok,29.3
nanogpt_s43,adam,stackmathqa,math,5.62e-05,2.5007497783743005,3.173449338998813,2.9682776568687124,3.1422997416815415,0.031149597317271738,-0.4675278784944119,7.579044772372882,1406.0671123552856,2.61063551902771,ok,28.1
nanogpt_s43,adam,stackmathqa,math,0.0001,2.44714415936554,3.19088673451642,2.9682776568687124,3.1422997416815415,0.04858699283487855,-0.5211334975031723,12.37676268225906,1406.0671123552856,2.546409487724304,ok,27.6
nanogpt_s43,adam,stackmathqa,math,0.000178,2.3878106343069656,3.2125729040157074,2.9682776568687124,3.1422997416815415,0.07027316233416592,-0.5804670225617468,20.456964626222916,1406.0671123552856,2.476767063140869,ok,27.6
nanogpt_s43,adam,stackmathqa,math,0.000316,2.3319373009489475,3.244255748980199,2.9682776568687124,3.1422997416815415,0.10195600729865761,-0.6363403559197649,34.04366794950859,1406.0671123552856,2.41111421585083,ok,27.5
nanogpt_s43,adam,stackmathqa,math,0.000562,2.3122544036686072,3.307922725341558,2.9682776568687124,3.1422997416815415,0.1656229836600165,-0.6560232532001051,55.11377267714349,1406.0671123552856,2.3827033042907715,ok,27.6
nanogpt_s43,adam,stackmathqa,math,0.001,2.2722333546020748,3.3894180775621865,2.9682776568687124,3.1422997416815415,0.24711833588064502,-0.6960443022666376,91.73360206166265,1406.0671123552856,2.335327625274658,ok,27.7
nanogpt_s43,adam,stackmathqa,math,0.00178,2.2911706017421416,3.579467064247206,2.9682776568687124,3.1422997416815415,0.4371673225656645,-0.6771070551265708,146.8362000883227,1406.0671123552856,2.348597764968872,ok,27.7
nanogpt_s43,adam,stackmathqa,math,0.00316,2.394492916398319,4.114097975938054,2.9682776568687124,3.1422997416815415,0.9717982342565126,-0.5737847404703933,240.83706185063144,1406.0671123552856,2.4539875984191895,ok,27.8
nanogpt_s43,adam,stackmathqa,math,0.00562,4.305019908688539,7.447833828263553,2.9682776568687124,3.1422997416815415,4.3055340865820115,1.3367422518198269,414.5958800876817,1406.0671123552856,4.308968782424927,ok,27.7
nanogpt_s43,adam,stackmathqa,math,0.01,4.693027787479169,8.025753566196986,2.9682776568687124,3.1422997416815415,4.883453824515445,1.7247501306104565,646.4044235860681,1406.0671123552856,4.683218002319336,ok,27.7
nanogpt_s43,adam,codeparrot,far,0.0,2.415035606130462,3.1422997416815415,2.415035606130462,3.1422997416815415,0.0,0.0,0.0,1406.0671123552856,,base,11.5
nanogpt_s43,adam,codeparrot,far,1e-06,2.307581918346905,3.1422283896728036,2.415035606130462,3.1422997416815415,-7.135200873786829e-05,-0.1074536877835568,0.2576346865559192,1406.0671123552856,2.4377758502960205,ok,28.6
nanogpt_s43,adam,codeparrot,far,1.78e-06,2.267439944870085,3.142452176536366,2.415035606130462,3.1422997416815415,0.00015243485482452357,-0.14759566126037704,0.45584950660091506,1406.0671123552856,2.422335147857666,ok,27.7
nanogpt_s43,adam,codeparrot,far,3.16e-06,2.2173962751713283,3.143381126239575,2.415035606130462,3.1422997416815415,0.0010813845580335268,-0.19763933095913355,0.7825483154897168,1406.0671123552856,2.3572264909744263,ok,27.6
nanogpt_s43,adam,codeparrot,far,5.62e-06,2.14060478061146,3.1456420248968495,2.415035606130462,3.1422997416815415,0.0033422832153080506,-0.2744308255190018,1.2699776357255002,1406.0671123552856,2.2622874975204468,ok,32.7
nanogpt_s43,adam,codeparrot,far,1e-05,2.058919514695259,3.1491280609847516,2.415035606130462,3.1422997416815415,0.006828319303210151,-0.35611609143520306,1.991462059821937,1406.0671123552856,2.157108426094055,ok,39.7
nanogpt_s43,adam,codeparrot,far,1.78e-05,1.9773646464786419,3.151424534866721,2.415035606130462,3.1422997416815415,0.00912479318517967,-0.43767095965182,3.043525159853344,1406.0671123552856,2.0830565690994263,ok,39.7
nanogpt_s43,adam,codeparrot,far,3.16e-05,1.9029389846114964,3.15492246668866,2.415035606130462,3.1422997416815415,0.012622725007118696,-0.5120966215189655,4.657425097182777,1406.0671123552856,2.0139248967170715,ok,40.0
nanogpt_s43,adam,codeparrot,far,5.62e-05,1.838673406851035,3.1613452336559558,2.415035606130462,3.1422997416815415,0.019045491974414297,-0.5763621992794268,7.3021238865497855,1406.0671123552856,1.9493934512138367,ok,39.6
nanogpt_s43,adam,codeparrot,far,0.0001,1.775471043446759,3.172845284299608,2.415035606130462,3.1422997416815415,0.030545542618066523,-0.6395645626837028,11.813933250102584,1406.0671123552856,1.8905523419380188,ok,41.0
nanogpt_s43,adam,codeparrot,far,0.000178,1.735994174755716,3.1882140799744487,2.415035606130462,3.1422997416815415,0.04591433829290725,-0.6790414313747459,18.621283799351623,1406.0671123552856,1.8497737646102905,ok,40.0
nanogpt_s43,adam,codeparrot,far,0.000316,1.6997011300402378,3.2115305547844875,2.415035606130462,3.1422997416815415,0.06923081310294599,-0.715334476090224,30.784623084333028,1406.0671123552856,1.8050023913383484,ok,39.1
nanogpt_s43,adam,codeparrot,far,0.000562,1.686648426690447,3.269119628488201,2.415035606130462,3.1422997416815415,0.12681988680665945,-0.728387179440015,51.26346644488484,1406.0671123552856,1.7776277661323547,ok,29.9
nanogpt_s43,adam,codeparrot,far,0.001,1.6823191185520119,3.3619902287910595,2.415035606130462,3.1422997416815415,0.219690487109518,-0.73271648757845,85.733165754702,1406.0671123552856,1.761240541934967,ok,39.5
nanogpt_s43,adam,codeparrot,far,0.00178,1.7239758217171446,3.5858260936699735,2.415035606130462,3.1422997416815415,0.44352635198843204,-0.6910597844133173,142.21073455813675,1406.0671123552856,1.7885278463363647,ok,40.2
nanogpt_s43,adam,codeparrot,far,0.00316,1.8908950745942774,4.223349117719497,2.415035606130462,3.1422997416815415,1.0810493760379556,-0.5241405315361845,231.8948680200648,1406.0671123552856,1.9441636204719543,ok,40.3
nanogpt_s43,adam,codeparrot,far,0.00562,4.2571728999367435,8.257475201631012,2.415035606130462,3.1422997416815415,5.11517545994947,1.8421372938062817,404.7002169711813,1406.0671123552856,4.2907795906066895,ok,40.2
nanogpt_s43,adam,codeparrot,far,0.01,4.509575785956038,8.822345158825183,2.415035606130462,3.1422997416815415,5.680045417143641,2.094540179825576,632.9454938914022,1406.0671123552856,4.529837608337402,ok,40.2
nanogpt_s43,adam,tulu3,near,0.0,2.8153598210582995,3.1422997416815415,2.8153598210582995,3.1422997416815415,0.0,0.0,0.0,1406.0671123552856,,base,11.5
nanogpt_s43,adam,tulu3,near,1e-06,2.7559882311438395,3.142812247378952,2.8153598210582995,3.1422997416815415,0.0005125056974106812,-0.05937158991446001,0.2262449638798708,1406.0671123552856,2.9630550146102905,ok,28.2
nanogpt_s43,adam,tulu3,near,1.78e-06,2.724049502856111,3.1435997210836693,2.8153598210582995,3.1422997416815415,0.0012999794021277822,-0.0913103182021886,0.40014569189598304,1406.0671123552856,2.954106092453003,ok,27.7
nanogpt_s43,adam,tulu3,near,3.16e-06,2.6850391171449783,3.1456876332979147,2.8153598210582995,3.1422997416815415,0.0033878916163732065,-0.13032070391332118,0.6934071706524307,1406.0671123552856,2.9186054468154907,ok,27.5
nanogpt_s43,adam,tulu3,near,5.62e-06,2.63997933822602,3.150854099520032,2.8153598210582995,3.1422997416815415,0.008554357838490567,-0.17538048283227958,1.1575200256668996,1406.0671123552856,2.8454208374023438,ok,37.7
nanogpt_s43,adam,tulu3,near,1e-05,2.6069061443530415,3.1619116527460327,2.8153598210582995,3.1422997416815415,0.019611911064491228,-0.20845367670525805,1.8182126230584181,1406.0671123552856,2.763883590698242,ok,41.9
nanogpt_s43,adam,tulu3,near,1.78e-05,2.5174825784044956,3.1719809754254067,2.8153598210582995,3.1422997416815415,0.02968123374386522,-0.2978772426538039,2.683285993038658,1406.0671123552856,2.7086199522018433,ok,42.0
nanogpt_s43,adam,tulu3,near,3.16e-05,2.454640263447323,3.181725242599816,2.8153598210582995,3.1422997416815415,0.03942550091827446,-0.3607195576109765,4.149133536282325,1406.0671123552856,2.6441893577575684,ok,41.8
nanogpt_s43,adam,tulu3,near,5.62e-05,2.38904962707639,3.1901526255150365,2.8153598210582995,3.1422997416815415,0.047852883833495063,-0.4263101939819096,6.611242292153083,1406.0671123552856,2.5815486907958984,ok,41.6
nanogpt_s43,adam,tulu3,near,0.0001,2.327947612844568,3.205397570436481,2.8153598210582995,3.1422997416815415,0.06309782875493974,-0.48741220821373155,10.781250019680938,1406.0671123552856,2.524561285972595,ok,41.9
nanogpt_s43,adam,tulu3,near,0.000178,2.268505503286821,3.2297845791930557,2.8153598210582995,3.1422997416815415,0.08748483751151426,-0.5468543177714786,17.6632729364149,1406.0671123552856,2.4693230390548706,ok,42.7
nanogpt_s43,adam,tulu3,near,0.000316,2.2258000457823393,3.2601873282117153,2.8153598210582995,3.1422997416815415,0.11788758653017384,-0.5895597752759603,28.927198483884315,1406.0671123552856,2.425650119781494,ok,42.2
nanogpt_s43,adam,tulu3,near,0.000562,2.2040161722560216,3.300658705649777,2.8153598210582995,3.1422997416815415,0.15835896396823568,-0.6113436488022779,47.539134550923265,1406.0671123552856,2.398502230644226,ok,41.9
nanogpt_s43,adam,tulu3,near,0.001,2.2052660902885544,3.379263528872376,2.8153598210582995,3.1422997416815415,0.23696378719083455,-0.6100937307697452,78.47180594249626,1406.0671123552856,2.3945475816726685,ok,42.2
nanogpt_s43,adam,tulu3,near,0.00178,2.2443688685646728,3.512622930299046,2.8153598210582995,3.1422997416815415,0.3703231886175047,-0.5709909524936267,129.42009591921877,1406.0671123552856,2.4320484399795532,ok,41.9
nanogpt_s43,adam,tulu3,near,0.00316,2.3992496871201725,3.800786553996883,2.8153598210582995,3.1422997416815415,0.6584868123153416,-0.416110133938127,214.53209875172516,1406.0671123552856,2.574700713157654,ok,42.6
nanogpt_s43,adam,tulu3,near,0.00562,3.1102414588405662,4.723821151046604,2.8153598210582995,3.1422997416815415,1.5815214093650622,0.2948816377822667,376.0313612011689,1406.0671123552856,3.2857130765914917,ok,39.2
nanogpt_s43,adam,tulu3,near,0.01,5.403140446911119,7.261319378817385,2.8153598210582995,3.1422997416815415,4.119019637135843,2.5877806258528198,680.8886051599285,1406.0671123552856,5.638607740402222,ok,43.2
nanogpt_s43,adam,musicpile,far,0.0,3.502122711062198,3.1422997416815415,3.502122711062198,3.1422997416815415,0.0,0.0,0.0,1406.0671123552856,,base,11.5
nanogpt_s43,adam,musicpile,far,1e-06,3.4820809933537373,3.142327676313964,3.502122711062198,3.1422997416815415,2.7934632422343952e-05,-0.020041717708460638,0.17485796666950135,1406.0671123552856,3.6935131549835205,ok,29.4
nanogpt_s43,adam,musicpile,far,1.78e-06,3.469537858160508,3.1426769562663397,3.502122711062198,3.1422997416815415,0.00037721458479822445,-0.03258485290169011,0.30977590415102757,1406.0671123552856,3.6898906230926514,ok,27.7
nanogpt_s43,adam,musicpile,far,3.16e-06,3.452293716998016,3.143909995569875,3.502122711062198,3.1422997416815415,0.0016102538883333573,-0.04982899406418184,0.5423633212630339,1406.0671123552856,3.6789791584014893,ok,27.7
nanogpt_s43,adam,musicpile,far,5.62e-06,3.429342684213896,3.1473238771442333,3.502122711062198,3.1422997416815415,0.00502413546269187,-0.07278002684830209,0.9309597486328504,1406.0671123552856,3.6569108963012695,ok,43.1
nanogpt_s43,adam,musicpile,far,1e-05,3.3963874622800345,3.1538855185014163,3.502122711062198,3.1422997416815415,0.011585776819874827,-0.10573524878216345,1.5505433709591594,1406.0671123552856,3.6229552030563354,ok,47.1
nanogpt_s43,adam,musicpile,far,1.78e-05,3.3500660786190144,3.1600685007651492,3.502122711062198,3.1422997416815415,0.017768759083607755,-0.15205663244318357,2.518603585698922,1406.0671123552856,3.5752995014190674,ok,46.8
nanogpt_s43,adam,musicpile,far,3.16e-05,3.294496562382946,3.16368044799088,3.502122711062198,3.1422997416815415,0.02138070630933875,-0.2076261486792519,4.058196585407073,1406.0671123552856,3.5170984268188477,ok,47.2
nanogpt_s43,adam,musicpile,far,5.62e-05,3.229269986983148,3.169374925049784,3.502122711062198,3.1422997416815415,0.027075183368242328,-0.2728527240790499,6.568307510330837,1406.0671123552856,3.455021023750305,ok,46.9
nanogpt_s43,adam,musicpile,far,0.0001,3.168889316327418,3.178439026476119,3.502122711062198,3.1422997416815415,0.03613928479457762,-0.33323339473477986,10.688689693822116,1406.0671123552856,3.397845149040222,ok,46.6
nanogpt_s43,adam,musicpile,far,0.000178,3.1154810239190924,3.191685607521968,3.502122711062198,3.1422997416815415,0.04938586584042648,-0.38664168714310554,17.48971359438355,1406.0671123552856,3.3461374044418335,ok,47.1
nanogpt_s43,adam,musicpile,far,0.000316,3.0751524550107594,3.2123494829450334,3.502122711062198,3.1422997416815415,0.07004974126349195,-0.42697025605143857,28.66392833904058,1406.0671123552856,3.3027379512786865,ok,47.4
nanogpt_s43,adam,musicpile,far,0.000562,3.0527999788347757,3.248327296307409,3.502122711062198,3.1422997416815415,0.10602755462586755,-0.44932273222742225,46.886074007807736,1406.0671123552856,3.273473858833313,ok,46.4
nanogpt_s43,adam,musicpile,far,0.001,3.064172651436464,3.3116932811102524,3.502122711062198,3.1422997416815415,0.16939353942871094,-0.43795005962573397,76.51387825414159,1406.0671123552856,3.273397445678711,ok,47.5
nanogpt_s43,adam,musicpile,far,0.00178,3.1303283557033352,3.4296401671467462,3.502122711062198,3.1422997416815415,0.2873404254652048,-0.37179435535886274,124.75502570630191,1406.0671123552856,3.3334977626800537,ok,47.3
nanogpt_s43,adam,musicpile,far,0.00316,3.2851942178087925,3.6927747147890453,3.502122711062198,3.1422997416815415,0.5504749731075038,-0.21692849325340546,204.35135422525354,1406.0671123552856,3.4953428506851196,ok,48.3
nanogpt_s43,adam,musicpile,far,0.00562,3.9670163059421246,4.423352303103692,3.502122711062198,3.1422997416815415,1.2810525614221504,0.46489359487992665,359.7342942794319,1406.0671123552856,4.2082908153533936,ok,43.4
nanogpt_s43,adam,musicpile,far,0.01,6.296487841820763,7.310757340283777,3.502122711062198,3.1422997416815415,4.168457598602235,2.7943651307585653,634.002949866164,1406.0671123552856,6.516364812850952,ok,48.1
nanogpt_s43,op_soma_postns5,stackmathqa,math,0.0,3.1170802480320643,3.1442646541707435,3.1170802480320643,3.1442646541707435,0.0,0.0,0.0,1527.0566663003974,,base,11.5
nanogpt_s43,op_soma_postns5,stackmathqa,math,1e-06,2.9585724175559567,3.1447282555985123,3.1170802480320643,3.1442646541707435,0.00046360142776880053,-0.15850783047610761,0.2689660958170876,1527.0566663003974,3.266486644744873,ok,27.7
nanogpt_s43,op_soma_postns5,stackmathqa,math,1.78e-06,2.887522195416654,3.145703814034359,3.1170802480320643,3.1442646541707435,0.0014391598636156466,-0.22955805261541018,0.4780850097083984,1527.0566663003974,3.24620521068573,ok,27.6
nanogpt_s43,op_soma_postns5,stackmathqa,math,3.16e-06,2.886298551018224,3.148628369236179,3.1170802480320643,3.1442646541707435,0.004363715065435425,-0.23078169701384033,0.8367937857335209,1527.0566663003974,3.1290457248687744,ok,27.6
nanogpt_s43,op_soma_postns5,stackmathqa,math,5.62e-06,3.0182873302243225,3.1541826393739583,3.1170802480320643,3.1442646541707435,0.00991798520321474,-0.0987929178077418,1.3131421947147586,1527.0566663003974,2.9768741130828857,ok,27.6
nanogpt_s43,op_soma_postns5,stackmathqa,math,1e-05,2.9108933376006183,3.160500703725796,3.1170802480320643,3.1442646541707435,0.016236049555052645,-0.206186910431446,1.9243272155913531,1527.0566663003974,2.87819766998291,ok,27.7
nanogpt_s43,op_soma_postns5,stackmathqa,math,1.78e-05,2.7062367030552457,3.169633484633235,3.1170802480320643,3.1442646541707435,0.0253688304624915,-0.41084354497681863,2.9188007276875028,1527.0566663003974,2.794891595840454,ok,27.6
nanogpt_s43,op_soma_postns5,stackmathqa,math,3.16e-05,2.5913715325223023,3.185309617253432,3.1170802480320643,3.1442646541707435,0.04104496308268857,-0.525708715509762,4.563459681066665,1527.0566663003974,2.7129321098327637,ok,27.6
nanogpt_s43,op_soma_postns5,stackmathqa,math,5.62e-05,2.5178385172804743,3.2127400489702618,3.1170802480320643,3.1442646541707435,0.06847539479951825,-0.59924173075159,7.320048658366624,1527.0566663003974,2.6362544298171997,ok,27.6
nanogpt_s43,op_soma_postns5,stackmathqa,math,0.0001,2.46254071050894,3.255344558835263,3.1170802480320643,3.1442646541707435,0.11107990466451945,-0.6545395375231244,11.838426756027975,1527.0566663003974,2.569364070892334,ok,27.6
nanogpt_s43,op_soma_postns5,stackmathqa,math,0.000178,2.4027253167736555,3.3133205145072564,3.1170802480320643,3.1442646541707435,0.16905586033651288,-0.7143549312584088,19.416260159057135,1527.0566663003974,2.4978837966918945,ok,27.7
nanogpt_s43,op_soma_postns5,stackmathqa,math,0.000316,2.3478440062640464,3.384426172932067,3.1170802480320643,3.1442646541707435,0.2401615187613233,-0.7692362417680179,32.22020920347222,1527.0566663003974,2.4315438270568848,ok,27.6
nanogpt_s43,op_soma_postns5,stackmathqa,math,0.000562,2.323365146166658,3.458447891205491,3.1170802480320643,3.1442646541707435,0.31418323703474726,-0.7937151018654065,52.677475896516036,1527.0566663003974,2.397343397140503,ok,27.6
nanogpt_s43,op_soma_postns5,stackmathqa,math,0.001,2.284128558612383,3.5174205914402195,3.1170802480320643,3.1442646541707435,0.37315593726947593,-0.8329516894196813,89.85419478663374,1527.0566663003974,2.3531726598739624,ok,27.6
nanogpt_s43,op_soma_postns5,stackmathqa,math,0.00178,2.2910831697766327,3.6811499996894494,3.1170802480320643,3.1442646541707435,0.5368853455187059,-0.8259970782554316,146.19050838972984,1527.0566663003974,2.3516613245010376,ok,27.7
nanogpt_s43,op_soma_postns5,stackmathqa,math,0.00316,2.3859497413709905,4.139171772040499,3.1170802480320643,3.1442646541707435,0.9949071178697557,-0.7311305066610738,234.4662097370261,1527.0566663003974,2.4506160020828247,ok,27.8
nanogpt_s43,op_soma_postns5,stackmathqa,math,0.00562,4.21221139239705,7.4554150874367435,3.1170802480320643,3.1442646541707435,4.3111504332660004,1.0951311443649856,413.2304537135216,1527.0566663003974,4.214954853057861,ok,27.6
nanogpt_s43,op_soma_postns5,stackmathqa,math,0.01,4.68647666080124,8.024077062737453,3.1170802480320643,3.1442646541707435,4.879812408566709,1.569396412769176,636.9019381538283,1527.0566663003974,4.671441316604614,ok,27.6
nanogpt_s43,op_soma_postns5,musicpile,far,0.0,3.518734224621797,3.1442646541707435,3.518734224621797,3.1442646541707435,0.0,0.0,0.0,1527.0566663003974,,base,11.6
nanogpt_s43,op_soma_postns5,musicpile,far,1e-06,3.4964072419705925,3.144517155776052,3.518734224621797,3.1442646541707435,0.0002525016053085416,-0.022326982651204474,0.18071698754387572,1527.0566663003974,3.719021439552307,ok,27.9
nanogpt_s43,op_soma_postns5,musicpile,far,1.78e-06,3.482971743828163,3.1453880153290212,3.518734224621797,3.1442646541707435,0.0011233611582777137,-0.035762480793633866,0.320526360557985,1527.0566663003974,3.713539958000183,ok,27.7
nanogpt_s43,op_soma_postns5,musicpile,far,3.16e-06,3.465631384205678,3.148102247085123,3.518734224621797,3.1442646541707435,0.003837592914379684,-0.0531028404161189,0.5620759539231253,1527.0566663003974,3.702391266822815,ok,27.6
nanogpt_s43,op_soma_postns5,musicpile,far,5.62e-06,3.4439025177181115,3.1545886657475957,3.518734224621797,3.1442646541707435,0.010324011576852143,-0.07483170690368546,0.9642745619070058,1527.0566663003974,3.6778234243392944,ok,27.5
nanogpt_s43,op_soma_postns5,musicpile,far,1e-05,3.4100770894328676,3.164059353434643,3.518734224621797,3.1442646541707435,0.019794699263899318,-0.10865713518892939,1.5948449582380881,1527.0566663003974,3.6420397758483887,ok,27.7
nanogpt_s43,op_soma_postns5,musicpile,far,1.78e-05,3.359683146915324,3.1694941138101416,3.518734224621797,3.1442646541707435,0.025229459639398044,-0.1590510777064731,2.561829931792087,1527.0566663003974,3.5921889543533325,ok,27.6
nanogpt_s43,op_soma_postns5,musicpile,far,3.16e-05,3.3035098409932653,3.173778701901669,3.518734224621797,3.1442646541707435,0.029514047730925697,-0.2152243836285317,4.0940153595583,1527.0566663003974,3.5339529514312744,ok,27.6
nanogpt_s43,op_soma_postns5,musicpile,far,5.62e-05,3.2433155082209937,3.1829935435912846,3.518734224621797,3.1442646541707435,0.03872888942054109,-0.2754187164008033,6.541526808771893,1527.0566663003974,3.473875880241394,ok,27.6
nanogpt_s43,op_soma_postns5,musicpile,far,0.0001,3.18484794930236,3.197935111835278,3.518734224621797,3.1442646541707435,0.0536704576645346,-0.33388627531943715,10.54279265108592,1527.0566663003974,3.418258309364319,ok,27.6
nanogpt_s43,op_soma_postns5,musicpile,far,0.000178,3.1330618289118877,3.2157535030417246,3.518734224621797,3.1442646541707435,0.07148884887098106,-0.3856723957099093,17.065434753806013,1527.0566663003974,3.3682063817977905,ok,27.6
nanogpt_s43,op_soma_postns5,musicpile,far,0.000316,3.0894761356122338,3.233462996212237,3.518734224621797,3.1442646541707435,0.08919834204149346,-0.4292580890095632,27.902052724838192,1527.0566663003974,3.3210465908050537,ok,27.7
nanogpt_s43,op_soma_postns5,musicpile,far,0.000562,3.064680939317916,3.2589840002489185,3.518734224621797,3.1442646541707435,0.11471934607817502,-0.454053285303881,45.887440734085565,1527.0566663003974,3.290431022644043,ok,27.6
nanogpt_s43,op_soma_postns5,musicpile,far,0.001,3.071800597726482,3.3181799013320714,3.518734224621797,3.1442646541707435,0.1739152471613279,-0.4469336268953148,75.95525845599634,1527.0566663003974,3.288038492202759,ok,27.6
nanogpt_s43,op_soma_postns5,musicpile,far,0.00178,3.1141601831245795,3.4293380110231166,3.518734224621797,3.1442646541707435,0.2850733568523731,-0.40457404149721743,125.09452365989937,1527.0566663003974,3.321863293647766,ok,27.7
nanogpt_s43,op_soma_postns5,musicpile,far,0.00316,3.2818152470598014,3.6749669987628137,3.518734224621797,3.1442646541707435,0.5307023445920702,-0.23691897756199554,207.6632462661565,1527.0566663003974,3.5053361654281616,ok,27.9
nanogpt_s43,op_soma_postns5,musicpile,far,0.00562,4.128663191823343,4.566175695968001,3.518734224621797,3.1442646541707435,1.4219110417972574,0.6099289672015464,362.83478549560385,1527.0566663003974,4.370388031005859,ok,27.6
nanogpt_s43,op_soma_postns5,musicpile,far,0.01,6.107080463327307,7.122584139530906,3.518734224621797,3.1442646541707435,3.9783194853601622,2.58834623870551,622.0157236153402,1527.0566663003974,6.334895849227905,ok,27.6
nanogpt_s43,soma_prens5,stackmathqa,math,0.0,3.114180443571505,3.144527801095623,3.114180443571505,3.144527801095623,0.0,0.0,0.0,1527.0435576258985,,base,11.5
nanogpt_s43,soma_prens5,stackmathqa,math,1e-06,2.9584161493409638,3.1449078449764363,3.114180443571505,3.144527801095623,0.0003800438808134743,-0.15576429423054128,0.26851483972450335,1527.0435576258985,3.2639331817626953,ok,27.9
nanogpt_s43,soma_prens5,stackmathqa,math,1.78e-06,2.888845178712371,3.145761504798486,3.114180443571505,3.144527801095623,0.0012337037028631315,-0.22533526485913402,0.4771729368305658,1527.0435576258985,3.2428234815597534,ok,27.6
nanogpt_s43,soma_prens5,stackmathqa,math,3.16e-06,2.883779768374568,3.148346604199792,3.114180443571505,3.144527801095623,0.003818803104169266,-0.23040067519693697,0.834799653684376,1527.0435576258985,3.128101348876953,ok,27.6
nanogpt_s43,soma_prens5,stackmathqa,math,5.62e-06,3.0094714155402436,3.153340886483687,3.114180443571505,3.144527801095623,0.008813085388064135,-0.10470902803126148,1.314398517851299,1527.0435576258985,2.976922392845154,ok,27.6
nanogpt_s43,soma_prens5,stackmathqa,math,1e-05,2.905812750590524,3.1592024263803737,3.114180443571505,3.144527801095623,0.014674625284750942,-0.208367692980981,1.9288478424819497,1527.0435576258985,2.8770620822906494,ok,27.7
nanogpt_s43,soma_prens5,stackmathqa,math,1.78e-05,2.7059781770650186,3.1682078255132686,3.114180443571505,3.144527801095623,0.02368002441764583,-0.4082022665064864,2.9269602104318855,1527.0435576258985,2.793347477912903,ok,27.6
nanogpt_s43,soma_prens5,stackmathqa,math,3.16e-05,2.5917567572248426,3.1834660397583723,3.114180443571505,3.144527801095623,0.03893823866274948,-0.5224236863466625,4.567558825260211,1527.0435576258985,2.7132787704467773,ok,27.6
nanogpt_s43,soma_prens5,stackmathqa,math,5.62e-05,2.518289816122932,3.210024507078406,3.114180443571505,3.144527801095623,0.06549670598278334,-0.5958906274485729,7.330542344680819,1527.0435576258985,2.6364001035690308,ok,27.6
nanogpt_s43,soma_prens5,stackmathqa,math,0.0001,2.462398827659174,3.2515907138294438,3.114180443571505,3.144527801095623,0.10706291273382096,-0.6517816159123311,11.864215658182305,1527.0435576258985,2.5685685873031616,ok,27.6
nanogpt_s43,soma_prens5,stackmathqa,math,0.000178,2.4028909985566558,3.3096814687471334,3.114180443571505,3.144527801095623,0.16515366765151063,-0.7112894450148493,19.45917399597105,1527.0435576258985,2.497579574584961,ok,27.7
nanogpt_s43,soma_prens5,stackmathqa,math,0.000316,2.3481596780616476,3.380238445304378,3.114180443571505,3.144527801095623,0.23571064420875532,-0.7660207655098574,32.28720858599525,1527.0435576258985,2.4303934574127197,ok,27.6
nanogpt_s43,soma_prens5,stackmathqa,math,0.000562,2.322815008592699,3.454643969899754,3.114180443571505,3.144527801095623,0.3101161688041314,-0.7913654349788062,52.77048998145044,1527.0435576258985,2.396585702896118,ok,27.7
nanogpt_s43,soma_prens5,stackmathqa,math,0.001,2.2838620747605414,3.5134034688692037,3.114180443571505,3.144527801095623,0.36887566777358094,-0.8303183688109637,90.07948186828119,1527.0435576258985,2.3528624773025513,ok,27.6
nanogpt_s43,soma_prens5,stackmathqa,math,0.00178,2.29320089411129,3.669986288141598,3.114180443571505,3.144527801095623,0.5254584870459751,-0.820979549460215,146.8327249162642,1527.0435576258985,2.3544394969940186,ok,27.7
nanogpt_s43,soma_prens5,stackmathqa,math,0.00316,2.3714170064011664,4.12772583634886,3.114180443571505,3.144527801095623,0.9831980352532375,-0.7427634371703387,235.6876598987191,1527.0435576258985,2.4338107109069824,ok,27.8
nanogpt_s43,soma_prens5,stackmathqa,math,0.00562,4.156566298871124,7.322146354122871,3.114180443571505,3.144527801095623,4.177618553027248,1.042385855299619,414.0704972836467,1527.0435576258985,4.1537926197052,ok,27.6
nanogpt_s43,soma_prens5,stackmathqa,math,0.01,4.639070335432975,7.952332588091289,3.114180443571505,3.144527801095623,4.807804786995666,1.52488989186147,704.806338463672,1527.0435576258985,4.631984233856201,ok,27.6
nanogpt_s43,op_soma_postns5,codeparrot,far,0.0,2.508520943777902,3.1442646541707435,2.508520943777902,3.1442646541707435,0.0,0.0,0.0,1527.0566663003974,,base,11.5
nanogpt_s43,op_soma_postns5,codeparrot,far,1e-06,2.4077011227841014,3.1447976368047486,2.508520943777902,3.1442646541707435,0.0005329826340050303,-0.10081982099380049,0.25731306538830273,1527.0566663003974,2.5063396692276,ok,28.0
nanogpt_s43,op_soma_postns5,codeparrot,far,1.78e-06,2.379616896000394,3.1457549914455227,2.508520943777902,3.1442646541707435,0.0014903372747792076,-0.12890404777750808,0.4537622746377741,1527.0566663003974,2.492649793624878,ok,27.6
nanogpt_s43,op_soma_postns5,codeparrot,far,3.16e-06,2.318626321691823,3.1484190050636487,2.508520943777902,3.1442646541707435,0.004154350892905168,-0.18989462208607888,0.7669102647337425,1527.0566663003974,2.428666353225708,ok,27.6
nanogpt_s43,op_soma_postns5,codeparrot,far,5.62e-06,2.2162923085013015,3.1544548228762155,2.508520943777902,3.1442646541707435,0.010190168705471958,-0.29222863527660037,1.2511384809834103,1527.0566663003974,2.327813982963562,ok,27.6
nanogpt_s43,op_soma_postns5,codeparrot,far,1e-05,2.1135303960154435,3.1629503440483675,2.508520943777902,3.1442646541707435,0.01868568987762398,-0.39499054776245845,1.9566034706931066,1527.0566663003974,2.2122817039489746,ok,27.6
nanogpt_s43,op_soma_postns5,codeparrot,far,1.78e-05,2.022244690449037,3.1680950418610396,2.508520943777902,3.1442646541707435,0.023830387690296106,-0.4862762533288647,2.950331865428779,1527.0566663003974,2.1294015645980835,ok,27.6
nanogpt_s43,op_soma_postns5,codeparrot,far,3.16e-05,1.9323154120995807,3.1754417680714226,2.508520943777902,3.1442646541707435,0.03117711390067912,-0.5762055316783212,4.4566973500977705,1527.0566663003974,2.0499682426452637,ok,27.6
nanogpt_s43,op_soma_postns5,codeparrot,far,5.62e-05,1.8638892313738857,3.1878675285384146,2.508520943777902,3.1442646541707435,0.043602874367671074,-0.6446317124040162,6.913445835999635,1527.0566663003974,1.9791455268859863,ok,27.6
nanogpt_s43,op_soma_postns5,codeparrot,far,0.0001,1.796941376478938,3.208756034388234,2.508520943777902,3.1442646541707435,0.06449138021749068,-0.711579567298964,11.093245582003926,1527.0566663003974,1.9154923558235168,ok,27.6
nanogpt_s43,op_soma_postns5,codeparrot,far,0.000178,1.7403200451875154,3.2428566509030334,2.508520943777902,3.1442646541707435,0.09859199673228991,-0.7682008985903865,18.316195541341706,1527.0566663003974,1.8565170168876648,ok,27.6
nanogpt_s43,op_soma_postns5,codeparrot,far,0.000316,1.7011247101128684,3.312750661443124,2.508520943777902,3.1442646541707435,0.1684860072723806,-0.8073962336650335,30.21740535774189,1527.0566663003974,1.808104157447815,ok,27.7
nanogpt_s43,op_soma_postns5,codeparrot,far,0.000562,1.6840551827985013,3.3984595744810457,2.508520943777902,3.1442646541707435,0.2541949203103022,-0.8244657609794006,49.63917406315686,1527.0566663003974,1.778867483139038,ok,27.7
nanogpt_s43,op_soma_postns5,codeparrot,far,0.001,1.676272065672156,3.5478002320530364,2.508520943777902,3.1442646541707435,0.4035355778822929,-0.832248878105746,81.71827164563892,1527.0566663003974,1.7599365711212158,ok,27.6
nanogpt_s43,op_soma_postns5,codeparrot,far,0.00178,1.7260995629715592,3.7442342493165497,2.508520943777902,3.1442646541707435,0.5999695951458062,-0.7824213808063427,136.94486593134081,1527.0566663003974,1.8032551407814026,ok,27.7
nanogpt_s43,op_soma_postns5,codeparrot,far,0.00316,1.8561439215553717,4.294238928479458,2.508520943777902,3.1442646541707435,1.1499742743087142,-0.6523770222225302,233.89752625491005,1527.0566663003974,1.9124534130096436,ok,27.8
nanogpt_s43,op_soma_postns5,codeparrot,far,0.00562,3.7534000075726595,7.552126875128998,2.508520943777902,3.1442646541707435,4.407862220958254,1.2448790637947575,423.3351173344887,1527.0566663003974,3.779125690460205,ok,27.6
nanogpt_s43,op_soma_postns5,codeparrot,far,0.01,4.319388634071425,8.44184676914999,2.508520943777902,3.1442646541707435,5.297582114979246,1.8108676902935228,657.9224734018578,1527.0566663003974,4.333364486694336,ok,27.6
nanogpt_s43,soma_prens5,codeparrot,far,0.0,2.5012720858280906,3.144527801095623,2.5012720858280906,3.144527801095623,0.0,0.0,0.0,1527.0435576258985,,base,11.5
nanogpt_s43,soma_prens5,codeparrot,far,1e-06,2.399453605457761,3.144992261016905,2.5012720858280906,3.144527801095623,0.00046445992128241187,-0.10181848037032948,0.25661771584860993,1527.0435576258985,2.4998042583465576,ok,27.9
nanogpt_s43,soma_prens5,codeparrot,far,1.78e-06,2.3674918172877364,3.145814264823779,2.5012720858280906,3.144527801095623,0.0012864637281562175,-0.13378026854035419,0.4526778208712257,1527.0435576258985,2.4857794046401978,ok,27.6
nanogpt_s43,soma_prens5,codeparrot,far,3.16e-06,2.30619089384135,3.148122078285292,2.5012720858280906,3.144527801095623,0.003594277189669093,-0.1950811919867408,0.7676601977076997,1527.0435576258985,2.4223021268844604,ok,27.6
nanogpt_s43,soma_prens5,codeparrot,far,5.62e-06,2.2132217720763325,3.1535176950891426,2.5012720858280906,3.144527801095623,0.008989893993519793,-0.28805031375175805,1.2549883208713102,1527.0435576258985,2.3224200010299683,ok,27.6
nanogpt_s43,soma_prens5,codeparrot,far,1e-05,2.112672895368065,3.1613751465560407,2.5012720858280906,3.144527801095623,0.016847345460417884,-0.38859919046002567,1.9616956976341455,1527.0435576258985,2.208505868911743,ok,27.6
nanogpt_s43,soma_prens5,codeparrot,far,1.78e-05,2.0212139607408974,3.166610676715052,2.5012720858280906,3.144527801095623,0.02208287561942912,-0.48005812508719314,2.958166119807192,1527.0435576258985,2.1273717880249023,ok,27.5
nanogpt_s43,soma_prens5,codeparrot,far,3.16e-05,1.932758670963653,3.173965383182533,2.5012720858280906,3.144527801095623,0.029437582086910385,-0.5685134148644375,4.461263800259767,1527.0435576258985,2.0501310229301453,ok,27.6
nanogpt_s43,soma_prens5,codeparrot,far,5.62e-05,1.8655152143564242,3.1865235980009614,2.5012720858280906,3.144527801095623,0.04199579690533861,-0.6357568714716664,6.925142842552857,1527.0435576258985,1.9799163341522217,ok,27.6
nanogpt_s43,soma_prens5,codeparrot,far,0.0001,1.7931166199088797,3.2082408524306087,2.5012720858280906,3.144527801095623,0.06371305133498595,-0.7081554659192109,11.28324153006985,1527.0435576258985,1.9116531014442444,ok,27.6
nanogpt_s43,soma_prens5,codeparrot,far,0.000178,1.7402519479889693,3.240998053504063,2.5012720858280906,3.144527801095623,0.09647025240843998,-0.7610201378391213,18.327822141342097,1527.0435576258985,1.8579309582710266,ok,27.6
nanogpt_s43,soma_prens5,codeparrot,far,0.000316,1.699066524169683,3.313666640429114,2.5012720858280906,3.144527801095623,0.1691388393334914,-0.8022055616584076,30.455612859791554,1527.0435576258985,1.8067962527275085,ok,27.6
nanogpt_s43,soma_prens5,codeparrot,far,0.000562,1.6948009125173908,3.3962763023003206,2.5012720858280906,3.144527801095623,0.2517485012046978,-0.8064711733106997,48.67983473300499,1527.0435576258985,1.7896425127983093,ok,27.7
nanogpt_s43,soma_prens5,codeparrot,far,0.001,1.6758930258554956,3.5440472940642773,2.5012720858280906,3.144527801095623,0.3995194929686545,-0.825379059972595,82.52033920943808,1527.0435576258985,1.7597105503082275,ok,27.5
nanogpt_s43,soma_prens5,codeparrot,far,0.00178,1.7242420144277075,3.748224064328666,2.5012720858280906,3.144527801095623,0.6036962632330432,-0.777030071400383,137.90373873617776,1527.0435576258985,1.8017650842666626,ok,27.7
nanogpt_s43,soma_prens5,codeparrot,far,0.00316,1.8438785724677218,4.165066358861158,2.5012720858280906,3.144527801095623,1.0205385577655353,-0.6573935133603688,234.89208674051355,1527.0435576258985,1.9075588583946228,ok,27.8
nanogpt_s43,soma_prens5,codeparrot,far,0.00562,3.0996906332773704,6.9001222449972675,2.5012720858280906,3.144527801095623,3.7555944439016447,0.5984185474492798,421.70843657104285,1527.0435576258985,3.1560388803482056,ok,27.6
nanogpt_s43,soma_prens5,codeparrot,far,0.01,4.4235639254874215,8.613626677929306,2.5012720858280906,3.144527801095623,5.469098876833683,1.922291839659331,656.024387509573,1527.0435576258985,4.454535722732544,ok,27.6
nanogpt_s43,soma_prens5,musicpile,far,0.0,3.518948773348635,3.144527801095623,3.518948773348635,3.144527801095623,0.0,0.0,0.0,1527.0435576258985,,base,11.4
nanogpt_s43,soma_prens5,musicpile,far,1e-06,3.4966159380112143,3.144655802478529,3.518948773348635,3.144527801095623,0.00012800138290636198,-0.022332835337420587,0.18033907740110047,1527.0435576258985,3.717226266860962,ok,27.9
nanogpt_s43,soma_prens5,musicpile,far,1.78e-06,3.4831097298638927,3.145339622422907,3.518948773348635,3.144527801095623,0.0008118213272840791,-0.035839043484742206,0.31979869537200317,1527.0435576258985,3.7135326862335205,ok,27.7
nanogpt_s43,soma_prens5,musicpile,far,3.16e-06,3.4656256285665554,3.147595396247162,3.518948773348635,3.144527801095623,0.003067595151539315,-0.053323144782079446,0.561274368078883,1527.0435576258985,3.701064109802246,ok,27.6
nanogpt_s43,soma_prens5,musicpile,far,5.62e-06,3.4442032815892167,3.153289765061231,3.518948773348635,3.144527801095623,0.008761963965608022,-0.07474549175941814,0.9631605362150345,1527.0435576258985,3.6772483587265015,ok,27.7
nanogpt_s43,soma_prens5,musicpile,far,1e-05,3.4108846481532265,3.1623745300531856,3.518948773348635,3.144527801095623,0.017846728957562785,-0.10806412519540842,1.5935538421361288,1527.0435576258985,3.640906572341919,ok,27.6
nanogpt_s43,soma_prens5,musicpile,far,1.78e-05,3.3609656242475117,3.1690818950854633,3.518948773348635,3.144527801095623,0.024554093989840542,-0.1579831491011232,2.5607623340956587,1527.0435576258985,3.593788266181946,ok,27.6
nanogpt_s43,soma_prens5,musicpile,far,3.16e-05,3.304539197111783,3.1733719215467717,3.518948773348635,3.144527801095623,0.028844120451148925,-0.21440957623685186,4.095115992114791,1527.0435576258985,3.532822012901306,ok,27.7
nanogpt_s43,soma_prens5,musicpile,far,5.62e-05,3.243953958649458,3.1824779659801266,3.518948773348635,3.144527801095623,0.037950164884503756,-0.27499481469917697,6.544945582700352,1527.0435576258985,3.4734561443328857,ok,27.7
nanogpt_s43,soma_prens5,musicpile,far,0.0001,3.1855768625516947,3.1974686960418164,3.518948773348635,3.144527801095623,0.052940894946193584,-0.3333719107969402,10.550721229084333,1527.0435576258985,3.418372631072998,ok,27.6
nanogpt_s43,soma_prens5,musicpile,far,0.000178,3.133590071168664,3.2154065746150606,3.518948773348635,3.144527801095623,0.07087877351943783,-0.3853587021799707,17.06972143073358,1527.0435576258985,3.3667664527893066,ok,27.7
nanogpt_s43,soma_prens5,musicpile,far,0.000316,3.090114026153624,3.233142158523231,3.518948773348635,3.144527801095623,0.08861435742760815,-0.4288347471950109,27.926192387872074,1527.0435576258985,3.3197520971298218,ok,27.7
nanogpt_s43,soma_prens5,musicpile,far,0.000562,3.065035721093941,3.2587178448641603,3.518948773348635,3.144527801095623,0.11419004376853747,-0.4539130522546939,45.899385385820274,1527.0435576258985,3.2895543575286865,ok,27.7
nanogpt_s43,soma_prens5,musicpile,far,0.001,3.0708694980569082,3.318065635845386,3.518948773348635,3.144527801095623,0.17353783474976314,-0.44807927529172664,76.11282489620248,1527.0435576258985,3.288289427757263,ok,27.6
nanogpt_s43,soma_prens5,musicpile,far,0.00178,3.1301377029568247,3.4310213525701174,3.518948773348635,3.144527801095623,0.2864935514744946,-0.3888110703918102,125.32409369449006,1527.0435576258985,3.341671943664551,ok,27.7
nanogpt_s43,soma_prens5,musicpile,far,0.00316,3.3033842247292955,3.683714786387703,3.518948773348635,3.144527801095623,0.5391869852920803,-0.21556454861933938,208.40200169304038,1527.0435576258985,3.526591420173645,ok,27.9
nanogpt_s43,soma_prens5,musicpile,far,0.00562,3.8897815114597987,4.389750754996522,3.518948773348635,3.144527801095623,1.2452229539008988,0.3708327381111638,366.1300538207587,1527.0435576258985,4.141292929649353,ok,27.6
nanogpt_s43,soma_prens5,musicpile,far,0.01,6.324991140346937,7.325823199725664,3.518948773348635,3.144527801095623,4.181295398630041,2.8060423669983026,619.4306988187834,1527.0435576258985,6.544980764389038,ok,27.7
nanogpt_s43,soma_prens5,tulu3,near,0.0,2.885869849218081,3.144527801095623,2.885869849218081,3.144527801095623,0.0,0.0,0.0,1527.0435576258985,,base,11.5
nanogpt_s43,soma_prens5,tulu3,near,1e-06,2.810003060417399,3.1453994556882376,2.885869849218081,3.144527801095623,0.0008716545926148456,-0.0758667888006821,0.23172973215539164,1527.0435576258985,3.0201854705810547,ok,28.1
nanogpt_s43,soma_prens5,tulu3,near,1.78e-06,2.767955593400272,3.146774426365085,2.885869849218081,3.144527801095623,0.002246625269462399,-0.11791425581780901,0.41106118371966827,1527.0435576258985,3.0118567943573,ok,27.6
nanogpt_s43,soma_prens5,tulu3,near,3.16e-06,2.720820208584959,3.150585928541807,2.885869849218081,3.144527801095623,0.006058127446184169,-0.16504964063312233,0.7194552988087831,1527.0435576258985,2.970351815223694,ok,27.6
nanogpt_s43,soma_prens5,tulu3,near,5.62e-06,2.6784934251042496,3.1601430963863364,2.885869849218081,3.144527801095623,0.015615295290713593,-0.20737642411383161,1.2103731760262577,1527.0435576258985,2.885581374168396,ok,27.7
nanogpt_s43,soma_prens5,tulu3,near,1e-05,2.63875539522115,3.1766445734729505,2.885869849218081,3.144527801095623,0.032116772377327685,-0.247114453996931,1.8725173200452618,1527.0435576258985,2.792192220687866,ok,27.6
nanogpt_s43,soma_prens5,tulu3,near,1.78e-05,2.5423674312822975,3.1913659157351737,2.885869849218081,3.144527801095623,0.0468381146395509,-0.34350241793578373,2.750889560008917,1527.0435576258985,2.731834650039673,ok,27.6
nanogpt_s43,soma_prens5,tulu3,near,3.16e-05,2.4682194360781557,3.199777241089106,2.885869849218081,3.144527801095623,0.05524943999348331,-0.41765041313992546,4.18681586770263,1527.0435576258985,2.6637033224105835,ok,27.6
nanogpt_s43,soma_prens5,tulu3,near,5.62e-05,2.3975883006116416,3.209759236315225,2.885869849218081,3.144527801095623,0.0652314352196024,-0.4882815486064396,6.630480744051938,1527.0435576258985,2.5966696739196777,ok,27.6
nanogpt_s43,soma_prens5,tulu3,near,0.0001,2.3375286654716834,3.231243443349103,2.885869849218081,3.144527801095623,0.08671564225348005,-0.5483411837463978,10.678034218213675,1527.0435576258985,2.53974449634552,ok,27.6
nanogpt_s43,soma_prens5,tulu3,near,0.000178,2.280818211355788,3.263570863906651,2.885869849218081,3.144527801095623,0.11904306281102839,-0.6050516378622932,17.326298994120016,1527.0435576258985,2.484553098678589,ok,27.6
nanogpt_s43,soma_prens5,tulu3,near,0.000316,2.2365961690704883,3.2944924378814995,2.885869849218081,3.144527801095623,0.14996463678587668,-0.6492736801475929,28.279084040102518,1527.0435576258985,2.439057230949402,ok,27.6
nanogpt_s43,soma_prens5,tulu3,near,0.000562,2.211914935923836,3.3294520331455537,2.885869849218081,3.144527801095623,0.18492423204993091,-0.6739549132942453,46.721027194523764,1527.0435576258985,2.409805178642273,ok,27.6
nanogpt_s43,soma_prens5,tulu3,near,0.001,2.212763370133193,3.4018558532057908,2.885869849218081,3.144527801095623,0.25732805211016796,-0.6731064790848884,78.3659011418066,1527.0435576258985,2.402675747871399,ok,27.6
nanogpt_s43,soma_prens5,tulu3,near,0.00178,2.25062544238544,3.517450676039007,2.885869849218081,3.144527801095623,0.3729228749433844,-0.635244406832641,130.1846417619075,1527.0435576258985,2.431008815765381,ok,27.6
nanogpt_s43,soma_prens5,tulu3,near,0.00316,2.392836949596666,3.782359352783681,2.885869849218081,3.144527801095623,0.6378315516880582,-0.49303289962141505,216.0653570764393,1527.0435576258985,2.5648441314697266,ok,27.8
nanogpt_s43,soma_prens5,tulu3,near,0.00562,3.5221835545131137,5.094709594189071,2.885869849218081,3.144527801095623,1.9501817930934484,0.6363137052950325,384.8368400004581,1527.0435576258985,3.731214761734009,ok,27.6
nanogpt_s43,soma_prens5,tulu3,near,0.01,5.3591359207541505,7.192683658487876,2.885869849218081,3.144527801095623,4.048155857392254,2.4732660715360693,664.8041570832246,1527.0435576258985,5.57501482963562,ok,27.6
nanogpt_s43,op_soma_postns5,tulu3,near,0.0,2.8889106631045705,3.1442646541707435,2.8889106631045705,3.1442646541707435,0.0,0.0,0.0,1527.0566663003974,,base,11.5
nanogpt_s43,op_soma_postns5,tulu3,near,1e-06,2.8122931926451082,3.145339402200658,2.8889106631045705,3.1442646541707435,0.001074748029914474,-0.07661747045946221,0.23223712412111414,1527.0566663003974,3.023635745048523,ok,27.9
nanogpt_s43,op_soma_postns5,tulu3,near,1.78e-06,2.7699409305699416,3.146954571897503,2.8889106631045705,3.1442646541707435,0.0026899177267596386,-0.11896973253462884,0.411850057234394,1527.0566663003974,3.014212489128113,ok,27.6
nanogpt_s43,op_soma_postns5,tulu3,near,3.16e-06,2.722917597821081,3.1513311718308064,2.8889106631045705,3.1442646541707435,0.007066517660062832,-0.16599306528348956,0.7208526601463642,1527.0566663003974,2.9715611934661865,ok,27.6
nanogpt_s43,op_soma_postns5,tulu3,near,5.62e-06,2.6815801273353412,3.1620209501680794,2.8889106631045705,3.1442646541707435,0.017756295997335858,-0.20733053576922922,1.211831898802731,1527.0566663003974,2.8877753019332886,ok,27.6
nanogpt_s43,op_soma_postns5,tulu3,near,1e-05,2.64005885712088,3.1796169094376836,2.8889106631045705,3.1442646541707435,0.03535225526694008,-0.2488518059836906,1.871072470932837,1527.0566663003974,2.792842745780945,ok,27.6
nanogpt_s43,op_soma_postns5,tulu3,near,1.78e-05,2.542868015117608,3.19348423728271,2.8889106631045705,3.1442646541707435,0.049219583111966614,-0.3460426479869625,2.7478575136942167,1527.0566663003974,2.732096552848816,ok,27.6
nanogpt_s43,op_soma_postns5,tulu3,near,3.16e-05,2.4685913205380077,3.2012630470111647,2.8889106631045705,3.1442646541707435,0.056998392840421186,-0.4203193425665628,4.179910079512579,1527.0566663003974,2.665158271789551,ok,27.6
nanogpt_s43,op_soma_postns5,tulu3,near,5.62e-05,2.3979816399441773,3.211215562316536,2.8889106631045705,3.1442646541707435,0.06695090814579263,-0.4909290231603931,6.619353103827647,1527.0566663003974,2.5979762077331543,ok,27.6
nanogpt_s43,op_soma_postns5,tulu3,near,0.0001,2.338315885360927,3.23304852300894,2.8889106631045705,3.1442646541707435,0.08878386883819633,-0.5505947777436435,10.65632804728904,1527.0566663003974,2.5400304794311523,ok,27.6
nanogpt_s43,op_soma_postns5,tulu3,near,0.000178,2.281588847389893,3.265307585087308,2.8889106631045705,3.1442646541707435,0.12104293091656437,-0.6073218157146774,17.299680236608257,1527.0566663003974,2.4850025177001953,ok,27.6
nanogpt_s43,op_soma_postns5,tulu3,near,0.000316,2.237264047163573,3.296247228484331,2.8889106631045705,3.1442646541707435,0.15198257431358764,-0.6516466159409973,28.24435958894316,1527.0566663003974,2.440078616142273,ok,27.6
nanogpt_s43,op_soma_postns5,tulu3,near,0.000562,2.211946099238386,3.3315854343182885,2.8889106631045705,3.1442646541707435,0.18732078014754494,-0.6769645638661843,46.654989364510634,1527.0566663003974,2.4120818376541138,ok,27.6
nanogpt_s43,op_soma_postns5,tulu3,near,0.001,2.213086264474051,3.4010586300008216,2.8889106631045705,3.1442646541707435,0.2567939758300781,-0.6758243986305192,78.07074832884787,1527.0566663003974,2.4047211408615112,ok,27.6
nanogpt_s43,op_soma_postns5,tulu3,near,0.00178,2.2478106138524243,3.5220304142005756,2.8889106631045705,3.1442646541707435,0.3777657600298321,-0.6411000492521461,130.12928777806246,1527.0566663003974,2.4348684549331665,ok,27.6
nanogpt_s43,op_soma_postns5,tulu3,near,0.00316,2.4102485007269276,3.788123375282362,2.8889106631045705,3.1442646541707435,0.6438587211116187,-0.4786621623776428,217.05734873218873,1527.0566663003974,2.5876375436782837,ok,27.8
nanogpt_s43,op_soma_postns5,tulu3,near,0.00562,4.68524561842827,6.628333664686946,2.8889106631045705,3.1442646541707435,3.4840690105162024,1.7963349553236991,403.8989094226531,1527.0566663003974,4.903735637664795,ok,27.6
nanogpt_s43,op_soma_postns5,tulu3,near,0.01,5.746339488169451,7.462760887967164,2.8889106631045705,3.1442646541707435,4.31849623379642,2.857428825064881,627.5336705126426,1527.0566663003974,5.958616018295288,ok,27.6
