depth,algorithm,variant,label,frobenius_mode,outer,source,geometry,origin,alpha,rho,rho_units,lr,noise_model,noise_scale,loss_type,F_star,step,oracle_calls,alive_fraction,objective_median,objective_q25,objective_q75,objective_mean,gap_median,gap_q25,gap_q75,gap_mean,excess_risk_median,excess_risk_q25,excess_risk_q75,excess_risk_mean,dist_to_opt_median,dist_to_opt_q25,dist_to_opt_q75,dist_to_opt_mean,grad_norm_median,grad_norm_q25,grad_norm_q75,grad_norm_mean,perturbation_frob_median,perturbation_frob_q25,perturbation_frob_q75,perturbation_frob_mean,perturbation_op_median,perturbation_op_q25,perturbation_op_q75,perturbation_op_mean,update_frob_median,update_frob_q25,update_frob_q75,update_frob_mean,sharpness_gap_median,sharpness_gap_q25,sharpness_gap_q75,sharpness_gap_mean,balancedness_median,balancedness_q25,balancedness_q75,balancedness_mean,effective_rank_median,effective_rank_q25,effective_rank_q75,effective_rank_mean,lambda_max_median,lambda_max_q25,lambda_max_q75,lambda_max_mean,train_acc_median,train_acc_q25,train_acc_q75,train_acc_mean,val_acc_median,val_acc_q25,val_acc_q75,val_acc_mean,val_loss_median,val_loss_q25,val_loss_q75,val_loss_mean
2,adam,adam,AdamW,,adam,,,requested,1.1,nan,nominal,0.003,additive,1.0,mse,5.241849452616308e-30,0,0,1.0,1.0418358611002518,1.0418358611002518,1.0418358611002518,1.0418358611002518,1.0418358611002518,1.0418358611002518,1.0418358611002518,1.0418358611002518,1.0142169620491983,1.0142169620491983,1.0142169620491983,1.0142169620491983,8.041259446541174,8.041259446541174,8.041259446541174,8.041259446541174,0.6001744541469579,0.6001744541469579,0.6001744541469579,0.6001744541469579,0.0,0.0,0.0,0.0,0.0,0.0,0.0,0.0,0.0,0.0,0.0,0.0,0.0,0.0,0.0,0.0,6.9224601109148445,6.9224601109148445,6.9224601109148445,6.9224601109148445,23.97018795689393,23.97018795689393,23.97018795689393,23.97018795689393,nan,nan,nan,nan,nan,nan,nan,nan,nan,nan,nan,nan,nan,nan,nan,nan
2,adam,adam,AdamW,,adam,,,requested,1.1,nan,nominal,0.003,additive,1.0,mse,5.241849452616308e-30,10,10,1.0,0.923901060550707,0.9152886757290066,0.9336154447529171,0.9276665832117721,0.923901060550707,0.9152886757290066,0.9336154447529171,0.9276665832117721,0.9063125972733677,0.8981171213724269,0.9144698191605014,0.9094844318773416,7.837269994994834,7.815517129039698,7.862739996231326,7.840119022546277,0.5239170199072571,0.5190259087696314,0.5291005254340393,0.5262191640459231,0.0,0.0,0.0,0.0,0.0,0.0,0.0,0.0,19.209599226867446,18.70674472559236,19.55681545315492,19.299370646894783,0.0,0.0,0.0,0.0,6.946712765550606,6.910188050141658,6.957384902733317,6.941429824805072,24.160717481165264,24.14004536476168,24.20665110956458,24.1723612128806,nan,nan,nan,nan,nan,nan,nan,nan,nan,nan,nan,nan,nan,nan,nan,nan
2,adam,adam,AdamW,,adam,,,requested,1.1,nan,nominal,0.003,additive,1.0,mse,5.241849452616308e-30,20,20,1.0,0.8665551549648967,0.8637789746625609,0.8860714790729842,0.8743236151675817,0.8665551549648967,0.8637789746625609,0.8860714790729842,0.8743236151675817,0.8535894921833322,0.8499258929394,0.8705550450391827,0.859995483678123,7.737964509866018,7.730511309937722,7.768263525909331,7.74698291619553,0.48668892654685225,0.48438350390639423,0.5015400907737644,0.4921664363866443,0.0,0.0,0.0,0.0,0.0,0.0,0.0,0.0,14.181059703764552,13.825719541884242,14.512806518435749,14.259643843165644,0.0,0.0,0.0,0.0,6.983674709713963,6.93518724669133,6.995345979529992,6.96743506985954,24.2356654580296,24.184954290988856,24.312558341174302,24.25104608991012,nan,nan,nan,nan,nan,nan,nan,nan,nan,nan,nan,nan,nan,nan,nan,nan
2,adam,adam,AdamW,,adam,,,requested,1.1,nan,nominal,0.003,additive,1.0,mse,5.241849452616308e-30,30,30,1.0,0.830088010782855,0.8238366052108371,0.8565511477278853,0.8374088824905748,0.830088010782855,0.8238366052108371,0.8565511477278853,0.8374088824905748,0.819688006205495,0.8132509420923013,0.8435084055920803,0.8256354282872909,7.667403863118295,7.661774544453911,7.719828828813943,7.682116592454363,0.46470371991462833,0.4572487496804331,0.4819786569869591,0.4689615990316809,0.0,0.0,0.0,0.0,0.0,0.0,0.0,0.0,11.830228254159273,11.189220037677861,13.659769505328855,12.487864453140586,0.0,0.0,0.0,0.0,7.0032336176319285,6.971320558845817,7.033282095441873,6.997185036390808,24.302200616764786,24.24524169101288,24.365819170799632,24.32151485595026,nan,nan,nan,nan,nan,nan,nan,nan,nan,nan,nan,nan,nan,nan,nan,nan
2,adam,adam,AdamW,,adam,,,requested,1.1,nan,nominal,0.003,additive,1.0,mse,5.241849452616308e-30,40,40,1.0,0.8003102674195044,0.7898188869523022,0.8285648718437709,0.8045457138815144,0.8003102674195044,0.7898188869523022,0.8285648718437709,0.8045457138815144,0.7917680089073904,0.7811706348545023,0.8171377706831511,0.7949918703492562,7.6041436026684215,7.593100626309482,7.676850962366052,7.619240392225753,0.44487718160051826,0.4371566757066263,0.4634160679709563,0.4480697407697972,0.0,0.0,0.0,0.0,0.0,0.0,0.0,0.0,10.896433419031295,10.46504167571397,11.789899995037388,11.434621917152448,0.0,0.0,0.0,0.0,7.03183759581921,6.989270578655628,7.07374261947102,7.028086154281849,24.38510658911492,24.294380222389673,24.453835063284536,24.388222758783368,nan,nan,nan,nan,nan,nan,nan,nan,nan,nan,nan,nan,nan,nan,nan,nan
2,adam,adam,AdamW,,adam,,,requested,1.1,nan,nominal,0.003,additive,1.0,mse,5.241849452616308e-30,50,50,1.0,0.7744207322526243,0.7626043755477039,0.7997524833928413,0.7763864760846472,0.7744207322526243,0.7626043755477039,0.7997524833928413,0.7763864760846472,0.7677119241683403,0.7553977682988006,0.7895053077063252,0.7684271846843379,7.5514064952573605,7.536801175002498,7.629871636484389,7.564696625562725,0.4299332481331742,0.4186869614293595,0.44719462858014497,0.43061832682766565,0.0,0.0,0.0,0.0,0.0,0.0,0.0,0.0,12.629165754702822,9.712050500661704,13.890263251595172,12.129959216304684,0.0,0.0,0.0,0.0,7.060932063917232,7.007738837397216,7.106569009962565,7.054670663587368,24.455832472133544,24.36980032432672,24.517483944541013,24.444295802305124,nan,nan,nan,nan,nan,nan,nan,nan,nan,nan,nan,nan,nan,nan,nan,nan
2,adam,adam,AdamW,,adam,,,requested,1.1,nan,nominal,0.003,additive,1.0,mse,5.241849452616308e-30,60,60,1.0,0.7523038643738474,0.7392509760988547,0.7749010493336448,0.7528570067587599,0.7523038643738474,0.7392509760988547,0.7749010493336448,0.7528570067587599,0.7459568895564734,0.7341360725890724,0.7650801746311672,0.7458558325188496,7.5074608635480775,7.494735393855937,7.586295894917169,7.52264187403863,0.41723115481670126,0.4047251315056808,0.4323459119256952,0.4166064853746728,0.0,0.0,0.0,0.0,0.0,0.0,0.0,0.0,12.106883813468528,10.723777841640597,13.188066976080615,12.164623101723041,0.0,0.0,0.0,0.0,7.083469103322074,7.0349538760077674,7.129816151203987,7.076954548218385,24.508225843431717,24.446549941515887,24.540787388008006,24.48836254633364,nan,nan,nan,nan,nan,nan,nan,nan,nan,nan,nan,nan,nan,nan,nan,nan
2,adam,adam,AdamW,,adam,,,requested,1.1,nan,nominal,0.003,additive,1.0,mse,5.241849452616308e-30,70,70,1.0,0.7334667716744055,0.7194512996286887,0.7523732377401716,0.732311705505876,0.7334667716744055,0.7194512996286887,0.7523732377401716,0.732311705505876,0.7280341935725597,0.7160129390229915,0.7431276714092305,0.7264937252455828,7.470239566373861,7.456040149491975,7.55031843061687,7.483999699117739,0.4065289898599179,0.3933532770250613,0.4183122031342143,0.40453356595201895,0.0,0.0,0.0,0.0,0.0,0.0,0.0,0.0,12.252775188840547,11.177524578414742,13.440922807987056,12.4013200429993,0.0,0.0,0.0,0.0,7.096578904788589,7.057487041723233,7.146255989419715,7.096877611513938,24.53819724795872,24.510911002795055,24.583607230630964,24.51867160957962,nan,nan,nan,nan,nan,nan,nan,nan,nan,nan,nan,nan,nan,nan,nan,nan
2,adam,adam,AdamW,,adam,,,requested,1.1,nan,nominal,0.003,additive,1.0,mse,5.241849452616308e-30,80,80,1.0,0.7169520523602613,0.7033242619682435,0.7339203746943798,0.7148403297466234,0.7169520523602613,0.7033242619682435,0.7339203746943798,0.7148403297466234,0.7124031974592706,0.7005932269208296,0.725616394017954,0.7099092177384392,7.4436303712940575,7.4265363486578195,7.520436126413111,7.453305689075451,0.39717915674566906,0.38429199420503646,0.4077556523374254,0.3946222260084635,0.0,0.0,0.0,0.0,0.0,0.0,0.0,0.0,11.879313833017694,10.868587693276925,12.831725157241573,12.08650746905911,0.0,0.0,0.0,0.0,7.117531822850513,7.077747446154617,7.158366186640309,7.1185253356688225,24.544748614106545,24.487840722841298,24.600127516410062,24.519971575408814,nan,nan,nan,nan,nan,nan,nan,nan,nan,nan,nan,nan,nan,nan,nan,nan
2,adam,adam,AdamW,,adam,,,requested,1.1,nan,nominal,0.003,additive,1.0,mse,5.241849452616308e-30,90,90,1.0,0.7029754698231173,0.6885313447999514,0.7165813044061216,0.6995441391964303,0.7029754698231173,0.6885313447999514,0.7165813044061216,0.6995441391964303,0.6989920906798438,0.6860840652388414,0.7091237202261209,0.6952182905652107,7.4198329160647845,7.399420239919267,7.488073875493693,7.42441189328214,0.39041168922704367,0.376540679702785,0.39827898330380984,0.386624356442044,0.0,0.0,0.0,0.0,0.0,0.0,0.0,0.0,10.83932590234123,10.525263244493523,11.89365293834431,11.597841634952701,0.0,0.0,0.0,0.0,7.145072001928082,7.089887672778623,7.202109813831668,7.148250433154631,24.533323298054803,24.457054898295972,24.605545775612885,24.512668337842364,nan,nan,nan,nan,nan,nan,nan,nan,nan,nan,nan,nan,nan,nan,nan,nan
2,adam,adam,AdamW,,adam,,,requested,1.1,nan,nominal,0.003,additive,1.0,mse,5.241849452616308e-30,100,100,1.0,0.6869203793002583,0.6747130116355583,0.7016776492863459,0.6853144836240526,0.6869203793002583,0.6747130116355583,0.7016776492863459,0.6853144836240526,0.6834936542794201,0.672576824450628,0.6954521407435336,0.6816110268750207,7.39175082299122,7.373366412805422,7.453560410206529,7.395071331927372,0.38130013065245716,0.36899769122965964,0.39077108503795244,0.37917401908277637,0.0,0.0,0.0,0.0,0.0,0.0,0.0,0.0,10.835426750257223,10.173531376656598,11.470053632032755,10.806336665667512,0.0,0.0,0.0,0.0,7.144483425743861,7.100551411488188,7.228074840534432,7.168800042688828,24.54620743625997,24.411900698012673,24.646888253697156,24.52293168140006,nan,nan,nan,nan,nan,nan,nan,nan,nan,nan,nan,nan,nan,nan,nan,nan
2,adam,adam,AdamW,,adam,,,requested,1.1,nan,nominal,0.003,additive,1.0,mse,5.241849452616308e-30,110,110,1.0,0.6715695883574794,0.6660624223307733,0.6861756425003229,0.6724084465040304,0.6715695883574794,0.6660624223307733,0.6861756425003229,0.6724084465040304,0.669773267133489,0.6635558051934345,0.6812863569106556,0.6695780048193746,7.362777343628004,7.343992616157983,7.428912351473941,7.370236632132977,0.3729421071253575,0.36399476641610284,0.38255911856897584,0.3719492479110148,0.0,0.0,0.0,0.0,0.0,0.0,0.0,0.0,10.652581582382236,10.220976886081946,11.169332931034365,11.150710920843764,0.0,0.0,0.0,0.0,7.1370269988392625,7.108911740678213,7.24847451763592,7.184317213562082,24.52767737958893,24.444035278523856,24.666975763035936,24.538207977404852,nan,nan,nan,nan,nan,nan,nan,nan,nan,nan,nan,nan,nan,nan,nan,nan
2,adam,adam,AdamW,,adam,,,requested,1.1,nan,nominal,0.003,additive,1.0,mse,5.241849452616308e-30,120,120,1.0,0.6624946234210652,0.6562094163851526,0.6732103319507836,0.6614063591260968,0.6624946234210652,0.6562094163851526,0.6732103319507836,0.6614063591260968,0.6617515100617051,0.6544522523636187,0.6686973913248734,0.659307251574373,7.337795520770925,7.322348537811267,7.402656613239934,7.349497358574116,0.36787138870602654,0.3612526335785157,0.37489699622679984,0.3666461167170993,0.0,0.0,0.0,0.0,0.0,0.0,0.0,0.0,12.515215393467729,11.559528132905177,14.829017984212612,13.521414032540996,0.0,0.0,0.0,0.0,7.158203907774627,7.121121416068307,7.261074781068423,7.200146942521545,24.545043032625152,24.4454706376593,24.709942286804186,24.564572287898734,nan,nan,nan,nan,nan,nan,nan,nan,nan,nan,nan,nan,nan,nan,nan,nan
2,adam,adam,AdamW,,adam,,,requested,1.1,nan,nominal,0.003,additive,1.0,mse,5.241849452616308e-30,130,130,1.0,0.6519799406428655,0.6465313728787969,0.6623855749278016,0.651596485183316,0.6519799406428655,0.6465313728787969,0.6623855749278016,0.651596485183316,0.6523685191140114,0.6453750716059033,0.6583597466349084,0.6503707770251087,7.321241018936715,7.309768815487285,7.383084439500245,7.334925155024276,0.36262345642068683,0.356879671684762,0.36973116059840805,0.36188838146361735,0.0,0.0,0.0,0.0,0.0,0.0,0.0,0.0,11.643059660815343,11.322822485638573,12.527686206894534,12.180315710209827,0.0,0.0,0.0,0.0,7.199853162651328,7.131747563176723,7.277179789832142,7.219158786306837,24.566113788271654,24.46997773893161,24.713069081751147,24.588131551029257,nan,nan,nan,nan,nan,nan,nan,nan,nan,nan,nan,nan,nan,nan,nan,nan
2,adam,adam,AdamW,,adam,,,requested,1.1,nan,nominal,0.003,additive,1.0,mse,5.241849452616308e-30,140,140,1.0,0.6440356747864042,0.6372914139057342,0.6522725153053403,0.6426233950636284,0.6440356747864042,0.6372914139057342,0.6522725153053403,0.6426233950636284,0.6445359853622301,0.6361579201373612,0.6492250024495593,0.6418434683312233,7.30361472503943,7.292672897055171,7.366769891757539,7.316920074877081,0.3587133764617219,0.35180546306393506,0.36469366769489553,0.3570861305859163,0.0,0.0,0.0,0.0,0.0,0.0,0.0,0.0,11.617664079945065,10.560457275470164,14.841800544714394,12.43181841918222,0.0,0.0,0.0,0.0,7.228515010630995,7.132899019549088,7.292035546386813,7.230864451532717,24.620766673501553,24.45959520583149,24.71569206191,24.604364830187247,nan,nan,nan,nan,nan,nan,nan,nan,nan,nan,nan,nan,nan,nan,nan,nan
2,adam,adam,AdamW,,adam,,,requested,1.1,nan,nominal,0.003,additive,1.0,mse,5.241849452616308e-30,150,150,1.0,0.6366300224544497,0.626889259919671,0.64413650395382,0.634389619501961,0.6366300224544497,0.626889259919671,0.64413650395382,0.634389619501961,0.6371611055742603,0.6269062877435534,0.6412172693746586,0.6337926797554173,7.288681161998751,7.274679649180518,7.353454670734443,7.300056363149214,0.3554629211972353,0.3465797263471213,0.3603764422321557,0.3530633954995346,0.0,0.0,0.0,0.0,0.0,0.0,0.0,0.0,12.481034889376675,11.172869370542717,13.573715326918865,12.186196512214202,0.0,0.0,0.0,0.0,7.244595432648628,7.144208380269857,7.302726266632652,7.24820261837359,24.637875564072917,24.476281503110048,24.725628712704303,24.617969075458863,nan,nan,nan,nan,nan,nan,nan,nan,nan,nan,nan,nan,nan,nan,nan,nan
2,adam,adam,AdamW,,adam,,,requested,1.1,nan,nominal,0.003,additive,1.0,mse,5.241849452616308e-30,160,160,1.0,0.6299610871101353,0.6182016143556625,0.6357939082406568,0.6263215063764174,0.6299610871101353,0.6182016143556625,0.6357939082406568,0.6263215063764174,0.630049957739196,0.6184024641671925,0.6338854542452665,0.6259695179027365,7.278317868738174,7.254072084195549,7.337860879591589,7.284199001808298,0.3518166952031028,0.3417286842849907,0.3561443341344408,0.3490822239214836,0.0,0.0,0.0,0.0,0.0,0.0,0.0,0.0,12.38738632475243,10.939707691626033,14.722263399586424,12.557382500302158,0.0,0.0,0.0,0.0,7.261188789140577,7.170338245096964,7.3228971578894555,7.267495889336459,24.65022071677386,24.501077481867483,24.735307690840898,24.630664877882616,nan,nan,nan,nan,nan,nan,nan,nan,nan,nan,nan,nan,nan,nan,nan,nan
2,adam,adam,AdamW,,adam,,,requested,1.1,nan,nominal,0.003,additive,1.0,mse,5.241849452616308e-30,170,170,1.0,0.6245704392559162,0.612979789358578,0.6291880901688701,0.6197369139592162,0.6245704392559162,0.612979789358578,0.6291880901688701,0.6197369139592162,0.6255321173040881,0.6131778530598258,0.6268469835136051,0.6197213999752433,7.26743515692563,7.24417414850816,7.323126611102794,7.270193589600662,0.3477625692336981,0.33709051221676556,0.353629871617423,0.345927966857171,0.0,0.0,0.0,0.0,0.0,0.0,0.0,0.0,12.754556357667575,10.778810365865086,16.881423389127505,14.359275076996251,0.0,0.0,0.0,0.0,7.28330115606339,7.195286876873883,7.365523674133366,7.293790100306277,24.670213978305725,24.525578024548384,24.790214046951967,24.649040566468102,nan,nan,nan,nan,nan,nan,nan,nan,nan,nan,nan,nan,nan,nan,nan,nan
2,adam,adam,AdamW,,adam,,,requested,1.1,nan,nominal,0.003,additive,1.0,mse,5.241849452616308e-30,180,180,1.0,0.6180689038297116,0.6104813629731356,0.6244957278007732,0.6140235385783577,0.6180689038297116,0.6104813629731356,0.6244957278007732,0.6140235385783577,0.619484966485005,0.6110447573502331,0.622595269249544,0.614482771153136,7.262849614438776,7.244367906787512,7.309285572985068,7.259145672257951,0.345175526055614,0.3364537959571601,0.35075398179674516,0.3436726410413813,0.0,0.0,0.0,0.0,0.0,0.0,0.0,0.0,14.028022465226279,10.876294758793385,15.984581106081764,13.320044041034897,0.0,0.0,0.0,0.0,7.289365737859387,7.208540999764529,7.41513714089583,7.31367678947204,24.69244841866096,24.580945918675813,24.8068370858765,24.661818239192836,nan,nan,nan,nan,nan,nan,nan,nan,nan,nan,nan,nan,nan,nan,nan,nan
2,adam,adam,AdamW,,adam,,,requested,1.1,nan,nominal,0.003,additive,1.0,mse,5.241849452616308e-30,190,190,1.0,0.6137581299891087,0.6039369696527728,0.6212775779611339,0.6084641576698857,0.6137581299891087,0.6039369696527728,0.6212775779611339,0.6084641576698857,0.6153734277674181,0.6057419666367839,0.6190481613763956,0.6093047094937626,7.263384520276024,7.238141482999826,7.301846702485463,7.249510056456025,0.34216731779300513,0.33436189527062943,0.3487809208622665,0.3411136361817027,0.0,0.0,0.0,0.0,0.0,0.0,0.0,0.0,13.093129325512804,9.44258125434984,18.59425688403523,14.208430231435415,0.0,0.0,0.0,0.0,7.288513272560974,7.223480247092545,7.4483492720667925,7.327578326340787,24.679506807172494,24.607893783494532,24.810041965218648,24.66770047703628,nan,nan,nan,nan,nan,nan,nan,nan,nan,nan,nan,nan,nan,nan,nan,nan
2,adam,adam,AdamW,,adam,,,requested,1.1,nan,nominal,0.003,additive,1.0,mse,5.241849452616308e-30,200,200,1.0,0.6105712755011241,0.5975453229255451,0.6177393356418683,0.6036934243066148,0.6105712755011241,0.5975453229255451,0.6177393356418683,0.6036934243066148,0.6122093560900761,0.6000140076267649,0.6160423735982364,0.6048802504039323,7.26267405362222,7.232085313066959,7.292094214156611,7.239512294549189,0.33988660853824587,0.33210344923094154,0.3479185900232047,0.33896941577009854,0.0,0.0,0.0,0.0,0.0,0.0,0.0,0.0,11.088667775916502,9.308191521928176,12.878581589179383,11.697643910774396,0.0,0.0,0.0,0.0,7.296164493808399,7.2385330564611206,7.459460041630068,7.341653376296563,24.69983950898481,24.60143533480877,24.83364248787934,24.682324121181146,nan,nan,nan,nan,nan,nan,nan,nan,nan,nan,nan,nan,nan,nan,nan,nan
2,adam,adam,AdamW,,adam,,,requested,1.1,nan,nominal,0.003,additive,1.0,mse,5.241849452616308e-30,210,210,1.0,0.6069886941723,0.5915367006581476,0.6118951957418333,0.598563478492196,0.6069886941723,0.5915367006581476,0.6118951957418333,0.598563478492196,0.607042796500919,0.5943310061636622,0.6132190149851948,0.6000755205500721,7.256119350712348,7.22271128034484,7.28154872798818,7.228969836616594,0.3381813965008791,0.3295734777658404,0.3453730177170332,0.33671146010633174,0.0,0.0,0.0,0.0,0.0,0.0,0.0,0.0,9.55292868873881,9.203686603757463,10.043604273867125,10.033118914372903,0.0,0.0,0.0,0.0,7.303422943054393,7.232607175705321,7.465756961626091,7.346486862126769,24.73129273793182,24.61389810408673,24.83395605363401,24.69594241645656,nan,nan,nan,nan,nan,nan,nan,nan,nan,nan,nan,nan,nan,nan,nan,nan
2,adam,adam,AdamW,,adam,,,requested,1.1,nan,nominal,0.003,additive,1.0,mse,5.241849452616308e-30,220,220,1.0,0.6019284092581383,0.585923544110407,0.6069335249980212,0.593548356995977,0.6019284092581383,0.585923544110407,0.6069335249980212,0.593548356995977,0.6016293289112167,0.5890314099936993,0.6089774926954225,0.5952277133325823,7.248108054417537,7.213404297439986,7.269238061712136,7.219390008231582,0.335676884015884,0.3266208119320489,0.3425109771215844,0.33431065275169947,0.0,0.0,0.0,0.0,0.0,0.0,0.0,0.0,9.852045589474239,9.149290045273146,11.159498312388168,10.2008083486305,0.0,0.0,0.0,0.0,7.309763622007048,7.23950398286705,7.474661890568891,7.3535569480314,24.729977850728517,24.61398842166485,24.833936217802894,24.698896105880905,nan,nan,nan,nan,nan,nan,nan,nan,nan,nan,nan,nan,nan,nan,nan,nan
2,adam,adam,AdamW,,adam,,,requested,1.1,nan,nominal,0.003,additive,1.0,mse,5.241849452616308e-30,230,230,1.0,0.5975503451249744,0.5817762304919505,0.6027016820219817,0.5894206162574412,0.5975503451249744,0.5817762304919505,0.6027016820219817,0.5894206162574412,0.5976572298549002,0.5849941686224455,0.6046329847054086,0.5912374790894708,7.24145018366373,7.203034478104725,7.25990038368253,7.210217234631658,0.33365460396043134,0.3252736986033624,0.34052560872187154,0.33266457853809017,0.0,0.0,0.0,0.0,0.0,0.0,0.0,0.0,11.262839078302513,9.420961468229589,14.122957642573969,11.525229807155146,0.0,0.0,0.0,0.0,7.319420649288573,7.244327230362944,7.480281825026342,7.3581413698698315,24.74602857529736,24.604661477290087,24.8405254986221,24.707387280756798,nan,nan,nan,nan,nan,nan,nan,nan,nan,nan,nan,nan,nan,nan,nan,nan
2,adam,adam,AdamW,,adam,,,requested,1.1,nan,nominal,0.003,additive,1.0,mse,5.241849452616308e-30,240,240,1.0,0.5944358624183708,0.5784258650322148,0.5988967144804231,0.5859494460387925,0.5944358624183708,0.5784258650322148,0.5988967144804231,0.5859494460387925,0.5947021984035845,0.5817037436212583,0.600727880779582,0.587846218887643,7.233556416327874,7.19491129838456,7.253605508042705,7.20236362686801,0.33203160445860574,0.324086331785857,0.3388102278866766,0.33133340310891146,0.0,0.0,0.0,0.0,0.0,0.0,0.0,0.0,9.046301333063475,8.006540425539374,10.99414004804504,9.388291479565197,0.0,0.0,0.0,0.0,7.329335784683212,7.253757652850929,7.490087609154235,7.366688270222147,24.77766372642988,24.591829440745474,24.84674997830922,24.71761786781153,nan,nan,nan,nan,nan,nan,nan,nan,nan,nan,nan,nan,nan,nan,nan,nan
2,adam,adam,AdamW,,adam,,,requested,1.1,nan,nominal,0.003,additive,1.0,mse,5.241849452616308e-30,250,250,1.0,0.5914028893360781,0.5746636673989746,0.5953097477651409,0.5822956166164059,0.5914028893360781,0.5746636673989746,0.5953097477651409,0.5822956166164059,0.591711507023899,0.5780437999234213,0.5970245056671125,0.5842611632118611,7.225736030750072,7.188178251777574,7.245607371503726,7.193979256406932,0.33023074099178895,0.32289138589105626,0.33701141756437736,0.329674559403948,0.0,0.0,0.0,0.0,0.0,0.0,0.0,0.0,12.099585321011663,9.667223087578353,14.818117754204215,12.561467324084976,0.0,0.0,0.0,0.0,7.3422836583469575,7.263194692602358,7.487697148341535,7.373542780676088,24.786477110353346,24.616883435094408,24.864866895151764,24.73014229365909,nan,nan,nan,nan,nan,nan,nan,nan,nan,nan,nan,nan,nan,nan,nan,nan
2,adam,adam,AdamW,,adam,,,requested,1.1,nan,nominal,0.003,additive,1.0,mse,5.241849452616308e-30,260,260,1.0,0.5880780164192909,0.5719961229666299,0.5921120593353746,0.5792877219691289,0.5880780164192909,0.5719961229666299,0.5921120593353746,0.5792877219691289,0.5886518300422671,0.5754879142718972,0.5937201674745749,0.5813482025636917,7.21749218614908,7.181478087132363,7.23746239904685,7.186505149784121,0.3284273882678339,0.3221336749518167,0.33607984054453915,0.3282592570556051,0.0,0.0,0.0,0.0,0.0,0.0,0.0,0.0,9.55708830363617,9.33770124492587,12.524911511931887,11.932560643577471,0.0,0.0,0.0,0.0,7.345483031584326,7.281747495416075,7.49506217654013,7.38127359035018,24.79046966734759,24.621619125736967,24.87353538904444,24.73789932373118,nan,nan,nan,nan,nan,nan,nan,nan,nan,nan,nan,nan,nan,nan,nan,nan
2,adam,adam,AdamW,,adam,,,requested,1.1,nan,nominal,0.003,additive,1.0,mse,5.241849452616308e-30,270,270,1.0,0.5853357532019183,0.5691583524492311,0.5905494143964178,0.5769718259653132,0.5853357532019183,0.5691583524492311,0.5905494143964178,0.5769718259653132,0.5859189862075501,0.5725613248288288,0.592152910564153,0.5790034198954683,7.209118381341818,7.179368725932605,7.234812820174447,7.181246348313318,0.32778562411084566,0.3210758602826713,0.33520767611071184,0.3272576900856567,0.0,0.0,0.0,0.0,0.0,0.0,0.0,0.0,9.403595578844522,7.9658657726536575,11.477563895467632,10.092553766176678,0.0,0.0,0.0,0.0,7.358070370140805,7.293314222556994,7.503841594638683,7.393374259971423,24.789816372734478,24.643977374045026,24.863501517287233,24.74045007812017,nan,nan,nan,nan,nan,nan,nan,nan,nan,nan,nan,nan,nan,nan,nan,nan
2,adam,adam,AdamW,,adam,,,requested,1.1,nan,nominal,0.003,additive,1.0,mse,5.241849452616308e-30,280,280,1.0,0.582509908951166,0.5662918172676636,0.588594481029176,0.5744269419259137,0.582509908951166,0.5662918172676636,0.588594481029176,0.5744269419259137,0.5831866029634041,0.5696940340315894,0.5904205436334166,0.5765339441636304,7.203257294820542,7.180449502300018,7.231867627565145,7.17653516757418,0.32711122583969676,0.32046189246662593,0.33399170089791247,0.3260069439486757,0.0,0.0,0.0,0.0,0.0,0.0,0.0,0.0,10.84106705986672,10.030563856974634,12.149862818974155,10.690819429679966,0.0,0.0,0.0,0.0,7.375421806883908,7.3003032136675055,7.510608864404941,7.406260268726085,24.800706876791118,24.662298491842257,24.866541304336444,24.746455127807003,nan,nan,nan,nan,nan,nan,nan,nan,nan,nan,nan,nan,nan,nan,nan,nan
2,adam,adam,AdamW,,adam,,,requested,1.1,nan,nominal,0.003,additive,1.0,mse,5.241849452616308e-30,290,290,1.0,0.5802965485077201,0.5632878693824485,0.5859175752549182,0.5717804929123,0.5802965485077201,0.5632878693824485,0.5859175752549182,0.5717804929123,0.5811201301699199,0.5668339856342097,0.5879654756212258,0.5740071675461986,7.198959420611301,7.183398361207014,7.223668694715483,7.172524702887496,0.32625586539145274,0.31942589078769174,0.333005747803239,0.32500004151854445,0.0,0.0,0.0,0.0,0.0,0.0,0.0,0.0,10.712686036809373,9.898665719068257,16.28073352368453,13.073835237275672,0.0,0.0,0.0,0.0,7.391303349639923,7.301897583403333,7.510013111872199,7.414320037756386,24.78649539981162,24.670622466192892,24.882084094452818,24.748911865304926,nan,nan,nan,nan,nan,nan,nan,nan,nan,nan,nan,nan,nan,nan,nan,nan
2,adam,adam,AdamW,,adam,,,requested,1.1,nan,nominal,0.003,additive,1.0,mse,5.241849452616308e-30,300,300,1.0,0.5778961712594453,0.5602534514821629,0.583361320820264,0.5693650075102465,0.5778961712594453,0.5602534514821629,0.583361320820264,0.5693650075102465,0.5787435457932231,0.5640808639353461,0.5854293109963056,0.5716921687053269,7.1932143409272875,7.186807127844934,7.214937715751129,7.169155867987525,0.3255372895805399,0.3179130316278469,0.331853755515156,0.32386879219490067,0.0,0.0,0.0,0.0,0.0,0.0,0.0,0.0,10.69156742492218,9.661749890522158,12.289327071289321,11.083119742163687,0.0,0.0,0.0,0.0,7.408533088626124,7.311775335143087,7.52481975626986,7.427085129970818,24.779661271068935,24.678199547137897,24.90118619451276,24.75307968324982,nan,nan,nan,nan,nan,nan,nan,nan,nan,nan,nan,nan,nan,nan,nan,nan
2,adam,adam,AdamW,,adam,,,requested,1.1,nan,nominal,0.003,additive,1.0,mse,5.241849452616308e-30,310,310,1.0,0.5752000279512197,0.5575207720701992,0.5814144447799424,0.5669810465394236,0.5752000279512197,0.5575207720701992,0.5814144447799424,0.5669810465394236,0.5759469839925639,0.5611319226240897,0.5837012115547952,0.5692471355440492,7.188912517428703,7.182584460403574,7.207353943579487,7.164502863626707,0.3247547166462739,0.31656744003202597,0.3311171275041285,0.32269395662293177,0.0,0.0,0.0,0.0,0.0,0.0,0.0,0.0,11.7873882004429,9.323984079178523,13.937651561789192,13.411736491615448,0.0,0.0,0.0,0.0,7.417453281443962,7.313646010964762,7.531463079525061,7.435504348179811,24.775386293183885,24.677610960972807,24.905754738768508,24.752417616044198,nan,nan,nan,nan,nan,nan,nan,nan,nan,nan,nan,nan,nan,nan,nan,nan
2,adam,adam,AdamW,,adam,,,requested,1.1,nan,nominal,0.003,additive,1.0,mse,5.241849452616308e-30,320,320,1.0,0.5725616533705065,0.5558771850537065,0.5800195638159645,0.5648365432641866,0.5725616533705065,0.5558771850537065,0.5800195638159645,0.5648365432641866,0.5733340991076465,0.5590691303953694,0.582289802984715,0.5670080087595544,7.183059884323741,7.177878874945424,7.2047680605977105,7.159795213946397,0.3235478818599429,0.3160059612346699,0.3300549594181159,0.32163593997722995,0.0,0.0,0.0,0.0,0.0,0.0,0.0,0.0,10.435887547673712,8.677608143096032,12.990484743608484,11.960701779465918,0.0,0.0,0.0,0.0,7.4184657862449015,7.3161919550839905,7.532428979942306,7.438404577125987,24.777529969975454,24.674871706932038,24.900948142804477,24.751332874747803,nan,nan,nan,nan,nan,nan,nan,nan,nan,nan,nan,nan,nan,nan,nan,nan
2,adam,adam,AdamW,,adam,,,requested,1.1,nan,nominal,0.003,additive,1.0,mse,5.241849452616308e-30,330,330,1.0,0.5700979408992354,0.5548883085106668,0.578510245317646,0.5628809298832501,0.5700979408992354,0.5548883085106668,0.578510245317646,0.5628809298832501,0.570850371096112,0.5580205084673588,0.5808445937952855,0.5650569042033393,7.178329363007233,7.174250243387997,7.203163278083586,7.155632196818397,0.3224699273981001,0.31532625019703786,0.3290175474092774,0.3207178253049307,0.0,0.0,0.0,0.0,0.0,0.0,0.0,0.0,10.581714156040523,9.209433420996598,11.814694260529077,13.501922441238248,0.0,0.0,0.0,0.0,7.40962699176284,7.323458997007476,7.531335677242206,7.438199595025093,24.778047740836154,24.669346724969397,24.90241819133517,24.750173367453186,nan,nan,nan,nan,nan,nan,nan,nan,nan,nan,nan,nan,nan,nan,nan,nan
2,adam,adam,AdamW,,adam,,,requested,1.1,nan,nominal,0.003,additive,1.0,mse,5.241849452616308e-30,340,340,1.0,0.5685651381020153,0.5536516180325705,0.5765823320068304,0.5613315737905391,0.5685651381020153,0.5536516180325705,0.5765823320068304,0.5613315737905391,0.5693607620772259,0.5567804391400039,0.5789436209371674,0.5635538820790151,7.179136777897764,7.167528408377031,7.200316862155125,7.1523882913418175,0.32155064441302283,0.3142878058779016,0.3281487876451767,0.3198652732559184,0.0,0.0,0.0,0.0,0.0,0.0,0.0,0.0,10.395960993300694,9.938198810523414,12.076709981418906,10.971133462150753,0.0,0.0,0.0,0.0,7.407758787789966,7.320128721064075,7.531078157071153,7.438402237516836,24.77338529196241,24.6685885605125,24.89679110280248,24.74845831787716,nan,nan,nan,nan,nan,nan,nan,nan,nan,nan,nan,nan,nan,nan,nan,nan
2,adam,adam,AdamW,,adam,,,requested,1.1,nan,nominal,0.003,additive,1.0,mse,5.241849452616308e-30,350,350,1.0,0.567398788640266,0.5523332519948614,0.5749323760864546,0.5599756142867298,0.567398788640266,0.5523332519948614,0.5749323760864546,0.5599756142867298,0.56821214038642,0.5555716376068589,0.5773809873087122,0.5622906334509953,7.1772300797625075,7.162532724343713,7.198525227222784,7.149369378088185,0.3205835706921677,0.3134949766705668,0.3275765223846645,0.31905117289948937,0.0,0.0,0.0,0.0,0.0,0.0,0.0,0.0,10.916415018049564,8.76003311764867,13.23118775665334,11.850405668155343,0.0,0.0,0.0,0.0,7.4091475814391865,7.317264586462665,7.5312762344692565,7.438684716686259,24.78420066522302,24.65920319470243,24.897101980937595,24.7515212887063,nan,nan,nan,nan,nan,nan,nan,nan,nan,nan,nan,nan,nan,nan,nan,nan
2,adam,adam,AdamW,,adam,,,requested,1.1,nan,nominal,0.003,additive,1.0,mse,5.241849452616308e-30,360,360,1.0,0.5658634245494352,0.5511571622059706,0.5737853831903368,0.5587138615314039,0.5658634245494352,0.5511571622059706,0.5737853831903368,0.5587138615314039,0.5666302394154797,0.5544122701579837,0.5762175423156521,0.5610364819071261,7.173550121224362,7.1591244055179555,7.195291419292662,7.146326236118485,0.31962181730109673,0.3129319669451363,0.3267816331488448,0.31836913354339214,0.0,0.0,0.0,0.0,0.0,0.0,0.0,0.0,11.761272485097294,10.168129654190992,13.704460205529067,13.12685919264326,0.0,0.0,0.0,0.0,7.408510548304244,7.317710416712109,7.53133724027574,7.438756734415799,24.791005710870746,24.660776130767108,24.89762845905291,24.75574041668732,nan,nan,nan,nan,nan,nan,nan,nan,nan,nan,nan,nan,nan,nan,nan,nan
2,adam,adam,AdamW,,adam,,,requested,1.1,nan,nominal,0.003,additive,1.0,mse,5.241849452616308e-30,370,370,1.0,0.5644568837521923,0.5501150850809432,0.5726556923271156,0.5574823484691845,0.5644568837521923,0.5501150850809432,0.5726556923271156,0.5574823484691845,0.5652672573134293,0.5534636736396966,0.5750444940257349,0.5598132646215945,7.17029711058292,7.1573527485230635,7.192709137393884,7.143634044893266,0.3187664558735357,0.3123544340161334,0.3256855549880662,0.3176071245419342,0.0,0.0,0.0,0.0,0.0,0.0,0.0,0.0,10.601819512281146,8.63031743164651,14.611189290944903,12.026548508334564,0.0,0.0,0.0,0.0,7.411457544262791,7.320304816855777,7.532774064468661,7.440425737301,24.796526684668578,24.666318744343833,24.90195906181303,24.758790965829757,nan,nan,nan,nan,nan,nan,nan,nan,nan,nan,nan,nan,nan,nan,nan,nan
2,adam,adam,AdamW,,adam,,,requested,1.1,nan,nominal,0.003,additive,1.0,mse,5.241849452616308e-30,380,380,1.0,0.5632949630888271,0.5488218625966553,0.5717269124037134,0.5563255038286219,0.5632949630888271,0.5488218625966553,0.5717269124037134,0.5563255038286219,0.5641083875188873,0.5521962969967087,0.5740771721995426,0.5586347434697013,7.167511356170165,7.15542173997102,7.187898373106147,7.140612911484722,0.31787559095618,0.31160059748933316,0.3251199334005533,0.31690545663293807,0.0,0.0,0.0,0.0,0.0,0.0,0.0,0.0,11.124814738489095,8.875478603831434,16.639285848373238,14.932670177595028,0.0,0.0,0.0,0.0,7.415673963445028,7.32488356651024,7.533311164341837,7.443080090360545,24.801222705152597,24.670053824054193,24.90670124239264,24.762057468179258,nan,nan,nan,nan,nan,nan,nan,nan,nan,nan,nan,nan,nan,nan,nan,nan
2,adam,adam,AdamW,,adam,,,requested,1.1,nan,nominal,0.003,additive,1.0,mse,5.241849452616308e-30,390,390,1.0,0.5623413094063157,0.5477595388907703,0.5708626474461598,0.5553558034156036,0.5623413094063157,0.5477595388907703,0.5708626474461598,0.5553558034156036,0.56313097745696,0.5510957891408748,0.5732114438065727,0.5576544738619953,7.165882274444339,7.153864547327043,7.183175232239849,7.138078476173492,0.3174452230609973,0.31097068995903787,0.3245893649870108,0.31639267109384434,0.0,0.0,0.0,0.0,0.0,0.0,0.0,0.0,11.044432228575062,10.323516407104972,12.40155189883052,11.814616442486523,0.0,0.0,0.0,0.0,7.420213870798353,7.325034893337859,7.53314590215138,7.44424759188947,24.80146532377036,24.667264395542528,24.907695159029483,24.762725206624967,nan,nan,nan,nan,nan,nan,nan,nan,nan,nan,nan,nan,nan,nan,nan,nan
2,adam,adam,AdamW,,adam,,,requested,1.1,nan,nominal,0.003,additive,1.0,mse,5.241849452616308e-30,400,400,1.0,0.5616727882749155,0.5471584214009049,0.5700507957746186,0.554583844648748,0.5616727882749155,0.5471584214009049,0.5700507957746186,0.554583844648748,0.5625140495650733,0.5504762456184586,0.5724260713632198,0.5569061841110433,7.165144290106442,7.152437710387418,7.180532001620476,7.13631017471653,0.3169938833346714,0.31061723850023293,0.32409823233280005,0.3159494146438562,0.0,0.0,0.0,0.0,0.0,0.0,0.0,0.0,10.49108280518065,9.862426121394682,11.321305263655685,10.37900046957437,0.0,0.0,0.0,0.0,7.422096702250995,7.324911762356477,7.53419243135688,7.4443481866643,24.798853785200492,24.66567964335983,24.902700054489223,24.76230375966377,nan,nan,nan,nan,nan,nan,nan,nan,nan,nan,nan,nan,nan,nan,nan,nan
2,adam,adam,AdamW,,adam,,,requested,1.1,nan,nominal,0.003,additive,1.0,mse,5.241849452616308e-30,410,410,1.0,0.5610745326492588,0.5467185864494439,0.5694065861518656,0.553935287420743,0.5610745326492588,0.5467185864494439,0.5694065861518656,0.553935287420743,0.5619517691858751,0.5500634390480463,0.5718383333064903,0.5563019528547215,7.1641813270032895,7.151186434145542,7.179016505732204,7.134640024355829,0.3165374756654541,0.31044632114212,0.323747338352759,0.31560644286247236,0.0,0.0,0.0,0.0,0.0,0.0,0.0,0.0,10.384209077430476,8.620939790832361,12.018716910184372,10.664201642210106,0.0,0.0,0.0,0.0,7.42306502244058,7.323993551252205,7.534808058162998,7.444015357498964,24.797200044084157,24.669075184094044,24.900722119135178,24.76296860227727,nan,nan,nan,nan,nan,nan,nan,nan,nan,nan,nan,nan,nan,nan,nan,nan
2,adam,adam,AdamW,,adam,,,requested,1.1,nan,nominal,0.003,additive,1.0,mse,5.241849452616308e-30,420,420,1.0,0.5605601446231662,0.5463800237216725,0.5689479874132227,0.553432244713814,0.5605601446231662,0.5463800237216725,0.5689479874132227,0.553432244713814,0.5614679826391293,0.549763519642328,0.5714334651288793,0.5558521654949996,7.162887593984523,7.150848517405802,7.177672478833666,7.133188848948782,0.31635106877564734,0.3102707095244502,0.32350746621619486,0.3153632831113004,0.0,0.0,0.0,0.0,0.0,0.0,0.0,0.0,8.82705688160679,7.862667507252289,13.652278971082653,11.433801289151209,0.0,0.0,0.0,0.0,7.423475745417203,7.324270276426047,7.535913628347545,7.443976887343937,24.7949491833686,24.66896459784823,24.898684441008857,24.761778770383174,nan,nan,nan,nan,nan,nan,nan,nan,nan,nan,nan,nan,nan,nan,nan,nan
2,adam,adam,AdamW,,adam,,,requested,1.1,nan,nominal,0.003,additive,1.0,mse,5.241849452616308e-30,430,430,1.0,0.5602972236867005,0.5460616639136016,0.5685090334875398,0.5530584226092088,0.5602972236867005,0.5460616639136016,0.5685090334875398,0.5530584226092088,0.5612136218112831,0.5494832546867778,0.5710229059171763,0.5555126869767093,7.162279600892892,7.150050663298009,7.177156038501674,7.132212745120164,0.3162142773060671,0.31009019121358694,0.32335153346633916,0.3151882709629071,0.0,0.0,0.0,0.0,0.0,0.0,0.0,0.0,10.614596570166135,8.881126368630433,11.77405416078972,10.59721438726791,0.0,0.0,0.0,0.0,7.423621016660765,7.325043477093676,7.537808470448481,7.444453703462681,24.793725906409758,24.6705689725448,24.897925650308554,24.761572773530034,nan,nan,nan,nan,nan,nan,nan,nan,nan,nan,nan,nan,nan,nan,nan,nan
2,adam,adam,AdamW,,adam,,,requested,1.1,nan,nominal,0.003,additive,1.0,mse,5.241849452616308e-30,440,440,1.0,0.5600828771113597,0.5457823951552375,0.568164455094036,0.5527673149651978,0.5600828771113597,0.5457823951552375,0.568164455094036,0.5527673149651978,0.5610123463616756,0.5492139519798076,0.5707053599863569,0.5552451983678169,7.1619429918189175,7.14963945923692,7.176396076361824,7.13148627060966,0.316063294816205,0.30989504728310163,0.32321060373185695,0.3150258889657439,0.0,0.0,0.0,0.0,0.0,0.0,0.0,0.0,9.554063996382446,8.203586567750227,10.962388368005989,9.71083892194886,0.0,0.0,0.0,0.0,7.423625017313896,7.325057650607977,7.539146472635461,7.444413154737992,24.793039238481455,24.672091536773205,24.89658847060795,24.76133046994024,nan,nan,nan,nan,nan,nan,nan,nan,nan,nan,nan,nan,nan,nan,nan,nan
2,adam,adam,AdamW,,adam,,,requested,1.1,nan,nominal,0.003,additive,1.0,mse,5.241849452616308e-30,450,450,1.0,0.5598704186121046,0.5455512675168057,0.5679031906454108,0.5525255502866375,0.5598704186121046,0.5455512675168057,0.5679031906454108,0.5525255502866375,0.5608215143383382,0.5489970256567651,0.5704481335531401,0.5550200213257288,7.161592229918488,7.149362327758416,7.175563477770178,7.130789842672268,0.31596339855341626,0.3097414962890893,0.3230643037305156,0.3148853802386028,0.0,0.0,0.0,0.0,0.0,0.0,0.0,0.0,8.762648625130229,8.160681678490732,11.212416019231545,9.647931179820391,0.0,0.0,0.0,0.0,7.423512915062918,7.325106481266415,7.53961355050938,7.444341708824539,24.791938545935047,24.674480456900937,24.895949282143107,24.761326499035587,nan,nan,nan,nan,nan,nan,nan,nan,nan,nan,nan,nan,nan,nan,nan,nan
2,adam,adam,AdamW,,adam,,,requested,1.1,nan,nominal,0.003,additive,1.0,mse,5.241849452616308e-30,460,460,1.0,0.5596843866547304,0.545403509162704,0.5677247779925063,0.5523468795871278,0.5596843866547304,0.545403509162704,0.5677247779925063,0.5523468795871278,0.5606439971447882,0.5488569694460244,0.5702774561863496,0.5548505771890524,7.161318949731714,7.148986735473125,7.175077926990854,7.130333794124814,0.3158460359678239,0.30968316547876806,0.3229458074089967,0.31479120335080224,0.0,0.0,0.0,0.0,0.0,0.0,0.0,0.0,9.615656329912078,8.209952685029984,10.44250848165322,9.831426312705428,0.0,0.0,0.0,0.0,7.423378762157233,7.325301495033685,7.539646597413698,7.444479763433266,24.791871030514127,24.67597962919789,24.89568443728027,24.761468491550666,nan,nan,nan,nan,nan,nan,nan,nan,nan,nan,nan,nan,nan,nan,nan,nan
2,adam,adam,AdamW,,adam,,,requested,1.1,nan,nominal,0.003,additive,1.0,mse,5.241849452616308e-30,470,470,1.0,0.5595369881031227,0.5452868662040626,0.5675776642849666,0.5522148962696343,0.5595369881031227,0.5452868662040626,0.5675776642849666,0.5522148962696343,0.5604981218698105,0.5487399505695986,0.5701307142188806,0.554720949137656,7.161032911573164,7.14860734889156,7.174670710839975,7.130001233061225,0.31576210754257833,0.3096308223880343,0.32283071743763075,0.3147208990236349,0.0,0.0,0.0,0.0,0.0,0.0,0.0,0.0,9.030272929925282,8.163300426660825,10.205519207213833,9.892305705270152,0.0,0.0,0.0,0.0,7.423862103883771,7.325412891563191,7.539982804850687,7.444751218835654,24.791584373052387,24.6764817294571,24.895780100584872,24.761748405279373,nan,nan,nan,nan,nan,nan,nan,nan,nan,nan,nan,nan,nan,nan,nan,nan
2,adam,adam,AdamW,,adam,,,requested,1.1,nan,nominal,0.003,additive,1.0,mse,5.241849452616308e-30,480,480,1.0,0.5594350980822158,0.5451996678944073,0.5674788503783172,0.552119919047215,0.5594350980822158,0.5451996678944073,0.5674788503783172,0.552119919047215,0.5604042718789037,0.5486585138051403,0.5700327350256157,0.5546300269974083,7.160785264490293,7.14841349410255,7.1743822680941705,7.129743001755642,0.315708616511216,0.3095850074415236,0.322764194318732,0.314670794934361,0.0,0.0,0.0,0.0,0.0,0.0,0.0,0.0,8.865106894833854,8.244276031188521,13.04551519995852,12.000194350890862,0.0,0.0,0.0,0.0,7.423911788720023,7.325569222840962,7.540269792520545,7.444927896294817,24.791403562584755,24.676642197918348,24.89623292642814,24.761882305617753,nan,nan,nan,nan,nan,nan,nan,nan,nan,nan,nan,nan,nan,nan,nan,nan
2,adam,adam,AdamW,,adam,,,requested,1.1,nan,nominal,0.003,additive,1.0,mse,5.241849452616308e-30,490,490,1.0,0.5593479488035107,0.5451375598902548,0.5674044875212365,0.5520359414391733,0.5593479488035107,0.5451375598902548,0.5674044875212365,0.5520359414391733,0.5603252097003335,0.5486023341945921,0.569964977057667,0.5545520143967815,7.160567887634568,7.148247554389582,7.174181897621478,7.129512884116268,0.3156651849209232,0.30955429639531273,0.32270082693300034,0.31462685180343763,0.0,0.0,0.0,0.0,0.0,0.0,0.0,0.0,10.81629655808545,8.767419230329839,12.746237330991818,12.245873020750276,0.0,0.0,0.0,0.0,7.423837798207756,7.3257151225303,7.540683713423684,7.445049020265811,24.79142494205711,24.677049367500967,24.89687800075732,24.76218505951749,nan,nan,nan,nan,nan,nan,nan,nan,nan,nan,nan,nan,nan,nan,nan,nan
2,adam,adam,AdamW,,adam,,,requested,1.1,nan,nominal,0.003,additive,1.0,mse,5.241849452616308e-30,500,500,1.0,0.5592693980663044,0.5450854145438431,0.5673170767032426,0.5519554063235381,0.5592693980663044,0.5450854145438431,0.5673170767032426,0.5519554063235381,0.5602507447028532,0.5485525315452879,0.569876278193668,0.5544748917598781,7.160367930640028,7.148076811716762,7.173990817211658,7.1292833242376155,0.3156247097182206,0.30952428672010845,0.32264251566494434,0.31458357024239547,0.0,0.0,0.0,0.0,0.0,0.0,0.0,0.0,11.7612999963556,10.373092441429913,12.269871280683152,10.744300626172322,0.0,0.0,0.0,0.0,7.423820282884881,7.3257830401260025,7.541143253118513,7.445127695033591,24.791155298639726,24.677029843022734,24.8973276879598,24.762227893173076,nan,nan,nan,nan,nan,nan,nan,nan,nan,nan,nan,nan,nan,nan,nan,nan
2,adam,adam,AdamW,,adam,,,requested,1.3,nan,nominal,0.003,additive,1.0,mse,5.241849452616308e-30,0,0,1.0,1.0418358611002518,1.0418358611002518,1.0418358611002518,1.0418358611002518,1.0418358611002518,1.0418358611002518,1.0418358611002518,1.0418358611002518,1.0142169620491983,1.0142169620491983,1.0142169620491983,1.0142169620491983,8.041259446541174,8.041259446541174,8.041259446541174,8.041259446541174,0.6001744541469579,0.6001744541469579,0.6001744541469579,0.6001744541469579,0.0,0.0,0.0,0.0,0.0,0.0,0.0,0.0,0.0,0.0,0.0,0.0,0.0,0.0,0.0,0.0,6.9224601109148445,6.9224601109148445,6.9224601109148445,6.9224601109148445,23.97018795689393,23.97018795689393,23.97018795689393,23.97018795689393,nan,nan,nan,nan,nan,nan,nan,nan,nan,nan,nan,nan,nan,nan,nan,nan
2,adam,adam,AdamW,,adam,,,requested,1.3,nan,nominal,0.003,additive,1.0,mse,5.241849452616308e-30,10,10,1.0,0.8489578622104138,0.8464835842892571,0.8677256064951115,0.8544340369695032,0.8489578622104138,0.8464835842892571,0.8677256064951115,0.8544340369695032,0.835221181926662,0.8320454315342678,0.852590980823611,0.8399197326004557,7.685453575287041,7.672394412066394,7.712221513635658,7.693955220864993,0.4726688241132656,0.470288739800361,0.48716066789059803,0.4772462702390852,0.0,0.0,0.0,0.0,0.0,0.0,0.0,0.0,20.675600429503202,20.13516513754412,20.8673931051544,20.45464841767162,0.0,0.0,0.0,0.0,6.947687931095798,6.909951392791692,6.961913924010847,6.940144489161464,24.28254218787231,24.254600268670757,24.30946282929105,24.29581031646617,nan,nan,nan,nan,nan,nan,nan,nan,nan,nan,nan,nan,nan,nan,nan,nan
2,adam,adam,AdamW,,adam,,,requested,1.3,nan,nominal,0.003,additive,1.0,mse,5.241849452616308e-30,20,20,1.0,0.7381232181858146,0.7358574975585639,0.7564118503486656,0.7443991870307733,0.7381232181858146,0.7358574975585639,0.7564118503486656,0.7443991870307733,0.7318010917842448,0.7296831945559406,0.7471376090653212,0.7368658557073213,7.46036940125256,7.450234578911816,7.5002283864863655,7.472244736746233,0.4008173017218165,0.39903667002226895,0.4189148410375555,0.40718762333200953,0.0,0.0,0.0,0.0,0.0,0.0,0.0,0.0,16.035471017079363,15.684843871039444,16.573933142956125,16.089942665175407,0.0,0.0,0.0,0.0,6.986159764918052,6.930395818302959,6.9932482455355185,6.962650784925278,24.493986760013584,24.44019604448433,24.512616663889666,24.48363485888843,nan,nan,nan,nan,nan,nan,nan,nan,nan,nan,nan,nan,nan,nan,nan,nan
2,adam,adam,AdamW,,adam,,,requested,1.3,nan,nominal,0.003,additive,1.0,mse,5.241849452616308e-30,30,30,1.0,0.6659721514219898,0.6619320597932782,0.6742686023894976,0.6680649303021939,0.6659721514219898,0.6619320597932782,0.6742686023894976,0.6680649303021939,0.662498674871436,0.6600853228490882,0.6697101913767909,0.664640257670854,7.301154944611422,7.288215981623647,7.328832117309275,7.308123595439078,0.3576055062340814,0.35533895399655774,0.37065833605615583,0.3614199519070995,0.0,0.0,0.0,0.0,0.0,0.0,0.0,0.0,14.57677772890123,14.406999579669051,14.794264305807136,14.614486113287963,0.0,0.0,0.0,0.0,7.011758688691076,6.953859259213853,7.021897385105891,6.985449402282812,24.61473963044014,24.52520752816782,24.62311802562705,24.583192549733138,nan,nan,nan,nan,nan,nan,nan,nan,nan,nan,nan,nan,nan,nan,nan,nan
2,adam,adam,AdamW,,adam,,,requested,1.3,nan,nominal,0.003,additive,1.0,mse,5.241849452616308e-30,40,40,1.0,0.6121048501720775,0.6061521410475756,0.6206761415923526,0.6115004128606445,0.6121048501720775,0.6061521410475756,0.6206761415923526,0.6115004128606445,0.6118422428309929,0.6060593773064699,0.6187164387175639,0.6108911242193251,7.18099020455039,7.1639691813309,7.192733375279309,7.180313747498831,0.32941639110142107,0.3242451334730988,0.3381939784476492,0.3296779847754405,0.0,0.0,0.0,0.0,0.0,0.0,0.0,0.0,13.717919914292686,13.140797111471585,14.700271234003367,13.799580115497534,0.0,0.0,0.0,0.0,7.027961264368724,7.003348787768537,7.035270454992394,7.002501693520535,24.685535803659672,24.572946054752943,24.73600128767852,24.65863389412325,nan,nan,nan,nan,nan,nan,nan,nan,nan,nan,nan,nan,nan,nan,nan,nan
2,adam,adam,AdamW,,adam,,,requested,1.3,nan,nominal,0.003,additive,1.0,mse,5.241849452616308e-30,50,50,1.0,0.5694312630887962,0.5601995705276578,0.5762399606180819,0.5654788723499458,0.5694312630887962,0.5601995705276578,0.5762399606180819,0.5654788723499458,0.570820303776258,0.5632620379631331,0.5759854819770569,0.5668319345458144,7.064075115632515,7.058573841306714,7.088172679601424,7.069408021954691,0.3066480287599932,0.30258831611186565,0.31168704980454026,0.3061231627877825,0.0,0.0,0.0,0.0,0.0,0.0,0.0,0.0,13.854837007018855,13.663315414825545,14.272268337094914,14.325392554191476,0.0,0.0,0.0,0.0,7.039802799982704,7.001864986883855,7.061618022443906,7.017380357071231,24.752708172988417,24.648087566747897,24.844287776192353,24.72792925058753,nan,nan,nan,nan,nan,nan,nan,nan,nan,nan,nan,nan,nan,nan,nan,nan
2,adam,adam,AdamW,,adam,,,requested,1.3,nan,nominal,0.003,additive,1.0,mse,5.241849452616308e-30,60,60,1.0,0.5364505257662144,0.5240799891279531,0.5393203236764846,0.5300165798541352,0.5364505257662144,0.5240799891279531,0.5393203236764846,0.5300165798541352,0.5391916533316796,0.5284368093656899,0.5409120390899484,0.5328284800171283,6.979288179765363,6.965551879198272,7.000462853800858,6.978528171506595,0.29082081586692016,0.2850801701313347,0.29319312264206154,0.2890097035621647,0.0,0.0,0.0,0.0,0.0,0.0,0.0,0.0,13.626115041518005,13.132274742889459,13.880568877424544,13.651108976617659,0.0,0.0,0.0,0.0,7.0553339065695475,7.016816296081741,7.102650911408042,7.044777577779172,24.77339306624411,24.667959624211623,24.876238624637153,24.7602907755693,nan,nan,nan,nan,nan,nan,nan,nan,nan,nan,nan,nan,nan,nan,nan,nan
2,adam,adam,AdamW,,adam,,,requested,1.3,nan,nominal,0.003,additive,1.0,mse,5.241849452616308e-30,70,70,1.0,0.5060638688385355,0.4933471789389769,0.5126056688936469,0.5011541791900125,0.5060638688385355,0.4933471789389769,0.5126056688936469,0.5011541791900125,0.5084124205006686,0.49892945906807606,0.5167526697444654,0.5049755403344961,6.918848567381211,6.882769975653192,6.9353681189635905,6.905368529273651,0.27924094437246105,0.27189327713614553,0.2812018552152765,0.2766601570984468,0.0,0.0,0.0,0.0,0.0,0.0,0.0,0.0,13.25790521230893,12.49841988405973,14.426500456380415,13.486098147260183,0.0,0.0,0.0,0.0,7.098333531127739,7.029590203928615,7.1473471283549195,7.079834972900838,24.7756300001911,24.65919127638645,24.810010745212487,24.751269202207787,nan,nan,nan,nan,nan,nan,nan,nan,nan,nan,nan,nan,nan,nan,nan,nan
2,adam,adam,AdamW,,adam,,,requested,1.3,nan,nominal,0.003,additive,1.0,mse,5.241849452616308e-30,80,80,1.0,0.4780650825149359,0.4668606926012273,0.4876862294289817,0.4761531309515987,0.4780650825149359,0.4668606926012273,0.4876862294289817,0.4761531309515987,0.48158239784491974,0.47339431536368415,0.4932192253326668,0.481105609514095,6.850207227795291,6.817776314656186,6.889874700352845,6.84324834024616,0.2682014000391414,0.2619494253683764,0.2713328910490771,0.26672543464587084,0.0,0.0,0.0,0.0,0.0,0.0,0.0,0.0,11.959261295214805,11.658269821063392,13.379370593816091,12.317015475530654,0.0,0.0,0.0,0.0,7.129596976555417,7.053170773219502,7.185403250119563,7.109889894216597,24.71824440376332,24.6405670089496,24.793171337696947,24.727925936651896,nan,nan,nan,nan,nan,nan,nan,nan,nan,nan,nan,nan,nan,nan,nan,nan
2,adam,adam,AdamW,,adam,,,requested,1.3,nan,nominal,0.003,additive,1.0,mse,5.241849452616308e-30,90,90,1.0,0.4544563785259527,0.4448935789582219,0.46541161154273847,0.4543409284229861,0.4544563785259527,0.4448935789582219,0.46541161154273847,0.4543409284229861,0.45894992994502715,0.4521409857988014,0.47190937222839413,0.46007812135883247,6.781210887548484,6.759314114196467,6.829583886812001,6.784395998239759,0.2599708757903012,0.2542662008932832,0.26234312905844626,0.25867923919844504,0.0,0.0,0.0,0.0,0.0,0.0,0.0,0.0,12.434374974365188,12.243405493778583,12.967134693639727,12.768837430171757,0.0,0.0,0.0,0.0,7.165727600341917,7.096322198009063,7.203647431640346,7.144909141112848,24.671608729176562,24.612521550003375,24.76767175787784,24.68975692616392,nan,nan,nan,nan,nan,nan,nan,nan,nan,nan,nan,nan,nan,nan,nan,nan
2,adam,adam,AdamW,,adam,,,requested,1.3,nan,nominal,0.003,additive,1.0,mse,5.241849452616308e-30,100,100,1.0,0.4335397199877176,0.42421902437141057,0.4477168140253459,0.4352146987419545,0.4335397199877176,0.42421902437141057,0.4477168140253459,0.4352146987419545,0.4401364012245489,0.4306673065930691,0.4550777204592203,0.44176150061590047,6.72631039276633,6.692374643825614,6.7813420108968945,6.73124988219582,0.25191829718758807,0.24672110044504605,0.2566696884417271,0.2519041691761279,0.0,0.0,0.0,0.0,0.0,0.0,0.0,0.0,12.477394494697805,12.298000634501633,13.494395988856322,13.399269928118436,0.0,0.0,0.0,0.0,7.185121685259981,7.139187691793827,7.250166125743161,7.176703751127135,24.685307271675754,24.568496174926963,24.733356629156546,24.66736797533987,nan,nan,nan,nan,nan,nan,nan,nan,nan,nan,nan,nan,nan,nan,nan,nan
2,adam,adam,AdamW,,adam,,,requested,1.3,nan,nominal,0.003,additive,1.0,mse,5.241849452616308e-30,110,110,1.0,0.4165766304896187,0.4030393479355021,0.4311564226692368,0.41784345144608653,0.4165766304896187,0.4030393479355021,0.4311564226692368,0.41784345144608653,0.42388953949570696,0.4105815853925186,0.43929403938171013,0.42515726772914614,6.679035980651065,6.62726670909745,6.740685056650705,6.682285397041795,0.24513634875834736,0.24036114537380376,0.25131783528644736,0.24571938421427528,0.0,0.0,0.0,0.0,0.0,0.0,0.0,0.0,12.630599931785493,12.370603669825645,14.495580673594903,13.286579635177539,0.0,0.0,0.0,0.0,7.207607624142055,7.150826689561824,7.279858504571973,7.2011321980929175,24.663937254535696,24.53449524485969,24.717979731652303,24.645128453990644,nan,nan,nan,nan,nan,nan,nan,nan,nan,nan,nan,nan,nan,nan,nan,nan
2,adam,adam,AdamW,,adam,,,requested,1.3,nan,nominal,0.003,additive,1.0,mse,5.241849452616308e-30,120,120,1.0,0.4010731736660034,0.38486389409755484,0.41559966021300787,0.4022646897101911,0.4010731736660034,0.38486389409755484,0.41559966021300787,0.4022646897101911,0.40866700679368956,0.3932390035631873,0.4246123855010716,0.4102003228441323,6.638878119508619,6.571367789299685,6.695154866896426,6.637566906173659,0.24001857659916215,0.23415058973825809,0.2464166506183207,0.24051819497696922,0.0,0.0,0.0,0.0,0.0,0.0,0.0,0.0,13.169001160712451,12.643846882118002,14.855818773858235,13.703383337288132,0.0,0.0,0.0,0.0,7.240151132078007,7.154616074383789,7.27362449960136,7.221402771545798,24.62682209315166,24.492058913840697,24.721342728842504,24.621453819196383,nan,nan,nan,nan,nan,nan,nan,nan,nan,nan,nan,nan,nan,nan,nan,nan
2,adam,adam,AdamW,,adam,,,requested,1.3,nan,nominal,0.003,additive,1.0,mse,5.241849452616308e-30,130,130,1.0,0.3859894748427315,0.3706302777321145,0.40178293184752883,0.3886459812687883,0.3859894748427315,0.3706302777321145,0.40178293184752883,0.3886459812687883,0.394049691723415,0.37959877274711384,0.41118351200763603,0.39717113513271124,6.600942358633757,6.538581223649442,6.656009840579533,6.59697563752481,0.2346545785941348,0.22962861121256123,0.24188066139471556,0.2361208894719301,0.0,0.0,0.0,0.0,0.0,0.0,0.0,0.0,12.96022869841853,12.112631022341123,13.669973996290746,13.050750990651144,0.0,0.0,0.0,0.0,7.263016153838672,7.186481514164428,7.288080097687972,7.2485459606444165,24.593385179889808,24.469940066532537,24.716834633793365,24.59882966950412,nan,nan,nan,nan,nan,nan,nan,nan,nan,nan,nan,nan,nan,nan,nan,nan
2,adam,adam,AdamW,,adam,,,requested,1.3,nan,nominal,0.003,additive,1.0,mse,5.241849452616308e-30,140,140,1.0,0.372274183220165,0.3571889355959069,0.38883988337519826,0.37595056095745505,0.372274183220165,0.3571889355959069,0.38883988337519826,0.37595056095745505,0.38090810793222346,0.3666708017713336,0.3987631282459557,0.3851088340798876,6.557857649225974,6.500958949320665,6.6233899468162605,6.558390916126157,0.23054557886197885,0.22473393973181593,0.23735191801193548,0.23172115297276397,0.0,0.0,0.0,0.0,0.0,0.0,0.0,0.0,12.716127952522253,11.46498158644308,13.769716449783333,12.584668956224291,0.0,0.0,0.0,0.0,7.282792914862747,7.2004241114887355,7.3193983510984,7.2748066133167875,24.519983673848202,24.435977021913033,24.666265257665327,24.57085991810306,nan,nan,nan,nan,nan,nan,nan,nan,nan,nan,nan,nan,nan,nan,nan,nan
2,adam,adam,AdamW,,adam,,,requested,1.3,nan,nominal,0.003,additive,1.0,mse,5.241849452616308e-30,150,150,1.0,0.3603947831812725,0.34595919401052216,0.37573563498484025,0.36397790569859034,0.3603947831812725,0.34595919401052216,0.37573563498484025,0.36397790569859034,0.3692904725270518,0.3562657306540332,0.38606528606402224,0.37362195670776666,6.5179735919297315,6.469539701027559,6.5912256908864695,6.522786575584926,0.22554390746680636,0.22070031801332157,0.23260254340761632,0.22713464733365346,0.0,0.0,0.0,0.0,0.0,0.0,0.0,0.0,12.18621480160528,11.597348329544966,13.61251297485223,13.0222790219417,0.0,0.0,0.0,0.0,7.296834750942306,7.241737212813858,7.342382457564191,7.301989358937055,24.460231858830625,24.40075187606163,24.634593891782927,24.533183096029177,nan,nan,nan,nan,nan,nan,nan,nan,nan,nan,nan,nan,nan,nan,nan,nan
2,adam,adam,AdamW,,adam,,,requested,1.3,nan,nominal,0.003,additive,1.0,mse,5.241849452616308e-30,160,160,1.0,0.34951748480855815,0.3350855767932216,0.3641831339413192,0.3531772089110672,0.34951748480855815,0.3350855767932216,0.3641831339413192,0.3531772089110672,0.35867620332336914,0.3463231322476467,0.3751617300201662,0.3633079000339765,6.489602655339215,6.43895382355641,6.5628858495590645,6.491641051149724,0.22067787329602773,0.2174501050186793,0.22781649201131413,0.22274724228349274,0.0,0.0,0.0,0.0,0.0,0.0,0.0,0.0,12.363363012289705,11.931445485848666,12.7927464188675,15.246618466580493,0.0,0.0,0.0,0.0,7.307071953224639,7.244949100946492,7.371077873453237,7.319507394706406,24.458341366258672,24.352817459970154,24.6075325084515,24.515523354850153,nan,nan,nan,nan,nan,nan,nan,nan,nan,nan,nan,nan,nan,nan,nan,nan
2,adam,adam,AdamW,,adam,,,requested,1.3,nan,nominal,0.003,additive,1.0,mse,5.241849452616308e-30,170,170,1.0,0.33885885666805693,0.3303818128635224,0.353680793834094,0.34399770102219673,0.33885885666805693,0.3303818128635224,0.353680793834094,0.34399770102219673,0.34841850444485745,0.34121904893680644,0.365042954489903,0.3545181197384763,6.461395094016154,6.407876159860917,6.535224340034877,6.468233482362191,0.2164734366091564,0.21485065272687673,0.22347834586080056,0.21944604802893616,0.0,0.0,0.0,0.0,0.0,0.0,0.0,0.0,11.74926429300842,11.311169703771442,14.363283926068338,12.730874270463698,0.0,0.0,0.0,0.0,7.323926103878739,7.257280647465653,7.402371886669177,7.338650716813888,24.41541811772727,24.337807868000112,24.589441345689924,24.48874665806655,nan,nan,nan,nan,nan,nan,nan,nan,nan,nan,nan,nan,nan,nan,nan,nan
2,adam,adam,AdamW,,adam,,,requested,1.3,nan,nominal,0.003,additive,1.0,mse,5.241849452616308e-30,180,180,1.0,0.33244592706083087,0.32076180512993724,0.34521041423291465,0.33536559225874396,0.33244592706083087,0.32076180512993724,0.34521041423291465,0.33536559225874396,0.34231660384874085,0.33211107418685076,0.35661796353795383,0.34618423337789656,6.432350229564471,6.379717976604304,6.510724280002547,6.442185244520671,0.2152274173355137,0.21078398873445472,0.21973119079550982,0.21616434305159457,0.0,0.0,0.0,0.0,0.0,0.0,0.0,0.0,12.463570028427089,11.147123339562178,13.119019744805705,12.156884560695728,0.0,0.0,0.0,0.0,7.345555115818552,7.267300337746043,7.415694781522721,7.351062965539539,24.34800575490622,24.27571610486813,24.567604598004003,24.441870717569074,nan,nan,nan,nan,nan,nan,nan,nan,nan,nan,nan,nan,nan,nan,nan,nan
2,adam,adam,AdamW,,adam,,,requested,1.3,nan,nominal,0.003,additive,1.0,mse,5.241849452616308e-30,190,190,1.0,0.3252044532663691,0.31188885425473145,0.3372577863360334,0.32677837643936714,0.3252044532663691,0.31188885425473145,0.3372577863360334,0.32677837643936714,0.33556456662421374,0.3235555089157348,0.34881835695570096,0.3379720833001042,6.40675340663541,6.354318026029347,6.481348506250174,6.414050217050653,0.21277516664859775,0.20704610042165209,0.21624818462605172,0.2126570661395627,0.0,0.0,0.0,0.0,0.0,0.0,0.0,0.0,10.86255469152852,10.398763871563364,13.989172893023214,12.713213869701413,0.0,0.0,0.0,0.0,7.348127074360892,7.283079641441253,7.4316792658754895,7.365204956072878,24.29494057105016,24.205798145162433,24.51453786060887,24.386041035434225,nan,nan,nan,nan,nan,nan,nan,nan,nan,nan,nan,nan,nan,nan,nan,nan
2,adam,adam,AdamW,,adam,,,requested,1.3,nan,nominal,0.003,additive,1.0,mse,5.241849452616308e-30,200,200,1.0,0.3187655371363348,0.3059770722983536,0.33015032809303435,0.3198540377703496,0.3187655371363348,0.3059770722983536,0.33015032809303435,0.3198540377703496,0.3296716652708557,0.3178548598627485,0.34204410791427486,0.3314412604356834,6.383213618058912,6.333752492106109,6.462366780069609,6.390483672673204,0.21021987472512368,0.20475536267699737,0.2133481007057988,0.2097855286669238,0.0,0.0,0.0,0.0,0.0,0.0,0.0,0.0,11.836390856367801,11.215335263684956,13.6191437740865,12.723114785430994,0.0,0.0,0.0,0.0,7.364088550479272,7.289459965157949,7.453633550903861,7.381279182929344,24.281999195673556,24.168393369197183,24.476151589392174,24.347512751031584,nan,nan,nan,nan,nan,nan,nan,nan,nan,nan,nan,nan,nan,nan,nan,nan
2,adam,adam,AdamW,,adam,,,requested,1.3,nan,nominal,0.003,additive,1.0,mse,5.241849452616308e-30,210,210,1.0,0.3127652243570723,0.30121093244398517,0.3247530879317758,0.31379954863553045,0.3127652243570723,0.30121093244398517,0.3247530879317758,0.31379954863553045,0.32398108243535273,0.3133400404609713,0.33686080298740007,0.32565926858024974,6.362684924215525,6.315290292183881,6.4478109292424435,6.3713459574455475,0.2075951856417937,0.202808005736822,0.2106436595148655,0.20712293610597482,0.0,0.0,0.0,0.0,0.0,0.0,0.0,0.0,11.771063228175873,10.711668440774423,12.648605538166846,11.93032237103618,0.0,0.0,0.0,0.0,7.370260809288348,7.3023421865652836,7.46705624350654,7.395386505762685,24.251027541843136,24.170190597069386,24.47383150100802,24.315606759134024,nan,nan,nan,nan,nan,nan,nan,nan,nan,nan,nan,nan,nan,nan,nan,nan
2,adam,adam,AdamW,,adam,,,requested,1.3,nan,nominal,0.003,additive,1.0,mse,5.241849452616308e-30,220,220,1.0,0.3068632352255809,0.29531320337624434,0.3186333830983866,0.3077852989160119,0.3068632352255809,0.29531320337624434,0.3186333830983866,0.3077852989160119,0.31816074424956287,0.30751709003896865,0.3309932037490291,0.3198269371160216,6.336089649426645,6.299772306465096,6.423252953241006,6.349897768806267,0.2048028614062578,0.19982693409877292,0.2079010402873241,0.20448254317518533,0.0,0.0,0.0,0.0,0.0,0.0,0.0,0.0,11.917601227451183,10.685282926601657,15.34677887345984,12.929940246282273,0.0,0.0,0.0,0.0,7.388796083799036,7.321106431589479,7.489972733264918,7.41356289808026,24.210057031663116,24.14794592840126,24.45816119980148,24.286628613950093,nan,nan,nan,nan,nan,nan,nan,nan,nan,nan,nan,nan,nan,nan,nan,nan
2,adam,adam,AdamW,,adam,,,requested,1.3,nan,nominal,0.003,additive,1.0,mse,5.241849452616308e-30,230,230,1.0,0.30375733554192175,0.2895807189920844,0.3126215477435781,0.3027862547020785,0.30375733554192175,0.2895807189920844,0.3126215477435781,0.3027862547020785,0.3151188797681109,0.3017492868194949,0.32519324345549094,0.31492458381167815,6.309541307173754,6.2827409750220795,6.405137755588922,6.333202431311616,0.20135641086482725,0.19715176708881893,0.20753321287701532,0.20263653998114323,0.0,0.0,0.0,0.0,0.0,0.0,0.0,0.0,11.47099989111027,10.846718294096949,11.795762096401454,11.880534347567547,0.0,0.0,0.0,0.0,7.421486449901739,7.344135294923124,7.515345639727729,7.43216004319366,24.166048733853145,24.111985210204672,24.428981281939976,24.255406656194594,nan,nan,nan,nan,nan,nan,nan,nan,nan,nan,nan,nan,nan,nan,nan,nan
2,adam,adam,AdamW,,adam,,,requested,1.3,nan,nominal,0.003,additive,1.0,mse,5.241849452616308e-30,240,240,1.0,0.29970164646449204,0.2837829983938732,0.3075648422582449,0.2976658154753665,0.29970164646449204,0.2837829983938732,0.3075648422582449,0.2976658154753665,0.3113436889591009,0.29612183942946535,0.3201348524855836,0.3098970992415885,6.286954848914624,6.2587894108145425,6.388329852556261,6.313346149736016,0.19869264857077948,0.19473559355608858,0.2061272535857665,0.2006702694946832,0.0,0.0,0.0,0.0,0.0,0.0,0.0,0.0,13.439729480658261,11.135730645813316,15.8817371690182,13.637004154115026,0.0,0.0,0.0,0.0,7.455157646754835,7.372321263863374,7.524428057748149,7.450496904951302,24.131482707384855,24.079821230726825,24.407413512808745,24.22086510998414,nan,nan,nan,nan,nan,nan,nan,nan,nan,nan,nan,nan,nan,nan,nan,nan
2,adam,adam,AdamW,,adam,,,requested,1.3,nan,nominal,0.003,additive,1.0,mse,5.241849452616308e-30,250,250,1.0,0.294917502662318,0.2808958436208996,0.30317564301970756,0.2933893277987606,0.294917502662318,0.2808958436208996,0.30317564301970756,0.2933893277987606,0.30715988645126363,0.2934253134949499,0.3158101953574609,0.30581344267982685,6.269536586785385,6.244714745438359,6.3700052157491385,6.295220654608649,0.19716855457115798,0.1941212013500205,0.2043388369806129,0.19919263688262054,0.0,0.0,0.0,0.0,0.0,0.0,0.0,0.0,12.768419998956164,11.418209871479855,14.48257144697898,13.550019439337241,0.0,0.0,0.0,0.0,7.477242703710879,7.41046103777296,7.53373106557976,7.467040838812383,24.096325522281855,24.026109926394206,24.37115666337321,24.181454836538155,nan,nan,nan,nan,nan,nan,nan,nan,nan,nan,nan,nan,nan,nan,nan,nan
2,adam,adam,AdamW,,adam,,,requested,1.3,nan,nominal,0.003,additive,1.0,mse,5.241849452616308e-30,260,260,1.0,0.2906421398585328,0.27766533997079196,0.298919749738347,0.2892352853930289,0.2906421398585328,0.27766533997079196,0.298919749738347,0.2892352853930289,0.3034212731458491,0.2901832782763123,0.31171156330316,0.30185746277600356,6.254818837087726,6.232375929148003,6.352847379612888,6.280064477392788,0.19610074734990263,0.1928911228928133,0.20234077012363572,0.19753567794665172,0.0,0.0,0.0,0.0,0.0,0.0,0.0,0.0,11.130601501034207,10.832584224984585,11.777252184761219,11.244311248308726,0.0,0.0,0.0,0.0,7.489159584958153,7.437114755566898,7.538684552455266,7.476102751932629,24.062969241100383,23.99210975012511,24.347242729489924,24.146691079349523,nan,nan,nan,nan,nan,nan,nan,nan,nan,nan,nan,nan,nan,nan,nan,nan
2,adam,adam,AdamW,,adam,,,requested,1.3,nan,nominal,0.003,additive,1.0,mse,5.241849452616308e-30,270,270,1.0,0.2867557107672041,0.2738593084642035,0.295036626565385,0.2853317091475202,0.2867557107672041,0.2738593084642035,0.295036626565385,0.2853317091475202,0.29979133262731583,0.28643369473837416,0.3079958722726035,0.29815463638170425,6.240165120145811,6.221549879922479,6.33830293535801,6.265817497731152,0.19474663290245725,0.19092508733565244,0.20019930288321536,0.19568777385233427,0.0,0.0,0.0,0.0,0.0,0.0,0.0,0.0,11.51084277979799,10.189368539424056,13.806569403852588,11.62426751624615,0.0,0.0,0.0,0.0,7.501503648326317,7.448840148728227,7.542663821752262,7.484831064163815,24.044705968644514,23.95128859070526,24.327142066311033,24.116818416894887,nan,nan,nan,nan,nan,nan,nan,nan,nan,nan,nan,nan,nan,nan,nan,nan
2,adam,adam,AdamW,,adam,,,requested,1.3,nan,nominal,0.003,additive,1.0,mse,5.241849452616308e-30,280,280,1.0,0.2834236203852032,0.27071711970366785,0.29098958519872503,0.2818241475879296,0.2834236203852032,0.27071711970366785,0.29098958519872503,0.2818241475879296,0.2966663452744371,0.283404688888474,0.3042359320085391,0.29481347854606826,6.228989514941816,6.211918190774705,6.321961367729588,6.252498632225484,0.19335386467488258,0.18913073442723172,0.19853708512866192,0.19405414644275565,0.0,0.0,0.0,0.0,0.0,0.0,0.0,0.0,12.741143271687099,11.24295645206859,13.820337905222274,12.402363103656317,0.0,0.0,0.0,0.0,7.508575308101468,7.454816273464907,7.546768710662419,7.488930541983901,24.030658815793593,23.914749006448744,24.30233534108104,24.091130696071406,nan,nan,nan,nan,nan,nan,nan,nan,nan,nan,nan,nan,nan,nan,nan,nan
2,adam,adam,AdamW,,adam,,,requested,1.3,nan,nominal,0.003,additive,1.0,mse,5.241849452616308e-30,290,290,1.0,0.28020224920881065,0.2688749561056737,0.28696600484677737,0.2785886688797836,0.28020224920881065,0.2688749561056737,0.28696600484677737,0.2785886688797836,0.29360813271211433,0.2816675458619389,0.3004333432586539,0.29173331072339054,6.220729048135619,6.206362786142442,6.309944089335929,6.241312749677924,0.1924613411645955,0.18740739550786942,0.19630945122364732,0.19238202080990485,0.0,0.0,0.0,0.0,0.0,0.0,0.0,0.0,12.599665743779074,10.054009081444336,14.630847458400426,12.807267022770127,0.0,0.0,0.0,0.0,7.523604063512575,7.447797516339627,7.5589316154226625,7.494211140925105,24.001100203434554,23.903444358392004,24.280541711181783,24.067046174821154,nan,nan,nan,nan,nan,nan,nan,nan,nan,nan,nan,nan,nan,nan,nan,nan
2,adam,adam,AdamW,,adam,,,requested,1.3,nan,nominal,0.003,additive,1.0,mse,5.241849452616308e-30,300,300,1.0,0.2771273692061246,0.26700526583042494,0.2832998224524983,0.2755128320817878,0.2771273692061246,0.26700526583042494,0.2832998224524983,0.2755128320817878,0.2905946528036655,0.27982230931693897,0.2968826221029255,0.2887666663952377,6.211871922608687,6.196571583310399,6.296061773239677,6.229407177344911,0.19182725543131687,0.18599753286955903,0.1936564053605591,0.1906883686189562,0.0,0.0,0.0,0.0,0.0,0.0,0.0,0.0,10.948780919177912,10.40821440927413,12.13644090385742,11.384841750793399,0.0,0.0,0.0,0.0,7.528501831265196,7.448450047060707,7.565765525186054,7.497616199674466,23.980406950149344,23.88773702112571,24.27060326580351,24.056491311755707,nan,nan,nan,nan,nan,nan,nan,nan,nan,nan,nan,nan,nan,nan,nan,nan
2,adam,adam,AdamW,,adam,,,requested,1.3,nan,nominal,0.003,additive,1.0,mse,5.241849452616308e-30,310,310,1.0,0.27432292788016915,0.26521965526963553,0.2808396821258706,0.27294123722019664,0.27432292788016915,0.26521965526963553,0.2808396821258706,0.27294123722019664,0.28782087387808253,0.278104380174788,0.2944403395857421,0.28626074159442855,6.202615362721472,6.183544799225236,6.285400506889306,6.2182422435476425,0.1907713284516704,0.18500860215334375,0.19259815208795772,0.18936243613641718,0.0,0.0,0.0,0.0,0.0,0.0,0.0,0.0,11.417489363181234,10.36870249973813,13.412598146604092,12.195300198159172,0.0,0.0,0.0,0.0,7.530473867207496,7.448716199037253,7.57233568408434,7.501146968122959,23.967753939966304,23.873339567093353,24.250503915499117,24.042264029835934,nan,nan,nan,nan,nan,nan,nan,nan,nan,nan,nan,nan,nan,nan,nan,nan
2,adam,adam,AdamW,,adam,,,requested,1.3,nan,nominal,0.003,additive,1.0,mse,5.241849452616308e-30,320,320,1.0,0.2718414522503819,0.26388991647758797,0.2788723824059732,0.27077352517876463,0.2718414522503819,0.26388991647758797,0.2788723824059732,0.27077352517876463,0.28540793238421724,0.2767486571926311,0.29252721251164215,0.28415453449511613,6.195587348201111,6.174149541725086,6.27710635840168,6.209736858004703,0.1897607755210995,0.18395488608408633,0.19229661434332554,0.18832636431042696,0.0,0.0,0.0,0.0,0.0,0.0,0.0,0.0,11.12723446984364,10.539991532856275,12.018517691774573,11.68969275743066,0.0,0.0,0.0,0.0,7.530745996542455,7.456990404859692,7.576446385568742,7.506668451764875,23.947105381443606,23.85773235505166,24.23177131943718,24.025769562145733,nan,nan,nan,nan,nan,nan,nan,nan,nan,nan,nan,nan,nan,nan,nan,nan
2,adam,adam,AdamW,,adam,,,requested,1.3,nan,nominal,0.003,additive,1.0,mse,5.241849452616308e-30,330,330,1.0,0.2699336797251962,0.2623162641949319,0.276709793567963,0.2687192620015566,0.2699336797251962,0.2623162641949319,0.276709793567963,0.2687192620015566,0.28356641288011575,0.2752053616882488,0.2904377125745623,0.2821876313375592,6.189201128562237,6.167260265004167,6.26988059914936,6.202545699874522,0.18905249410965735,0.18286969867878355,0.19137774242330874,0.18720529266578922,0.0,0.0,0.0,0.0,0.0,0.0,0.0,0.0,10.691282122341175,10.359735674131473,12.314748737563873,11.455360091764001,0.0,0.0,0.0,0.0,7.531689070825729,7.451537280762907,7.569876390244419,7.506077036810163,23.947687945385432,23.84422352289586,24.216196277927896,24.01536329371566,nan,nan,nan,nan,nan,nan,nan,nan,nan,nan,nan,nan,nan,nan,nan,nan
2,adam,adam,AdamW,,adam,,,requested,1.3,nan,nominal,0.003,additive,1.0,mse,5.241849452616308e-30,340,340,1.0,0.2683250498529395,0.2606310666282688,0.2743764244526674,0.26680195482801417,0.2683250498529395,0.2606310666282688,0.2743764244526674,0.26680195482801417,0.28198638978228197,0.27362662363126133,0.2881290439723534,0.28033270648023345,6.1817291371864105,6.16000534574213,6.262283995021081,6.194855842345656,0.18833237293642136,0.18174355999100616,0.19043529682814594,0.1862150198119779,0.0,0.0,0.0,0.0,0.0,0.0,0.0,0.0,10.2081907974929,9.525888210156563,10.754368464554613,10.790728307634371,0.0,0.0,0.0,0.0,7.527441668273612,7.441718282078794,7.568223633213663,7.503411897708564,23.952899991440532,23.82747626258368,24.205057950024884,24.00837132435064,nan,nan,nan,nan,nan,nan,nan,nan,nan,nan,nan,nan,nan,nan,nan,nan
2,adam,adam,AdamW,,adam,,,requested,1.3,nan,nominal,0.003,additive,1.0,mse,5.241849452616308e-30,350,350,1.0,0.26672142947628186,0.25907474211856873,0.2723596157049308,0.265283111225452,0.26672142947628186,0.25907474211856873,0.2723596157049308,0.265283111225452,0.28042856463266963,0.2722374290085502,0.2862014173986016,0.2788780387926826,6.174866420269572,6.1525351772038634,6.256334960040899,6.188868703046699,0.1874036351992795,0.18079215776545293,0.18954120763706042,0.18538607316647882,0.0,0.0,0.0,0.0,0.0,0.0,0.0,0.0,12.161684829476979,10.378405149203477,14.01557558446211,13.059806841636298,0.0,0.0,0.0,0.0,7.526825565962726,7.4374752344899004,7.569223651084969,7.502626240606192,23.950446522838348,23.818408123146753,24.193406619713905,23.997865223231663,nan,nan,nan,nan,nan,nan,nan,nan,nan,nan,nan,nan,nan,nan,nan,nan
2,adam,adam,AdamW,,adam,,,requested,1.3,nan,nominal,0.003,additive,1.0,mse,5.241849452616308e-30,360,360,1.0,0.2654236834934288,0.2574854162457553,0.2706172935800054,0.26392286751513755,0.2654236834934288,0.2574854162457553,0.2706172935800054,0.26392286751513755,0.27895624701272514,0.2711694119863459,0.28452075004769406,0.2775859172160131,6.1696842875320055,6.147114437577963,6.2518562595603,6.183827614879503,0.18651377235996483,0.18002748097405988,0.18886485929470617,0.1846615592572156,0.0,0.0,0.0,0.0,0.0,0.0,0.0,0.0,12.487342443500022,11.16198418169401,13.722745819618254,12.94998470407985,0.0,0.0,0.0,0.0,7.528182405071998,7.436154430637275,7.56994288664258,7.502726885698305,23.94069867511652,23.814900304044574,24.169144342885822,23.984688869178576,nan,nan,nan,nan,nan,nan,nan,nan,nan,nan,nan,nan,nan,nan,nan,nan
2,adam,adam,AdamW,,adam,,,requested,1.3,nan,nominal,0.003,additive,1.0,mse,5.241849452616308e-30,370,370,1.0,0.264416273420082,0.2558276896953394,0.26898078841000705,0.26256763835683755,0.264416273420082,0.2558276896953394,0.26898078841000705,0.26256763835683755,0.27763361641086504,0.27003256715795465,0.2831248615061634,0.2762752004002132,6.164296490816602,6.14305704680294,6.246671873751348,6.1782799545571425,0.18583103038377838,0.17937662909440436,0.18808009663613723,0.18392023476192224,0.0,0.0,0.0,0.0,0.0,0.0,0.0,0.0,11.839563400524096,10.294064906758614,13.176684883593298,11.757218015675722,0.0,0.0,0.0,0.0,7.52647609050766,7.441182134174098,7.569628257186083,7.5035988389814,23.933351437535293,23.803491212397287,24.14773271489597,23.973672866595674,nan,nan,nan,nan,nan,nan,nan,nan,nan,nan,nan,nan,nan,nan,nan,nan
2,adam,adam,AdamW,,adam,,,requested,1.3,nan,nominal,0.003,additive,1.0,mse,5.241849452616308e-30,380,380,1.0,0.26317485131869034,0.2545628831600261,0.2680485037300474,0.261429238016294,0.26317485131869034,0.2545628831600261,0.2680485037300474,0.261429238016294,0.276352670058099,0.2689050890631875,0.2823467895647988,0.27519482257825556,6.161060801057639,6.1393789932299505,6.2425122552772345,6.174351209862145,0.1852399756775585,0.17902535743500614,0.18730170381128095,0.1833034574871375,0.0,0.0,0.0,0.0,0.0,0.0,0.0,0.0,11.510841382854135,9.926713825828841,13.029159268054965,11.998698408727966,0.0,0.0,0.0,0.0,7.528182369893189,7.448251224540593,7.568505946864473,7.505827657197733,23.93146772880144,23.79892075343288,24.138919875040884,23.96947143827341,nan,nan,nan,nan,nan,nan,nan,nan,nan,nan,nan,nan,nan,nan,nan,nan
2,adam,adam,AdamW,,adam,,,requested,1.3,nan,nominal,0.003,additive,1.0,mse,5.241849452616308e-30,390,390,1.0,0.2622314858142085,0.25368618027495804,0.2673224046411487,0.26056088782756615,0.2622314858142085,0.25368618027495804,0.2673224046411487,0.26056088782756615,0.2754260868359043,0.2680919158033626,0.281681505699235,0.27439323314767633,6.158878498632104,6.137179663481116,6.239325108459543,6.171475569548991,0.1847123369009915,0.17858499987996934,0.1868264658037967,0.1828027274820142,0.0,0.0,0.0,0.0,0.0,0.0,0.0,0.0,11.821308699596305,10.14926896486581,13.939653292964886,12.455732748461795,0.0,0.0,0.0,0.0,7.528593403278794,7.452424367635909,7.569640211441951,7.506739776359842,23.927542212529595,23.798214235228542,24.133208865654304,23.96490003949622,nan,nan,nan,nan,nan,nan,nan,nan,nan,nan,nan,nan,nan,nan,nan,nan
2,adam,adam,AdamW,,adam,,,requested,1.3,nan,nominal,0.003,additive,1.0,mse,5.241849452616308e-30,400,400,1.0,0.26134464589004947,0.25286950561965366,0.2665770152351833,0.2597116454603474,0.26134464589004947,0.25286950561965366,0.2665770152351833,0.2597116454603474,0.2745619050248347,0.2673303656085968,0.280943921918177,0.2735825323462622,6.156137644598543,6.134638741004035,6.235513195355528,6.168235030896624,0.18417150316933617,0.1780743490226227,0.18625706573352946,0.1822956933741383,0.0,0.0,0.0,0.0,0.0,0.0,0.0,0.0,10.264971050306984,9.600141044052965,12.139916581535376,10.869328120263496,0.0,0.0,0.0,0.0,7.529106874653012,7.452393122596955,7.572009810875479,7.507282789310414,23.921653784271186,23.791191142664424,24.13011805249829,23.958639593859836,nan,nan,nan,nan,nan,nan,nan,nan,nan,nan,nan,nan,nan,nan,nan,nan
2,adam,adam,AdamW,,adam,,,requested,1.3,nan,nominal,0.003,additive,1.0,mse,5.241849452616308e-30,410,410,1.0,0.2607349400118077,0.2522517677096694,0.2659885864474618,0.2590578669868032,0.2607349400118077,0.2522517677096694,0.2659885864474618,0.2590578669868032,0.2739597873340418,0.26670470478255043,0.28034027757726254,0.2729277332364839,6.154158337212018,6.132249674010026,6.231883908781565,6.165562274241497,0.18379414110721287,0.1776965096442596,0.18589381960136647,0.18191789768475158,0.0,0.0,0.0,0.0,0.0,0.0,0.0,0.0,10.463460877506643,9.621318521876113,11.830571994774914,10.86789005085452,0.0,0.0,0.0,0.0,7.528486454256721,7.45338509630892,7.572304428470934,7.5077551841724155,23.921383132180257,23.788475662470688,24.13201964680661,23.95686031557349,nan,nan,nan,nan,nan,nan,nan,nan,nan,nan,nan,nan,nan,nan,nan,nan
2,adam,adam,AdamW,,adam,,,requested,1.3,nan,nominal,0.003,additive,1.0,mse,5.241849452616308e-30,420,420,1.0,0.2601849013396788,0.25173713739478765,0.2655405980957357,0.2585207381703095,0.2601849013396788,0.25173713739478765,0.2655405980957357,0.2585207381703095,0.2734001319998043,0.266139222167375,0.2798820108792805,0.2723842021604813,6.152414582638839,6.129530698443644,6.229012355935967,6.1631740267766695,0.18351928903315187,0.17737394051071484,0.18561821656285682,0.1816260240299451,0.0,0.0,0.0,0.0,0.0,0.0,0.0,0.0,10.653175005230198,9.499834943684109,12.537058777484425,11.883640546938919,0.0,0.0,0.0,0.0,7.5285403203309365,7.452125825158687,7.570535075765878,7.507446962034498,23.920408605211975,23.785652995684288,24.131779596140923,23.954574452461316,nan,nan,nan,nan,nan,nan,nan,nan,nan,nan,nan,nan,nan,nan,nan,nan
2,adam,adam,AdamW,,adam,,,requested,1.3,nan,nominal,0.003,additive,1.0,mse,5.241849452616308e-30,430,430,1.0,0.25963997187653015,0.25136254868647595,0.2650508441452849,0.25804321355047943,0.25963997187653015,0.25136254868647595,0.2650508441452849,0.25804321355047943,0.2728736261747235,0.2657612707302398,0.27941265175839386,0.27191927374921143,6.1500917451325625,6.1269052396381465,6.227144868471492,6.16109894160906,0.18324766332696651,0.1770974081097248,0.18531678906341342,0.18135654119695144,0.0,0.0,0.0,0.0,0.0,0.0,0.0,0.0,10.527419167803838,9.878785691022186,11.259410198071416,10.568418972191775,0.0,0.0,0.0,0.0,7.52790341131044,7.450713208588898,7.571220064457461,7.507441545102907,23.920466976692666,23.779802335022225,24.130816428560927,23.952172915272527,nan,nan,nan,nan,nan,nan,nan,nan,nan,nan,nan,nan,nan,nan,nan,nan
2,adam,adam,AdamW,,adam,,,requested,1.3,nan,nominal,0.003,additive,1.0,mse,5.241849452616308e-30,440,440,1.0,0.25923528050207845,0.2511228780183111,0.26468770958434484,0.257688334040602,0.25923528050207845,0.2511228780183111,0.26468770958434484,0.257688334040602,0.2725508917080077,0.26538596394315805,0.27906861498465785,0.2715680867799787,6.148397884160593,6.125029350642371,6.226068829585646,6.159570351234466,0.18303635298774262,0.1768629741086902,0.1851770056448016,0.18116744617983027,0.0,0.0,0.0,0.0,0.0,0.0,0.0,0.0,10.174241110617395,9.699112413154667,14.47344692343562,12.609691201568406,0.0,0.0,0.0,0.0,7.527932288522958,7.450714851878396,7.57305871355233,7.508189656186866,23.918364154784612,23.778042887516936,24.129215485247897,23.950404866304243,nan,nan,nan,nan,nan,nan,nan,nan,nan,nan,nan,nan,nan,nan,nan,nan
2,adam,adam,AdamW,,adam,,,requested,1.3,nan,nominal,0.003,additive,1.0,mse,5.241849452616308e-30,450,450,1.0,0.258923140023374,0.2509035036738861,0.2644425476646197,0.2574146015338397,0.258923140023374,0.2509035036738861,0.2644425476646197,0.2574146015338397,0.27231002230604395,0.26509745416465613,0.27882685377747984,0.2713029892928228,6.147330304744461,6.123466664165146,6.224953905828632,6.15840587628262,0.1828532161068738,0.17667330571442155,0.18506930607137184,0.1810089968853017,0.0,0.0,0.0,0.0,0.0,0.0,0.0,0.0,11.054434908458742,10.2017861238162,11.94790269314952,11.420709539275265,0.0,0.0,0.0,0.0,7.5277286463598045,7.449912901056046,7.5728935768467665,7.508074317748706,23.917116119577344,23.775354707860057,24.127733018542052,23.94887204115483,nan,nan,nan,nan,nan,nan,nan,nan,nan,nan,nan,nan,nan,nan,nan,nan
2,adam,adam,AdamW,,adam,,,requested,1.3,nan,nominal,0.003,additive,1.0,mse,5.241849452616308e-30,460,460,1.0,0.2586886863389035,0.2507066593207442,0.2642583554892445,0.25722932736438875,0.2586886863389035,0.2507066593207442,0.2642583554892445,0.25722932736438875,0.2721000521976239,0.2648787766009476,0.27865549053047123,0.27112160124997736,6.146311772557768,6.1222969488751255,6.224191867693477,6.1575682688841695,0.1827240207655048,0.176529414655979,0.18496121310738628,0.18089138912075642,0.0,0.0,0.0,0.0,0.0,0.0,0.0,0.0,11.296160158488561,9.798189358114847,13.587321264367109,11.738335305937884,0.0,0.0,0.0,0.0,7.5273433157318825,7.449854825635118,7.5724761906365465,7.5078514165800865,23.916588118740183,23.773270327656505,24.127018040356813,23.947767038285686,nan,nan,nan,nan,nan,nan,nan,nan,nan,nan,nan,nan,nan,nan,nan,nan
2,adam,adam,AdamW,,adam,,,requested,1.3,nan,nominal,0.003,additive,1.0,mse,5.241849452616308e-30,470,470,1.0,0.25852482608559796,0.25053866944207515,0.26413461599269755,0.2570826851289156,0.25852482608559796,0.25053866944207515,0.26413461599269755,0.2570826851289156,0.2719394826113743,0.2647110067384648,0.27854067515089964,0.2709796026874259,6.14566199271199,6.121520916251552,6.223646591266336,6.156905088989461,0.18262263542126178,0.17643687186804557,0.18486335058778597,0.18079689700735463,0.0,0.0,0.0,0.0,0.0,0.0,0.0,0.0,10.283453510863769,9.755270851691561,12.497566646888252,11.09696968485277,0.0,0.0,0.0,0.0,7.527026544066416,7.449733095872717,7.57246882363016,7.507830202058566,23.91636354210894,23.771932657589407,24.126318671541867,23.946972998865633,nan,nan,nan,nan,nan,nan,nan,nan,nan,nan,nan,nan,nan,nan,nan,nan
2,adam,adam,AdamW,,adam,,,requested,1.3,nan,nominal,0.003,additive,1.0,mse,5.241849452616308e-30,480,480,1.0,0.2584078409877486,0.2504167914242318,0.26404801931978195,0.2569731691880399,0.2584078409877486,0.2504167914242318,0.26404801931978195,0.2569731691880399,0.2718233747797348,0.26458990256250886,0.2784513306142734,0.27087236000878046,6.145194651391074,6.121001856067605,6.223148927207451,6.156422899730106,0.18255534804237677,0.1763669545010805,0.1847974799492102,0.18073119722952888,0.0,0.0,0.0,0.0,0.0,0.0,0.0,0.0,10.86229875981369,10.100109859009006,12.402288197080557,11.525353277713219,0.0,0.0,0.0,0.0,7.526914665840008,7.4495331550304495,7.572711397000551,7.507929782298076,23.91638488248119,23.770391010059967,24.126197880527407,23.94641981147265,nan,nan,nan,nan,nan,nan,nan,nan,nan,nan,nan,nan,nan,nan,nan,nan
2,adam,adam,AdamW,,adam,,,requested,1.3,nan,nominal,0.003,additive,1.0,mse,5.241849452616308e-30,490,490,1.0,0.25832053846877434,0.25034393797425153,0.2639778971839898,0.2568954812803722,0.25832053846877434,0.25034393797425153,0.2639778971839898,0.2568954812803722,0.2717436634814155,0.26450672827484656,0.2783832279023556,0.2707965527171833,6.144890697707847,6.120702017713153,6.222999629755456,6.156143633234601,0.18250390336275138,0.17631563033286485,0.18474938238910743,0.18068141242079894,0.0,0.0,0.0,0.0,0.0,0.0,0.0,0.0,11.434876757405872,10.309088338140292,12.894859107898471,12.245273148581097,0.0,0.0,0.0,0.0,7.52705102451279,7.4493874451983375,7.572597297416375,7.507924560157372,23.916264793775255,23.769145964217635,24.124969836311386,23.94571268287032,nan,nan,nan,nan,nan,nan,nan,nan,nan,nan,nan,nan,nan,nan,nan,nan
2,adam,adam,AdamW,,adam,,,requested,1.3,nan,nominal,0.003,additive,1.0,mse,5.241849452616308e-30,500,500,1.0,0.25825301527924066,0.2502816097399591,0.263920284144946,0.25682721342682346,0.25825301527924066,0.2502816097399591,0.263920284144946,0.25682721342682346,0.27168397414400786,0.2644390601511889,0.2783278821271352,0.27073057319403415,6.144626519733619,6.1204634366632735,6.222754897551109,6.155879107435256,0.18246646651597415,0.1762671702768311,0.18471093710497868,0.18063967019479954,0.0,0.0,0.0,0.0,0.0,0.0,0.0,0.0,10.370426696193233,9.667389743020118,12.633496471125683,10.956648852488595,0.0,0.0,0.0,0.0,7.526951770718988,7.4494401492751186,7.572566495118288,7.507878556658579,23.916166443277596,23.76833901680419,24.123731410646002,23.945092378548246,nan,nan,nan,nan,nan,nan,nan,nan,nan,nan,nan,nan,nan,nan,nan,nan
2,adam,adam,AdamW,,adam,,,requested,1.6,nan,nominal,0.003,additive,1.0,mse,5.241849452616308e-30,0,0,1.0,1.0418358611002518,1.0418358611002518,1.0418358611002518,1.0418358611002518,1.0418358611002518,1.0418358611002518,1.0418358611002518,1.0418358611002518,1.0142169620491983,1.0142169620491983,1.0142169620491983,1.0142169620491983,8.041259446541174,8.041259446541174,8.041259446541174,8.041259446541174,0.6001744541469579,0.6001744541469579,0.6001744541469579,0.6001744541469579,0.0,0.0,0.0,0.0,0.0,0.0,0.0,0.0,0.0,0.0,0.0,0.0,0.0,0.0,0.0,0.0,6.9224601109148445,6.9224601109148445,6.9224601109148445,6.9224601109148445,23.97018795689393,23.97018795689393,23.97018795689393,23.97018795689393,nan,nan,nan,nan,nan,nan,nan,nan,nan,nan,nan,nan,nan,nan,nan,nan
2,adam,adam,AdamW,,adam,,,requested,1.6,nan,nominal,0.003,additive,1.0,mse,5.241849452616308e-30,10,10,1.0,0.7797523094141929,0.7755496824613288,0.7820417359033123,0.7787826997533657,0.7797523094141929,0.7755496824613288,0.7820417359033123,0.7787826997533657,0.7707369081408098,0.7674700834485841,0.7727654894112775,0.770159973829095,7.554719263006789,7.539647283741077,7.5584505336136925,7.5486710117936475,0.42849296484708027,0.4236698518801337,0.43170251911928426,0.42781502354818335,0.0,0.0,0.0,0.0,0.0,0.0,0.0,0.0,23.507856503573024,23.382792454176133,23.557389020003146,23.420925068697414,0.0,0.0,0.0,0.0,6.9166311051534635,6.895147540427082,6.924006556569195,6.9110090847784695,24.42236536063247,24.39200193328825,24.46173175940008,24.42027236637834,nan,nan,nan,nan,nan,nan,nan,nan,nan,nan,nan,nan,nan,nan,nan,nan
2,adam,adam,AdamW,,adam,,,requested,1.6,nan,nominal,0.003,additive,1.0,mse,5.241849452616308e-30,20,20,1.0,0.6318033670161163,0.628051307175528,0.6339553778410962,0.6309910779201313,0.6318033670161163,0.628051307175528,0.6339553778410962,0.6309910779201313,0.6314943579573461,0.6287848521755124,0.6328257260327881,0.6304712664129303,7.233894593857512,7.193904140794423,7.23883785182961,7.221554819456458,0.3363071816994967,0.3339530946525389,0.3395208381271261,0.3361303747659742,0.0,0.0,0.0,0.0,0.0,0.0,0.0,0.0,18.52155166248292,18.26728887501154,18.97368475393777,18.598164647065957,0.0,0.0,0.0,0.0,6.913831316633266,6.899708637365963,6.92950971557591,6.914009060358363,24.656577216316116,24.61569831003625,24.703283762856007,24.657449755024498,nan,nan,nan,nan,nan,nan,nan,nan,nan,nan,nan,nan,nan,nan,nan,nan
2,adam,adam,AdamW,,adam,,,requested,1.6,nan,nominal,0.003,additive,1.0,mse,5.241849452616308e-30,30,30,1.0,0.5386682649353773,0.5342510095966635,0.5423049113317839,0.5382020173755068,0.5386682649353773,0.5342510095966635,0.5423049113317839,0.5382020173755068,0.5425952649817298,0.5386277937505525,0.545606082965503,0.5417896314838604,6.997829927996901,6.976728990105539,7.003725964900053,6.992510117106076,0.28488631006155835,0.28311499839263843,0.28980651206953156,0.2861817830378287,0.0,0.0,0.0,0.0,0.0,0.0,0.0,0.0,16.47751362952538,16.45813887291814,16.70857969541357,16.547364758367543,0.0,0.0,0.0,0.0,6.93065664261262,6.910309884114674,6.950066336771618,6.924915782876619,24.751391152066603,24.708667804789496,24.767166588304004,24.733488721389925,nan,nan,nan,nan,nan,nan,nan,nan,nan,nan,nan,nan,nan,nan,nan,nan
2,adam,adam,AdamW,,adam,,,requested,1.6,nan,nominal,0.003,additive,1.0,mse,5.241849452616308e-30,40,40,1.0,0.4745849668581388,0.46846043069910304,0.4786149874322166,0.47394228360827007,0.4745849668581388,0.46846043069910304,0.4786149874322166,0.47394228360827007,0.4814658665238954,0.47532853614431647,0.484420899057344,0.4799961584168231,6.818120035965854,6.808131642473569,6.836137604778463,6.819743352255266,0.2567479169351376,0.25390489076860034,0.2605236052918449,0.25706701345164645,0.0,0.0,0.0,0.0,0.0,0.0,0.0,0.0,15.057501860202489,14.4466546662626,15.251278402696826,14.890324848091804,0.0,0.0,0.0,0.0,6.953520006105611,6.944778961804193,6.981936144091217,6.950686627444011,24.729305665199703,24.631680036203417,24.79625025926663,24.715099458843323,nan,nan,nan,nan,nan,nan,nan,nan,nan,nan,nan,nan,nan,nan,nan,nan
2,adam,adam,AdamW,,adam,,,requested,1.6,nan,nominal,0.003,additive,1.0,mse,5.241849452616308e-30,50,50,1.0,0.42451708493174184,0.4199694446196828,0.4287087459166071,0.42478933865004054,0.42451708493174184,0.4199694446196828,0.4287087459166071,0.42478933865004054,0.43362677933035965,0.42865938372050877,0.43630126382787104,0.43267790655744354,6.671293014834495,6.661421406346735,6.70690905885971,6.6792030707718535,0.2386560354238294,0.23477398792034343,0.24137994307531846,0.23777791003146365,0.0,0.0,0.0,0.0,0.0,0.0,0.0,0.0,14.179107036694571,14.071547313285345,14.442047670277269,14.264474704618092,0.0,0.0,0.0,0.0,6.960180365871599,6.950483875602835,6.9951890277216,6.963956560117676,24.678860984000828,24.5923682085644,24.753247772832886,24.659776116243663,nan,nan,nan,nan,nan,nan,nan,nan,nan,nan,nan,nan,nan,nan,nan,nan
2,adam,adam,AdamW,,adam,,,requested,1.6,nan,nominal,0.003,additive,1.0,mse,5.241849452616308e-30,60,60,1.0,0.3831502119982877,0.37844742837479967,0.38846911077273505,0.3841975304621963,0.3831502119982877,0.37844742837479967,0.38846911077273505,0.3841975304621963,0.3931483448556775,0.38891326765867035,0.397435971229448,0.39339463526352825,6.536850497444384,6.52759941014294,6.590151320769194,6.550962125144957,0.22340381505220172,0.21978730305218047,0.22642194130195753,0.22308057829324068,0.0,0.0,0.0,0.0,0.0,0.0,0.0,0.0,13.840447741912115,13.703365137887477,13.969503544370426,14.04470847931887,0.0,0.0,0.0,0.0,6.99037048012096,6.948416539954891,7.026247656941205,6.987173725340105,24.616167189082223,24.515234573636974,24.682692525785036,24.586505433103063,nan,nan,nan,nan,nan,nan,nan,nan,nan,nan,nan,nan,nan,nan,nan,nan
2,adam,adam,AdamW,,adam,,,requested,1.6,nan,nominal,0.003,additive,1.0,mse,5.241849452616308e-30,70,70,1.0,0.348233283787594,0.3423160780313536,0.3534225598553983,0.34963873817190105,0.348233283787594,0.3423160780313536,0.3534225598553983,0.34963873817190105,0.35915717348373344,0.3539522177910546,0.3636500213221517,0.35989583032696226,6.415476363245281,6.406941470450516,6.470688723885008,6.431404348216905,0.21082438924439076,0.20639753810241507,0.2138161867375768,0.21073897841243638,0.0,0.0,0.0,0.0,0.0,0.0,0.0,0.0,14.22810572250389,13.664064570189964,15.121030985353077,14.258459014605299,0.0,0.0,0.0,0.0,7.011658392484801,6.964349335786409,7.0694854387646195,7.01244360959409,24.517243024583905,24.458845863799684,24.57183034562549,24.491645067214677,nan,nan,nan,nan,nan,nan,nan,nan,nan,nan,nan,nan,nan,nan,nan,nan
2,adam,adam,AdamW,,adam,,,requested,1.6,nan,nominal,0.003,additive,1.0,mse,5.241849452616308e-30,80,80,1.0,0.31871193669074793,0.3110568028624935,0.3238179339027535,0.3201353773339462,0.31871193669074793,0.3110568028624935,0.3238179339027535,0.3201353773339462,0.33053241639644426,0.32395377012771864,0.3349014295556677,0.3313002238738907,6.309669566152324,6.296571923663317,6.3584224496941015,6.324368715704605,0.2004776475218128,0.19480017412092487,0.203683063740578,0.2000912006692472,0.0,0.0,0.0,0.0,0.0,0.0,0.0,0.0,13.158002080006618,13.01670942052822,13.8490436896578,13.424531873471238,0.0,0.0,0.0,0.0,7.03072477808036,6.985412926660006,7.102971543587916,7.031757193154012,24.3957654318443,24.388303588788865,24.42294133663851,24.367571805737978,nan,nan,nan,nan,nan,nan,nan,nan,nan,nan,nan,nan,nan,nan,nan,nan
2,adam,adam,AdamW,,adam,,,requested,1.6,nan,nominal,0.003,additive,1.0,mse,5.241849452616308e-30,90,90,1.0,0.2929468991969443,0.2855068702898371,0.2986677296791712,0.2950365117183012,0.2929468991969443,0.2855068702898371,0.2986677296791712,0.2950365117183012,0.3054540875918351,0.2992956952699528,0.3109134742980929,0.3070259029845867,6.218359309244395,6.199096810821102,6.26910720031844,6.233870837942709,0.19045022221178975,0.1840403217627556,0.1944983347600447,0.19043931871167122,0.0,0.0,0.0,0.0,0.0,0.0,0.0,0.0,13.263258351998164,13.056426618136047,13.670436578988106,13.593838058382985,0.0,0.0,0.0,0.0,7.0455879952088845,7.005929263390588,7.133254487857977,7.055688738484674,24.28211529475201,24.265062006648503,24.31433903335424,24.242765236874767,nan,nan,nan,nan,nan,nan,nan,nan,nan,nan,nan,nan,nan,nan,nan,nan
2,adam,adam,AdamW,,adam,,,requested,1.6,nan,nominal,0.003,additive,1.0,mse,5.241849452616308e-30,100,100,1.0,0.2700223656473273,0.2643944644592629,0.27632055643922937,0.272852161613855,0.2700223656473273,0.2643944644592629,0.27632055643922937,0.272852161613855,0.2836042535297809,0.2786329820996706,0.2890782228466197,0.2855279685748785,6.135240552076449,6.1055942737542255,6.186506172741924,6.150984029712456,0.18154623766981098,0.17490907845440198,0.18591879208097573,0.18165082482219397,0.0,0.0,0.0,0.0,0.0,0.0,0.0,0.0,12.856947668437556,12.451106284719343,13.609888540369472,13.171342639690714,0.0,0.0,0.0,0.0,7.066454278341823,7.0233799360235984,7.1630947030446395,7.0831898774550455,24.154885080185103,24.124222033238688,24.159360013780034,24.108840603073624,nan,nan,nan,nan,nan,nan,nan,nan,nan,nan,nan,nan,nan,nan,nan,nan
2,adam,adam,AdamW,,adam,,,requested,1.6,nan,nominal,0.003,additive,1.0,mse,5.241849452616308e-30,110,110,1.0,0.25040657828900287,0.24734990207255056,0.25633596804358433,0.253622075199776,0.25040657828900287,0.24734990207255056,0.25633596804358433,0.253622075199776,0.26496850377691705,0.2615025288837739,0.26983456440860865,0.2669491356345302,6.060530557609272,6.021127507241174,6.109032775972546,6.072686240095779,0.17297027072189522,0.16715775603287605,0.17756612860295348,0.1732918828966988,0.0,0.0,0.0,0.0,0.0,0.0,0.0,0.0,13.198696239019409,12.48689670226404,13.804260256865263,13.246852381704041,0.0,0.0,0.0,0.0,7.100752112415951,7.049645695880329,7.195984538009646,7.114462532353187,24.01950824758855,23.970775308190916,24.06698710347034,23.98816098895052,nan,nan,nan,nan,nan,nan,nan,nan,nan,nan,nan,nan,nan,nan,nan,nan
2,adam,adam,AdamW,,adam,,,requested,1.6,nan,nominal,0.003,additive,1.0,mse,5.241849452616308e-30,120,120,1.0,0.23441632463514012,0.23131552338433553,0.2390156927163356,0.2369825790365855,0.23441632463514012,0.23131552338433553,0.2390156927163356,0.2369825790365855,0.24949507167266946,0.24558785192105967,0.25299053389905646,0.2508109776239348,5.996630252588908,5.943964312653437,6.033623395160947,6.001104044213484,0.16504035399173278,0.16080738231585778,0.1696550779181634,0.1656976785136055,0.0,0.0,0.0,0.0,0.0,0.0,0.0,0.0,13.133357045450165,12.744417667907335,13.547453886923972,13.086438643254569,0.0,0.0,0.0,0.0,7.126730406547462,7.072441796292471,7.209622330444733,7.135826666489242,23.867139437918937,23.81566527781478,23.94466576451045,23.85668851074542,nan,nan,nan,nan,nan,nan,nan,nan,nan,nan,nan,nan,nan,nan,nan,nan
2,adam,adam,AdamW,,adam,,,requested,1.6,nan,nominal,0.003,additive,1.0,mse,5.241849452616308e-30,130,130,1.0,0.21980918486736845,0.21712643395148773,0.2245208488058565,0.22255928214316192,0.21980918486736845,0.21712643395148773,0.2245208488058565,0.22255928214316192,0.23501006473611463,0.2322135956777517,0.23845530660067168,0.23679870519454238,5.9296037952851375,5.876833975385557,5.971886838990024,5.936241078907807,0.1584196602898481,0.1547185308638614,0.16145351627415877,0.1588682668581604,0.0,0.0,0.0,0.0,0.0,0.0,0.0,0.0,12.785793781219457,12.425824104668985,13.044361562063518,12.781944424341049,0.0,0.0,0.0,0.0,7.146544461678509,7.102517924737848,7.219211386865362,7.155866357875396,23.73822120262397,23.676886616513077,23.78976119937319,23.730187966397587,nan,nan,nan,nan,nan,nan,nan,nan,nan,nan,nan,nan,nan,nan,nan,nan
2,adam,adam,AdamW,,adam,,,requested,1.6,nan,nominal,0.003,additive,1.0,mse,5.241849452616308e-30,140,140,1.0,0.20693459373967282,0.20367255314639923,0.21244267432518482,0.20980918143200342,0.20693459373967282,0.20367255314639923,0.21244267432518482,0.20980918143200342,0.2222031247525233,0.2189911767319488,0.2264884593600641,0.22417755069386866,5.858151081872271,5.814335153776533,5.921658347180683,5.875162488043237,0.15166910830217326,0.14841159667763562,0.1545093563656944,0.1525810384172127,0.0,0.0,0.0,0.0,0.0,0.0,0.0,0.0,12.820043865454814,12.028137740010367,13.54872276781387,12.990874533859941,0.0,0.0,0.0,0.0,7.156947850947317,7.122563966708731,7.213978686401913,7.170117021224959,23.61133075025269,23.528350426696356,23.67528245154898,23.602877530432124,nan,nan,nan,nan,nan,nan,nan,nan,nan,nan,nan,nan,nan,nan,nan,nan
2,adam,adam,AdamW,,adam,,,requested,1.6,nan,nominal,0.003,additive,1.0,mse,5.241849452616308e-30,150,150,1.0,0.19570224944688952,0.19237383735086064,0.20052119976127303,0.19861578785937617,0.19570224944688952,0.19237383735086064,0.20052119976127303,0.19861578785937617,0.21101951928428656,0.2070778392928623,0.21449742647827158,0.21289858375371398,5.79703069954039,5.759959955331539,5.866857251056165,5.817590573948686,0.14593633389777833,0.1421824565251624,0.14813780763604226,0.14710341937213461,0.0,0.0,0.0,0.0,0.0,0.0,0.0,0.0,13.012082348171727,12.67095789889675,13.064263616808999,13.773261673043502,0.0,0.0,0.0,0.0,7.162457206263703,7.13944351080243,7.223251426093507,7.183231817218133,23.474482929845713,23.44045927646335,23.600420186438196,23.49839769676665,nan,nan,nan,nan,nan,nan,nan,nan,nan,nan,nan,nan,nan,nan,nan,nan
2,adam,adam,AdamW,,adam,,,requested,1.6,nan,nominal,0.003,additive,1.0,mse,5.241849452616308e-30,160,160,1.0,0.18573019499592391,0.18287575846081444,0.18944708615019204,0.1884972493205366,0.18573019499592391,0.18287575846081444,0.18944708615019204,0.1884972493205366,0.2007469042882602,0.19728562439439487,0.20388408079842982,0.20272026656717823,5.740557427065846,5.709410145705372,5.806483000257678,5.761173075290904,0.14080808590164176,0.13673081285607203,0.14360117080606782,0.14227893790613522,0.0,0.0,0.0,0.0,0.0,0.0,0.0,0.0,12.912303545271104,12.215605820303946,13.659242587322257,12.983991615357093,0.0,0.0,0.0,0.0,7.168661194233733,7.146628131987871,7.2547174921155415,7.195310305009192,23.368487402842486,23.285680349105128,23.452057734522345,23.386089673201845,nan,nan,nan,nan,nan,nan,nan,nan,nan,nan,nan,nan,nan,nan,nan,nan
2,adam,adam,AdamW,,adam,,,requested,1.6,nan,nominal,0.003,additive,1.0,mse,5.241849452616308e-30,170,170,1.0,0.17736079676341848,0.1743592333506484,0.18018953042587926,0.179577819745945,0.17736079676341848,0.1743592333506484,0.18018953042587926,0.179577819745945,0.19218158477300973,0.1885212396605868,0.19510493360459094,0.19380311470814074,5.695389001344571,5.6639657390338005,5.748928744222145,5.709361383159246,0.13646936927555905,0.13239199173883903,0.13943785450498125,0.1377678488004873,0.0,0.0,0.0,0.0,0.0,0.0,0.0,0.0,12.708064114802308,12.26074993760476,13.221686055898978,12.69942455879307,0.0,0.0,0.0,0.0,7.183492507234025,7.1615073015870285,7.291294985668105,7.207415446585303,23.23403461547237,23.135683481602918,23.352101620767428,23.276736980821287,nan,nan,nan,nan,nan,nan,nan,nan,nan,nan,nan,nan,nan,nan,nan,nan
2,adam,adam,AdamW,,adam,,,requested,1.6,nan,nominal,0.003,additive,1.0,mse,5.241849452616308e-30,180,180,1.0,0.17007363193622507,0.16683614663519986,0.17303482789270294,0.17206816328528807,0.17007363193622507,0.16683614663519986,0.17303482789270294,0.17206816328528807,0.18456439894335772,0.1808787082091768,0.18825992601576771,0.18629529536763165,5.653360682355542,5.626242603988342,5.69913632717281,5.664725850174158,0.13252170236981708,0.1297685677940949,0.135452714056982,0.13390049718755978,0.0,0.0,0.0,0.0,0.0,0.0,0.0,0.0,12.702569610498553,12.222954361357415,13.738517590434878,14.92549607796629,0.0,0.0,0.0,0.0,7.199775121557547,7.16290834294343,7.315012847234053,7.220010904011642,23.118934466237405,23.02053313142632,23.2270053197826,23.16119810294473,nan,nan,nan,nan,nan,nan,nan,nan,nan,nan,nan,nan,nan,nan,nan,nan
2,adam,adam,AdamW,,adam,,,requested,1.6,nan,nominal,0.003,additive,1.0,mse,5.241849452616308e-30,190,190,1.0,0.1636229601993956,0.16024304228709582,0.16870327067835778,0.1658062855784428,0.1636229601993956,0.16024304228709582,0.16870327067835778,0.1658062855784428,0.1790187917416547,0.17430005465363393,0.18229519625387652,0.18007122015681037,5.613997163507454,5.5880883071065455,5.669961950629938,5.626526209030759,0.13056343981211815,0.12625297065181043,0.13272495699751768,0.13081236224589465,0.0,0.0,0.0,0.0,0.0,0.0,0.0,0.0,12.947399300036714,12.245430352915442,13.340012473956865,13.070457350281325,0.0,0.0,0.0,0.0,7.213360447371983,7.180204862084745,7.328984321488531,7.240548293797816,23.01510865338944,22.949442706801996,23.162045491032856,23.07808963857719,nan,nan,nan,nan,nan,nan,nan,nan,nan,nan,nan,nan,nan,nan,nan,nan
2,adam,adam,AdamW,,adam,,,requested,1.6,nan,nominal,0.003,additive,1.0,mse,5.241849452616308e-30,200,200,1.0,0.1570964470436717,0.15391521220969773,0.16425137047994975,0.1597188448459608,0.1570964470436717,0.15391521220969773,0.16425137047994975,0.1597188448459608,0.17245892586032488,0.16790800499836112,0.1776259655377215,0.1739720150932315,5.576300327485976,5.550168819444026,5.641447546569962,5.590488687005397,0.12738055589815547,0.12217950097222645,0.13012682936237288,0.12727641609062434,0.0,0.0,0.0,0.0,0.0,0.0,0.0,0.0,12.181310955577992,11.708823848081186,12.688137655859501,12.186308808514857,0.0,0.0,0.0,0.0,7.218994874332392,7.191942096573767,7.340099076320628,7.257888913402791,22.920001093991406,22.889026318078102,23.09011316317845,23.001550783670254,nan,nan,nan,nan,nan,nan,nan,nan,nan,nan,nan,nan,nan,nan,nan,nan
2,adam,adam,AdamW,,adam,,,requested,1.6,nan,nominal,0.003,additive,1.0,mse,5.241849452616308e-30,210,210,1.0,0.15139730225880743,0.14831383394666242,0.15930995021681044,0.15420681388915441,0.15139730225880743,0.14831383394666242,0.15930995021681044,0.15420681388915441,0.16672502510508685,0.16254039449324703,0.1726047247545227,0.16849222621979248,5.54206767354684,5.514989143625133,5.606216289671748,5.5560170656160235,0.1237891422492462,0.11829641326906315,0.12748534598515182,0.12387397547851876,0.0,0.0,0.0,0.0,0.0,0.0,0.0,0.0,13.540836098261309,12.454352026116926,14.60350695581079,13.693963142665092,0.0,0.0,0.0,0.0,7.2232605932561125,7.198091503710641,7.346771793736788,7.267725556371992,22.82325233096332,22.79246059337975,23.014526019175186,22.922211063656878,nan,nan,nan,nan,nan,nan,nan,nan,nan,nan,nan,nan,nan,nan,nan,nan
2,adam,adam,AdamW,,adam,,,requested,1.6,nan,nominal,0.003,additive,1.0,mse,5.241849452616308e-30,220,220,1.0,0.14710509579318912,0.1438752069744918,0.15459274163639655,0.1494280491661119,0.14710509579318912,0.1438752069744918,0.15459274163639655,0.1494280491661119,0.1620878149481394,0.15851325692725102,0.16777177605652918,0.1636955763994647,5.515161919616327,5.482985346996429,5.571141829252214,5.524819131827234,0.12165026708083525,0.11608277703336385,0.12505905428627614,0.1212230381718657,0.0,0.0,0.0,0.0,0.0,0.0,0.0,0.0,12.141037155168085,11.465337217250406,12.965647860533814,12.150865252679356,0.0,0.0,0.0,0.0,7.243858206083356,7.208622187332874,7.370636631557856,7.285152413879783,22.79205367055065,22.69998355811714,22.910844769031,22.84580307698129,nan,nan,nan,nan,nan,nan,nan,nan,nan,nan,nan,nan,nan,nan,nan,nan
2,adam,adam,AdamW,,adam,,,requested,1.6,nan,nominal,0.003,additive,1.0,mse,5.241849452616308e-30,230,230,1.0,0.14316296242757345,0.13997393153033577,0.14965735550859366,0.1450022575508365,0.14316296242757345,0.13997393153033577,0.14965735550859366,0.1450022575508365,0.15776970789356315,0.15500748510784565,0.16279093212770662,0.1592392877602503,5.488492776246305,5.456387965228449,5.533501954499418,5.493495436525787,0.11956113936264662,0.11372539691533286,0.12191435219213971,0.11848434152153538,0.0,0.0,0.0,0.0,0.0,0.0,0.0,0.0,12.233400916533018,11.559962448322255,12.899278092241898,12.244017647554873,0.0,0.0,0.0,0.0,7.260961081780392,7.22536600727655,7.383681636056799,7.302575730357567,22.73626524134737,22.620776986825643,22.825165837373763,22.76496006704829,nan,nan,nan,nan,nan,nan,nan,nan,nan,nan,nan,nan,nan,nan,nan,nan
2,adam,adam,AdamW,,adam,,,requested,1.6,nan,nominal,0.003,additive,1.0,mse,5.241849452616308e-30,240,240,1.0,0.13922019466243968,0.1364738194258631,0.145293488647469,0.14097714664637018,0.13922019466243968,0.1364738194258631,0.145293488647469,0.14097714664637018,0.15406280629650104,0.1510785235610533,0.15840087917885232,0.1551211734607088,5.4595174066792955,5.431766995013304,5.501813308412688,5.463683056415775,0.11673517230749919,0.11172266379047173,0.11835235251858091,0.11579029536895477,0.0,0.0,0.0,0.0,0.0,0.0,0.0,0.0,12.871783562618687,11.874266997259028,13.828876002955393,13.195062680414557,0.0,0.0,0.0,0.0,7.268350002323757,7.218952401463024,7.386638699518412,7.309328202162659,22.68047025882911,22.569534012699428,22.74189797511729,22.686828665266972,nan,nan,nan,nan,nan,nan,nan,nan,nan,nan,nan,nan,nan,nan,nan,nan
2,adam,adam,AdamW,,adam,,,requested,1.6,nan,nominal,0.003,additive,1.0,mse,5.241849452616308e-30,250,250,1.0,0.13572454753630048,0.13264445432265315,0.14143253769454894,0.13739890217887618,0.13572454753630048,0.13264445432265315,0.14143253769454894,0.13739890217887618,0.15047507146038236,0.14739658132467154,0.15449867930368644,0.15144887133608645,5.438081255862468,5.403881636935652,5.4759347647401215,5.4379474628456865,0.11384314661821068,0.10991079142508993,0.11549197930873549,0.11343515882357719,0.0,0.0,0.0,0.0,0.0,0.0,0.0,0.0,12.91043831612864,11.4268373011388,13.399753916546377,12.583905783314165,0.0,0.0,0.0,0.0,7.275669592063816,7.225257377368471,7.392148524209365,7.314633663649722,22.609185040141828,22.512681356283736,22.68793343116013,22.61378633113102,nan,nan,nan,nan,nan,nan,nan,nan,nan,nan,nan,nan,nan,nan,nan,nan
2,adam,adam,AdamW,,adam,,,requested,1.6,nan,nominal,0.003,additive,1.0,mse,5.241849452616308e-30,260,260,1.0,0.1325101329249735,0.12917700059882364,0.13823738865059276,0.13412085461851786,0.1325101329249735,0.12917700059882364,0.13823738865059276,0.13412085461851786,0.14696403014157672,0.14366280759608624,0.15119986569118715,0.1480042988405098,5.415481936116141,5.37601770545341,5.452336057094881,5.413155320133824,0.1115366858758659,0.10800502331155712,0.11351288089259735,0.11138531369734782,0.0,0.0,0.0,0.0,0.0,0.0,0.0,0.0,11.64014540672347,11.243983086034033,13.347253613035868,12.235897234409137,0.0,0.0,0.0,0.0,7.284044527383117,7.221654689155193,7.4060985367768195,7.320769071004869,22.545925077783878,22.475115362350213,22.617584119386766,22.551538965691957,nan,nan,nan,nan,nan,nan,nan,nan,nan,nan,nan,nan,nan,nan,nan,nan
2,adam,adam,AdamW,,adam,,,requested,1.6,nan,nominal,0.003,additive,1.0,mse,5.241849452616308e-30,270,270,1.0,0.12973044492096925,0.12598190627847497,0.13550524421275184,0.13114387901479746,0.12973044492096925,0.12598190627847497,0.13550524421275184,0.13114387901479746,0.14392201104034438,0.1403662350260859,0.14835467619276024,0.14486854223473283,5.39514568175172,5.349302998297755,5.4300149124439265,5.389874829754936,0.10894703049063675,0.10623883184486302,0.11117038705180272,0.1092553483096291,0.0,0.0,0.0,0.0,0.0,0.0,0.0,0.0,11.728052786663469,11.35462012812916,11.924636718601779,11.679219454768196,0.0,0.0,0.0,0.0,7.291907248568645,7.219062979271956,7.419164966439453,7.325714790471149,22.49720191020502,22.420295981792542,22.564887928857168,22.500086098231023,nan,nan,nan,nan,nan,nan,nan,nan,nan,nan,nan,nan,nan,nan,nan,nan
2,adam,adam,AdamW,,adam,,,requested,1.6,nan,nominal,0.003,additive,1.0,mse,5.241849452616308e-30,280,280,1.0,0.12707459621247852,0.12373262652313197,0.1331325032203652,0.12861683858705897,0.12707459621247852,0.12373262652313197,0.1331325032203652,0.12861683858705897,0.14106244737445475,0.13796355158955548,0.14604201266342798,0.14220824268381768,5.371184243451723,5.329289931113675,5.404444174834265,5.368310939465834,0.10726548300704046,0.10443468516363281,0.10989064720532331,0.1076246029462026,0.0,0.0,0.0,0.0,0.0,0.0,0.0,0.0,12.07016399115314,11.664963466326073,13.040168872208085,12.236165158205937,0.0,0.0,0.0,0.0,7.296408614853657,7.221892757071519,7.417592284803932,7.324235591846003,22.461704875552392,22.370907963923518,22.52922473786601,22.45608845881715,nan,nan,nan,nan,nan,nan,nan,nan,nan,nan,nan,nan,nan,nan,nan,nan
2,adam,adam,AdamW,,adam,,,requested,1.6,nan,nominal,0.003,additive,1.0,mse,5.241849452616308e-30,290,290,1.0,0.12459693725334373,0.12168881274839477,0.13093218702017806,0.12630314790482444,0.12459693725334373,0.12168881274839477,0.13093218702017806,0.12630314790482444,0.13844158334895085,0.13592105433038842,0.14386815423914223,0.13987876711950942,5.350532274477379,5.312685096663957,5.380732524313475,5.348512514315666,0.1055211474160343,0.10269359988824535,0.10816981710706482,0.10592971676509622,0.0,0.0,0.0,0.0,0.0,0.0,0.0,0.0,12.223740648483627,11.563280672431537,12.354524812808624,11.91663239688279,0.0,0.0,0.0,0.0,7.3042409079836474,7.22931478397134,7.419235110028224,7.328964105763156,22.433476803026693,22.35854281233712,22.493408480942623,22.426619895998495,nan,nan,nan,nan,nan,nan,nan,nan,nan,nan,nan,nan,nan,nan,nan,nan
2,adam,adam,AdamW,,adam,,,requested,1.6,nan,nominal,0.003,additive,1.0,mse,5.241849452616308e-30,300,300,1.0,0.12259031053567873,0.11969612290899298,0.12865451443724293,0.12419320846222538,0.12259031053567873,0.11969612290899298,0.12865451443724293,0.12419320846222538,0.1363677135386189,0.1340370570634511,0.14155245560831528,0.13778290206684185,5.332530014785788,5.298478078066143,5.3609969577704515,5.331482142864479,0.10402756733133747,0.10114966729816613,0.10647044583041511,0.10447928845842508,0.0,0.0,0.0,0.0,0.0,0.0,0.0,0.0,11.79458175802213,11.176311839958421,12.868570576592017,12.686075763233669,0.0,0.0,0.0,0.0,7.310529348766377,7.236405477851896,7.420637119741189,7.33454759399738,22.38538135859215,22.330376880576964,22.466318306802982,22.39459483803198,nan,nan,nan,nan,nan,nan,nan,nan,nan,nan,nan,nan,nan,nan,nan,nan
2,adam,adam,AdamW,,adam,,,requested,1.6,nan,nominal,0.003,additive,1.0,mse,5.241849452616308e-30,310,310,1.0,0.12083250507789631,0.11765511168052611,0.12633082049560598,0.12224283356815259,0.12083250507789631,0.11765511168052611,0.12633082049560598,0.12224283356815259,0.13457630854090052,0.13200395401683934,0.13928978519553398,0.13582155934569182,5.317235719228433,5.282170617851699,5.344064796965355,5.314934350367518,0.10252770760896701,0.09992687324533381,0.10460666179800646,0.10300066452843554,0.0,0.0,0.0,0.0,0.0,0.0,0.0,0.0,11.959952288648248,11.645247082701907,12.281389616176984,12.100118467585897,0.0,0.0,0.0,0.0,7.315023112425877,7.243978540111621,7.422390316117695,7.33878130490497,22.34251139098639,22.278966360941027,22.43754574032855,22.362098676029873,nan,nan,nan,nan,nan,nan,nan,nan,nan,nan,nan,nan,nan,nan,nan,nan
2,adam,adam,AdamW,,adam,,,requested,1.6,nan,nominal,0.003,additive,1.0,mse,5.241849452616308e-30,320,320,1.0,0.11916300686691546,0.11595419098076995,0.12434685154167557,0.12051039591050938,0.11916300686691546,0.11595419098076995,0.12434685154167557,0.12051039591050938,0.1327962589616752,0.13029855303831958,0.1373392105098182,0.13403572340218048,5.301254174040697,5.2650829589416706,5.331097845018174,5.299714331034223,0.10119142254152012,0.0984346515650564,0.102968417381013,0.10155643476592338,0.0,0.0,0.0,0.0,0.0,0.0,0.0,0.0,11.453084174893187,11.240184674011887,11.758162922823104,11.749644243629366,0.0,0.0,0.0,0.0,7.320550831813321,7.248526335005517,7.425744670127581,7.34301284732852,22.307249145758824,22.233135814805493,22.403866469612904,22.329892761106727,nan,nan,nan,nan,nan,nan,nan,nan,nan,nan,nan,nan,nan,nan,nan,nan
2,adam,adam,AdamW,,adam,,,requested,1.6,nan,nominal,0.003,additive,1.0,mse,5.241849452616308e-30,330,330,1.0,0.11768430657029043,0.11465297219252206,0.12259737234772583,0.11894509274146892,0.11768430657029043,0.11465297219252206,0.12259737234772583,0.11894509274146892,0.13121038923285566,0.12897862930042708,0.13561721405758667,0.13242975907138782,5.288003119497025,5.252764549526806,5.316298010967764,5.285563037387476,0.10009765412171594,0.09724370321168319,0.10177554801908167,0.1003078473495866,0.0,0.0,0.0,0.0,0.0,0.0,0.0,0.0,12.511107864255543,11.79139593729161,13.407988959855148,12.597938793628176,0.0,0.0,0.0,0.0,7.329928153012987,7.257113441808064,7.427131155337644,7.348378836965769,22.28137580034212,22.18643376722742,22.40347776314874,22.30902744513713,nan,nan,nan,nan,nan,nan,nan,nan,nan,nan,nan,nan,nan,nan,nan,nan
2,adam,adam,AdamW,,adam,,,requested,1.6,nan,nominal,0.003,additive,1.0,mse,5.241849452616308e-30,340,340,1.0,0.11627279231882673,0.11345295173734826,0.1210909916237659,0.11759400091620968,0.11627279231882673,0.11345295173734826,0.1210909916237659,0.11759400091620968,0.12989537318842198,0.12749875071780237,0.13417640045142443,0.1310523156704857,5.277200909521149,5.242779326796116,5.302920551551083,5.2738554291486714,0.09900626611489985,0.09601204436722305,0.1007151221360278,0.09923284732960677,0.0,0.0,0.0,0.0,0.0,0.0,0.0,0.0,12.335441474332724,11.894668150626165,12.807901195963996,12.789477519772603,0.0,0.0,0.0,0.0,7.331119334306706,7.263097467231821,7.426937272647596,7.350241105644683,22.257500942096527,22.153358653208382,22.390609439591593,22.289841041705092,nan,nan,nan,nan,nan,nan,nan,nan,nan,nan,nan,nan,nan,nan,nan,nan
2,adam,adam,AdamW,,adam,,,requested,1.6,nan,nominal,0.003,additive,1.0,mse,5.241849452616308e-30,350,350,1.0,0.11509718012200154,0.11231479770665485,0.11982981922799003,0.11641703356087438,0.11509718012200154,0.11231479770665485,0.11982981922799003,0.11641703356087438,0.12864913013206936,0.12626726195644064,0.13297303646154365,0.12983474860039845,5.266764210188162,5.2320348454690535,5.291037053419441,5.262831278494579,0.09803266272830166,0.09522464967903561,0.09990243910063838,0.09835353501363006,0.0,0.0,0.0,0.0,0.0,0.0,0.0,0.0,11.250852189496602,10.647154132871979,12.231857490658243,11.748164180016852,0.0,0.0,0.0,0.0,7.33083371934376,7.263441656594693,7.421075600103727,7.3495551802819445,22.241104490209345,22.12862749936336,22.35865758483367,22.267299712020673,nan,nan,nan,nan,nan,nan,nan,nan,nan,nan,nan,nan,nan,nan,nan,nan
2,adam,adam,AdamW,,adam,,,requested,1.6,nan,nominal,0.003,additive,1.0,mse,5.241849452616308e-30,360,360,1.0,0.11420798411951746,0.11129744919018714,0.11872740800982864,0.11542823873748048,0.11420798411951746,0.11129744919018714,0.11872740800982864,0.11542823873748048,0.1275826081702242,0.1252744247262641,0.13189927525854647,0.12880780251372517,5.25648656418361,5.222530305143093,5.281680962119436,5.25362907652472,0.09728875247783823,0.09462321376778396,0.0991098482023387,0.0975833117334192,0.0,0.0,0.0,0.0,0.0,0.0,0.0,0.0,11.898783614721737,11.698709590539178,12.358658457778185,12.459465134560917,0.0,0.0,0.0,0.0,7.332580195593998,7.264763364976075,7.420542046203831,7.3492052670880526,22.22135529025571,22.106452253471023,22.34486468021577,22.24514451770017,nan,nan,nan,nan,nan,nan,nan,nan,nan,nan,nan,nan,nan,nan,nan,nan
2,adam,adam,AdamW,,adam,,,requested,1.6,nan,nominal,0.003,additive,1.0,mse,5.241849452616308e-30,370,370,1.0,0.11331907935905004,0.11033983935488999,0.11774302399927135,0.11451179203401826,0.11331907935905004,0.11033983935488999,0.11774302399927135,0.11451179203401826,0.12656666586084298,0.12436410647850621,0.1308521967615346,0.12784140960062204,5.246837770219917,5.2145412094345565,5.271353923679747,5.245189332138069,0.09642859753825415,0.09381920575355626,0.09853051910807346,0.09682119799281397,0.0,0.0,0.0,0.0,0.0,0.0,0.0,0.0,12.377236828276537,11.986060321263128,13.502806489302245,12.665403152005883,0.0,0.0,0.0,0.0,7.33388425156315,7.267775938946204,7.424952489248814,7.350848442258103,22.196781924847556,22.085319779400233,22.3353256262768,22.226629681497286,nan,nan,nan,nan,nan,nan,nan,nan,nan,nan,nan,nan,nan,nan,nan,nan
2,adam,adam,AdamW,,adam,,,requested,1.6,nan,nominal,0.003,additive,1.0,mse,5.241849452616308e-30,380,380,1.0,0.11246547198620599,0.10956753068365285,0.11686509270528822,0.11370499153071945,0.11246547198620599,0.10956753068365285,0.11686509270528822,0.11370499153071945,0.12568648556135326,0.12353464002577633,0.12993939042515731,0.1269913578311071,5.238966398036257,5.207305586331289,5.262526515669121,5.237468078401944,0.09563031709645936,0.09287917921771494,0.09799086640866111,0.09610366645528401,0.0,0.0,0.0,0.0,0.0,0.0,0.0,0.0,11.956816255005357,11.737593602842155,12.921229526868517,12.09936478359743,0.0,0.0,0.0,0.0,7.33842919790821,7.273455733409066,7.4276681418930295,7.353944752120125,22.18183614870286,22.065814775810786,22.32861737190514,22.21238631199961,nan,nan,nan,nan,nan,nan,nan,nan,nan,nan,nan,nan,nan,nan,nan,nan
2,adam,adam,AdamW,,adam,,,requested,1.6,nan,nominal,0.003,additive,1.0,mse,5.241849452616308e-30,390,390,1.0,0.11179273826684866,0.10890565808700646,0.11622350165952186,0.11303991733075575,0.11179273826684866,0.10890565808700646,0.11622350165952186,0.11303991733075575,0.12493705523293211,0.12288712523782155,0.12929729343566077,0.12630372053208477,5.232320086511656,5.201137985124456,5.255967354019665,5.230944593383619,0.09507879040321537,0.09225518237869379,0.09754385018517475,0.09555356974621716,0.0,0.0,0.0,0.0,0.0,0.0,0.0,0.0,12.273726854224371,11.776528007206919,13.754221714453937,13.123141854054046,0.0,0.0,0.0,0.0,7.340450044492298,7.277542644469261,7.428092158225261,7.355819591643087,22.178468701797307,22.053614992073662,22.322362007778157,22.205014239717226,nan,nan,nan,nan,nan,nan,nan,nan,nan,nan,nan,nan,nan,nan,nan,nan
2,adam,adam,AdamW,,adam,,,requested,1.6,nan,nominal,0.003,additive,1.0,mse,5.241849452616308e-30,400,400,1.0,0.1112040752395643,0.10838906926873162,0.11567310884877356,0.11247084749147558,0.1112040752395643,0.10838906926873162,0.11567310884877356,0.11247084749147558,0.1243405762843246,0.12228480875301269,0.12875801673107654,0.12571642863615995,5.226606320500808,5.196073439067765,5.2506924304194245,5.2257480641331,0.09462033710922409,0.09183669372723699,0.0971192447951455,0.09508358636437933,0.0,0.0,0.0,0.0,0.0,0.0,0.0,0.0,11.982293279901459,11.809171977834103,12.360325478819371,12.18118173030659,0.0,0.0,0.0,0.0,7.338856351662081,7.276809107731987,7.428178326877195,7.355091496683394,22.167800613177754,22.051833822670105,22.31056166031717,22.194722473336046,nan,nan,nan,nan,nan,nan,nan,nan,nan,nan,nan,nan,nan,nan,nan,nan
2,adam,adam,AdamW,,adam,,,requested,1.6,nan,nominal,0.003,additive,1.0,mse,5.241849452616308e-30,410,410,1.0,0.11070195932767062,0.10796991497950024,0.11516386682496477,0.11198355368740802,0.11070195932767062,0.10796991497950024,0.11516386682496477,0.11198355368740802,0.12387864945011334,0.12177615485703994,0.1282419352005299,0.1252242356688909,5.222044613819982,5.192175468284253,5.245953908604621,5.221550604501099,0.09424295381754466,0.0913594695865046,0.09670264102272089,0.09463539400655105,0.0,0.0,0.0,0.0,0.0,0.0,0.0,0.0,12.234813670257441,11.487408032261932,12.585124767097989,12.240272076097074,0.0,0.0,0.0,0.0,7.339340661739513,7.2764642817652225,7.427681668384761,7.355082970289288,22.15653779203051,22.047551691061262,22.29829027394038,22.18504249253036,nan,nan,nan,nan,nan,nan,nan,nan,nan,nan,nan,nan,nan,nan,nan,nan
2,adam,adam,AdamW,,adam,,,requested,1.6,nan,nominal,0.003,additive,1.0,mse,5.241849452616308e-30,420,420,1.0,0.11028630140709975,0.1075986135089067,0.11470540162746186,0.11156246937656875,0.11028630140709975,0.1075986135089067,0.11470540162746186,0.11156246937656875,0.12348590361529965,0.12134604269684435,0.12778298514297876,0.12480152615711103,5.217497829083782,5.188657839393919,5.242033178121989,5.217735381543797,0.09390348826182182,0.09095858964320781,0.09622977204036454,0.09422866002265448,0.0,0.0,0.0,0.0,0.0,0.0,0.0,0.0,12.339933913052366,11.508813849668886,14.268436366870908,13.023169631479844,0.0,0.0,0.0,0.0,7.3400166467350685,7.27722662900654,7.427255073425084,7.355429521204649,22.147742682519677,22.042729161345406,22.291154108445188,22.177435344812974,nan,nan,nan,nan,nan,nan,nan,nan,nan,nan,nan,nan,nan,nan,nan,nan
2,adam,adam,AdamW,,adam,,,requested,1.6,nan,nominal,0.003,additive,1.0,mse,5.241849452616308e-30,430,430,1.0,0.10995264944896344,0.10730875310416335,0.11435972477595405,0.11123314741774443,0.10995264944896344,0.10730875310416335,0.11435972477595405,0.11123314741774443,0.12316031411705725,0.1210228378825332,0.12745085156357744,0.12446594090749942,5.2141813937171655,5.186174649047102,5.239405971479769,5.214884903548288,0.09361242021642968,0.09065927652216811,0.09593410185850564,0.09392515830376122,0.0,0.0,0.0,0.0,0.0,0.0,0.0,0.0,12.261704461390721,11.523719915289574,12.641699256464326,12.285543702180364,0.0,0.0,0.0,0.0,7.33964234587259,7.278317064615431,7.4262263198411995,7.35528837009546,22.143055326328767,22.035743580090035,22.287677612084785,22.172113438869815,nan,nan,nan,nan,nan,nan,nan,nan,nan,nan,nan,nan,nan,nan,nan,nan
2,adam,adam,AdamW,,adam,,,requested,1.6,nan,nominal,0.003,additive,1.0,mse,5.241849452616308e-30,440,440,1.0,0.10967149789518327,0.1070480562332732,0.11407707679614872,0.11095570999314666,0.10967149789518327,0.1070480562332732,0.11407707679614872,0.11095570999314666,0.12286467425521376,0.12073235136206305,0.1271699948095217,0.12417563953668563,5.211414523304782,5.184042538042953,5.237394881371009,5.212531189751305,0.09336565526912238,0.09041316912879678,0.09567540017412675,0.09366939837673958,0.0,0.0,0.0,0.0,0.0,0.0,0.0,0.0,11.162609252546932,10.85840689506164,11.650685259662733,11.403571563632713,0.0,0.0,0.0,0.0,7.339847810250024,7.278607622568435,7.4260754381336795,7.355530541742658,22.13851373518647,22.028710199522585,22.282788373251265,22.1662578436871,nan,nan,nan,nan,nan,nan,nan,nan,nan,nan,nan,nan,nan,nan,nan,nan
2,adam,adam,AdamW,,adam,,,requested,1.6,nan,nominal,0.003,additive,1.0,mse,5.241849452616308e-30,450,450,1.0,0.10946226819611016,0.10685406461842703,0.11385901851647162,0.11074663103265936,0.10946226819611016,0.10685406461842703,0.11385901851647162,0.11074663103265936,0.12265130452078574,0.12050252237065852,0.12695249514799534,0.12395581982737135,5.2092744357077585,5.182324748318325,5.2356784046917735,5.210609905075818,0.09319316313742768,0.09023643907170388,0.09550787656797825,0.0934829862119031,0.0,0.0,0.0,0.0,0.0,0.0,0.0,0.0,12.247961744801968,11.335411862157265,13.610547757983475,12.497943283746359,0.0,0.0,0.0,0.0,7.340161691266379,7.277970839179521,7.427404923084663,7.3557360826851586,22.135772255944392,22.02258507522939,22.27962469687734,22.16252322024049,nan,nan,nan,nan,nan,nan,nan,nan,nan,nan,nan,nan,nan,nan,nan,nan
2,adam,adam,AdamW,,adam,,,requested,1.6,nan,nominal,0.003,additive,1.0,mse,5.241849452616308e-30,460,460,1.0,0.10932525359121412,0.10672030540433156,0.11368878555941114,0.11059317445863295,0.10932525359121412,0.10672030540433156,0.11368878555941114,0.11059317445863295,0.12250924170404784,0.12034635919856171,0.12678499880533467,0.12379622855091764,5.207915632756196,5.180975249491938,5.234114471397995,5.20919942064874,0.093074786568835,0.09011591958740531,0.09534643103097835,0.09334511667492153,0.0,0.0,0.0,0.0,0.0,0.0,0.0,0.0,11.305832119480872,10.833249534435904,12.94720481162952,11.739566444787242,0.0,0.0,0.0,0.0,7.340395349754555,7.277379847333769,7.427822335840388,7.35561023074407,22.133881484384304,22.01798703351154,22.276390727401463,22.159507475352605,nan,nan,nan,nan,nan,nan,nan,nan,nan,nan,nan,nan,nan,nan,nan,nan
2,adam,adam,AdamW,,adam,,,requested,1.6,nan,nominal,0.003,additive,1.0,mse,5.241849452616308e-30,470,470,1.0,0.10921038215417317,0.10661806725021059,0.1135612691274546,0.11047921949571667,0.10921038215417317,0.10661806725021059,0.1135612691274546,0.11047921949571667,0.12239129120771866,0.12022766331026644,0.1266533985716237,0.12367677216998352,5.206926314053044,5.1800289709148295,5.232973383948425,5.2081671090033055,0.09297492507825965,0.09001821514118058,0.09523780030026216,0.09324403393138815,0.0,0.0,0.0,0.0,0.0,0.0,0.0,0.0,12.569615949766428,11.273211643475754,13.363235766534718,12.862286834047808,0.0,0.0,0.0,0.0,7.340379472015902,7.276963886472546,7.428318484837129,7.355660956530951,22.131514193893757,22.014765062386225,22.27353936101518,22.157006924763813,nan,nan,nan,nan,nan,nan,nan,nan,nan,nan,nan,nan,nan,nan,nan,nan
2,adam,adam,AdamW,,adam,,,requested,1.6,nan,nominal,0.003,additive,1.0,mse,5.241849452616308e-30,480,480,1.0,0.10911696229382487,0.10653528832023851,0.11347358601727704,0.11039258719254785,0.10911696229382487,0.10653528832023851,0.11347358601727704,0.11039258719254785,0.12230104582047394,0.12013077040650895,0.12656568569117135,0.12358809386596045,5.206184296218593,5.179265741377318,5.232136899462185,5.20741430552981,0.09288732175083936,0.08992602767246022,0.09516090608126038,0.09316211111302136,0.0,0.0,0.0,0.0,0.0,0.0,0.0,0.0,11.583931947439403,11.370449824096394,11.734814492984482,11.422903441235713,0.0,0.0,0.0,0.0,7.340636431729861,7.276884781160266,7.42859692652084,7.355789517700085,22.129495941774124,22.013437847737972,22.271275867072205,22.155073054735883,nan,nan,nan,nan,nan,nan,nan,nan,nan,nan,nan,nan,nan,nan,nan,nan
2,adam,adam,AdamW,,adam,,,requested,1.6,nan,nominal,0.003,additive,1.0,mse,5.241849452616308e-30,490,490,1.0,0.10904734959080818,0.10647258861443568,0.11341573378099054,0.11033011429107317,0.10904734959080818,0.10647258861443568,0.11341573378099054,0.11033011429107317,0.1222371287430793,0.12005344129264217,0.12650730935260368,0.1235248533906931,5.205611620678343,5.178724590209416,5.231614830591225,5.2069014711068675,0.09282850876911083,0.08984449244488198,0.09510883220463148,0.09310148981141678,0.0,0.0,0.0,0.0,0.0,0.0,0.0,0.0,11.334545930754958,11.01094051350174,11.689778197189522,11.234565159673085,0.0,0.0,0.0,0.0,7.340597770990419,7.276662504723688,7.428845430278701,7.355766552320558,22.12806666241197,22.01238339147251,22.27030332518932,22.153948109729118,nan,nan,nan,nan,nan,nan,nan,nan,nan,nan,nan,nan,nan,nan,nan,nan
2,adam,adam,AdamW,,adam,,,requested,1.6,nan,nominal,0.003,additive,1.0,mse,5.241849452616308e-30,500,500,1.0,0.10899436045986485,0.10642099722460202,0.11336352950803712,0.11027776509265544,0.10899436045986485,0.10642099722460202,0.11336352950803712,0.11027776509265544,0.12218531234146854,0.11999567160176969,0.12645490052326747,0.1234717176871773,5.205100903837254,5.178259784839629,5.2311342597551755,5.206436040713351,0.09277652505233347,0.08978730078038841,0.09504402116132407,0.09304910847376083,0.0,0.0,0.0,0.0,0.0,0.0,0.0,0.0,12.08037493865218,10.965469590121032,14.458305657355126,12.625873386469696,0.0,0.0,0.0,0.0,7.340445234161981,7.276753805067433,7.428965561685748,7.355682577716889,22.127091675735905,22.01140318187114,22.26952114125488,22.15307789914397,nan,nan,nan,nan,nan,nan,nan,nan,nan,nan,nan,nan,nan,nan,nan,nan
2,adam,adam,AdamW,,adam,,,requested,2.0,nan,nominal,0.003,additive,1.0,mse,5.241849452616308e-30,0,0,1.0,1.0418358611002518,1.0418358611002518,1.0418358611002518,1.0418358611002518,1.0418358611002518,1.0418358611002518,1.0418358611002518,1.0418358611002518,1.0142169620491983,1.0142169620491983,1.0142169620491983,1.0142169620491983,8.041259446541174,8.041259446541174,8.041259446541174,8.041259446541174,0.6001744541469579,0.6001744541469579,0.6001744541469579,0.6001744541469579,0.0,0.0,0.0,0.0,0.0,0.0,0.0,0.0,0.0,0.0,0.0,0.0,0.0,0.0,0.0,0.0,6.9224601109148445,6.9224601109148445,6.9224601109148445,6.9224601109148445,23.97018795689393,23.97018795689393,23.97018795689393,23.97018795689393,nan,nan,nan,nan,nan,nan,nan,nan,nan,nan,nan,nan,nan,nan,nan,nan
2,adam,adam,AdamW,,adam,,,requested,2.0,nan,nominal,0.003,additive,1.0,mse,5.241849452616308e-30,10,10,1.0,0.7423847821216086,0.737838961896724,0.7451432014025354,0.7417387201556573,0.7423847821216086,0.737838961896724,0.7451432014025354,0.7417387201556573,0.7337268110766099,0.7301582313456758,0.7372771697977696,0.733632946674303,7.468855220645121,7.454751918109001,7.483130722907707,7.466677831832363,0.40388111630263085,0.4029746486632312,0.40441731138588427,0.4038722915910185,0.0,0.0,0.0,0.0,0.0,0.0,0.0,0.0,24.999211193588238,24.782487424670578,25.16456379231692,24.986449300901995,0.0,0.0,0.0,0.0,6.9344757767739775,6.920208960987322,6.942817039247726,6.925294572837958,24.48916238224126,24.45698328979912,24.533210802212352,24.496838897791513,nan,nan,nan,nan,nan,nan,nan,nan,nan,nan,nan,nan,nan,nan,nan,nan
2,adam,adam,AdamW,,adam,,,requested,2.0,nan,nominal,0.003,additive,1.0,mse,5.241849452616308e-30,20,20,1.0,0.5751524144087727,0.5722527915794412,0.5766228164722961,0.5746678938907163,0.5751524144087727,0.5722527915794412,0.5766228164722961,0.5746678938907163,0.575498864262489,0.5731367118026992,0.5777140873413588,0.5754262529229135,7.080248484110072,7.06620019188265,7.089548494763235,7.076533750476991,0.3037957542557874,0.30186742957961277,0.30548921033632104,0.3035540093120337,0.0,0.0,0.0,0.0,0.0,0.0,0.0,0.0,20.221726442957728,20.054818064877495,20.361967756728205,20.214919302209708,0.0,0.0,0.0,0.0,6.916851031018139,6.904529050404714,6.924042119416187,6.912363255491785,24.70175480351433,24.668516997280566,24.7484084710851,24.712624580142233,nan,nan,nan,nan,nan,nan,nan,nan,nan,nan,nan,nan,nan,nan,nan,nan
2,adam,adam,AdamW,,adam,,,requested,2.0,nan,nominal,0.003,additive,1.0,mse,5.241849452616308e-30,30,30,1.0,0.4701106884144119,0.46764358448698046,0.4729637362683571,0.47013006232884297,0.4701106884144119,0.46764358448698046,0.4729637362683571,0.47013006232884297,0.4755242031805927,0.4721729104762594,0.47784636098762967,0.4751470719004887,6.797016681497587,6.767130484031434,6.80325992018546,6.788165141315357,0.2527478386986563,0.2521839422850203,0.2541640566259939,0.2530450662961473,0.0,0.0,0.0,0.0,0.0,0.0,0.0,0.0,17.6751059803562,17.526755667751047,17.744472942366368,17.639444763057206,0.0,0.0,0.0,0.0,6.913709365034197,6.893207103136101,6.944687921963093,6.913490833632232,24.74586620712182,24.718620899600253,24.80353386688069,24.755933412120044,nan,nan,nan,nan,nan,nan,nan,nan,nan,nan,nan,nan,nan,nan,nan,nan
2,adam,adam,AdamW,,adam,,,requested,2.0,nan,nominal,0.003,additive,1.0,mse,5.241849452616308e-30,40,40,1.0,0.3966116517553885,0.394648641372028,0.40017948201798914,0.39702137310435925,0.3966116517553885,0.394648641372028,0.40017948201798914,0.39702137310435925,0.4045453573667418,0.4021365421647476,0.40817169127239106,0.4046530407443295,6.568643400611974,6.54360652151356,6.576241181796408,6.561314342070073,0.22497427956541127,0.22389755959994717,0.2255731614169952,0.22484588981703538,0.0,0.0,0.0,0.0,0.0,0.0,0.0,0.0,16.177511257757807,15.852910493131006,16.263393832790864,16.10511387151186,0.0,0.0,0.0,0.0,6.922529649410244,6.894196093679578,6.954848795626908,6.919929802247631,24.71058872550741,24.657894480310212,24.74927719294709,24.69302713164024,nan,nan,nan,nan,nan,nan,nan,nan,nan,nan,nan,nan,nan,nan,nan,nan
2,adam,adam,AdamW,,adam,,,requested,2.0,nan,nominal,0.003,additive,1.0,mse,5.241849452616308e-30,50,50,1.0,0.34025010141195333,0.3380440351235211,0.3415031788412802,0.33996587041650866,0.34025010141195333,0.3380440351235211,0.3415031788412802,0.33996587041650866,0.3500406235226966,0.3475751702114042,0.3510615037822977,0.3493647194586282,6.367164970791787,6.359908895004043,6.382157033461496,6.367742621935043,0.20463277585786505,0.20357327161790528,0.20541328746455045,0.20462134992049136,0.0,0.0,0.0,0.0,0.0,0.0,0.0,0.0,15.279484312169906,14.992930677024976,15.595793340419366,15.273458047731827,0.0,0.0,0.0,0.0,6.93341199052403,6.9009074745004195,6.974421816234537,6.930819885355318,24.58511607396885,24.543391336162625,24.63710106662773,24.57070004260371,nan,nan,nan,nan,nan,nan,nan,nan,nan,nan,nan,nan,nan,nan,nan,nan
2,adam,adam,AdamW,,adam,,,requested,2.0,nan,nominal,0.003,additive,1.0,mse,5.241849452616308e-30,60,60,1.0,0.29297530343506134,0.29174498213811617,0.29423159571110236,0.2932780297998041,0.29297530343506134,0.29174498213811617,0.29423159571110236,0.2932780297998041,0.3036587121269133,0.3024541899218782,0.3061129198227944,0.304137049442888,6.2003003961725405,6.186222946280422,6.2097592251702505,6.196124489342962,0.1869846063570725,0.1854743288263014,0.1880700246879406,0.18722264155495472,0.0,0.0,0.0,0.0,0.0,0.0,0.0,0.0,14.730728969083593,14.274749805275542,15.071889626440147,14.708226084535408,0.0,0.0,0.0,0.0,6.939092388767902,6.916012073446467,6.984494319956141,6.944728050705162,24.39786834708866,24.31603165167406,24.44870386509265,24.385760863074978,nan,nan,nan,nan,nan,nan,nan,nan,nan,nan,nan,nan,nan,nan,nan,nan
2,adam,adam,AdamW,,adam,,,requested,2.0,nan,nominal,0.003,additive,1.0,mse,5.241849452616308e-30,70,70,1.0,0.25551415522356596,0.2532128540020121,0.2573074630048074,0.2554338251615786,0.25551415522356596,0.2532128540020121,0.2573074630048074,0.2554338251615786,0.26746633622542837,0.2652575327620102,0.26990504841243684,0.26752538583069263,6.050257051988728,6.037499172342521,6.062126948575114,6.045093581684877,0.171212423289895,0.1700629609186366,0.17299580941326548,0.1716326454107462,0.0,0.0,0.0,0.0,0.0,0.0,0.0,0.0,14.15853769420071,13.975552520321294,14.273990694663091,14.155154139910362,0.0,0.0,0.0,0.0,6.951704525627928,6.917953593123125,7.002273649292409,6.958458847803255,24.174029743983255,24.09406206068828,24.21905714126763,24.15874523261749,nan,nan,nan,nan,nan,nan,nan,nan,nan,nan,nan,nan,nan,nan,nan,nan
2,adam,adam,AdamW,,adam,,,requested,2.0,nan,nominal,0.003,additive,1.0,mse,5.241849452616308e-30,80,80,1.0,0.22405560789137863,0.22125498520741288,0.22545808870678907,0.22388737613414877,0.22405560789137863,0.22125498520741288,0.22545808870678907,0.22388737613414877,0.23687827123266858,0.23463773074332092,0.23919607503050602,0.23692723523676262,5.908945590321628,5.900457175011935,5.926942674824023,5.904797789255585,0.15637361564453509,0.15572681228160573,0.15763768039419226,0.15692620871020613,0.0,0.0,0.0,0.0,0.0,0.0,0.0,0.0,14.071763357386367,13.771640151129201,14.209634438428845,14.25223068267152,0.0,0.0,0.0,0.0,6.978834847429742,6.92744004940487,7.014427752684005,6.980071356707174,23.895239732348273,23.796580749449944,23.985917416443492,23.893947087402825,nan,nan,nan,nan,nan,nan,nan,nan,nan,nan,nan,nan,nan,nan,nan,nan
2,adam,adam,AdamW,,adam,,,requested,2.0,nan,nominal,0.003,additive,1.0,mse,5.241849452616308e-30,90,90,1.0,0.19869074373985385,0.19638664905479564,0.1999360618787878,0.1984914437165663,0.19869074373985385,0.19638664905479564,0.1999360618787878,0.1984914437165663,0.2124131836185299,0.20930692021984934,0.214227999526662,0.21217554648517278,5.780680470888896,5.764848207693124,5.79897888802479,5.7778620017590265,0.14447597866800688,0.1432329327138135,0.14494812181983496,0.1442808245500768,0.0,0.0,0.0,0.0,0.0,0.0,0.0,0.0,13.87473747407576,13.812450889135345,14.032393386628911,14.053705347048378,0.0,0.0,0.0,0.0,6.993552556702605,6.93016299807723,7.039996297617793,6.995370561413191,23.67797228318096,23.52053378541607,23.738049832170134,23.641775410580998,nan,nan,nan,nan,nan,nan,nan,nan,nan,nan,nan,nan,nan,nan,nan,nan
2,adam,adam,AdamW,,adam,,,requested,2.0,nan,nominal,0.003,additive,1.0,mse,5.241849452616308e-30,100,100,1.0,0.1779961573086584,0.17622132082715272,0.17977499727294804,0.17790724374015154,0.1779961573086584,0.17622132082715272,0.17977499727294804,0.17790724374015154,0.19250584446594024,0.18911262752243563,0.19433827485294325,0.19199036005256004,5.6685663146448135,5.645112520497637,5.6903195354182,5.665160754562405,0.1343557053656963,0.1323436945346641,0.13510856652466013,0.13393671562625542,0.0,0.0,0.0,0.0,0.0,0.0,0.0,0.0,13.386818993146399,13.184241907269584,13.77152779437321,13.516513658934842,0.0,0.0,0.0,0.0,7.004459430698711,6.935268033204254,7.0676411772154335,7.015530199567774,23.433480523006352,23.25938393884571,23.512561061624215,23.394899947489463,nan,nan,nan,nan,nan,nan,nan,nan,nan,nan,nan,nan,nan,nan,nan,nan
2,adam,adam,AdamW,,adam,,,requested,2.0,nan,nominal,0.003,additive,1.0,mse,5.241849452616308e-30,110,110,1.0,0.16114784416126599,0.1595736007789838,0.16288403399753365,0.16094291721853005,0.16114784416126599,0.1595736007789838,0.16288403399753365,0.16094291721853005,0.17573937969054354,0.17267055152816688,0.17760219562168106,0.17523447906023182,5.567329379020232,5.543763171577806,5.5887787599760745,5.566002176823701,0.1248183847967593,0.12307820908059655,0.12609523057903055,0.124619760105961,0.0,0.0,0.0,0.0,0.0,0.0,0.0,0.0,13.30685778242724,13.173831754306644,13.619639018003879,13.749642695911492,0.0,0.0,0.0,0.0,7.030479396044997,6.953814134252878,7.098269918884458,7.039847754026745,23.149751041767722,22.991279651582047,23.311001642595407,23.152357880889326,nan,nan,nan,nan,nan,nan,nan,nan,nan,nan,nan,nan,nan,nan,nan,nan
2,adam,adam,AdamW,,adam,,,requested,2.0,nan,nominal,0.003,additive,1.0,mse,5.241849452616308e-30,120,120,1.0,0.14686455167445892,0.1463718743596971,0.14872291083325254,0.14708383401074598,0.14686455167445892,0.1463718743596971,0.14872291083325254,0.14708383401074598,0.16181928733932716,0.1592244679640007,0.1632414837810525,0.1614460991392252,5.469230427854409,5.44173458391298,5.509374026183069,5.4768048279424235,0.1166523578911452,0.11573459659365706,0.11790186576046105,0.11671494122619337,0.0,0.0,0.0,0.0,0.0,0.0,0.0,0.0,13.489958193013308,13.173943354238297,13.696852594645144,13.427622611455003,0.0,0.0,0.0,0.0,7.068665544663098,6.981582260553057,7.135487071802141,7.0623444290751225,22.944202618933218,22.76529824560729,23.08652806125159,22.933698963803018,nan,nan,nan,nan,nan,nan,nan,nan,nan,nan,nan,nan,nan,nan,nan,nan
2,adam,adam,AdamW,,adam,,,requested,2.0,nan,nominal,0.003,additive,1.0,mse,5.241849452616308e-30,130,130,1.0,0.1348151342527445,0.1341338132027583,0.1366149007291501,0.13509691681876174,0.1348151342527445,0.1341338132027583,0.1366149007291501,0.13509691681876174,0.14954198781366085,0.14705237117069062,0.15082602133819836,0.1493336851445714,5.379044907114352,5.347071211338425,5.430939811888072,5.389412178506343,0.10895402416098472,0.10857090072233473,0.11041974220534598,0.10943657392785046,0.0,0.0,0.0,0.0,0.0,0.0,0.0,0.0,13.143680418050863,12.878176018198426,13.318148996889377,13.096464776270832,0.0,0.0,0.0,0.0,7.089518769517292,7.01755042752123,7.171892587735471,7.086870934244323,22.741710585848942,22.53972059215631,22.882619793798227,22.7185836139508,nan,nan,nan,nan,nan,nan,nan,nan,nan,nan,nan,nan,nan,nan,nan,nan
2,adam,adam,AdamW,,adam,,,requested,2.0,nan,nominal,0.003,additive,1.0,mse,5.241849452616308e-30,140,140,1.0,0.12470143880648155,0.12385886162132116,0.12630610385947405,0.12488696038203259,0.12470143880648155,0.12385886162132116,0.12630610385947405,0.12488696038203259,0.13900454634667275,0.13685278624983385,0.14049204631685963,0.1389048834346786,5.297733412229871,5.259474655668403,5.340169970907107,5.306138205752557,0.10239076571998154,0.10193217585585834,0.10387967993210667,0.10308499337830371,0.0,0.0,0.0,0.0,0.0,0.0,0.0,0.0,13.007799791318627,12.846945632876874,13.191642516030107,13.012202157609625,0.0,0.0,0.0,0.0,7.100231876466742,7.043238491931888,7.186005816093953,7.105763474847054,22.533537533232085,22.28676996354981,22.705353569901263,22.51880724686898,nan,nan,nan,nan,nan,nan,nan,nan,nan,nan,nan,nan,nan,nan,nan,nan
2,adam,adam,AdamW,,adam,,,requested,2.0,nan,nominal,0.003,additive,1.0,mse,5.241849452616308e-30,150,150,1.0,0.11615451379333028,0.11554313281533597,0.11781124462117157,0.11636182148563855,0.11615451379333028,0.11554313281533597,0.11781124462117157,0.11636182148563855,0.13029548079137565,0.1286904657368894,0.1317006475010291,0.13021023373893076,5.216940941382247,5.18540328921447,5.263858389455958,5.229760395663451,0.09737957097967356,0.09658019733866044,0.09826178214379717,0.09770779423735312,0.0,0.0,0.0,0.0,0.0,0.0,0.0,0.0,12.631802678426247,12.487150811677473,13.034874045205227,12.717012702622181,0.0,0.0,0.0,0.0,7.126598649520993,7.057256090173006,7.1985520453285865,7.122643774784821,22.348948534208716,22.098095340799734,22.534304940988232,22.347092042408676,nan,nan,nan,nan,nan,nan,nan,nan,nan,nan,nan,nan,nan,nan,nan,nan
2,adam,adam,AdamW,,adam,,,requested,2.0,nan,nominal,0.003,additive,1.0,mse,5.241849452616308e-30,160,160,1.0,0.10953372171899066,0.10871735811213823,0.10992889823917718,0.10905444745413045,0.10953372171899066,0.10871735811213823,0.10992889823917718,0.10905444745413045,0.12308014214382275,0.12195520572203132,0.12368725234506897,0.12268777446191491,5.146613162684735,5.123127149924178,5.189449947876583,5.160066757386563,0.09239618318643576,0.09187979330370663,0.09351609995239357,0.09275873179197154,0.0,0.0,0.0,0.0,0.0,0.0,0.0,0.0,12.772693890320557,12.628239315950736,12.96140705751774,12.846310455863284,0.0,0.0,0.0,0.0,7.153491543517168,7.050103495447885,7.2102219591144046,7.132154901173161,22.18703648374311,21.94368365097468,22.39116112585879,22.19071447426228,nan,nan,nan,nan,nan,nan,nan,nan,nan,nan,nan,nan,nan,nan,nan,nan
2,adam,adam,AdamW,,adam,,,requested,2.0,nan,nominal,0.003,additive,1.0,mse,5.241849452616308e-30,170,170,1.0,0.10379586793435334,0.10297236841951071,0.10397208540356066,0.10310334557523816,0.10379586793435334,0.10297236841951071,0.10397208540356066,0.10310334557523816,0.11726041880646176,0.11612539412296767,0.11759006781134436,0.11651198097599597,5.087231290797478,5.070152800426282,5.1357981006837825,5.10159789707977,0.08862530554951409,0.08773458779469603,0.08996749306569707,0.0887698394116064,0.0,0.0,0.0,0.0,0.0,0.0,0.0,0.0,12.701709187799938,12.467355588921015,12.860209187383116,12.72711417515491,0.0,0.0,0.0,0.0,7.18099353647815,7.058245011756072,7.237473788767165,7.15345825992193,22.05789237321654,21.827714858609042,22.24693082877579,22.05738933493628,nan,nan,nan,nan,nan,nan,nan,nan,nan,nan,nan,nan,nan,nan,nan,nan
2,adam,adam,AdamW,,adam,,,requested,2.0,nan,nominal,0.003,additive,1.0,mse,5.241849452616308e-30,180,180,1.0,0.09839279364911066,0.0980628481316024,0.09862880075759445,0.09794004214596302,0.09839279364911066,0.0980628481316024,0.09862880075759445,0.09794004214596302,0.11168422781396557,0.11070179300323686,0.11250642529193612,0.11113108560218138,5.031482070212481,5.016349361551699,5.086268521669359,5.046210063878881,0.08486737709155542,0.08441284412825181,0.08632390600775963,0.0852854327277647,0.0,0.0,0.0,0.0,0.0,0.0,0.0,0.0,12.718485820035962,12.587262458884332,13.290931094931983,12.992201534637918,0.0,0.0,0.0,0.0,7.206055458333632,7.083646086309707,7.259179016038491,7.175275813452117,21.917318486440536,21.696324639977668,22.135010919224015,21.928221248098,nan,nan,nan,nan,nan,nan,nan,nan,nan,nan,nan,nan,nan,nan,nan,nan
2,adam,adam,AdamW,,adam,,,requested,2.0,nan,nominal,0.003,additive,1.0,mse,5.241849452616308e-30,190,190,1.0,0.0940974932509741,0.09365101150440021,0.09438532671019775,0.09370215257262325,0.0940974932509741,0.09365101150440021,0.09438532671019775,0.09370215257262325,0.10726422783218001,0.10635426535052926,0.10806849616160698,0.10673157554999879,4.989499314594591,4.97563236303592,5.047901893317466,5.004633811874781,0.08210773900261922,0.08129863751518585,0.08313472785717074,0.08226365337243494,0.0,0.0,0.0,0.0,0.0,0.0,0.0,0.0,12.704295796538212,12.575503902619625,12.835195144380087,12.718222792468021,0.0,0.0,0.0,0.0,7.224750376695687,7.1074888691979865,7.265368062379598,7.193853199874626,21.808300576326612,21.566905842336972,22.02064556175208,21.81544256874787,nan,nan,nan,nan,nan,nan,nan,nan,nan,nan,nan,nan,nan,nan,nan,nan
2,adam,adam,AdamW,,adam,,,requested,2.0,nan,nominal,0.003,additive,1.0,mse,5.241849452616308e-30,200,200,1.0,0.09036584449598842,0.08970912607737425,0.09117325201891795,0.0900631521818763,0.09036584449598842,0.08970912607737425,0.09117325201891795,0.0900631521818763,0.10348311742666536,0.10252247958736774,0.10422410323623313,0.10286685904660031,4.946664931548964,4.933058847847659,5.0149242028028,4.961452078265445,0.07986379694136168,0.07893244485515419,0.08144358169597274,0.07998029085412561,0.0,0.0,0.0,0.0,0.0,0.0,0.0,0.0,12.977160418390724,12.685706834563984,13.144255038710327,12.897751517402565,0.0,0.0,0.0,0.0,7.237891140122641,7.1272257743638185,7.2914996169562,7.209602784300441,21.70393382787,21.464461144435997,21.89542793293354,21.710987217014253,nan,nan,nan,nan,nan,nan,nan,nan,nan,nan,nan,nan,nan,nan,nan,nan
2,adam,adam,AdamW,,adam,,,requested,2.0,nan,nominal,0.003,additive,1.0,mse,5.241849452616308e-30,210,210,1.0,0.08689223810076367,0.08623701782587992,0.08809465890631712,0.08668357139995787,0.08689223810076367,0.08623701782587992,0.08809465890631712,0.08668357139995787,0.09971767058439095,0.09904720864941874,0.10065745662276898,0.09921243663301377,4.90285467745643,4.89027238878603,4.97857436419287,4.916582902890023,0.07815939591415297,0.07596818879972474,0.07975794060835359,0.07791920834121244,0.0,0.0,0.0,0.0,0.0,0.0,0.0,0.0,12.615799157971527,12.335147224862759,12.790531305080183,12.677311073170003,0.0,0.0,0.0,0.0,7.254102166141377,7.1425176006844575,7.305614216647466,7.222756200887747,21.58370501917883,21.39953239578742,21.763720570388685,21.607471914400975,nan,nan,nan,nan,nan,nan,nan,nan,nan,nan,nan,nan,nan,nan,nan,nan
2,adam,adam,AdamW,,adam,,,requested,2.0,nan,nominal,0.003,additive,1.0,mse,5.241849452616308e-30,220,220,1.0,0.08370116244121026,0.08270108649475388,0.08508572804066158,0.08353298936666331,0.08370116244121026,0.08270108649475388,0.08508572804066158,0.08353298936666331,0.0963600020662909,0.09535449361610773,0.09674666491136621,0.09571405238469646,4.860072558006188,4.844413587527877,4.938690280119391,4.873612080438158,0.07559196144805873,0.07367871536646507,0.07758359536834554,0.07569202978906178,0.0,0.0,0.0,0.0,0.0,0.0,0.0,0.0,12.287103341115394,12.216417626715335,12.42836680373263,12.329376153802404,0.0,0.0,0.0,0.0,7.261988739124359,7.156409778833841,7.312906434811331,7.233048118152848,21.48122482322865,21.335543173042197,21.653585762443058,21.503136113271772,nan,nan,nan,nan,nan,nan,nan,nan,nan,nan,nan,nan,nan,nan,nan,nan
2,adam,adam,AdamW,,adam,,,requested,2.0,nan,nominal,0.003,additive,1.0,mse,5.241849452616308e-30,230,230,1.0,0.08088120357138848,0.07993851188966986,0.0823552494891563,0.08072612575053115,0.08088120357138848,0.07993851188966986,0.0823552494891563,0.08072612575053115,0.09349767918460025,0.09188635513319832,0.09424647466378401,0.09269536254746674,4.820361397009562,4.804812893547842,4.90428701426247,4.835304704227953,0.07307627041777816,0.0715420097504795,0.07479989466101185,0.07329346993672264,0.0,0.0,0.0,0.0,0.0,0.0,0.0,0.0,12.67495174718669,12.555030357638577,12.85819362965127,12.692804739632855,0.0,0.0,0.0,0.0,7.258550020586392,7.1492836887711,7.318369675941234,7.234368751559783,21.37478055943194,21.273212995670033,21.563628051360265,21.406538255269304,nan,nan,nan,nan,nan,nan,nan,nan,nan,nan,nan,nan,nan,nan,nan,nan
2,adam,adam,AdamW,,adam,,,requested,2.0,nan,nominal,0.003,additive,1.0,mse,5.241849452616308e-30,240,240,1.0,0.0783616505248966,0.07736901725479306,0.07986594625746145,0.07820807777580699,0.0783616505248966,0.07736901725479306,0.07986594625746145,0.07820807777580699,0.0906278163347046,0.08887811720740452,0.091750228818022,0.08995249884728426,4.788317546218983,4.766480797024273,4.866872520903363,4.800857010195642,0.07082191735359455,0.06974742525421398,0.07250079205475984,0.07123219526173273,0.0,0.0,0.0,0.0,0.0,0.0,0.0,0.0,12.782084366087732,12.606705285403592,12.977614484082471,12.781706029490415,0.0,0.0,0.0,0.0,7.253138502168221,7.144512755837072,7.327843672050032,7.237808686426268,21.280987553723453,21.190651740277012,21.49896027247234,21.319847024135804,nan,nan,nan,nan,nan,nan,nan,nan,nan,nan,nan,nan,nan,nan,nan,nan
2,adam,adam,AdamW,,adam,,,requested,2.0,nan,nominal,0.003,additive,1.0,mse,5.241849452616308e-30,250,250,1.0,0.07636076782560852,0.07511585165264688,0.0774835840960152,0.07598267285284035,0.07636076782560852,0.07511585165264688,0.0774835840960152,0.07598267285284035,0.08791702179476639,0.08676300534107458,0.08957022627814779,0.08755832614308832,4.758436401517947,4.734626890431738,4.829299847027336,4.768424511393246,0.06930567620574113,0.06855082062666551,0.0709301802040681,0.06957907472671226,0.0,0.0,0.0,0.0,0.0,0.0,0.0,0.0,13.019033038750393,12.612173852156042,13.247622765027995,12.951087728430458,0.0,0.0,0.0,0.0,7.254494981270511,7.15125223248677,7.33655522751868,7.245089042098982,21.1986175171921,21.10249048723584,21.407233203355425,21.2374008454047,nan,nan,nan,nan,nan,nan,nan,nan,nan,nan,nan,nan,nan,nan,nan,nan
2,adam,adam,AdamW,,adam,,,requested,2.0,nan,nominal,0.003,additive,1.0,mse,5.241849452616308e-30,260,260,1.0,0.07447578126002401,0.07320234615633316,0.07520813621698512,0.07395928011775658,0.07447578126002401,0.07320234615633316,0.07520813621698512,0.07395928011775658,0.08540625350083522,0.08501024562849419,0.08735282923784433,0.08538443486277644,4.730708778611133,4.704446923537493,4.792318213757389,4.736965091298299,0.0683234309887137,0.06683696136342428,0.06978190437752088,0.06808800699946402,0.0,0.0,0.0,0.0,0.0,0.0,0.0,0.0,12.508606693079372,12.373110299971305,12.619752544674181,12.571873839163894,0.0,0.0,0.0,0.0,7.25755780306579,7.147466213962306,7.347814963312758,7.251048076329468,21.10973142330507,21.06405760300931,21.319469703152848,21.164784579162742,nan,nan,nan,nan,nan,nan,nan,nan,nan,nan,nan,nan,nan,nan,nan,nan
2,adam,adam,AdamW,,adam,,,requested,2.0,nan,nominal,0.003,additive,1.0,mse,5.241849452616308e-30,270,270,1.0,0.07276843350366766,0.07162458169302074,0.07325622150166411,0.07214489220056498,0.07276843350366766,0.07162458169302074,0.07325622150166411,0.07214489220056498,0.08351943031319803,0.08317163182449727,0.0853229423036186,0.08342438090968543,4.707268806321273,4.672165931183234,4.763173698831849,4.707961401499326,0.06703091469674674,0.06521019419460292,0.06805588445814065,0.06661733103716369,0.0,0.0,0.0,0.0,0.0,0.0,0.0,0.0,12.490443002103685,12.396588967609063,12.782116480344026,12.76492504689445,0.0,0.0,0.0,0.0,7.262761757339459,7.1569222377598525,7.352700460346063,7.259906249200412,21.040709013660685,20.993988595318292,21.236559033740807,21.093868277513423,nan,nan,nan,nan,nan,nan,nan,nan,nan,nan,nan,nan,nan,nan,nan,nan
2,adam,adam,AdamW,,adam,,,requested,2.0,nan,nominal,0.003,additive,1.0,mse,5.241849452616308e-30,280,280,1.0,0.07129259898985482,0.06985498317423186,0.07164197072164716,0.07051138089863244,0.07129259898985482,0.06985498317423186,0.07164197072164716,0.07051138089863244,0.08186176291735012,0.08137011092583546,0.08359910717365474,0.08164725980295548,4.686263626326712,4.644105035754174,4.738109493561983,4.682763352195053,0.0657528311369254,0.06391029750878194,0.06637719283948007,0.06512301363530541,0.0,0.0,0.0,0.0,0.0,0.0,0.0,0.0,12.391159762124966,12.114088412250076,12.545808293599478,12.406072983545958,0.0,0.0,0.0,0.0,7.275783113205554,7.156877256109858,7.349765765059829,7.2642828766017535,20.971665505518125,20.91535867586215,21.172161729121136,21.02804095662795,nan,nan,nan,nan,nan,nan,nan,nan,nan,nan,nan,nan,nan,nan,nan,nan
2,adam,adam,AdamW,,adam,,,requested,2.0,nan,nominal,0.003,additive,1.0,mse,5.241849452616308e-30,290,290,1.0,0.06985728455453351,0.06831396371807502,0.07018162856343604,0.06905505862392627,0.06985728455453351,0.06831396371807502,0.07018162856343604,0.06905505862392627,0.08027168479696592,0.07958586163790524,0.08201563694956965,0.08005245134098603,4.664396008866541,4.620083910267551,4.716857449868229,4.66046617981662,0.06472197559985556,0.0626239785778349,0.06491868758825757,0.063828651435705,0.0,0.0,0.0,0.0,0.0,0.0,0.0,0.0,12.539613608287054,12.38558106538388,12.799398555620277,12.558158137258976,0.0,0.0,0.0,0.0,7.287529466219171,7.1577804179259825,7.349171317208111,7.270316447466986,20.910702956401582,20.831146204478994,21.108031915497612,20.966972937715617,nan,nan,nan,nan,nan,nan,nan,nan,nan,nan,nan,nan,nan,nan,nan,nan
2,adam,adam,AdamW,,adam,,,requested,2.0,nan,nominal,0.003,additive,1.0,mse,5.241849452616308e-30,300,300,1.0,0.06838058574931544,0.06702688530693107,0.0688260256141808,0.06768306903432747,0.06838058574931544,0.06702688530693107,0.0688260256141808,0.06768306903432747,0.0787206607325587,0.07797730426831184,0.08057204279082346,0.07851910002675935,4.641770789200438,4.597458386511224,4.696309276270135,4.638339745685016,0.06364463184467033,0.06129903598494749,0.0639252332693413,0.06260987253879213,0.0,0.0,0.0,0.0,0.0,0.0,0.0,0.0,12.438499753212362,12.199527840833749,12.765878819663996,12.42166622286697,0.0,0.0,0.0,0.0,7.298280680602943,7.162316692363959,7.35316721452193,7.275650218592247,20.86025367126846,20.771186015139328,21.062956867894492,20.914470533860356,nan,nan,nan,nan,nan,nan,nan,nan,nan,nan,nan,nan,nan,nan,nan,nan
2,adam,adam,AdamW,,adam,,,requested,2.0,nan,nominal,0.003,additive,1.0,mse,5.241849452616308e-30,310,310,1.0,0.06713763659624808,0.06572142291765667,0.06766993946817434,0.06645209634552773,0.06713763659624808,0.06572142291765667,0.06766993946817434,0.06645209634552773,0.07732515046354091,0.07664410366509034,0.07925775000286803,0.07716307163699651,4.622449829499489,4.579759183457483,4.673919005306436,4.618918135553116,0.06231981741327781,0.060471836111785186,0.06273498719349285,0.06149040754073195,0.0,0.0,0.0,0.0,0.0,0.0,0.0,0.0,12.480472906676232,12.233661478321267,12.975307327916823,12.576592376986381,0.0,0.0,0.0,0.0,7.298884307214589,7.1664632404351964,7.358529177561768,7.27871457940679,20.798786788255303,20.727331754546444,21.028809034349845,20.866312104245083,nan,nan,nan,nan,nan,nan,nan,nan,nan,nan,nan,nan,nan,nan,nan,nan
2,adam,adam,AdamW,,adam,,,requested,2.0,nan,nominal,0.003,additive,1.0,mse,5.241849452616308e-30,320,320,1.0,0.06608411062701504,0.06453563031124479,0.06660003070281093,0.06532905307159226,0.06608411062701504,0.06453563031124479,0.06660003070281093,0.06532905307159226,0.07609896270058202,0.07544900981073283,0.07794269510154127,0.07590500360082675,4.6051181018331455,4.561992184700569,4.655395852313323,4.600172707724132,0.061059932144922946,0.05970167060332561,0.061698137136076345,0.06044315358706691,0.0,0.0,0.0,0.0,0.0,0.0,0.0,0.0,12.304979095462286,12.089859509422395,12.924147610893547,12.515741687743045,0.0,0.0,0.0,0.0,7.295540991969501,7.177010956878373,7.359998485246381,7.283982582325193,20.74573912872328,20.68184392673803,21.00488539202018,20.82392735066402,nan,nan,nan,nan,nan,nan,nan,nan,nan,nan,nan,nan,nan,nan,nan,nan
2,adam,adam,AdamW,,adam,,,requested,2.0,nan,nominal,0.003,additive,1.0,mse,5.241849452616308e-30,330,330,1.0,0.06517890731620168,0.0636477054867106,0.06550062343899944,0.06438968510467138,0.06517890731620168,0.0636477054867106,0.06550062343899944,0.06438968510467138,0.07505854954353111,0.0745518142888788,0.07672223579507399,0.07485726395553541,4.586754883490677,4.547596858411486,4.639787324882694,4.583231729666186,0.06031960415993617,0.05895031228261184,0.06066611698342373,0.05964278050673634,0.0,0.0,0.0,0.0,0.0,0.0,0.0,0.0,12.604849096686806,12.339879902200744,12.896278791076,12.659537319610305,0.0,0.0,0.0,0.0,7.293827580609751,7.183678050588593,7.362898790479277,7.288680234406065,20.692839313174495,20.622514978514616,20.975775539085333,20.77772632008596,nan,nan,nan,nan,nan,nan,nan,nan,nan,nan,nan,nan,nan,nan,nan,nan
2,adam,adam,AdamW,,adam,,,requested,2.0,nan,nominal,0.003,additive,1.0,mse,5.241849452616308e-30,340,340,1.0,0.06428334038844827,0.06285812748861395,0.06455568199804117,0.06353984442252313,0.06428334038844827,0.06285812748861395,0.06455568199804117,0.06353984442252313,0.07408030440676432,0.07362125813181163,0.07572208323640894,0.07391808481622487,4.571309184553947,4.532608362937198,4.624799741173806,4.568695594434592,0.05935228479461743,0.05810520703454642,0.059910632549115,0.058858959991752766,0.0,0.0,0.0,0.0,0.0,0.0,0.0,0.0,12.607949272083385,12.455234132750407,12.822382955968216,12.597809825751018,0.0,0.0,0.0,0.0,7.297268880365184,7.187099912856948,7.369234488018355,7.2944221163387315,20.655045766479162,20.566376679144515,20.947887066002824,20.736769884445632,nan,nan,nan,nan,nan,nan,nan,nan,nan,nan,nan,nan,nan,nan,nan,nan
2,adam,adam,AdamW,,adam,,,requested,2.0,nan,nominal,0.003,additive,1.0,mse,5.241849452616308e-30,350,350,1.0,0.06352331260572505,0.062174359850925856,0.06390735117692876,0.0628184818894816,0.06352331260572505,0.062174359850925856,0.06390735117692876,0.0628184818894816,0.07324837673449187,0.07282264439753777,0.07482285986383021,0.07312531120280252,4.55816897378042,4.517818674974544,4.6129578957743504,4.5560315763194605,0.0584527383708207,0.057463504554815095,0.05931142435130461,0.058158140259282745,0.0,0.0,0.0,0.0,0.0,0.0,0.0,0.0,12.425191989655989,12.222387240684874,12.539058733123845,12.38032937663949,0.0,0.0,0.0,0.0,7.300291498455143,7.186727815172094,7.37157960405009,7.296962157570567,20.628806364469447,20.521841490799723,20.920626235302453,20.700983575274496,nan,nan,nan,nan,nan,nan,nan,nan,nan,nan,nan,nan,nan,nan,nan,nan
2,adam,adam,AdamW,,adam,,,requested,2.0,nan,nominal,0.003,additive,1.0,mse,5.241849452616308e-30,360,360,1.0,0.06278995723629593,0.06154311827656343,0.0633112163112358,0.062175429739566565,0.06278995723629593,0.06154311827656343,0.0633112163112358,0.062175429739566565,0.07253897641084522,0.0720137773020753,0.07413681333290004,0.07242775530957202,4.546768839481588,4.504680292909504,4.602159857291445,4.544593587358342,0.057725663889034454,0.056911671873225295,0.058611197648054975,0.05752441960875629,0.0,0.0,0.0,0.0,0.0,0.0,0.0,0.0,12.743220473320626,12.373159055938622,13.337071733110449,12.869051706148586,0.0,0.0,0.0,0.0,7.300621808968565,7.18470334572733,7.370393917463289,7.297725511953985,20.6040467834229,20.478504509740635,20.886559370145836,20.670017403445783,nan,nan,nan,nan,nan,nan,nan,nan,nan,nan,nan,nan,nan,nan,nan,nan
2,adam,adam,AdamW,,adam,,,requested,2.0,nan,nominal,0.003,additive,1.0,mse,5.241849452616308e-30,370,370,1.0,0.06218478003735538,0.06092968218979046,0.06273884748228614,0.06158408351440282,0.06218478003735538,0.06092968218979046,0.06273884748228614,0.06158408351440282,0.07189481244517265,0.07132672367700972,0.07349200278282401,0.07177184454363322,4.53503811795884,4.494670830124081,4.593397770685189,4.534332486569954,0.05708537718859705,0.05629683240200389,0.05798082743312855,0.056907433043501834,0.0,0.0,0.0,0.0,0.0,0.0,0.0,0.0,12.800276984836689,12.474217124268591,13.15372493018167,12.89262708837646,0.0,0.0,0.0,0.0,7.297492592313393,7.18581961285663,7.372531414442436,7.2987209999324865,20.583922226205907,20.44504412383131,20.85852995090324,20.645558775457935,nan,nan,nan,nan,nan,nan,nan,nan,nan,nan,nan,nan,nan,nan,nan,nan
2,adam,adam,AdamW,,adam,,,requested,2.0,nan,nominal,0.003,additive,1.0,mse,5.241849452616308e-30,380,380,1.0,0.061600127603967346,0.06040434363248803,0.06223872976066413,0.06104823441753153,0.061600127603967346,0.06040434363248803,0.06223872976066413,0.06104823441753153,0.07124920823478174,0.07072257643985173,0.07290463757918442,0.07116699316844594,4.524651074221058,4.4861598605250075,4.584503329909511,4.52519133217571,0.056481572050443504,0.055696474537537344,0.0573298374904447,0.05629875474306835,0.0,0.0,0.0,0.0,0.0,0.0,0.0,0.0,12.463413997768182,12.304839837176416,12.71398877684869,12.607698098860805,0.0,0.0,0.0,0.0,7.297296043341756,7.187034475073164,7.376588951567563,7.300889879939393,20.572219598075876,20.41410909712368,20.836155938643863,20.623825072757,nan,nan,nan,nan,nan,nan,nan,nan,nan,nan,nan,nan,nan,nan,nan,nan
2,adam,adam,AdamW,,adam,,,requested,2.0,nan,nominal,0.003,additive,1.0,mse,5.241849452616308e-30,390,390,1.0,0.061096275230525826,0.05994393817968834,0.06182123670751793,0.06060141961469406,0.061096275230525826,0.05994393817968834,0.06182123670751793,0.06060141961469406,0.07070793436674835,0.07018653507043807,0.0723666036821251,0.07066485898111291,4.516361357109545,4.47775264224579,4.576144006583786,4.517384495865791,0.055974585359533965,0.055134056147427966,0.05674594701938639,0.05576149984852295,0.0,0.0,0.0,0.0,0.0,0.0,0.0,0.0,12.51620644867766,12.342522569226029,12.659823654501642,12.90734097879458,0.0,0.0,0.0,0.0,7.296786475443617,7.1873999245701885,7.377228422452893,7.301408921130108,20.557078915940416,20.389991440861788,20.819814870265333,20.605488509370673,nan,nan,nan,nan,nan,nan,nan,nan,nan,nan,nan,nan,nan,nan,nan,nan
2,adam,adam,AdamW,,adam,,,requested,2.0,nan,nominal,0.003,additive,1.0,mse,5.241849452616308e-30,400,400,1.0,0.06068532644405847,0.05957752547015466,0.06145383346648359,0.06022643496583696,0.06068532644405847,0.05957752547015466,0.06145383346648359,0.06022643496583696,0.07027229052532175,0.06974689723285997,0.07192350931005895,0.07024771957356216,4.508747783317651,4.470880742993224,4.569472313680036,4.510346117720866,0.05552842311922043,0.054768784172185545,0.056280994741074473,0.05533259217579242,0.0,0.0,0.0,0.0,0.0,0.0,0.0,0.0,13.015945457176382,12.65067656095883,13.255850384722814,13.015120460954588,0.0,0.0,0.0,0.0,7.29799003560188,7.186733070106572,7.380390014106973,7.301980928072575,20.53834783896066,20.374199421875367,20.805260400498966,20.589710626637835,nan,nan,nan,nan,nan,nan,nan,nan,nan,nan,nan,nan,nan,nan,nan,nan
2,adam,adam,AdamW,,adam,,,requested,2.0,nan,nominal,0.003,additive,1.0,mse,5.241849452616308e-30,410,410,1.0,0.06034455837614664,0.0592720831285443,0.06112608045276828,0.059898584697423776,0.06034455837614664,0.0592720831285443,0.06112608045276828,0.059898584697423776,0.06990081822946244,0.06937133593011231,0.07154599582398952,0.06988194801095682,4.502718962906307,4.4644101039634485,4.564533898087087,4.50441163913093,0.05515355473645205,0.05443570117317709,0.05589075589815096,0.05495529942179579,0.0,0.0,0.0,0.0,0.0,0.0,0.0,0.0,12.507838839489835,12.326557556049517,12.937365721876185,12.672489093309352,0.0,0.0,0.0,0.0,7.299255630620987,7.186845750924509,7.385153768413019,7.3029073980194585,20.526747018007544,20.364397370419585,20.79213632656564,20.577506475514472,nan,nan,nan,nan,nan,nan,nan,nan,nan,nan,nan,nan,nan,nan,nan,nan
2,adam,adam,AdamW,,adam,,,requested,2.0,nan,nominal,0.003,additive,1.0,mse,5.241849452616308e-30,420,420,1.0,0.06009147103235632,0.059019868145786955,0.06085449542069476,0.05963320097965839,0.06009147103235632,0.059019868145786955,0.06085449542069476,0.05963320097965839,0.06961378308931757,0.0690976036417276,0.07124861420085497,0.06959395438224225,4.498566368081789,4.459633987431975,4.560295399217359,4.49976335652179,0.05487334510484111,0.05411857160569586,0.05554834137234662,0.05464128525954341,0.0,0.0,0.0,0.0,0.0,0.0,0.0,0.0,12.579992600332414,12.42300401277762,12.693835667175174,12.552436581418036,0.0,0.0,0.0,0.0,7.300575617217259,7.187333732898528,7.388611296338879,7.304311821076746,20.51817797660543,20.349497515004046,20.778973829099684,20.566777848869126,nan,nan,nan,nan,nan,nan,nan,nan,nan,nan,nan,nan,nan,nan,nan,nan
2,adam,adam,AdamW,,adam,,,requested,2.0,nan,nominal,0.003,additive,1.0,mse,5.241849452616308e-30,430,430,1.0,0.05988153235554193,0.05881028873713323,0.06063947744225859,0.059417965170477684,0.05988153235554193,0.05881028873713323,0.06063947744225859,0.059417965170477684,0.06936556418267031,0.06890035458607256,0.07099804939511553,0.0693640986605758,4.494983877699312,4.45701238293173,4.556476399340205,4.496375825291761,0.05462752301758088,0.05384928508598864,0.055233213695679746,0.05436366277236719,0.0,0.0,0.0,0.0,0.0,0.0,0.0,0.0,12.647596194434943,12.057969339786306,12.970677948250408,12.449088842271934,0.0,0.0,0.0,0.0,7.300930823268322,7.187664375886193,7.391001425690362,7.305151443255934,20.51066188549681,20.334314804867482,20.76732690634055,20.556388210430683,nan,nan,nan,nan,nan,nan,nan,nan,nan,nan,nan,nan,nan,nan,nan,nan
2,adam,adam,AdamW,,adam,,,requested,2.0,nan,nominal,0.003,additive,1.0,mse,5.241849452616308e-30,440,440,1.0,0.05969323550024899,0.05864254251545871,0.06048390961920461,0.0592458546592812,0.05969323550024899,0.05864254251545871,0.06048390961920461,0.0592458546592812,0.06916800584227706,0.06871435518193955,0.0708045371812931,0.069179907863238,4.491523997431304,4.454321180691013,4.553793717525107,4.493507415424703,0.054453804525562005,0.053688935017893076,0.05500254037955348,0.05415614792568124,0.0,0.0,0.0,0.0,0.0,0.0,0.0,0.0,12.739617262825785,12.298172428916072,12.877479223600854,12.865177403605504,0.0,0.0,0.0,0.0,7.301312196624167,7.187764291103168,7.39174974710474,7.305472330328466,20.503295853000594,20.32511325847843,20.759322029295422,20.548939202824762,nan,nan,nan,nan,nan,nan,nan,nan,nan,nan,nan,nan,nan,nan,nan,nan
2,adam,adam,AdamW,,adam,,,requested,2.0,nan,nominal,0.003,additive,1.0,mse,5.241849452616308e-30,450,450,1.0,0.05954282896240944,0.058511375677198066,0.06036945405412174,0.05911169694691277,0.05954282896240944,0.058511375677198066,0.06036945405412174,0.05911169694691277,0.0690147160004146,0.06855850044656354,0.07065550159853612,0.06903411474800591,4.489127721987605,4.451884904898188,4.551697334795561,4.491238990153625,0.05427141384125577,0.05355578181410492,0.05485807227976833,0.05399398169092055,0.0,0.0,0.0,0.0,0.0,0.0,0.0,0.0,12.675128433368815,12.228901957581854,12.872119963021873,12.624760853237394,0.0,0.0,0.0,0.0,7.301823424392214,7.187641220434631,7.3914199934128355,7.305570342637554,20.49529054778806,20.3177828203821,20.75333951877326,20.5425181703074,nan,nan,nan,nan,nan,nan,nan,nan,nan,nan,nan,nan,nan,nan,nan,nan
2,adam,adam,AdamW,,adam,,,requested,2.0,nan,nominal,0.003,additive,1.0,mse,5.241849452616308e-30,460,460,1.0,0.0594344456032921,0.05840905114189881,0.060259437792624146,0.05900800014350378,0.0594344456032921,0.05840905114189881,0.060259437792624146,0.05900800014350378,0.06889360208535442,0.06845679485092299,0.07054087213433496,0.06892331100083716,4.487388421082715,4.4503174728859864,4.550066295245555,4.489560374690969,0.054133654294774125,0.053419656157459465,0.05472856901332084,0.05385702126780661,0.0,0.0,0.0,0.0,0.0,0.0,0.0,0.0,12.376920290609284,12.105666807210785,12.83609558652384,12.458635709926387,0.0,0.0,0.0,0.0,7.302175944805828,7.187652355484593,7.390955928500571,7.305526472380942,20.49027609454918,20.3109669795451,20.748822928162454,20.53759931690817,nan,nan,nan,nan,nan,nan,nan,nan,nan,nan,nan,nan,nan,nan,nan,nan
2,adam,adam,AdamW,,adam,,,requested,2.0,nan,nominal,0.003,additive,1.0,mse,5.241849452616308e-30,470,470,1.0,0.05935220486280992,0.058329262812307985,0.06018080665705146,0.05893177297107603,0.05935220486280992,0.058329262812307985,0.06018080665705146,0.05893177297107603,0.06879898727371613,0.0683734888607192,0.07046168859958701,0.0688394911377412,4.486077685322601,4.44907220686419,4.548820343114846,4.488333807936817,0.05403434956357074,0.05330860650233896,0.05462863540526181,0.053753971622517396,0.0,0.0,0.0,0.0,0.0,0.0,0.0,0.0,12.87818798701884,12.511114810884298,13.1882369102558,12.913730932545096,0.0,0.0,0.0,0.0,7.302408318462859,7.187468673771573,7.390993914245186,7.305588545529437,20.486534814595732,20.310033364137645,20.746034042263904,20.53486374712343,nan,nan,nan,nan,nan,nan,nan,nan,nan,nan,nan,nan,nan,nan,nan,nan
2,adam,adam,AdamW,,adam,,,requested,2.0,nan,nominal,0.003,additive,1.0,mse,5.241849452616308e-30,480,480,1.0,0.05929446894301221,0.0582710421968256,0.06012683239342433,0.058874998320954594,0.05929446894301221,0.0582710421968256,0.06012683239342433,0.058874998320954594,0.06873406919155625,0.06831251562331266,0.07039289557259906,0.06877807622489349,4.4850638992305205,4.448117175365483,4.547840640013941,4.487371205762714,0.0539675048676284,0.05323184419700433,0.05454112120941439,0.053679128924665406,0.0,0.0,0.0,0.0,0.0,0.0,0.0,0.0,12.558531128457156,12.305748102644465,12.600752186646154,12.483244451466344,0.0,0.0,0.0,0.0,7.302362461200575,7.1874505611308575,7.390786140566558,7.305470695977956,20.48365331457537,20.30883858230405,20.743903231071197,20.532548470243608,nan,nan,nan,nan,nan,nan,nan,nan,nan,nan,nan,nan,nan,nan,nan,nan
2,adam,adam,AdamW,,adam,,,requested,2.0,nan,nominal,0.003,additive,1.0,mse,5.241849452616308e-30,490,490,1.0,0.059257909181942514,0.05823149418735198,0.06008776114764034,0.05883355085380375,0.059257909181942514,0.05823149418735198,0.06008776114764034,0.05883355085380375,0.06868930977729432,0.06827388136528173,0.07033781991872043,0.06873293189299483,4.484252347050498,4.447539368178148,4.547243750813157,4.486681825913136,0.053912638041537814,0.05318857776987425,0.05447517520559143,0.05362438430485106,0.0,0.0,0.0,0.0,0.0,0.0,0.0,0.0,12.764193191657348,12.607513952772893,13.146020045349244,12.831901659642881,0.0,0.0,0.0,0.0,7.302494837195981,7.187425076941791,7.390757679093029,7.305461498877323,20.481167552281228,20.30729102331191,20.741918560673735,20.530547342243693,nan,nan,nan,nan,nan,nan,nan,nan,nan,nan,nan,nan,nan,nan,nan,nan
2,adam,adam,AdamW,,adam,,,requested,2.0,nan,nominal,0.003,additive,1.0,mse,5.241849452616308e-30,500,500,1.0,0.059222944993422136,0.05819677390448557,0.06005608005286692,0.05879821460486125,0.059222944993422136,0.05819677390448557,0.06005608005286692,0.05879821460486125,0.06864945638670096,0.06823453451920668,0.07029414801687285,0.06869362644247126,4.4836100103546155,4.446924170250384,4.546714668042994,4.486108939364098,0.05386714623233671,0.05314996103733006,0.05441613383616344,0.053578374746589476,0.0,0.0,0.0,0.0,0.0,0.0,0.0,0.0,12.27126538646898,12.084966549559526,13.241370035214931,12.659906779776282,0.0,0.0,0.0,0.0,7.3026492755436605,7.1874039563801055,7.390765644634385,7.305522390547427,20.479506601818706,20.305716530427244,20.740251724707516,20.52901916481197,nan,nan,nan,nan,nan,nan,nan,nan,nan,nan,nan,nan,nan,nan,nan,nan
2,adam,adam,AdamW,,adam,,,requested,3.0,nan,nominal,0.003,additive,1.0,mse,5.241849452616308e-30,0,0,1.0,1.0418358611002518,1.0418358611002518,1.0418358611002518,1.0418358611002518,1.0418358611002518,1.0418358611002518,1.0418358611002518,1.0418358611002518,1.0142169620491983,1.0142169620491983,1.0142169620491983,1.0142169620491983,8.041259446541174,8.041259446541174,8.041259446541174,8.041259446541174,0.6001744541469579,0.6001744541469579,0.6001744541469579,0.6001744541469579,0.0,0.0,0.0,0.0,0.0,0.0,0.0,0.0,0.0,0.0,0.0,0.0,0.0,0.0,0.0,0.0,6.9224601109148445,6.9224601109148445,6.9224601109148445,6.9224601109148445,23.97018795689393,23.97018795689393,23.97018795689393,23.97018795689393,nan,nan,nan,nan,nan,nan,nan,nan,nan,nan,nan,nan,nan,nan,nan,nan
2,adam,adam,AdamW,,adam,,,requested,3.0,nan,nominal,0.003,additive,1.0,mse,5.241849452616308e-30,10,10,1.0,0.7065355083095722,0.7011387853612527,0.70820859370445,0.705459919602314,0.7065355083095722,0.7011387853612527,0.70820859370445,0.705459919602314,0.7007324174103107,0.6974141697823846,0.704342875710686,0.7004042548048823,7.382390974653388,7.372819560020564,7.403393651872521,7.385401401805321,0.3793762006454978,0.3776170943048089,0.38282411125475874,0.3798572115124766,0.0,0.0,0.0,0.0,0.0,0.0,0.0,0.0,26.965702468424467,26.839452403552336,27.247537230176903,27.01007501470612,0.0,0.0,0.0,0.0,6.8985854597436305,6.8647897891826135,6.918924586801252,6.890608881452193,24.56530306898268,24.504692408935398,24.60288770072436,24.54376431090956,nan,nan,nan,nan,nan,nan,nan,nan,nan,nan,nan,nan,nan,nan,nan,nan
2,adam,adam,AdamW,,adam,,,requested,3.0,nan,nominal,0.003,additive,1.0,mse,5.241849452616308e-30,20,20,1.0,0.5243328206550966,0.5221738907665162,0.5263851176950962,0.5241993831273879,0.5243328206550966,0.5221738907665162,0.5263851176950962,0.5241993831273879,0.5277152390105787,0.5243795337868065,0.5299957115196525,0.527343937218758,6.934757922295191,6.915821456376668,6.952790037845127,6.932779566364457,0.2754236797979577,0.2744366617313088,0.2768580262689809,0.27576763630485346,0.0,0.0,0.0,0.0,0.0,0.0,0.0,0.0,21.7522714453805,21.664394739003328,21.79769835093043,21.76864250636791,0.0,0.0,0.0,0.0,6.870224086173067,6.835983472870138,6.890567646762923,6.85839355677669,24.81523311521664,24.72638840849032,24.84231909063785,24.768692863532618,nan,nan,nan,nan,nan,nan,nan,nan,nan,nan,nan,nan,nan,nan,nan,nan
2,adam,adam,AdamW,,adam,,,requested,3.0,nan,nominal,0.003,additive,1.0,mse,5.241849452616308e-30,30,30,1.0,0.41360333134220695,0.41110161157624325,0.41507873457209676,0.4129481957431508,0.41360333134220695,0.41110161157624325,0.41507873457209676,0.4129481957431508,0.4194324827374508,0.4164961826595624,0.4230728228531086,0.4195760608005691,6.599962902491388,6.57556492115392,6.609206774386391,6.592191178494923,0.22840467993192204,0.22761087598769547,0.23019593380741457,0.22868313186719239,0.0,0.0,0.0,0.0,0.0,0.0,0.0,0.0,18.89838222257898,18.8235554582082,19.001754952200084,18.93173565973057,0.0,0.0,0.0,0.0,6.852765490129551,6.814163744719852,6.876103910235617,6.838728932840288,24.798437977883637,24.750329735877347,24.81763186519988,24.75819678527952,nan,nan,nan,nan,nan,nan,nan,nan,nan,nan,nan,nan,nan,nan,nan,nan
2,adam,adam,AdamW,,adam,,,requested,3.0,nan,nominal,0.003,additive,1.0,mse,5.241849452616308e-30,40,40,1.0,0.3328580279176108,0.32972399942931374,0.33523561294501786,0.33207327475525383,0.3328580279176108,0.32972399942931374,0.33523561294501786,0.33207327475525383,0.3407022488788645,0.3381440278773479,0.34472257092050806,0.3410809191981968,6.321123268615272,6.2971906853662585,6.323797513232533,6.3111203251741195,0.20101340243979599,0.19948898312194963,0.20122456208965794,0.2005720655950905,0.0,0.0,0.0,0.0,0.0,0.0,0.0,0.0,17.360129004713706,17.300707233405483,17.592463717512167,17.397564992752514,0.0,0.0,0.0,0.0,6.851180345324485,6.815837618881307,6.866020104149644,6.836660851323666,24.59232673151024,24.53163485901604,24.685906000391533,24.5837656708501,nan,nan,nan,nan,nan,nan,nan,nan,nan,nan,nan,nan,nan,nan,nan,nan
2,adam,adam,AdamW,,adam,,,requested,3.0,nan,nominal,0.003,additive,1.0,mse,5.241849452616308e-30,50,50,1.0,0.26930279450662953,0.26590845948652114,0.27193174158853095,0.26893375062936453,0.26930279450662953,0.26590845948652114,0.27193174158853095,0.26893375062936453,0.2799754676458759,0.2768458859334727,0.28190789451964976,0.2798983615264165,6.080145461851302,6.057449441024156,6.088909432287991,6.071650950965727,0.17610339276031517,0.17511098662225377,0.17675860728836754,0.17624858952484004,0.0,0.0,0.0,0.0,0.0,0.0,0.0,0.0,16.294630316814164,16.172236695041576,16.344194456036128,16.198937592694495,0.0,0.0,0.0,0.0,6.861239901183628,6.835520264400143,6.869276549904188,6.851942116107712,24.224458551480097,24.164481168209953,24.352007067643463,24.252130827525924,nan,nan,nan,nan,nan,nan,nan,nan,nan,nan,nan,nan,nan,nan,nan,nan
2,adam,adam,AdamW,,adam,,,requested,3.0,nan,nominal,0.003,additive,1.0,mse,5.241849452616308e-30,60,60,1.0,0.2213591032167918,0.2164710892318879,0.2242122281529493,0.22085062613714532,0.2213591032167918,0.2164710892318879,0.2242122281529493,0.22085062613714532,0.23309742611759077,0.22936817948411672,0.23603394382195794,0.23305301340183388,5.874966226681238,5.854756013377276,5.880113478788366,5.863621397190677,0.15399999428312078,0.15317408629420867,0.15486987399623597,0.15424190740456764,0.0,0.0,0.0,0.0,0.0,0.0,0.0,0.0,15.564506443252073,15.229390014280124,15.784348898461236,15.507557281180363,0.0,0.0,0.0,0.0,6.890212945457643,6.853783862142114,6.903286722187977,6.8777485748887806,23.81851547196662,23.772377567211024,23.92208436843775,23.85132927060288,nan,nan,nan,nan,nan,nan,nan,nan,nan,nan,nan,nan,nan,nan,nan,nan
2,adam,adam,AdamW,,adam,,,requested,3.0,nan,nominal,0.003,additive,1.0,mse,5.241849452616308e-30,70,70,1.0,0.18457132384952754,0.18048180609609699,0.18740552009688274,0.1843702999524158,0.18457132384952754,0.18048180609609699,0.18740552009688274,0.1843702999524158,0.19743544323462936,0.19385311345432002,0.19971073739200115,0.19736822215435007,5.693884780554777,5.680999692023972,5.699758785582857,5.682292837764853,0.13554391462915044,0.13394828072170037,0.1369097208057372,0.13560672033457233,0.0,0.0,0.0,0.0,0.0,0.0,0.0,0.0,14.882669594328386,14.776825954801243,15.019319171698164,14.888609230831225,0.0,0.0,0.0,0.0,6.909792368973578,6.875576370250687,6.939748055553233,6.903773847050768,23.432478361647014,23.30694379653149,23.53828571446462,23.42618841958708,nan,nan,nan,nan,nan,nan,nan,nan,nan,nan,nan,nan,nan,nan,nan,nan
2,adam,adam,AdamW,,adam,,,requested,3.0,nan,nominal,0.003,additive,1.0,mse,5.241849452616308e-30,80,80,1.0,0.15650552069980306,0.15304681722408794,0.159639578035926,0.15654367452772966,0.15650552069980306,0.15304681722408794,0.159639578035926,0.15654367452772966,0.1699952151599621,0.16729168097510072,0.17220535656606212,0.17001352329186625,5.533674444426127,5.51380379711255,5.5428332098670765,5.522206430453715,0.1200983106160318,0.11845288540100017,0.121931468227887,0.12004908139413328,0.0,0.0,0.0,0.0,0.0,0.0,0.0,0.0,14.451188160818264,14.279416546260588,14.550904838607876,14.431936641519478,0.0,0.0,0.0,0.0,6.922710163920689,6.8974293302151,6.969299657654165,6.925084946016524,23.043840951732257,22.895801339245523,23.112745001165017,23.022290173362798,nan,nan,nan,nan,nan,nan,nan,nan,nan,nan,nan,nan,nan,nan,nan,nan
2,adam,adam,AdamW,,adam,,,requested,3.0,nan,nominal,0.003,additive,1.0,mse,5.241849452616308e-30,90,90,1.0,0.1356498371471314,0.13233932849238775,0.13861503062113717,0.13547983588483314,0.1356498371471314,0.13233932849238775,0.13861503062113717,0.13547983588483314,0.14920483549623878,0.1466360441076326,0.15122769653458146,0.1490779810148121,5.385445383919195,5.374492372221759,5.397286094307285,5.3780969863320625,0.10815193841411208,0.1066894952591389,0.10928064027721404,0.10781159026506515,0.0,0.0,0.0,0.0,0.0,0.0,0.0,0.0,13.780729366424373,13.696049132358718,13.855959564363236,13.807051423387682,0.0,0.0,0.0,0.0,6.939230856691332,6.911975583312594,7.00664038642879,6.949080886688813,22.63600825270045,22.58070652156234,22.789959933835554,22.662344469465697,nan,nan,nan,nan,nan,nan,nan,nan,nan,nan,nan,nan,nan,nan,nan,nan
2,adam,adam,AdamW,,adam,,,requested,3.0,nan,nominal,0.003,additive,1.0,mse,5.241849452616308e-30,100,100,1.0,0.1197564831564612,0.11582757980618186,0.12198694874784452,0.11924783576674475,0.1197564831564612,0.11582757980618186,0.12198694874784452,0.11924783576674475,0.13281604561648486,0.12946310977169276,0.13474729604986913,0.13250591904523729,5.258491590746127,5.251524268005006,5.265773335185112,5.250367427765558,0.09847907570881179,0.09585178205546634,0.09943036897811189,0.09781631636388033,0.0,0.0,0.0,0.0,0.0,0.0,0.0,0.0,13.734583363626493,13.549808371905726,13.831389173687219,13.704622552835328,0.0,0.0,0.0,0.0,6.966432217802751,6.9244813567988075,7.047369622425942,6.97522412397328,22.308881998351236,22.274903471005825,22.50823044937329,22.345831388902514,nan,nan,nan,nan,nan,nan,nan,nan,nan,nan,nan,nan,nan,nan,nan,nan
2,adam,adam,AdamW,,adam,,,requested,3.0,nan,nominal,0.003,additive,1.0,mse,5.241849452616308e-30,110,110,1.0,0.10685850562915755,0.1041092441553163,0.10845848779420654,0.10646136379798389,0.10685850562915755,0.1041092441553163,0.10845848779420654,0.10646136379798389,0.11970523974791009,0.11705645576064885,0.1213356864579907,0.11932987937186647,5.146593022997028,5.1288298182666745,5.152938022149151,5.1347170945891225,0.08948404220549128,0.08684446775078691,0.09162484605480382,0.08941267448177966,0.0,0.0,0.0,0.0,0.0,0.0,0.0,0.0,13.342090331100813,13.161704272903721,13.48117953528862,13.35210452215264,0.0,0.0,0.0,0.0,6.984159697183031,6.93958855037559,7.0539268294582165,6.989519801434863,22.075075142196756,21.95363332665989,22.174602931718066,22.069594661357943,nan,nan,nan,nan,nan,nan,nan,nan,nan,nan,nan,nan,nan,nan,nan,nan
2,adam,adam,AdamW,,adam,,,requested,3.0,nan,nominal,0.003,additive,1.0,mse,5.241849452616308e-30,120,120,1.0,0.09660376144782448,0.09462610374971647,0.09754093380364189,0.09612536271498534,0.09660376144782448,0.09462610374971647,0.09754093380364189,0.09612536271498534,0.10901627694324259,0.10701880583195515,0.11030735041363494,0.1086052234291285,5.033899529398689,5.021337740773221,5.049683779826889,5.027015572013292,0.08260618176563939,0.08018792412939649,0.08362747756297437,0.08215853292890388,0.0,0.0,0.0,0.0,0.0,0.0,0.0,0.0,13.221772575366284,13.123171535431808,13.289301820722798,13.221927166397379,0.0,0.0,0.0,0.0,7.004958556058679,6.954324995479691,7.0587100794175495,7.0047315937204955,21.802734844924657,21.7012352968095,21.906648274418345,21.81102317055892,nan,nan,nan,nan,nan,nan,nan,nan,nan,nan,nan,nan,nan,nan,nan,nan
2,adam,adam,AdamW,,adam,,,requested,3.0,nan,nominal,0.003,additive,1.0,mse,5.241849452616308e-30,130,130,1.0,0.08792118082750164,0.08711674387684298,0.08877915503175109,0.08786171471175563,0.08792118082750164,0.08711674387684298,0.08877915503175109,0.08786171471175563,0.10025713236186463,0.09869236856560179,0.10062555013985186,0.09975995757170619,4.936989336341159,4.905263984967433,4.954892146364676,4.926525398011563,0.07684420550862389,0.07549153466072002,0.07725128842679989,0.07643784785786072,0.0,0.0,0.0,0.0,0.0,0.0,0.0,0.0,13.128106160762385,12.953847262134175,13.281166802206187,13.07974604974294,0.0,0.0,0.0,0.0,7.020684815887915,6.955909434739382,7.081874839498292,7.020804154267313,21.551489477456826,21.459637670054946,21.6836955525175,21.577884001369203,nan,nan,nan,nan,nan,nan,nan,nan,nan,nan,nan,nan,nan,nan,nan,nan
2,adam,adam,AdamW,,adam,,,requested,3.0,nan,nominal,0.003,additive,1.0,mse,5.241849452616308e-30,140,140,1.0,0.08139223987705627,0.08048583570946145,0.08226041803447999,0.08136647786290722,0.08139223987705627,0.08048583570946145,0.08226041803447999,0.08136647786290722,0.09298813935018355,0.09181410526496137,0.09357211169109955,0.09284159986384537,4.854477872078674,4.803471289585611,4.872039071661463,4.839297934541699,0.07253066834293243,0.07113070561642956,0.07354581719393144,0.07246439051674783,0.0,0.0,0.0,0.0,0.0,0.0,0.0,0.0,12.733733822091274,12.659122756309355,12.85942134262267,12.73683051047986,0.0,0.0,0.0,0.0,7.0322211221651205,6.9670610660941845,7.1241554269252045,7.038163535458183,21.345111894223194,21.24529708982218,21.466018246470544,21.363657740973828,nan,nan,nan,nan,nan,nan,nan,nan,nan,nan,nan,nan,nan,nan,nan,nan
2,adam,adam,AdamW,,adam,,,requested,3.0,nan,nominal,0.003,additive,1.0,mse,5.241849452616308e-30,150,150,1.0,0.07559762832245662,0.074732562169124,0.07682382989005485,0.07575663355636268,0.07559762832245662,0.074732562169124,0.07682382989005485,0.07575663355636268,0.08701577661817969,0.085809947784495,0.08782715977587709,0.0869681891055138,4.771996391653968,4.719696077764659,4.798710091764316,4.75959637807688,0.06884364916248795,0.0675558436966814,0.06997986108881235,0.06866412601756225,0.0,0.0,0.0,0.0,0.0,0.0,0.0,0.0,12.677158618831912,12.60229131854037,13.077957116050435,12.798001045538602,0.0,0.0,0.0,0.0,7.046298307416549,6.984950154251861,7.156240912457324,7.059298021953545,21.157623510586433,21.08409719518412,21.25162946701698,21.172784534693946,nan,nan,nan,nan,nan,nan,nan,nan,nan,nan,nan,nan,nan,nan,nan,nan
2,adam,adam,AdamW,,adam,,,requested,3.0,nan,nominal,0.003,additive,1.0,mse,5.241849452616308e-30,160,160,1.0,0.07070958160490552,0.06980790131844172,0.07215353856559721,0.07094880171323312,0.07070958160490552,0.06980790131844172,0.07215353856559721,0.07094880171323312,0.0818241684707969,0.08076538388444988,0.08260720127023422,0.08189103424806168,4.6913282996623265,4.642672002245678,4.723749993621265,4.684261832614968,0.0653178126665912,0.06451954644405673,0.0665119183025085,0.06514929115473837,0.0,0.0,0.0,0.0,0.0,0.0,0.0,0.0,12.745498828731947,12.617735467993395,12.85133096688859,12.7566903585845,0.0,0.0,0.0,0.0,7.060621989166306,7.003496317175779,7.166527881646244,7.076125773104659,20.99828279242105,20.898520713891635,21.105059753265774,21.012714649220754,nan,nan,nan,nan,nan,nan,nan,nan,nan,nan,nan,nan,nan,nan,nan,nan
2,adam,adam,AdamW,,adam,,,requested,3.0,nan,nominal,0.003,additive,1.0,mse,5.241849452616308e-30,170,170,1.0,0.06661005777771706,0.06590125827753206,0.06806667992310393,0.06693230321448126,0.06661005777771706,0.06590125827753206,0.06806667992310393,0.06693230321448126,0.07752325679610966,0.07649162684731885,0.07826796854777532,0.0774979575859342,4.617237607931505,4.56420705316086,4.6579509669498815,4.613641491872016,0.06301544611765524,0.061960259113977026,0.06315507568223402,0.06232820178499965,0.0,0.0,0.0,0.0,0.0,0.0,0.0,0.0,12.848579759699005,12.749666346253928,12.952336207078451,12.836186228068412,0.0,0.0,0.0,0.0,7.073689807982335,7.020095430107377,7.18074329321573,7.091627954549865,20.819916515939987,20.718799165548674,20.94111790370795,20.851813605638704,nan,nan,nan,nan,nan,nan,nan,nan,nan,nan,nan,nan,nan,nan,nan,nan
2,adam,adam,AdamW,,adam,,,requested,3.0,nan,nominal,0.003,additive,1.0,mse,5.241849452616308e-30,180,180,1.0,0.06314628105426712,0.06242641522490154,0.06470066214123275,0.06352533888052568,0.06314628105426712,0.06242641522490154,0.06470066214123275,0.06352533888052568,0.0739368962192275,0.07259670614611735,0.07444083155831578,0.0737126848579839,4.549619294469789,4.500954243237839,4.601572095098443,4.55089464827066,0.060619084978285456,0.05993787503289805,0.060771400033501184,0.06021765792991475,0.0,0.0,0.0,0.0,0.0,0.0,0.0,0.0,12.717734415008662,12.380042844100156,12.978894793137666,12.71136755088026,0.0,0.0,0.0,0.0,7.079556898026685,7.02490346548386,7.192903796822355,7.1002763866133085,20.643363729010048,20.58350542348432,20.762148297608416,20.68900609309345,nan,nan,nan,nan,nan,nan,nan,nan,nan,nan,nan,nan,nan,nan,nan,nan
2,adam,adam,AdamW,,adam,,,requested,3.0,nan,nominal,0.003,additive,1.0,mse,5.241849452616308e-30,190,190,1.0,0.060081875854149744,0.05940377167281845,0.06139981094792943,0.06045001270906096,0.060081875854149744,0.05940377167281845,0.06139981094792943,0.06045001270906096,0.07052639978190205,0.0693418874687322,0.07082276049091038,0.07030561686781775,4.491316012988653,4.44390378264055,4.540447351842501,4.491788548845877,0.058075843860165774,0.057381934215612586,0.05831146503661931,0.05813969628182626,0.0,0.0,0.0,0.0,0.0,0.0,0.0,0.0,12.833495354617554,12.681962788431107,12.895864841511488,12.778771809741572,0.0,0.0,0.0,0.0,7.077966404697737,7.032827526302405,7.191799527137201,7.101349998095791,20.50483604545549,20.455281881463897,20.626615489745483,20.539536650714677,nan,nan,nan,nan,nan,nan,nan,nan,nan,nan,nan,nan,nan,nan,nan,nan
2,adam,adam,AdamW,,adam,,,requested,3.0,nan,nominal,0.003,additive,1.0,mse,5.241849452616308e-30,200,200,1.0,0.05739608730839341,0.05658705620680508,0.05856051142961525,0.05766410336077197,0.05739608730839341,0.05658705620680508,0.05856051142961525,0.05766410336077197,0.0673813680431512,0.06617766463233829,0.06776620904678751,0.06720876136378709,4.432776881466607,4.392146085075844,4.48543224128458,4.435623925639963,0.055866657423241914,0.05541330977291769,0.05618980433420694,0.05595638474294317,0.0,0.0,0.0,0.0,0.0,0.0,0.0,0.0,12.66628302000888,12.527168674391234,12.822905848335093,12.705748877276397,0.0,0.0,0.0,0.0,7.074687566533953,7.035124862951865,7.204669550949492,7.103350036047576,20.40788137454768,20.291840238354474,20.510621071714525,20.404987224909384,nan,nan,nan,nan,nan,nan,nan,nan,nan,nan,nan,nan,nan,nan,nan,nan
2,adam,adam,AdamW,,adam,,,requested,3.0,nan,nominal,0.003,additive,1.0,mse,5.241849452616308e-30,210,210,1.0,0.05507394213667279,0.054269378419681,0.05614735611923376,0.05530307211614677,0.05507394213667279,0.054269378419681,0.05614735611923376,0.05530307211614677,0.06465592121784411,0.06356740776252678,0.0652180170453166,0.06461735268280369,4.382925844051033,4.340403172842855,4.437228331816286,4.3864705145337,0.05380677202451928,0.05356967193722986,0.054696804221187945,0.0540773414258702,0.0,0.0,0.0,0.0,0.0,0.0,0.0,0.0,12.59618087825131,12.44039769914998,12.7423880098955,12.649166679933924,0.0,0.0,0.0,0.0,7.084247524555895,7.036053105606335,7.207415570461424,7.10857440997857,20.275645064976686,20.16249138016329,20.423785917729145,20.27658213036,nan,nan,nan,nan,nan,nan,nan,nan,nan,nan,nan,nan,nan,nan,nan,nan
2,adam,adam,AdamW,,adam,,,requested,3.0,nan,nominal,0.003,additive,1.0,mse,5.241849452616308e-30,220,220,1.0,0.052942093916250134,0.05227539729962474,0.05403662295584689,0.05323957802453007,0.052942093916250134,0.05227539729962474,0.05403662295584689,0.05323957802453007,0.06229394231171052,0.061334597929121853,0.06308435418139481,0.06235424247255901,4.336308950258413,4.294957266135236,4.389289646177581,4.341184423518728,0.052056143294431145,0.05192780973562801,0.05249367407071654,0.052247242397539646,0.0,0.0,0.0,0.0,0.0,0.0,0.0,0.0,12.712474866096931,12.479488783032675,12.826993379139164,12.63207068181401,0.0,0.0,0.0,0.0,7.0935064914804835,7.028829796132601,7.202414687845057,7.11419809373996,20.196425084784714,20.06626497579775,20.32699823050367,20.182165098404056,nan,nan,nan,nan,nan,nan,nan,nan,nan,nan,nan,nan,nan,nan,nan,nan
2,adam,adam,AdamW,,adam,,,requested,3.0,nan,nominal,0.003,additive,1.0,mse,5.241849452616308e-30,230,230,1.0,0.05131713048736309,0.05049936065363876,0.05230385374798481,0.05144648923333607,0.05131713048736309,0.05049936065363876,0.05230385374798481,0.05144648923333607,0.060205782578855005,0.059349916899538405,0.06127441571374538,0.060334006346274664,4.29527019722551,4.258100573630788,4.342574737410757,4.298994414470998,0.0510429493333999,0.050247530746261516,0.05167989293065581,0.05094811068649397,0.0,0.0,0.0,0.0,0.0,0.0,0.0,0.0,12.648445923723616,12.41502181943471,12.724078496202456,12.62677301184321,0.0,0.0,0.0,0.0,7.098215259683379,7.013954069231268,7.208037603422582,7.119163150655694,20.080430240555426,19.974147775011588,20.181063487784016,20.070391076207745,nan,nan,nan,nan,nan,nan,nan,nan,nan,nan,nan,nan,nan,nan,nan,nan
2,adam,adam,AdamW,,adam,,,requested,3.0,nan,nominal,0.003,additive,1.0,mse,5.241849452616308e-30,240,240,1.0,0.049866312281245516,0.04901691032042538,0.05070211417886802,0.0498442197202524,0.049866312281245516,0.04901691032042538,0.05070211417886802,0.0498442197202524,0.058462624715726164,0.05749557205489361,0.059418904262806896,0.058501662044768483,4.2578026100008906,4.223835079034806,4.30045858082093,4.260760904479788,0.04976964067107507,0.04938865703757777,0.05032706196680671,0.04979604521909885,0.0,0.0,0.0,0.0,0.0,0.0,0.0,0.0,12.695774968705527,12.673529816419274,12.753359164891172,12.747338584370347,0.0,0.0,0.0,0.0,7.101106850962592,7.011641531386943,7.215741068914605,7.125220539930884,19.991906103829436,19.863334720238758,20.058700920878437,19.97582425449357,nan,nan,nan,nan,nan,nan,nan,nan,nan,nan,nan,nan,nan,nan,nan,nan
2,adam,adam,AdamW,,adam,,,requested,3.0,nan,nominal,0.003,additive,1.0,mse,5.241849452616308e-30,250,250,1.0,0.048467688039050875,0.047568698716819374,0.04918880370754061,0.04841755409870749,0.048467688039050875,0.047568698716819374,0.04918880370754061,0.04841755409870749,0.056846274336199834,0.055832262894412885,0.05776536573867724,0.05688373317328574,4.22562283317099,4.191267065765455,4.260597443941796,4.227398048075218,0.04883880707708069,0.048259745106071616,0.049256870438672926,0.04875629349236023,0.0,0.0,0.0,0.0,0.0,0.0,0.0,0.0,12.565247411862938,12.48067777670282,12.666661887530303,12.574210712730874,0.0,0.0,0.0,0.0,7.1027273966840845,7.016892271448311,7.2236954617935805,7.130408363540234,19.90204622331113,19.778185793595057,19.948517216226094,19.878917827520436,nan,nan,nan,nan,nan,nan,nan,nan,nan,nan,nan,nan,nan,nan,nan,nan
2,adam,adam,AdamW,,adam,,,requested,3.0,nan,nominal,0.003,additive,1.0,mse,5.241849452616308e-30,260,260,1.0,0.04697608293406018,0.0461548908776082,0.047861441944108615,0.04704466474994815,0.04697608293406018,0.0461548908776082,0.047861441944108615,0.04704466474994815,0.05522014165092001,0.05435497138045331,0.056265986922242744,0.05534093705675408,4.192320594665018,4.156709546270138,4.227832360355652,4.193966060180896,0.04766453149743631,0.047253156321296966,0.048258949276660815,0.04771618093306662,0.0,0.0,0.0,0.0,0.0,0.0,0.0,0.0,12.577737271162825,12.505482048245444,12.643049712939396,12.607443061034026,0.0,0.0,0.0,0.0,7.111173315554973,7.0294835192839145,7.224161066328193,7.136608152310348,19.805335857155494,19.706182702344304,19.88967794464917,19.791880084714812,nan,nan,nan,nan,nan,nan,nan,nan,nan,nan,nan,nan,nan,nan,nan,nan
2,adam,adam,AdamW,,adam,,,requested,3.0,nan,nominal,0.003,additive,1.0,mse,5.241849452616308e-30,270,270,1.0,0.04562960223494021,0.04502446466965577,0.04665830427716266,0.045843351146872824,0.04562960223494021,0.04502446466965577,0.04665830427716266,0.045843351146872824,0.05380490323312266,0.05310409454296568,0.05479065108521979,0.05400051530513804,4.162148105685235,4.126157588911507,4.198676973257633,4.163999707437676,0.04683354223968538,0.04618522031057437,0.04711767094079751,0.04665982700226726,0.0,0.0,0.0,0.0,0.0,0.0,0.0,0.0,12.581861604153474,12.529472679458443,12.64514098003491,12.58627389687292,0.0,0.0,0.0,0.0,7.124502945760099,7.036995309811404,7.227655785339226,7.144882396653471,19.726719045089617,19.643895921201583,19.819822055377323,19.713825924457858,nan,nan,nan,nan,nan,nan,nan,nan,nan,nan,nan,nan,nan,nan,nan,nan
2,adam,adam,AdamW,,adam,,,requested,3.0,nan,nominal,0.003,additive,1.0,mse,5.241849452616308e-30,280,280,1.0,0.04474580629130199,0.04387090970329702,0.04552652204308526,0.044804695385249504,0.04474580629130199,0.04387090970329702,0.04552652204308526,0.044804695385249504,0.05270142506055055,0.051951772013422506,0.053655972948672304,0.05282529462993153,4.133680058196898,4.100145194346471,4.172562345783962,4.137301218631594,0.04591392471393499,0.04507588953197692,0.04642877590527135,0.045771300081087096,0.0,0.0,0.0,0.0,0.0,0.0,0.0,0.0,12.57620304632251,12.433839857896993,12.859635654883224,12.654111389573774,0.0,0.0,0.0,0.0,7.132618715623298,7.041256229253889,7.223230874486887,7.148325388345828,19.654321705180934,19.574217753525808,19.722808378295795,19.63352106462056,nan,nan,nan,nan,nan,nan,nan,nan,nan,nan,nan,nan,nan,nan,nan,nan
2,adam,adam,AdamW,,adam,,,requested,3.0,nan,nominal,0.003,additive,1.0,mse,5.241849452616308e-30,290,290,1.0,0.043953521899978865,0.04287855910063454,0.04463219940653456,0.04386582487900373,0.043953521899978865,0.04287855910063454,0.04463219940653456,0.04386582487900373,0.05181153100743677,0.0506892081249287,0.05260021731347201,0.05172175452063903,4.109173792269379,4.073593797298371,4.1508241797704635,4.112923629882939,0.04516153486291011,0.044638792422013844,0.045699291766970546,0.04509521468111922,0.0,0.0,0.0,0.0,0.0,0.0,0.0,0.0,12.695529971255528,12.549357772324367,12.916816119410662,12.685200285895476,0.0,0.0,0.0,0.0,7.143749951439407,7.053025254360055,7.224242697401302,7.1557076343720825,19.58388281715932,19.517883406254327,19.676309624066256,19.567659402756234,nan,nan,nan,nan,nan,nan,nan,nan,nan,nan,nan,nan,nan,nan,nan,nan
2,adam,adam,AdamW,,adam,,,requested,3.0,nan,nominal,0.003,additive,1.0,mse,5.241849452616308e-30,300,300,1.0,0.04300969293760168,0.0418901243265391,0.04370672140852016,0.04294488531421187,0.04300969293760168,0.0418901243265391,0.04370672140852016,0.04294488531421187,0.050753346349300066,0.04956852787989636,0.05150095150570441,0.050678458109302674,4.0855949129054885,4.04624871898422,4.130838420236766,4.090292260586164,0.04417891782874557,0.04373372292007113,0.04469677602869836,0.044048594772333416,0.0,0.0,0.0,0.0,0.0,0.0,0.0,0.0,12.58791229740249,12.426825541237301,12.98071988879792,12.64800182162446,0.0,0.0,0.0,0.0,7.152743522234428,7.065434436399096,7.22390515534651,7.162105467056333,19.542657257528496,19.487264412573474,19.625031737456624,19.522196305696696,nan,nan,nan,nan,nan,nan,nan,nan,nan,nan,nan,nan,nan,nan,nan,nan
2,adam,adam,AdamW,,adam,,,requested,3.0,nan,nominal,0.003,additive,1.0,mse,5.241849452616308e-30,310,310,1.0,0.04214503314022976,0.041051930518847306,0.04285275882887422,0.04209106072856965,0.04214503314022976,0.041051930518847306,0.04285275882887422,0.04209106072856965,0.04981942277111355,0.04857544366680258,0.05037051243022767,0.04969270320632317,4.06470759814638,4.01969627768024,4.106869645061838,4.0675278177314595,0.04318885553991626,0.042613400490418736,0.04352266847551766,0.043155064353439646,0.0,0.0,0.0,0.0,0.0,0.0,0.0,0.0,12.57408395378629,12.419230915213998,12.721162365394981,12.572282274251231,0.0,0.0,0.0,0.0,7.15276427305481,7.078181089342852,7.221201479806867,7.165636243177828,19.501232978287106,19.45541731235008,19.548324549190692,19.47017195384126,nan,nan,nan,nan,nan,nan,nan,nan,nan,nan,nan,nan,nan,nan,nan,nan
2,adam,adam,AdamW,,adam,,,requested,3.0,nan,nominal,0.003,additive,1.0,mse,5.241849452616308e-30,320,320,1.0,0.04125953125102084,0.040361482692138614,0.04212094626427429,0.04129636491385627,0.04125953125102084,0.040361482692138614,0.04212094626427429,0.04129636491385627,0.04886236173860289,0.047771932058427724,0.04942492609287382,0.04878428606630001,4.0436232950826625,3.9953377041164813,4.085285714173289,4.045375812317369,0.042277445673410866,0.041774984956385375,0.04295251266650388,0.04229337530809548,0.0,0.0,0.0,0.0,0.0,0.0,0.0,0.0,12.861678543901128,12.6820404492548,12.974385345159291,12.793544810118075,0.0,0.0,0.0,0.0,7.1527153917841755,7.081998757471169,7.221600236055314,7.168359428984958,19.4620218643832,19.389502541923996,19.479550255220104,19.416651010569375,nan,nan,nan,nan,nan,nan,nan,nan,nan,nan,nan,nan,nan,nan,nan,nan
2,adam,adam,AdamW,,adam,,,requested,3.0,nan,nominal,0.003,additive,1.0,mse,5.241849452616308e-30,330,330,1.0,0.040451412903687464,0.03972730746324382,0.04139701251504051,0.04057619897233103,0.040451412903687464,0.03972730746324382,0.04139701251504051,0.04057619897233103,0.04790320437510463,0.04695931395024343,0.04858548416930418,0.04793352164690882,4.02563321162807,3.973925372172327,4.0629854305371,4.025384653369333,0.041378615399277494,0.04109309308736583,0.041953848214457294,0.041450589704574534,0.0,0.0,0.0,0.0,0.0,0.0,0.0,0.0,12.407703210219566,12.32356270990525,12.469692944937888,12.394281365940984,0.0,0.0,0.0,0.0,7.153029386472774,7.089090314361589,7.221380854531851,7.171700181768885,19.393319526994727,19.325411786720586,19.45690551127499,19.365706122724312,nan,nan,nan,nan,nan,nan,nan,nan,nan,nan,nan,nan,nan,nan,nan,nan
2,adam,adam,AdamW,,adam,,,requested,3.0,nan,nominal,0.003,additive,1.0,mse,5.241849452616308e-30,340,340,1.0,0.03982024245359479,0.03918849971318364,0.04073034579066114,0.039953729970268886,0.03982024245359479,0.03918849971318364,0.04073034579066114,0.039953729970268886,0.04719325086393557,0.046302062963682014,0.04787897732419015,0.04722188262226043,4.009772186031765,3.9580406103815795,4.042107566239464,4.007761770749003,0.04072719394268855,0.04041317099753358,0.04126321812479206,0.040748290331945214,0.0,0.0,0.0,0.0,0.0,0.0,0.0,0.0,12.737773428975515,12.649116248207221,12.866046646317034,12.720006827493588,0.0,0.0,0.0,0.0,7.154842603877449,7.099563902331366,7.216110030833177,7.175070739075347,19.339856557120427,19.254839119914706,19.4146441975895,19.317367071807155,nan,nan,nan,nan,nan,nan,nan,nan,nan,nan,nan,nan,nan,nan,nan,nan
2,adam,adam,AdamW,,adam,,,requested,3.0,nan,nominal,0.003,additive,1.0,mse,5.241849452616308e-30,350,350,1.0,0.039268157626854545,0.038640626820138274,0.0401556682386965,0.039393230676152816,0.039268157626854545,0.038640626820138274,0.0401556682386965,0.039393230676152816,0.04659921409735414,0.0456835624457055,0.04727407977115851,0.04659334144843029,3.995446644608461,3.945595802059069,4.024370007915866,3.9924548999848466,0.0399810572256618,0.03979516171918436,0.04084845954134641,0.040096654991497935,0.0,0.0,0.0,0.0,0.0,0.0,0.0,0.0,12.588093226162446,12.560067338866407,12.698427753973816,12.64588133672061,0.0,0.0,0.0,0.0,7.159026482182375,7.106899383491899,7.214141568948001,7.177528681922601,19.303030850296192,19.206369360186287,19.378538642077704,19.279801663433147,nan,nan,nan,nan,nan,nan,nan,nan,nan,nan,nan,nan,nan,nan,nan,nan
2,adam,adam,AdamW,,adam,,,requested,3.0,nan,nominal,0.003,additive,1.0,mse,5.241849452616308e-30,360,360,1.0,0.038765624776227955,0.03818463732517738,0.03967821344134854,0.03889373917875775,0.038765624776227955,0.03818463732517738,0.03967821344134854,0.03889373917875775,0.04610537197107055,0.04511694536053875,0.04676314290745483,0.04604304804115068,3.9828484418051486,3.9337858015033667,4.0109409695501395,3.9793062401551333,0.039470933713732295,0.03910958620459319,0.04013939828930304,0.039436568691821425,0.0,0.0,0.0,0.0,0.0,0.0,0.0,0.0,12.840479128555458,12.751758760381144,12.893062692907684,12.818936854403248,0.0,0.0,0.0,0.0,7.159406482598624,7.1111476206365305,7.222650234269805,7.180735858299912,19.26758240849349,19.17463312056836,19.348937123719217,19.25311094788149,nan,nan,nan,nan,nan,nan,nan,nan,nan,nan,nan,nan,nan,nan,nan,nan
2,adam,adam,AdamW,,adam,,,requested,3.0,nan,nominal,0.003,additive,1.0,mse,5.241849452616308e-30,370,370,1.0,0.03831952665314595,0.03775528253267463,0.039262280117252066,0.038460678257449823,0.03831952665314595,0.03775528253267463,0.039262280117252066,0.038460678257449823,0.04562292378649513,0.04463946872799131,0.04627476008272707,0.04556259434698647,3.9726062947773517,3.9217191570720966,3.9991050621066755,3.9678374493854873,0.03886401934681509,0.03850971676216349,0.03931196267125096,0.03881047206475176,0.0,0.0,0.0,0.0,0.0,0.0,0.0,0.0,12.712594954863274,12.45883936117064,12.797865676107072,12.64380946482816,0.0,0.0,0.0,0.0,7.160594772781335,7.11707170676734,7.225190408749043,7.182744144344976,19.23704023793582,19.151216476269855,19.32359197042379,19.228527304722807,nan,nan,nan,nan,nan,nan,nan,nan,nan,nan,nan,nan,nan,nan,nan,nan
2,adam,adam,AdamW,,adam,,,requested,3.0,nan,nominal,0.003,additive,1.0,mse,5.241849452616308e-30,380,380,1.0,0.03797501429671293,0.037401691631537906,0.038908051358006346,0.038109547112660146,0.03797501429671293,0.037401691631537906,0.038908051358006346,0.038109547112660146,0.045205620401240404,0.04426435498771733,0.04585976815014865,0.04516581780598001,3.963288803440263,3.912208638859932,3.9897493891710356,3.9584119721013344,0.03836509049586401,0.038034386406434764,0.03871139062614902,0.03829609742710625,0.0,0.0,0.0,0.0,0.0,0.0,0.0,0.0,12.685438493210043,12.601775683339945,13.044767654461983,12.794895176394853,0.0,0.0,0.0,0.0,7.162606885186264,7.120882036834439,7.225450448809738,7.18377542471485,19.206822639648813,19.138630800032978,19.30390862618411,19.2067565100392,nan,nan,nan,nan,nan,nan,nan,nan,nan,nan,nan,nan,nan,nan,nan,nan
2,adam,adam,AdamW,,adam,,,requested,3.0,nan,nominal,0.003,additive,1.0,mse,5.241849452616308e-30,390,390,1.0,0.03768885791659134,0.03705470285999278,0.03861477237073648,0.037794122326293186,0.03768885791659134,0.03705470285999278,0.03861477237073648,0.037794122326293186,0.044828209044841985,0.043922830524625735,0.04553673743356306,0.04480317646939066,3.9548057033775215,3.903405927675397,3.9832686884286526,3.9504831615080676,0.03794679112838095,0.037635908229220486,0.0381644692261601,0.037814990539647424,0.0,0.0,0.0,0.0,0.0,0.0,0.0,0.0,12.413674506510969,12.37356870904857,12.48207010168036,12.446292425724362,0.0,0.0,0.0,0.0,7.163756507096364,7.123889761529986,7.226683863444402,7.184772150560226,19.177187874398086,19.12882969509002,19.27905298108821,19.18619237976052,nan,nan,nan,nan,nan,nan,nan,nan,nan,nan,nan,nan,nan,nan,nan,nan
2,adam,adam,AdamW,,adam,,,requested,3.0,nan,nominal,0.003,additive,1.0,mse,5.241849452616308e-30,400,400,1.0,0.0374240993299091,0.036764126220248286,0.038354338088139865,0.037524697168293375,0.0374240993299091,0.036764126220248286,0.038354338088139865,0.037524697168293375,0.044506821596008,0.04364029347886545,0.0452241833281886,0.044498430777810086,3.9478220500012293,3.8956003229456417,3.9762655417697834,3.9432577390090815,0.037532912837108814,0.03713453798905512,0.0377797774624023,0.037411110548218135,0.0,0.0,0.0,0.0,0.0,0.0,0.0,0.0,12.739761250059733,12.616708950168103,12.874821031556946,12.697779629078664,0.0,0.0,0.0,0.0,7.165599822454585,7.12827133538861,7.227664401477592,7.186483907548078,19.162577451114256,19.10843387582937,19.25447241608316,19.168431724832452,nan,nan,nan,nan,nan,nan,nan,nan,nan,nan,nan,nan,nan,nan,nan,nan
2,adam,adam,AdamW,,adam,,,requested,3.0,nan,nominal,0.003,additive,1.0,mse,5.241849452616308e-30,410,410,1.0,0.037180652760842384,0.03653250538801444,0.03813349899437621,0.03729464785540166,0.037180652760842384,0.03653250538801444,0.03813349899437621,0.03729464785540166,0.04420687145056802,0.04339875700767422,0.04498570922525609,0.04424162133925723,3.94222812712438,3.8883452914773486,3.9697615419324945,3.9368634510000167,0.03730462687873812,0.036636764401374027,0.03749719205558857,0.03708423009068707,0.0,0.0,0.0,0.0,0.0,0.0,0.0,0.0,12.79929297575624,12.705955086711207,12.911660199338629,12.812137125801197,0.0,0.0,0.0,0.0,7.168234326487898,7.1292266350548354,7.228607086728476,7.188188652731116,19.146221480641245,19.0854226671753,19.233004377140958,19.151184428678985,nan,nan,nan,nan,nan,nan,nan,nan,nan,nan,nan,nan,nan,nan,nan,nan
2,adam,adam,AdamW,,adam,,,requested,3.0,nan,nominal,0.003,additive,1.0,mse,5.241849452616308e-30,420,420,1.0,0.03699469197380033,0.03635256810039367,0.03793152052428285,0.03710883331288081,0.03699469197380033,0.03635256810039367,0.03793152052428285,0.03710883331288081,0.043990105224833674,0.043215665155007646,0.04478264930287097,0.0440350975471846,3.9377162759103372,3.8835675393114064,3.9643542411874573,3.931730765715504,0.037055575057644036,0.036297421613372516,0.037263713553047986,0.036816133196635736,0.0,0.0,0.0,0.0,0.0,0.0,0.0,0.0,12.74325426323586,12.572559397437928,12.888293598275308,12.750071976297487,0.0,0.0,0.0,0.0,7.168783837636842,7.128106722429866,7.2304096018610045,7.189015735687557,19.132465028494117,19.064913538634535,19.213929316419264,19.135956281472374,nan,nan,nan,nan,nan,nan,nan,nan,nan,nan,nan,nan,nan,nan,nan,nan
2,adam,adam,AdamW,,adam,,,requested,3.0,nan,nominal,0.003,additive,1.0,mse,5.241849452616308e-30,430,430,1.0,0.036842968111821674,0.03621147562032753,0.03776535424850118,0.03696204463813211,0.036842968111821674,0.03621147562032753,0.03776535424850118,0.03696204463813211,0.0438201505936021,0.043054737332029476,0.04461201474831553,0.043867933666985645,3.93398926932932,3.8798509519469557,3.959867131944094,3.9277569188203647,0.03680455838276391,0.03604157599941681,0.03707960278262615,0.036589971493460646,0.0,0.0,0.0,0.0,0.0,0.0,0.0,0.0,12.728128628439057,12.655486380786273,12.823826019590316,12.75518304923036,0.0,0.0,0.0,0.0,7.168927638140776,7.12739505521985,7.230901470189073,7.189252519065805,19.123891547542854,19.047005772498903,19.20816497013304,19.126464140544492,nan,nan,nan,nan,nan,nan,nan,nan,nan,nan,nan,nan,nan,nan,nan,nan
2,adam,adam,AdamW,,adam,,,requested,3.0,nan,nominal,0.003,additive,1.0,mse,5.241849452616308e-30,440,440,1.0,0.036727670422420214,0.03610607142374364,0.037651543421145725,0.03684725889662159,0.036727670422420214,0.03610607142374364,0.037651543421145725,0.03684725889662159,0.043690511195649345,0.042923774258743594,0.04448250389698903,0.04373640668670897,3.930613957582466,3.8766042852560743,3.956604015294209,3.9245786238694214,0.03664320991810567,0.035889985511019906,0.03692288927718441,0.0364213338131693,0.0,0.0,0.0,0.0,0.0,0.0,0.0,0.0,12.649210838713135,12.567921214188047,12.772095825350895,12.6872424720884,0.0,0.0,0.0,0.0,7.169115027594695,7.127905189840417,7.23015802022598,7.189343442012319,19.114513792285,19.035673307692587,19.206066272489565,19.119112284366338,nan,nan,nan,nan,nan,nan,nan,nan,nan,nan,nan,nan,nan,nan,nan,nan
2,adam,adam,AdamW,,adam,,,requested,3.0,nan,nominal,0.003,additive,1.0,mse,5.241849452616308e-30,450,450,1.0,0.03663993778895195,0.03602458763315737,0.037560691474898246,0.03675628703209286,0.03663993778895195,0.03602458763315737,0.037560691474898246,0.03675628703209286,0.04360360925469315,0.04281520262757428,0.044376026776394885,0.04363439479026052,3.9280601102519563,3.8742168460773714,3.95407937581269,3.922134927105085,0.036518011643323786,0.03574833067860661,0.03677165372747401,0.0362803743109032,0.0,0.0,0.0,0.0,0.0,0.0,0.0,0.0,12.549950758610024,12.341578476158737,12.87697226202014,12.67425646217395,0.0,0.0,0.0,0.0,7.1694096578571544,7.128516294051638,7.2302692425945665,7.18959015717849,19.105704235221,19.0296306240347,19.20013150222715,19.113012253560377,nan,nan,nan,nan,nan,nan,nan,nan,nan,nan,nan,nan,nan,nan,nan,nan
2,adam,adam,AdamW,,adam,,,requested,3.0,nan,nominal,0.003,additive,1.0,mse,5.241849452616308e-30,460,460,1.0,0.036565669083442734,0.035961058124806544,0.03749810700613927,0.036684329686495744,0.036565669083442734,0.035961058124806544,0.03749810700613927,0.036684329686495744,0.043531455774268674,0.042725930503102874,0.04429429266220858,0.04355325777038809,3.9260650179337064,3.872207451679123,3.9523043114907357,3.920175490129192,0.03641323013528089,0.03563181125324423,0.036640454430626565,0.03616079354434147,0.0,0.0,0.0,0.0,0.0,0.0,0.0,0.0,12.787888241370002,12.47643109906782,13.01003910853268,12.738317171950918,0.0,0.0,0.0,0.0,7.169299478994825,7.128711271504525,7.2309110770158895,7.189775782674335,19.099139639987058,19.024398437623603,19.195145529183296,19.107889573416262,nan,nan,nan,nan,nan,nan,nan,nan,nan,nan,nan,nan,nan,nan,nan,nan
2,adam,adam,AdamW,,adam,,,requested,3.0,nan,nominal,0.003,additive,1.0,mse,5.241849452616308e-30,470,470,1.0,0.03651073939816699,0.03591717288120285,0.03745413621386945,0.03663473942741235,0.03651073939816699,0.03591717288120285,0.03745413621386945,0.03663473942741235,0.04348150659462023,0.042662499707108434,0.04423556444719216,0.04349858339537688,3.9247371029508518,3.870997680408884,3.9508824757861563,3.9188091055308125,0.03632766083352551,0.03555416856019862,0.03656379733117002,0.03607923636727045,0.0,0.0,0.0,0.0,0.0,0.0,0.0,0.0,12.84665559181153,12.765954954875522,12.886414622025267,12.829962011947272,0.0,0.0,0.0,0.0,7.169754767256822,7.12869735798842,7.230873689764084,7.190056544320218,19.095252162942828,19.019998700766497,19.192031782385623,19.104194924141623,nan,nan,nan,nan,nan,nan,nan,nan,nan,nan,nan,nan,nan,nan,nan,nan
2,adam,adam,AdamW,,adam,,,requested,3.0,nan,nominal,0.003,additive,1.0,mse,5.241849452616308e-30,480,480,1.0,0.03647222657821263,0.035880150440969504,0.03741974755211899,0.03659567258542572,0.03647222657821263,0.035880150440969504,0.03741974755211899,0.03659567258542572,0.043442071297106644,0.04261835648842778,0.04418921328077718,0.04345494991368953,3.923739179439507,3.869921748923569,3.9498251162731832,3.9177267692879756,0.03625887300551918,0.03549701946639165,0.03649215316300104,0.036012721825707306,0.0,0.0,0.0,0.0,0.0,0.0,0.0,0.0,12.847937304076613,12.572178919274403,12.899107194912983,12.756931964946325,0.0,0.0,0.0,0.0,7.170146385465824,7.128895708274635,7.230911849513137,7.190333305169895,19.092767696584765,19.015053361666205,19.188330860645088,19.100932778219516,nan,nan,nan,nan,nan,nan,nan,nan,nan,nan,nan,nan,nan,nan,nan,nan
2,adam,adam,AdamW,,adam,,,requested,3.0,nan,nominal,0.003,additive,1.0,mse,5.241849452616308e-30,490,490,1.0,0.036440844968090455,0.035850584300835306,0.037390580199801564,0.03656555004465026,0.036440844968090455,0.035850584300835306,0.037390580199801564,0.03656555004465026,0.04341003789656339,0.04258349760982457,0.04415277273794377,0.043421909814462145,3.9229536168009465,3.8691862471879164,3.9492511451874517,3.916975507633939,0.03621240414087089,0.035445458923921494,0.0364288834251359,0.03596075830646672,0.0,0.0,0.0,0.0,0.0,0.0,0.0,0.0,12.595306745187365,12.423558233864975,12.872202625234031,12.673907943616445,0.0,0.0,0.0,0.0,7.170183754846036,7.1293664847117455,7.230944261960937,7.190497025874102,19.090933471040117,19.012534437292306,19.18615954491799,19.098825021945736,nan,nan,nan,nan,nan,nan,nan,nan,nan,nan,nan,nan,nan,nan,nan,nan
2,adam,adam,AdamW,,adam,,,requested,3.0,nan,nominal,0.003,additive,1.0,mse,5.241849452616308e-30,500,500,1.0,0.03641526356015489,0.03582315920185206,0.03736263637979635,0.03653929290308306,0.03641526356015489,0.03582315920185206,0.03736263637979635,0.03653929290308306,0.04337955678459833,0.04255302421332861,0.04412316936893748,0.04339256579627383,3.9222462523196038,3.8685508537111684,3.948780564039793,3.916337917953011,0.03616688338014805,0.035405847789559575,0.03637624182027391,0.03591505796829508,0.0,0.0,0.0,0.0,0.0,0.0,0.0,0.0,12.884109932832722,12.485828836525707,12.967801200183374,12.77115125301598,0.0,0.0,0.0,0.0,7.170263846276237,7.12960616613349,7.2309419604159295,7.190582258376832,19.089063211387213,19.01039636282598,19.18405666448863,19.09691411397008,nan,nan,nan,nan,nan,nan,nan,nan,nan,nan,nan,nan,nan,nan,nan,nan
2,adam,adam,AdamW,,adam,,,requested,inf,nan,nominal,0.003,additive,1.0,mse,5.241849452616308e-30,0,0,1.0,1.0418358611002518,1.0418358611002518,1.0418358611002518,1.0418358611002518,1.0418358611002518,1.0418358611002518,1.0418358611002518,1.0418358611002518,1.0142169620491983,1.0142169620491983,1.0142169620491983,1.0142169620491983,8.041259446541174,8.041259446541174,8.041259446541174,8.041259446541174,0.6001744541469579,0.6001744541469579,0.6001744541469579,0.6001744541469579,0.0,0.0,0.0,0.0,0.0,0.0,0.0,0.0,0.0,0.0,0.0,0.0,0.0,0.0,0.0,0.0,6.9224601109148445,6.9224601109148445,6.9224601109148445,6.9224601109148445,23.97018795689393,23.97018795689393,23.97018795689393,23.97018795689393,nan,nan,nan,nan,nan,nan,nan,nan,nan,nan,nan,nan,nan,nan,nan,nan
2,adam,adam,AdamW,,adam,,,requested,inf,nan,nominal,0.003,additive,1.0,mse,5.241849452616308e-30,10,10,1.0,0.7166122793105045,0.7158816372227959,0.720022281084548,0.717546406471053,0.7166122793105045,0.7158816372227959,0.720022281084548,0.717546406471053,0.7112119032967898,0.7107402377569348,0.7134018809648641,0.7117659480558265,7.408933837106974,7.4026841833417745,7.417212307095925,7.408774872567374,0.3868528778021048,0.38462021515332323,0.39021807278464055,0.38716124944180275,0.0,0.0,0.0,0.0,0.0,0.0,0.0,0.0,26.4289019482307,26.34519553263117,26.677047945126816,26.458809177906527,0.0,0.0,0.0,0.0,6.890762570333752,6.876758072864059,6.9207110892649,6.901056339864281,24.513081420290604,24.50088966568962,24.52913397638493,24.51709316680565,nan,nan,nan,nan,nan,nan,nan,nan,nan,nan,nan,nan,nan,nan,nan,nan
2,adam,adam,AdamW,,adam,,,requested,inf,nan,nominal,0.003,additive,1.0,mse,5.241849452616308e-30,20,20,1.0,0.5391463032509286,0.5388710708458025,0.5408586394210996,0.5401707087196043,0.5391463032509286,0.5388710708458025,0.5408586394210996,0.5401707087196043,0.5416464177023826,0.5406223656149118,0.5438269149962991,0.542260635653563,6.969735239861846,6.960713415906065,6.979736458758868,6.970066227586654,0.28290921462043533,0.28226892125629616,0.2843027296910178,0.28321834139554536,0.0,0.0,0.0,0.0,0.0,0.0,0.0,0.0,21.257709796955684,21.071296580005324,21.287026583797573,21.226906208157978,0.0,0.0,0.0,0.0,6.871960050074868,6.855205008349077,6.909017665217954,6.883217970156178,24.74128837200854,24.72848677918902,24.77464179364486,24.759395919243584,nan,nan,nan,nan,nan,nan,nan,nan,nan,nan,nan,nan,nan,nan,nan,nan
2,adam,adam,AdamW,,adam,,,requested,inf,nan,nominal,0.003,additive,1.0,mse,5.241849452616308e-30,30,30,1.0,0.4313460714142235,0.4302383475216266,0.43251418362228566,0.43079465507820547,0.4313460714142235,0.4302383475216266,0.43251418362228566,0.43079465507820547,0.43827385785634543,0.4350734838980261,0.4390400807709068,0.43674687827857017,6.640908349748809,6.634886073245262,6.657382050548786,6.644382066527158,0.23493271473511163,0.23411961071408383,0.2360817881964807,0.23510677717794598,0.0,0.0,0.0,0.0,0.0,0.0,0.0,0.0,18.41374885041928,18.273422185828615,18.60729822526863,18.412506709203512,0.0,0.0,0.0,0.0,6.856811949538069,6.830664313811212,6.909301841460417,6.866214367246058,24.77110000007696,24.75804527340023,24.810176675934002,24.78670353945207,nan,nan,nan,nan,nan,nan,nan,nan,nan,nan,nan,nan,nan,nan,nan,nan
2,adam,adam,AdamW,,adam,,,requested,inf,nan,nominal,0.003,additive,1.0,mse,5.241849452616308e-30,40,40,1.0,0.35274494214982416,0.349230570045965,0.3543746917617735,0.35130838548966475,0.35274494214982416,0.349230570045965,0.3543746917617735,0.35130838548966475,0.3612965490155462,0.35949422639921946,0.36260871710714737,0.3601264891594298,6.371529112146692,6.365139602935895,6.397592154194629,6.380817348961396,0.20726529760626056,0.20677349757102695,0.20766343267623427,0.20709749636418157,0.0,0.0,0.0,0.0,0.0,0.0,0.0,0.0,17.097854900066004,16.90610019597413,17.179592057226685,17.062915705484823,0.0,0.0,0.0,0.0,6.838815205722064,6.830467070859904,6.918706609033509,6.866312493649469,24.65750062692254,24.61880311952861,24.674200073222245,24.64891260937447,nan,nan,nan,nan,nan,nan,nan,nan,nan,nan,nan,nan,nan,nan,nan,nan
2,adam,adam,AdamW,,adam,,,requested,inf,nan,nominal,0.003,additive,1.0,mse,5.241849452616308e-30,50,50,1.0,0.28994172695731546,0.2864949018042567,0.29272398076888084,0.28944488760642695,0.28994172695731546,0.2864949018042567,0.29272398076888084,0.28944488760642695,0.3011186179033405,0.299413506707084,0.30238545171694375,0.3005137376182131,6.146034355357985,6.139796670366508,6.1760008486306965,6.155656386209747,0.18475302699341595,0.1836526477161488,0.18569229725705882,0.1845517421870046,0.0,0.0,0.0,0.0,0.0,0.0,0.0,0.0,16.14254037388261,15.932109998552692,16.25748387368399,16.105165859638326,0.0,0.0,0.0,0.0,6.846359888923289,6.819179706020025,6.937371962968032,6.875792991452784,24.366743538089167,24.347691372208413,24.431906401890796,24.377085307012628,nan,nan,nan,nan,nan,nan,nan,nan,nan,nan,nan,nan,nan,nan,nan,nan
2,adam,adam,AdamW,,adam,,,requested,inf,nan,nominal,0.003,additive,1.0,mse,5.241849452616308e-30,60,60,1.0,0.240365451789801,0.23812619015217207,0.24341189136405056,0.24070669437571954,0.240365451789801,0.23812619015217207,0.24341189136405056,0.24070669437571954,0.2543564167671123,0.2517089627623228,0.2549804711690886,0.25358813559861304,5.951963876283154,5.9427837463904645,5.98638563845517,5.959696410999079,0.16368102326966477,0.16249095248335088,0.16561831399071994,0.16391592976934133,0.0,0.0,0.0,0.0,0.0,0.0,0.0,0.0,15.463648831319151,15.440722958135048,15.499799039829352,15.418900320556478,0.0,0.0,0.0,0.0,6.855392421769846,6.825007616866224,6.957945258454672,6.887842707187504,24.024112861936967,23.977755209666128,24.0614580244552,24.017801630285554,nan,nan,nan,nan,nan,nan,nan,nan,nan,nan,nan,nan,nan,nan,nan,nan
2,adam,adam,AdamW,,adam,,,requested,inf,nan,nominal,0.003,additive,1.0,mse,5.241849452616308e-30,70,70,1.0,0.20305937972547328,0.20061406165331108,0.20485687682613254,0.20269626088052065,0.20305937972547328,0.20061406165331108,0.20485687682613254,0.20269626088052065,0.2179387572026546,0.2145407858502441,0.21882618844578186,0.21673600424150707,5.778770989450056,5.768246467924406,5.819447738894182,5.784916546353083,0.1458069239542614,0.14372961326042477,0.1475981204212999,0.14551489565239997,0.0,0.0,0.0,0.0,0.0,0.0,0.0,0.0,14.740235808861218,14.524007646431544,15.041219414364377,14.808407943576569,0.0,0.0,0.0,0.0,6.87599856959798,6.819693875525283,6.976796952688719,6.899849468143772,23.66225700840159,23.615700629512443,23.701140336113276,23.658180014557743,nan,nan,nan,nan,nan,nan,nan,nan,nan,nan,nan,nan,nan,nan,nan,nan
2,adam,adam,AdamW,,adam,,,requested,inf,nan,nominal,0.003,additive,1.0,mse,5.241849452616308e-30,80,80,1.0,0.17407488866240894,0.17124346616742048,0.17497977216395644,0.17324621024774867,0.17407488866240894,0.17124346616742048,0.17497977216395644,0.17324621024774867,0.18849067284172133,0.18528899299766874,0.18944871879045125,0.18759081463954622,5.615789998112467,5.601683796585859,5.663186565892683,5.6233011300182065,0.13029031868243507,0.12813483973162257,0.13204384361245125,0.13001391044281702,0.0,0.0,0.0,0.0,0.0,0.0,0.0,0.0,14.540189511426377,14.305651993570647,14.588694531587514,14.445006601742097,0.0,0.0,0.0,0.0,6.883981438895868,6.8181507074054455,6.993965885009384,6.907857557052003,23.343962142945962,23.253890435827863,23.389312425092434,23.322734860202722,nan,nan,nan,nan,nan,nan,nan,nan,nan,nan,nan,nan,nan,nan,nan,nan
2,adam,adam,AdamW,,adam,,,requested,inf,nan,nominal,0.003,additive,1.0,mse,5.241849452616308e-30,90,90,1.0,0.15063706101365365,0.1480231067468203,0.1519363866798638,0.1500373995143412,0.15063706101365365,0.1480231067468203,0.1519363866798638,0.1500373995143412,0.16459723747539437,0.1620598929701635,0.165970021169855,0.16427154464538932,5.470066327748844,5.459215692011635,5.514197823028151,5.47808234029026,0.11652292037033726,0.1158348016206467,0.11799410340867396,0.11662406681170753,0.0,0.0,0.0,0.0,0.0,0.0,0.0,0.0,13.98344326641287,13.71765399639865,14.081894282392787,13.927504080784528,0.0,0.0,0.0,0.0,6.893427166305745,6.841423324014683,7.004197094324752,6.929751330926955,23.01851680903095,22.938145449977135,23.05997653856919,23.010717199444496,nan,nan,nan,nan,nan,nan,nan,nan,nan,nan,nan,nan,nan,nan,nan,nan
2,adam,adam,AdamW,,adam,,,requested,inf,nan,nominal,0.003,additive,1.0,mse,5.241849452616308e-30,100,100,1.0,0.1324214090543203,0.12977713460928694,0.13397250127303767,0.13204120822494042,0.1324214090543203,0.12977713460928694,0.13397250127303767,0.13204120822494042,0.1461734810561613,0.1441632192669129,0.14740466079954923,0.14599115389653394,5.341246444679479,5.323111298528241,5.390101520639481,5.348841210204984,0.10585996695430828,0.10494433686373678,0.10671173517234656,0.10570420949882409,0.0,0.0,0.0,0.0,0.0,0.0,0.0,0.0,13.645113748963194,13.48719880036223,13.79880928313544,13.632687345613183,0.0,0.0,0.0,0.0,6.919063789136451,6.879423755334138,7.026483624103975,6.958502820746414,22.707933402402155,22.683015758073875,22.755502237556474,22.707207598124878,nan,nan,nan,nan,nan,nan,nan,nan,nan,nan,nan,nan,nan,nan,nan,nan
2,adam,adam,AdamW,,adam,,,requested,inf,nan,nominal,0.003,additive,1.0,mse,5.241849452616308e-30,110,110,1.0,0.11777238710794632,0.11631184862263509,0.11889298903350451,0.11770890640230537,0.11777238710794632,0.11631184862263509,0.11889298903350451,0.11770890640230537,0.13114566301021352,0.12970963337594488,0.13242777838816416,0.1313719367191925,5.235018395355346,5.1998554310405005,5.278488385079173,5.233130227425982,0.09691011549427705,0.09558277359306727,0.09732328754642536,0.0965995275095286,0.0,0.0,0.0,0.0,0.0,0.0,0.0,0.0,13.372296243060374,13.200233931046315,13.487466236043161,13.321116986872802,0.0,0.0,0.0,0.0,6.958634367594613,6.905011458542105,7.027254942774366,6.984729141870735,22.40793258075781,22.3802472214042,22.48918306318764,22.412235466310978,nan,nan,nan,nan,nan,nan,nan,nan,nan,nan,nan,nan,nan,nan,nan,nan
2,adam,adam,AdamW,,adam,,,requested,inf,nan,nominal,0.003,additive,1.0,mse,5.241849452616308e-30,120,120,1.0,0.10672469782624247,0.10508527917705769,0.10773453524977988,0.10652490544736157,0.10672469782624247,0.10508527917705769,0.10773453524977988,0.10652490544736157,0.11956386910872384,0.11828943499068537,0.12084574500972413,0.11974187436579903,5.1419284879709455,5.101189123193063,5.184895043184221,5.133410855130094,0.08884636114999087,0.08821401749875075,0.08989811348033279,0.08889316910381116,0.0,0.0,0.0,0.0,0.0,0.0,0.0,0.0,13.208299625650792,13.109312425538587,13.313404134161075,13.21760623798426,0.0,0.0,0.0,0.0,6.980322803716271,6.93492237623566,7.044135009671929,7.008426253783646,22.127623764726966,22.102618724640475,22.16065728947794,22.14494939368695,nan,nan,nan,nan,nan,nan,nan,nan,nan,nan,nan,nan,nan,nan,nan,nan
2,adam,adam,AdamW,,adam,,,requested,inf,nan,nominal,0.003,additive,1.0,mse,5.241849452616308e-30,130,130,1.0,0.09798884077557687,0.09639652266155159,0.09867501578225786,0.09768499646566862,0.09798884077557687,0.09639652266155159,0.09867501578225786,0.09768499646566862,0.11044955732572756,0.10905173801685795,0.11150223158029259,0.11043033042184405,5.058692762361476,5.007010286483069,5.0870229639634434,5.0413178043598,0.08300878151354549,0.08216886688340799,0.08392829142526259,0.08301035461764254,0.0,0.0,0.0,0.0,0.0,0.0,0.0,0.0,13.031954331900891,13.000964978017803,13.07251188680806,13.066275391990828,0.0,0.0,0.0,0.0,6.9884067215870065,6.952137321301918,7.071535521112496,7.032556169706221,21.910287259311318,21.88506931474762,21.94767365343233,21.91928091229002,nan,nan,nan,nan,nan,nan,nan,nan,nan,nan,nan,nan,nan,nan,nan,nan
2,adam,adam,AdamW,,adam,,,requested,inf,nan,nominal,0.003,additive,1.0,mse,5.241849452616308e-30,140,140,1.0,0.09051397130087889,0.0894349818642591,0.09124016369063694,0.09025452946616144,0.09051397130087889,0.0894349818642591,0.09124016369063694,0.09025452946616144,0.1029059656156711,0.10131253551479615,0.10359718469160673,0.1026070454711254,4.979908958319305,4.927894607080308,4.999175709346358,4.958247629401424,0.07782416021549238,0.07716924097817966,0.07866367655217704,0.0778346025522392,0.0,0.0,0.0,0.0,0.0,0.0,0.0,0.0,12.902988543100955,12.813836189022567,13.001121830895134,12.925667341088474,0.0,0.0,0.0,0.0,7.006786653248452,6.990595400429582,7.080241535084566,7.051941279121574,21.7469109466113,21.6809752813676,21.792270142962487,21.736188602446873,nan,nan,nan,nan,nan,nan,nan,nan,nan,nan,nan,nan,nan,nan,nan,nan
2,adam,adam,AdamW,,adam,,,requested,inf,nan,nominal,0.003,additive,1.0,mse,5.241849452616308e-30,150,150,1.0,0.0843348056282209,0.08379180514708438,0.0847391950516738,0.08412035428779065,0.0843348056282209,0.08379180514708438,0.0847391950516738,0.08412035428779065,0.09632652820512819,0.09531480600041818,0.09685107479161884,0.09602082704792654,4.906064778148519,4.847855143857428,4.927803921361612,4.884132499573992,0.07376613023628908,0.07346455568956554,0.07386326173512686,0.07358889166264602,0.0,0.0,0.0,0.0,0.0,0.0,0.0,0.0,12.844408415059085,12.821256934045277,12.94841822143589,12.866672464466799,0.0,0.0,0.0,0.0,7.030825536221927,7.019307062891471,7.090788680550289,7.06949181440971,21.588628916174994,21.50623349735077,21.61079196550228,21.562485405113765,nan,nan,nan,nan,nan,nan,nan,nan,nan,nan,nan,nan,nan,nan,nan,nan
2,adam,adam,AdamW,,adam,,,requested,inf,nan,nominal,0.003,additive,1.0,mse,5.241849452616308e-30,160,160,1.0,0.0790141515578422,0.07852441305909114,0.07956044006711299,0.07892293851255637,0.0790141515578422,0.07852441305909114,0.07956044006711299,0.07892293851255637,0.09062961656145264,0.08968687158244203,0.09090079866478974,0.09039665647722955,4.829934605892586,4.777053655007148,4.856316352690737,4.813539962973621,0.07040729126328618,0.07002180187026956,0.07071264376125927,0.0703354795858106,0.0,0.0,0.0,0.0,0.0,0.0,0.0,0.0,12.837199811440659,12.728532060587936,12.902422502201503,12.765754216147169,0.0,0.0,0.0,0.0,7.0436734253109945,7.036152817623125,7.104714736710166,7.082532188148339,21.407288103999488,21.318935831657306,21.463902579155445,21.38846640731886,nan,nan,nan,nan,nan,nan,nan,nan,nan,nan,nan,nan,nan,nan,nan,nan
2,adam,adam,AdamW,,adam,,,requested,inf,nan,nominal,0.003,additive,1.0,mse,5.241849452616308e-30,170,170,1.0,0.07447243726767483,0.07392600287264922,0.07493618967107979,0.074350638467971,0.07447243726767483,0.07392600287264922,0.07493618967107979,0.074350638467971,0.08538180360590203,0.08487030837481571,0.08597831487418318,0.08542199420351168,4.75775747128303,4.714282428421287,4.7892587749275695,4.746153584144293,0.06709456857826751,0.06665486828689368,0.06780039821630796,0.06719225561737442,0.0,0.0,0.0,0.0,0.0,0.0,0.0,0.0,12.746607363329634,12.53883170366117,12.78319725277089,12.68624325545111,0.0,0.0,0.0,0.0,7.064040123829662,7.035804713159493,7.13425018213016,7.09845874818334,21.207795242697962,21.10388842823134,21.315959109469595,21.20681792582027,nan,nan,nan,nan,nan,nan,nan,nan,nan,nan,nan,nan,nan,nan,nan,nan
2,adam,adam,AdamW,,adam,,,requested,inf,nan,nominal,0.003,additive,1.0,mse,5.241849452616308e-30,180,180,1.0,0.07064436626484633,0.06991486241995795,0.07136519524728793,0.07051235138942634,0.07064436626484633,0.06991486241995795,0.07136519524728793,0.07051235138942634,0.08093737875961368,0.08070619863691479,0.08181462767938572,0.08119006710261828,4.699077602742298,4.654214109590349,4.728329719128578,4.685241452359315,0.06463203905443282,0.06408201304512097,0.06483885044009746,0.0644508045144541,0.0,0.0,0.0,0.0,0.0,0.0,0.0,0.0,12.631087643792203,12.55353338723569,12.808211636949686,12.669887646472173,0.0,0.0,0.0,0.0,7.078522014335768,7.055559021632434,7.152993102048174,7.112109762748721,20.990581937014788,20.93768112883963,21.151725674918293,21.02394677572233,nan,nan,nan,nan,nan,nan,nan,nan,nan,nan,nan,nan,nan,nan,nan,nan
2,adam,adam,AdamW,,adam,,,requested,inf,nan,nominal,0.003,additive,1.0,mse,5.241849452616308e-30,190,190,1.0,0.06766804838876772,0.06661366443528438,0.06820183305572003,0.0673057154457063,0.06766804838876772,0.06661366443528438,0.06820183305572003,0.0673057154457063,0.07764649365850387,0.07709749163069497,0.07812338403775881,0.07758146399085472,4.647700793681285,4.59981073299816,4.671955909893907,4.631289643116507,0.06235836174882779,0.061807796808959536,0.06263836945141887,0.06227895250357337,0.0,0.0,0.0,0.0,0.0,0.0,0.0,0.0,12.741445220607588,12.599088633506831,12.903730468195784,12.704603046581006,0.0,0.0,0.0,0.0,7.10885504888853,7.066459638459529,7.156271348749656,7.126910790857407,20.837033775347493,20.777124397354164,20.962088182065596,20.87363799739014,nan,nan,nan,nan,nan,nan,nan,nan,nan,nan,nan,nan,nan,nan,nan,nan
2,adam,adam,AdamW,,adam,,,requested,inf,nan,nominal,0.003,additive,1.0,mse,5.241849452616308e-30,200,200,1.0,0.06489157936659913,0.06370107710437156,0.0652689248434461,0.06448224089216965,0.06489157936659913,0.06370107710437156,0.0652689248434461,0.06448224089216965,0.07463695045798095,0.07387139646290036,0.07528810029482144,0.07445978559637567,4.598243619577845,4.542492364744604,4.617447581040481,4.578803574537498,0.06067681602595415,0.0599943827282821,0.06162729391596983,0.06064153394570135,0.0,0.0,0.0,0.0,0.0,0.0,0.0,0.0,12.600236148628003,12.523783936865875,12.650893019621392,12.612280224128797,0.0,0.0,0.0,0.0,7.1304735441051115,7.071453629903356,7.157345193171481,7.136388786209136,20.671058289821396,20.611703805471286,20.822873532081463,20.725404669995942,nan,nan,nan,nan,nan,nan,nan,nan,nan,nan,nan,nan,nan,nan,nan,nan
2,adam,adam,AdamW,,adam,,,requested,inf,nan,nominal,0.003,additive,1.0,mse,5.241849452616308e-30,210,210,1.0,0.06227403297184243,0.061136116419233,0.06274002077567559,0.06188303247916188,0.06227403297184243,0.061136116419233,0.06274002077567559,0.06188303247916188,0.07180851118900672,0.07091162099035744,0.07243440906300266,0.07158241271181512,4.548913423642913,4.493008650032474,4.571701832467392,4.530206400455631,0.05853624681755028,0.05773047611730533,0.05958893316675643,0.05879832363516464,0.0,0.0,0.0,0.0,0.0,0.0,0.0,0.0,12.794729551359017,12.467342521122282,12.964296067034521,12.72159092326617,0.0,0.0,0.0,0.0,7.1390371736127225,7.089417334061373,7.164745809954264,7.146203367627868,20.548288170805577,20.49729522850502,20.72191255308436,20.597170722475923,nan,nan,nan,nan,nan,nan,nan,nan,nan,nan,nan,nan,nan,nan,nan,nan
2,adam,adam,AdamW,,adam,,,requested,inf,nan,nominal,0.003,additive,1.0,mse,5.241849452616308e-30,220,220,1.0,0.0599315519645376,0.058514024779995365,0.06056484938413116,0.059548001502292655,0.0599315519645376,0.058514024779995365,0.06056484938413116,0.059548001502292655,0.0692682318870699,0.06820864285310252,0.07010022174052408,0.06896542339432932,4.5021264956331315,4.447257613802677,4.5254665946182,4.484313964823601,0.05748495363398391,0.05617216541888413,0.05819198550647969,0.0572181886589862,0.0,0.0,0.0,0.0,0.0,0.0,0.0,0.0,12.65800215144673,12.55449838447693,12.819251791585156,12.694983332504757,0.0,0.0,0.0,0.0,7.153605628397731,7.1143432539589,7.172351159283987,7.15509960996694,20.387753255957612,20.35695796632388,20.6317596104453,20.48018190119617,nan,nan,nan,nan,nan,nan,nan,nan,nan,nan,nan,nan,nan,nan,nan,nan
2,adam,adam,AdamW,,adam,,,requested,inf,nan,nominal,0.003,additive,1.0,mse,5.241849452616308e-30,230,230,1.0,0.05791497295472811,0.05637619663006191,0.058497690566495966,0.05740460872045305,0.05791497295472811,0.05637619663006191,0.058497690566495966,0.05740460872045305,0.06697083971022877,0.06573204547938678,0.06783699521250146,0.06650979035233269,4.459171232044506,4.406628700068715,4.478782603631535,4.440693607785963,0.05628441595370036,0.05488738851713327,0.05719438831352012,0.05570356848592063,0.0,0.0,0.0,0.0,0.0,0.0,0.0,0.0,12.722715608648613,12.637244562988625,12.890268172959942,12.776662897913042,0.0,0.0,0.0,0.0,7.155933337595339,7.126279844510434,7.176316390424079,7.157051189806811,20.282766845262664,20.1992496877677,20.563125121341802,20.36856137654857,nan,nan,nan,nan,nan,nan,nan,nan,nan,nan,nan,nan,nan,nan,nan,nan
2,adam,adam,AdamW,,adam,,,requested,inf,nan,nominal,0.003,additive,1.0,mse,5.241849452616308e-30,240,240,1.0,0.055857867326860114,0.05444667063923988,0.056737389104618875,0.05546244619801601,0.055857867326860114,0.05444667063923988,0.056737389104618875,0.05546244619801601,0.0649961114902903,0.0635168211362128,0.06563573986425834,0.06435654498855675,4.417241171578404,4.369060255499873,4.437469120326618,4.400850765286577,0.054355129868033966,0.05370963108254581,0.05540598027690388,0.054217381264394585,0.0,0.0,0.0,0.0,0.0,0.0,0.0,0.0,12.628024883397924,12.539596062137385,12.864241306956842,12.708300349413905,0.0,0.0,0.0,0.0,7.163063926410437,7.139880635327414,7.19848141453186,7.16742528567539,20.187794409490465,20.123365986255017,20.475634707335942,20.265525153183265,nan,nan,nan,nan,nan,nan,nan,nan,nan,nan,nan,nan,nan,nan,nan,nan
2,adam,adam,AdamW,,adam,,,requested,inf,nan,nominal,0.003,additive,1.0,mse,5.241849452616308e-30,250,250,1.0,0.05411737003488065,0.05279968297553079,0.05479245971082551,0.05371859596556436,0.05411737003488065,0.05279968297553079,0.05479245971082551,0.05371859596556436,0.06307414061454983,0.061623404795801175,0.06354859245137584,0.06244649205771725,4.378896112544663,4.336958654807189,4.40729392310305,4.364967167806929,0.05294703657858967,0.051914261376276714,0.05337663032357111,0.05263220438554078,0.0,0.0,0.0,0.0,0.0,0.0,0.0,0.0,12.664962186540803,12.443469393377356,12.876911260646537,12.6840175772489,0.0,0.0,0.0,0.0,7.173312952575909,7.141681816710843,7.21395295147104,7.1758564040180985,20.113132425629644,20.017732752546113,20.413094351514154,20.180229014817733,nan,nan,nan,nan,nan,nan,nan,nan,nan,nan,nan,nan,nan,nan,nan,nan
2,adam,adam,AdamW,,adam,,,requested,inf,nan,nominal,0.003,additive,1.0,mse,5.241849452616308e-30,260,260,1.0,0.052514603102293764,0.05139853296420206,0.053187847918509924,0.05225036484931916,0.052514603102293764,0.05139853296420206,0.053187847918509924,0.05225036484931916,0.061066399330833444,0.05995661127313562,0.06178910973917193,0.060753607440952366,4.348603457851398,4.303704155892284,4.379697636889024,4.33174550558421,0.051482765443423825,0.051054089057210796,0.05165436589135987,0.051336463884139136,0.0,0.0,0.0,0.0,0.0,0.0,0.0,0.0,12.775939114373784,12.521214050411459,12.891569317131921,12.740635386441253,0.0,0.0,0.0,0.0,7.173089376964908,7.1472118021765745,7.2181514108740235,7.177188032036186,20.02381661824864,19.951995899049336,20.34932836849162,20.105923808790983,nan,nan,nan,nan,nan,nan,nan,nan,nan,nan,nan,nan,nan,nan,nan,nan
2,adam,adam,AdamW,,adam,,,requested,inf,nan,nominal,0.003,additive,1.0,mse,5.241849452616308e-30,270,270,1.0,0.051012344713718565,0.05030049718865092,0.05194968336879545,0.05096209037271433,0.051012344713718565,0.05030049718865092,0.05194968336879545,0.05096209037271433,0.059380891855972964,0.05853966792317294,0.0604268165867,0.0593356073590948,4.320169675666128,4.274203829646266,4.353141717442235,4.301840376627537,0.05031551404438987,0.05025279202636835,0.05051169908823685,0.05025491592270924,0.0,0.0,0.0,0.0,0.0,0.0,0.0,0.0,12.555923180065669,12.416038094853928,12.62853303914038,12.526441074835395,0.0,0.0,0.0,0.0,7.179698150050049,7.146821725605868,7.219253549397739,7.17921276435111,19.968010499977417,19.872507454072583,20.285033583664873,20.040604661229608,nan,nan,nan,nan,nan,nan,nan,nan,nan,nan,nan,nan,nan,nan,nan,nan
2,adam,adam,AdamW,,adam,,,requested,inf,nan,nominal,0.003,additive,1.0,mse,5.241849452616308e-30,280,280,1.0,0.04981400872341142,0.049182197839851706,0.050851704920922565,0.04984274765589212,0.04981400872341142,0.049182197839851706,0.050851704920922565,0.04984274765589212,0.05804328614358398,0.05739894328563165,0.05916563374510072,0.058129814617099304,4.293721457432502,4.245243755333377,4.327167051459516,4.275135236434765,0.04947072009056865,0.04921648419948176,0.049678779120943525,0.04929217107923331,0.0,0.0,0.0,0.0,0.0,0.0,0.0,0.0,12.699963483653843,12.499326991016641,12.82722684287791,12.66860351605235,0.0,0.0,0.0,0.0,7.187044114475966,7.137422444352184,7.226050047464492,7.181565871045125,19.907456814068794,19.813564731436202,20.202458675004806,19.98309830580422,nan,nan,nan,nan,nan,nan,nan,nan,nan,nan,nan,nan,nan,nan,nan,nan
2,adam,adam,AdamW,,adam,,,requested,inf,nan,nominal,0.003,additive,1.0,mse,5.241849452616308e-30,290,290,1.0,0.04871720980585965,0.04805288783591309,0.04984183378231744,0.048740764698543756,0.04871720980585965,0.04805288783591309,0.04984183378231744,0.048740764698543756,0.05676498264413961,0.05631775336741218,0.05794781931656714,0.05693261038683381,4.2700161298493615,4.21882169716297,4.299891303789501,4.248862491851641,0.04828858176683779,0.047552859598963895,0.04882846758784016,0.04823172332576252,0.0,0.0,0.0,0.0,0.0,0.0,0.0,0.0,12.607895550630914,12.550510712311272,12.762382921834837,12.668926291790857,0.0,0.0,0.0,0.0,7.18747043400732,7.133466196359099,7.23337612108442,7.184253503169067,19.81984991807931,19.751577333034703,20.097351449400264,19.905821280896124,nan,nan,nan,nan,nan,nan,nan,nan,nan,nan,nan,nan,nan,nan,nan,nan
2,adam,adam,AdamW,,adam,,,requested,inf,nan,nominal,0.003,additive,1.0,mse,5.241849452616308e-30,300,300,1.0,0.04775179438800241,0.04710356473566938,0.04889815391887142,0.047763594742588206,0.04775179438800241,0.04710356473566938,0.04889815391887142,0.047763594742588206,0.055627986570811284,0.05536332749099747,0.05683205749105144,0.05584593086081101,4.248550216712653,4.193696919024411,4.275074504530467,4.224106439727876,0.04766000087672947,0.046834791246017374,0.04811604762943992,0.04753206951658581,0.0,0.0,0.0,0.0,0.0,0.0,0.0,0.0,12.686525932309568,12.594116480013964,12.889648371674303,12.753495386223817,0.0,0.0,0.0,0.0,7.192712920053655,7.134025424958046,7.242003915528053,7.188335234343613,19.755250049247362,19.69278173365094,20.004699007074745,19.830535437885175,nan,nan,nan,nan,nan,nan,nan,nan,nan,nan,nan,nan,nan,nan,nan,nan
2,adam,adam,AdamW,,adam,,,requested,inf,nan,nominal,0.003,additive,1.0,mse,5.241849452616308e-30,310,310,1.0,0.046912088018197226,0.04621996708843129,0.0479247513598562,0.04684739926702848,0.046912088018197226,0.04621996708843129,0.0479247513598562,0.04684739926702848,0.054728689581223906,0.05435791245106289,0.05574947111053223,0.05484680615840603,4.228099968332858,4.16942306334878,4.253779113888364,4.201701273871613,0.046644055730181516,0.04601939672583564,0.047281037311102586,0.046606974164629764,0.0,0.0,0.0,0.0,0.0,0.0,0.0,0.0,12.82099242431918,12.626546224123233,12.91196951202308,12.771897317978844,0.0,0.0,0.0,0.0,7.195806368032528,7.138434651573085,7.246067612540807,7.19304513481365,19.7102329671125,19.63882982508149,19.924167437004982,19.76940160982699,nan,nan,nan,nan,nan,nan,nan,nan,nan,nan,nan,nan,nan,nan,nan,nan
2,adam,adam,AdamW,,adam,,,requested,inf,nan,nominal,0.003,additive,1.0,mse,5.241849452616308e-30,320,320,1.0,0.046087402114075776,0.04536754087687436,0.04693304047940526,0.04599171832192932,0.046087402114075776,0.04536754087687436,0.04693304047940526,0.04599171832192932,0.0537988603522532,0.05338819662425673,0.05483146027065841,0.05390771077973794,4.208112457398311,4.145757389168328,4.232680107296644,4.180903727136871,0.04553070448825643,0.0452099648279427,0.046088701301488746,0.04567091674437927,0.0,0.0,0.0,0.0,0.0,0.0,0.0,0.0,12.791865776608482,12.576708519827951,12.96621537264795,12.727568133503638,0.0,0.0,0.0,0.0,7.198039736113205,7.137696495447077,7.242944996860652,7.192844989934496,19.680254376927603,19.607171419158746,19.865834286804517,19.728103673686007,nan,nan,nan,nan,nan,nan,nan,nan,nan,nan,nan,nan,nan,nan,nan,nan
2,adam,adam,AdamW,,adam,,,requested,inf,nan,nominal,0.003,additive,1.0,mse,5.241849452616308e-30,330,330,1.0,0.04532378998299677,0.04460864496313545,0.04609708341724268,0.045232544277067924,0.04532378998299677,0.04460864496313545,0.04609708341724268,0.045232544277067924,0.05294182266459502,0.05251631222064353,0.0539836750533551,0.05306025998047399,4.1889712245127875,4.12547637798961,4.213719253268391,4.162040000201769,0.044744834503186684,0.044573426429402416,0.045024323990403875,0.04489162365038097,0.0,0.0,0.0,0.0,0.0,0.0,0.0,0.0,12.7741725537448,12.388275664700448,12.874487724454172,12.66302965034912,0.0,0.0,0.0,0.0,7.19927002441626,7.134102350961125,7.24748715363989,7.19477805216917,19.642625454948515,19.57043424505223,19.805977546175406,19.683352575965706,nan,nan,nan,nan,nan,nan,nan,nan,nan,nan,nan,nan,nan,nan,nan,nan
2,adam,adam,AdamW,,adam,,,requested,inf,nan,nominal,0.003,additive,1.0,mse,5.241849452616308e-30,340,340,1.0,0.04470935013823951,0.04397261803338052,0.04542866433963445,0.04458396852872891,0.04470935013823951,0.04397261803338052,0.04542866433963445,0.04458396852872891,0.052258335129786566,0.05181804468039514,0.05329335980021331,0.05235591556473583,4.172861467401079,4.106703826687479,4.197389470990529,4.145734933622176,0.04411484415752711,0.04395192268028576,0.04450199278131911,0.044236809499513766,0.0,0.0,0.0,0.0,0.0,0.0,0.0,0.0,12.69124800069724,12.601550227763754,12.747371678136147,12.706992264052603,0.0,0.0,0.0,0.0,7.196809486259452,7.131720503691609,7.251109014578076,7.195581977869709,19.59323056016827,19.52624988394829,19.755477510745703,19.635206246259067,nan,nan,nan,nan,nan,nan,nan,nan,nan,nan,nan,nan,nan,nan,nan,nan
2,adam,adam,AdamW,,adam,,,requested,inf,nan,nominal,0.003,additive,1.0,mse,5.241849452616308e-30,350,350,1.0,0.04415278531330256,0.04339013343238578,0.04479245408196911,0.04399154486090871,0.04415278531330256,0.04339013343238578,0.04479245408196911,0.04399154486090871,0.05163573571832153,0.05116045763236749,0.05263736470832781,0.051714018534369986,4.1576510668106215,4.089188867693061,4.181635709806554,4.130324247762545,0.04347742239715077,0.0432187846736805,0.043897566482016356,0.043539451448018546,0.0,0.0,0.0,0.0,0.0,0.0,0.0,0.0,12.662419354235777,12.55336998546487,12.781003787682696,12.646751447830109,0.0,0.0,0.0,0.0,7.196130987224183,7.135234573300029,7.254530677399758,7.1978334803321955,19.563665262438462,19.48926618107477,19.71175671445237,19.59607277500447,nan,nan,nan,nan,nan,nan,nan,nan,nan,nan,nan,nan,nan,nan,nan,nan
2,adam,adam,AdamW,,adam,,,requested,inf,nan,nominal,0.003,additive,1.0,mse,5.241849452616308e-30,360,360,1.0,0.04369151284201835,0.042890868962093154,0.04424044912496213,0.04348275595720958,0.04369151284201835,0.042890868962093154,0.04424044912496213,0.04348275595720958,0.05111207384673146,0.0506245859565586,0.0520527800854647,0.051160580581546586,4.146168870439389,4.074603550012088,4.169609356489586,4.117423650891931,0.0428684730993909,0.042474253260308056,0.04343420151465497,0.04290348761142915,0.0,0.0,0.0,0.0,0.0,0.0,0.0,0.0,12.737859381221762,12.66999225662908,12.82198569471785,12.758885694033651,0.0,0.0,0.0,0.0,7.196968966128287,7.139378239630734,7.256513442126369,7.200303178483386,19.529606848932417,19.449429823669348,19.679052922791833,19.559536331475154,nan,nan,nan,nan,nan,nan,nan,nan,nan,nan,nan,nan,nan,nan,nan,nan
2,adam,adam,AdamW,,adam,,,requested,inf,nan,nominal,0.003,additive,1.0,mse,5.241849452616308e-30,370,370,1.0,0.04324779058166263,0.042401361338568165,0.04382226739348388,0.04302556803218369,0.04324779058166263,0.042401361338568165,0.04382226739348388,0.04302556803218369,0.0506459444104093,0.05009960301679432,0.05159698805638321,0.050662161533351846,4.135123683220788,4.063005057885959,4.159451723674947,4.1061786264403715,0.042072889856601375,0.04177828859039436,0.042963758891530604,0.04226335615617757,0.0,0.0,0.0,0.0,0.0,0.0,0.0,0.0,12.785085419710349,12.682780211796192,12.938036785766279,12.804318586500774,0.0,0.0,0.0,0.0,7.201433035436521,7.14116538604192,7.256552617364807,7.202890425048421,19.49982476941633,19.414893425201637,19.65569371917141,19.529376139318757,nan,nan,nan,nan,nan,nan,nan,nan,nan,nan,nan,nan,nan,nan,nan,nan
2,adam,adam,AdamW,,adam,,,requested,inf,nan,nominal,0.003,additive,1.0,mse,5.241849452616308e-30,380,380,1.0,0.04287432567824545,0.041971787189272636,0.043415138956708524,0.04263703393165702,0.04287432567824545,0.041971787189272636,0.043415138956708524,0.04263703393165702,0.05026375760850593,0.04962581549012847,0.05114114726683715,0.050233526428593384,4.125039489746185,4.053914851092865,4.1497691294471375,4.096436447209598,0.04134447240241394,0.04112415858735839,0.04255245158249755,0.04169613916757451,0.0,0.0,0.0,0.0,0.0,0.0,0.0,0.0,12.69274551180538,12.575304760064828,12.80119050107686,12.717431551385575,0.0,0.0,0.0,0.0,7.207327048727539,7.1416167787174825,7.2553140565703504,7.204149175741785,19.48449579781294,19.396867894752134,19.63917530421284,19.511225120870634,nan,nan,nan,nan,nan,nan,nan,nan,nan,nan,nan,nan,nan,nan,nan,nan
2,adam,adam,AdamW,,adam,,,requested,inf,nan,nominal,0.003,additive,1.0,mse,5.241849452616308e-30,390,390,1.0,0.042511555152010036,0.04162514543596845,0.0430412381587961,0.04228937273801566,0.042511555152010036,0.04162514543596845,0.0430412381587961,0.04228937273801566,0.04989540077182146,0.04924528024199742,0.05072580666800653,0.0498508706345476,4.115363756600802,4.046666103330917,4.140261983968991,4.08787276798995,0.040866492739222784,0.040673504549380526,0.04190374766779832,0.0412192486306441,0.0,0.0,0.0,0.0,0.0,0.0,0.0,0.0,12.83976509423706,12.757251276625404,12.988552705245901,12.860370877949482,0.0,0.0,0.0,0.0,7.208385855913916,7.142900743390188,7.257785741244047,7.205214334567997,19.4667353065935,19.375341490247365,19.61835771251306,19.48906275257375,nan,nan,nan,nan,nan,nan,nan,nan,nan,nan,nan,nan,nan,nan,nan,nan
2,adam,adam,AdamW,,adam,,,requested,inf,nan,nominal,0.003,additive,1.0,mse,5.241849452616308e-30,400,400,1.0,0.04222550044194063,0.04131218456584926,0.04270815581852107,0.04198496691845771,0.04222550044194063,0.04131218456584926,0.04270815581852107,0.04198496691845771,0.049599937444507004,0.048898172685416685,0.05035580080074296,0.049512524408099036,4.107602325014421,4.039325833798308,4.132097860941548,4.080292130211088,0.04043394018438071,0.04032983646586531,0.04134190645234152,0.04078589436973493,0.0,0.0,0.0,0.0,0.0,0.0,0.0,0.0,12.704170227263308,12.575751722800694,12.810655398070942,12.700428249206764,0.0,0.0,0.0,0.0,7.206205853984628,7.144835679225875,7.261175807108844,7.205204272134761,19.44835465070043,19.350070114329153,19.595777009232023,19.467723229741928,nan,nan,nan,nan,nan,nan,nan,nan,nan,nan,nan,nan,nan,nan,nan,nan
2,adam,adam,AdamW,,adam,,,requested,inf,nan,nominal,0.003,additive,1.0,mse,5.241849452616308e-30,410,410,1.0,0.04196902271791823,0.041060039148545106,0.042442518493961835,0.04172709823852426,0.04196902271791823,0.041060039148545106,0.042442518493961835,0.04172709823852426,0.04933068043146693,0.04862042224828796,0.05006633598966146,0.04923325695132362,4.10103464950822,4.033639629233451,4.125541737123912,4.074069239330338,0.040064551065183494,0.03998957394257067,0.040943578547501996,0.040401279451043166,0.0,0.0,0.0,0.0,0.0,0.0,0.0,0.0,12.661686744824017,12.604324973042095,12.75849613685196,12.693340362507403,0.0,0.0,0.0,0.0,7.205837598162674,7.145962044996699,7.261798309630812,7.204732191819451,19.42977854032256,19.3304707748814,19.58163312045604,19.45101636692057,nan,nan,nan,nan,nan,nan,nan,nan,nan,nan,nan,nan,nan,nan,nan,nan
2,adam,adam,AdamW,,adam,,,requested,inf,nan,nominal,0.003,additive,1.0,mse,5.241849452616308e-30,420,420,1.0,0.04175716946661116,0.04084423202599636,0.04224413456040828,0.04152128402977156,0.04175716946661116,0.04084423202599636,0.04224413456040828,0.04152128402977156,0.04909752217270573,0.048378779056196426,0.04983935154911942,0.04900666376274883,4.095588087985078,4.028660237198463,4.120876747637823,4.069066912909472,0.039798005950508586,0.03972764869849312,0.04069205511932594,0.040129635170472897,0.0,0.0,0.0,0.0,0.0,0.0,0.0,0.0,12.93062154077532,12.778831786545243,12.964671419126113,12.851526445379008,0.0,0.0,0.0,0.0,7.207027642665972,7.146626186977193,7.262235863215305,7.205241696673044,19.409767958118234,19.3154295488872,19.56741353507201,19.43373024644665,nan,nan,nan,nan,nan,nan,nan,nan,nan,nan,nan,nan,nan,nan,nan,nan
2,adam,adam,AdamW,,adam,,,requested,inf,nan,nominal,0.003,additive,1.0,mse,5.241849452616308e-30,430,430,1.0,0.04159134278888148,0.040680838083243166,0.04208409382194751,0.04135679304010245,0.04159134278888148,0.040680838083243166,0.04208409382194751,0.04135679304010245,0.048917608556712254,0.0481929186180243,0.04966615273759556,0.04882610262053711,4.090864054812835,4.0243517304297125,4.117095117232975,4.065069115472433,0.03961607999359053,0.03949589408361421,0.040387390537760824,0.039883044546239366,0.0,0.0,0.0,0.0,0.0,0.0,0.0,0.0,12.715053956284827,12.638418210696177,12.875863146650262,12.758566256130283,0.0,0.0,0.0,0.0,7.208057800978807,7.144847212440798,7.261838885219519,7.20502595793949,19.39761467803989,19.302249335840425,19.554523909292726,19.420786279288418,nan,nan,nan,nan,nan,nan,nan,nan,nan,nan,nan,nan,nan,nan,nan,nan
2,adam,adam,AdamW,,adam,,,requested,inf,nan,nominal,0.003,additive,1.0,mse,5.241849452616308e-30,440,440,1.0,0.041464173077461794,0.04056208110712939,0.0419565679738064,0.04123264309952274,0.041464173077461794,0.04056208110712939,0.0419565679738064,0.04123264309952274,0.048782461430823196,0.04806593909540909,0.04953044897011798,0.0486922359390953,4.087393991084049,4.021501917963399,4.113704256580773,4.06205164008807,0.039472761657007555,0.03930129389321027,0.04016560407836192,0.03969616993278088,0.0,0.0,0.0,0.0,0.0,0.0,0.0,0.0,12.833256474932735,12.619532848975064,12.870899100945568,12.767227392124429,0.0,0.0,0.0,0.0,7.207779026115259,7.1439243555517935,7.2617412552947105,7.204757410246113,19.3896261560541,19.290471625135467,19.54613478909408,19.41090917883277,nan,nan,nan,nan,nan,nan,nan,nan,nan,nan,nan,nan,nan,nan,nan,nan
2,adam,adam,AdamW,,adam,,,requested,inf,nan,nominal,0.003,additive,1.0,mse,5.241849452616308e-30,450,450,1.0,0.04136307225543273,0.040468908382481975,0.04186221699194766,0.041132267081613494,0.04136307225543273,0.040468908382481975,0.04186221699194766,0.041132267081613494,0.04867481771323832,0.047967030576969466,0.049424527161825854,0.04858373879525258,4.08503885647133,4.019152894988277,4.111405968084178,4.059691830092043,0.03934839641806519,0.03915968920735346,0.03999880104607564,0.03954694513748436,0.0,0.0,0.0,0.0,0.0,0.0,0.0,0.0,12.76974743095634,12.669616173743162,12.895878658840527,12.761646660413614,0.0,0.0,0.0,0.0,7.207994900430342,7.143870130514507,7.262799406634138,7.204892847979866,19.381861303255647,19.283039998405805,19.54063887003626,19.40402431965233,nan,nan,nan,nan,nan,nan,nan,nan,nan,nan,nan,nan,nan,nan,nan,nan
2,adam,adam,AdamW,,adam,,,requested,inf,nan,nominal,0.003,additive,1.0,mse,5.241849452616308e-30,460,460,1.0,0.04129116070298566,0.04039734236132678,0.04178824958775902,0.041055629371777085,0.04129116070298566,0.04039734236132678,0.04178824958775902,0.041055629371777085,0.0485973319579763,0.047895410947652386,0.04934264014908945,0.04850200089427029,4.083232520172741,4.0174057365589935,4.109766619195575,4.057927983182161,0.039267360300894186,0.039015737730488644,0.03986368490245,0.03942280967021854,0.0,0.0,0.0,0.0,0.0,0.0,0.0,0.0,12.694696522545987,12.55424979151881,12.90968311475932,12.740899057664949,0.0,0.0,0.0,0.0,7.2081920208874415,7.143831777287287,7.263405766211091,7.204970757048911,19.37594512986262,19.27863107234846,19.537618342122705,19.39857381872926,nan,nan,nan,nan,nan,nan,nan,nan,nan,nan,nan,nan,nan,nan,nan,nan
2,adam,adam,AdamW,,adam,,,requested,inf,nan,nominal,0.003,additive,1.0,mse,5.241849452616308e-30,470,470,1.0,0.04123201460814375,0.04033696535980598,0.04173464991895499,0.040996317135811235,0.04123201460814375,0.04033696535980598,0.04173464991895499,0.040996317135811235,0.04853366741470323,0.04783262714501683,0.04928616333307915,0.04843690806621149,4.08182213760545,4.016181390843319,4.1085966054477545,4.056544130875491,0.03918399036878107,0.038913439848286185,0.039752781816809565,0.03931871836869588,0.0,0.0,0.0,0.0,0.0,0.0,0.0,0.0,12.775652777907471,12.62286160230315,12.798335178218347,12.708737259053207,0.0,0.0,0.0,0.0,7.2080752031299955,7.144007405968438,7.263378423504326,7.204949364759823,19.372190290483516,19.275783056523814,19.536616506184384,19.39510695561951,nan,nan,nan,nan,nan,nan,nan,nan,nan,nan,nan,nan,nan,nan,nan,nan
2,adam,adam,AdamW,,adam,,,requested,inf,nan,nominal,0.003,additive,1.0,mse,5.241849452616308e-30,480,480,1.0,0.04118807080068845,0.040295127681461845,0.041691163914525445,0.04095246315164098,0.04118807080068845,0.040295127681461845,0.041691163914525445,0.04095246315164098,0.04848529804106795,0.047786173367541984,0.049238413547266026,0.048387585599115775,4.080717022297263,4.015225314187118,4.107662184868843,4.055493983466075,0.03912324142665194,0.0388318129769047,0.03967012582820911,0.039241963046560524,0.0,0.0,0.0,0.0,0.0,0.0,0.0,0.0,12.77504230371592,12.662636113633944,12.86010993742902,12.751195511347465,0.0,0.0,0.0,0.0,7.207838224057316,7.144532753181802,7.263153436336937,7.205011201764816,19.371160583825194,19.272326500242826,19.535010352448673,19.392844187426626,nan,nan,nan,nan,nan,nan,nan,nan,nan,nan,nan,nan,nan,nan,nan,nan
2,adam,adam,AdamW,,adam,,,requested,inf,nan,nominal,0.003,additive,1.0,mse,5.241849452616308e-30,490,490,1.0,0.04115546867439751,0.0402630691098822,0.0416579529108375,0.040918657776115114,0.04115546867439751,0.0402630691098822,0.0416579529108375,0.040918657776115114,0.0484498832814265,0.0477519686920764,0.049202745961708164,0.04835025832632038,4.079913578598918,4.014485080164492,4.106912279774929,4.054683280890719,0.039069955113024774,0.03878142409684425,0.039601778058607366,0.039183242380502664,0.0,0.0,0.0,0.0,0.0,0.0,0.0,0.0,12.805544290980144,12.73370209155292,12.946540728916226,12.881787878354311,0.0,0.0,0.0,0.0,7.207675147349871,7.144950650180247,7.2629018557025775,7.205048930420576,19.37014641119159,19.269262941484875,19.532650220723507,19.390865978950707,nan,nan,nan,nan,nan,nan,nan,nan,nan,nan,nan,nan,nan,nan,nan,nan
2,adam,adam,AdamW,,adam,,,requested,inf,nan,nominal,0.003,additive,1.0,mse,5.241849452616308e-30,500,500,1.0,0.04112634306980186,0.04023522189449538,0.041629009366686426,0.04088944668122853,0.04112634306980186,0.04023522189449538,0.041629009366686426,0.04088944668122853,0.04841791920783986,0.047722605756819865,0.04917180031194212,0.04831847234161445,4.079301315605672,4.013836285410828,4.106181088381104,4.054002782989613,0.039019704460786786,0.03872539796987258,0.03954236384636995,0.039130403560531976,0.0,0.0,0.0,0.0,0.0,0.0,0.0,0.0,13.007005209587055,12.826242633402922,13.09623097658162,12.88546858208516,0.0,0.0,0.0,0.0,7.207658515907351,7.145032631224551,7.262832920239681,7.205076621198148,19.367534724246603,19.26749125041642,19.530501046970173,19.388772498057726,nan,nan,nan,nan,nan,nan,nan,nan,nan,nan,nan,nan,nan,nan,nan,nan
