variant,label,algorithm,outer,origin,alpha,rho,median,q25,q75,mean_finite,divergence_rate,perturbation,oracle_calls
friendly-sam-adam@global,Friendly SAM + AdamW [global Frob],friendly-sam-adam,adam,added,1.1,0.01,2.9276066883367395,2.8890103275698245,2.9739163418242995,2.9430610782692286,0.0,0.00999999999999975,1000
friendly-sam-adam@global,Friendly SAM + AdamW [global Frob],friendly-sam-adam,adam,added,1.1,0.02,2.9275764966503997,2.8890559565271445,2.9739249252732542,2.9430759121921994,0.0,0.01999999999999955,1000
friendly-sam-adam@global,Friendly SAM + AdamW [global Frob],friendly-sam-adam,adam,added,1.1,0.05,2.9278089013235213,2.8891139552598437,2.973950334352306,2.943188625777821,0.0,0.04999999999999895,1000
friendly-sam-adam@global,Friendly SAM + AdamW [global Frob],friendly-sam-adam,adam,added,1.1,0.1,2.927871909849257,2.88916632966,2.973737236133209,2.943277403690199,0.0,0.09999999999999801,1000
friendly-sam-adam@global,Friendly SAM + AdamW [global Frob],friendly-sam-adam,adam,added,1.1,0.2,2.927876536738328,2.8891006022867534,2.9735038130986986,2.9431415493078186,0.0,0.19999999999999613,1000
friendly-sam-adam@global,Friendly SAM + AdamW [global Frob],friendly-sam-adam,adam,added,1.1,0.5,2.928150779967848,2.888878943716203,2.973798499328688,2.942951794668443,0.0,0.49999999999999023,1000
friendly-sam-adam@global,Friendly SAM + AdamW [global Frob],friendly-sam-adam,adam,added,1.1,1.0,2.9274998551535965,2.8883736058963567,2.9748394458812024,2.9425456798698453,0.0,0.9999999999999805,1000
friendly-sam-adam@global,Friendly SAM + AdamW [global Frob],friendly-sam-adam,adam,added,1.3,0.01,2.3528649250360214,2.3192376722488364,2.3898131307159733,2.358918852725994,0.0,0.00999999999999895,1000
friendly-sam-adam@global,Friendly SAM + AdamW [global Frob],friendly-sam-adam,adam,added,1.3,0.02,2.3528155831879163,2.319334793467591,2.3897112608614997,2.3589841950726127,0.0,0.0199999999999979,1000
friendly-sam-adam@global,Friendly SAM + AdamW [global Frob],friendly-sam-adam,adam,added,1.3,0.05,2.3528513727069376,2.3192139560462643,2.39012278964726,2.359049156191541,0.0,0.049999999999994896,1000
friendly-sam-adam@global,Friendly SAM + AdamW [global Frob],friendly-sam-adam,adam,added,1.3,0.1,2.3530763505457393,2.319721599020761,2.390783776581886,2.3592596390676563,0.0,0.09999999999998985,1000
friendly-sam-adam@global,Friendly SAM + AdamW [global Frob],friendly-sam-adam,adam,added,1.3,0.2,2.352859152803127,2.3192449033020432,2.390481484424096,2.359000509186946,0.0,0.1999999999999797,1000
friendly-sam-adam@global,Friendly SAM + AdamW [global Frob],friendly-sam-adam,adam,added,1.3,0.5,2.3539053844638236,2.318852545350488,2.3900458985005617,2.3590635973203513,0.0,0.4999999999999495,1000
friendly-sam-adam@global,Friendly SAM + AdamW [global Frob],friendly-sam-adam,adam,added,1.3,1.0,2.3552969326458966,2.320317035358119,2.391866992931811,2.360039211849725,0.0,0.999999999999899,1000
friendly-sam-adam@global,Friendly SAM + AdamW [global Frob],friendly-sam-adam,adam,added,1.6,0.01,2.0755475715026868,2.063940527317426,2.1014203210717404,2.0840849376194153,0.0,0.00999999999999735,1000
friendly-sam-adam@global,Friendly SAM + AdamW [global Frob],friendly-sam-adam,adam,added,1.6,0.02,2.0752963360137375,2.0641901951585457,2.1014574181647308,2.08412538396116,0.0,0.0199999999999948,1000
friendly-sam-adam@global,Friendly SAM + AdamW [global Frob],friendly-sam-adam,adam,added,1.6,0.05,2.0751811427216342,2.0642931885713347,2.1016053017697574,2.084113291613127,0.0,0.049999999999987055,1000
friendly-sam-adam@global,Friendly SAM + AdamW [global Frob],friendly-sam-adam,adam,added,1.6,0.1,2.074633639364756,2.06443761835681,2.1026502611100946,2.0841467118805075,0.0,0.09999999999997415,1000
friendly-sam-adam@global,Friendly SAM + AdamW [global Frob],friendly-sam-adam,adam,added,1.6,0.2,2.0752571237015616,2.067078315462468,2.101898043326606,2.0847062005147343,0.0,0.19999999999994836,1000
friendly-sam-adam@global,Friendly SAM + AdamW [global Frob],friendly-sam-adam,adam,added,1.6,0.5,2.0751299211539567,2.065794437254061,2.1027823778194112,2.0848047196207196,0.0,0.49999999999987105,1000
friendly-sam-adam@global,Friendly SAM + AdamW [global Frob],friendly-sam-adam,adam,added,1.6,1.0,2.0774716045952744,2.065186140560045,2.104703278431657,2.0858337870414516,0.0,0.9999999999997418,1000
friendly-sam-adam@global,Friendly SAM + AdamW [global Frob],friendly-sam-adam,adam,added,2.0,0.01,1.9864743936782006,1.97217674625917,1.996832103326046,1.9830557237071385,0.0,0.0099999999999956,1000
friendly-sam-adam@global,Friendly SAM + AdamW [global Frob],friendly-sam-adam,adam,added,2.0,0.02,1.9856591439905902,1.9721046907908877,1.9967819280490775,1.982900119812415,0.0,0.01999999999999125,1000
friendly-sam-adam@global,Friendly SAM + AdamW [global Frob],friendly-sam-adam,adam,added,2.0,0.05,1.9866326734126756,1.97204660796274,1.997970910403857,1.9833517452223457,0.0,0.049999999999978145,1000
friendly-sam-adam@global,Friendly SAM + AdamW [global Frob],friendly-sam-adam,adam,added,2.0,0.1,1.9860657392770493,1.9708398323898642,1.9978635136972895,1.9824990557824447,0.0,0.09999999999995629,1000
friendly-sam-adam@global,Friendly SAM + AdamW [global Frob],friendly-sam-adam,adam,added,2.0,0.2,1.9837090109248119,1.969908517798579,1.9968027548330312,1.9810776887201227,0.0,0.19999999999991255,1000
friendly-sam-adam@global,Friendly SAM + AdamW [global Frob],friendly-sam-adam,adam,added,2.0,0.5,1.9798789866283513,1.9678097431387793,1.9948199893975858,1.9782094931980034,0.0,0.4999999999997806,1000
friendly-sam-adam@global,Friendly SAM + AdamW [global Frob],friendly-sam-adam,adam,added,2.0,1.0,1.9812107066459044,1.9612487166034556,1.9965616370077761,1.977752388659801,0.0,0.9999999999995604,1000
friendly-sam-adam@global,Friendly SAM + AdamW [global Frob],friendly-sam-adam,adam,added,3.0,0.01,1.949109675361438,1.9396815062313038,1.9566593342200873,1.9481922423711278,0.0,0.009999999999993351,1000
friendly-sam-adam@global,Friendly SAM + AdamW [global Frob],friendly-sam-adam,adam,added,3.0,0.02,1.9496079360951457,1.9382790565342083,1.957347142293648,1.9486703042400935,0.0,0.019999999999986702,1000
friendly-sam-adam@global,Friendly SAM + AdamW [global Frob],friendly-sam-adam,adam,added,3.0,0.05,1.9472523503122967,1.9361888482618408,1.9544980785740504,1.9456406757972367,0.0,0.04999999999996675,1000
friendly-sam-adam@global,Friendly SAM + AdamW [global Frob],friendly-sam-adam,adam,added,3.0,0.1,1.9449407789824829,1.932072759958555,1.9550836424193934,1.9442652375543394,0.0,0.09999999999993339,1000
friendly-sam-adam@global,Friendly SAM + AdamW [global Frob],friendly-sam-adam,adam,added,3.0,0.2,1.9433043859140064,1.9290811433571995,1.9513054261715381,1.9418654597583211,0.0,0.1999999999998667,1000
friendly-sam-adam@global,Friendly SAM + AdamW [global Frob],friendly-sam-adam,adam,added,3.0,0.5,1.930807313247539,1.9235059862397887,1.9423934019318463,1.9331114956839441,0.0,0.4999999999996656,1000
friendly-sam-adam@global,Friendly SAM + AdamW [global Frob],friendly-sam-adam,adam,added,3.0,1.0,1.9237707563119488,1.919114156504523,1.9328161626140496,1.9259319082400774,0.0,0.999999999999328,1000
friendly-sam-adam@global,Friendly SAM + AdamW [global Frob],friendly-sam-adam,adam,added,inf,0.01,1.9497424963585255,1.94580206325153,1.9578969473256045,1.9521286975893766,0.0,0.00999999999999375,1000
friendly-sam-adam@global,Friendly SAM + AdamW [global Frob],friendly-sam-adam,adam,added,inf,0.02,1.9498515565426717,1.9467802453650709,1.9592741731439585,1.9526267097803929,0.0,0.0199999999999875,1000
friendly-sam-adam@global,Friendly SAM + AdamW [global Frob],friendly-sam-adam,adam,added,inf,0.05,1.949258984124725,1.9449356962092925,1.9564223732815331,1.9505268471672532,0.0,0.04999999999996885,1000
friendly-sam-adam@global,Friendly SAM + AdamW [global Frob],friendly-sam-adam,adam,added,inf,0.1,1.948175013350793,1.9429721983408759,1.9559553740620852,1.95000709686351,0.0,0.09999999999993765,1000
friendly-sam-adam@global,Friendly SAM + AdamW [global Frob],friendly-sam-adam,adam,added,inf,0.2,1.9458370667372993,1.9430108085832791,1.9548715248592075,1.947803178702869,0.0,0.1999999999998752,1000
friendly-sam-adam@global,Friendly SAM + AdamW [global Frob],friendly-sam-adam,adam,added,inf,0.5,1.9411274470508406,1.9375076072781714,1.9520674168562084,1.9441772187734065,0.0,0.49999999999968653,1000
friendly-sam-adam@global,Friendly SAM + AdamW [global Frob],friendly-sam-adam,adam,added,inf,1.0,1.9371261531067911,1.9318193259452232,1.9472907723009034,1.9403024354414264,0.0,0.9999999999993682,1000
friendly-sam-adam@per-layer,Friendly SAM + AdamW [per-layer Frob],friendly-sam-adam,adam,added,1.1,0.01,2.9277354198976386,2.889074467254771,2.9737856268689926,2.9431050512303427,0.0,0.0141421356237303,1000
friendly-sam-adam@per-layer,Friendly SAM + AdamW [per-layer Frob],friendly-sam-adam,adam,added,1.1,0.02,2.9277501284062475,2.889032457802375,2.973748941835346,2.9431127598770956,0.0,0.02828427124746065,1000
friendly-sam-adam@per-layer,Friendly SAM + AdamW [per-layer Frob],friendly-sam-adam,adam,added,1.1,0.05,2.9280545265818194,2.8891075247795213,2.9737065137672216,2.943238608806439,0.0,0.0707106781186517,1000
friendly-sam-adam@per-layer,Friendly SAM + AdamW [per-layer Frob],friendly-sam-adam,adam,added,1.1,0.1,2.9279948367791255,2.8890697039976287,2.973697664008691,2.943208064051916,0.0,0.14142135623730345,1000
friendly-sam-adam@per-layer,Friendly SAM + AdamW [per-layer Frob],friendly-sam-adam,adam,added,1.1,0.2,2.9281262932398673,2.889073164983215,2.973579185994511,2.94298947570739,0.0,0.2828427124746069,1000
friendly-sam-adam@per-layer,Friendly SAM + AdamW [per-layer Frob],friendly-sam-adam,adam,added,1.1,0.5,2.927430595878318,2.8883711412114508,2.974101596272573,2.9424158969660557,0.0,0.7071067811865174,1000
friendly-sam-adam@per-layer,Friendly SAM + AdamW [per-layer Frob],friendly-sam-adam,adam,added,1.1,1.0,2.9266343167336153,2.8853455380749615,2.974660544081358,2.9409874425053655,0.0,1.414213562373035,1000
friendly-sam-adam@per-layer,Friendly SAM + AdamW [per-layer Frob],friendly-sam-adam,adam,added,1.3,0.01,2.35282663218904,2.3192958000950794,2.3899380245299278,2.3589375488874933,0.0,0.014142135623728201,1000
friendly-sam-adam@per-layer,Friendly SAM + AdamW [per-layer Frob],friendly-sam-adam,adam,added,1.3,0.02,2.352873425774324,2.3193092772235415,2.389780719968843,2.358996311571129,0.0,0.0282842712474565,1000
friendly-sam-adam@per-layer,Friendly SAM + AdamW [per-layer Frob],friendly-sam-adam,adam,added,1.3,0.05,2.352906208924429,2.31927651022547,2.390374591140689,2.3590807644593803,0.0,0.07071067811864129,1000
friendly-sam-adam@per-layer,Friendly SAM + AdamW [per-layer Frob],friendly-sam-adam,adam,added,1.3,0.1,2.35258090225271,2.318850798420037,2.3909040770787855,2.3589502583530595,0.0,0.14142135623728264,1000
friendly-sam-adam@per-layer,Friendly SAM + AdamW [per-layer Frob],friendly-sam-adam,adam,added,1.3,0.2,2.3530015001850844,2.319369506274081,2.3903005979476903,2.3589327285308617,0.0,0.28284271247456527,1000
friendly-sam-adam@per-layer,Friendly SAM + AdamW [per-layer Frob],friendly-sam-adam,adam,added,1.3,0.5,2.3533677240005435,2.3194424362058306,2.3912890597757963,2.359242324574658,0.0,0.7071067811864131,1000
friendly-sam-adam@per-layer,Friendly SAM + AdamW [per-layer Frob],friendly-sam-adam,adam,added,1.3,1.0,2.3553507534772704,2.320453866588525,2.392868973486772,2.359852527422751,0.0,1.4142135623728262,1000
friendly-sam-adam@per-layer,Friendly SAM + AdamW [per-layer Frob],friendly-sam-adam,adam,added,1.6,0.01,2.0753986185997544,2.0638297359123667,2.1010298976452266,2.0839396701980317,0.0,0.01414213562372535,1000
friendly-sam-adam@per-layer,Friendly SAM + AdamW [per-layer Frob],friendly-sam-adam,adam,added,1.6,0.02,2.074968962581866,2.0633051055548712,2.1013625620910608,2.0838801018346977,0.0,0.0282842712474508,1000
friendly-sam-adam@per-layer,Friendly SAM + AdamW [per-layer Frob],friendly-sam-adam,adam,added,1.6,0.05,2.0743284218978335,2.0643106663703277,2.1020210518864855,2.083997194599383,0.0,0.07071067811862711,1000
friendly-sam-adam@per-layer,Friendly SAM + AdamW [per-layer Frob],friendly-sam-adam,adam,added,1.6,0.1,2.0750387542965454,2.0661755543750013,2.1012101499634133,2.0844714467750096,0.0,0.14142135623725427,1000
friendly-sam-adam@per-layer,Friendly SAM + AdamW [per-layer Frob],friendly-sam-adam,adam,added,1.6,0.2,2.074688338882872,2.064981893564046,2.1019523576224617,2.084118764380814,0.0,0.28284271247450854,1000
friendly-sam-adam@per-layer,Friendly SAM + AdamW [per-layer Frob],friendly-sam-adam,adam,added,1.6,0.5,2.0746319850023083,2.063146663319481,2.101682764418613,2.083347002814922,0.0,0.7071067811862713,1000
friendly-sam-adam@per-layer,Friendly SAM + AdamW [per-layer Frob],friendly-sam-adam,adam,added,1.6,1.0,2.0815828133237915,2.067794961266381,2.106494756640903,2.0881348488658684,0.0,1.4142135623725416,1000
friendly-sam-adam@per-layer,Friendly SAM + AdamW [per-layer Frob],friendly-sam-adam,adam,added,2.0,0.01,1.9857263102692375,1.972232257014606,1.9968481520912844,1.983054252779117,0.0,0.01414213562372105,1000
friendly-sam-adam@per-layer,Friendly SAM + AdamW [per-layer Frob],friendly-sam-adam,adam,added,2.0,0.02,1.9866866697743228,1.9724180158632723,1.9982300679322198,1.9834372914419087,0.0,0.0282842712474422,1000
friendly-sam-adam@per-layer,Friendly SAM + AdamW [per-layer Frob],friendly-sam-adam,adam,added,2.0,0.05,1.985745158778606,1.9715502580874804,1.997045567133326,1.982460010986438,0.0,0.07071067811860544,1000
friendly-sam-adam@per-layer,Friendly SAM + AdamW [per-layer Frob],friendly-sam-adam,adam,added,2.0,0.1,1.9837027453106952,1.9693897290613818,1.996971406443433,1.9813147579887387,0.0,0.14142135623721094,1000
friendly-sam-adam@per-layer,Friendly SAM + AdamW [per-layer Frob],friendly-sam-adam,adam,added,2.0,0.2,1.9845910769693806,1.9682375381936692,1.9955708654567277,1.9800604279393128,0.0,0.2828427124744213,1000
friendly-sam-adam@per-layer,Friendly SAM + AdamW [per-layer Frob],friendly-sam-adam,adam,added,2.0,0.5,1.9791403493259812,1.962187224673013,1.9952923995760306,1.976693438024612,0.0,0.707106781186051,1000
friendly-sam-adam@per-layer,Friendly SAM + AdamW [per-layer Frob],friendly-sam-adam,adam,added,2.0,1.0,1.9813359998530495,1.959896440941535,1.9991238211391127,1.9802160054711726,0.0,1.4142135623720975,1000
friendly-sam-adam@per-layer,Friendly SAM + AdamW [per-layer Frob],friendly-sam-adam,adam,added,3.0,0.01,1.9492841195867707,1.93858646055711,1.9570730017522044,1.9484420398559272,0.0,0.01414213562371645,1000
friendly-sam-adam@per-layer,Friendly SAM + AdamW [per-layer Frob],friendly-sam-adam,adam,added,3.0,0.02,1.9496970167222565,1.937287464824936,1.955261784191574,1.9473026728153209,0.0,0.02828427124743285,1000
friendly-sam-adam@per-layer,Friendly SAM + AdamW [per-layer Frob],friendly-sam-adam,adam,added,3.0,0.05,1.9460800418327826,1.9334150687864666,1.9544646756414759,1.9455814060134422,0.0,0.0707106781185822,1000
friendly-sam-adam@per-layer,Friendly SAM + AdamW [per-layer Frob],friendly-sam-adam,adam,added,3.0,0.1,1.9444842348668476,1.9305992696466165,1.951841195540257,1.9434573698290816,0.0,0.14142135623716384,1000
friendly-sam-adam@per-layer,Friendly SAM + AdamW [per-layer Frob],friendly-sam-adam,adam,added,3.0,0.2,1.9375193350893976,1.9253706439235019,1.9470102074907722,1.9376840636181418,0.0,0.2828427124743272,1000
friendly-sam-adam@per-layer,Friendly SAM + AdamW [per-layer Frob],friendly-sam-adam,adam,added,3.0,0.5,1.9242152023852859,1.917187000762857,1.9357896633398668,1.9265615307087658,0.0,0.7071067811858124,1000
friendly-sam-adam@per-layer,Friendly SAM + AdamW [per-layer Frob],friendly-sam-adam,adam,added,3.0,1.0,1.923949009620697,1.92032840888742,1.9378343968463383,1.9270124159984667,0.0,1.414213562371601,1000
friendly-sam-adam@per-layer,Friendly SAM + AdamW [per-layer Frob],friendly-sam-adam,adam,added,inf,0.01,1.949202038298576,1.9463048024561105,1.9576258026573823,1.9520677288719752,0.0,0.014142135623717349,1000
friendly-sam-adam@per-layer,Friendly SAM + AdamW [per-layer Frob],friendly-sam-adam,adam,added,inf,0.02,1.9500515044230302,1.94521676898979,1.957729801309437,1.9516766042744589,0.0,0.02828427124743475,1000
friendly-sam-adam@per-layer,Friendly SAM + AdamW [per-layer Frob],friendly-sam-adam,adam,added,inf,0.05,1.9482274029323086,1.944176396496733,1.957902434234046,1.9503718114931283,0.0,0.0707106781185869,1000
friendly-sam-adam@per-layer,Friendly SAM + AdamW [per-layer Frob],friendly-sam-adam,adam,added,inf,0.1,1.9452192070674692,1.9423974757614197,1.9557835999250188,1.9480901761903149,0.0,0.14142135623717375,1000
friendly-sam-adam@per-layer,Friendly SAM + AdamW [per-layer Frob],friendly-sam-adam,adam,added,inf,0.2,1.9428381953895113,1.9423370750144706,1.951241416261561,1.9464673797096648,0.0,0.28284271247434634,1000
friendly-sam-adam@per-layer,Friendly SAM + AdamW [per-layer Frob],friendly-sam-adam,adam,added,inf,0.5,1.9357999778787938,1.9294635504260054,1.9445406708057644,1.9385617558566506,0.0,0.7071067811858585,1000
friendly-sam-adam@per-layer,Friendly SAM + AdamW [per-layer Frob],friendly-sam-adam,adam,added,inf,1.0,1.9414374560994097,1.9346028224761422,1.9515905037386707,1.9437176133635803,0.0,1.414213562371708,1000
friendly-sam-sgd@global,Friendly SAM + SGD [global Frob],friendly-sam-sgd,sgd,both,1.1,0.01,518.131315437853,503.00105128898565,563.2026153642694,525.5230725518858,0.0,0.00999999999999975,1000
friendly-sam-sgd@global,Friendly SAM + SGD [global Frob],friendly-sam-sgd,sgd,both,1.1,0.02,534.5669488680173,495.32935061436086,564.9435239454066,530.9088053588673,0.0,0.0199999999999996,1000
friendly-sam-sgd@global,Friendly SAM + SGD [global Frob],friendly-sam-sgd,sgd,both,1.1,0.05,525.7087740247243,510.9247936403361,569.535508232974,535.5492274831672,0.0,0.049999999999999004,1000
friendly-sam-sgd@global,Friendly SAM + SGD [global Frob],friendly-sam-sgd,sgd,both,1.1,0.1,529.8619200060241,490.4739555995285,537.649174697247,526.8066703349281,0.0,0.09999999999999805,1000
friendly-sam-sgd@global,Friendly SAM + SGD [global Frob],friendly-sam-sgd,sgd,both,1.1,0.2,504.1331921124332,481.604263876666,529.9288491879292,510.87705090418956,0.0,0.1999999999999962,1000
friendly-sam-sgd@global,Friendly SAM + SGD [global Frob],friendly-sam-sgd,sgd,both,1.1,0.5,507.1962632623684,485.01548735337036,544.1368328221562,517.1495789781892,0.0,0.49999999999999084,1000
friendly-sam-sgd@global,Friendly SAM + SGD [global Frob],friendly-sam-sgd,sgd,both,1.1,1.0,499.43274252869344,473.10608153818646,523.1166898014491,502.6784766306945,0.0,0.999999999999981,1000
friendly-sam-sgd@global,Friendly SAM + SGD [global Frob],friendly-sam-sgd,sgd,both,1.3,0.01,303.01506562861607,259.02577461416615,320.134447404236,289.4609242024484,0.0,0.00999999999999915,1000
friendly-sam-sgd@global,Friendly SAM + SGD [global Frob],friendly-sam-sgd,sgd,both,1.3,0.02,297.36090720696563,260.84645392647406,313.8298957888728,286.9736396594151,0.0,0.0199999999999983,1000
friendly-sam-sgd@global,Friendly SAM + SGD [global Frob],friendly-sam-sgd,sgd,both,1.3,0.05,296.24635799561077,256.0406476611821,328.9911990419672,289.4169959727977,0.0,0.04999999999999585,1000
friendly-sam-sgd@global,Friendly SAM + SGD [global Frob],friendly-sam-sgd,sgd,both,1.3,0.1,285.20922099770667,260.53471134139085,320.7830984415141,286.6457758278314,0.0,0.0999999999999919,1000
friendly-sam-sgd@global,Friendly SAM + SGD [global Frob],friendly-sam-sgd,sgd,both,1.3,0.2,304.00531116394615,270.8673789557676,315.2626233708988,290.17558324601646,0.0,0.19999999999998175,1000
friendly-sam-sgd@global,Friendly SAM + SGD [global Frob],friendly-sam-sgd,sgd,both,1.3,0.5,285.250716890743,249.91326698289168,307.58306122095047,273.78323606757795,0.0,0.49999999999995937,1000
friendly-sam-sgd@global,Friendly SAM + SGD [global Frob],friendly-sam-sgd,sgd,both,1.3,1.0,256.85868194630297,235.03423167835842,302.7636261339104,264.56391737763664,0.0,0.9999999999999042,1000
friendly-sam-sgd@global,Friendly SAM + SGD [global Frob],friendly-sam-sgd,sgd,both,1.6,0.01,54.44225539073632,50.27598276061486,64.21742696164296,58.47000289705406,0.0,0.00999999999999735,1000
friendly-sam-sgd@global,Friendly SAM + SGD [global Frob],friendly-sam-sgd,sgd,both,1.6,0.02,54.774220950242245,50.99826418953907,61.36201724628246,58.37451947360014,0.0,0.0199999999999947,1000
friendly-sam-sgd@global,Friendly SAM + SGD [global Frob],friendly-sam-sgd,sgd,both,1.6,0.05,53.363362934349674,50.529442061586906,59.27273843342376,56.15477269105962,0.0,0.04999999999998685,1000
friendly-sam-sgd@global,Friendly SAM + SGD [global Frob],friendly-sam-sgd,sgd,both,1.6,0.1,55.17652537118632,50.27040033872224,62.9925162465472,58.127439922946905,0.0,0.0999999999999738,1000
friendly-sam-sgd@global,Friendly SAM + SGD [global Frob],friendly-sam-sgd,sgd,both,1.6,0.2,53.25254825582094,47.8363789295281,63.681005041020654,58.58804313846535,0.0,0.1999999999999478,1000
friendly-sam-sgd@global,Friendly SAM + SGD [global Frob],friendly-sam-sgd,sgd,both,1.6,0.5,49.254657950356915,47.484098000606586,53.960170251905694,51.926288610256876,0.0,0.499999999999869,1000
friendly-sam-sgd@global,Friendly SAM + SGD [global Frob],friendly-sam-sgd,sgd,both,1.6,1.0,46.88020682738487,40.11836270104135,53.483945757985026,47.85865290340649,0.0,0.9999999999997382,1000
friendly-sam-sgd@global,Friendly SAM + SGD [global Frob],friendly-sam-sgd,sgd,both,2.0,0.01,11.074240773598438,10.270080571910462,11.674735023542576,11.197403328393642,0.0,0.00999999999999535,1000
friendly-sam-sgd@global,Friendly SAM + SGD [global Frob],friendly-sam-sgd,sgd,both,2.0,0.02,10.842546218861484,10.316037239320103,11.717170367102009,11.287531508884399,0.0,0.019999999999990803,1000
friendly-sam-sgd@global,Friendly SAM + SGD [global Frob],friendly-sam-sgd,sgd,both,2.0,0.05,10.882024322178296,9.893841928927182,12.271048399222883,11.18066226488229,0.0,0.04999999999997705,1000
friendly-sam-sgd@global,Friendly SAM + SGD [global Frob],friendly-sam-sgd,sgd,both,2.0,0.1,10.683671507509164,10.07033196901011,11.793176230575378,11.135837731222189,0.0,0.09999999999995421,1000
friendly-sam-sgd@global,Friendly SAM + SGD [global Frob],friendly-sam-sgd,sgd,both,2.0,0.2,10.401127367215054,10.154402869109079,11.341573150157632,11.05605395616506,0.0,0.1999999999999083,1000
friendly-sam-sgd@global,Friendly SAM + SGD [global Frob],friendly-sam-sgd,sgd,both,2.0,0.5,9.840818559365715,9.190542553830907,10.52918666421386,9.985187578460275,0.0,0.4999999999997709,1000
friendly-sam-sgd@global,Friendly SAM + SGD [global Frob],friendly-sam-sgd,sgd,both,2.0,1.0,8.357523449921956,7.536944338571644,8.649064109328826,8.566627424017737,0.0,0.9999999999995417,1000
friendly-sam-sgd@global,Friendly SAM + SGD [global Frob],friendly-sam-sgd,sgd,both,3.0,0.01,5.0643378325051644,4.878607866282196,5.1021532617324805,5.062252282885754,0.0,0.00999999999999255,1000
friendly-sam-sgd@global,Friendly SAM + SGD [global Frob],friendly-sam-sgd,sgd,both,3.0,0.02,5.09091094720997,4.820594654731348,5.1326380176818995,5.074828967767942,0.0,0.019999999999985148,1000
friendly-sam-sgd@global,Friendly SAM + SGD [global Frob],friendly-sam-sgd,sgd,both,3.0,0.05,4.969154763379187,4.821492942851218,5.154141497804474,5.033501026269468,0.0,0.049999999999963046,1000
friendly-sam-sgd@global,Friendly SAM + SGD [global Frob],friendly-sam-sgd,sgd,both,3.0,0.1,4.848305813158313,4.795450291907683,5.117369217261903,4.993445744245866,0.0,0.09999999999992605,1000
friendly-sam-sgd@global,Friendly SAM + SGD [global Frob],friendly-sam-sgd,sgd,both,3.0,0.2,4.907212602148883,4.619287667566889,5.2307991159526885,4.945211136548612,0.0,0.1999999999998522,1000
friendly-sam-sgd@global,Friendly SAM + SGD [global Frob],friendly-sam-sgd,sgd,both,3.0,0.5,4.680694236600997,4.606259435692569,4.859306981026997,4.675837350492663,0.0,0.4999999999996302,1000
friendly-sam-sgd@global,Friendly SAM + SGD [global Frob],friendly-sam-sgd,sgd,both,3.0,1.0,4.192304292508536,4.048633778802637,4.321888400952978,4.191603968010431,0.0,0.999999999999261,1000
friendly-sam-sgd@global,Friendly SAM + SGD [global Frob],friendly-sam-sgd,sgd,both,inf,0.01,5.222822778539038,5.199656458689022,5.390732147502227,5.353011008297753,0.0,0.009999999999993,1000
friendly-sam-sgd@global,Friendly SAM + SGD [global Frob],friendly-sam-sgd,sgd,both,inf,0.02,5.376666760607593,5.279450070847563,5.6147866502663835,5.401998966142861,0.0,0.0199999999999861,1000
friendly-sam-sgd@global,Friendly SAM + SGD [global Frob],friendly-sam-sgd,sgd,both,inf,0.05,5.429892707504374,5.2902975928560245,5.574700410505141,5.455506099778879,0.0,0.04999999999996535,1000
friendly-sam-sgd@global,Friendly SAM + SGD [global Frob],friendly-sam-sgd,sgd,both,inf,0.1,5.392838141249211,5.2246827571204495,5.680396984637934,5.396714993937054,0.0,0.09999999999993076,1000
friendly-sam-sgd@global,Friendly SAM + SGD [global Frob],friendly-sam-sgd,sgd,both,inf,0.2,5.263616287587379,5.157198169821902,5.536306971895072,5.3386738210380695,0.0,0.1999999999998614,1000
friendly-sam-sgd@global,Friendly SAM + SGD [global Frob],friendly-sam-sgd,sgd,both,inf,0.5,5.024967901325102,4.9066653214747635,5.212401602639238,5.055243996005432,0.0,0.4999999999996536,1000
friendly-sam-sgd@global,Friendly SAM + SGD [global Frob],friendly-sam-sgd,sgd,both,inf,1.0,4.315973078169074,4.275175788077943,4.411371925704637,4.334070503971949,0.0,0.9999999999993076,1000
friendly-sam-sgd@per-layer,Friendly SAM + SGD [per-layer Frob],friendly-sam-sgd,sgd,both,1.1,0.01,529.3949440334592,507.1693447447095,551.4268842292307,526.3582327492804,0.0,0.01414213562373035,1000
friendly-sam-sgd@per-layer,Friendly SAM + SGD [per-layer Frob],friendly-sam-sgd,sgd,both,1.1,0.02,517.5119169005989,491.06356270527226,558.2918988379877,520.596103629477,0.0,0.0282842712474607,1000
friendly-sam-sgd@per-layer,Friendly SAM + SGD [per-layer Frob],friendly-sam-sgd,sgd,both,1.1,0.05,505.09763387508985,496.57119095389,526.8268535797257,519.7240204628263,0.0,0.07071067811865195,1000
friendly-sam-sgd@per-layer,Friendly SAM + SGD [per-layer Frob],friendly-sam-sgd,sgd,both,1.1,0.1,519.8784953886278,490.844008799512,533.7529331544074,519.0861804995739,0.0,0.14142135623730379,1000
friendly-sam-sgd@per-layer,Friendly SAM + SGD [per-layer Frob],friendly-sam-sgd,sgd,both,1.1,0.2,518.1702871713878,471.55652457096187,550.3814453010605,518.1572530025371,0.0,0.2828427124746078,1000
friendly-sam-sgd@per-layer,Friendly SAM + SGD [per-layer Frob],friendly-sam-sgd,sgd,both,1.1,0.5,505.45100429937645,496.0025538583884,523.7187050545961,506.00706175687384,0.0,0.7071067811865202,1000
friendly-sam-sgd@per-layer,Friendly SAM + SGD [per-layer Frob],friendly-sam-sgd,sgd,both,1.1,1.0,493.55483271981626,486.51478416052004,527.3553018272286,505.6412929976394,0.0,1.4142135623730405,1000
friendly-sam-sgd@per-layer,Friendly SAM + SGD [per-layer Frob],friendly-sam-sgd,sgd,both,1.3,0.01,296.86235384710005,255.08596315963905,332.220537333894,292.5674910374795,0.0,0.01414213562372855,1000
friendly-sam-sgd@per-layer,Friendly SAM + SGD [per-layer Frob],friendly-sam-sgd,sgd,both,1.3,0.02,290.6878357515493,269.81319242224805,317.81551953823055,288.8675203380052,0.0,0.028284271247457,1000
friendly-sam-sgd@per-layer,Friendly SAM + SGD [per-layer Frob],friendly-sam-sgd,sgd,both,1.3,0.05,299.5138137210932,249.60100071812317,314.91528441880297,288.0144112409127,0.0,0.07071067811864246,1000
friendly-sam-sgd@per-layer,Friendly SAM + SGD [per-layer Frob],friendly-sam-sgd,sgd,both,1.3,0.1,304.3506854102851,268.3761929535333,312.6573002280998,288.3059190934034,0.0,0.14142135623728513,1000
friendly-sam-sgd@per-layer,Friendly SAM + SGD [per-layer Frob],friendly-sam-sgd,sgd,both,1.3,0.2,277.34831318318095,258.7305414586265,306.70032010531327,276.84562298381366,0.0,0.28284271247456994,1000
friendly-sam-sgd@per-layer,Friendly SAM + SGD [per-layer Frob],friendly-sam-sgd,sgd,both,1.3,0.5,271.7080789770971,241.62882169047114,297.60753221054773,269.90572996874914,0.0,0.7071067811864251,1000
friendly-sam-sgd@per-layer,Friendly SAM + SGD [per-layer Frob],friendly-sam-sgd,sgd,both,1.3,1.0,263.4359101210352,238.06998486845947,285.71549707585245,254.3551862029116,0.0,1.4142135623728607,1000
friendly-sam-sgd@per-layer,Friendly SAM + SGD [per-layer Frob],friendly-sam-sgd,sgd,both,1.6,0.01,52.955213036920824,51.16269375243061,65.8348027149854,58.075113629185644,0.0,0.01414213562372525,1000
friendly-sam-sgd@per-layer,Friendly SAM + SGD [per-layer Frob],friendly-sam-sgd,sgd,both,1.6,0.02,54.88477688714586,50.96602623060396,60.971550666849346,57.59324905577165,0.0,0.028284271247450553,1000
friendly-sam-sgd@per-layer,Friendly SAM + SGD [per-layer Frob],friendly-sam-sgd,sgd,both,1.6,0.05,55.88300395982492,49.08491027054761,63.918799519467214,59.10448039142149,0.0,0.07071067811862655,1000
friendly-sam-sgd@per-layer,Friendly SAM + SGD [per-layer Frob],friendly-sam-sgd,sgd,both,1.6,0.1,53.23695438033522,52.38163079998283,60.55294582633296,57.245805862634754,0.0,0.14142135623725316,1000
friendly-sam-sgd@per-layer,Friendly SAM + SGD [per-layer Frob],friendly-sam-sgd,sgd,both,1.6,0.2,51.01203113625803,49.95723052939358,56.43046159967661,54.6246539287139,0.0,0.2828427124745065,1000
friendly-sam-sgd@per-layer,Friendly SAM + SGD [per-layer Frob],friendly-sam-sgd,sgd,both,1.6,0.5,44.86694245551752,43.910818681388804,53.41116899563877,49.37159848270844,0.0,0.7071067811862657,1000
friendly-sam-sgd@per-layer,Friendly SAM + SGD [per-layer Frob],friendly-sam-sgd,sgd,both,1.6,1.0,39.072066382802575,38.443137854482096,45.83421540987408,41.91249381225229,0.0,1.4142135623725314,1000
friendly-sam-sgd@per-layer,Friendly SAM + SGD [per-layer Frob],friendly-sam-sgd,sgd,both,2.0,0.01,11.20381273550705,10.21653526771842,11.724979300722081,11.122792294509754,0.0,0.0141421356237202,1000
friendly-sam-sgd@per-layer,Friendly SAM + SGD [per-layer Frob],friendly-sam-sgd,sgd,both,2.0,0.02,10.89910081033078,10.203214896048522,11.709760933175664,11.328895304968066,0.0,0.0282842712474404,1000
friendly-sam-sgd@per-layer,Friendly SAM + SGD [per-layer Frob],friendly-sam-sgd,sgd,both,2.0,0.05,10.832496364180873,10.346646014825271,11.859238647582226,11.30373154342732,0.0,0.07071067811860116,1000
friendly-sam-sgd@per-layer,Friendly SAM + SGD [per-layer Frob],friendly-sam-sgd,sgd,both,2.0,0.1,10.514867989135688,9.907004762581984,11.225392010271321,10.94725616854155,0.0,0.14142135623720234,1000
friendly-sam-sgd@per-layer,Friendly SAM + SGD [per-layer Frob],friendly-sam-sgd,sgd,both,2.0,0.2,10.208169934147307,9.701697587213904,11.228168192377822,10.643289063509638,0.0,0.2828427124744046,1000
friendly-sam-sgd@per-layer,Friendly SAM + SGD [per-layer Frob],friendly-sam-sgd,sgd,both,2.0,0.5,9.027376804236738,8.273181479184766,9.893041144376193,9.32736718955367,0.0,0.7071067811860112,1000
friendly-sam-sgd@per-layer,Friendly SAM + SGD [per-layer Frob],friendly-sam-sgd,sgd,both,2.0,1.0,6.440821872323999,5.988523281914501,6.9187183332098385,6.6007469837056085,0.0,1.4142135623720224,1000
friendly-sam-sgd@per-layer,Friendly SAM + SGD [per-layer Frob],friendly-sam-sgd,sgd,both,3.0,0.01,4.993355827989268,4.870535222844138,5.105001863471616,5.069756685315481,0.0,0.014142135623714101,1000
friendly-sam-sgd@per-layer,Friendly SAM + SGD [per-layer Frob],friendly-sam-sgd,sgd,both,3.0,0.02,5.073474706871519,4.819756285131569,5.290830199171879,5.147123818214189,0.0,0.02828427124742825,1000
friendly-sam-sgd@per-layer,Friendly SAM + SGD [per-layer Frob],friendly-sam-sgd,sgd,both,3.0,0.05,4.915342244643952,4.800548840906855,5.005901531350513,4.955323521723909,0.0,0.0707106781185707,1000
friendly-sam-sgd@per-layer,Friendly SAM + SGD [per-layer Frob],friendly-sam-sgd,sgd,both,3.0,0.1,4.953359726759844,4.5773268264969165,5.172987574496844,4.949610132805647,0.0,0.1414213562371413,1000
friendly-sam-sgd@per-layer,Friendly SAM + SGD [per-layer Frob],friendly-sam-sgd,sgd,both,3.0,0.2,4.989808433045335,4.784754535617349,5.0980957795186255,4.964432057180064,0.0,0.28284271247428233,1000
friendly-sam-sgd@per-layer,Friendly SAM + SGD [per-layer Frob],friendly-sam-sgd,sgd,both,3.0,0.5,4.480939716985549,4.441843770776205,4.559114777061355,4.47749380742222,0.0,0.7071067811857057,1000
friendly-sam-sgd@per-layer,Friendly SAM + SGD [per-layer Frob],friendly-sam-sgd,sgd,both,3.0,1.0,3.515065021467361,3.482223735450287,3.5476266870562614,3.502214172924847,0.0,1.4142135623714123,1000
friendly-sam-sgd@per-layer,Friendly SAM + SGD [per-layer Frob],friendly-sam-sgd,sgd,both,inf,0.01,5.3003723334570125,5.211890697924329,5.465956596074884,5.37075592752551,0.0,0.01414213562371525,1000
friendly-sam-sgd@per-layer,Friendly SAM + SGD [per-layer Frob],friendly-sam-sgd,sgd,both,inf,0.02,5.395039601615494,5.045413339725378,5.482149359180253,5.351041441293329,0.0,0.0282842712474305,1000
friendly-sam-sgd@per-layer,Friendly SAM + SGD [per-layer Frob],friendly-sam-sgd,sgd,both,inf,0.05,5.266964838832942,5.192887706662196,5.55533699289968,5.358310976540449,0.0,0.0707106781185763,1000
friendly-sam-sgd@per-layer,Friendly SAM + SGD [per-layer Frob],friendly-sam-sgd,sgd,both,inf,0.1,5.342970868054861,5.204515367257427,5.539957235170893,5.395443185553434,0.0,0.14142135623715268,1000
friendly-sam-sgd@per-layer,Friendly SAM + SGD [per-layer Frob],friendly-sam-sgd,sgd,both,inf,0.2,5.260909760555362,4.960371123055602,5.442000192527898,5.2321549596962384,0.0,0.2828427124743052,1000
friendly-sam-sgd@per-layer,Friendly SAM + SGD [per-layer Frob],friendly-sam-sgd,sgd,both,inf,0.5,4.608674460615887,4.584675761745074,4.726023360812831,4.662599456548875,0.0,0.7071067811857638,1000
friendly-sam-sgd@per-layer,Friendly SAM + SGD [per-layer Frob],friendly-sam-sgd,sgd,both,inf,1.0,3.6246910001576986,3.5215361451394758,3.6968952066397103,3.6161993510264674,0.0,1.414213562371528,1000
global-friendly-sam-muon@global,Global Friendly SAM-Muon [global Frob],global-friendly-sam-muon,muon,both,1.1,0.01,2.485716464568608,2.470953902740985,2.529444091754985,2.4958670045476827,0.0,0.00999999999999975,1000
global-friendly-sam-muon@global,Global Friendly SAM-Muon [global Frob],global-friendly-sam-muon,muon,both,1.1,0.02,2.485631281154837,2.47121459225722,2.528876376842616,2.4959675905775502,0.0,0.01999999999999955,1000
global-friendly-sam-muon@global,Global Friendly SAM-Muon [global Frob],global-friendly-sam-muon,muon,both,1.1,0.05,2.485774726335575,2.470442191868777,2.5290129232835454,2.4955415881372582,0.0,0.04999999999999895,1000
global-friendly-sam-muon@global,Global Friendly SAM-Muon [global Frob],global-friendly-sam-muon,muon,both,1.1,0.1,2.4852875617499977,2.4705802158115358,2.528976729461246,2.4949041741643603,0.0,0.09999999999999801,1000
global-friendly-sam-muon@global,Global Friendly SAM-Muon [global Frob],global-friendly-sam-muon,muon,both,1.1,0.2,2.4839377140980434,2.468339727684958,2.529194906105821,2.493899437744314,0.0,0.19999999999999601,1000
global-friendly-sam-muon@global,Global Friendly SAM-Muon [global Frob],global-friendly-sam-muon,muon,both,1.1,0.5,2.4820706051464674,2.464522796552045,2.5278818534025254,2.4912303964647666,0.0,0.49999999999999,1000
global-friendly-sam-muon@global,Global Friendly SAM-Muon [global Frob],global-friendly-sam-muon,muon,both,1.1,1.0,2.4776104370920082,2.458949331638302,2.5265935076465236,2.4860731717536226,0.0,0.99999999999998,1000
global-friendly-sam-muon@global,Global Friendly SAM-Muon [global Frob],global-friendly-sam-muon,muon,both,1.3,0.01,2.3040339919872217,2.2394672567473153,2.341608248718025,2.2996914736790406,0.0,0.00999999999999895,1000
global-friendly-sam-muon@global,Global Friendly SAM-Muon [global Frob],global-friendly-sam-muon,muon,both,1.3,0.02,2.3029577473853737,2.2402317698328744,2.344469284344545,2.299489690356444,0.0,0.0199999999999979,1000
global-friendly-sam-muon@global,Global Friendly SAM-Muon [global Frob],global-friendly-sam-muon,muon,both,1.3,0.05,2.300649490569282,2.233456697568173,2.3438601557328553,2.2967191435155465,0.0,0.04999999999999495,1000
global-friendly-sam-muon@global,Global Friendly SAM-Muon [global Frob],global-friendly-sam-muon,muon,both,1.3,0.1,2.297880211299963,2.239286066697478,2.337475138279509,2.296752248488379,0.0,0.09999999999998985,1000
global-friendly-sam-muon@global,Global Friendly SAM-Muon [global Frob],global-friendly-sam-muon,muon,both,1.3,0.2,2.2969018166485076,2.2345607621405588,2.3418778761541645,2.2937772183444425,0.0,0.19999999999997986,1000
global-friendly-sam-muon@global,Global Friendly SAM-Muon [global Frob],global-friendly-sam-muon,muon,both,1.3,0.5,2.2882676959577495,2.224719355062671,2.334969929234455,2.285542476308866,0.0,0.4999999999999495,1000
global-friendly-sam-muon@global,Global Friendly SAM-Muon [global Frob],global-friendly-sam-muon,muon,both,1.3,1.0,2.2771598966668773,2.216676811085664,2.3201023270721635,2.272445117703877,0.0,0.9999999999998991,1000
global-friendly-sam-muon@global,Global Friendly SAM-Muon [global Frob],global-friendly-sam-muon,muon,both,1.6,0.01,2.35199063521148,2.3207007157843655,2.4087581304490353,2.3583332270203536,0.0,0.00999999999999735,1000
global-friendly-sam-muon@global,Global Friendly SAM-Muon [global Frob],global-friendly-sam-muon,muon,both,1.6,0.02,2.362259499153351,2.3099973112366485,2.405636184212624,2.3570028786124455,0.0,0.01999999999999475,1000
global-friendly-sam-muon@global,Global Friendly SAM-Muon [global Frob],global-friendly-sam-muon,muon,both,1.6,0.05,2.356042414254576,2.3206468585362594,2.4048445343886584,2.360416904810572,0.0,0.04999999999998695,1000
global-friendly-sam-muon@global,Global Friendly SAM-Muon [global Frob],global-friendly-sam-muon,muon,both,1.6,0.1,2.3558857671235662,2.31782858768724,2.401839988054419,2.355787757284229,0.0,0.09999999999997394,1000
global-friendly-sam-muon@global,Global Friendly SAM-Muon [global Frob],global-friendly-sam-muon,muon,both,1.6,0.2,2.3533521592173665,2.3078662963468766,2.3879754400674624,2.3488729642943422,0.0,0.19999999999994805,1000
global-friendly-sam-muon@global,Global Friendly SAM-Muon [global Frob],global-friendly-sam-muon,muon,both,1.6,0.5,2.326081980226646,2.2881972599149156,2.3604346389303346,2.3270377930500072,0.0,0.49999999999987005,1000
global-friendly-sam-muon@global,Global Friendly SAM-Muon [global Frob],global-friendly-sam-muon,muon,both,1.6,1.0,2.2782560448187397,2.2688713592194256,2.3238081102784154,2.2951945035338785,0.0,0.9999999999997402,1000
global-friendly-sam-muon@global,Global Friendly SAM-Muon [global Frob],global-friendly-sam-muon,muon,both,2.0,0.01,2.5153746666708248,2.4854237962298757,2.531905104306528,2.4991228936036336,0.0,0.00999999999999545,1000
global-friendly-sam-muon@global,Global Friendly SAM-Muon [global Frob],global-friendly-sam-muon,muon,both,2.0,0.02,2.5139842868918056,2.483006911650513,2.5250834363257213,2.4947961754455683,0.0,0.01999999999999095,1000
global-friendly-sam-muon@global,Global Friendly SAM-Muon [global Frob],global-friendly-sam-muon,muon,both,2.0,0.05,2.512044245269552,2.468304492975484,2.531980082380949,2.4956894110097467,0.0,0.04999999999997745,1000
global-friendly-sam-muon@global,Global Friendly SAM-Muon [global Frob],global-friendly-sam-muon,muon,both,2.0,0.1,2.5007581399801238,2.4565953594040026,2.5254626579377177,2.488013388464705,0.0,0.0999999999999549,1000
global-friendly-sam-muon@global,Global Friendly SAM-Muon [global Frob],global-friendly-sam-muon,muon,both,2.0,0.2,2.479029111021047,2.4441913230516605,2.5065574361795404,2.4724117239107195,0.0,0.19999999999990975,1000
global-friendly-sam-muon@global,Global Friendly SAM-Muon [global Frob],global-friendly-sam-muon,muon,both,2.0,0.5,2.429785416789794,2.3842999409321806,2.4556402043504075,2.4226378128613346,0.0,0.49999999999977385,1000
global-friendly-sam-muon@global,Global Friendly SAM-Muon [global Frob],global-friendly-sam-muon,muon,both,2.0,1.0,2.3342385727464334,2.3026419674202914,2.379849248826389,2.3432992198368794,0.0,0.999999999999548,1000
global-friendly-sam-muon@global,Global Friendly SAM-Muon [global Frob],global-friendly-sam-muon,muon,both,3.0,0.01,2.7408944904769843,2.692096734285547,2.81411674552591,2.7684807889233687,0.0,0.00999999999999265,1000
global-friendly-sam-muon@global,Global Friendly SAM-Muon [global Frob],global-friendly-sam-muon,muon,both,3.0,0.02,2.756184736355178,2.689111523432098,2.827470679356289,2.7728699694741605,0.0,0.0199999999999853,1000
global-friendly-sam-muon@global,Global Friendly SAM-Muon [global Frob],global-friendly-sam-muon,muon,both,3.0,0.05,2.749330643014609,2.6826551365588758,2.8129988022067964,2.758196301771447,0.0,0.04999999999996335,1000
global-friendly-sam-muon@global,Global Friendly SAM-Muon [global Frob],global-friendly-sam-muon,muon,both,3.0,0.1,2.7161634164088455,2.6628926945990234,2.7833718629327016,2.741370091149668,0.0,0.09999999999992665,1000
global-friendly-sam-muon@global,Global Friendly SAM-Muon [global Frob],global-friendly-sam-muon,muon,both,3.0,0.2,2.6864456195176105,2.6723492422836754,2.7476519976712765,2.7175808933681385,0.0,0.19999999999985324,1000
global-friendly-sam-muon@global,Global Friendly SAM-Muon [global Frob],global-friendly-sam-muon,muon,both,3.0,0.5,2.6543450634686105,2.6214539903789422,2.696250392265633,2.6664295409665506,0.0,0.4999999999996329,1000
global-friendly-sam-muon@global,Global Friendly SAM-Muon [global Frob],global-friendly-sam-muon,muon,both,3.0,1.0,2.5014869619651225,2.4887505864049704,2.5742283223411158,2.5240305555836278,0.0,0.999999999999268,1000
global-friendly-sam-muon@global,Global Friendly SAM-Muon [global Frob],global-friendly-sam-muon,muon,both,inf,0.01,2.686201201037118,2.6258273792470783,2.739393498864022,2.691610529981913,0.0,0.00999999999999315,1000
global-friendly-sam-muon@global,Global Friendly SAM-Muon [global Frob],global-friendly-sam-muon,muon,both,inf,0.02,2.698598424130144,2.629055729357619,2.738114372856016,2.6971743131793526,0.0,0.019999999999986348,1000
global-friendly-sam-muon@global,Global Friendly SAM-Muon [global Frob],global-friendly-sam-muon,muon,both,inf,0.05,2.6922249160634304,2.613910812116227,2.725050479983659,2.6893485886114026,0.0,0.049999999999966,1000
global-friendly-sam-muon@global,Global Friendly SAM-Muon [global Frob],global-friendly-sam-muon,muon,both,inf,0.1,2.6571662476097555,2.61906963326743,2.7112229008287936,2.674614558935976,0.0,0.099999999999932,1000
global-friendly-sam-muon@global,Global Friendly SAM-Muon [global Frob],global-friendly-sam-muon,muon,both,inf,0.2,2.664656725672694,2.5690079904502428,2.6988198700230255,2.65656542170869,0.0,0.199999999999864,1000
global-friendly-sam-muon@global,Global Friendly SAM-Muon [global Frob],global-friendly-sam-muon,muon,both,inf,0.5,2.578951927388446,2.527468446439562,2.638147701048653,2.5875055031758913,0.0,0.49999999999966016,1000
global-friendly-sam-muon@global,Global Friendly SAM-Muon [global Frob],global-friendly-sam-muon,muon,both,inf,1.0,2.4554658406008576,2.429160702016097,2.515268103446377,2.4705893068628093,0.0,0.9999999999993212,1000
global-friendly-sam-muon@per-layer,Global Friendly SAM-Muon [per-layer Frob],global-friendly-sam-muon,muon,both,1.1,0.01,2.4848677017143537,2.4706532283767926,2.5287322503172414,2.4955541893258903,0.0,0.0141421356237303,1000
global-friendly-sam-muon@per-layer,Global Friendly SAM-Muon [per-layer Frob],global-friendly-sam-muon,muon,both,1.1,0.02,2.4848453333654392,2.4704917633596533,2.5291389187747835,2.4953888994384443,0.0,0.02828427124746065,1000
global-friendly-sam-muon@per-layer,Global Friendly SAM-Muon [per-layer Frob],global-friendly-sam-muon,muon,both,1.1,0.05,2.485023110283512,2.4710343850906615,2.528630794521433,2.495098698908333,0.0,0.0707106781186517,1000
global-friendly-sam-muon@per-layer,Global Friendly SAM-Muon [per-layer Frob],global-friendly-sam-muon,muon,both,1.1,0.1,2.4847484193395397,2.468614825246631,2.5292241339079125,2.4943568179469087,0.0,0.14142135623730345,1000
global-friendly-sam-muon@per-layer,Global Friendly SAM-Muon [per-layer Frob],global-friendly-sam-muon,muon,both,1.1,0.2,2.482554890602137,2.467371702242856,2.5285051008422887,2.492705238462621,0.0,0.2828427124746069,1000
global-friendly-sam-muon@per-layer,Global Friendly SAM-Muon [per-layer Frob],global-friendly-sam-muon,muon,both,1.1,0.5,2.4779866265942014,2.4636778146859895,2.5269866305078947,2.488171935835016,0.0,0.7071067811865176,1000
global-friendly-sam-muon@per-layer,Global Friendly SAM-Muon [per-layer Frob],global-friendly-sam-muon,muon,both,1.1,1.0,2.467874400332114,2.4529008984180116,2.5186011504733914,2.4780047570408987,0.0,1.414213562373035,1000
global-friendly-sam-muon@per-layer,Global Friendly SAM-Muon [per-layer Frob],global-friendly-sam-muon,muon,both,1.3,0.01,2.3033702874210116,2.2399023741289263,2.341963969118532,2.2990493726993377,0.0,0.01414213562372825,1000
global-friendly-sam-muon@per-layer,Global Friendly SAM-Muon [per-layer Frob],global-friendly-sam-muon,muon,both,1.3,0.02,2.3052067198174973,2.238617664670141,2.3434446072383883,2.2999596939605205,0.0,0.0282842712474565,1000
global-friendly-sam-muon@per-layer,Global Friendly SAM-Muon [per-layer Frob],global-friendly-sam-muon,muon,both,1.3,0.05,2.3017665267242897,2.2414508352683225,2.3382042919323203,2.297408147503703,0.0,0.07071067811864129,1000
global-friendly-sam-muon@per-layer,Global Friendly SAM-Muon [per-layer Frob],global-friendly-sam-muon,muon,both,1.3,0.1,2.2962629376607016,2.2352987294341924,2.3387892891086777,2.2931076773469035,0.0,0.14142135623728264,1000
global-friendly-sam-muon@per-layer,Global Friendly SAM-Muon [per-layer Frob],global-friendly-sam-muon,muon,both,1.3,0.2,2.289589680267488,2.2287706700964005,2.333487519142338,2.28779365164561,0.0,0.28284271247456527,1000
global-friendly-sam-muon@per-layer,Global Friendly SAM-Muon [per-layer Frob],global-friendly-sam-muon,muon,both,1.3,0.5,2.283355974932196,2.212642472308586,2.3235288111093464,2.2763953844805584,0.0,0.7071067811864131,1000
global-friendly-sam-muon@per-layer,Global Friendly SAM-Muon [per-layer Frob],global-friendly-sam-muon,muon,both,1.3,1.0,2.251460839611152,2.199463180140825,2.294071647903857,2.2537535711918695,0.0,1.4142135623728258,1000
global-friendly-sam-muon@per-layer,Global Friendly SAM-Muon [per-layer Frob],global-friendly-sam-muon,muon,both,1.6,0.01,2.358968412656547,2.314908011129166,2.412850755715004,2.360888497026937,0.0,0.01414213562372535,1000
global-friendly-sam-muon@per-layer,Global Friendly SAM-Muon [per-layer Frob],global-friendly-sam-muon,muon,both,1.6,0.02,2.3580637281178443,2.3077416701169247,2.4101768134688824,2.3589103218818606,0.0,0.0282842712474507,1000
global-friendly-sam-muon@per-layer,Global Friendly SAM-Muon [per-layer Frob],global-friendly-sam-muon,muon,both,1.6,0.05,2.360108214370271,2.321706216414092,2.4065581622973173,2.3583422374527396,0.0,0.07071067811862686,1000
global-friendly-sam-muon@per-layer,Global Friendly SAM-Muon [per-layer Frob],global-friendly-sam-muon,muon,both,1.6,0.1,2.35570896077325,2.3139986834088577,2.392453664176101,2.352530657487825,0.0,0.14142135623725383,1000
global-friendly-sam-muon@per-layer,Global Friendly SAM-Muon [per-layer Frob],global-friendly-sam-muon,muon,both,1.6,0.2,2.3343212995077973,2.293946404637875,2.377446406007656,2.337754444880467,0.0,0.28284271247450754,1000
global-friendly-sam-muon@per-layer,Global Friendly SAM-Muon [per-layer Frob],global-friendly-sam-muon,muon,both,1.6,0.5,2.304743834064629,2.268795820874532,2.3366134042379407,2.3078495237873944,0.0,0.7071067811862686,1000
global-friendly-sam-muon@per-layer,Global Friendly SAM-Muon [per-layer Frob],global-friendly-sam-muon,muon,both,1.6,1.0,2.214137507644365,2.200751776076226,2.2596498470005058,2.23093721043511,0.0,1.4142135623725376,1000
global-friendly-sam-muon@per-layer,Global Friendly SAM-Muon [per-layer Frob],global-friendly-sam-muon,muon,both,2.0,0.01,2.5146139989954617,2.476458266291724,2.5372815683797674,2.498264092742163,0.0,0.014142135623720551,1000
global-friendly-sam-muon@per-layer,Global Friendly SAM-Muon [per-layer Frob],global-friendly-sam-muon,muon,both,2.0,0.02,2.5186966552529984,2.4738884311502978,2.536834428582805,2.500678390034359,0.0,0.0282842712474412,1000
global-friendly-sam-muon@per-layer,Global Friendly SAM-Muon [per-layer Frob],global-friendly-sam-muon,muon,both,2.0,0.05,2.5123305144306145,2.4657419568276104,2.5224437862468907,2.4925294847657193,0.0,0.07071067811860299,1000
global-friendly-sam-muon@per-layer,Global Friendly SAM-Muon [per-layer Frob],global-friendly-sam-muon,muon,both,2.0,0.1,2.486195373233488,2.4518231271291384,2.5130337359741004,2.477914284137826,0.0,0.14142135623720586,1000
global-friendly-sam-muon@per-layer,Global Friendly SAM-Muon [per-layer Frob],global-friendly-sam-muon,muon,both,2.0,0.2,2.4629602729122984,2.4179847820360663,2.503778221365591,2.455215683366423,0.0,0.282842712474411,1000
global-friendly-sam-muon@per-layer,Global Friendly SAM-Muon [per-layer Frob],global-friendly-sam-muon,muon,both,2.0,0.5,2.39065030795053,2.354949793862374,2.416050856885979,2.387495076484564,0.0,0.7071067811860255,1000
global-friendly-sam-muon@per-layer,Global Friendly SAM-Muon [per-layer Frob],global-friendly-sam-muon,muon,both,2.0,1.0,2.2411884636868784,2.2342640933490685,2.275006562471561,2.2576963480290684,0.0,1.4142135623720513,1000
global-friendly-sam-muon@per-layer,Global Friendly SAM-Muon [per-layer Frob],global-friendly-sam-muon,muon,both,3.0,0.01,2.7627423452061017,2.6845053845590696,2.820272384984348,2.7719646518525316,0.0,0.014142135623714299,1000
global-friendly-sam-muon@per-layer,Global Friendly SAM-Muon [per-layer Frob],global-friendly-sam-muon,muon,both,3.0,0.02,2.752899816197378,2.6792914466364306,2.8215617179338612,2.7665775817497003,0.0,0.028284271247428702,1000
global-friendly-sam-muon@per-layer,Global Friendly SAM-Muon [per-layer Frob],global-friendly-sam-muon,muon,both,3.0,0.05,2.7212274526214326,2.6788120836594715,2.786896024731777,2.746631928291221,0.0,0.07071067811857196,1000
global-friendly-sam-muon@per-layer,Global Friendly SAM-Muon [per-layer Frob],global-friendly-sam-muon,muon,both,3.0,0.1,2.6744905971484014,2.643649009447253,2.7837045958568893,2.72123202793764,0.0,0.14142135623714344,1000
global-friendly-sam-muon@per-layer,Global Friendly SAM-Muon [per-layer Frob],global-friendly-sam-muon,muon,both,3.0,0.2,2.6575029814354614,2.6531989336066433,2.729254081045052,2.695835673801155,0.0,0.2828427124742863,1000
global-friendly-sam-muon@per-layer,Global Friendly SAM-Muon [per-layer Frob],global-friendly-sam-muon,muon,both,3.0,0.5,2.572003693867324,2.55220080016302,2.6261327753480987,2.5895380509140304,0.0,0.7071067811857181,1000
global-friendly-sam-muon@per-layer,Global Friendly SAM-Muon [per-layer Frob],global-friendly-sam-muon,muon,both,3.0,1.0,2.342713717884359,2.3281566649387146,2.3753466690259204,2.355042963187268,0.0,1.4142135623714613,1000
global-friendly-sam-muon@per-layer,Global Friendly SAM-Muon [per-layer Frob],global-friendly-sam-muon,muon,both,inf,0.01,2.6929449597977104,2.6285087041165838,2.7223012372339683,2.693958408922238,0.0,0.0141421356237156,1000
global-friendly-sam-muon@per-layer,Global Friendly SAM-Muon [per-layer Frob],global-friendly-sam-muon,muon,both,inf,0.02,2.692100810687113,2.624793689149157,2.7425829180807324,2.691230233866876,0.0,0.02828427124743125,1000
global-friendly-sam-muon@per-layer,Global Friendly SAM-Muon [per-layer Frob],global-friendly-sam-muon,muon,both,inf,0.05,2.683432722959673,2.6109391904668415,2.7215425018076136,2.6794404379809795,0.0,0.07071067811857815,1000
global-friendly-sam-muon@per-layer,Global Friendly SAM-Muon [per-layer Frob],global-friendly-sam-muon,muon,both,inf,0.1,2.64736513109981,2.5853536450030417,2.697234346739468,2.6603538745098447,0.0,0.14142135623715596,1000
global-friendly-sam-muon@per-layer,Global Friendly SAM-Muon [per-layer Frob],global-friendly-sam-muon,muon,both,inf,0.2,2.6167924629517163,2.5739689021358685,2.6683939065101017,2.6315490884659463,0.0,0.2828427124743115,1000
global-friendly-sam-muon@per-layer,Global Friendly SAM-Muon [per-layer Frob],global-friendly-sam-muon,muon,both,inf,0.5,2.5112427620373756,2.4772779657473976,2.5512636408451046,2.5263583837909276,0.0,0.7071067811857805,1000
global-friendly-sam-muon@per-layer,Global Friendly SAM-Muon [per-layer Frob],global-friendly-sam-muon,muon,both,inf,1.0,2.324484286615171,2.2723868475934816,2.3782883397469603,2.3198699742657527,0.0,1.4142135623715808,1000
muon,Muon,muon,muon,both,1.1,,2.485520356608026,2.4717679680280895,2.529171868777136,2.495982929270391,0.0,0.0,500
muon,Muon,muon,muon,both,1.3,,2.3047593183823283,2.2423453665856194,2.3418557598189262,2.300200087554387,0.0,0.0,500
muon,Muon,muon,muon,both,1.6,,2.3570653373357713,2.314878483641505,2.403991492866862,2.3564088447371967,0.0,0.0,500
muon,Muon,muon,muon,both,2.0,,2.5140353626143694,2.4826015527141103,2.5246275932738795,2.497530088023475,0.0,0.0,500
muon,Muon,muon,muon,both,3.0,,2.755954762333357,2.6908732004411924,2.82092773548285,2.7788696395331636,0.0,0.0,500
muon,Muon,muon,muon,both,inf,,2.714073359744281,2.649224229908316,2.738972495753808,2.704723764366371,0.0,0.0,500
random-sam-muon@global,Random SAM-Muon [global Frob],random-sam-muon,muon,both,1.1,0.01,2.4853784865875888,2.4702325322754684,2.530273730855452,2.495951171979568,0.0,0.0099999999999998,500
random-sam-muon@global,Random SAM-Muon [global Frob],random-sam-muon,muon,both,1.1,0.02,2.4859342028177727,2.471027838540909,2.5306815040875437,2.496055617156233,0.0,0.0199999999999996,500
random-sam-muon@global,Random SAM-Muon [global Frob],random-sam-muon,muon,both,1.1,0.05,2.4858106082236464,2.470093535818206,2.5314022755811285,2.495810889420321,0.0,0.049999999999999,500
random-sam-muon@global,Random SAM-Muon [global Frob],random-sam-muon,muon,both,1.1,0.1,2.48449357486259,2.4719591645264027,2.5325193604262584,2.4961824565850494,0.0,0.0999999999999981,500
random-sam-muon@global,Random SAM-Muon [global Frob],random-sam-muon,muon,both,1.1,0.2,2.4861360955848966,2.4708797210663063,2.5318222770753853,2.4966551342691625,0.0,0.1999999999999963,500
random-sam-muon@global,Random SAM-Muon [global Frob],random-sam-muon,muon,both,1.1,0.5,2.4815376882249405,2.4677113391970686,2.5318968723176773,2.494473436160253,0.0,0.49999999999999084,500
random-sam-muon@global,Random SAM-Muon [global Frob],random-sam-muon,muon,both,1.1,1.0,2.4835389231018086,2.4670236953526103,2.533190393417332,2.4940321866185897,0.0,0.9999999999999817,500
random-sam-muon@global,Random SAM-Muon [global Frob],random-sam-muon,muon,both,1.3,0.01,2.3037802905266807,2.241523434760717,2.3444145693356697,2.3002118705077015,0.0,0.0099999999999998,500
random-sam-muon@global,Random SAM-Muon [global Frob],random-sam-muon,muon,both,1.3,0.02,2.305497267179771,2.23873610802697,2.3431351754230745,2.300234765290286,0.0,0.0199999999999996,500
random-sam-muon@global,Random SAM-Muon [global Frob],random-sam-muon,muon,both,1.3,0.05,2.3056294915139093,2.2387837284146057,2.344345732475046,2.29864527868709,0.0,0.049999999999999045,500
random-sam-muon@global,Random SAM-Muon [global Frob],random-sam-muon,muon,both,1.3,0.1,2.306817166505554,2.235292559610443,2.345295619174345,2.297523876323442,0.0,0.09999999999999815,500
random-sam-muon@global,Random SAM-Muon [global Frob],random-sam-muon,muon,both,1.3,0.2,2.307785298153146,2.2344377023638957,2.3428970642432216,2.2976937060816014,0.0,0.19999999999999635,500
random-sam-muon@global,Random SAM-Muon [global Frob],random-sam-muon,muon,both,1.3,0.5,2.310328362470247,2.2367544318589183,2.3455534180195374,2.300332417137837,0.0,0.49999999999999084,500
random-sam-muon@global,Random SAM-Muon [global Frob],random-sam-muon,muon,both,1.3,1.0,2.303710479797946,2.239562641604608,2.3335138064940555,2.2950901162678976,0.0,0.9999999999999817,500
random-sam-muon@global,Random SAM-Muon [global Frob],random-sam-muon,muon,both,1.6,0.01,2.3594550636374185,2.3126474209598618,2.4156342299593443,2.3594921365117463,0.0,0.0099999999999998,500
random-sam-muon@global,Random SAM-Muon [global Frob],random-sam-muon,muon,both,1.6,0.02,2.361151906401131,2.311265000554875,2.411293044240544,2.3573609960723685,0.0,0.0199999999999996,500
random-sam-muon@global,Random SAM-Muon [global Frob],random-sam-muon,muon,both,1.6,0.05,2.360019231256109,2.3131877335310547,2.4108812366349235,2.3573606480470466,0.0,0.049999999999999,500
random-sam-muon@global,Random SAM-Muon [global Frob],random-sam-muon,muon,both,1.6,0.1,2.3598446849867356,2.3216573192441805,2.4044372398400182,2.3612626990797394,0.0,0.0999999999999981,500
random-sam-muon@global,Random SAM-Muon [global Frob],random-sam-muon,muon,both,1.6,0.2,2.3590308062300624,2.3194458982194854,2.3941430963745844,2.357351394111997,0.0,0.1999999999999963,500
random-sam-muon@global,Random SAM-Muon [global Frob],random-sam-muon,muon,both,1.6,0.5,2.3578920787551487,2.318895206163889,2.39808325925751,2.3598971207505426,0.0,0.499999999999991,500
random-sam-muon@global,Random SAM-Muon [global Frob],random-sam-muon,muon,both,1.6,1.0,2.3541908236707805,2.3154063356316525,2.398768307991226,2.3583179858728633,0.0,0.999999999999982,500
random-sam-muon@global,Random SAM-Muon [global Frob],random-sam-muon,muon,both,2.0,0.01,2.512046271607683,2.4844454362090387,2.5335390243092886,2.4983565295223444,0.0,0.0099999999999998,500
random-sam-muon@global,Random SAM-Muon [global Frob],random-sam-muon,muon,both,2.0,0.02,2.5226315987279833,2.470888074705616,2.5392537445645837,2.499962133886212,0.0,0.0199999999999996,500
random-sam-muon@global,Random SAM-Muon [global Frob],random-sam-muon,muon,both,2.0,0.05,2.5195282975252136,2.4842323598475944,2.528767417197162,2.499574884832621,0.0,0.0499999999999991,500
random-sam-muon@global,Random SAM-Muon [global Frob],random-sam-muon,muon,both,2.0,0.1,2.506421346665746,2.4786416049050084,2.5301363018781835,2.4943987401559964,0.0,0.0999999999999982,500
random-sam-muon@global,Random SAM-Muon [global Frob],random-sam-muon,muon,both,2.0,0.2,2.507985951045336,2.4637785261506355,2.5406211111676447,2.4957203375595522,0.0,0.1999999999999964,500
random-sam-muon@global,Random SAM-Muon [global Frob],random-sam-muon,muon,both,2.0,0.5,2.502252313761193,2.4626655795324224,2.542174662221236,2.498711471871313,0.0,0.499999999999991,500
random-sam-muon@global,Random SAM-Muon [global Frob],random-sam-muon,muon,both,2.0,1.0,2.5070341362758417,2.4483399105263493,2.5295824363475,2.4870144832562646,0.0,0.999999999999982,500
random-sam-muon@global,Random SAM-Muon [global Frob],random-sam-muon,muon,both,3.0,0.01,2.765418736991208,2.6779923678689825,2.8332709300952867,2.7708819997097387,0.0,0.0099999999999998,500
random-sam-muon@global,Random SAM-Muon [global Frob],random-sam-muon,muon,both,3.0,0.02,2.7622038553723876,2.6819256859732046,2.8107088878474666,2.768433946131707,0.0,0.0199999999999996,500
random-sam-muon@global,Random SAM-Muon [global Frob],random-sam-muon,muon,both,3.0,0.05,2.7730203033112915,2.6812117098231605,2.83881624696959,2.775487112325355,0.0,0.049999999999999045,500
random-sam-muon@global,Random SAM-Muon [global Frob],random-sam-muon,muon,both,3.0,0.1,2.744574905008132,2.687458029154597,2.8222230660101197,2.7709687482797305,0.0,0.09999999999999815,500
random-sam-muon@global,Random SAM-Muon [global Frob],random-sam-muon,muon,both,3.0,0.2,2.7352300824551916,2.703587662203177,2.8184423665864715,2.7723644397442415,0.0,0.19999999999999635,500
random-sam-muon@global,Random SAM-Muon [global Frob],random-sam-muon,muon,both,3.0,0.5,2.7055683571136573,2.691886087242401,2.7896576806326667,2.751672684755403,0.0,0.4999999999999909,500
random-sam-muon@global,Random SAM-Muon [global Frob],random-sam-muon,muon,both,3.0,1.0,2.6988973372973386,2.6806999598481287,2.779348328963983,2.741209943746388,0.0,0.9999999999999818,500
random-sam-muon@global,Random SAM-Muon [global Frob],random-sam-muon,muon,both,inf,0.01,2.7018873182630836,2.644131019075095,2.7276110016067148,2.695854144287702,0.0,0.0099999999999998,500
random-sam-muon@global,Random SAM-Muon [global Frob],random-sam-muon,muon,both,inf,0.02,2.68898332470913,2.634161908205705,2.7189149767151566,2.692200733722828,0.0,0.0199999999999996,500
random-sam-muon@global,Random SAM-Muon [global Frob],random-sam-muon,muon,both,inf,0.05,2.684033740251616,2.643021681874453,2.7504255124384724,2.6980751919328796,0.0,0.049999999999999,500
random-sam-muon@global,Random SAM-Muon [global Frob],random-sam-muon,muon,both,inf,0.1,2.6933640847866216,2.6559671574845805,2.7559204599573377,2.7004604323891668,0.0,0.0999999999999981,500
random-sam-muon@global,Random SAM-Muon [global Frob],random-sam-muon,muon,both,inf,0.2,2.6902756659193265,2.625952438235293,2.757655656982471,2.692532094469252,0.0,0.1999999999999963,500
random-sam-muon@global,Random SAM-Muon [global Frob],random-sam-muon,muon,both,inf,0.5,2.6768916252445885,2.6644433493189608,2.735425079715533,2.6986530394008286,0.0,0.49999999999999095,500
random-sam-muon@global,Random SAM-Muon [global Frob],random-sam-muon,muon,both,inf,1.0,2.668821162254027,2.635822883733481,2.7228990471519996,2.6805260912731366,0.0,0.9999999999999819,500
random-sam-muon@per-layer,Random SAM-Muon [per-layer Frob],random-sam-muon,muon,both,1.1,0.01,2.485718562218875,2.470363276497391,2.5303116073376923,2.495993973651533,0.0,0.0141421356237305,500
random-sam-muon@per-layer,Random SAM-Muon [per-layer Frob],random-sam-muon,muon,both,1.1,0.02,2.4860782598667903,2.4706510244780118,2.5304930180862506,2.496151186406021,0.0,0.0282842712474611,500
random-sam-muon@per-layer,Random SAM-Muon [per-layer Frob],random-sam-muon,muon,both,1.1,0.05,2.485672002648476,2.471569112383599,2.531855148868559,2.4962176147210977,0.0,0.0707106781186528,500
random-sam-muon@per-layer,Random SAM-Muon [per-layer Frob],random-sam-muon,muon,both,1.1,0.1,2.484744583944221,2.4718499269857155,2.5320681695108007,2.4960888643250496,0.0,0.14142135623730565,500
random-sam-muon@per-layer,Random SAM-Muon [per-layer Frob],random-sam-muon,muon,both,1.1,0.2,2.4850510617656383,2.471606605778426,2.531825792716302,2.496470919869262,0.0,0.28284271247461135,500
random-sam-muon@per-layer,Random SAM-Muon [per-layer Frob],random-sam-muon,muon,both,1.1,0.5,2.482583794744893,2.468509885374349,2.532870097237561,2.494653020514857,0.0,0.7071067811865284,500
random-sam-muon@per-layer,Random SAM-Muon [per-layer Frob],random-sam-muon,muon,both,1.1,1.0,2.4800851088362164,2.4678612652257916,2.5313924923512094,2.492588989803037,0.0,1.4142135623730567,500
random-sam-muon@per-layer,Random SAM-Muon [per-layer Frob],random-sam-muon,muon,both,1.3,0.01,2.3050222685336506,2.2427571425955954,2.3429271840843224,2.3004906759974038,0.0,0.0141421356237305,500
random-sam-muon@per-layer,Random SAM-Muon [per-layer Frob],random-sam-muon,muon,both,1.3,0.02,2.304371776640566,2.243041508815769,2.342218711600343,2.3002617573666013,0.0,0.0282842712474611,500
random-sam-muon@per-layer,Random SAM-Muon [per-layer Frob],random-sam-muon,muon,both,1.3,0.05,2.304636262225606,2.2384140209183476,2.3435471730073916,2.2974943785604642,0.0,0.0707106781186528,500
random-sam-muon@per-layer,Random SAM-Muon [per-layer Frob],random-sam-muon,muon,both,1.3,0.1,2.3061750540629165,2.239160968384548,2.342754893891206,2.299309175473258,0.0,0.1414213562373057,500
random-sam-muon@per-layer,Random SAM-Muon [per-layer Frob],random-sam-muon,muon,both,1.3,0.2,2.3088656865991375,2.2348891644555415,2.3455632987083224,2.2981266461166,0.0,0.2828427124746114,500
random-sam-muon@per-layer,Random SAM-Muon [per-layer Frob],random-sam-muon,muon,both,1.3,0.5,2.310028314546684,2.2381988726331987,2.340968038724123,2.2990769650221257,0.0,0.7071067811865284,500
random-sam-muon@per-layer,Random SAM-Muon [per-layer Frob],random-sam-muon,muon,both,1.3,1.0,2.291509974704531,2.235572123788508,2.3318263029648927,2.291403016036217,0.0,1.4142135623730567,500
random-sam-muon@per-layer,Random SAM-Muon [per-layer Frob],random-sam-muon,muon,both,1.6,0.01,2.3607308915828695,2.3125284674807305,2.4102524103552305,2.357455459916154,0.0,0.0141421356237305,500
random-sam-muon@per-layer,Random SAM-Muon [per-layer Frob],random-sam-muon,muon,both,1.6,0.02,2.367171071027152,2.320671888857465,2.410197152172575,2.362312472080502,0.0,0.0282842712474611,500
random-sam-muon@per-layer,Random SAM-Muon [per-layer Frob],random-sam-muon,muon,both,1.6,0.05,2.362087618537564,2.3221912428667695,2.3986055494584604,2.358232146860756,0.0,0.0707106781186528,500
random-sam-muon@per-layer,Random SAM-Muon [per-layer Frob],random-sam-muon,muon,both,1.6,0.1,2.365318936997991,2.3156516584524707,2.4055263807006337,2.36014674877632,0.0,0.1414213562373057,500
random-sam-muon@per-layer,Random SAM-Muon [per-layer Frob],random-sam-muon,muon,both,1.6,0.2,2.362773558067328,2.321386242770911,2.395494809279696,2.3603281487577346,0.0,0.2828427124746115,500
random-sam-muon@per-layer,Random SAM-Muon [per-layer Frob],random-sam-muon,muon,both,1.6,0.5,2.360385008464835,2.3163227174610332,2.40176086199258,2.359554625156097,0.0,0.7071067811865288,500
random-sam-muon@per-layer,Random SAM-Muon [per-layer Frob],random-sam-muon,muon,both,1.6,1.0,2.3375994200536057,2.320906912942174,2.384270703698724,2.3495193611535155,0.0,1.4142135623730576,500
random-sam-muon@per-layer,Random SAM-Muon [per-layer Frob],random-sam-muon,muon,both,2.0,0.01,2.5162954107013675,2.4736316892486445,2.5282163179735737,2.4953894026492094,0.0,0.0141421356237305,500
random-sam-muon@per-layer,Random SAM-Muon [per-layer Frob],random-sam-muon,muon,both,2.0,0.02,2.520957061437265,2.4928643997040467,2.5282663796069844,2.5004804882982974,0.0,0.0282842712474611,500
random-sam-muon@per-layer,Random SAM-Muon [per-layer Frob],random-sam-muon,muon,both,2.0,0.05,2.5129962614216073,2.4887582146677563,2.5209078640501694,2.4987996765185407,0.0,0.0707106781186528,500
random-sam-muon@per-layer,Random SAM-Muon [per-layer Frob],random-sam-muon,muon,both,2.0,0.1,2.508858384550138,2.463767588296669,2.5301035708667374,2.4889016424176953,0.0,0.1414213562373057,500
random-sam-muon@per-layer,Random SAM-Muon [per-layer Frob],random-sam-muon,muon,both,2.0,0.2,2.5109040346319422,2.4591019954690627,2.538174262747596,2.4918631634076966,0.0,0.2828427124746114,500
random-sam-muon@per-layer,Random SAM-Muon [per-layer Frob],random-sam-muon,muon,both,2.0,0.5,2.504526577396698,2.455705222454897,2.5373201662070395,2.4893015642424574,0.0,0.7071067811865286,500
random-sam-muon@per-layer,Random SAM-Muon [per-layer Frob],random-sam-muon,muon,both,2.0,1.0,2.490275341483459,2.4219923751955195,2.519952343135932,2.4696193814234286,0.0,1.4142135623730572,500
random-sam-muon@per-layer,Random SAM-Muon [per-layer Frob],random-sam-muon,muon,both,3.0,0.01,2.769227740324185,2.6831796660816103,2.8342814800268887,2.7746460796758834,0.0,0.0141421356237305,500
random-sam-muon@per-layer,Random SAM-Muon [per-layer Frob],random-sam-muon,muon,both,3.0,0.02,2.7532028744422896,2.6919178354384776,2.844117666728753,2.7764358481278575,0.0,0.0282842712474611,500
random-sam-muon@per-layer,Random SAM-Muon [per-layer Frob],random-sam-muon,muon,both,3.0,0.05,2.750543993462953,2.683677746039,2.8342554321735625,2.7716897142304298,0.0,0.0707106781186528,500
random-sam-muon@per-layer,Random SAM-Muon [per-layer Frob],random-sam-muon,muon,both,3.0,0.1,2.7462512367365397,2.6800074705434502,2.8459487148149014,2.7756921574477262,0.0,0.1414213562373057,500
random-sam-muon@per-layer,Random SAM-Muon [per-layer Frob],random-sam-muon,muon,both,3.0,0.2,2.7176689731447485,2.694985690857399,2.808901351345956,2.7630981456333084,0.0,0.2828427124746115,500
random-sam-muon@per-layer,Random SAM-Muon [per-layer Frob],random-sam-muon,muon,both,3.0,0.5,2.7114671646799864,2.7004653775294023,2.7814114326442683,2.7492979445177967,0.0,0.7071067811865287,500
random-sam-muon@per-layer,Random SAM-Muon [per-layer Frob],random-sam-muon,muon,both,3.0,1.0,2.6896768510231683,2.6602565298113485,2.762363697304114,2.725384080878494,0.0,1.4142135623730574,500
random-sam-muon@per-layer,Random SAM-Muon [per-layer Frob],random-sam-muon,muon,both,inf,0.01,2.7040519478650618,2.6537649292431666,2.7297338901543124,2.6999357833227524,0.0,0.0141421356237305,500
random-sam-muon@per-layer,Random SAM-Muon [per-layer Frob],random-sam-muon,muon,both,inf,0.02,2.694831321378829,2.6393046933708177,2.727424997320542,2.691051272139729,0.0,0.0282842712474611,500
random-sam-muon@per-layer,Random SAM-Muon [per-layer Frob],random-sam-muon,muon,both,inf,0.05,2.6968810854095455,2.672008084641841,2.7500236434489724,2.7033874705966436,0.0,0.0707106781186528,500
random-sam-muon@per-layer,Random SAM-Muon [per-layer Frob],random-sam-muon,muon,both,inf,0.1,2.6941418143789946,2.6454026500134677,2.7732708957470282,2.7031795745355107,0.0,0.1414213562373057,500
random-sam-muon@per-layer,Random SAM-Muon [per-layer Frob],random-sam-muon,muon,both,inf,0.2,2.684513489145248,2.6371333643890376,2.7590580653866588,2.699846779702006,0.0,0.2828427124746114,500
random-sam-muon@per-layer,Random SAM-Muon [per-layer Frob],random-sam-muon,muon,both,inf,0.5,2.689515202502674,2.6556671779084158,2.723764477296963,2.691363262245475,0.0,0.7071067811865287,500
random-sam-muon@per-layer,Random SAM-Muon [per-layer Frob],random-sam-muon,muon,both,inf,1.0,2.660557133599872,2.648647487421633,2.7234037579648493,2.680125131658544,0.0,1.4142135623730574,500
sam-adam@global,SAM + AdamW [global Frob],sam-adam,adam,added,1.1,0.01,2.927568928297182,2.888988417626978,2.973748260253076,2.9430076082826524,0.0,0.00999999999999965,1000
sam-adam@global,SAM + AdamW [global Frob],sam-adam,adam,added,1.1,0.02,2.9275093839306625,2.889049394984355,2.9737930352513215,2.943042101387559,0.0,0.01999999999999935,1000
sam-adam@global,SAM + AdamW [global Frob],sam-adam,adam,added,1.1,0.05,2.927656742690247,2.8890705380706647,2.973666225543827,2.943044832169445,0.0,0.04999999999999845,1000
sam-adam@global,SAM + AdamW [global Frob],sam-adam,adam,added,1.1,0.1,2.9276098593400244,2.8890122414517534,2.9735680480706725,2.9430939289821665,0.0,0.0999999999999969,1000
sam-adam@global,SAM + AdamW [global Frob],sam-adam,adam,added,1.1,0.2,2.927201834256991,2.8886771424327717,2.9732439352779703,2.9427568760935774,0.0,0.1999999999999939,1000
sam-adam@global,SAM + AdamW [global Frob],sam-adam,adam,added,1.1,0.5,2.9267829434159625,2.8880126227931715,2.973122135631963,2.942238928621184,0.0,0.4999999999999848,1000
sam-adam@global,SAM + AdamW [global Frob],sam-adam,adam,added,1.1,1.0,2.924653719367431,2.8864877999388776,2.972876155393529,2.940961088689142,0.0,0.9999999999999698,1000
sam-adam@global,SAM + AdamW [global Frob],sam-adam,adam,added,1.3,0.01,2.3527732798007257,2.319207592777579,2.3898392015634933,2.35886763021548,0.0,0.0099999999999987,1000
sam-adam@global,SAM + AdamW [global Frob],sam-adam,adam,added,1.3,0.02,2.3529403583546755,2.3194235898176023,2.3896947720560076,2.359083923779923,0.0,0.0199999999999975,1000
sam-adam@global,SAM + AdamW [global Frob],sam-adam,adam,added,1.3,0.05,2.3530672523410274,2.3192101166769525,2.3902800453882422,2.35911409313187,0.0,0.04999999999999375,1000
sam-adam@global,SAM + AdamW [global Frob],sam-adam,adam,added,1.3,0.1,2.352914723593987,2.319754527139613,2.3905561552217214,2.3592109605094187,0.0,0.0999999999999876,1000
sam-adam@global,SAM + AdamW [global Frob],sam-adam,adam,added,1.3,0.2,2.3525985087554115,2.31925326339338,2.3902080416745255,2.3589039361178905,0.0,0.19999999999997514,1000
sam-adam@global,SAM + AdamW [global Frob],sam-adam,adam,added,1.3,0.5,2.3532719470707155,2.319059105004627,2.3895782761032436,2.358935287995564,0.0,0.499999999999938,1000
sam-adam@global,SAM + AdamW [global Frob],sam-adam,adam,added,1.3,1.0,2.355809746484649,2.3204578789334245,2.391170680281853,2.3602816491575376,0.0,0.999999999999876,1000
sam-adam@global,SAM + AdamW [global Frob],sam-adam,adam,added,1.6,0.01,2.0750729340094973,2.0640488219437483,2.101331007532732,2.0839797995670017,0.0,0.009999999999997549,1000
sam-adam@global,SAM + AdamW [global Frob],sam-adam,adam,added,1.6,0.02,2.0751156541564137,2.064081054958679,2.1017785868529777,2.0841821870951076,0.0,0.01999999999999515,1000
sam-adam@global,SAM + AdamW [global Frob],sam-adam,adam,added,1.6,0.05,2.0751531291650345,2.0641906322110937,2.1016595495511905,2.084041156303647,0.0,0.0499999999999879,1000
sam-adam@global,SAM + AdamW [global Frob],sam-adam,adam,added,1.6,0.1,2.0751085733375345,2.065046672722702,2.1027818864641445,2.0845143296532918,0.0,0.0999999999999759,1000
sam-adam@global,SAM + AdamW [global Frob],sam-adam,adam,added,1.6,0.2,2.075437636032185,2.065796227838361,2.10156563940735,2.0844334421975703,0.0,0.19999999999995174,1000
sam-adam@global,SAM + AdamW [global Frob],sam-adam,adam,added,1.6,0.5,2.076654274429012,2.064891510797606,2.102465079550828,2.0851019061971634,0.0,0.49999999999987943,1000
sam-adam@global,SAM + AdamW [global Frob],sam-adam,adam,added,1.6,1.0,2.0799174359620354,2.0677004342807903,2.1059664533573184,2.0882089561094364,0.0,0.9999999999997589,1000
sam-adam@global,SAM + AdamW [global Frob],sam-adam,adam,added,2.0,0.01,1.9864644242122633,1.9723157695433493,1.99716197409839,1.9832061250979418,0.0,0.009999999999995901,1000
sam-adam@global,SAM + AdamW [global Frob],sam-adam,adam,added,2.0,0.02,1.985809440564954,1.972379843092912,1.995972265347546,1.982853997701745,0.0,0.01999999999999185,1000
sam-adam@global,SAM + AdamW [global Frob],sam-adam,adam,added,2.0,0.05,1.9860543001833124,1.9714559286642812,1.9971541463521916,1.982951237215529,0.0,0.0499999999999797,1000
sam-adam@global,SAM + AdamW [global Frob],sam-adam,adam,added,2.0,0.1,1.9858371405886428,1.9715401705479039,1.9976320347233059,1.982546562043373,0.0,0.0999999999999594,1000
sam-adam@global,SAM + AdamW [global Frob],sam-adam,adam,added,2.0,0.2,1.982738885271863,1.9697851534343327,1.9981566936887347,1.9814561294152053,0.0,0.1999999999999188,1000
sam-adam@global,SAM + AdamW [global Frob],sam-adam,adam,added,2.0,0.5,1.9837162413105003,1.9671221231608906,1.9970325515960754,1.9802040816626925,0.0,0.4999999999997966,1000
sam-adam@global,SAM + AdamW [global Frob],sam-adam,adam,added,2.0,1.0,1.987417765906656,1.9632712502400584,2.000829044361941,1.9823876723951992,0.0,0.9999999999995922,1000
sam-adam@global,SAM + AdamW [global Frob],sam-adam,adam,added,3.0,0.01,1.9495412609402387,1.938194907881834,1.9573276650926181,1.9483259054149444,0.0,0.00999999999999385,1000
sam-adam@global,SAM + AdamW [global Frob],sam-adam,adam,added,3.0,0.02,1.9498484414000388,1.9378624770083819,1.9572334088558196,1.9485193430479875,0.0,0.01999999999998775,1000
sam-adam@global,SAM + AdamW [global Frob],sam-adam,adam,added,3.0,0.05,1.9489581806807732,1.935769756176668,1.9552253654680363,1.946356845617562,0.0,0.049999999999969444,1000
sam-adam@global,SAM + AdamW [global Frob],sam-adam,adam,added,3.0,0.1,1.9456645750776111,1.9327802471391706,1.9580819228520243,1.9460264771930826,0.0,0.09999999999993885,1000
sam-adam@global,SAM + AdamW [global Frob],sam-adam,adam,added,3.0,0.2,1.9428995435727447,1.930251829568189,1.9528381677136375,1.9432709286721341,0.0,0.19999999999987764,1000
sam-adam@global,SAM + AdamW [global Frob],sam-adam,adam,added,3.0,0.5,1.9369947742355036,1.9307527668959361,1.9475468688789268,1.9392890293114,0.0,0.49999999999969436,1000
sam-adam@global,SAM + AdamW [global Frob],sam-adam,adam,added,3.0,1.0,1.9326787555022413,1.9297738701572762,1.9373208943431397,1.933816357867662,0.0,0.9999999999993858,1000
sam-adam@global,SAM + AdamW [global Frob],sam-adam,adam,added,inf,0.01,1.9485378666457742,1.9462415650637788,1.9581125580812748,1.952201674814547,0.0,0.0099999999999942,1000
sam-adam@global,SAM + AdamW [global Frob],sam-adam,adam,added,inf,0.02,1.9500086238364822,1.9460172776094944,1.9590595685032408,1.9525107264761692,0.0,0.019999999999988402,1000
sam-adam@global,SAM + AdamW [global Frob],sam-adam,adam,added,inf,0.05,1.9497213470599717,1.9457998456762073,1.9581246002217314,1.9513713992095887,0.0,0.04999999999997115,1000
sam-adam@global,SAM + AdamW [global Frob],sam-adam,adam,added,inf,0.1,1.9504853008729621,1.9419782059168653,1.9589683593971516,1.9515583239346097,0.0,0.09999999999994225,1000
sam-adam@global,SAM + AdamW [global Frob],sam-adam,adam,added,inf,0.2,1.9512178691236965,1.9435150930902583,1.9543386594994376,1.9499608142146254,0.0,0.19999999999988444,1000
sam-adam@global,SAM + AdamW [global Frob],sam-adam,adam,added,inf,0.5,1.9452395241487812,1.9411842426819677,1.9550126179422433,1.9483322498046691,0.0,0.4999999999997101,1000
sam-adam@global,SAM + AdamW [global Frob],sam-adam,adam,added,inf,1.0,1.945646412368093,1.939908251346664,1.9558462322517545,1.9489840685963555,0.0,0.9999999999994174,1000
sam-adam@per-layer,SAM + AdamW [per-layer Frob],sam-adam,adam,added,1.1,0.01,2.9277355257738926,2.889008395953309,2.973776227515907,2.9430841620250714,0.0,0.0141421356237296,1000
sam-adam@per-layer,SAM + AdamW [per-layer Frob],sam-adam,adam,added,1.1,0.02,2.9276861426534198,2.888967250046658,2.9737696586947044,2.9430921651945487,0.0,0.028284271247459247,1000
sam-adam@per-layer,SAM + AdamW [per-layer Frob],sam-adam,adam,added,1.1,0.05,2.9277740021996204,2.8889061033729697,2.9736685237506233,2.943067401977615,0.0,0.07071067811864815,1000
sam-adam@per-layer,SAM + AdamW [per-layer Frob],sam-adam,adam,added,1.1,0.1,2.927451667912491,2.888847877767083,2.9734537130012835,2.9428804662109123,0.0,0.14142135623729624,1000
sam-adam@per-layer,SAM + AdamW [per-layer Frob],sam-adam,adam,added,1.1,0.2,2.9272355685799685,2.88833066673313,2.9729798871755753,2.94238035868581,0.0,0.2828427124745926,1000
sam-adam@per-layer,SAM + AdamW [per-layer Frob],sam-adam,adam,added,1.1,0.5,2.9253692651942225,2.886935490477312,2.973191952102292,2.941286470581513,0.0,0.7071067811864813,1000
sam-adam@per-layer,SAM + AdamW [per-layer Frob],sam-adam,adam,added,1.1,1.0,2.923212862974542,2.8830234141147537,2.9729976824973807,2.93936706404193,0.0,1.4142135623729626,1000
sam-adam@per-layer,SAM + AdamW [per-layer Frob],sam-adam,adam,added,1.3,0.01,2.352924380492725,2.3193984730071233,2.3898409091714314,2.3589796512037147,0.0,0.014142135623727549,1000
sam-adam@per-layer,SAM + AdamW [per-layer Frob],sam-adam,adam,added,1.3,0.02,2.352763728031748,2.3193671806867515,2.3894853739793986,2.3589704666404376,0.0,0.028284271247455202,1000
sam-adam@per-layer,SAM + AdamW [per-layer Frob],sam-adam,adam,added,1.3,0.05,2.3527970869177475,2.3193881584975573,2.3901895888887372,2.359048824235452,0.0,0.07071067811863815,1000
sam-adam@per-layer,SAM + AdamW [per-layer Frob],sam-adam,adam,added,1.3,0.1,2.3530325216853987,2.3188993445655197,2.3902307239137395,2.3587850672229282,0.0,0.1414213562372763,1000
sam-adam@per-layer,SAM + AdamW [per-layer Frob],sam-adam,adam,added,1.3,0.2,2.352813535144662,2.319660055710165,2.3901851064898754,2.358976884277753,0.0,0.2828427124745526,1000
sam-adam@per-layer,SAM + AdamW [per-layer Frob],sam-adam,adam,added,1.3,0.5,2.352978814283356,2.319818614008191,2.3910282561276706,2.3593590151966026,0.0,0.7071067811863816,1000
sam-adam@per-layer,SAM + AdamW [per-layer Frob],sam-adam,adam,added,1.3,1.0,2.357045162538274,2.3227015000805165,2.392151635640174,2.36139607961059,0.0,1.4142135623727632,1000
sam-adam@per-layer,SAM + AdamW [per-layer Frob],sam-adam,adam,added,1.6,0.01,2.075165296374191,2.06359800250084,2.1015650539909374,2.0840785227128453,0.0,0.0141421356237258,1000
sam-adam@per-layer,SAM + AdamW [per-layer Frob],sam-adam,adam,added,1.6,0.02,2.0749780446308863,2.063921907955244,2.101761222417256,2.084112076205696,0.0,0.0282842712474516,1000
sam-adam@per-layer,SAM + AdamW [per-layer Frob],sam-adam,adam,added,1.6,0.05,2.0745514045546702,2.0646613151173536,2.1024625640668324,2.0843105776321558,0.0,0.07071067811862905,1000
sam-adam@per-layer,SAM + AdamW [per-layer Frob],sam-adam,adam,added,1.6,0.1,2.0749302414119786,2.0659392205290144,2.1016683423038076,2.0844655121112545,0.0,0.14142135623725816,1000
sam-adam@per-layer,SAM + AdamW [per-layer Frob],sam-adam,adam,added,1.6,0.2,2.0749695125894805,2.064586538188639,2.101683711858901,2.0843590192575476,0.0,0.28284271247451626,1000
sam-adam@per-layer,SAM + AdamW [per-layer Frob],sam-adam,adam,added,1.6,0.5,2.077810435238571,2.0658142809578424,2.1034828085469837,2.0857581344651064,0.0,0.7071067811862906,1000
sam-adam@per-layer,SAM + AdamW [per-layer Frob],sam-adam,adam,added,1.6,1.0,2.0890164704284953,2.076117293013213,2.1104719606999236,2.093505316139354,0.0,1.4142135623725813,1000
sam-adam@per-layer,SAM + AdamW [per-layer Frob],sam-adam,adam,added,2.0,0.01,1.9858845210801843,1.9720789974524873,1.9967255466947769,1.9829484448749564,0.0,0.0141421356237217,1000
sam-adam@per-layer,SAM + AdamW [per-layer Frob],sam-adam,adam,added,2.0,0.02,1.9863427294678664,1.9728664812188494,1.9988075947974195,1.9834076864981793,0.0,0.0282842712474434,1000
sam-adam@per-layer,SAM + AdamW [per-layer Frob],sam-adam,adam,added,2.0,0.05,1.987037888679134,1.9720587332286739,1.9976777718264538,1.982899788735241,0.0,0.07071067811860865,1000
sam-adam@per-layer,SAM + AdamW [per-layer Frob],sam-adam,adam,added,2.0,0.1,1.983418896562465,1.970836678822741,1.9975106110551624,1.9816489537904607,0.0,0.14142135623721724,1000
sam-adam@per-layer,SAM + AdamW [per-layer Frob],sam-adam,adam,added,2.0,0.2,1.9845319871444658,1.9673168231946605,1.9948532834218995,1.9799578333778352,0.0,0.2828427124744341,1000
sam-adam@per-layer,SAM + AdamW [per-layer Frob],sam-adam,adam,added,2.0,0.5,1.9822467871814937,1.9612177270867397,1.9991229342684493,1.979242556281898,0.0,0.707106781186083,1000
sam-adam@per-layer,SAM + AdamW [per-layer Frob],sam-adam,adam,added,2.0,1.0,1.991486996925543,1.9685881288799196,2.0068682082121048,1.988431532242854,0.0,1.4142135623721637,1000
sam-adam@per-layer,SAM + AdamW [per-layer Frob],sam-adam,adam,added,3.0,0.01,1.9505510953038545,1.937782148126015,1.9570608090065167,1.9487979885162103,0.0,0.01414213562371765,1000
sam-adam@per-layer,SAM + AdamW [per-layer Frob],sam-adam,adam,added,3.0,0.02,1.9483852457125863,1.9359532412448852,1.9544764119954838,1.947103802541305,0.0,0.028284271247435253,1000
sam-adam@per-layer,SAM + AdamW [per-layer Frob],sam-adam,adam,added,3.0,0.05,1.9468290452494337,1.9341625097674024,1.9543030298293131,1.9457654922835657,0.0,0.07071067811858825,1000
sam-adam@per-layer,SAM + AdamW [per-layer Frob],sam-adam,adam,added,3.0,0.1,1.9456466724660764,1.9327846605511867,1.9544503940664544,1.9447039447238286,0.0,0.14142135623717578,1000
sam-adam@per-layer,SAM + AdamW [per-layer Frob],sam-adam,adam,added,3.0,0.2,1.9379846265316725,1.9290833351779404,1.9461197695802284,1.9397875349562146,0.0,0.28284271247435167,1000
sam-adam@per-layer,SAM + AdamW [per-layer Frob],sam-adam,adam,added,3.0,0.5,1.9298139736326032,1.925561142568145,1.937439593685761,1.9315734244334828,0.0,0.7071067811858742,1000
sam-adam@per-layer,SAM + AdamW [per-layer Frob],sam-adam,adam,added,3.0,1.0,1.942654874023562,1.934197652592779,1.9447625304147242,1.9414373464435217,0.0,1.4142135623717373,1000
sam-adam@per-layer,SAM + AdamW [per-layer Frob],sam-adam,adam,added,inf,0.01,1.9489872913243103,1.9463752951140036,1.9587192142223087,1.9521484600199228,0.0,0.014142135623718449,1000
sam-adam@per-layer,SAM + AdamW [per-layer Frob],sam-adam,adam,added,inf,0.02,1.9497240981649582,1.9446482342098372,1.9578181846427165,1.9517955255397366,0.0,0.028284271247437,1000
sam-adam@per-layer,SAM + AdamW [per-layer Frob],sam-adam,adam,added,inf,0.05,1.948548609077579,1.9448773375283528,1.9574579211648169,1.9509111536400265,0.0,0.07071067811859244,1000
sam-adam@per-layer,SAM + AdamW [per-layer Frob],sam-adam,adam,added,inf,0.1,1.9495064681712169,1.945003227015889,1.9552099485138201,1.9499873085065174,0.0,0.14142135623718466,1000
sam-adam@per-layer,SAM + AdamW [per-layer Frob],sam-adam,adam,added,inf,0.2,1.9435841692317102,1.9431879955748228,1.9554039204491669,1.948449920721986,0.0,0.2828427124743683,1000
sam-adam@per-layer,SAM + AdamW [per-layer Frob],sam-adam,adam,added,inf,0.5,1.93890136923905,1.9359057988690545,1.9524836982560534,1.9441617259418167,0.0,0.7071067811859161,1000
sam-adam@per-layer,SAM + AdamW [per-layer Frob],sam-adam,adam,added,inf,1.0,1.9529127416271241,1.9501435089605312,1.9679396130210391,1.9575611000113118,0.0,1.4142135623718257,1000
sam-muon@global,SAM-Muon [global Frob],sam-muon,muon,atlas_opt,1.1,0.01,2.485746358223757,2.470830737586048,2.528922806244898,2.4957728120857885,0.0,0.00999999999999965,1000
sam-muon@global,SAM-Muon [global Frob],sam-muon,muon,atlas_opt,1.1,0.02,2.485745204210919,2.4713455044364387,2.529081981317887,2.495742658735942,0.0,0.01999999999999935,1000
sam-muon@global,SAM-Muon [global Frob],sam-muon,muon,atlas_opt,1.1,0.05,2.4857188780283055,2.4713695155430533,2.5300396628058976,2.4960896384489653,0.0,0.04999999999999845,1000
sam-muon@global,SAM-Muon [global Frob],sam-muon,muon,atlas_opt,1.1,0.1,2.4858426441773647,2.471307644632612,2.528987736066566,2.4951808530591135,0.0,0.09999999999999695,1000
sam-muon@global,SAM-Muon [global Frob],sam-muon,muon,atlas_opt,1.1,0.2,2.484472943112701,2.4698572213576377,2.5287615295100183,2.4939644530058764,0.0,0.1999999999999939,1000
sam-muon@global,SAM-Muon [global Frob],sam-muon,muon,atlas_opt,1.1,0.5,2.4830199966577204,2.468134609694739,2.5269856609524406,2.49191455673484,0.0,0.4999999999999849,1000
sam-muon@global,SAM-Muon [global Frob],sam-muon,muon,atlas_opt,1.1,1.0,2.47813564678971,2.465819223535249,2.5222923977150735,2.486754083422419,0.0,0.9999999999999694,1000
sam-muon@global,SAM-Muon [global Frob],sam-muon,muon,atlas_opt,1.3,0.01,2.303507653918521,2.2411537395128316,2.3414933428501348,2.299569455176091,0.0,0.0099999999999987,1000
sam-muon@global,SAM-Muon [global Frob],sam-muon,muon,atlas_opt,1.3,0.02,2.304094375568468,2.2363692455776496,2.344498071751846,2.299281297361736,0.0,0.0199999999999975,1000
sam-muon@global,SAM-Muon [global Frob],sam-muon,muon,atlas_opt,1.3,0.05,2.302801457508717,2.2394880503477825,2.342704153989539,2.2991595470523882,0.0,0.0499999999999938,1000
sam-muon@global,SAM-Muon [global Frob],sam-muon,muon,atlas_opt,1.3,0.1,2.2990016399723365,2.236110680244093,2.34126574864692,2.294709916002741,0.0,0.09999999999998765,1000
sam-muon@global,SAM-Muon [global Frob],sam-muon,muon,atlas_opt,1.3,0.2,2.296883431758823,2.232424764882784,2.336243085945342,2.291811133743387,0.0,0.19999999999997525,1000
sam-muon@global,SAM-Muon [global Frob],sam-muon,muon,atlas_opt,1.3,0.5,2.289665731684417,2.2227288852017253,2.3272082337925193,2.28299185473129,0.0,0.49999999999993816,1000
sam-muon@global,SAM-Muon [global Frob],sam-muon,muon,atlas_opt,1.3,1.0,2.270360986696886,2.214290601624824,2.3071231331401187,2.2696087125957956,0.0,0.9999999999998761,1000
sam-muon@global,SAM-Muon [global Frob],sam-muon,muon,atlas_opt,1.6,0.01,2.3564004719719858,2.312873233594586,2.4064501068812283,2.356052605073466,0.0,0.0099999999999975,1000
sam-muon@global,SAM-Muon [global Frob],sam-muon,muon,atlas_opt,1.6,0.02,2.3542884131414805,2.321638622546234,2.410909153500391,2.3587968673888837,0.0,0.01999999999999505,1000
sam-muon@global,SAM-Muon [global Frob],sam-muon,muon,atlas_opt,1.6,0.05,2.3585053786232018,2.305388188019342,2.4038585861412614,2.3558948449157544,0.0,0.049999999999987804,1000
sam-muon@global,SAM-Muon [global Frob],sam-muon,muon,atlas_opt,1.6,0.1,2.3526291573066116,2.311673484405426,2.391503552879539,2.351949779028394,0.0,0.09999999999997561,1000
sam-muon@global,SAM-Muon [global Frob],sam-muon,muon,atlas_opt,1.6,0.2,2.345707760794535,2.309870929245044,2.3852326637196697,2.346179227402507,0.0,0.19999999999995124,1000
sam-muon@global,SAM-Muon [global Frob],sam-muon,muon,atlas_opt,1.6,0.5,2.3135706474433944,2.276862643779244,2.342927929140906,2.3146358800076747,0.0,0.4999999999998783,1000
sam-muon@global,SAM-Muon [global Frob],sam-muon,muon,atlas_opt,1.6,1.0,2.253324228811951,2.2465499516356737,2.2963557033258786,2.273835676902966,0.0,0.9999999999997563,1000
sam-muon@global,SAM-Muon [global Frob],sam-muon,muon,atlas_opt,2.0,0.01,2.501028279276987,2.479345380729691,2.531365002649804,2.4945501272140094,0.0,0.0099999999999958,1000
sam-muon@global,SAM-Muon [global Frob],sam-muon,muon,atlas_opt,2.0,0.02,2.5132013182512436,2.4777318816638,2.5413124210091196,2.498885262713827,0.0,0.01999999999999155,1000
sam-muon@global,SAM-Muon [global Frob],sam-muon,muon,atlas_opt,2.0,0.05,2.5059455273370714,2.478159237906932,2.5247481613396925,2.4951584461723084,0.0,0.04999999999997905,1000
sam-muon@global,SAM-Muon [global Frob],sam-muon,muon,atlas_opt,2.0,0.1,2.4930815607246175,2.4548595713454553,2.520070927361898,2.4835012286652995,0.0,0.0999999999999581,1000
sam-muon@global,SAM-Muon [global Frob],sam-muon,muon,atlas_opt,2.0,0.2,2.466668861569654,2.4162612769828153,2.489655789624855,2.457360380906219,0.0,0.19999999999991624,1000
sam-muon@global,SAM-Muon [global Frob],sam-muon,muon,atlas_opt,2.0,0.5,2.401575328484595,2.3585731561590473,2.4441989238276913,2.4007451192139744,0.0,0.49999999999979006,1000
sam-muon@global,SAM-Muon [global Frob],sam-muon,muon,atlas_opt,2.0,1.0,2.302167370669805,2.2744122922704313,2.339868156896292,2.315519409925882,0.0,0.9999999999995812,1000
sam-muon@global,SAM-Muon [global Frob],sam-muon,muon,atlas_opt,3.0,0.01,2.7509232281498965,2.690341402291802,2.82770774474193,2.772883285440267,0.0,0.0099999999999932,1000
sam-muon@global,SAM-Muon [global Frob],sam-muon,muon,atlas_opt,3.0,0.02,2.748346273468102,2.6940973110662547,2.8268630660738583,2.7660386527815817,0.0,0.019999999999986452,1000
sam-muon@global,SAM-Muon [global Frob],sam-muon,muon,atlas_opt,3.0,0.05,2.7471402596033716,2.677873622586193,2.812296756809671,2.757030344163905,0.0,0.049999999999966196,1000
sam-muon@global,SAM-Muon [global Frob],sam-muon,muon,atlas_opt,3.0,0.1,2.7185070896387717,2.677790365750063,2.7768714124633265,2.73993097358758,0.0,0.09999999999993239,1000
sam-muon@global,SAM-Muon [global Frob],sam-muon,muon,atlas_opt,3.0,0.2,2.665920960941288,2.6346222287342167,2.7365791202801066,2.70312326966515,0.0,0.19999999999986479,1000
sam-muon@global,SAM-Muon [global Frob],sam-muon,muon,atlas_opt,3.0,0.5,2.6339529701142297,2.5850019808239475,2.6821554753842296,2.6431312873004615,0.0,0.4999999999996626,1000
sam-muon@global,SAM-Muon [global Frob],sam-muon,muon,atlas_opt,3.0,1.0,2.480456748311632,2.4326677572167195,2.5082826678989325,2.470912210984544,0.0,0.9999999999993288,1000
sam-muon@global,SAM-Muon [global Frob],sam-muon,muon,atlas_opt,inf,0.01,2.6888103106177854,2.6343998159450344,2.7226936905451815,2.6899814395493484,0.0,0.0099999999999937,1000
sam-muon@global,SAM-Muon [global Frob],sam-muon,muon,atlas_opt,inf,0.02,2.6826983504095354,2.629426497377083,2.721233001541942,2.685666457408264,0.0,0.0199999999999874,1000
sam-muon@global,SAM-Muon [global Frob],sam-muon,muon,atlas_opt,inf,0.05,2.694434311687009,2.6303798596016508,2.7157674430348293,2.685821904418293,0.0,0.04999999999996855,1000
sam-muon@global,SAM-Muon [global Frob],sam-muon,muon,atlas_opt,inf,0.1,2.6419253908011093,2.58206989928473,2.7017799777550975,2.6574865166399437,0.0,0.0999999999999372,1000
sam-muon@global,SAM-Muon [global Frob],sam-muon,muon,atlas_opt,inf,0.2,2.648320942644967,2.5849926333471767,2.692716345790704,2.655054686374233,0.0,0.19999999999987433,1000
sam-muon@global,SAM-Muon [global Frob],sam-muon,muon,atlas_opt,inf,0.5,2.5276549781766096,2.4927726141476794,2.6084242864028258,2.554938931730712,0.0,0.4999999999996865,1000
sam-muon@global,SAM-Muon [global Frob],sam-muon,muon,atlas_opt,inf,1.0,2.428179823611515,2.3875425111419912,2.4682154437787194,2.4237011479731074,0.0,0.9999999999993764,1000
sam-muon@per-layer,SAM-Muon [per-layer Frob],sam-muon,muon,atlas_opt,1.1,0.01,2.4845848290349237,2.4706740108561176,2.529478836075614,2.495458454382342,0.0,0.0141421356237296,1000
sam-muon@per-layer,SAM-Muon [per-layer Frob],sam-muon,muon,atlas_opt,1.1,0.02,2.485261818510761,2.4711114680912276,2.529022493287915,2.49528470596018,0.0,0.028284271247459247,1000
sam-muon@per-layer,SAM-Muon [per-layer Frob],sam-muon,muon,atlas_opt,1.1,0.05,2.485665364203561,2.471567902806266,2.529598282679407,2.4955147955717987,0.0,0.07071067811864809,1000
sam-muon@per-layer,SAM-Muon [per-layer Frob],sam-muon,muon,atlas_opt,1.1,0.1,2.485614625939869,2.4710111762620635,2.5280977052362577,2.494882971283517,0.0,0.1414213562372963,1000
sam-muon@per-layer,SAM-Muon [per-layer Frob],sam-muon,muon,atlas_opt,1.1,0.2,2.4828893224951414,2.4690201074286486,2.52697939894537,2.4930600112526884,0.0,0.2828427124745928,1000
sam-muon@per-layer,SAM-Muon [per-layer Frob],sam-muon,muon,atlas_opt,1.1,0.5,2.4788236822526737,2.4675858926453516,2.5232934371395705,2.4879610866362336,0.0,0.7071067811864816,1000
sam-muon@per-layer,SAM-Muon [per-layer Frob],sam-muon,muon,atlas_opt,1.1,1.0,2.4683390256090747,2.455841450747613,2.513838364560169,2.476610898631186,0.0,1.4142135623729635,1000
sam-muon@per-layer,SAM-Muon [per-layer Frob],sam-muon,muon,atlas_opt,1.3,0.01,2.304245150906118,2.2405501883331236,2.3442813051871654,2.300180971333085,0.0,0.014142135623727549,1000
sam-muon@per-layer,SAM-Muon [per-layer Frob],sam-muon,muon,atlas_opt,1.3,0.02,2.304051420242572,2.239238595535352,2.3443594584147367,2.2995293006867654,0.0,0.02828427124745525,1000
sam-muon@per-layer,SAM-Muon [per-layer Frob],sam-muon,muon,atlas_opt,1.3,0.05,2.3012471291397385,2.2365869386995203,2.3398154271903744,2.2964023362942267,0.0,0.07071067811863815,1000
sam-muon@per-layer,SAM-Muon [per-layer Frob],sam-muon,muon,atlas_opt,1.3,0.1,2.2974394097853166,2.2319729556988555,2.336737052044773,2.292185906200966,0.0,0.14142135623727636,1000
sam-muon@per-layer,SAM-Muon [per-layer Frob],sam-muon,muon,atlas_opt,1.3,0.2,2.2903754753518744,2.2282625651777166,2.334686875391392,2.2875441999065664,0.0,0.2828427124745527,1000
sam-muon@per-layer,SAM-Muon [per-layer Frob],sam-muon,muon,atlas_opt,1.3,0.5,2.2754675283947936,2.213460208274732,2.3093037219483237,2.2718154178654,0.0,0.7071067811863816,1000
sam-muon@per-layer,SAM-Muon [per-layer Frob],sam-muon,muon,atlas_opt,1.3,1.0,2.2420050899662964,2.202606384322463,2.2712106843379964,2.2440750350773193,0.0,1.4142135623727625,1000
sam-muon@per-layer,SAM-Muon [per-layer Frob],sam-muon,muon,atlas_opt,1.6,0.01,2.357940023525218,2.3136904922770136,2.4138545173341104,2.360203709461338,0.0,0.0141421356237257,1000
sam-muon@per-layer,SAM-Muon [per-layer Frob],sam-muon,muon,atlas_opt,1.6,0.02,2.355183778893843,2.321346916695196,2.4145920354100134,2.361504526028761,0.0,0.028284271247451448,1000
sam-muon@per-layer,SAM-Muon [per-layer Frob],sam-muon,muon,atlas_opt,1.6,0.05,2.3574247446266776,2.321604789236195,2.3977127260700115,2.3565652209116474,0.0,0.07071067811862874,1000
sam-muon@per-layer,SAM-Muon [per-layer Frob],sam-muon,muon,atlas_opt,1.6,0.1,2.3562246815957275,2.3046634807760618,2.3881651795434546,2.34834235174592,0.0,0.1414213562372575,1000
sam-muon@per-layer,SAM-Muon [per-layer Frob],sam-muon,muon,atlas_opt,1.6,0.2,2.331530751125358,2.2878023723714,2.3737027092216163,2.3333107666018518,0.0,0.2828427124745152,1000
sam-muon@per-layer,SAM-Muon [per-layer Frob],sam-muon,muon,atlas_opt,1.6,0.5,2.2750208166129635,2.254674796393286,2.319291441966632,2.288691585714031,0.0,0.7071067811862879,1000
sam-muon@per-layer,SAM-Muon [per-layer Frob],sam-muon,muon,atlas_opt,1.6,1.0,2.2010554121775647,2.1805630962055633,2.240674197397813,2.210638884148552,0.0,1.4142135623725758,1000
sam-muon@per-layer,SAM-Muon [per-layer Frob],sam-muon,muon,atlas_opt,2.0,0.01,2.5128607405804155,2.477529422239586,2.524176177195238,2.495837163210875,0.0,0.01414213562372125,1000
sam-muon@per-layer,SAM-Muon [per-layer Frob],sam-muon,muon,atlas_opt,2.0,0.02,2.5140171824101056,2.4644777674155334,2.5344976402117574,2.49769738489749,0.0,0.02828427124744265,1000
sam-muon@per-layer,SAM-Muon [per-layer Frob],sam-muon,muon,atlas_opt,2.0,0.05,2.5037329189903685,2.4633486618296168,2.5300199592437354,2.4891967623775075,0.0,0.0707106781186066,1000
sam-muon@per-layer,SAM-Muon [per-layer Frob],sam-muon,muon,atlas_opt,2.0,0.1,2.4692729145109955,2.4296388177365387,2.4953455381638054,2.460366388172474,0.0,0.1414213562372128,1000
sam-muon@per-layer,SAM-Muon [per-layer Frob],sam-muon,muon,atlas_opt,2.0,0.2,2.436156030971795,2.410261076713518,2.4589619968600984,2.4321384541265605,0.0,0.2828427124744255,1000
sam-muon@per-layer,SAM-Muon [per-layer Frob],sam-muon,muon,atlas_opt,2.0,0.5,2.359297600401434,2.329690520022133,2.3799382766528563,2.354157657362766,0.0,0.7071067811860614,1000
sam-muon@per-layer,SAM-Muon [per-layer Frob],sam-muon,muon,atlas_opt,2.0,1.0,2.199793744723301,2.177100556309022,2.2269465025160184,2.207869052875666,0.0,1.4142135623721241,1000
sam-muon@per-layer,SAM-Muon [per-layer Frob],sam-muon,muon,atlas_opt,3.0,0.01,2.7468233752917164,2.7037601066897268,2.8057481630561663,2.7682021128067817,0.0,0.0141421356237156,1000
sam-muon@per-layer,SAM-Muon [per-layer Frob],sam-muon,muon,atlas_opt,3.0,0.02,2.7405643444797887,2.679737599611323,2.8296514279823786,2.7639475761553927,0.0,0.02828427124743125,1000
sam-muon@per-layer,SAM-Muon [per-layer Frob],sam-muon,muon,atlas_opt,3.0,0.05,2.715451039905052,2.6879693792725514,2.7940738784629877,2.746812008844273,0.0,0.07071067811857826,1000
sam-muon@per-layer,SAM-Muon [per-layer Frob],sam-muon,muon,atlas_opt,3.0,0.1,2.6655398964374397,2.6548697611834164,2.738377498223022,2.704606333180079,0.0,0.14142135623715651,1000
sam-muon@per-layer,SAM-Muon [per-layer Frob],sam-muon,muon,atlas_opt,3.0,0.2,2.6454834191859335,2.616773432106023,2.718232153937767,2.678475911917972,0.0,0.28284271247431303,1000
sam-muon@per-layer,SAM-Muon [per-layer Frob],sam-muon,muon,atlas_opt,3.0,0.5,2.5394133374423844,2.524168436314678,2.564498966782293,2.539610135876736,0.0,0.7071067811857867,1000
sam-muon@per-layer,SAM-Muon [per-layer Frob],sam-muon,muon,atlas_opt,3.0,1.0,2.2803532860572435,2.256418811465652,2.29336337163984,2.2790827497875785,0.0,1.4142135623715997,1000
sam-muon@per-layer,SAM-Muon [per-layer Frob],sam-muon,muon,atlas_opt,inf,0.01,2.679136898506924,2.6284439968599043,2.7316308088005052,2.689427050435628,0.0,0.0141421356237168,1000
sam-muon@per-layer,SAM-Muon [per-layer Frob],sam-muon,muon,atlas_opt,inf,0.02,2.6940322214652284,2.6290738402668135,2.7286624722899,2.6929930736112606,0.0,0.0282842712474336,1000
sam-muon@per-layer,SAM-Muon [per-layer Frob],sam-muon,muon,atlas_opt,inf,0.05,2.6370317275938593,2.5910969277855664,2.720719244165572,2.662943170776181,0.0,0.0707106781185841,1000
sam-muon@per-layer,SAM-Muon [per-layer Frob],sam-muon,muon,atlas_opt,inf,0.1,2.6506218115885494,2.608604620283803,2.681779204292916,2.661766377887308,0.0,0.141421356237168,1000
sam-muon@per-layer,SAM-Muon [per-layer Frob],sam-muon,muon,atlas_opt,inf,0.2,2.5929664210756225,2.545638578182708,2.6389495653410866,2.605180484091917,0.0,0.2828427124743365,1000
sam-muon@per-layer,SAM-Muon [per-layer Frob],sam-muon,muon,atlas_opt,inf,0.5,2.476399916512408,2.4426392461546538,2.515525553406917,2.4832421181797653,0.0,0.7071067811858447,1000
sam-muon@per-layer,SAM-Muon [per-layer Frob],sam-muon,muon,atlas_opt,inf,1.0,2.269896040540833,2.17604411563647,2.311940532205043,2.2534938854946627,0.0,1.4142135623717107,1000
sam-sgd@global,SAM + SGD [global Frob],sam-sgd,sgd,both,1.1,0.01,528.8801875135662,497.29759341340286,550.9051115704251,520.8642374484663,0.0,0.0099999999999997,1000
sam-sgd@global,SAM + SGD [global Frob],sam-sgd,sgd,both,1.1,0.02,531.1970811488171,490.2568755479076,562.1101055297169,525.253070142307,0.0,0.01999999999999935,1000
sam-sgd@global,SAM + SGD [global Frob],sam-sgd,sgd,both,1.1,0.05,536.8567297347374,506.2749664651533,569.9718906706328,533.7619062730699,0.0,0.0499999999999986,1000
sam-sgd@global,SAM + SGD [global Frob],sam-sgd,sgd,both,1.1,0.1,519.5599043262077,494.0102777342481,541.3587675448389,525.7695464732163,0.0,0.09999999999999709,1000
sam-sgd@global,SAM + SGD [global Frob],sam-sgd,sgd,both,1.1,0.2,535.9035821925117,490.797698713556,547.2751484771286,527.6069750395945,0.0,0.19999999999999418,1000
sam-sgd@global,SAM + SGD [global Frob],sam-sgd,sgd,both,1.1,0.5,501.8799156214052,468.8465503049207,550.3359490218005,510.7850683416271,0.0,0.49999999999998546,1000
sam-sgd@global,SAM + SGD [global Frob],sam-sgd,sgd,both,1.1,1.0,486.5178958034454,468.11401444430305,530.1721032735311,497.0516096598626,0.0,0.9999999999999711,1000
sam-sgd@global,SAM + SGD [global Frob],sam-sgd,sgd,both,1.3,0.01,284.5351049999509,255.19528140116515,323.76744914913,282.5153491122632,0.0,0.009999999999998899,1000
sam-sgd@global,SAM + SGD [global Frob],sam-sgd,sgd,both,1.3,0.02,305.56768078658854,259.5929550116113,315.17853066898994,290.69385638383847,0.0,0.0199999999999979,1000
sam-sgd@global,SAM + SGD [global Frob],sam-sgd,sgd,both,1.3,0.05,287.54224311351163,253.10757838963258,322.27269016405097,281.35088154880015,0.0,0.049999999999995104,1000
sam-sgd@global,SAM + SGD [global Frob],sam-sgd,sgd,both,1.3,0.1,296.40251473600074,263.2748034564953,315.6716920791011,287.18134360763247,0.0,0.09999999999999029,1000
sam-sgd@global,SAM + SGD [global Frob],sam-sgd,sgd,both,1.3,0.2,288.55437437220803,265.47129572461256,303.2394529496052,284.07521705818374,0.0,0.19999999999997925,1000
sam-sgd@global,SAM + SGD [global Frob],sam-sgd,sgd,both,1.3,0.5,279.0488287320063,247.76529298359895,307.5766633414237,280.48588799690464,0.0,0.49999999999995204,1000
sam-sgd@global,SAM + SGD [global Frob],sam-sgd,sgd,both,1.3,1.0,277.7985721678325,237.0518214867584,285.5850448587702,263.04743691043774,0.0,0.999999999999897,1000
sam-sgd@global,SAM + SGD [global Frob],sam-sgd,sgd,both,1.6,0.01,54.0814649028751,52.94391230821289,61.804948792862504,57.020636752353965,0.0,0.0099999999999975,1000
sam-sgd@global,SAM + SGD [global Frob],sam-sgd,sgd,both,1.6,0.02,54.232641081029385,50.689443398342426,60.747679739350886,57.57355602893558,0.0,0.01999999999999505,1000
sam-sgd@global,SAM + SGD [global Frob],sam-sgd,sgd,both,1.6,0.05,52.792657303460665,49.47781755813572,60.181851697958464,57.91796509788122,0.0,0.04999999999998765,1000
sam-sgd@global,SAM + SGD [global Frob],sam-sgd,sgd,both,1.6,0.1,53.15221258821849,48.74108901641446,66.84848732901789,57.89310585616073,0.0,0.09999999999997536,1000
sam-sgd@global,SAM + SGD [global Frob],sam-sgd,sgd,both,1.6,0.2,51.077955563684554,48.63077803533737,59.541234089200294,54.42939456097251,0.0,0.19999999999995074,1000
sam-sgd@global,SAM + SGD [global Frob],sam-sgd,sgd,both,1.6,0.5,48.67452780675541,46.258916028270235,57.235931582664996,51.96391948253027,0.0,0.499999999999877,1000
sam-sgd@global,SAM + SGD [global Frob],sam-sgd,sgd,both,1.6,1.0,45.21825317307225,39.82403642957935,50.60694598429113,46.710074589215964,0.0,0.9999999999997558,1000
sam-sgd@global,SAM + SGD [global Frob],sam-sgd,sgd,both,2.0,0.01,10.832841558237401,10.303044930334757,11.469355496186093,11.170422342932492,0.0,0.009999999999995651,1000
sam-sgd@global,SAM + SGD [global Frob],sam-sgd,sgd,both,2.0,0.02,10.615246362962045,9.959725685394659,11.808626531588931,10.972195234778892,0.0,0.019999999999991448,1000
sam-sgd@global,SAM + SGD [global Frob],sam-sgd,sgd,both,2.0,0.05,10.836879558705913,10.44010442567015,12.22083282883803,11.530805975228933,0.0,0.049999999999978645,1000
sam-sgd@global,SAM + SGD [global Frob],sam-sgd,sgd,both,2.0,0.1,10.701133190861757,10.295478814471904,11.930784599891938,11.286332527859877,0.0,0.0999999999999572,1000
sam-sgd@global,SAM + SGD [global Frob],sam-sgd,sgd,both,2.0,0.2,10.656851514614598,10.170126665795895,11.044893949927198,10.914130889689705,0.0,0.1999999999999145,1000
sam-sgd@global,SAM + SGD [global Frob],sam-sgd,sgd,both,2.0,0.5,9.584092118363504,9.100001780361612,10.722361860551148,9.94904348435698,0.0,0.4999999999997863,1000
sam-sgd@global,SAM + SGD [global Frob],sam-sgd,sgd,both,2.0,1.0,8.01666487147108,7.834237325732474,8.566500641670633,8.245743496665995,0.0,0.9999999999995729,1000
sam-sgd@global,SAM + SGD [global Frob],sam-sgd,sgd,both,3.0,0.01,5.047580882167552,4.837085222744456,5.121479454994369,5.083979186838905,0.0,0.00999999999999315,1000
sam-sgd@global,SAM + SGD [global Frob],sam-sgd,sgd,both,3.0,0.02,5.045091458721653,4.695748949443103,5.18820558563713,5.074983635111247,0.0,0.019999999999986348,1000
sam-sgd@global,SAM + SGD [global Frob],sam-sgd,sgd,both,3.0,0.05,4.952936989128144,4.733919591620638,5.177632187037344,5.023383871189175,0.0,0.049999999999965905,1000
sam-sgd@global,SAM + SGD [global Frob],sam-sgd,sgd,both,3.0,0.1,5.0506481987828735,4.620048025151033,5.200091283288568,5.021335584617097,0.0,0.09999999999993185,1000
sam-sgd@global,SAM + SGD [global Frob],sam-sgd,sgd,both,3.0,0.2,4.993273576407347,4.690106284258382,5.144220633692691,4.969966515557513,0.0,0.19999999999986373,1000
sam-sgd@global,SAM + SGD [global Frob],sam-sgd,sgd,both,3.0,0.5,4.7376764876782405,4.652206889798804,4.922538354946016,4.757566067376462,0.0,0.4999999999996594,1000
sam-sgd@global,SAM + SGD [global Frob],sam-sgd,sgd,both,3.0,1.0,4.207801722603847,4.058572109601723,4.241498506458538,4.158363732548953,0.0,0.9999999999993191,1000
sam-sgd@global,SAM + SGD [global Frob],sam-sgd,sgd,both,inf,0.01,5.288435477502892,5.202233957369109,5.444971485262722,5.395805255752604,0.0,0.0099999999999936,1000
sam-sgd@global,SAM + SGD [global Frob],sam-sgd,sgd,both,inf,0.02,5.335938943091678,5.198274623091292,5.514146361963333,5.363834230066831,0.0,0.0199999999999872,1000
sam-sgd@global,SAM + SGD [global Frob],sam-sgd,sgd,both,inf,0.05,5.432744594453622,5.257932602857562,5.589240529494129,5.431193459627441,0.0,0.049999999999968,1000
sam-sgd@global,SAM + SGD [global Frob],sam-sgd,sgd,both,inf,0.1,5.263636838213628,5.208481554848573,5.399737770143606,5.2816808600108125,0.0,0.0999999999999361,1000
sam-sgd@global,SAM + SGD [global Frob],sam-sgd,sgd,both,inf,0.2,5.281579247808917,5.122789240650838,5.570475171833552,5.3345836051250455,0.0,0.19999999999987217,1000
sam-sgd@global,SAM + SGD [global Frob],sam-sgd,sgd,both,inf,0.5,5.041709661279658,4.941959055753794,5.171536765214999,5.041254627285835,0.0,0.49999999999968037,1000
sam-sgd@global,SAM + SGD [global Frob],sam-sgd,sgd,both,inf,1.0,4.284243152850454,4.200185340121504,4.341226527077982,4.274972477055542,0.0,0.9999999999993605,1000
sam-sgd@per-layer,SAM + SGD [per-layer Frob],sam-sgd,sgd,both,1.1,0.01,513.2623709082957,507.0335227385362,554.3332449987604,531.034473044535,0.0,0.014142135623730099,1000
sam-sgd@per-layer,SAM + SGD [per-layer Frob],sam-sgd,sgd,both,1.1,0.02,509.5906910422918,496.9155700924582,535.2372130678599,517.6114291005371,0.0,0.02828427124746,1000
sam-sgd@per-layer,SAM + SGD [per-layer Frob],sam-sgd,sgd,both,1.1,0.05,519.8811559894447,502.750177490134,541.0435067694639,523.0571422392577,0.0,0.07071067811865035,1000
sam-sgd@per-layer,SAM + SGD [per-layer Frob],sam-sgd,sgd,both,1.1,0.1,492.16676285022425,484.585128296912,553.1666898587456,516.4048257305602,0.0,0.14142135623730104,1000
sam-sgd@per-layer,SAM + SGD [per-layer Frob],sam-sgd,sgd,both,1.1,0.2,511.0216687238624,483.8558070749309,522.927193149941,506.82323085147164,0.0,0.2828427124746013,1000
sam-sgd@per-layer,SAM + SGD [per-layer Frob],sam-sgd,sgd,both,1.1,0.5,500.03778923657666,479.21716002200685,525.7976102188859,506.80932898737956,0.0,0.7071067811865005,1000
sam-sgd@per-layer,SAM + SGD [per-layer Frob],sam-sgd,sgd,both,1.1,1.0,494.4341252533602,450.24754520914473,547.3031968268718,499.70091228078303,0.0,1.4142135623730003,1000
sam-sgd@per-layer,SAM + SGD [per-layer Frob],sam-sgd,sgd,both,1.3,0.01,293.78860640513943,274.240465962547,311.2211092237354,289.0573465438386,0.0,0.0141421356237281,1000
sam-sgd@per-layer,SAM + SGD [per-layer Frob],sam-sgd,sgd,both,1.3,0.02,299.7775156119996,274.4804866222806,323.51530223566226,296.650215402931,0.0,0.02828427124745695,1000
sam-sgd@per-layer,SAM + SGD [per-layer Frob],sam-sgd,sgd,both,1.3,0.05,306.6197526683682,275.03455973445836,312.1074739577449,292.6562959114585,0.0,0.07071067811864046,1000
sam-sgd@per-layer,SAM + SGD [per-layer Frob],sam-sgd,sgd,both,1.3,0.1,270.5755596311236,245.3198237642677,285.5406394704137,272.57106452006457,0.0,0.14142135623728158,1000
sam-sgd@per-layer,SAM + SGD [per-layer Frob],sam-sgd,sgd,both,1.3,0.2,289.9349289964355,269.0132136730335,302.3958253512014,281.0871430370752,0.0,0.28284271247456183,1000
sam-sgd@per-layer,SAM + SGD [per-layer Frob],sam-sgd,sgd,both,1.3,0.5,285.6646028451345,257.18871378571316,303.16792075401946,277.3505290846678,0.0,0.7071067811864055,1000
sam-sgd@per-layer,SAM + SGD [per-layer Frob],sam-sgd,sgd,both,1.3,1.0,259.63353455478523,235.68083588468596,277.5808238828687,251.39362179997096,0.0,1.4142135623728291,1000
sam-sgd@per-layer,SAM + SGD [per-layer Frob],sam-sgd,sgd,both,1.6,0.01,55.65713375376768,52.09365272662666,61.52285542931633,58.151275881079385,0.0,0.014142135623725651,1000
sam-sgd@per-layer,SAM + SGD [per-layer Frob],sam-sgd,sgd,both,1.6,0.02,55.57404175853152,48.2221413606481,64.54645891886352,57.305891111876136,0.0,0.028284271247451448,1000
sam-sgd@per-layer,SAM + SGD [per-layer Frob],sam-sgd,sgd,both,1.6,0.05,55.11505285669311,49.11522726615867,61.68425044310399,57.44421547604462,0.0,0.0707106781186284,1000
sam-sgd@per-layer,SAM + SGD [per-layer Frob],sam-sgd,sgd,both,1.6,0.1,55.22778380445294,52.67840413792567,61.013860017864985,58.15081728810525,0.0,0.14142135623725688,1000
sam-sgd@per-layer,SAM + SGD [per-layer Frob],sam-sgd,sgd,both,1.6,0.2,50.152228366308535,47.37415223220154,60.108850962818536,56.33987136558004,0.0,0.28284271247451376,1000
sam-sgd@per-layer,SAM + SGD [per-layer Frob],sam-sgd,sgd,both,1.6,0.5,46.532795627229305,41.65618128405946,52.83577474295315,49.34927000923277,0.0,0.7071067811862853,1000
sam-sgd@per-layer,SAM + SGD [per-layer Frob],sam-sgd,sgd,both,1.6,1.0,39.95899865123492,37.989111112333,48.70616138330406,42.31458650215847,0.0,1.4142135623725718,1000
sam-sgd@per-layer,SAM + SGD [per-layer Frob],sam-sgd,sgd,both,2.0,0.01,11.071484231763574,10.049710406767316,11.884959193832152,11.214592545545734,0.0,0.014142135623720901,1000
sam-sgd@per-layer,SAM + SGD [per-layer Frob],sam-sgd,sgd,both,2.0,0.02,10.845070564569529,10.599228677513095,11.334147425308462,11.28177757159297,0.0,0.028284271247441803,1000
sam-sgd@per-layer,SAM + SGD [per-layer Frob],sam-sgd,sgd,both,2.0,0.05,10.604864274509282,10.127150035878865,11.954607097290351,11.441231364652708,0.0,0.0707106781186046,1000
sam-sgd@per-layer,SAM + SGD [per-layer Frob],sam-sgd,sgd,both,2.0,0.1,11.17955301417329,10.449948134157266,11.614662938923157,11.075631382385929,0.0,0.1414213562372092,1000
sam-sgd@per-layer,SAM + SGD [per-layer Frob],sam-sgd,sgd,both,2.0,0.2,10.172454111654531,9.538894440708685,11.027139784798365,10.36767720146367,0.0,0.2828427124744187,1000
sam-sgd@per-layer,SAM + SGD [per-layer Frob],sam-sgd,sgd,both,2.0,0.5,8.628364243403645,7.936232053455411,9.055417409061276,8.679479793159413,0.0,0.7071067811860461,1000
sam-sgd@per-layer,SAM + SGD [per-layer Frob],sam-sgd,sgd,both,2.0,1.0,6.276953462960062,5.877871731414517,6.740661031637151,6.4408384686788835,0.0,1.4142135623720946,1000
sam-sgd@per-layer,SAM + SGD [per-layer Frob],sam-sgd,sgd,both,3.0,0.01,4.950146570861766,4.8358574609899065,5.111843256625107,5.016610812866809,0.0,0.014142135623715399,1000
sam-sgd@per-layer,SAM + SGD [per-layer Frob],sam-sgd,sgd,both,3.0,0.02,5.076054170657695,4.873898238403427,5.210354959104638,5.083911528265039,0.0,0.02828427124743085,1000
sam-sgd@per-layer,SAM + SGD [per-layer Frob],sam-sgd,sgd,both,3.0,0.05,4.832486938637255,4.745326563356834,5.091941638181659,4.9650473947465175,0.0,0.0707106781185773,1000
sam-sgd@per-layer,SAM + SGD [per-layer Frob],sam-sgd,sgd,both,3.0,0.1,4.9756019219249445,4.865827930756213,5.14232524159655,5.053037596141116,0.0,0.1414213562371544,1000
sam-sgd@per-layer,SAM + SGD [per-layer Frob],sam-sgd,sgd,both,3.0,0.2,4.872708542838264,4.751551650620347,5.015480745099917,4.894891558403022,0.0,0.28284271247430853,1000
sam-sgd@per-layer,SAM + SGD [per-layer Frob],sam-sgd,sgd,both,3.0,0.5,4.512313536233982,4.2139053565567535,4.557729687956587,4.393024903872805,0.0,0.7071067811857715,1000
sam-sgd@per-layer,SAM + SGD [per-layer Frob],sam-sgd,sgd,both,3.0,1.0,3.529119291966478,3.460708766555785,3.6718173230222586,3.5518853323535238,0.0,1.414213562371546,1000
sam-sgd@per-layer,SAM + SGD [per-layer Frob],sam-sgd,sgd,both,inf,0.01,5.329786075972999,5.191123790649048,5.4971999715555935,5.390214405878471,0.0,0.0141421356237164,1000
sam-sgd@per-layer,SAM + SGD [per-layer Frob],sam-sgd,sgd,both,inf,0.02,5.262839291399703,5.169286517669774,5.528841050449836,5.385016861989432,0.0,0.02828427124743295,1000
sam-sgd@per-layer,SAM + SGD [per-layer Frob],sam-sgd,sgd,both,inf,0.05,5.411560231586559,5.190953348004268,5.56080522923607,5.384387727106912,0.0,0.0707106781185824,1000
sam-sgd@per-layer,SAM + SGD [per-layer Frob],sam-sgd,sgd,both,inf,0.1,5.332041103701166,5.235056868462959,5.506635722461523,5.402588087561544,0.0,0.1414213562371648,1000
sam-sgd@per-layer,SAM + SGD [per-layer Frob],sam-sgd,sgd,both,inf,0.2,5.281736645362374,5.047000902115286,5.411972710333079,5.2414098609097675,0.0,0.28284271247432946,1000
sam-sgd@per-layer,SAM + SGD [per-layer Frob],sam-sgd,sgd,both,inf,0.5,4.657114062654768,4.580175316683968,4.730506482019538,4.67462627090435,0.0,0.7071067811858238,1000
sam-sgd@per-layer,SAM + SGD [per-layer Frob],sam-sgd,sgd,both,inf,1.0,3.6780246467842295,3.631145236930516,3.806832385313425,3.6971160992903593,0.0,1.4142135623716494,1000
sgd,SGD,sgd,sgd,both,1.1,,523.0772822698177,492.2057948708731,540.216272072098,520.0678329414347,0.0,0.0,500
sgd,SGD,sgd,sgd,both,1.3,,313.16699060871554,278.97594300495405,325.24760954322767,297.3531082195741,0.0,0.0,500
sgd,SGD,sgd,sgd,both,1.6,,55.07877643766977,46.77729802236013,61.62429139666401,56.16980316410584,0.0,0.0,500
sgd,SGD,sgd,sgd,both,2.0,,10.711261051421658,10.23292644004926,11.895024926036825,11.391280352225845,0.0,0.0,500
sgd,SGD,sgd,sgd,both,3.0,,5.040793465379281,4.89235564923456,5.142749396936539,5.073910221311939,0.0,0.0,500
sgd,SGD,sgd,sgd,both,inf,,5.245421110837674,5.109327932956053,5.406249865292705,5.292021732363175,0.0,0.0,500
stale-friendly-sam-muon@global,Stale Friendly SAM-Muon [global Frob],stale-friendly-sam-muon,muon,added,1.1,0.01,2.485107325424621,2.4706389203331915,2.528943353223773,2.495639848112784,0.0,0.00999999999999965,501
stale-friendly-sam-muon@global,Stale Friendly SAM-Muon [global Frob],stale-friendly-sam-muon,muon,added,1.1,0.02,2.4861019568255442,2.471035234078235,2.529545031420022,2.496221464804603,0.0,0.0199999999999993,501
stale-friendly-sam-muon@global,Stale Friendly SAM-Muon [global Frob],stale-friendly-sam-muon,muon,added,1.1,0.05,2.486018702749762,2.4705188458214153,2.5292075399534326,2.4958297802558453,0.0,0.04999999999999845,501
stale-friendly-sam-muon@global,Stale Friendly SAM-Muon [global Frob],stale-friendly-sam-muon,muon,added,1.1,0.1,2.4852393649052997,2.4696483116829455,2.5291494213415966,2.495340756267283,0.0,0.0999999999999969,501
stale-friendly-sam-muon@global,Stale Friendly SAM-Muon [global Frob],stale-friendly-sam-muon,muon,added,1.1,0.2,2.485601670955968,2.4692152827238787,2.529757136841674,2.495028290027005,0.0,0.19999999999999385,501
stale-friendly-sam-muon@global,Stale Friendly SAM-Muon [global Frob],stale-friendly-sam-muon,muon,added,1.1,0.5,2.484711571770589,2.4669916650524426,2.529351532329432,2.493590566624854,0.0,0.49999999999998446,501
stale-friendly-sam-muon@global,Stale Friendly SAM-Muon [global Frob],stale-friendly-sam-muon,muon,added,1.1,1.0,2.4830328891968216,2.4631672542467635,2.5295863663362685,2.4905344417984496,0.0,0.9999999999999694,501
stale-friendly-sam-muon@global,Stale Friendly SAM-Muon [global Frob],stale-friendly-sam-muon,muon,added,1.3,0.01,2.3049991779082006,2.2412730455841756,2.344490934652389,2.3003504854231887,0.0,0.0099999999999991,501
stale-friendly-sam-muon@global,Stale Friendly SAM-Muon [global Frob],stale-friendly-sam-muon,muon,added,1.3,0.02,2.3047294597798658,2.240964078585851,2.3408335240600016,2.2995530245048923,0.0,0.0199999999999982,501
stale-friendly-sam-muon@global,Stale Friendly SAM-Muon [global Frob],stale-friendly-sam-muon,muon,added,1.3,0.05,2.3046795209457107,2.242768509126847,2.3445545429558106,2.3002876007124664,0.0,0.0499999999999955,501
stale-friendly-sam-muon@global,Stale Friendly SAM-Muon [global Frob],stale-friendly-sam-muon,muon,added,1.3,0.1,2.3039698290605135,2.2414715630873525,2.3411099056465394,2.2988550852434457,0.0,0.0999999999999911,501
stale-friendly-sam-muon@global,Stale Friendly SAM-Muon [global Frob],stale-friendly-sam-muon,muon,added,1.3,0.2,2.3026666398773807,2.236885158797697,2.346432725967003,2.2977466771261916,0.0,0.1999999999999823,501
stale-friendly-sam-muon@global,Stale Friendly SAM-Muon [global Frob],stale-friendly-sam-muon,muon,added,1.3,0.5,2.3000214920666675,2.2349440147157518,2.344259653331555,2.295890484060454,0.0,0.4999999999999555,501
stale-friendly-sam-muon@global,Stale Friendly SAM-Muon [global Frob],stale-friendly-sam-muon,muon,added,1.3,1.0,2.294474259684227,2.228601685150567,2.3413558190171577,2.291164196131582,0.0,0.9999999999999114,501
stale-friendly-sam-muon@global,Stale Friendly SAM-Muon [global Frob],stale-friendly-sam-muon,muon,added,1.6,0.01,2.354216976752234,2.322888535167233,2.410268901753009,2.359069292865696,0.0,0.0099999999999977,501
stale-friendly-sam-muon@global,Stale Friendly SAM-Muon [global Frob],stale-friendly-sam-muon,muon,added,1.6,0.02,2.3552038491466165,2.318108242398001,2.405442184320383,2.3577247177756773,0.0,0.0199999999999954,501
stale-friendly-sam-muon@global,Stale Friendly SAM-Muon [global Frob],stale-friendly-sam-muon,muon,added,1.6,0.05,2.356130508439704,2.3156554739065376,2.4045563136728,2.3579360029651126,0.0,0.049999999999988554,501
stale-friendly-sam-muon@global,Stale Friendly SAM-Muon [global Frob],stale-friendly-sam-muon,muon,added,1.6,0.1,2.3549588605705942,2.316038460523958,2.405862487816988,2.3565420359015494,0.0,0.09999999999997715,501
stale-friendly-sam-muon@global,Stale Friendly SAM-Muon [global Frob],stale-friendly-sam-muon,muon,added,1.6,0.2,2.3600743210319637,2.3148617760167887,2.407071283831182,2.355674136028488,0.0,0.19999999999995444,501
stale-friendly-sam-muon@global,Stale Friendly SAM-Muon [global Frob],stale-friendly-sam-muon,muon,added,1.6,0.5,2.3595106652784024,2.3144925354055035,2.3927171407926426,2.356968758635179,0.0,0.49999999999988587,501
stale-friendly-sam-muon@global,Stale Friendly SAM-Muon [global Frob],stale-friendly-sam-muon,muon,added,1.6,1.0,2.3437602768510493,2.328011972665017,2.3757135862763263,2.3523781691353545,0.0,0.9999999999997723,501
stale-friendly-sam-muon@global,Stale Friendly SAM-Muon [global Frob],stale-friendly-sam-muon,muon,added,2.0,0.01,2.5101396327193637,2.4826029849713613,2.5294924248525867,2.496780389720456,0.0,0.009999999999995051,501
stale-friendly-sam-muon@global,Stale Friendly SAM-Muon [global Frob],stale-friendly-sam-muon,muon,added,2.0,0.02,2.5161118384709837,2.4852875393845526,2.5272716887793356,2.4970147875214477,0.0,0.01999999999999015,501
stale-friendly-sam-muon@global,Stale Friendly SAM-Muon [global Frob],stale-friendly-sam-muon,muon,added,2.0,0.05,2.5033270234206038,2.4745643249785174,2.5236496039276206,2.4924954137370765,0.0,0.049999999999975495,501
stale-friendly-sam-muon@global,Stale Friendly SAM-Muon [global Frob],stale-friendly-sam-muon,muon,added,2.0,0.1,2.506948103562972,2.480475233877286,2.53105133187736,2.4952613487686888,0.0,0.09999999999995104,501
stale-friendly-sam-muon@global,Stale Friendly SAM-Muon [global Frob],stale-friendly-sam-muon,muon,added,2.0,0.2,2.503688149553331,2.4623838055148006,2.5357142342707246,2.492538951606164,0.0,0.19999999999990214,501
stale-friendly-sam-muon@global,Stale Friendly SAM-Muon [global Frob],stale-friendly-sam-muon,muon,added,2.0,0.5,2.481675222723066,2.43980670519034,2.5118940919851216,2.471259083930585,0.0,0.4999999999997554,501
stale-friendly-sam-muon@global,Stale Friendly SAM-Muon [global Frob],stale-friendly-sam-muon,muon,added,2.0,1.0,2.4500561019475207,2.4035978108207634,2.4808973809050063,2.4375871738026045,0.0,0.9999999999995166,501
stale-friendly-sam-muon@global,Stale Friendly SAM-Muon [global Frob],stale-friendly-sam-muon,muon,added,3.0,0.01,2.7626587391998756,2.6938404477216187,2.824511424140371,2.7731871838383224,0.0,0.009999999999992699,501
stale-friendly-sam-muon@global,Stale Friendly SAM-Muon [global Frob],stale-friendly-sam-muon,muon,added,3.0,0.02,2.7599559394895223,2.6877758860904346,2.8267474835941293,2.7747494433146205,0.0,0.01999999999998545,501
stale-friendly-sam-muon@global,Stale Friendly SAM-Muon [global Frob],stale-friendly-sam-muon,muon,added,3.0,0.05,2.752365910272574,2.6739973943518356,2.8238052918714636,2.768728063773617,0.0,0.0499999999999637,501
stale-friendly-sam-muon@global,Stale Friendly SAM-Muon [global Frob],stale-friendly-sam-muon,muon,added,3.0,0.1,2.7398456675411644,2.6946122163394346,2.8264658318758666,2.7673527494652963,0.0,0.0999999999999274,501
stale-friendly-sam-muon@global,Stale Friendly SAM-Muon [global Frob],stale-friendly-sam-muon,muon,added,3.0,0.2,2.7463551735208425,2.700229893323767,2.7975447391465695,2.763279890579787,0.0,0.19999999999985496,501
stale-friendly-sam-muon@global,Stale Friendly SAM-Muon [global Frob],stale-friendly-sam-muon,muon,added,3.0,0.5,2.69757591407504,2.6787257951036736,2.758853120350315,2.7254619252759964,0.0,0.499999999999638,501
stale-friendly-sam-muon@global,Stale Friendly SAM-Muon [global Frob],stale-friendly-sam-muon,muon,added,3.0,1.0,2.6218839026710237,2.5499810333709956,2.6648191558830256,2.6150533966938316,0.0,0.9999999999992921,501
stale-friendly-sam-muon@global,Stale Friendly SAM-Muon [global Frob],stale-friendly-sam-muon,muon,added,inf,0.01,2.690930722750527,2.6344802876888003,2.7338637038741456,2.691630498076168,0.0,0.00999999999999325,501
stale-friendly-sam-muon@global,Stale Friendly SAM-Muon [global Frob],stale-friendly-sam-muon,muon,added,inf,0.02,2.680157735863805,2.640413197213963,2.739588401195237,2.6945709387391883,0.0,0.01999999999998655,501
stale-friendly-sam-muon@global,Stale Friendly SAM-Muon [global Frob],stale-friendly-sam-muon,muon,added,inf,0.05,2.6968068239992946,2.6199722965380148,2.73866647717338,2.6961019266556683,0.0,0.049999999999966405,501
stale-friendly-sam-muon@global,Stale Friendly SAM-Muon [global Frob],stale-friendly-sam-muon,muon,added,inf,0.1,2.7042073583625967,2.6350609016935485,2.7288174203091966,2.6986867513509263,0.0,0.09999999999993285,501
stale-friendly-sam-muon@global,Stale Friendly SAM-Muon [global Frob],stale-friendly-sam-muon,muon,added,inf,0.2,2.6849664347875764,2.6517994365301805,2.748580512517614,2.698022557654123,0.0,0.19999999999986579,501
stale-friendly-sam-muon@global,Stale Friendly SAM-Muon [global Frob],stale-friendly-sam-muon,muon,added,inf,0.5,2.659387336173413,2.609829164302362,2.7398975303042885,2.6772259310772557,0.0,0.49999999999966493,501
stale-friendly-sam-muon@global,Stale Friendly SAM-Muon [global Frob],stale-friendly-sam-muon,muon,added,inf,1.0,2.583047094986542,2.531935136588568,2.648643175233704,2.586111658093772,0.0,0.9999999999993341,501
stale-friendly-sam-muon@per-layer,Stale Friendly SAM-Muon [per-layer Frob],stale-friendly-sam-muon,muon,added,1.1,0.01,2.4859564601261797,2.4713982432581507,2.5296053919023804,2.4960121900587398,0.0,0.01414213562373005,501
stale-friendly-sam-muon@per-layer,Stale Friendly SAM-Muon [per-layer Frob],stale-friendly-sam-muon,muon,added,1.1,0.02,2.485860730157465,2.4714597646185945,2.5300055249531055,2.4961711097436385,0.0,0.02828427124746015,501
stale-friendly-sam-muon@per-layer,Stale Friendly SAM-Muon [per-layer Frob],stale-friendly-sam-muon,muon,added,1.1,0.05,2.486007522112545,2.4720585816454386,2.5298025921701908,2.4961019864708955,0.0,0.0707106781186504,501
stale-friendly-sam-muon@per-layer,Stale Friendly SAM-Muon [per-layer Frob],stale-friendly-sam-muon,muon,added,1.1,0.1,2.4853793122754455,2.470409959923077,2.5301849127653866,2.4955436816161254,0.0,0.14142135623730084,501
stale-friendly-sam-muon@per-layer,Stale Friendly SAM-Muon [per-layer Frob],stale-friendly-sam-muon,muon,added,1.1,0.2,2.485166491279193,2.4702533546264465,2.529258642154926,2.4948815863766383,0.0,0.28284271247460174,501
stale-friendly-sam-muon@per-layer,Stale Friendly SAM-Muon [per-layer Frob],stale-friendly-sam-muon,muon,added,1.1,0.5,2.483006715410399,2.4674354173321063,2.5295134694905586,2.4931933331319014,0.0,0.7071067811865045,501
stale-friendly-sam-muon@per-layer,Stale Friendly SAM-Muon [per-layer Frob],stale-friendly-sam-muon,muon,added,1.1,1.0,2.478783448445956,2.454210361515045,2.5265939780951796,2.485612603082293,0.0,1.4142135623730088,501
stale-friendly-sam-muon@per-layer,Stale Friendly SAM-Muon [per-layer Frob],stale-friendly-sam-muon,muon,added,1.3,0.01,2.304450016110904,2.242960181997813,2.344458824772429,2.3010246967752046,0.0,0.014142135623728649,501
stale-friendly-sam-muon@per-layer,Stale Friendly SAM-Muon [per-layer Frob],stale-friendly-sam-muon,muon,added,1.3,0.02,2.3042400039148268,2.241582057255922,2.3419836677855073,2.2995561694609883,0.0,0.0282842712474574,501
stale-friendly-sam-muon@per-layer,Stale Friendly SAM-Muon [per-layer Frob],stale-friendly-sam-muon,muon,added,1.3,0.05,2.304131049250775,2.242071199236332,2.3444417201190797,2.2986656207166316,0.0,0.0707106781186436,501
stale-friendly-sam-muon@per-layer,Stale Friendly SAM-Muon [per-layer Frob],stale-friendly-sam-muon,muon,added,1.3,0.1,2.3018038612770697,2.2364881594873594,2.3453375117016537,2.297197794989284,0.0,0.1414213562372873,501
stale-friendly-sam-muon@per-layer,Stale Friendly SAM-Muon [per-layer Frob],stale-friendly-sam-muon,muon,added,1.3,0.2,2.3026232562125233,2.2346391108728145,2.345646659896517,2.2973103848528407,0.0,0.2828427124745747,501
stale-friendly-sam-muon@per-layer,Stale Friendly SAM-Muon [per-layer Frob],stale-friendly-sam-muon,muon,added,1.3,0.5,2.2984764341693644,2.2297369087247505,2.3461505149707302,2.2954050725590847,0.0,0.7071067811864366,501
stale-friendly-sam-muon@per-layer,Stale Friendly SAM-Muon [per-layer Frob],stale-friendly-sam-muon,muon,added,1.3,1.0,2.284476114785635,2.227796430879947,2.334816894139099,2.2884331838530034,0.0,1.414213562372873,501
stale-friendly-sam-muon@per-layer,Stale Friendly SAM-Muon [per-layer Frob],stale-friendly-sam-muon,muon,added,1.6,0.01,2.3541095082654637,2.316222382134951,2.410247569227457,2.357135090419768,0.0,0.014142135623726,501
stale-friendly-sam-muon@per-layer,Stale Friendly SAM-Muon [per-layer Frob],stale-friendly-sam-muon,muon,added,1.6,0.02,2.3558137072489513,2.321039931799907,2.4107407533312903,2.3601423391098217,0.0,0.02828427124745205,501
stale-friendly-sam-muon@per-layer,Stale Friendly SAM-Muon [per-layer Frob],stale-friendly-sam-muon,muon,added,1.6,0.05,2.354332957162466,2.3232539519535607,2.403228687502714,2.3565782081539055,0.0,0.07071067811863019,501
stale-friendly-sam-muon@per-layer,Stale Friendly SAM-Muon [per-layer Frob],stale-friendly-sam-muon,muon,added,1.6,0.1,2.3566122949898336,2.3179757686471025,2.4029001794094875,2.3570120126860816,0.0,0.14142135623726043,501
stale-friendly-sam-muon@per-layer,Stale Friendly SAM-Muon [per-layer Frob],stale-friendly-sam-muon,muon,added,1.6,0.2,2.3668753257923596,2.31560681152485,2.399420663945197,2.3608188342418943,0.0,0.282842712474521,501
stale-friendly-sam-muon@per-layer,Stale Friendly SAM-Muon [per-layer Frob],stale-friendly-sam-muon,muon,added,1.6,0.5,2.3547659583288745,2.3348882609375226,2.38874243876703,2.3590168369093347,0.0,0.7071067811863022,501
stale-friendly-sam-muon@per-layer,Stale Friendly SAM-Muon [per-layer Frob],stale-friendly-sam-muon,muon,added,1.6,1.0,2.3261721335629035,2.3127809800325108,2.358058924169668,2.333445665544783,0.0,1.4142135623726066,501
stale-friendly-sam-muon@per-layer,Stale Friendly SAM-Muon [per-layer Frob],stale-friendly-sam-muon,muon,added,2.0,0.01,2.5106308107213087,2.480038981766736,2.52010675266537,2.4942945031267056,0.0,0.01414213562372035,501
stale-friendly-sam-muon@per-layer,Stale Friendly SAM-Muon [per-layer Frob],stale-friendly-sam-muon,muon,added,2.0,0.02,2.5139598379960795,2.4761891584576987,2.540976069935999,2.499019173696805,0.0,0.028284271247440852,501
stale-friendly-sam-muon@per-layer,Stale Friendly SAM-Muon [per-layer Frob],stale-friendly-sam-muon,muon,added,2.0,0.05,2.503824475779354,2.474506622087228,2.52991180606206,2.493491441330173,0.0,0.0707106781186023,501
stale-friendly-sam-muon@per-layer,Stale Friendly SAM-Muon [per-layer Frob],stale-friendly-sam-muon,muon,added,2.0,0.1,2.5049510484346187,2.470391624566943,2.5293848949443123,2.4956375126815695,0.0,0.14142135623720445,501
stale-friendly-sam-muon@per-layer,Stale Friendly SAM-Muon [per-layer Frob],stale-friendly-sam-muon,muon,added,2.0,0.2,2.500876735125043,2.458075025203057,2.518353074101381,2.4831787226663615,0.0,0.2828427124744092,501
stale-friendly-sam-muon@per-layer,Stale Friendly SAM-Muon [per-layer Frob],stale-friendly-sam-muon,muon,added,2.0,0.5,2.466070011635167,2.4258971985841904,2.499255118573817,2.4542293839911986,0.0,0.7071067811860228,501
stale-friendly-sam-muon@per-layer,Stale Friendly SAM-Muon [per-layer Frob],stale-friendly-sam-muon,muon,added,2.0,1.0,2.3844840744454574,2.355111453811016,2.4257241069480653,2.3882886824191707,0.0,1.4142135623720633,501
stale-friendly-sam-muon@per-layer,Stale Friendly SAM-Muon [per-layer Frob],stale-friendly-sam-muon,muon,added,3.0,0.01,2.7528932922916116,2.6911666802907455,2.8278704121559968,2.773591642691218,0.0,0.01414213562371405,501
stale-friendly-sam-muon@per-layer,Stale Friendly SAM-Muon [per-layer Frob],stale-friendly-sam-muon,muon,added,3.0,0.02,2.75177825462672,2.68037748033939,2.8228750579953994,2.767141282838897,0.0,0.0282842712474282,501
stale-friendly-sam-muon@per-layer,Stale Friendly SAM-Muon [per-layer Frob],stale-friendly-sam-muon,muon,added,3.0,0.05,2.7372263453966816,2.6882964165999303,2.8291598502077084,2.771785619390819,0.0,0.07071067811857054,501
stale-friendly-sam-muon@per-layer,Stale Friendly SAM-Muon [per-layer Frob],stale-friendly-sam-muon,muon,added,3.0,0.1,2.728826429016375,2.691028788209805,2.8016910715963586,2.7596835854573283,0.0,0.1414213562371413,501
stale-friendly-sam-muon@per-layer,Stale Friendly SAM-Muon [per-layer Frob],stale-friendly-sam-muon,muon,added,3.0,0.2,2.7143902061846408,2.683497756649969,2.7803846015670994,2.7489868261454564,0.0,0.2828427124742833,501
stale-friendly-sam-muon@per-layer,Stale Friendly SAM-Muon [per-layer Frob],stale-friendly-sam-muon,muon,added,3.0,0.5,2.6772694077560866,2.63503337173439,2.739149593776575,2.6946525312871996,0.0,0.7071067811857162,501
stale-friendly-sam-muon@per-layer,Stale Friendly SAM-Muon [per-layer Frob],stale-friendly-sam-muon,muon,added,3.0,1.0,2.4472996919009966,2.4275593029137656,2.533686617126956,2.4737514852722224,0.0,1.4142135623715506,501
stale-friendly-sam-muon@per-layer,Stale Friendly SAM-Muon [per-layer Frob],stale-friendly-sam-muon,muon,added,inf,0.01,2.692278093261958,2.647300852484843,2.735732504777304,2.6970937426103188,0.0,0.0141421356237157,501
stale-friendly-sam-muon@per-layer,Stale Friendly SAM-Muon [per-layer Frob],stale-friendly-sam-muon,muon,added,inf,0.02,2.691918374729752,2.6302363862910663,2.7230341664790387,2.6904087310946783,0.0,0.02828427124743145,501
stale-friendly-sam-muon@per-layer,Stale Friendly SAM-Muon [per-layer Frob],stale-friendly-sam-muon,muon,added,inf,0.05,2.6994857779183734,2.6296995188157655,2.7263440788036375,2.6946987426406452,0.0,0.07071067811857851,501
stale-friendly-sam-muon@per-layer,Stale Friendly SAM-Muon [per-layer Frob],stale-friendly-sam-muon,muon,added,inf,0.1,2.680924825595372,2.644214465218248,2.741887026891406,2.697168740624061,0.0,0.14142135623715696,501
stale-friendly-sam-muon@per-layer,Stale Friendly SAM-Muon [per-layer Frob],stale-friendly-sam-muon,muon,added,inf,0.2,2.685045039862543,2.6224190079188086,2.746874595596692,2.695078730155008,0.0,0.28284271247431436,501
stale-friendly-sam-muon@per-layer,Stale Friendly SAM-Muon [per-layer Frob],stale-friendly-sam-muon,muon,added,inf,0.5,2.6349082562195476,2.586511202525831,2.722404960346232,2.651536637573025,0.0,0.7071067811857925,501
stale-friendly-sam-muon@per-layer,Stale Friendly SAM-Muon [per-layer Frob],stale-friendly-sam-muon,muon,added,inf,1.0,2.4558350064806245,2.440340576463295,2.4875103348887264,2.4636822184847027,0.0,1.4142135623716412,501
stale-grad-sam-muon@global,Stale-Gradient SAM-Muon [global Frob],stale-grad-sam-muon,muon,atlas_opt,1.1,0.01,2.4852706841232566,2.4712091774185634,2.5288593734972125,2.4957353884656066,0.0,0.0099999999999995,501
stale-grad-sam-muon@global,Stale-Gradient SAM-Muon [global Frob],stale-grad-sam-muon,muon,atlas_opt,1.1,0.02,2.4864925714015627,2.4711663159928605,2.529530007914138,2.4962399724255953,0.0,0.019999999999999,501
stale-grad-sam-muon@global,Stale-Gradient SAM-Muon [global Frob],stale-grad-sam-muon,muon,atlas_opt,1.1,0.05,2.4863662590327227,2.4706574849727017,2.5297431034732343,2.4960961946061317,0.0,0.0499999999999976,501
stale-grad-sam-muon@global,Stale-Gradient SAM-Muon [global Frob],stale-grad-sam-muon,muon,atlas_opt,1.1,0.1,2.486981706595276,2.470442298632529,2.529820436537706,2.4960906264442775,0.0,0.0999999999999952,501
stale-grad-sam-muon@global,Stale-Gradient SAM-Muon [global Frob],stale-grad-sam-muon,muon,atlas_opt,1.1,0.2,2.4876953268239452,2.470861438557023,2.5292335824148187,2.4958101144290836,0.0,0.19999999999999046,501
stale-grad-sam-muon@global,Stale-Gradient SAM-Muon [global Frob],stale-grad-sam-muon,muon,atlas_opt,1.1,0.5,2.488458098651628,2.46974459074542,2.5334464540550594,2.4964614424516824,0.0,0.499999999999976,501
stale-grad-sam-muon@global,Stale-Gradient SAM-Muon [global Frob],stale-grad-sam-muon,muon,atlas_opt,1.1,1.0,2.4871115669390322,2.469471906124289,2.5298964674055697,2.4938188518838866,0.0,0.9999999999999527,501
stale-grad-sam-muon@global,Stale-Gradient SAM-Muon [global Frob],stale-grad-sam-muon,muon,atlas_opt,1.3,0.01,2.3054076953086433,2.241353467331514,2.3438909249998763,2.3009122597868155,0.0,0.00999999999999885,501
stale-grad-sam-muon@global,Stale-Gradient SAM-Muon [global Frob],stale-grad-sam-muon,muon,atlas_opt,1.3,0.02,2.302803782565749,2.2420992350859947,2.3418234045171724,2.2996703454721756,0.0,0.01999999999999775,501
stale-grad-sam-muon@global,Stale-Gradient SAM-Muon [global Frob],stale-grad-sam-muon,muon,atlas_opt,1.3,0.05,2.3025341189419843,2.23977771102898,2.3424294355100512,2.298964299154558,0.0,0.04999999999999445,501
stale-grad-sam-muon@global,Stale-Gradient SAM-Muon [global Frob],stale-grad-sam-muon,muon,atlas_opt,1.3,0.1,2.3051025076692833,2.2425921410624796,2.3431375472395772,2.2993480330887603,0.0,0.09999999999998904,501
stale-grad-sam-muon@global,Stale-Gradient SAM-Muon [global Frob],stale-grad-sam-muon,muon,atlas_opt,1.3,0.2,2.301738510722247,2.2359598157905616,2.3468511825164367,2.298607982915571,0.0,0.19999999999997808,501
stale-grad-sam-muon@global,Stale-Gradient SAM-Muon [global Frob],stale-grad-sam-muon,muon,atlas_opt,1.3,0.5,2.3000523001562474,2.230821019259165,2.348503713915272,2.295742238037379,0.0,0.4999999999999454,501
stale-grad-sam-muon@global,Stale-Gradient SAM-Muon [global Frob],stale-grad-sam-muon,muon,atlas_opt,1.3,1.0,2.293099142627529,2.2287572903698285,2.3378845459427544,2.290847077493827,0.0,0.9999999999998909,501
stale-grad-sam-muon@global,Stale-Gradient SAM-Muon [global Frob],stale-grad-sam-muon,muon,atlas_opt,1.6,0.01,2.3642147290421325,2.3198287358259675,2.4064602193504445,2.358788112386302,0.0,0.00999999999999775,501
stale-grad-sam-muon@global,Stale-Gradient SAM-Muon [global Frob],stale-grad-sam-muon,muon,atlas_opt,1.6,0.02,2.355239382127216,2.320561666918935,2.407980526878685,2.3592799814981857,0.0,0.019999999999995598,501
stale-grad-sam-muon@global,Stale-Gradient SAM-Muon [global Frob],stale-grad-sam-muon,muon,atlas_opt,1.6,0.05,2.354073690714559,2.3171467868294884,2.4013422209418582,2.356500412467976,0.0,0.0499999999999891,501
stale-grad-sam-muon@global,Stale-Gradient SAM-Muon [global Frob],stale-grad-sam-muon,muon,atlas_opt,1.6,0.1,2.3533183082300306,2.319353267387599,2.4007731177346687,2.353902977258726,0.0,0.0999999999999783,501
stale-grad-sam-muon@global,Stale-Gradient SAM-Muon [global Frob],stale-grad-sam-muon,muon,atlas_opt,1.6,0.2,2.3509831488827677,2.313512217365743,2.3949061594769114,2.350154409263954,0.0,0.19999999999995666,501
stale-grad-sam-muon@global,Stale-Gradient SAM-Muon [global Frob],stale-grad-sam-muon,muon,atlas_opt,1.6,0.5,2.3473399621268793,2.3132235628466478,2.382320165751449,2.3484295857033053,0.0,0.49999999999989164,501
stale-grad-sam-muon@global,Stale-Gradient SAM-Muon [global Frob],stale-grad-sam-muon,muon,atlas_opt,1.6,1.0,2.323049925517392,2.310038849732163,2.3660894955328593,2.3333066997859033,0.0,0.9999999999997832,501
stale-grad-sam-muon@global,Stale-Gradient SAM-Muon [global Frob],stale-grad-sam-muon,muon,atlas_opt,2.0,0.01,2.5056695163066225,2.478710662688354,2.5216172601206788,2.4940619782977542,0.0,0.0099999999999953,501
stale-grad-sam-muon@global,Stale-Gradient SAM-Muon [global Frob],stale-grad-sam-muon,muon,atlas_opt,2.0,0.02,2.512606524464524,2.4772564899353307,2.52658632628694,2.49631155770948,0.0,0.0199999999999906,501
stale-grad-sam-muon@global,Stale-Gradient SAM-Muon [global Frob],stale-grad-sam-muon,muon,atlas_opt,2.0,0.05,2.505382682293604,2.475175154989302,2.5281132489459264,2.497846245641542,0.0,0.0499999999999765,501
stale-grad-sam-muon@global,Stale-Gradient SAM-Muon [global Frob],stale-grad-sam-muon,muon,atlas_opt,2.0,0.1,2.4950961669469907,2.466272680260836,2.523769050339265,2.485975837976952,0.0,0.0999999999999532,501
stale-grad-sam-muon@global,Stale-Gradient SAM-Muon [global Frob],stale-grad-sam-muon,muon,atlas_opt,2.0,0.2,2.487895644822,2.456909570629944,2.5120272497987766,2.477708762834609,0.0,0.19999999999990656,501
stale-grad-sam-muon@global,Stale-Gradient SAM-Muon [global Frob],stale-grad-sam-muon,muon,atlas_opt,2.0,0.5,2.449189968620135,2.4268405085547298,2.479659158309844,2.4480408294163265,0.0,0.49999999999976735,501
stale-grad-sam-muon@global,Stale-Gradient SAM-Muon [global Frob],stale-grad-sam-muon,muon,atlas_opt,2.0,1.0,2.3894897186768884,2.3318740451090694,2.425444851002957,2.3717161099344377,0.0,0.9999999999995404,501
stale-grad-sam-muon@global,Stale-Gradient SAM-Muon [global Frob],stale-grad-sam-muon,muon,atlas_opt,3.0,0.01,2.7583494001860878,2.6850828956511794,2.8213613023861686,2.770218788976593,0.0,0.0099999999999932,501
stale-grad-sam-muon@global,Stale-Gradient SAM-Muon [global Frob],stale-grad-sam-muon,muon,atlas_opt,3.0,0.02,2.7519192917375306,2.6816834711907096,2.8253326524323294,2.770775179626546,0.0,0.0199999999999865,501
stale-grad-sam-muon@global,Stale-Gradient SAM-Muon [global Frob],stale-grad-sam-muon,muon,atlas_opt,3.0,0.05,2.7491728518726664,2.6722562247761017,2.819706023463861,2.768054398585998,0.0,0.04999999999996625,501
stale-grad-sam-muon@global,Stale-Gradient SAM-Muon [global Frob],stale-grad-sam-muon,muon,atlas_opt,3.0,0.1,2.735380134204033,2.6737621960917046,2.8212567120579335,2.759781959118143,0.0,0.0999999999999326,501
stale-grad-sam-muon@global,Stale-Gradient SAM-Muon [global Frob],stale-grad-sam-muon,muon,atlas_opt,3.0,0.2,2.704533145373829,2.6750009159298207,2.783091245240684,2.738571677276018,0.0,0.19999999999986534,501
stale-grad-sam-muon@global,Stale-Gradient SAM-Muon [global Frob],stale-grad-sam-muon,muon,atlas_opt,3.0,0.5,2.6846028520848937,2.659594361048683,2.7334196560705943,2.699923050361022,0.0,0.49999999999966926,501
stale-grad-sam-muon@global,Stale-Gradient SAM-Muon [global Frob],stale-grad-sam-muon,muon,atlas_opt,3.0,1.0,2.4777790488941944,2.3818095504426764,2.5027537583811403,2.453291099354008,0.0,0.9999999999993541,501
stale-grad-sam-muon@global,Stale-Gradient SAM-Muon [global Frob],stale-grad-sam-muon,muon,atlas_opt,inf,0.01,2.681048712509676,2.63847828167003,2.7425719506335393,2.693720293048625,0.0,0.0099999999999938,501
stale-grad-sam-muon@global,Stale-Gradient SAM-Muon [global Frob],stale-grad-sam-muon,muon,atlas_opt,inf,0.02,2.6856991521420905,2.6394613473552244,2.7268263298167112,2.6884267656030083,0.0,0.0199999999999876,501
stale-grad-sam-muon@global,Stale-Gradient SAM-Muon [global Frob],stale-grad-sam-muon,muon,atlas_opt,inf,0.05,2.6902213941787383,2.626685669262675,2.7342606249805517,2.692076018962019,0.0,0.0499999999999691,501
stale-grad-sam-muon@global,Stale-Gradient SAM-Muon [global Frob],stale-grad-sam-muon,muon,atlas_opt,inf,0.1,2.665847195965631,2.634050487034712,2.7591912382163115,2.6881999441238946,0.0,0.0999999999999382,501
stale-grad-sam-muon@global,Stale-Gradient SAM-Muon [global Frob],stale-grad-sam-muon,muon,atlas_opt,inf,0.2,2.6797939339647394,2.6266671447358148,2.7326055283859088,2.687382365245009,0.0,0.19999999999987644,501
stale-grad-sam-muon@global,Stale-Gradient SAM-Muon [global Frob],stale-grad-sam-muon,muon,atlas_opt,inf,0.5,2.599488099133083,2.55873177278621,2.7024823602483172,2.626080858167533,0.0,0.499999999999692,501
stale-grad-sam-muon@global,Stale-Gradient SAM-Muon [global Frob],stale-grad-sam-muon,muon,atlas_opt,inf,1.0,2.410809237784067,2.403446617256068,2.451371047589756,2.432265876476625,0.0,0.9999999999993936,501
stale-grad-sam-muon@per-layer,Stale-Gradient SAM-Muon [per-layer Frob],stale-grad-sam-muon,muon,atlas_opt,1.1,0.01,2.485974862188413,2.4712209481464438,2.5296973795918296,2.496230979971104,0.0,0.014142135623729651,501
stale-grad-sam-muon@per-layer,Stale-Gradient SAM-Muon [per-layer Frob],stale-grad-sam-muon,muon,atlas_opt,1.1,0.02,2.486700372782652,2.471615682502121,2.5297111243169965,2.496340222131153,0.0,0.0282842712474594,501
stale-grad-sam-muon@per-layer,Stale-Gradient SAM-Muon [per-layer Frob],stale-grad-sam-muon,muon,atlas_opt,1.1,0.05,2.48718065579129,2.4720638037129348,2.530694207882144,2.4968497871137627,0.0,0.07071067811864855,501
stale-grad-sam-muon@per-layer,Stale-Gradient SAM-Muon [per-layer Frob],stale-grad-sam-muon,muon,atlas_opt,1.1,0.1,2.486671566473996,2.472310314850584,2.5307370303440972,2.4965339148114793,0.0,0.14142135623729724,501
stale-grad-sam-muon@per-layer,Stale-Gradient SAM-Muon [per-layer Frob],stale-grad-sam-muon,muon,atlas_opt,1.1,0.2,2.4873974672700356,2.472670519796137,2.5319671324845667,2.4967018492662207,0.0,0.28284271247459447,501
stale-grad-sam-muon@per-layer,Stale-Gradient SAM-Muon [per-layer Frob],stale-grad-sam-muon,muon,atlas_opt,1.1,0.5,2.48706404050105,2.469669841781538,2.5314195088669518,2.4951909222911244,0.0,0.707106781186486,501
stale-grad-sam-muon@per-layer,Stale-Gradient SAM-Muon [per-layer Frob],stale-grad-sam-muon,muon,atlas_opt,1.1,1.0,2.485235044628072,2.4666008858301947,2.528965888755599,2.490854655699602,0.0,1.4142135623729724,501
stale-grad-sam-muon@per-layer,Stale-Gradient SAM-Muon [per-layer Frob],stale-grad-sam-muon,muon,atlas_opt,1.3,0.01,2.304457771484877,2.241852221943727,2.3442807102029097,2.30106022213642,0.0,0.014142135623728451,501
stale-grad-sam-muon@per-layer,Stale-Gradient SAM-Muon [per-layer Frob],stale-grad-sam-muon,muon,atlas_opt,1.3,0.02,2.304951501576382,2.241499233112282,2.3421147279030596,2.300247257892007,0.0,0.028284271247456902,501
stale-grad-sam-muon@per-layer,Stale-Gradient SAM-Muon [per-layer Frob],stale-grad-sam-muon,muon,atlas_opt,1.3,0.05,2.3035229174156715,2.2417513020475193,2.3437390235887197,2.2989078894611508,0.0,0.07071067811864234,501
stale-grad-sam-muon@per-layer,Stale-Gradient SAM-Muon [per-layer Frob],stale-grad-sam-muon,muon,atlas_opt,1.3,0.1,2.2995214778179034,2.2352821768385494,2.342785407483042,2.2961703517112007,0.0,0.14142135623728486,501
stale-grad-sam-muon@per-layer,Stale-Gradient SAM-Muon [per-layer Frob],stale-grad-sam-muon,muon,atlas_opt,1.3,0.2,2.305279119032055,2.234117527613127,2.346340570568902,2.2981158219891107,0.0,0.28284271247456994,501
stale-grad-sam-muon@per-layer,Stale-Gradient SAM-Muon [per-layer Frob],stale-grad-sam-muon,muon,atlas_opt,1.3,0.5,2.297952038976552,2.233066755924109,2.339795362917997,2.295071202170912,0.0,0.7071067811864244,501
stale-grad-sam-muon@per-layer,Stale-Gradient SAM-Muon [per-layer Frob],stale-grad-sam-muon,muon,atlas_opt,1.3,1.0,2.285505761583737,2.2290356547448393,2.3273396963276403,2.2867384720228836,0.0,1.414213562372849,501
stale-grad-sam-muon@per-layer,Stale-Gradient SAM-Muon [per-layer Frob],stale-grad-sam-muon,muon,atlas_opt,1.6,0.01,2.3535257465222355,2.319397253369919,2.4082055946452146,2.3560805210576468,0.0,0.0141421356237263,501
stale-grad-sam-muon@per-layer,Stale-Gradient SAM-Muon [per-layer Frob],stale-grad-sam-muon,muon,atlas_opt,1.6,0.02,2.3530808205764693,2.3198931777412968,2.4081765055647892,2.3579903085025715,0.0,0.02828427124745265,501
stale-grad-sam-muon@per-layer,Stale-Gradient SAM-Muon [per-layer Frob],stale-grad-sam-muon,muon,atlas_opt,1.6,0.05,2.3614460889682896,2.321428740379308,2.407197498959022,2.3587835053666177,0.0,0.07071067811863166,501
stale-grad-sam-muon@per-layer,Stale-Gradient SAM-Muon [per-layer Frob],stale-grad-sam-muon,muon,atlas_opt,1.6,0.1,2.3557040340321835,2.3134793686783577,2.4070320634629288,2.356677753684374,0.0,0.14142135623726332,501
stale-grad-sam-muon@per-layer,Stale-Gradient SAM-Muon [per-layer Frob],stale-grad-sam-muon,muon,atlas_opt,1.6,0.2,2.360722190265497,2.3131131722015716,2.3907808645960023,2.355269357685679,0.0,0.28284271247452636,501
stale-grad-sam-muon@per-layer,Stale-Gradient SAM-Muon [per-layer Frob],stale-grad-sam-muon,muon,atlas_opt,1.6,0.5,2.343057186626548,2.3191736866546098,2.3734328710223527,2.347234816226309,0.0,0.7071067811863165,501
stale-grad-sam-muon@per-layer,Stale-Gradient SAM-Muon [per-layer Frob],stale-grad-sam-muon,muon,atlas_opt,1.6,1.0,2.297197675504064,2.264652889659728,2.330845504393463,2.2998972323613414,0.0,1.4142135623726355,501
stale-grad-sam-muon@per-layer,Stale-Gradient SAM-Muon [per-layer Frob],stale-grad-sam-muon,muon,atlas_opt,2.0,0.01,2.511701373511629,2.4775315105616995,2.524008820473485,2.4953081233412844,0.0,0.01414213562372095,501
stale-grad-sam-muon@per-layer,Stale-Gradient SAM-Muon [per-layer Frob],stale-grad-sam-muon,muon,atlas_opt,2.0,0.02,2.5158964064064513,2.478021460006252,2.5425665250865457,2.499996842172754,0.0,0.02828427124744195,501
stale-grad-sam-muon@per-layer,Stale-Gradient SAM-Muon [per-layer Frob],stale-grad-sam-muon,muon,atlas_opt,2.0,0.05,2.5066743324787266,2.470708298550092,2.5242206924817236,2.4883581982552863,0.0,0.070710678118605,501
stale-grad-sam-muon@per-layer,Stale-Gradient SAM-Muon [per-layer Frob],stale-grad-sam-muon,muon,atlas_opt,2.0,0.1,2.4904788979249988,2.458030513439332,2.5150343089887,2.479637209300609,0.0,0.14142135623721014,501
stale-grad-sam-muon@per-layer,Stale-Gradient SAM-Muon [per-layer Frob],stale-grad-sam-muon,muon,atlas_opt,2.0,0.2,2.479084803530543,2.437433284512342,2.500272397886008,2.4645152902815646,0.0,0.28284271247442005,501
stale-grad-sam-muon@per-layer,Stale-Gradient SAM-Muon [per-layer Frob],stale-grad-sam-muon,muon,atlas_opt,2.0,0.5,2.4386092966367716,2.3984611448673405,2.4578601306961927,2.4256092507900773,0.0,0.7071067811860507,501
stale-grad-sam-muon@per-layer,Stale-Gradient SAM-Muon [per-layer Frob],stale-grad-sam-muon,muon,atlas_opt,2.0,1.0,2.2781009753002373,2.2397182619916447,2.303376351494082,2.2684719036499126,0.0,1.4142135623721246,501
stale-grad-sam-muon@per-layer,Stale-Gradient SAM-Muon [per-layer Frob],stale-grad-sam-muon,muon,atlas_opt,3.0,0.01,2.763285144395725,2.6863636026334143,2.8348793686464324,2.7736696018243654,0.0,0.014142135623715451,501
stale-grad-sam-muon@per-layer,Stale-Gradient SAM-Muon [per-layer Frob],stale-grad-sam-muon,muon,atlas_opt,3.0,0.02,2.757726606367452,2.6797774819527755,2.8043749521276227,2.7668917285172254,0.0,0.028284271247430902,501
stale-grad-sam-muon@per-layer,Stale-Gradient SAM-Muon [per-layer Frob],stale-grad-sam-muon,muon,atlas_opt,3.0,0.05,2.7493949281354153,2.675317361540041,2.8201056604603227,2.765673287495375,0.0,0.07071067811857724,501
stale-grad-sam-muon@per-layer,Stale-Gradient SAM-Muon [per-layer Frob],stale-grad-sam-muon,muon,atlas_opt,3.0,0.1,2.7223067490904143,2.699586274553909,2.7905217633761406,2.7505437935143453,0.0,0.14142135623715463,501
stale-grad-sam-muon@per-layer,Stale-Gradient SAM-Muon [per-layer Frob],stale-grad-sam-muon,muon,atlas_opt,3.0,0.2,2.713883390220865,2.679168205004998,2.7652415136075863,2.732822081270631,0.0,0.2828427124743117,501
stale-grad-sam-muon@per-layer,Stale-Gradient SAM-Muon [per-layer Frob],stale-grad-sam-muon,muon,atlas_opt,3.0,0.5,2.6266678644725294,2.5753841892087546,2.656488092213544,2.6229823364878677,0.0,0.7071067811857912,501
stale-grad-sam-muon@per-layer,Stale-Gradient SAM-Muon [per-layer Frob],stale-grad-sam-muon,muon,atlas_opt,3.0,1.0,2.283053840980547,2.261909416773127,2.318009844859463,2.292888855646095,0.0,1.4142135623718115,501
stale-grad-sam-muon@per-layer,Stale-Gradient SAM-Muon [per-layer Frob],stale-grad-sam-muon,muon,atlas_opt,inf,0.01,2.6841166349983414,2.638371014807615,2.739206014519502,2.6924870672616943,0.0,0.01414213562371695,501
stale-grad-sam-muon@per-layer,Stale-Gradient SAM-Muon [per-layer Frob],stale-grad-sam-muon,muon,atlas_opt,inf,0.02,2.685789796209227,2.6478537158891533,2.732810359375617,2.695708047256116,0.0,0.028284271247434,501
stale-grad-sam-muon@per-layer,Stale-Gradient SAM-Muon [per-layer Frob],stale-grad-sam-muon,muon,atlas_opt,inf,0.05,2.6609845017887723,2.624111856180315,2.715040239530718,2.680651096231465,0.0,0.07071067811858495,501
stale-grad-sam-muon@per-layer,Stale-Gradient SAM-Muon [per-layer Frob],stale-grad-sam-muon,muon,atlas_opt,inf,0.1,2.6692997359896484,2.6313425581858008,2.719737066706787,2.6824468976091698,0.0,0.14142135623717014,501
stale-grad-sam-muon@per-layer,Stale-Gradient SAM-Muon [per-layer Frob],stale-grad-sam-muon,muon,atlas_opt,inf,0.2,2.6485972457924642,2.6075038716405454,2.714744946762881,2.6716236117067567,0.0,0.2828427124743398,501
stale-grad-sam-muon@per-layer,Stale-Gradient SAM-Muon [per-layer Frob],stale-grad-sam-muon,muon,atlas_opt,inf,0.5,2.525439684021449,2.5168271216416294,2.6193110209923987,2.559222640646806,0.0,0.7071067811858571,501
stale-grad-sam-muon@per-layer,Stale-Gradient SAM-Muon [per-layer Frob],stale-grad-sam-muon,muon,atlas_opt,inf,1.0,2.2763077390124566,2.2170718342657456,2.3112207444200714,2.274928482249825,0.0,1.4142135623718675,501
stale-momentum-friendly-sam-muon@global,Stale Momentum-Friendly SAM-Muon [global Frob],stale-momentum-friendly-sam-muon,muon,added,1.1,0.01,2.485392488055824,2.4708161145520817,2.5289592087613584,2.495741714905619,0.0,0.00999999999999965,501
stale-momentum-friendly-sam-muon@global,Stale Momentum-Friendly SAM-Muon [global Frob],stale-momentum-friendly-sam-muon,muon,added,1.1,0.02,2.48578308014437,2.4710760952840776,2.5290499478289443,2.4959562328093035,0.0,0.01999999999999935,501
stale-momentum-friendly-sam-muon@global,Stale Momentum-Friendly SAM-Muon [global Frob],stale-momentum-friendly-sam-muon,muon,added,1.1,0.05,2.4852599623118095,2.470243619155477,2.5286423466122234,2.4954986968690993,0.0,0.049999999999998504,501
stale-momentum-friendly-sam-muon@global,Stale Momentum-Friendly SAM-Muon [global Frob],stale-momentum-friendly-sam-muon,muon,added,1.1,0.1,2.4861672682214397,2.4697292752471256,2.5292036955244175,2.495581809029778,0.0,0.09999999999999695,501
stale-momentum-friendly-sam-muon@global,Stale Momentum-Friendly SAM-Muon [global Frob],stale-momentum-friendly-sam-muon,muon,added,1.1,0.2,2.4857220478240416,2.4684569562508516,2.5288469940883056,2.4946170689201104,0.0,0.19999999999999404,501
stale-momentum-friendly-sam-muon@global,Stale Momentum-Friendly SAM-Muon [global Frob],stale-momentum-friendly-sam-muon,muon,added,1.1,0.5,2.4852629537421413,2.467117399065543,2.5292947308382243,2.4932925713527423,0.0,0.4999999999999852,501
stale-momentum-friendly-sam-muon@global,Stale Momentum-Friendly SAM-Muon [global Frob],stale-momentum-friendly-sam-muon,muon,added,1.1,1.0,2.4813433298330176,2.4611351975999054,2.5295867423976586,2.4888146839018064,0.0,0.9999999999999707,501
stale-momentum-friendly-sam-muon@global,Stale Momentum-Friendly SAM-Muon [global Frob],stale-momentum-friendly-sam-muon,muon,added,1.3,0.01,2.3046635079198365,2.241808537560801,2.344602778108255,2.300701623137869,0.0,0.00999999999999895,501
stale-momentum-friendly-sam-muon@global,Stale Momentum-Friendly SAM-Muon [global Frob],stale-momentum-friendly-sam-muon,muon,added,1.3,0.02,2.303693337101544,2.2419987764415623,2.3423315637218627,2.3002789230274066,0.0,0.01999999999999795,501
stale-momentum-friendly-sam-muon@global,Stale Momentum-Friendly SAM-Muon [global Frob],stale-momentum-friendly-sam-muon,muon,added,1.3,0.05,2.304795044932628,2.241879218018695,2.3421813989004825,2.2998210629315414,0.0,0.049999999999994854,501
stale-momentum-friendly-sam-muon@global,Stale Momentum-Friendly SAM-Muon [global Frob],stale-momentum-friendly-sam-muon,muon,added,1.3,0.1,2.304456332703555,2.2417110458298213,2.345559211939287,2.299758934136112,0.0,0.09999999999998975,501
stale-momentum-friendly-sam-muon@global,Stale Momentum-Friendly SAM-Muon [global Frob],stale-momentum-friendly-sam-muon,muon,added,1.3,0.2,2.304039411461987,2.236863276313606,2.3454772736446095,2.2980400812537285,0.0,0.1999999999999796,501
stale-momentum-friendly-sam-muon@global,Stale Momentum-Friendly SAM-Muon [global Frob],stale-momentum-friendly-sam-muon,muon,added,1.3,0.5,2.301785151461395,2.227887214002168,2.3418635114309594,2.2929942343022764,0.0,0.49999999999994904,501
stale-momentum-friendly-sam-muon@global,Stale Momentum-Friendly SAM-Muon [global Frob],stale-momentum-friendly-sam-muon,muon,added,1.3,1.0,2.2933340181214303,2.2241451077727303,2.3367901913972036,2.289541536646543,0.0,0.9999999999998983,501
stale-momentum-friendly-sam-muon@global,Stale Momentum-Friendly SAM-Muon [global Frob],stale-momentum-friendly-sam-muon,muon,added,1.6,0.01,2.3572857486520187,2.322978819951138,2.4064057366709903,2.35979370111272,0.0,0.00999999999999775,501
stale-momentum-friendly-sam-muon@global,Stale Momentum-Friendly SAM-Muon [global Frob],stale-momentum-friendly-sam-muon,muon,added,1.6,0.02,2.354709813319583,2.3210708630887837,2.405260062261232,2.3570149199513066,0.0,0.01999999999999555,501
stale-momentum-friendly-sam-muon@global,Stale Momentum-Friendly SAM-Muon [global Frob],stale-momentum-friendly-sam-muon,muon,added,1.6,0.05,2.356680353396259,2.3155387177082734,2.407223850665558,2.3586833118512116,0.0,0.049999999999988956,501
stale-momentum-friendly-sam-muon@global,Stale Momentum-Friendly SAM-Muon [global Frob],stale-momentum-friendly-sam-muon,muon,added,1.6,0.1,2.3586228633780424,2.3218921952559417,2.4026241148249463,2.359000608785702,0.0,0.099999999999978,501
stale-momentum-friendly-sam-muon@global,Stale Momentum-Friendly SAM-Muon [global Frob],stale-momentum-friendly-sam-muon,muon,added,1.6,0.2,2.3628822361806896,2.3098289392524456,2.4041747594308402,2.354998176143208,0.0,0.199999999999956,501
stale-momentum-friendly-sam-muon@global,Stale Momentum-Friendly SAM-Muon [global Frob],stale-momentum-friendly-sam-muon,muon,added,1.6,0.5,2.3595802981311214,2.3115719282140965,2.3950967493938746,2.354149388606118,0.0,0.49999999999988975,501
stale-momentum-friendly-sam-muon@global,Stale Momentum-Friendly SAM-Muon [global Frob],stale-momentum-friendly-sam-muon,muon,added,1.6,1.0,2.3391766644593504,2.3199001930164664,2.3800668626368697,2.347400313564059,0.0,0.9999999999997802,501
stale-momentum-friendly-sam-muon@global,Stale Momentum-Friendly SAM-Muon [global Frob],stale-momentum-friendly-sam-muon,muon,added,2.0,0.01,2.5142246629910523,2.4843611821660554,2.5255178172141814,2.4975146866982545,0.0,0.00999999999999515,501
stale-momentum-friendly-sam-muon@global,Stale Momentum-Friendly SAM-Muon [global Frob],stale-momentum-friendly-sam-muon,muon,added,2.0,0.02,2.517153077851747,2.4841768268104674,2.526941247638004,2.497699824072706,0.0,0.019999999999990352,501
stale-momentum-friendly-sam-muon@global,Stale Momentum-Friendly SAM-Muon [global Frob],stale-momentum-friendly-sam-muon,muon,added,2.0,0.05,2.50455384791936,2.4674306743585435,2.5299444391947237,2.4935631879622546,0.0,0.049999999999975994,501
stale-momentum-friendly-sam-muon@global,Stale Momentum-Friendly SAM-Muon [global Frob],stale-momentum-friendly-sam-muon,muon,added,2.0,0.1,2.5030662933106393,2.4744628949027954,2.525422938234243,2.4888617630706404,0.0,0.0999999999999521,501
stale-momentum-friendly-sam-muon@global,Stale Momentum-Friendly SAM-Muon [global Frob],stale-momentum-friendly-sam-muon,muon,added,2.0,0.2,2.5094456636539872,2.4748835266607467,2.5237984243660896,2.490811219214707,0.0,0.19999999999990437,501
stale-momentum-friendly-sam-muon@global,Stale Momentum-Friendly SAM-Muon [global Frob],stale-momentum-friendly-sam-muon,muon,added,2.0,0.5,2.4663046853572146,2.419600457500496,2.515421355613324,2.4613999094068664,0.0,0.4999999999997614,501
stale-momentum-friendly-sam-muon@global,Stale Momentum-Friendly SAM-Muon [global Frob],stale-momentum-friendly-sam-muon,muon,added,2.0,1.0,2.4332199985158747,2.397356046511111,2.460875691145706,2.4174582868013372,0.0,0.999999999999529,501
stale-momentum-friendly-sam-muon@global,Stale Momentum-Friendly SAM-Muon [global Frob],stale-momentum-friendly-sam-muon,muon,added,3.0,0.01,2.7582575573131916,2.6972199733226754,2.8359308950987394,2.772984077468603,0.0,0.009999999999993,501
stale-momentum-friendly-sam-muon@global,Stale Momentum-Friendly SAM-Muon [global Frob],stale-momentum-friendly-sam-muon,muon,added,3.0,0.02,2.765553283358388,2.6924407200296296,2.8239670258321445,2.7713803839903166,0.0,0.01999999999998605,501
stale-momentum-friendly-sam-muon@global,Stale Momentum-Friendly SAM-Muon [global Frob],stale-momentum-friendly-sam-muon,muon,added,3.0,0.05,2.7394982175763376,2.667256716544956,2.8123013465922195,2.762756918809927,0.0,0.0499999999999651,501
stale-momentum-friendly-sam-muon@global,Stale Momentum-Friendly SAM-Muon [global Frob],stale-momentum-friendly-sam-muon,muon,added,3.0,0.1,2.7487670716368404,2.689872432464777,2.8180939120588353,2.7667080296011424,0.0,0.09999999999993026,501
stale-momentum-friendly-sam-muon@global,Stale Momentum-Friendly SAM-Muon [global Frob],stale-momentum-friendly-sam-muon,muon,added,3.0,0.2,2.730391394301655,2.6778349457516266,2.778373382127444,2.7553715066738995,0.0,0.19999999999986057,501
stale-momentum-friendly-sam-muon@global,Stale Momentum-Friendly SAM-Muon [global Frob],stale-momentum-friendly-sam-muon,muon,added,3.0,0.5,2.689995018936668,2.672843467156961,2.756714427889691,2.717099163586253,0.0,0.4999999999996523,501
stale-momentum-friendly-sam-muon@global,Stale Momentum-Friendly SAM-Muon [global Frob],stale-momentum-friendly-sam-muon,muon,added,3.0,1.0,2.561598368641124,2.5383722847160897,2.608139092351177,2.576936108547895,0.0,0.9999999999993201,501
stale-momentum-friendly-sam-muon@global,Stale Momentum-Friendly SAM-Muon [global Frob],stale-momentum-friendly-sam-muon,muon,added,inf,0.01,2.689012540997344,2.6368976316978623,2.741912147508405,2.692582172322853,0.0,0.0099999999999935,501
stale-momentum-friendly-sam-muon@global,Stale Momentum-Friendly SAM-Muon [global Frob],stale-momentum-friendly-sam-muon,muon,added,inf,0.02,2.6792530466166404,2.643448889254918,2.750559660783538,2.697023081494234,0.0,0.01999999999998705,501
stale-momentum-friendly-sam-muon@global,Stale Momentum-Friendly SAM-Muon [global Frob],stale-momentum-friendly-sam-muon,muon,added,inf,0.05,2.6852320028894328,2.6424859005281887,2.721940442230003,2.692885262357205,0.0,0.049999999999967806,501
stale-momentum-friendly-sam-muon@global,Stale Momentum-Friendly SAM-Muon [global Frob],stale-momentum-friendly-sam-muon,muon,added,inf,0.1,2.6764718331110053,2.6361087767625415,2.7236017611539065,2.691192130691817,0.0,0.09999999999993565,501
stale-momentum-friendly-sam-muon@global,Stale Momentum-Friendly SAM-Muon [global Frob],stale-momentum-friendly-sam-muon,muon,added,inf,0.2,2.681621877469542,2.635965046518246,2.7468548419639527,2.692292407704546,0.0,0.19999999999987145,501
stale-momentum-friendly-sam-muon@global,Stale Momentum-Friendly SAM-Muon [global Frob],stale-momentum-friendly-sam-muon,muon,added,inf,0.5,2.655587940478161,2.6079524021858016,2.740857598090388,2.6702721304755803,0.0,0.49999999999967903,501
stale-momentum-friendly-sam-muon@global,Stale Momentum-Friendly SAM-Muon [global Frob],stale-momentum-friendly-sam-muon,muon,added,inf,1.0,2.509971552129767,2.4864252651678864,2.5936065499149152,2.5375451219953318,0.0,0.9999999999993632,501
stale-momentum-friendly-sam-muon@per-layer,Stale Momentum-Friendly SAM-Muon [per-layer Frob],stale-momentum-friendly-sam-muon,muon,added,1.1,0.01,2.4852728873092365,2.470715916491477,2.529504685849125,2.4957431179039586,0.0,0.01414213562373,501
stale-momentum-friendly-sam-muon@per-layer,Stale Momentum-Friendly SAM-Muon [per-layer Frob],stale-momentum-friendly-sam-muon,muon,added,1.1,0.02,2.4860971503583102,2.471533015001903,2.529269978543305,2.4960822174133694,0.0,0.028284271247460052,501
stale-momentum-friendly-sam-muon@per-layer,Stale Momentum-Friendly SAM-Muon [per-layer Frob],stale-momentum-friendly-sam-muon,muon,added,1.1,0.05,2.4858138036101174,2.47015034365053,2.529665044864294,2.4956923082357747,0.0,0.0707106781186503,501
stale-momentum-friendly-sam-muon@per-layer,Stale Momentum-Friendly SAM-Muon [per-layer Frob],stale-momentum-friendly-sam-muon,muon,added,1.1,0.1,2.48533850881058,2.4706462816607555,2.529541012662049,2.4954425304867334,0.0,0.14142135623730065,501
stale-momentum-friendly-sam-muon@per-layer,Stale Momentum-Friendly SAM-Muon [per-layer Frob],stale-momentum-friendly-sam-muon,muon,added,1.1,0.2,2.485239805009432,2.4689696782400152,2.529268210198321,2.4943591838979136,0.0,0.28284271247460135,501
stale-momentum-friendly-sam-muon@per-layer,Stale Momentum-Friendly SAM-Muon [per-layer Frob],stale-momentum-friendly-sam-muon,muon,added,1.1,0.5,2.483402235546432,2.4674037980166608,2.528921378782794,2.492384396365858,0.0,0.7071067811865034,501
stale-momentum-friendly-sam-muon@per-layer,Stale Momentum-Friendly SAM-Muon [per-layer Frob],stale-momentum-friendly-sam-muon,muon,added,1.1,1.0,2.474811164700257,2.4520496028079575,2.527097630841415,2.482779192232832,0.0,1.4142135623730068,501
stale-momentum-friendly-sam-muon@per-layer,Stale Momentum-Friendly SAM-Muon [per-layer Frob],stale-momentum-friendly-sam-muon,muon,added,1.3,0.01,2.3041159754095717,2.241561799718563,2.342257540353663,2.300259024574001,0.0,0.0141421356237286,501
stale-momentum-friendly-sam-muon@per-layer,Stale Momentum-Friendly SAM-Muon [per-layer Frob],stale-momentum-friendly-sam-muon,muon,added,1.3,0.02,2.3041041566780187,2.241497170220621,2.3443981600961896,2.3005383615844384,0.0,0.02828427124745725,501
stale-momentum-friendly-sam-muon@per-layer,Stale Momentum-Friendly SAM-Muon [per-layer Frob],stale-momentum-friendly-sam-muon,muon,added,1.3,0.05,2.304761569628366,2.2422463285848795,2.342261529296306,2.29886338506466,0.0,0.07071067811864326,501
stale-momentum-friendly-sam-muon@per-layer,Stale Momentum-Friendly SAM-Muon [per-layer Frob],stale-momentum-friendly-sam-muon,muon,added,1.3,0.1,2.3021136635233947,2.235869790392777,2.3454816851573783,2.2976268686357857,0.0,0.14142135623728658,501
stale-momentum-friendly-sam-muon@per-layer,Stale Momentum-Friendly SAM-Muon [per-layer Frob],stale-momentum-friendly-sam-muon,muon,added,1.3,0.2,2.306224851421919,2.233785449633583,2.346741163578199,2.2982023422023907,0.0,0.28284271247457315,501
stale-momentum-friendly-sam-muon@per-layer,Stale Momentum-Friendly SAM-Muon [per-layer Frob],stale-momentum-friendly-sam-muon,muon,added,1.3,0.5,2.3004801338698395,2.2316686343369536,2.3414239665398213,2.2948455339375333,0.0,0.707106781186433,501
stale-momentum-friendly-sam-muon@per-layer,Stale Momentum-Friendly SAM-Muon [per-layer Frob],stale-momentum-friendly-sam-muon,muon,added,1.3,1.0,2.2805825711944174,2.2250133553574027,2.329706660604248,2.286539579017215,0.0,1.4142135623728662,501
stale-momentum-friendly-sam-muon@per-layer,Stale Momentum-Friendly SAM-Muon [per-layer Frob],stale-momentum-friendly-sam-muon,muon,added,1.6,0.01,2.354839814176154,2.3191540803226562,2.404499155944995,2.3573966403947697,0.0,0.01414213562372615,501
stale-momentum-friendly-sam-muon@per-layer,Stale Momentum-Friendly SAM-Muon [per-layer Frob],stale-momentum-friendly-sam-muon,muon,added,1.6,0.02,2.353545482259346,2.318654113385888,2.4082075262543627,2.3596035144877874,0.0,0.0282842712474524,501
stale-momentum-friendly-sam-muon@per-layer,Stale Momentum-Friendly SAM-Muon [per-layer Frob],stale-momentum-friendly-sam-muon,muon,added,1.6,0.05,2.360644969736293,2.3206365330513865,2.4083938753043714,2.360516734524822,0.0,0.07071067811863105,501
stale-momentum-friendly-sam-muon@per-layer,Stale Momentum-Friendly SAM-Muon [per-layer Frob],stale-momentum-friendly-sam-muon,muon,added,1.6,0.1,2.3566421703865816,2.3116120418571255,2.406573885094688,2.3541444761760224,0.0,0.1414213562372622,501
stale-momentum-friendly-sam-muon@per-layer,Stale Momentum-Friendly SAM-Muon [per-layer Frob],stale-momentum-friendly-sam-muon,muon,added,1.6,0.2,2.3572220586984525,2.3233908682035262,2.398217982238517,2.356684181135562,0.0,0.2828427124745244,501
stale-momentum-friendly-sam-muon@per-layer,Stale Momentum-Friendly SAM-Muon [per-layer Frob],stale-momentum-friendly-sam-muon,muon,added,1.6,0.5,2.3469652001740426,2.3271444981989955,2.3779395822899883,2.353296153412753,0.0,0.7071067811863114,501
stale-momentum-friendly-sam-muon@per-layer,Stale Momentum-Friendly SAM-Muon [per-layer Frob],stale-momentum-friendly-sam-muon,muon,added,1.6,1.0,2.3211967315091737,2.2933894576687806,2.3549311084359346,2.3221997411068145,0.0,1.4142135623726249,501
stale-momentum-friendly-sam-muon@per-layer,Stale Momentum-Friendly SAM-Muon [per-layer Frob],stale-momentum-friendly-sam-muon,muon,added,2.0,0.01,2.5146074752231327,2.4830099830233565,2.5234269374403073,2.4954986837848225,0.0,0.0141421356237207,501
stale-momentum-friendly-sam-muon@per-layer,Stale Momentum-Friendly SAM-Muon [per-layer Frob],stale-momentum-friendly-sam-muon,muon,added,2.0,0.02,2.507049071112501,2.476588689117154,2.527630756578872,2.495236954360718,0.0,0.02828427124744145,501
stale-momentum-friendly-sam-muon@per-layer,Stale Momentum-Friendly SAM-Muon [per-layer Frob],stale-momentum-friendly-sam-muon,muon,added,2.0,0.05,2.503704015972131,2.4689648397298334,2.5362231700032165,2.493464377045747,0.0,0.07071067811860375,501
stale-momentum-friendly-sam-muon@per-layer,Stale Momentum-Friendly SAM-Muon [per-layer Frob],stale-momentum-friendly-sam-muon,muon,added,2.0,0.1,2.5033103700561004,2.47051234139118,2.528679509663602,2.489311629522359,0.0,0.1414213562372075,501
stale-momentum-friendly-sam-muon@per-layer,Stale Momentum-Friendly SAM-Muon [per-layer Frob],stale-momentum-friendly-sam-muon,muon,added,2.0,0.2,2.499017556431208,2.464595375595211,2.5153344161058717,2.479441107830001,0.0,0.2828427124744148,501
stale-momentum-friendly-sam-muon@per-layer,Stale Momentum-Friendly SAM-Muon [per-layer Frob],stale-momentum-friendly-sam-muon,muon,added,2.0,0.5,2.4644823493890198,2.423426144515155,2.4836276289425414,2.44745394185259,0.0,0.7071067811860381,501
stale-momentum-friendly-sam-muon@per-layer,Stale Momentum-Friendly SAM-Muon [per-layer Frob],stale-momentum-friendly-sam-muon,muon,added,2.0,1.0,2.354717025958421,2.329267884399578,2.4047197976802446,2.3549901056332705,0.0,1.4142135623720802,501
stale-momentum-friendly-sam-muon@per-layer,Stale Momentum-Friendly SAM-Muon [per-layer Frob],stale-momentum-friendly-sam-muon,muon,added,3.0,0.01,2.757739727560441,2.688498090738113,2.835276047654188,2.776409960601865,0.0,0.0141421356237148,501
stale-momentum-friendly-sam-muon@per-layer,Stale Momentum-Friendly SAM-Muon [per-layer Frob],stale-momentum-friendly-sam-muon,muon,added,3.0,0.02,2.757147318376782,2.6876902051903504,2.8155943854213814,2.768492568548336,0.0,0.028284271247429653,501
stale-momentum-friendly-sam-muon@per-layer,Stale Momentum-Friendly SAM-Muon [per-layer Frob],stale-momentum-friendly-sam-muon,muon,added,3.0,0.05,2.74639463752374,2.674469279420638,2.8082961502101886,2.764771327519339,0.0,0.0707106781185743,501
stale-momentum-friendly-sam-muon@per-layer,Stale Momentum-Friendly SAM-Muon [per-layer Frob],stale-momentum-friendly-sam-muon,muon,added,3.0,0.1,2.732656687296747,2.68730370453447,2.8006691368142915,2.7578866329635403,0.0,0.14142135623714863,501
stale-momentum-friendly-sam-muon@per-layer,Stale Momentum-Friendly SAM-Muon [per-layer Frob],stale-momentum-friendly-sam-muon,muon,added,3.0,0.2,2.7121130356073513,2.6775533998274303,2.7770465183903346,2.744418524362616,0.0,0.2828427124742977,501
stale-momentum-friendly-sam-muon@per-layer,Stale Momentum-Friendly SAM-Muon [per-layer Frob],stale-momentum-friendly-sam-muon,muon,added,3.0,0.5,2.6889017872015524,2.6081509386427126,2.71424967536153,2.677542680653207,0.0,0.707106781185751,501
stale-momentum-friendly-sam-muon@per-layer,Stale Momentum-Friendly SAM-Muon [per-layer Frob],stale-momentum-friendly-sam-muon,muon,added,3.0,1.0,2.415386597928628,2.395497023470028,2.459042989049127,2.4212739933239895,0.0,1.4142135623716368,501
stale-momentum-friendly-sam-muon@per-layer,Stale Momentum-Friendly SAM-Muon [per-layer Frob],stale-momentum-friendly-sam-muon,muon,added,inf,0.01,2.688399990227946,2.6344737446929156,2.7371149179569145,2.6954704821867783,0.0,0.014142135623716301,501
stale-momentum-friendly-sam-muon@per-layer,Stale Momentum-Friendly SAM-Muon [per-layer Frob],stale-momentum-friendly-sam-muon,muon,added,inf,0.02,2.6796663645680763,2.631883229618035,2.729746061461589,2.6900627590374375,0.0,0.02828427124743265,501
stale-momentum-friendly-sam-muon@per-layer,Stale Momentum-Friendly SAM-Muon [per-layer Frob],stale-momentum-friendly-sam-muon,muon,added,inf,0.05,2.7019623695734083,2.6418115146377543,2.731043120519403,2.6982479824854995,0.0,0.0707106781185818,501
stale-momentum-friendly-sam-muon@per-layer,Stale Momentum-Friendly SAM-Muon [per-layer Frob],stale-momentum-friendly-sam-muon,muon,added,inf,0.1,2.6765081026564257,2.648255583133846,2.7477069370333322,2.6958211734478237,0.0,0.14142135623716318,501
stale-momentum-friendly-sam-muon@per-layer,Stale Momentum-Friendly SAM-Muon [per-layer Frob],stale-momentum-friendly-sam-muon,muon,added,inf,0.2,2.675670020929542,2.6168339992623015,2.7254379427928352,2.6769204047245214,0.0,0.28284271247432735,501
stale-momentum-friendly-sam-muon@per-layer,Stale Momentum-Friendly SAM-Muon [per-layer Frob],stale-momentum-friendly-sam-muon,muon,added,inf,0.5,2.6072811337119375,2.574814166094346,2.7085906592449307,2.6288043561203187,0.0,0.7071067811858242,501
stale-momentum-friendly-sam-muon@per-layer,Stale Momentum-Friendly SAM-Muon [per-layer Frob],stale-momentum-friendly-sam-muon,muon,added,inf,1.0,2.4112872125111964,2.3710228421664734,2.4483715774220958,2.4095741831336692,0.0,1.4142135623717236,501
stale-momentum-sam-muon@global,Stale-Momentum SAM-Muon [global Frob],stale-momentum-sam-muon,muon,atlas_opt,1.1,0.01,2.4857657019085573,2.4711589746891685,2.5296677457028824,2.4960848247752403,0.0,0.0099999999999999,501
stale-momentum-sam-muon@global,Stale-Momentum SAM-Muon [global Frob],stale-momentum-sam-muon,muon,atlas_opt,1.1,0.02,2.486659163338615,2.4720567037577226,2.5294045667296454,2.496525819638226,0.0,0.0199999999999999,501
stale-momentum-sam-muon@global,Stale-Momentum SAM-Muon [global Frob],stale-momentum-sam-muon,muon,atlas_opt,1.1,0.05,2.4867327766395717,2.473399211308321,2.528953690049263,2.496864097529622,0.0,0.0499999999999998,501
stale-momentum-sam-muon@global,Stale-Momentum SAM-Muon [global Frob],stale-momentum-sam-muon,muon,atlas_opt,1.1,0.1,2.4883309826036983,2.473279323991403,2.5296338207020566,2.4972348679634377,0.0,0.09999999999999964,501
stale-momentum-sam-muon@global,Stale-Momentum SAM-Muon [global Frob],stale-momentum-sam-muon,muon,atlas_opt,1.1,0.2,2.490379911627989,2.4739805512186828,2.5293176716012864,2.497863036469721,0.0,0.19999999999999946,501
stale-momentum-sam-muon@global,Stale-Momentum SAM-Muon [global Frob],stale-momentum-sam-muon,muon,atlas_opt,1.1,0.5,2.4937123406567827,2.478243600854391,2.5308108470096817,2.5015443683275507,0.0,0.4999999999999986,501
stale-momentum-sam-muon@global,Stale-Momentum SAM-Muon [global Frob],stale-momentum-sam-muon,muon,atlas_opt,1.1,1.0,2.5008363400282914,2.482299529670677,2.5345784533652056,2.5059745981963095,0.0,0.999999999999997,501
stale-momentum-sam-muon@global,Stale-Momentum SAM-Muon [global Frob],stale-momentum-sam-muon,muon,atlas_opt,1.3,0.01,2.303961590888278,2.2417763754954825,2.343747226795002,2.3002417836465248,0.0,0.0099999999999998,501
stale-momentum-sam-muon@global,Stale-Momentum SAM-Muon [global Frob],stale-momentum-sam-muon,muon,atlas_opt,1.3,0.02,2.3080469945038566,2.239594661146719,2.3414121006214645,2.3004584582613403,0.0,0.0199999999999997,501
stale-momentum-sam-muon@global,Stale-Momentum SAM-Muon [global Frob],stale-momentum-sam-muon,muon,atlas_opt,1.3,0.05,2.3074565842931682,2.2417975508885126,2.340324303696252,2.300732509516892,0.0,0.0499999999999994,501
stale-momentum-sam-muon@global,Stale-Momentum SAM-Muon [global Frob],stale-momentum-sam-muon,muon,atlas_opt,1.3,0.1,2.3045269044047694,2.242545136886059,2.340343450279547,2.300408741425121,0.0,0.09999999999999884,501
stale-momentum-sam-muon@global,Stale-Momentum SAM-Muon [global Frob],stale-momentum-sam-muon,muon,atlas_opt,1.3,0.2,2.3018714048614495,2.2424635843105882,2.340821447886664,2.299321173692271,0.0,0.19999999999999765,501
stale-momentum-sam-muon@global,Stale-Momentum SAM-Muon [global Frob],stale-momentum-sam-muon,muon,atlas_opt,1.3,0.5,2.3042293259268494,2.2442323995915983,2.3406555101999746,2.3008787341682932,0.0,0.49999999999999445,501
stale-momentum-sam-muon@global,Stale-Momentum SAM-Muon [global Frob],stale-momentum-sam-muon,muon,atlas_opt,1.3,1.0,2.3028137276915053,2.2569719619981017,2.3349776861047666,2.3045714858097037,0.0,0.999999999999989,501
stale-momentum-sam-muon@global,Stale-Momentum SAM-Muon [global Frob],stale-momentum-sam-muon,muon,atlas_opt,1.6,0.01,2.361433402426573,2.3187661839802995,2.409385821143465,2.3585569576605345,0.0,0.0099999999999994,501
stale-momentum-sam-muon@global,Stale-Momentum SAM-Muon [global Frob],stale-momentum-sam-muon,muon,atlas_opt,1.6,0.02,2.35514216792075,2.320401368326498,2.4122755395638418,2.3601788249272433,0.0,0.0199999999999989,501
stale-momentum-sam-muon@global,Stale-Momentum SAM-Muon [global Frob],stale-momentum-sam-muon,muon,atlas_opt,1.6,0.05,2.360420438486317,2.3197232059438426,2.4101544848533765,2.362774113736355,0.0,0.0499999999999973,501
stale-momentum-sam-muon@global,Stale-Momentum SAM-Muon [global Frob],stale-momentum-sam-muon,muon,atlas_opt,1.6,0.1,2.3596927125538976,2.3133921707371745,2.403680642158474,2.35835887906995,0.0,0.09999999999999465,501
stale-momentum-sam-muon@global,Stale-Momentum SAM-Muon [global Frob],stale-momentum-sam-muon,muon,atlas_opt,1.6,0.2,2.353281968532225,2.3054114117394944,2.3902778172460932,2.349026348754097,0.0,0.1999999999999894,501
stale-momentum-sam-muon@global,Stale-Momentum SAM-Muon [global Frob],stale-momentum-sam-muon,muon,atlas_opt,1.6,0.5,2.312203555588261,2.281681113064673,2.3556608849891374,2.3303371086242786,0.0,0.4999999999999753,501
stale-momentum-sam-muon@global,Stale-Momentum SAM-Muon [global Frob],stale-momentum-sam-muon,muon,atlas_opt,1.6,1.0,2.267644979916599,2.220772604824362,2.3122322541388334,2.2837015322967553,0.0,0.9999999999999731,501
stale-momentum-sam-muon@global,Stale-Momentum SAM-Muon [global Frob],stale-momentum-sam-muon,muon,atlas_opt,2.0,0.01,2.5133049228291893,2.484554977329576,2.536323282711975,2.501530572614895,0.0,0.009999999999998899,501
stale-momentum-sam-muon@global,Stale-Momentum SAM-Muon [global Frob],stale-momentum-sam-muon,muon,atlas_opt,2.0,0.02,2.5210514097571837,2.483201425947982,2.536077621720272,2.504016437735411,0.0,0.019999999999997797,501
stale-momentum-sam-muon@global,Stale-Momentum SAM-Muon [global Frob],stale-momentum-sam-muon,muon,atlas_opt,2.0,0.05,2.502790748491419,2.474885604462873,2.5343817757550844,2.494515625860315,0.0,0.049999999999994604,501
stale-momentum-sam-muon@global,Stale-Momentum SAM-Muon [global Frob],stale-momentum-sam-muon,muon,atlas_opt,2.0,0.1,2.4883503826319764,2.446016265519263,2.520171579639791,2.476095909241989,0.0,0.09999999999998925,501
stale-momentum-sam-muon@global,Stale-Momentum SAM-Muon [global Frob],stale-momentum-sam-muon,muon,atlas_opt,2.0,0.2,2.4638437310801713,2.4315294161448207,2.4748201510708805,2.451474289509912,0.0,0.19999999999997886,501
stale-momentum-sam-muon@global,Stale-Momentum SAM-Muon [global Frob],stale-momentum-sam-muon,muon,atlas_opt,2.0,0.5,2.307244784364931,2.2785146244452346,2.340724383540278,2.300992426165567,0.0,0.4999999999999669,501
stale-momentum-sam-muon@global,Stale-Momentum SAM-Muon [global Frob],stale-momentum-sam-muon,muon,atlas_opt,2.0,1.0,2.229371276197047,2.212720295277471,2.2568137353145756,2.2370508456465634,0.0,0.9999999999999705,501
stale-momentum-sam-muon@global,Stale-Momentum SAM-Muon [global Frob],stale-momentum-sam-muon,muon,atlas_opt,3.0,0.01,2.7525614727013337,2.677690013108037,2.8221087534464737,2.7669344352647105,0.0,0.0099999999999979,501
stale-momentum-sam-muon@global,Stale-Momentum SAM-Muon [global Frob],stale-momentum-sam-muon,muon,atlas_opt,3.0,0.02,2.7464202412322285,2.6799366303704795,2.8103917087475434,2.765950026981516,0.0,0.0199999999999958,501
stale-momentum-sam-muon@global,Stale-Momentum SAM-Muon [global Frob],stale-momentum-sam-muon,muon,atlas_opt,3.0,0.05,2.730624072848857,2.67473521098872,2.819676812636607,2.760511556374949,0.0,0.04999999999998955,501
stale-momentum-sam-muon@global,Stale-Momentum SAM-Muon [global Frob],stale-momentum-sam-muon,muon,atlas_opt,3.0,0.1,2.712548751302373,2.6785078456738622,2.799899811515397,2.751629374098177,0.0,0.0999999999999792,501
stale-momentum-sam-muon@global,Stale-Momentum SAM-Muon [global Frob],stale-momentum-sam-muon,muon,atlas_opt,3.0,0.2,2.648304633541896,2.6154582027073467,2.748812165842195,2.6857678297817684,0.0,0.19999999999996027,501
stale-momentum-sam-muon@global,Stale-Momentum SAM-Muon [global Frob],stale-momentum-sam-muon,muon,atlas_opt,3.0,0.5,2.41050036505288,2.3765172122633684,2.431310314965514,2.3969384926440345,0.0,0.4999999999999739,501
stale-momentum-sam-muon@global,Stale-Momentum SAM-Muon [global Frob],stale-momentum-sam-muon,muon,atlas_opt,3.0,1.0,2.340448856910701,2.315663069899027,2.3898480183276973,2.3453846242107756,0.0,0.9999999999999637,501
stale-momentum-sam-muon@global,Stale-Momentum SAM-Muon [global Frob],stale-momentum-sam-muon,muon,atlas_opt,inf,0.01,2.6836269813009164,2.651167153970497,2.72572323102997,2.6939546525435123,0.0,0.0099999999999981,501
stale-momentum-sam-muon@global,Stale-Momentum SAM-Muon [global Frob],stale-momentum-sam-muon,muon,atlas_opt,inf,0.02,2.687974476306225,2.632697962955891,2.7314514873776137,2.6916790867750158,0.0,0.01999999999999625,501
stale-momentum-sam-muon@global,Stale-Momentum SAM-Muon [global Frob],stale-momentum-sam-muon,muon,atlas_opt,inf,0.05,2.675367819020539,2.641613371135337,2.7139562260379586,2.6858603074634613,0.0,0.049999999999990705,501
stale-momentum-sam-muon@global,Stale-Momentum SAM-Muon [global Frob],stale-momentum-sam-muon,muon,atlas_opt,inf,0.1,2.6393225524170827,2.6179019980747693,2.706609985245999,2.6657426787100484,0.0,0.09999999999998155,501
stale-momentum-sam-muon@global,Stale-Momentum SAM-Muon [global Frob],stale-momentum-sam-muon,muon,atlas_opt,inf,0.2,2.5800373314076057,2.5627424333671645,2.6201209500041176,2.5996258329236053,0.0,0.1999999999999654,501
stale-momentum-sam-muon@global,Stale-Momentum SAM-Muon [global Frob],stale-momentum-sam-muon,muon,atlas_opt,inf,0.5,2.3661896901901995,2.307887319512576,2.394068909924227,2.3515898255113816,0.0,0.49999999999997524,501
stale-momentum-sam-muon@global,Stale-Momentum SAM-Muon [global Frob],stale-momentum-sam-muon,muon,atlas_opt,inf,1.0,2.3105757613290034,2.302068521431689,2.3591494938582978,2.3399733451554745,0.0,0.9999999999999627,501
stale-momentum-sam-muon@per-layer,Stale-Momentum SAM-Muon [per-layer Frob],stale-momentum-sam-muon,muon,atlas_opt,1.1,0.01,2.4862271219889225,2.4713277387248676,2.5293497948614823,2.4961640169883292,0.0,0.0141421356237308,501
stale-momentum-sam-muon@per-layer,Stale-Momentum SAM-Muon [per-layer Frob],stale-momentum-sam-muon,muon,atlas_opt,1.1,0.02,2.486212743225158,2.4726224895733515,2.5296081539503374,2.4966154426103673,0.0,0.0282842712474617,501
stale-momentum-sam-muon@per-layer,Stale-Momentum SAM-Muon [per-layer Frob],stale-momentum-sam-muon,muon,atlas_opt,1.1,0.05,2.4866186073305574,2.4730813654083366,2.5291464915516,2.4969120515064605,0.0,0.07071067811865431,501
stale-momentum-sam-muon@per-layer,Stale-Momentum SAM-Muon [per-layer Frob],stale-momentum-sam-muon,muon,atlas_opt,1.1,0.1,2.488792285297932,2.472610127654274,2.529423207460932,2.4976147550243533,0.0,0.1414213562373087,501
stale-momentum-sam-muon@per-layer,Stale-Momentum SAM-Muon [per-layer Frob],stale-momentum-sam-muon,muon,atlas_opt,1.1,0.2,2.490182977230278,2.476166902483413,2.529110501067182,2.499287031364358,0.0,0.28284271247461734,501
stale-momentum-sam-muon@per-layer,Stale-Momentum SAM-Muon [per-layer Frob],stale-momentum-sam-muon,muon,atlas_opt,1.1,0.5,2.494595697613428,2.4826538699869642,2.5341879253139075,2.504954367661933,0.0,0.7071067811865432,501
stale-momentum-sam-muon@per-layer,Stale-Momentum SAM-Muon [per-layer Frob],stale-momentum-sam-muon,muon,atlas_opt,1.1,1.0,2.5032888808426206,2.4882007521346416,2.5366658542856477,2.5088873112987162,0.0,1.4142135623730865,501
stale-momentum-sam-muon@per-layer,Stale-Momentum SAM-Muon [per-layer Frob],stale-momentum-sam-muon,muon,atlas_opt,1.3,0.01,2.3045952008015806,2.2402482085158324,2.343517935494022,2.2998503308131992,0.0,0.0141421356237306,501
stale-momentum-sam-muon@per-layer,Stale-Momentum SAM-Muon [per-layer Frob],stale-momentum-sam-muon,muon,atlas_opt,1.3,0.02,2.305710838955454,2.240869624949921,2.3420895840091562,2.299759521849447,0.0,0.028284271247461253,501
stale-momentum-sam-muon@per-layer,Stale-Momentum SAM-Muon [per-layer Frob],stale-momentum-sam-muon,muon,atlas_opt,1.3,0.05,2.3072373082840083,2.2422395568933764,2.3398050593748336,2.3010530603355743,0.0,0.0707106781186532,501
stale-momentum-sam-muon@per-layer,Stale-Momentum SAM-Muon [per-layer Frob],stale-momentum-sam-muon,muon,atlas_opt,1.3,0.1,2.303954382710227,2.2395095633718656,2.3415090242299987,2.2984293627382315,0.0,0.14142135623730645,501
stale-momentum-sam-muon@per-layer,Stale-Momentum SAM-Muon [per-layer Frob],stale-momentum-sam-muon,muon,atlas_opt,1.3,0.2,2.3033679878261326,2.243671449430491,2.3400957716476367,2.2993918952929953,0.0,0.28284271247461296,501
stale-momentum-sam-muon@per-layer,Stale-Momentum SAM-Muon [per-layer Frob],stale-momentum-sam-muon,muon,atlas_opt,1.3,0.5,2.297493849020668,2.2451173756782072,2.3350832799546795,2.299498161754336,0.0,0.7071067811865324,501
stale-momentum-sam-muon@per-layer,Stale-Momentum SAM-Muon [per-layer Frob],stale-momentum-sam-muon,muon,atlas_opt,1.3,1.0,2.2974816754799066,2.2551527412765537,2.3213016271470663,2.2979436614129227,0.0,1.4142135623730652,501
stale-momentum-sam-muon@per-layer,Stale-Momentum SAM-Muon [per-layer Frob],stale-momentum-sam-muon,muon,atlas_opt,1.6,0.01,2.3514279785627594,2.3196142729691287,2.4125262995346177,2.358934859162969,0.0,0.01414213562372975,501
stale-momentum-sam-muon@per-layer,Stale-Momentum SAM-Muon [per-layer Frob],stale-momentum-sam-muon,muon,atlas_opt,1.6,0.02,2.3536560465133745,2.3193612877449423,2.4062769071044756,2.35917731026525,0.0,0.028284271247459553,501
stale-momentum-sam-muon@per-layer,Stale-Momentum SAM-Muon [per-layer Frob],stale-momentum-sam-muon,muon,atlas_opt,1.6,0.05,2.360548887236126,2.3141476841788164,2.4020160206312218,2.3581124720634716,0.0,0.07071067811864895,501
stale-momentum-sam-muon@per-layer,Stale-Momentum SAM-Muon [per-layer Frob],stale-momentum-sam-muon,muon,atlas_opt,1.6,0.1,2.3592434980683334,2.309041073272986,2.4031852150565474,2.3532548563207047,0.0,0.141421356237298,501
stale-momentum-sam-muon@per-layer,Stale-Momentum SAM-Muon [per-layer Frob],stale-momentum-sam-muon,muon,atlas_opt,1.6,0.2,2.3476743139332275,2.3033894094591494,2.383795071174206,2.350055598728858,0.0,0.28284271247459614,501
stale-momentum-sam-muon@per-layer,Stale-Momentum SAM-Muon [per-layer Frob],stale-momentum-sam-muon,muon,atlas_opt,1.6,0.5,2.285020346173795,2.263799288679933,2.3347745509967197,2.3088061921832903,0.0,0.7071067811865022,501
stale-momentum-sam-muon@per-layer,Stale-Momentum SAM-Muon [per-layer Frob],stale-momentum-sam-muon,muon,atlas_opt,1.6,1.0,2.205774247340953,2.1821937013146533,2.2374814983395117,2.2219469524192386,0.0,1.4142135623730414,501
stale-momentum-sam-muon@per-layer,Stale-Momentum SAM-Muon [per-layer Frob],stale-momentum-sam-muon,muon,atlas_opt,2.0,0.01,2.5173191720964043,2.481964063835866,2.5274460486693844,2.500534133281689,0.0,0.014142135623728399,501
stale-momentum-sam-muon@per-layer,Stale-Momentum SAM-Muon [per-layer Frob],stale-momentum-sam-muon,muon,atlas_opt,2.0,0.02,2.5114902795160843,2.4798859745783792,2.531496283916589,2.4980373465463535,0.0,0.02828427124745685,501
stale-momentum-sam-muon@per-layer,Stale-Momentum SAM-Muon [per-layer Frob],stale-momentum-sam-muon,muon,atlas_opt,2.0,0.05,2.501830636825745,2.4763518438734717,2.5235402790164354,2.4906138366484383,0.0,0.07071067811864225,501
stale-momentum-sam-muon@per-layer,Stale-Momentum SAM-Muon [per-layer Frob],stale-momentum-sam-muon,muon,atlas_opt,2.0,0.1,2.482076929024903,2.457574488336674,2.4978548579767903,2.4698862457345063,0.0,0.14142135623728475,501
stale-momentum-sam-muon@per-layer,Stale-Momentum SAM-Muon [per-layer Frob],stale-momentum-sam-muon,muon,atlas_opt,2.0,0.2,2.426889289581376,2.388337962777099,2.457285142563538,2.41914381049357,0.0,0.28284271247457315,501
stale-momentum-sam-muon@per-layer,Stale-Momentum SAM-Muon [per-layer Frob],stale-momentum-sam-muon,muon,atlas_opt,2.0,0.5,2.246585814104181,2.1750839701080382,2.280580671300216,2.221445180704843,0.0,0.7071067811864904,501
stale-momentum-sam-muon@per-layer,Stale-Momentum SAM-Muon [per-layer Frob],stale-momentum-sam-muon,muon,atlas_opt,2.0,1.0,2.370783356597888,2.273461911476116,2.3895985724735045,2.3292583901513626,0.0,1.4142135623730328,501
stale-momentum-sam-muon@per-layer,Stale-Momentum SAM-Muon [per-layer Frob],stale-momentum-sam-muon,muon,atlas_opt,3.0,0.01,2.753322827551407,2.6779845825013395,2.8303132764443415,2.7676145086784905,0.0,0.0141421356237263,501
stale-momentum-sam-muon@per-layer,Stale-Momentum SAM-Muon [per-layer Frob],stale-momentum-sam-muon,muon,atlas_opt,3.0,0.02,2.7395669957895095,2.670836925338206,2.816902021482019,2.7546165175617947,0.0,0.0282842712474527,501
stale-momentum-sam-muon@per-layer,Stale-Momentum SAM-Muon [per-layer Frob],stale-momentum-sam-muon,muon,atlas_opt,3.0,0.05,2.726195082746254,2.672063162598566,2.8090027693145134,2.7589767557698677,0.0,0.07071067811863195,501
stale-momentum-sam-muon@per-layer,Stale-Momentum SAM-Muon [per-layer Frob],stale-momentum-sam-muon,muon,atlas_opt,3.0,0.1,2.690011065674257,2.64619825745085,2.7729134841273364,2.7215310995028643,0.0,0.14142135623726454,501
stale-momentum-sam-muon@per-layer,Stale-Momentum SAM-Muon [per-layer Frob],stale-momentum-sam-muon,muon,atlas_opt,3.0,0.2,2.5868996409803766,2.5439402140836767,2.6314683647398756,2.578014328597134,0.0,0.2828427124745531,501
stale-momentum-sam-muon@per-layer,Stale-Momentum SAM-Muon [per-layer Frob],stale-momentum-sam-muon,muon,atlas_opt,3.0,0.5,2.3206203798341885,2.297294046209777,2.3505692488588057,2.3231085106402594,0.0,0.707106781186479,501
stale-momentum-sam-muon@per-layer,Stale-Momentum SAM-Muon [per-layer Frob],stale-momentum-sam-muon,muon,atlas_opt,3.0,1.0,2.4733812956206283,2.4480928205738595,2.5088532526450424,2.4879073725419203,0.0,1.414213562373035,501
stale-momentum-sam-muon@per-layer,Stale-Momentum SAM-Muon [per-layer Frob],stale-momentum-sam-muon,muon,atlas_opt,inf,0.01,2.7027453880506025,2.630347355025261,2.736254494169848,2.6966255391110736,0.0,0.014142135623726751,501
stale-momentum-sam-muon@per-layer,Stale-Momentum SAM-Muon [per-layer Frob],stale-momentum-sam-muon,muon,atlas_opt,inf,0.02,2.678578026506986,2.6138230681418593,2.733585793068541,2.686598199370379,0.0,0.0282842712474536,501
stale-momentum-sam-muon@per-layer,Stale-Momentum SAM-Muon [per-layer Frob],stale-momentum-sam-muon,muon,atlas_opt,inf,0.05,2.6571838736968463,2.615683199634196,2.730469009782566,2.6796793793439906,0.0,0.07071067811863416,501
stale-momentum-sam-muon@per-layer,Stale-Momentum SAM-Muon [per-layer Frob],stale-momentum-sam-muon,muon,atlas_opt,inf,0.1,2.6139166328436874,2.596397806757433,2.709061241318623,2.6563600779064043,0.0,0.14142135623726892,501
stale-momentum-sam-muon@per-layer,Stale-Momentum SAM-Muon [per-layer Frob],stale-momentum-sam-muon,muon,atlas_opt,inf,0.2,2.512233753282068,2.4518551975969785,2.5566562211694,2.5160809617288704,0.0,0.28284271247455794,501
stale-momentum-sam-muon@per-layer,Stale-Momentum SAM-Muon [per-layer Frob],stale-momentum-sam-muon,muon,atlas_opt,inf,0.5,2.329557818944485,2.276504445731912,2.355316866801076,2.313976018956483,0.0,0.707106781186475,501
stale-momentum-sam-muon@per-layer,Stale-Momentum SAM-Muon [per-layer Frob],stale-momentum-sam-muon,muon,atlas_opt,inf,1.0,2.4701178944694764,2.4171820041682928,2.5228838104323232,2.4690797099551305,0.0,1.4142135623730296,501
