depth,algorithm,variant,label,frobenius_mode,outer,source,geometry,origin,alpha,rho,rho_units,lr,noise_model,noise_scale,loss_type,F_star,seed,diverged,death_step,steps,oracle_calls,final_objective,final_gap,final_excess_risk,final_dist_to_opt,final_grad_norm,final_perturbation_frob,final_perturbation_op,final_update_frob,final_sharpness_gap,final_balancedness,final_effective_rank,final_lambda_max,final_train_acc,final_val_acc,final_val_loss
2,sgd,sgd,SGD,,sgd,,,both,1.1,,nominal,0.1,additive,1.0,mse,0.0994808730722126,0,0,-1,500,500,9.541412881337244,9.44193200826503,6.741275888170321,37.43033600476072,3.2196996076170272,0.0,0.0,94.8358770916233,0.0,114.74244444010972,18.976112052632693,,,,
2,sgd,sgd,SGD,,sgd,,,both,1.1,,nominal,0.1,additive,1.0,mse,0.0994808730722126,1,0,-1,500,500,9.326993600732246,9.227512727660033,6.308884269755257,32.00661791281242,3.742662304394874,0.0,0.0,110.24177286155064,0.0,115.4450460075837,19.12776277206036,,,,
2,sgd,sgd,SGD,,sgd,,,both,1.1,,nominal,0.1,additive,1.0,mse,0.0994808730722126,2,0,-1,500,500,9.687733921379651,9.58825304830744,6.4968837563456585,39.543133475062575,2.924751822800326,0.0,0.0,100.95370594044832,0.0,113.974016438788,19.14748222050332,,,,
2,sgd,sgd,SGD,,sgd,,,both,1.1,,nominal,0.1,additive,1.0,mse,0.0994808730722126,3,0,-1,500,500,9.27435742383214,9.174876550759928,6.369260296370358,39.16152425924501,2.738157239524727,0.0,0.0,149.89006044251255,0.0,115.4576617096126,20.445614509671827,,,,
2,sgd,sgd,SGD,,sgd,,,both,1.1,,nominal,0.1,additive,1.0,mse,0.0994808730722126,4,0,-1,500,500,7.039141644033098,6.939660770960885,4.12083074023795,31.43457935576146,2.316096990401389,0.0,0.0,421.54858896058056,0.0,112.8176843789164,18.78865158614222,,,,
2,sgd,sgd,SGD,,sgd,,,both,1.1,,nominal,0.1,additive,1.0,mse,0.0994808730722126,5,0,-1,500,500,9.28052564960822,9.181044776536009,6.067563846275551,35.51341654696534,3.1098048724076017,0.0,0.0,169.5233246293008,0.0,123.92456305806326,19.468754341861683,,,,
2,sgd,sgd,SGD,,sgd,,,both,1.1,,nominal,0.1,additive,1.0,mse,0.0994808730722126,6,0,-1,500,500,7.382001226438609,7.2825203533663965,4.462490718771424,30.774549395076036,2.5635657861199883,0.0,0.0,120.10190876960311,0.0,107.83335613632612,18.84240348432642,,,,
2,sgd,sgd,SGD,,sgd,,,both,1.1,,nominal,0.1,additive,1.0,mse,0.0994808730722126,7,0,-1,500,500,7.635903950128407,7.536423077056194,4.4228197853227,28.912112689791503,2.893402460815689,0.0,0.0,74.0109617925147,0.0,119.14751843535916,19.843938579746613,,,,
2,sgd,sgd,SGD,,sgd,,,both,1.3,,nominal,0.1,additive,1.0,mse,0.0994808730722126,0,0,-1,500,500,3.3479085403862863,3.2484276673140737,0.8345125579123828,14.575691705817334,0.7501814366553085,0.0,0.0,65.80381103452541,0.0,101.28232956220744,20.082042899317816,,,,
2,sgd,sgd,SGD,,sgd,,,both,1.3,,nominal,0.1,additive,1.0,mse,0.0994808730722126,1,0,-1,500,500,2.7547688219055537,2.655287948833341,0.7351021612408346,15.170379444675524,0.6599660390672187,0.0,0.0,57.87377168915857,0.0,80.9286239322404,20.72841482226879,,,,
2,sgd,sgd,SGD,,sgd,,,both,1.3,,nominal,0.1,additive,1.0,mse,0.0994808730722126,2,0,-1,500,500,3.24237369468079,3.1428928216085774,0.7742472681944215,14.783181887044062,0.6312117329210991,0.0,0.0,19.39597309052476,0.0,101.2454883932335,19.26397657480878,,,,
2,sgd,sgd,SGD,,sgd,,,both,1.3,,nominal,0.1,additive,1.0,mse,0.0994808730722126,3,0,-1,500,500,3.4879684894186123,3.3884876163464,1.1840694300045849,18.540805932018976,1.0849383576408065,0.0,0.0,43.59622036808111,0.0,92.15463042444487,20.04185064725065,,,,
2,sgd,sgd,SGD,,sgd,,,both,1.3,,nominal,0.1,additive,1.0,mse,0.0994808730722126,4,0,-1,500,500,3.4346363016813197,3.3351554286091067,1.2584408020108078,15.702986440568424,1.4495396134688014,0.0,0.0,36.65792925646588,0.0,88.91771612062709,21.539245845555826,,,,
2,sgd,sgd,SGD,,sgd,,,both,1.3,,nominal,0.1,additive,1.0,mse,0.0994808730722126,5,0,-1,500,500,2.9645451022803835,2.865064229208171,0.6008826803595899,12.908998826040811,0.6019899919778373,0.0,0.0,17.07215846934291,0.0,97.23021488510147,20.38217330159353,,,,
2,sgd,sgd,SGD,,sgd,,,both,1.3,,nominal,0.1,additive,1.0,mse,0.0994808730722126,6,0,-1,500,500,3.2590229018994563,3.159542028827244,1.02184722573699,16.355255297041012,0.8939283674495504,0.0,0.0,44.325169836758185,0.0,90.81240336874204,19.128954212464382,,,,
2,sgd,sgd,SGD,,sgd,,,both,1.3,,nominal,0.1,additive,1.0,mse,0.0994808730722126,7,0,-1,500,500,2.830833932592769,2.7313530595205564,0.669046205451586,12.39173797765715,0.5896290056597011,0.0,0.0,37.40962620574492,0.0,89.31499407725494,21.74687027176304,,,,
2,sgd,sgd,SGD,,sgd,,,both,1.6,,nominal,0.1,additive,1.0,mse,0.0994808730722126,0,0,-1,500,500,1.160378175221795,1.0608973021495824,0.1911820604743085,6.332425329683495,0.2382438779573174,0.0,0.0,24.214653217545425,0.0,46.60548689761136,20.248098771393547,,,,
2,sgd,sgd,SGD,,sgd,,,both,1.6,,nominal,0.1,additive,1.0,mse,0.0994808730722126,1,0,-1,500,500,1.1260215747711193,1.0265407016989068,0.1579758169036683,5.714704364134014,0.2331226728062089,0.0,0.0,7.864484485545071,0.0,44.7635750645455,20.2949210080811,,,,
2,sgd,sgd,SGD,,sgd,,,both,1.6,,nominal,0.1,additive,1.0,mse,0.0994808730722126,2,0,-1,500,500,1.096293898032314,0.9968130249601014,0.1240805482377593,4.887152880393459,0.1975871765296381,0.0,0.0,7.623812021056691,0.0,48.39128762752767,20.71419997844194,,,,
2,sgd,sgd,SGD,,sgd,,,both,1.6,,nominal,0.1,additive,1.0,mse,0.0994808730722126,3,0,-1,500,500,1.0019341885252735,0.9024533154530612,0.1553924617042454,5.747552191902552,0.2285956216126842,0.0,0.0,10.456851069538692,0.0,39.92753924884918,20.992513978701822,,,,
2,sgd,sgd,SGD,,sgd,,,both,1.6,,nominal,0.1,additive,1.0,mse,0.0994808730722126,4,0,-1,500,500,1.124632905460276,1.0251520323880632,0.1473863110858504,5.661709333927432,0.2152648221785142,0.0,0.0,7.148039676523371,0.0,47.76150773193375,20.97895442906665,,,,
2,sgd,sgd,SGD,,sgd,,,both,1.6,,nominal,0.1,additive,1.0,mse,0.0994808730722126,5,0,-1,500,500,1.0786855593066895,0.9792046862344772,0.1282878071841648,5.1829940108534736,0.2177957983159172,0.0,0.0,16.56086436898915,0.0,43.14781826735715,20.62829950443049,,,,
2,sgd,sgd,SGD,,sgd,,,both,1.6,,nominal,0.1,additive,1.0,mse,0.0994808730722126,6,0,-1,500,500,1.0551844930431538,0.9557036199709412,0.1845908578793254,5.768513547325189,0.2529620014828057,0.0,0.0,7.98652701101621,0.0,37.45681712203698,20.37085064349348,,,,
2,sgd,sgd,SGD,,sgd,,,both,1.6,,nominal,0.1,additive,1.0,mse,0.0994808730722126,7,0,-1,500,500,1.1115541782306058,1.0120733051583932,0.1632616621612932,5.503749119112953,0.2348259409550901,0.0,0.0,6.516210168380418,0.0,46.62342314450997,20.77678038221412,,,,
2,sgd,sgd,SGD,,sgd,,,both,2.0,,nominal,0.1,additive,1.0,mse,0.0994808730722126,0,0,-1,500,500,0.3030391753198498,0.2035583022476372,0.0462891415199497,2.3517697923614325,0.0877725396817229,0.0,0.0,4.481131959256947,0.0,8.10820148938667,17.716329795662027,,,,
2,sgd,sgd,SGD,,sgd,,,both,2.0,,nominal,0.1,additive,1.0,mse,0.0994808730722126,1,0,-1,500,500,0.350478300964594,0.2509974278923814,0.0545833483349365,2.4462565373398517,0.1062258090286451,0.0,0.0,3.7468464883271455,0.0,12.99600609381356,17.168886626827696,,,,
2,sgd,sgd,SGD,,sgd,,,both,2.0,,nominal,0.1,additive,1.0,mse,0.0994808730722126,2,0,-1,500,500,0.2771528997238103,0.1776720266515976,0.0494907721241297,2.2838526349950943,0.0847667753179912,0.0,0.0,3.2799092435523747,0.0,6.608310386555634,16.755146199418565,,,,
2,sgd,sgd,SGD,,sgd,,,both,2.0,,nominal,0.1,additive,1.0,mse,0.0994808730722126,3,0,-1,500,500,0.321056755364893,0.2215758822926803,0.0494373987192005,2.4167531128368465,0.0890025788568893,0.0,0.0,3.5447416568371874,0.0,9.381098147173068,17.720068132904842,,,,
2,sgd,sgd,SGD,,sgd,,,both,2.0,,nominal,0.1,additive,1.0,mse,0.0994808730722126,4,0,-1,500,500,0.3242131588883824,0.2247322858161697,0.046286738885022,2.285584296108583,0.0914630420629546,0.0,0.0,5.299523556496481,0.0,9.804950374000052,17.18685178519308,,,,
2,sgd,sgd,SGD,,sgd,,,both,2.0,,nominal,0.1,additive,1.0,mse,0.0994808730722126,5,0,-1,500,500,0.2806660141185589,0.1811851410463463,0.0468610179219448,2.210223601765923,0.0835742393938055,0.0,0.0,3.903489974875842,0.0,7.073149848913949,17.103854480022417,,,,
2,sgd,sgd,SGD,,sgd,,,both,2.0,,nominal,0.1,additive,1.0,mse,0.0994808730722126,6,0,-1,500,500,0.3328193018624837,0.2333384287902711,0.0556381993388935,2.742572430607963,0.1005511099981044,0.0,0.0,19.940503885597245,0.0,8.637841165254644,18.534145379908157,,,,
2,sgd,sgd,SGD,,sgd,,,both,2.0,,nominal,0.1,additive,1.0,mse,0.0994808730722126,7,0,-1,500,500,0.4185259517193042,0.3190450786470915,0.0523177352346678,2.562619057125554,0.1042108310689426,0.0,0.0,3.5149907748488234,0.0,23.68086620829724,17.174277285086823,,,,
2,sgd,sgd,SGD,,sgd,,,both,3.0,,nominal,0.1,additive,1.0,mse,0.0994808730722126,0,0,-1,500,500,0.1588316490100315,0.0593507759378189,0.0273151872256598,1.0973546492068886,0.0450361885039896,0.0,0.0,2.0327662071532067,0.0,2.2624276604718427,12.47213310655888,,,,
2,sgd,sgd,SGD,,sgd,,,both,3.0,,nominal,0.1,additive,1.0,mse,0.0994808730722126,1,0,-1,500,500,0.1569426456778715,0.0574617726056589,0.0259288355300065,1.0875181052307232,0.0441006834436951,0.0,0.0,2.038160950651349,0.0,2.2447792643683946,12.250344407809958,,,,
2,sgd,sgd,SGD,,sgd,,,both,3.0,,nominal,0.1,additive,1.0,mse,0.0994808730722126,2,0,-1,500,500,0.1584834092464905,0.0590025361742778,0.0254305731976265,1.1413274885517375,0.0454563245782894,0.0,0.0,2.008136494727708,0.0,2.251132094156771,12.293450442480877,,,,
2,sgd,sgd,SGD,,sgd,,,both,3.0,,nominal,0.1,additive,1.0,mse,0.0994808730722126,3,0,-1,500,500,0.1600380497286393,0.0605571766564267,0.027843904226543,1.1739499609002173,0.0454434788005272,0.0,0.0,2.1042608290250437,0.0,2.318896787361155,12.584710348454498,,,,
2,sgd,sgd,SGD,,sgd,,,both,3.0,,nominal,0.1,additive,1.0,mse,0.0994808730722126,4,0,-1,500,500,0.1571717885419407,0.0576909154697281,0.0252753799601169,1.0806339789529338,0.0435387717069458,0.0,0.0,2.0472937886848515,0.0,2.2487815212842737,12.078988966612998,,,,
2,sgd,sgd,SGD,,sgd,,,both,3.0,,nominal,0.1,additive,1.0,mse,0.0994808730722126,5,0,-1,500,500,0.1586907905624388,0.0592099174902261,0.0261949034643519,1.1473356135998023,0.0440380558521149,0.0,0.0,2.032517035493004,0.0,2.24738323669523,12.272789933491238,,,,
2,sgd,sgd,SGD,,sgd,,,both,3.0,,nominal,0.1,additive,1.0,mse,0.0994808730722126,6,0,-1,500,500,0.1577284210698478,0.0582475479976352,0.0267114421126312,1.0832762653503525,0.0445290809713143,0.0,0.0,2.0174164169813205,0.0,2.2957812468940224,12.434313010654536,,,,
2,sgd,sgd,SGD,,sgd,,,both,3.0,,nominal,0.1,additive,1.0,mse,0.0994808730722126,7,0,-1,500,500,0.159311094128959,0.0598302210567464,0.0284171176623032,1.1615505631035894,0.0457514473192552,0.0,0.0,2.0529783949326834,0.0,2.181397726356165,12.655989438018269,,,,
2,sgd,sgd,SGD,,sgd,,,both,inf,,nominal,0.1,additive,1.0,mse,0.0994808730722126,0,0,-1,500,500,0.1658959738538084,0.0664151007815957,0.0278218638961447,1.1797647193291023,0.0481114317512779,0.0,0.0,2.241063159319634,0.0,2.544475064770879,12.700882416581033,,,,
2,sgd,sgd,SGD,,sgd,,,both,inf,,nominal,0.1,additive,1.0,mse,0.0994808730722126,1,0,-1,500,500,0.1677392343656309,0.0682583612934183,0.0289733259394295,1.189919491320217,0.048068226111009,0.0,0.0,2.240720900403706,0.0,2.7598741565764606,12.80611126494108,,,,
2,sgd,sgd,SGD,,sgd,,,both,inf,,nominal,0.1,additive,1.0,mse,0.0994808730722126,2,0,-1,500,500,0.1675315032849555,0.0680506302127429,0.0302537458155528,1.1737111424911209,0.0490976875409384,0.0,0.0,2.2556709475984653,0.0,2.636409187238129,12.879788641136386,,,,
2,sgd,sgd,SGD,,sgd,,,both,inf,,nominal,0.1,additive,1.0,mse,0.0994808730722126,3,0,-1,500,500,0.1654085351322743,0.0659276620600616,0.0289066571027457,1.1768842494906695,0.0477242254328841,0.0,0.0,2.2230920372043723,0.0,2.301653636751956,13.089787647479133,,,,
2,sgd,sgd,SGD,,sgd,,,both,inf,,nominal,0.1,additive,1.0,mse,0.0994808730722126,4,0,-1,500,500,0.1662790129324,0.0667981398601873,0.0289728530075654,1.1691046445441764,0.0478487572401187,0.0,0.0,2.223400031561638,0.0,2.543345462698649,12.978020115014049,,,,
2,sgd,sgd,SGD,,sgd,,,both,inf,,nominal,0.1,additive,1.0,mse,0.0994808730722126,5,0,-1,500,500,0.1667902862408528,0.0673094131686401,0.0280717089206582,1.2517036393729577,0.0489273349833587,0.0,0.0,2.2973351038694902,0.0,2.615152474817819,13.048900799803606,,,,
2,sgd,sgd,SGD,,sgd,,,both,inf,,nominal,0.1,additive,1.0,mse,0.0994808730722126,6,0,-1,500,500,0.1677299513847954,0.0682490783125827,0.0276649314407282,1.2299647701623542,0.0482649290613331,0.0,0.0,2.262055809262768,0.0,2.614148435495996,12.41101690898316,,,,
2,sgd,sgd,SGD,,sgd,,,both,inf,,nominal,0.1,additive,1.0,mse,0.0994808730722126,7,0,-1,500,500,0.167573066214639,0.0680921931424263,0.0299236154003428,1.287435883536988,0.0479476050566596,0.0,0.0,2.205829501033861,0.0,2.592666261526592,12.773843460387274,,,,
2,msam,msam@global,Momentum-SAM (MSAM) [global Frob],global,sgd,momentum_lookahead,frobenius,added,1.1,0.05,nominal,0.1,additive,1.0,mse,0.09948087307221265,0,0,-1,500,501,9.533930662266508,9.434449789194295,6.733290263904955,37.432923264984424,3.2144371227779813,0.04999999999999953,0.031700920837858755,94.7062396081272,-0.03948479832000551,114.7676814772827,18.972187260301492,nan,nan,nan,nan
2,msam,msam@global,Momentum-SAM (MSAM) [global Frob],global,sgd,momentum_lookahead,frobenius,added,1.1,0.05,nominal,0.1,additive,1.0,mse,0.09948087307221265,1,0,-1,500,501,9.281576336384543,9.18209546331233,6.26517656196706,31.98129481615321,3.7093751996813307,0.04999999999999932,0.030660442002049683,109.89994006287894,-0.08208697164146805,115.50218634813092,19.132714876034814,nan,nan,nan,nan
2,msam,msam@global,Momentum-SAM (MSAM) [global Frob],global,sgd,momentum_lookahead,frobenius,added,1.1,0.05,nominal,0.1,additive,1.0,mse,0.09948087307221265,2,0,-1,500,501,9.687730514306379,9.588249641234166,6.494212269187193,39.52418610166788,2.926581386244527,0.04999999999999955,0.03716371926693933,100.81723933084118,-0.03396424840099321,114.05197925269695,19.144053550403463,nan,nan,nan,nan
2,msam,msam@global,Momentum-SAM (MSAM) [global Frob],global,sgd,momentum_lookahead,frobenius,added,1.1,0.05,nominal,0.1,additive,1.0,mse,0.09948087307221265,3,0,-1,500,501,9.270805692706343,9.17132481963413,6.362910133752128,39.143176431079866,2.7370630087266576,0.0499999999999997,0.03476255911526452,149.85333125442259,-0.013525328120191915,115.57025476638768,20.449078266966772,nan,nan,nan,nan
2,msam,msam@global,Momentum-SAM (MSAM) [global Frob],global,sgd,momentum_lookahead,frobenius,added,1.1,0.05,nominal,0.1,additive,1.0,mse,0.09948087307221265,4,0,-1,500,501,7.040773573581577,6.941292700509364,4.120021597908641,31.446125649102136,2.3163192266105743,0.049999999999999885,0.04918408964571944,421.533930794757,0.006919927960325367,112.88055395701596,18.780104182819738,nan,nan,nan,nan
2,msam,msam@global,Momentum-SAM (MSAM) [global Frob],global,sgd,momentum_lookahead,frobenius,added,1.1,0.05,nominal,0.1,additive,1.0,mse,0.09948087307221265,5,0,-1,500,501,9.280657523147147,9.181176650074933,6.066106788283451,35.53739859031414,3.105913843735076,0.049999999999999725,0.041041461774985036,169.46952470748,0.009544858939129597,123.95914237006171,19.470704737103496,nan,nan,nan,nan
2,msam,msam@global,Momentum-SAM (MSAM) [global Frob],global,sgd,momentum_lookahead,frobenius,added,1.1,0.05,nominal,0.1,additive,1.0,mse,0.09948087307221265,6,0,-1,500,501,7.379110073416245,7.279629200344033,4.457274914928241,30.777413721650376,2.5618548858525325,0.049999999999999545,0.03167809020878109,119.9593837725105,-0.017606363525015212,107.87996351175282,18.843478963027543,nan,nan,nan,nan
2,msam,msam@global,Momentum-SAM (MSAM) [global Frob],global,sgd,momentum_lookahead,frobenius,added,1.1,0.05,nominal,0.1,additive,1.0,mse,0.09948087307221265,7,0,-1,500,501,7.621024177471128,7.521543304398915,4.407938797726114,28.881307521552312,2.885158214298276,0.04999999999999939,0.026799884089717917,73.95108604973642,-0.013865619215784442,119.18951415926027,19.836259058190535,nan,nan,nan,nan
2,msam,msam@global,Momentum-SAM (MSAM) [global Frob],global,sgd,momentum_lookahead,frobenius,added,1.1,0.02,nominal,0.1,additive,1.0,mse,0.09948087307221265,0,0,-1,500,501,9.538411117895476,9.438930244823263,6.73807257913374,37.431359232905166,3.217583869367431,0.019999999999999803,0.01267541945888329,94.78358826187481,-0.015969622684917084,114.75260994129307,18.97456772296647,nan,nan,nan,nan
2,msam,msam@global,Momentum-SAM (MSAM) [global Frob],global,sgd,momentum_lookahead,frobenius,added,1.1,0.02,nominal,0.1,additive,1.0,mse,0.09948087307221265,1,0,-1,500,501,9.308752269326394,9.20927139625418,6.29134081737732,31.996657726280482,3.729257400998584,0.019999999999999737,0.012338211506417843,110.10313152034755,-0.03364817866499692,115.46826795383198,19.129812561561575,nan,nan,nan,nan
2,msam,msam@global,Momentum-SAM (MSAM) [global Frob],global,sgd,momentum_lookahead,frobenius,added,1.1,0.02,nominal,0.1,additive,1.0,mse,0.09948087307221265,2,0,-1,500,501,9.68779463905442,9.588313765982207,6.495858110242273,39.5358360922153,2.9254948006383787,0.01999999999999982,0.014854846989618453,100.89877684643885,-0.013711272173704714,114.00548078920508,19.14533292555582,nan,nan,nan,nan
2,msam,msam@global,Momentum-SAM (MSAM) [global Frob],global,sgd,momentum_lookahead,frobenius,added,1.1,0.02,nominal,0.1,additive,1.0,mse,0.09948087307221265,3,0,-1,500,501,9.272956693407844,9.17347582033563,6.366730400390196,39.15423281775822,2.7377216123181167,0.019999999999999865,0.013904550065526503,149.87533372007474,-0.005450959266921629,115.50283905336796,20.44705523826767,nan,nan,nan,nan
2,msam,msam@global,Momentum-SAM (MSAM) [global Frob],global,sgd,momentum_lookahead,frobenius,added,1.1,0.02,nominal,0.1,additive,1.0,mse,0.09948087307221265,4,0,-1,500,501,7.039774866135853,6.940293993063641,4.1205005150049185,31.439478592494165,2.3161632410006407,0.019999999999999955,0.019673615797863444,421.542797777215,0.00276258382341954,112.84301724971371,18.785083841774757,nan,nan,nan,nan
2,msam,msam@global,Momentum-SAM (MSAM) [global Frob],global,sgd,momentum_lookahead,frobenius,added,1.1,0.02,nominal,0.1,additive,1.0,mse,0.09948087307221265,5,0,-1,500,501,9.28053794948708,9.181057076414866,6.066937514834589,35.52305118636213,3.1082235297310277,0.0199999999999999,0.016415517840606183,169.50171142387777,0.0037710868576130707,123.93818441873277,19.46958142671981,nan,nan,nan,nan
2,msam,msam@global,Momentum-SAM (MSAM) [global Frob],global,sgd,momentum_lookahead,frobenius,added,1.1,0.02,nominal,0.1,additive,1.0,mse,0.09948087307221265,6,0,-1,500,501,7.380859474345826,7.281378601273613,4.460407035714533,30.775764078157444,2.562890437098143,0.019999999999999817,0.01267392030283529,120.04448471127037,-0.007200423737399042,107.85210392554603,18.842902550750527,nan,nan,nan,nan
2,msam,msam@global,Momentum-SAM (MSAM) [global Frob],global,sgd,momentum_lookahead,frobenius,added,1.1,0.02,nominal,0.1,additive,1.0,mse,0.09948087307221265,7,0,-1,500,501,7.629930362928427,7.530449489856214,4.416838447465261,28.899743768568648,2.8900900434717385,0.019999999999999758,0.010717113092701258,73.9868236867161,-0.00560349464556964,119.16448640850241,19.840923863428124,nan,nan,nan,nan
2,msam,msam@global,Momentum-SAM (MSAM) [global Frob],global,sgd,momentum_lookahead,frobenius,added,1.1,0.1,nominal,0.1,additive,1.0,mse,0.09948087307221265,0,0,-1,500,501,9.526530569847164,9.42704969677495,6.725383649461584,37.435581571267456,3.209264976744322,0.09999999999999908,0.06344235722324834,94.58013416543294,-0.077534262278661,114.7922427465322,18.968054612540342,nan,nan,nan,nan
2,msam,msam@global,Momentum-SAM (MSAM) [global Frob],global,sgd,momentum_lookahead,frobenius,added,1.1,0.1,nominal,0.1,additive,1.0,mse,0.09948087307221265,1,0,-1,500,501,9.23684463303772,9.137363759965506,6.222036120275197,31.95505234712408,3.6768426444705056,0.09999999999999859,0.060704003926112866,109.57375324756407,-0.15766331273382583,115.55636784069249,19.13709246132797,nan,nan,nan,nan
2,msam,msam@global,Momentum-SAM (MSAM) [global Frob],global,sgd,momentum_lookahead,frobenius,added,1.1,0.1,nominal,0.1,additive,1.0,mse,0.09948087307221265,2,0,-1,500,501,9.687278511765964,9.58779763869375,6.4912492815255405,39.50318859259421,2.928333838336901,0.09999999999999917,0.0744147551030558,100.68371197108337,-0.06689523604870473,114.12775064893661,19.145768467469775,nan,nan,nan,nan
2,msam,msam@global,Momentum-SAM (MSAM) [global Frob],global,sgd,momentum_lookahead,frobenius,added,1.1,0.1,nominal,0.1,additive,1.0,mse,0.09948087307221265,3,0,-1,500,501,9.267101918220792,9.167621045148579,6.3564937475847305,39.12454083151571,2.735953915188305,0.09999999999999941,0.0695289917143108,149.81690147666572,-0.0267117750131316,115.68162803220669,20.45206002334101,nan,nan,nan,nan
2,msam,msam@global,Momentum-SAM (MSAM) [global Frob],global,sgd,momentum_lookahead,frobenius,added,1.1,0.1,nominal,0.1,additive,1.0,mse,0.09948087307221265,4,0,-1,500,501,7.042598803149859,6.943117930077647,4.119317455130881,31.45544522626735,2.3167519278153463,0.09999999999999984,0.09836831544917302,421.51870131333493,0.01389237004204169,112.94164404957407,18.772918783390573,nan,nan,nan,nan
2,msam,msam@global,Momentum-SAM (MSAM) [global Frob],global,sgd,momentum_lookahead,frobenius,added,1.1,0.1,nominal,0.1,additive,1.0,mse,0.09948087307221265,5,0,-1,500,501,9.281026444178336,9.181545571106122,6.064890852910608,35.5610035127835,3.1021918992186097,0.09999999999999948,0.08209182100164056,169.41639850484978,0.019472816371926882,123.99515452822847,19.47220528961009,nan,nan,nan,nan
2,msam,msam@global,Momentum-SAM (MSAM) [global Frob],global,sgd,momentum_lookahead,frobenius,added,1.1,0.1,nominal,0.1,additive,1.0,mse,0.09948087307221265,6,0,-1,500,501,7.376117987797736,7.276637114725523,4.452061125414887,30.779807450065654,2.5600837652670276,0.09999999999999908,0.06333486099777673,119.82036985190268,-0.03391766604211721,107.92547216095004,18.844100051868235,nan,nan,nan,nan
2,msam,msam@global,Momentum-SAM (MSAM) [global Frob],global,sgd,momentum_lookahead,frobenius,added,1.1,0.1,nominal,0.1,additive,1.0,mse,0.09948087307221265,7,0,-1,500,501,7.606279242603016,7.506798369530803,4.3932714720548205,28.850916910973368,2.8770186095219166,0.09999999999999876,0.053622853593689325,73.89283857144646,-0.027265634147719098,119.2300357272183,19.828131886893033,nan,nan,nan,nan
2,msam,msam@global,Momentum-SAM (MSAM) [global Frob],global,sgd,momentum_lookahead,frobenius,added,1.1,0.01,nominal,0.1,additive,1.0,mse,0.09948087307221265,0,0,-1,500,501,9.539910591372616,9.440429718300402,6.739672964866446,37.43084518348445,3.2186399110794843,0.009999999999999903,0.00633687730781294,94.80966010790333,-0.008014390683575456,114.74753720667776,18.975344569730606,nan,nan,nan,nan
2,msam,msam@global,Momentum-SAM (MSAM) [global Frob],global,sgd,momentum_lookahead,frobenius,added,1.1,0.01,nominal,0.1,additive,1.0,mse,0.09948087307221265,1,0,-1,500,501,9.3178575403541,9.218376667281886,6.300099609077867,32.00165045646108,3.735944002812117,0.009999999999999867,0.0061814433704345416,110.1721259744294,-0.01696237281218238,115.45671667431439,19.128799583308307,nan,nan,nan,nan
2,msam,msam@global,Momentum-SAM (MSAM) [global Frob],global,sgd,momentum_lookahead,frobenius,added,1.1,0.01,nominal,0.1,additive,1.0,mse,0.09948087307221265,2,0,-1,500,501,9.687774788932513,9.5882939158603,6.496378276224342,39.53953278291081,2.9251251997104806,0.00999999999999991,0.00742563729721309,100.92618424531646,-0.006876681910535254,113.9897907552529,19.146412106415728,nan,nan,nan,nan
2,msam,msam@global,Momentum-SAM (MSAM) [global Frob],global,sgd,momentum_lookahead,frobenius,added,1.1,0.01,nominal,0.1,additive,1.0,mse,0.09948087307221265,3,0,-1,500,501,9.273660791856182,9.174179918783969,6.36799762076506,39.157889757269345,2.7379396784714434,0.009999999999999941,0.006952195358469003,149.88269125100223,-0.002732297090357605,115.48026909867208,20.446343198401483,nan,nan,nan,nan
2,msam,msam@global,Momentum-SAM (MSAM) [global Frob],global,sgd,momentum_lookahead,frobenius,added,1.1,0.01,nominal,0.1,additive,1.0,mse,0.09948087307221265,4,0,-1,500,501,7.039453614449783,6.93997274137757,4.120663124713102,31.437072016349283,2.3161261949997693,0.009999999999999972,0.009836804258099451,421.5457058699077,0.0013804742772336454,112.8303784135639,18.78684379999601,nan,nan,nan,nan
2,msam,msam@global,Momentum-SAM (MSAM) [global Frob],global,sgd,momentum_lookahead,frobenius,added,1.1,0.01,nominal,0.1,additive,1.0,mse,0.09948087307221265,5,0,-1,500,501,9.280525169633265,9.181044296561051,6.06724355018452,35.5182358502597,3.1090100741750932,0.009999999999999946,0.008207581132603807,169.51250386852624,0.001877633248733801,123.93134175948609,19.469173960614878,nan,nan,nan,nan
2,msam,msam@global,Momentum-SAM (MSAM) [global Frob],global,sgd,momentum_lookahead,frobenius,added,1.1,0.01,nominal,0.1,additive,1.0,mse,0.09948087307221265,6,0,-1,500,501,7.381434042673,7.281953169600787,4.46145019880495,30.7751676934862,2.5632302387379498,0.00999999999999991,0.006337418686520455,120.073132322756,-0.0036267242473053685,107.84274998295966,18.842665446899172,nan,nan,nan,nan
2,msam,msam@global,Momentum-SAM (MSAM) [global Frob],global,sgd,momentum_lookahead,frobenius,added,1.1,0.01,nominal,0.1,additive,1.0,mse,0.09948087307221265,7,0,-1,500,501,7.632913392958004,7.533432519885792,4.419823940809657,28.90591859582329,2.891743445426845,0.009999999999999875,0.005358077933446266,73.99885949965963,-0.002811397956168804,119.15603136904654,19.842440804534313,nan,nan,nan,nan
2,msam,msam@global,Momentum-SAM (MSAM) [global Frob],global,sgd,momentum_lookahead,frobenius,added,1.1,0.2,nominal,0.1,additive,1.0,mse,0.09948087307221265,0,0,-1,500,501,9.511992325307203,9.41251145223499,6.709789253722734,37.440737808793415,3.199196427239286,0.19999999999999812,0.12704174165948107,94.33809805428109,-0.14953620012390623,114.83966202222824,18.959302842494708,nan,nan,nan,nan
2,msam,msam@global,Momentum-SAM (MSAM) [global Frob],global,sgd,momentum_lookahead,frobenius,added,1.1,0.2,nominal,0.1,additive,1.0,mse,0.09948087307221265,1,0,-1,500,501,9.149592227111055,9.050111354038842,6.137572474172281,31.901125230806837,3.613997526072088,0.19999999999999732,0.11894623580959886,108.96578803491069,-0.29119430452040085,115.65716837358424,19.144558493029383,nan,nan,nan,nan
2,msam,msam@global,Momentum-SAM (MSAM) [global Frob],global,sgd,momentum_lookahead,frobenius,added,1.1,0.2,nominal,0.1,additive,1.0,mse,0.09948087307221265,2,0,-1,500,501,9.685037534744398,9.585556661672184,6.484475963133079,39.45527294248631,2.931588696705096,0.19999999999999815,0.14916856255760488,100.4253050763062,-0.12975577275870975,114.27080582186353,19.149065091842367,nan,nan,nan,nan
2,msam,msam@global,Momentum-SAM (MSAM) [global Frob],global,sgd,momentum_lookahead,frobenius,added,1.1,0.2,nominal,0.1,additive,1.0,mse,0.09948087307221265,3,0,-1,500,501,9.259356640572648,9.159875767500434,6.343589475610759,39.08693813184915,2.7337201396502393,0.19999999999999876,0.13907296099138966,149.74493623599466,-0.052078567704763046,115.90036804237123,20.456576131621592,nan,nan,nan,nan
2,msam,msam@global,Momentum-SAM (MSAM) [global Frob],global,sgd,momentum_lookahead,frobenius,added,1.1,0.2,nominal,0.1,additive,1.0,mse,0.09948087307221265,4,0,-1,500,501,7.046813164482172,6.94733229140996,4.118328055756596,31.46826588700133,2.3182663585468246,0.19999999999999943,0.19673695164250105,421.4867368113205,0.028046165457459082,113.05897524457012,18.76255335941744,nan,nan,nan,nan
2,msam,msam@global,Momentum-SAM (MSAM) [global Frob],global,sgd,momentum_lookahead,frobenius,added,1.1,0.2,nominal,0.1,additive,1.0,mse,0.09948087307221265,5,0,-1,500,501,9.28179497164924,9.182314098577027,6.062389903474079,35.60635673110131,3.0949991858906527,0.19999999999999893,0.16421905692306543,169.31187015316908,0.04043713863750398,124.06912127441238,19.473081442934614,nan,nan,nan,nan
2,msam,msam@global,Momentum-SAM (MSAM) [global Frob],global,sgd,momentum_lookahead,frobenius,added,1.1,0.2,nominal,0.1,additive,1.0,mse,0.09948087307221265,6,0,-1,500,501,7.370059183182423,7.270578310110211,4.441860750091158,30.784267799743624,2.5564314214613586,0.19999999999999826,0.12659133852606427,119.5529283175994,-0.06281525509334163,108.01458086267334,18.844364018900947,nan,nan,nan,nan
2,msam,msam@global,Momentum-SAM (MSAM) [global Frob],global,sgd,momentum_lookahead,frobenius,added,1.1,0.2,nominal,0.1,additive,1.0,mse,0.09948087307221265,7,0,-1,500,501,7.5769046208455375,7.477423747773325,4.364393276542878,28.79134736909128,2.8608478122915266,0.1999999999999976,0.10733380563592076,73.7809513901298,-0.05273399488992947,119.30352692092431,19.81094966734013,nan,nan,nan,nan
2,msam,msam@global,Momentum-SAM (MSAM) [global Frob],global,sgd,momentum_lookahead,frobenius,added,1.1,0.5,nominal,0.1,additive,1.0,mse,0.09948087307221265,0,0,-1,500,501,9.47049190835248,9.371011035280267,6.664850083483492,37.4443522897927,3.1715735574628523,0.49999999999999495,0.31869900762373565,93.68539656137355,-0.33620497755645573,114.97594669403611,18.93461279365485,nan,nan,nan,nan
2,msam,msam@global,Momentum-SAM (MSAM) [global Frob],global,sgd,momentum_lookahead,frobenius,added,1.1,0.5,nominal,0.1,additive,1.0,mse,0.09948087307221265,1,0,-1,500,501,8.90533376629586,8.805852893223646,5.898451984787984,31.725669249785025,3.4426490896111597,0.49999999999999306,0.2793317879354603,107.45743107661686,-0.5808681253123673,115.92838200246467,19.16822490862633,nan,nan,nan,nan
2,msam,msam@global,Momentum-SAM (MSAM) [global Frob],global,sgd,momentum_lookahead,frobenius,added,1.1,0.5,nominal,0.1,additive,1.0,mse,0.09948087307221265,2,0,-1,500,501,9.666816141065825,9.567335267993611,6.45501343518054,39.275480471364986,2.9384525299549673,0.4999999999999957,0.3752832732496139,99.7112942707542,-0.29572577590256266,114.67709247682166,19.158246044751795,nan,nan,nan,nan
2,msam,msam@global,Momentum-SAM (MSAM) [global Frob],global,sgd,momentum_lookahead,frobenius,added,1.1,0.5,nominal,0.1,additive,1.0,mse,0.09948087307221265,3,0,-1,500,501,9.233307105471608,9.133826232399395,6.304068764686691,38.972598974160114,2.726803445720798,0.49999999999999695,0.34778443220542876,149.53708465458712,-0.12036938113069162,116.51927564136327,20.458525949321324,nan,nan,nan,nan
2,msam,msam@global,Momentum-SAM (MSAM) [global Frob],global,sgd,momentum_lookahead,frobenius,added,1.1,0.5,nominal,0.1,additive,1.0,mse,0.09948087307221265,4,0,-1,500,501,7.0604689252667345,6.960988052194522,4.115408233897588,31.47013548499698,2.325800309672786,0.4999999999999987,0.49184160336307925,421.38650666716495,0.07251475028847931,113.40493253965548,18.754972042723868,nan,nan,nan,nan
2,msam,msam@global,Momentum-SAM (MSAM) [global Frob],global,sgd,momentum_lookahead,frobenius,added,1.1,0.5,nominal,0.1,additive,1.0,mse,0.09948087307221265,5,0,-1,500,501,9.278333455341041,9.178852582268828,6.049248718249142,35.7132136944181,3.0718699477783704,0.49999999999999756,0.4108050658862566,169.00504811463557,0.11203287190091515,124.26844295191447,19.493829000731555,nan,nan,nan,nan
2,msam,msam@global,Momentum-SAM (MSAM) [global Frob],global,sgd,momentum_lookahead,frobenius,added,1.1,0.5,nominal,0.1,additive,1.0,mse,0.09948087307221265,6,0,-1,500,501,7.353178009501281,7.253697136429069,4.414867788158743,30.80725343462046,2.544535087532074,0.4999999999999953,0.3159705955800476,118.82560501017188,-0.12223476603323125,108.27600166035214,18.867623843808335,nan,nan,nan,nan
2,msam,msam@global,Momentum-SAM (MSAM) [global Frob],global,sgd,momentum_lookahead,frobenius,added,1.1,0.5,nominal,0.1,additive,1.0,mse,0.09948087307221265,7,0,-1,500,501,7.488016886624196,7.388536013551984,4.279019549926311,28.618956145965214,2.8113789336631805,0.49999999999999384,0.26891877357787336,73.47538966175559,-0.11899563297620475,119.49729707164785,19.75886628415486,nan,nan,nan,nan
2,msam,msam@global,Momentum-SAM (MSAM) [global Frob],global,sgd,momentum_lookahead,frobenius,added,1.1,1.0,nominal,0.1,additive,1.0,mse,0.09948087307221265,0,0,-1,500,501,9.403723783753613,9.304242910681399,6.5925772826585245,37.379788164959265,3.133052791461632,0.9999999999999903,0.6405893909006302,92.79273606077119,-0.56786380923538,115.21752559116275,18.924756941045644,nan,nan,nan,nan
2,msam,msam@global,Momentum-SAM (MSAM) [global Frob],global,sgd,momentum_lookahead,frobenius,added,1.1,1.0,nominal,0.1,additive,1.0,mse,0.09948087307221265,1,0,-1,500,501,8.54691492953223,8.447434056460017,5.540033357919872,31.367430378691274,3.207714750977656,0.999999999999985,0.5055059129704221,105.76168331376257,-0.8407110744103337,116.33971967938041,19.225320238972056,nan,nan,nan,nan
2,msam,msam@global,Momentum-SAM (MSAM) [global Frob],global,sgd,momentum_lookahead,frobenius,added,1.1,1.0,nominal,0.1,additive,1.0,mse,0.09948087307221265,2,0,-1,500,501,9.595608998352269,9.496128125280055,6.367876159642565,38.88187844754886,2.9371958591306644,0.9999999999999913,0.7573543533774785,98.70673737277319,-0.505831665331451,115.30316313951768,19.182276076988146,nan,nan,nan,nan
2,msam,msam@global,Momentum-SAM (MSAM) [global Frob],global,sgd,momentum_lookahead,frobenius,added,1.1,1.0,nominal,0.1,additive,1.0,mse,0.09948087307221265,3,0,-1,500,501,9.179410644190254,9.07992977111804,6.232573422226275,38.75532465854742,2.7144383147858218,0.999999999999994,0.6958222363661969,149.22096476479874,-0.21025190175834751,117.42756058573093,20.433088304532422,nan,nan,nan,nan
2,msam,msam@global,Momentum-SAM (MSAM) [global Frob],global,sgd,momentum_lookahead,frobenius,added,1.1,1.0,nominal,0.1,additive,1.0,mse,0.09948087307221265,4,0,-1,500,501,7.064098214005739,6.964617340933526,4.096410328098959,31.43079289057135,2.329002304299881,0.9999999999999973,0.9836658243950552,421.2424880682391,0.15025163721370394,113.92366149563243,18.748606923741693,nan,nan,nan,nan
2,msam,msam@global,Momentum-SAM (MSAM) [global Frob],global,sgd,momentum_lookahead,frobenius,added,1.1,1.0,nominal,0.1,additive,1.0,mse,0.09948087307221265,5,0,-1,500,501,9.252046831997168,9.152565958924955,6.00836567289611,35.77742887975237,3.0289918331310246,0.9999999999999948,0.8224025399009509,168.50162733664754,0.25934560282332875,124.55279265133036,19.507925097917653,nan,nan,nan,nan
2,msam,msam@global,Momentum-SAM (MSAM) [global Frob],global,sgd,momentum_lookahead,frobenius,added,1.1,1.0,nominal,0.1,additive,1.0,mse,0.09948087307221265,6,0,-1,500,501,7.2958645275259615,7.196383654453749,4.346448156184239,30.72432026219714,2.5070708631325394,0.9999999999999903,0.6304627911137262,117.77857403392537,-0.13921322893814647,108.71444230211023,18.914395467213758,nan,nan,nan,nan
2,msam,msam@global,Momentum-SAM (MSAM) [global Frob],global,sgd,momentum_lookahead,frobenius,added,1.1,1.0,nominal,0.1,additive,1.0,mse,0.09948087307221265,7,0,-1,500,501,7.335494344328888,7.236013471256675,4.134838845633251,28.338857516914025,2.7217605530422673,0.9999999999999875,0.5394298037076162,73.02134930760786,-0.19378433611986168,119.80725640991153,19.689120686325882,nan,nan,nan,nan
2,msam,msam@per-layer,Momentum-SAM (MSAM) [per-layer Frob],per-layer,sgd,momentum_lookahead,frobenius,added,1.1,0.01,nominal,0.1,additive,1.0,mse,0.09948087307221265,0,0,-1,500,501,9.540448888668429,9.440968015596216,6.7397778128534345,37.43173722808015,3.21956359047789,0.014142135623730756,0.008638987334222897,94.79493294186298,-0.011273094532709749,114.75890410541109,18.97430891480359,nan,nan,nan,nan
2,msam,msam@per-layer,Momentum-SAM (MSAM) [per-layer Frob],per-layer,sgd,momentum_lookahead,frobenius,added,1.1,0.01,nominal,0.1,additive,1.0,mse,0.09948087307221265,1,0,-1,500,501,9.320738469429083,9.22125759635687,6.301676181888181,32.00204455376687,3.7391290402823056,0.01414213562373059,0.006658420537801984,110.19246778697783,-0.020961925507831936,115.47096824528045,19.127295889837963,nan,nan,nan,nan
2,msam,msam@per-layer,Momentum-SAM (MSAM) [per-layer Frob],per-layer,sgd,momentum_lookahead,frobenius,added,1.1,0.01,nominal,0.1,additive,1.0,mse,0.09948087307221265,2,0,-1,500,501,9.687474350204141,9.587993477131928,6.495814894363398,39.53593260669597,2.9254156447198785,0.01414213562373072,0.008095193846922923,100.91257583167591,-0.012624572782305776,113.99940438631221,19.145517307775968,nan,nan,nan,nan
2,msam,msam@per-layer,Momentum-SAM (MSAM) [per-layer Frob],per-layer,sgd,momentum_lookahead,frobenius,added,1.1,0.01,nominal,0.1,additive,1.0,mse,0.09948087307221265,3,0,-1,500,501,9.275092034258975,9.175611161186762,6.369295381802597,39.15933111433284,2.738566258591376,0.014142135623730802,0.008191409512120317,149.87888488445282,-0.005821932068526436,115.49038189099214,20.44638685631216,nan,nan,nan,nan
2,msam,msam@per-layer,Momentum-SAM (MSAM) [per-layer Frob],per-layer,sgd,momentum_lookahead,frobenius,added,1.1,0.01,nominal,0.1,additive,1.0,mse,0.09948087307221265,4,0,-1,500,501,7.04126850880723,6.941787635735017,4.121970873844127,31.43904727639566,2.3172202501047496,0.014142135623730626,0.009850141323379412,421.54624475165986,-0.006445326565492238,112.8425635156245,18.785366250137223,nan,nan,nan,nan
2,msam,msam@per-layer,Momentum-SAM (MSAM) [per-layer Frob],per-layer,sgd,momentum_lookahead,frobenius,added,1.1,0.01,nominal,0.1,additive,1.0,mse,0.09948087307221265,5,0,-1,500,501,9.280692040331429,9.181211167259216,6.066973999659636,35.519926282733074,3.108786971643118,0.014142135623730802,0.009302988599183106,169.5096175001554,0.004730954161127343,123.93603028992503,19.46939307085286,nan,nan,nan,nan
2,msam,msam@per-layer,Momentum-SAM (MSAM) [per-layer Frob],per-layer,sgd,momentum_lookahead,frobenius,added,1.1,0.01,nominal,0.1,additive,1.0,mse,0.09948087307221265,6,0,-1,500,501,7.38441024872434,7.284929375652127,4.463703879285422,30.779536417960905,2.565202693138272,0.01414213562373077,0.008371385669398327,120.0674580744482,-0.005292507454104367,107.85023146443665,18.84074162464335,nan,nan,nan,nan
2,msam,msam@per-layer,Momentum-SAM (MSAM) [per-layer Frob],per-layer,sgd,momentum_lookahead,frobenius,added,1.1,0.01,nominal,0.1,additive,1.0,mse,0.09948087307221265,7,0,-1,500,501,7.633134558856759,7.533653685784547,4.4195430261439475,28.906584526032358,2.891840974246345,0.014142135623730632,0.0068488702450345456,73.99684557042431,-0.0022546499857813984,119.16359426188374,19.839374479414445,nan,nan,nan,nan
2,msam,msam@per-layer,Momentum-SAM (MSAM) [per-layer Frob],per-layer,sgd,momentum_lookahead,frobenius,added,1.1,0.05,nominal,0.1,additive,1.0,mse,0.09948087307221265,0,0,-1,500,501,9.536672703768957,9.437191830696744,6.733885435025505,37.43748509526272,3.2191137370990286,0.07071067811865382,0.04323049212349463,94.63427673612033,-0.05520819177970537,114.82320178949193,18.966890794527732,nan,nan,nan,nan
2,msam,msam@per-layer,Momentum-SAM (MSAM) [per-layer Frob],per-layer,sgd,momentum_lookahead,frobenius,added,1.1,0.05,nominal,0.1,additive,1.0,mse,0.09948087307221265,1,0,-1,500,501,9.296078885059233,9.19659801198702,6.273156020010902,31.98250832956199,3.725573209584979,0.07071067811865296,0.033155445185216494,110.0007311355677,-0.10176855471536683,115.57076146160081,19.12502968004622,nan,nan,nan,nan
2,msam,msam@per-layer,Momentum-SAM (MSAM) [per-layer Frob],per-layer,sgd,momentum_lookahead,frobenius,added,1.1,0.05,nominal,0.1,additive,1.0,mse,0.09948087307221265,2,0,-1,500,501,9.686127346169933,9.58664647309772,6.491410192909612,39.505304609407304,2.9280151919397794,0.0707106781186536,0.04051215988753172,100.74999481842612,-0.0620736297845248,114.09888769513063,19.143277920961683,nan,nan,nan,nan
2,msam,msam@per-layer,Momentum-SAM (MSAM) [per-layer Frob],per-layer,sgd,momentum_lookahead,frobenius,added,1.1,0.05,nominal,0.1,additive,1.0,mse,0.09948087307221265,3,0,-1,500,501,9.277988984780347,9.178508111708133,6.369468711490385,39.15022727047049,2.740285512876619,0.07071067811865399,0.04097343825777018,149.83469537824132,-0.02886181375453134,115.619749943527,20.449114477013175,nan,nan,nan,nan
2,msam,msam@per-layer,Momentum-SAM (MSAM) [per-layer Frob],per-layer,sgd,momentum_lookahead,frobenius,added,1.1,0.05,nominal,0.1,additive,1.0,mse,0.09948087307221265,4,0,-1,500,501,7.049916265442846,6.9504353923706335,4.126586434177221,31.454498568367597,2.32191973870585,0.0707106781186531,0.04925089700662572,421.53655000639344,-0.03218425415560233,112.93972394279072,18.773834256894396,nan,nan,nan,nan
2,msam,msam@per-layer,Momentum-SAM (MSAM) [per-layer Frob],per-layer,sgd,momentum_lookahead,frobenius,added,1.1,0.05,nominal,0.1,additive,1.0,mse,0.09948087307221265,5,0,-1,500,501,9.281809823787084,9.18232895071487,6.0651129101275965,35.54657415039596,3.1048525270489695,0.07071067811865402,0.046519430523413285,169.4553983476461,0.023953904047216312,123.98317571855486,19.47171749697263,nan,nan,nan,nan
2,msam,msam@per-layer,Momentum-SAM (MSAM) [per-layer Frob],per-layer,sgd,momentum_lookahead,frobenius,added,1.1,0.05,nominal,0.1,additive,1.0,mse,0.09948087307221265,6,0,-1,500,501,7.394284473523152,7.29480360045094,4.4688261476516935,30.799633102158165,2.5719271413493012,0.07071067811865382,0.041847200343951875,119.93195302763814,-0.02572933960209678,107.91618668831649,18.833438998558954,nan,nan,nan,nan
2,msam,msam@per-layer,Momentum-SAM (MSAM) [per-layer Frob],per-layer,sgd,momentum_lookahead,frobenius,added,1.1,0.05,nominal,0.1,additive,1.0,mse,0.09948087307221265,7,0,-1,500,501,7.62229429104973,7.522813417977518,4.406750675529066,28.884563040806018,2.885832630393242,0.07071067811865311,0.034243155399828806,73.94194791564071,-0.010977777425217994,119.2263580244369,19.820711047123144,nan,nan,nan,nan
2,msam,msam@per-layer,Momentum-SAM (MSAM) [per-layer Frob],per-layer,sgd,momentum_lookahead,frobenius,added,1.1,0.02,nominal,0.1,additive,1.0,mse,0.09948087307221265,0,0,-1,500,501,9.539492599288447,9.440011726216234,6.7382901119810255,37.43314709322806,3.2194370390670657,0.02828427124746152,0.01728155385194674,94.75430405911445,-0.022429318964290346,114.77522313345904,18.972486239704608,nan,nan,nan,nan
2,msam,msam@per-layer,Momentum-SAM (MSAM) [per-layer Frob],per-layer,sgd,momentum_lookahead,frobenius,added,1.1,0.02,nominal,0.1,additive,1.0,mse,0.09948087307221265,1,0,-1,500,501,9.314523175770148,9.215042302697935,6.294502403578813,31.997372855799675,3.735653558747987,0.028284271247461187,0.013303087836030314,110.1437187097156,-0.04161341354210535,115.49651531694093,19.126783481209724,nan,nan,nan,nan
2,msam,msam@per-layer,Momentum-SAM (MSAM) [per-layer Frob],per-layer,sgd,momentum_lookahead,frobenius,added,1.1,0.02,nominal,0.1,additive,1.0,mse,0.09948087307221265,2,0,-1,500,501,9.68717886376754,9.587697990695327,6.494728188437962,39.52852733128404,2.9260727071816683,0.028284271247461436,0.01619404155111874,100.87163244813664,-0.025143954046582095,114.02457995264284,19.14347714049494,nan,nan,nan,nan
2,msam,msam@per-layer,Momentum-SAM (MSAM) [per-layer Frob],per-layer,sgd,momentum_lookahead,frobenius,added,1.1,0.02,nominal,0.1,additive,1.0,mse,0.09948087307221265,3,0,-1,500,501,9.275820100016386,9.176339226944172,6.369331118003407,39.15709186247903,2.738982972800078,0.028284271247461596,0.01638446537235342,149.86775996608043,-0.011618977522349638,115.52296118257983,20.447125918277507,nan,nan,nan,nan
2,msam,msam@per-layer,Momentum-SAM (MSAM) [per-layer Frob],per-layer,sgd,momentum_lookahead,frobenius,added,1.1,0.02,nominal,0.1,additive,1.0,mse,0.09948087307221265,4,0,-1,500,501,7.0434042880013195,6.943923414929107,4.123109172072877,31.443249014135766,2.3183610890250423,0.028284271247461242,0.019700302511968325,421.54386570676564,-0.012886276750837311,112.86722726853087,18.782239762339866,nan,nan,nan,nan
2,msam,msam@per-layer,Momentum-SAM (MSAM) [per-layer Frob],per-layer,sgd,momentum_lookahead,frobenius,added,1.1,0.02,nominal,0.1,additive,1.0,mse,0.09948087307221265,5,0,-1,500,501,9.28090718949997,9.181426316427757,6.066437203889185,35.52651492119569,3.1077848175755127,0.028284271247461613,0.01860644875008134,169.49596959768692,0.009492069158500982,123.94759401836488,19.47001475431363,nan,nan,nan,nan
2,msam,msam@per-layer,Momentum-SAM (MSAM) [per-layer Frob],per-layer,sgd,momentum_lookahead,frobenius,added,1.1,0.02,nominal,0.1,additive,1.0,mse,0.09948087307221265,6,0,-1,500,501,7.386840854196596,7.287359981124384,4.464941541787429,30.784529865445478,2.566855815749493,0.028284271247461534,0.01674177996692608,120.03322908864634,-0.0105109165095989,107.8669734882059,18.839007182407283,nan,nan,nan,nan
2,msam,msam@per-layer,Momentum-SAM (MSAM) [per-layer Frob],per-layer,sgd,momentum_lookahead,frobenius,added,1.1,0.02,nominal,0.1,additive,1.0,mse,0.09948087307221265,7,0,-1,500,501,7.6303928020039855,7.530911928931773,4.416301455941683,28.901070834110484,2.8903054562912063,0.02828427124746126,0.013697651706806539,73.98288488018106,-0.004478715462266969,119.17951916628628,19.834765840793096,nan,nan,nan,nan
2,msam,msam@per-layer,Momentum-SAM (MSAM) [per-layer Frob],per-layer,sgd,momentum_lookahead,frobenius,added,1.1,0.1,nominal,0.1,additive,1.0,mse,0.09948087307221265,0,0,-1,500,501,9.532202214323068,9.432721341250854,6.726784480785838,37.445021963805445,3.2187876827818136,0.14142135623730756,0.08654813825961243,94.4404103201735,-0.10760917608106801,114.90012393958928,18.95732406162114,nan,nan,nan,nan
2,msam,msam@per-layer,Momentum-SAM (MSAM) [per-layer Frob],per-layer,sgd,momentum_lookahead,frobenius,added,1.1,0.1,nominal,0.1,additive,1.0,mse,0.09948087307221265,1,0,-1,500,501,9.266339357336673,9.16685848426446,6.238480887900816,31.956851072521957,3.7099640016761914,0.1414213562373059,0.06627890550353327,109.7730876476745,-0.19640195942558236,115.68676649142223,19.121547922532088,nan,nan,nan,nan
2,msam,msam@per-layer,Momentum-SAM (MSAM) [per-layer Frob],per-layer,sgd,momentum_lookahead,frobenius,added,1.1,0.1,nominal,0.1,additive,1.0,mse,0.09948087307221265,2,0,-1,500,501,9.683870374584394,9.584389501512181,6.485733572792546,39.46357761520098,2.931155852702103,0.1414213562373072,0.08111204366355833,100.55139876232253,-0.12154748038182284,114.2180348255967,19.143585649024462,nan,nan,nan,nan
2,msam,msam@per-layer,Momentum-SAM (MSAM) [per-layer Frob],per-layer,sgd,momentum_lookahead,frobenius,added,1.1,0.1,nominal,0.1,additive,1.0,mse,0.09948087307221265,3,0,-1,500,501,9.281548931031528,9.182068057959315,6.369795490861585,39.138373377720555,2.742630178224605,0.14142135623730798,0.08198732907125075,149.78060352263307,-0.05711123857965461,115.77788551329816,20.451690597210522,nan,nan,nan,nan
2,msam,msam@per-layer,Momentum-SAM (MSAM) [per-layer Frob],per-layer,sgd,momentum_lookahead,frobenius,added,1.1,0.1,nominal,0.1,additive,1.0,mse,0.09948087307221265,4,0,-1,500,501,7.061150340250579,6.961669467178367,4.132686572059188,31.469616031255857,2.3283406064022603,0.14142135623730623,0.0985022114183891,421.5238772262876,-0.06427386772088184,113.05620082607872,18.76260830928987,nan,nan,nan,nan
2,msam,msam@per-layer,Momentum-SAM (MSAM) [per-layer Frob],per-layer,sgd,momentum_lookahead,frobenius,added,1.1,0.1,nominal,0.1,additive,1.0,mse,0.09948087307221265,5,0,-1,500,501,9.283836048807945,9.184355175735732,6.063435076210846,35.58059397696552,3.1001025553101487,0.141421356237308,0.09304885023839159,169.38859418718434,0.04864757297000821,124.04368066036241,19.473685523910703,nan,nan,nan,nan
2,msam,msam@per-layer,Momentum-SAM (MSAM) [per-layer Frob],per-layer,sgd,momentum_lookahead,frobenius,added,1.1,0.1,nominal,0.1,additive,1.0,mse,0.09948087307221265,6,0,-1,500,501,7.407309036600433,7.30782816352822,4.475997733940545,30.825950963905903,2.58080349255772,0.1414213562373077,0.08367129736344482,119.76793312597509,-0.049687152849029914,107.9961166303953,18.822997651195415,nan,nan,nan,nan
2,msam,msam@per-layer,Momentum-SAM (MSAM) [per-layer Frob],per-layer,sgd,momentum_lookahead,frobenius,added,1.1,0.1,nominal,0.1,additive,1.0,mse,0.09948087307221265,7,0,-1,500,501,7.608889296097624,7.509408423025412,4.391167733355662,28.85698432950659,2.878616314518089,0.14142135623730628,0.06848329020071592,73.87683730272492,-0.021285667897624982,119.2996456596733,19.7968112365199,nan,nan,nan,nan
2,msam,msam@per-layer,Momentum-SAM (MSAM) [per-layer Frob],per-layer,sgd,momentum_lookahead,frobenius,added,1.1,0.2,nominal,0.1,additive,1.0,mse,0.09948087307221265,0,0,-1,500,501,9.52396786667801,9.424486993605797,6.7132868889094395,37.459758231555206,3.219011350007734,0.28284271247461523,0.17343348910914388,94.07484572668272,-0.20454410002556322,115.04420515605621,18.938659243865864,nan,nan,nan,nan
2,msam,msam@per-layer,Momentum-SAM (MSAM) [per-layer Frob],per-layer,sgd,momentum_lookahead,frobenius,added,1.1,0.2,nominal,0.1,additive,1.0,mse,0.09948087307221265,1,0,-1,500,501,9.211159266164124,9.11167839309191,6.173095695440825,31.904247955563253,3.683345328272317,0.2828427124746117,0.13522034104831632,109.35518516509069,-0.36717030889518654,115.8934458635031,19.115255161588326,nan,nan,nan,nan
2,msam,msam@per-layer,Momentum-SAM (MSAM) [per-layer Frob],per-layer,sgd,momentum_lookahead,frobenius,added,1.1,0.2,nominal,0.1,additive,1.0,mse,0.09948087307221265,2,0,-1,500,501,9.677324992177658,9.577844119105444,6.4733896340980674,39.37190342299914,2.9368768173995528,0.2828427124746143,0.16255571678533978,100.16933091646855,-0.23281402534296625,114.44537176938324,19.142245457802396,nan,nan,nan,nan
2,msam,msam@per-layer,Momentum-SAM (MSAM) [per-layer Frob],per-layer,sgd,momentum_lookahead,frobenius,added,1.1,0.2,nominal,0.1,additive,1.0,mse,0.09948087307221265,3,0,-1,500,501,9.288417749036363,9.18893687596415,6.370735029573449,39.113278538589235,2.7479901389389836,0.282842712474616,0.1641336020235474,149.67638429952555,-0.11182204825149356,116.08192833195417,20.454368069145126,nan,nan,nan,nan
2,msam,msam@per-layer,Momentum-SAM (MSAM) [per-layer Frob],per-layer,sgd,momentum_lookahead,frobenius,added,1.1,0.2,nominal,0.1,additive,1.0,mse,0.09948087307221265,4,0,-1,500,501,7.084358779647909,6.984877906575696,4.145259166822131,31.489120030803694,2.342636767262902,0.28284271247461246,0.19700581888877006,421.4987960945872,-0.12819424292484527,113.28436849948383,18.74759478731854,nan,nan,nan,nan
2,msam,msam@per-layer,Momentum-SAM (MSAM) [per-layer Frob],per-layer,sgd,momentum_lookahead,frobenius,added,1.1,0.2,nominal,0.1,additive,1.0,mse,0.09948087307221265,5,0,-1,500,501,9.288038477886108,9.188557604813894,6.060255513712821,35.6462899628659,3.0904770937454655,0.28284271247461595,0.18613081486177743,169.25636442759003,0.1002880457267814,124.16207042384698,19.484717676335737,nan,nan,nan,nan
2,msam,msam@per-layer,Momentum-SAM (MSAM) [per-layer Frob],per-layer,sgd,momentum_lookahead,frobenius,added,1.1,0.2,nominal,0.1,additive,1.0,mse,0.09948087307221265,6,0,-1,500,501,7.43593501489269,7.336454141820478,4.493269838805117,30.886907972796127,2.600064676463213,0.28284271247461523,0.1672553117371496,119.45647534066518,-0.09267002648632872,108.15116930627889,18.813631710683712,nan,nan,nan,nan
2,msam,msam@per-layer,Momentum-SAM (MSAM) [per-layer Frob],per-layer,sgd,momentum_lookahead,frobenius,added,1.1,0.2,nominal,0.1,additive,1.0,mse,0.09948087307221265,7,0,-1,500,501,7.58148862884163,7.482007755769417,4.36035562348438,28.800713060416935,2.8642635699335735,0.28284271247461246,0.1369736866851835,73.75745566784992,-0.04026277973536807,119.4308413531709,19.749158604442936,nan,nan,nan,nan
2,msam,msam@global,Momentum-SAM (MSAM) [global Frob],global,sgd,momentum_lookahead,frobenius,added,1.3,0.01,nominal,0.1,additive,1.0,mse,0.09948087307221265,0,0,-1,500,501,3.34806015026172,3.2485792771895077,0.833959111223862,14.577409267789697,0.7495593297134776,0.009999999999999865,0.007771781707541527,65.79117279900964,3.0312191170445146e-06,101.30548370911198,20.07740868602636,nan,nan,nan,nan
2,msam,msam@global,Momentum-SAM (MSAM) [global Frob],global,sgd,momentum_lookahead,frobenius,added,1.3,0.01,nominal,0.1,additive,1.0,mse,0.09948087307221265,1,0,-1,500,501,2.7564927335401928,2.65701186046798,0.7353374725903694,15.177457377644002,0.6601452284443886,0.009999999999999667,0.006389909878083765,57.869011498821386,4.045989067158473e-05,80.98486499335685,20.724312845811426,nan,nan,nan,nan
2,msam,msam@global,Momentum-SAM (MSAM) [global Frob],global,sgd,momentum_lookahead,frobenius,added,1.3,0.01,nominal,0.1,additive,1.0,mse,0.09948087307221265,2,0,-1,500,501,3.243883070489205,3.1444021974169925,0.774752620326449,14.789621966436329,0.6311234265980471,0.009999999999999499,0.005309976510856721,19.382407598163354,-0.0016998785755601986,101.27608987465567,19.26154299507448,nan,nan,nan,nan
2,msam,msam@global,Momentum-SAM (MSAM) [global Frob],global,sgd,momentum_lookahead,frobenius,added,1.3,0.01,nominal,0.1,additive,1.0,mse,0.09948087307221265,3,0,-1,500,501,3.4888085701660727,3.38932769709386,1.1838220473609706,18.546403964255205,1.0838475709301727,0.009999999999999797,0.008280720660538747,43.59252501239127,0.0008771604671791167,92.19027358773718,20.036965122025613,nan,nan,nan,nan
2,msam,msam@global,Momentum-SAM (MSAM) [global Frob],global,sgd,momentum_lookahead,frobenius,added,1.3,0.01,nominal,0.1,additive,1.0,mse,0.09948087307221265,4,0,-1,500,501,3.434635265349687,3.3351543922774747,1.2567646749097128,15.70722320393527,1.4469279525994285,0.009999999999999756,0.008383998069146675,36.644754777614246,-0.0004652630750738851,88.98007273150294,21.541393548207957,nan,nan,nan,nan
2,msam,msam@global,Momentum-SAM (MSAM) [global Frob],global,sgd,momentum_lookahead,frobenius,added,1.3,0.01,nominal,0.1,additive,1.0,mse,0.09948087307221265,5,0,-1,500,501,2.9663129375114794,2.866832064439267,0.6007722083150608,12.91313869464895,0.6021596390093185,0.009999999999999459,0.004970562474545957,17.062229136161573,-0.0011969354601482074,97.29411678900564,20.379567565310097,nan,nan,nan,nan
2,msam,msam@global,Momentum-SAM (MSAM) [global Frob],global,sgd,momentum_lookahead,frobenius,added,1.3,0.01,nominal,0.1,additive,1.0,mse,0.09948087307221265,6,0,-1,500,501,3.2602623697463375,3.160781496674125,1.0218196606208019,16.35180203421954,0.8941485740431542,0.009999999999999796,0.0065219655278962166,44.312219925876825,0.0007234664147279801,90.85786338684495,19.128517320072614,nan,nan,nan,nan
2,msam,msam@global,Momentum-SAM (MSAM) [global Frob],global,sgd,momentum_lookahead,frobenius,added,1.3,0.01,nominal,0.1,additive,1.0,mse,0.09948087307221265,7,0,-1,500,501,2.8321301230544074,2.732649249982195,0.6694850807067839,12.403117921315783,0.5898059417842556,0.009999999999999756,0.0054074976533918535,37.40123701850918,-0.0005955449477110797,89.33696613350052,21.741087958617126,nan,nan,nan,nan
2,msam,msam@per-layer,Momentum-SAM (MSAM) [per-layer Frob],per-layer,sgd,momentum_lookahead,frobenius,added,1.1,0.5,nominal,0.1,additive,1.0,mse,0.09948087307221265,0,0,-1,500,501,9.503467893633058,9.403987020560844,6.678186382811729,37.479693710298235,3.2270126674274366,0.7071067811865376,0.4359021182760745,93.13712603512563,-0.44145660399913567,115.44218608044704,18.905639697293964,nan,nan,nan,nan
2,msam,msam@per-layer,Momentum-SAM (MSAM) [per-layer Frob],per-layer,sgd,momentum_lookahead,frobenius,added,1.1,0.5,nominal,0.1,additive,1.0,mse,0.09948087307221265,1,0,-1,500,501,9.078859243593,8.979378370520786,6.007985687961973,31.733311395772333,3.640848603317106,0.7071067811865296,0.3572593919429971,108.35363908535541,-0.7733560408081761,116.4033278701373,19.12178714893627,nan,nan,nan,nan
2,msam,msam@per-layer,Momentum-SAM (MSAM) [per-layer Frob],per-layer,sgd,momentum_lookahead,frobenius,added,1.1,0.5,nominal,0.1,additive,1.0,mse,0.09948087307221265,2,0,-1,500,501,9.635017837072258,9.535536964000045,6.417164016938804,39.05766799836241,2.945631406428398,0.7071067811865358,0.4085424874899895,99.14287942173937,-0.5072353496117721,115.08477319094297,19.135718649918616,nan,nan,nan,nan
2,msam,msam@per-layer,Momentum-SAM (MSAM) [per-layer Frob],per-layer,sgd,momentum_lookahead,frobenius,added,1.1,0.5,nominal,0.1,additive,1.0,mse,0.09948087307221265,3,0,-1,500,501,9.301988127710022,9.202507254637808,6.369671844582127,39.01004468432282,2.768355888103476,0.7071067811865397,0.4115111127821188,149.39535897161707,-0.2623467916557676,116.90392311679267,20.44574768806776,nan,nan,nan,nan
2,msam,msam@per-layer,Momentum-SAM (MSAM) [per-layer Frob],per-layer,sgd,momentum_lookahead,frobenius,added,1.1,0.5,nominal,0.1,additive,1.0,mse,0.09948087307221265,4,0,-1,500,501,7.1443139864485765,7.044833113376364,4.176670180301579,31.512614413155053,2.382353795613477,0.7071067811865305,0.4925207962080995,421.45254036807296,-0.3159955850487268,113.93247167677958,18.713852200827862,nan,nan,nan,nan
2,msam,msam@per-layer,Momentum-SAM (MSAM) [per-layer Frob],per-layer,sgd,momentum_lookahead,frobenius,added,1.1,0.5,nominal,0.1,additive,1.0,mse,0.09948087307221265,5,0,-1,500,501,9.290593031478412,9.191112158406199,6.04321609023865,35.77992676250517,3.0570260803088396,0.70710678118654,0.4654573279215749,168.85969634066885,0.27262912620290614,124.45380883996904,19.520984505965732,nan,nan,nan,nan
2,msam,msam@per-layer,Momentum-SAM (MSAM) [per-layer Frob],per-layer,sgd,momentum_lookahead,frobenius,added,1.1,0.5,nominal,0.1,additive,1.0,mse,0.09948087307221265,6,0,-1,500,501,7.521958085401484,7.422477212329271,4.547271889929942,31.049354805165812,2.659747677211281,0.707106781186538,0.4174661587933751,118.60207517311804,-0.18525206649948878,108.60841285747063,18.797118247910117,nan,nan,nan,nan
2,msam,msam@per-layer,Momentum-SAM (MSAM) [per-layer Frob],per-layer,sgd,momentum_lookahead,frobenius,added,1.1,0.5,nominal,0.1,additive,1.0,mse,0.09948087307221265,7,0,-1,500,501,7.485563396136768,7.386082523064555,4.259584184414236,28.617681807628625,2.8119709526729784,0.7071067811865309,0.3430553999150515,73.45744562121692,-0.08530478739338232,119.78453402088701,19.63342778133517,nan,nan,nan,nan
2,msam,msam@global,Momentum-SAM (MSAM) [global Frob],global,sgd,momentum_lookahead,frobenius,added,1.3,0.02,nominal,0.1,additive,1.0,mse,0.09948087307221265,0,0,-1,500,501,3.3482125046819173,3.248731631609705,0.8334081099375321,14.579193900130115,0.7489541196762349,0.019999999999999716,0.01554606483023538,65.77856641745421,2.749675961943865e-05,101.32833983082122,20.072780313564873,nan,nan,nan,nan
2,msam,msam@global,Momentum-SAM (MSAM) [global Frob],global,sgd,momentum_lookahead,frobenius,added,1.3,0.02,nominal,0.1,additive,1.0,mse,0.09948087307221265,1,0,-1,500,501,2.7582103708367094,2.658729497764497,0.7355726172983761,15.18442486607314,0.6603301490673698,0.01999999999999933,0.01278226236389174,57.86426628386437,9.719848106781726e-05,81.04077714908406,20.720216255059242,nan,nan,nan,nan
2,msam,msam@global,Momentum-SAM (MSAM) [global Frob],global,sgd,momentum_lookahead,frobenius,added,1.3,0.02,nominal,0.1,additive,1.0,mse,0.09948087307221265,2,0,-1,500,501,3.2453806107363095,3.145899737664097,0.7752595964390316,14.796054781118828,0.6310572263860008,0.019999999999999,0.010626870316531525,19.36906985053215,-0.003378331894945852,101.30618190270489,19.25906086180368,nan,nan,nan,nan
2,msam,msam@global,Momentum-SAM (MSAM) [global Frob],global,sgd,momentum_lookahead,frobenius,added,1.3,0.02,nominal,0.1,additive,1.0,mse,0.09948087307221265,3,0,-1,500,501,3.4896625753113324,3.39018170223912,1.1836044377557557,18.551899716305776,1.082779533866928,0.01999999999999959,0.016560769660359277,43.58879475918729,0.0017518887017722307,92.22577669500848,20.032112465452116,nan,nan,nan,nan
2,msam,msam@global,Momentum-SAM (MSAM) [global Frob],global,sgd,momentum_lookahead,frobenius,added,1.3,0.02,nominal,0.1,additive,1.0,mse,0.09948087307221265,4,0,-1,500,501,3.4345999403858913,3.335119067313679,1.2550873553182078,15.711219302706606,1.444309602210715,0.0199999999999995,0.016772946360928638,36.631783134074134,-0.0009349970399994412,89.04148491850805,21.54360571790637,nan,nan,nan,nan
2,msam,msam@global,Momentum-SAM (MSAM) [global Frob],global,sgd,momentum_lookahead,frobenius,added,1.3,0.02,nominal,0.1,additive,1.0,mse,0.09948087307221265,5,0,-1,500,501,2.9680741952208685,2.868593322148656,0.6006907953185447,12.917344088467965,0.6023258443855031,0.019999999999998914,0.009946288244710024,17.052382830391505,-0.002381717764295299,97.35728316676727,20.37697555129684,nan,nan,nan,nan
2,msam,msam@global,Momentum-SAM (MSAM) [global Frob],global,sgd,momentum_lookahead,frobenius,added,1.3,0.02,nominal,0.1,additive,1.0,mse,0.09948087307221265,6,0,-1,500,501,3.261463997526927,3.1619831244547143,1.0217679367595713,16.348299613068203,0.8943418379964482,0.019999999999999594,0.013043222341506469,44.299207582380475,0.0014648400723125121,90.9024178145972,19.12810820884365,nan,nan,nan,nan
2,msam,msam@global,Momentum-SAM (MSAM) [global Frob],global,sgd,momentum_lookahead,frobenius,added,1.3,0.02,nominal,0.1,additive,1.0,mse,0.09948087307221265,7,0,-1,500,501,2.833428373297365,2.7339475002251525,0.6699400193793549,12.414658737425535,0.5899903018939451,0.01999999999999951,0.01081423869286582,37.392850079955856,-0.001174195319372462,89.35843891996758,21.735278355256533,nan,nan,nan,nan
2,msam,msam@per-layer,Momentum-SAM (MSAM) [per-layer Frob],per-layer,sgd,momentum_lookahead,frobenius,added,1.1,1.0,nominal,0.1,additive,1.0,mse,0.09948087307221265,0,0,-1,500,501,9.46459712088957,9.365116247817356,6.619986475142164,37.41333044149249,3.2514470583674924,1.414213562373075,0.8783387395667807,91.9552516742867,-0.6965495513996114,115.98681907653415,18.865937758753336,nan,nan,nan,nan
2,msam,msam@per-layer,Momentum-SAM (MSAM) [per-layer Frob],per-layer,sgd,momentum_lookahead,frobenius,added,1.1,1.0,nominal,0.1,additive,1.0,mse,0.09948087307221265,1,0,-1,500,501,8.97200242557453,8.872521552502317,5.84069944886783,31.434657266615673,3.6980140488234055,1.4142135623730592,0.7653202177947367,107.27962003733619,-1.2768757776170592,117.02696035175555,19.129233822697582,nan,nan,nan,nan
2,msam,msam@per-layer,Momentum-SAM (MSAM) [per-layer Frob],per-layer,sgd,momentum_lookahead,frobenius,added,1.1,1.0,nominal,0.1,additive,1.0,mse,0.09948087307221265,2,0,-1,500,501,9.51512163490109,9.415640761828877,6.281616125481019,38.43986683287069,2.9418708651747623,1.41421356237307,0.8224336347946382,97.83226374418827,-0.8061316829166092,115.90170934948137,19.162076749929135,nan,nan,nan,nan
2,msam,msam@per-layer,Momentum-SAM (MSAM) [per-layer Frob],per-layer,sgd,momentum_lookahead,frobenius,added,1.1,1.0,nominal,0.1,additive,1.0,mse,0.09948087307221265,3,0,-1,500,501,9.310582780758331,9.211101907686118,6.358887016783735,38.75855070143807,2.817049893822802,1.4142135623730796,0.8268900144408845,149.0115424034272,-0.47231812063057177,118.10572211147843,20.412540625569054,nan,nan,nan,nan
2,msam,msam@per-layer,Momentum-SAM (MSAM) [per-layer Frob],per-layer,sgd,momentum_lookahead,frobenius,added,1.1,1.0,nominal,0.1,additive,1.0,mse,0.09948087307221265,4,0,-1,500,501,7.183601090824677,7.0841202177524645,4.191144199955923,31.558808642631316,2.40667094217086,1.4142135623730596,0.9850493865074481,421.48671029470484,-0.5917841205388878,114.57966173629494,18.62152567342774,nan,nan,nan,nan
2,msam,msam@per-layer,Momentum-SAM (MSAM) [per-layer Frob],per-layer,sgd,momentum_lookahead,frobenius,added,1.1,1.0,nominal,0.1,additive,1.0,mse,0.09948087307221265,5,0,-1,500,501,9.277028264374234,9.17754739130202,6.003711770799892,35.896693356961464,3.0041858483763515,1.4142135623730796,0.9308607043640084,168.2630293564334,0.6055614596434786,124.82376984888933,19.521836280300427,nan,nan,nan,nan
2,msam,msam@per-layer,Momentum-SAM (MSAM) [per-layer Frob],per-layer,sgd,momentum_lookahead,frobenius,added,1.1,1.0,nominal,0.1,additive,1.0,mse,0.09948087307221265,6,0,-1,500,501,7.62896602453643,7.529485151464217,4.607762171977887,31.064540194843843,2.761138223518979,1.414213562373076,0.8325061163782221,117.37351765325855,-0.2331380456227814,109.149867919788,18.79819972077752,nan,nan,nan,nan
2,msam,msam@per-layer,Momentum-SAM (MSAM) [per-layer Frob],per-layer,sgd,momentum_lookahead,frobenius,added,1.1,1.0,nominal,0.1,additive,1.0,mse,0.09948087307221265,7,0,-1,500,501,7.297503947367906,7.198023074295693,4.067126900773648,28.27496445993453,2.710279989085467,1.4142135623730614,0.6906368621157035,73.06030537263896,-0.11437892205688094,120.25319660128203,19.520693075271826,nan,nan,nan,nan
2,msam,msam@global,Momentum-SAM (MSAM) [global Frob],global,sgd,momentum_lookahead,frobenius,added,1.3,0.05,nominal,0.1,additive,1.0,mse,0.09948087307221265,0,0,-1,500,501,3.3487062216705796,3.249225348598367,0.831784150766444,14.58503343011324,0.7472547035824542,0.04999999999999933,0.03888386769339589,65.74088923106378,0.00022811013332590946,101.39590662160968,20.059000132718502,nan,nan,nan,nan
2,msam,msam@global,Momentum-SAM (MSAM) [global Frob],global,sgd,momentum_lookahead,frobenius,added,1.3,0.05,nominal,0.1,additive,1.0,mse,0.09948087307221265,1,0,-1,500,501,2.7633211972075458,2.6638403241353332,0.736278912571531,15.204776820226652,0.6609185708986871,0.04999999999999833,0.031973783855368934,57.850114299794555,0.0003633608341648831,81.20633564422653,20.707899979388323,nan,nan,nan,nan
2,msam,msam@global,Momentum-SAM (MSAM) [global Frob],global,sgd,momentum_lookahead,frobenius,added,1.3,0.05,nominal,0.1,additive,1.0,mse,0.09948087307221265,2,0,-1,500,501,3.2497850373539974,3.150304164281785,0.7767827525217987,14.815281767659537,0.6309789650947004,0.049999999999997505,0.02661771667925972,19.330347323284858,-0.008290601770643669,101.39317396582383,19.25132787871392,nan,nan,nan,nan
2,msam,msam@global,Momentum-SAM (MSAM) [global Frob],global,sgd,momentum_lookahead,frobenius,added,1.3,0.05,nominal,0.1,additive,1.0,mse,0.09948087307221265,3,0,-1,500,501,3.492239595063461,3.3927587219912483,1.1830433963869398,18.567390692735948,1.079717936778587,0.04999999999999899,0.04139658191302856,43.577537146082214,0.004360983686169995,92.33193849999587,20.01770452654254,nan,nan,nan,nan
2,msam,msam@global,Momentum-SAM (MSAM) [global Frob],global,sgd,momentum_lookahead,frobenius,added,1.3,0.05,nominal,0.1,additive,1.0,mse,0.09948087307221265,4,0,-1,500,501,3.434311459391787,3.3348305863195744,1.2500587420940272,15.721808318238958,1.4364372255222768,0.04999999999999874,0.0419683043311771,36.594023535887565,-0.002367012020151993,89.22084761723775,21.550680261130914,nan,nan,nan,nan
2,msam,msam@global,Momentum-SAM (MSAM) [global Frob],global,sgd,momentum_lookahead,frobenius,added,1.3,0.05,nominal,0.1,additive,1.0,mse,0.09948087307221265,5,0,-1,500,501,2.973285488808739,2.8738046157365265,0.6006161147361948,12.930247712510157,0.6027981399703828,0.04999999999999728,0.02490379551390514,17.02333722994235,-0.005864434736365887,97.54135398581016,20.369449541784533,nan,nan,nan,nan
2,msam,msam@global,Momentum-SAM (MSAM) [global Frob],global,sgd,momentum_lookahead,frobenius,added,1.3,0.05,nominal,0.1,additive,1.0,mse,0.09948087307221265,6,0,-1,500,501,3.264951083082015,3.1654702100098024,1.0215358963976644,16.337789457672944,0.8949480134351274,0.049999999999998976,0.03260193867960801,44.25953533006034,0.0038025332587214855,91.0311404706686,19.127150688315506,nan,nan,nan,nan
2,msam,msam@global,Momentum-SAM (MSAM) [global Frob],global,sgd,momentum_lookahead,frobenius,added,1.3,0.05,nominal,0.1,additive,1.0,mse,0.09948087307221265,7,0,-1,500,501,2.837356021378061,2.7378751483058483,0.6714149575537293,12.450153873651574,0.5905959865460555,0.04999999999999877,0.027029353178335616,37.36771457562808,-0.002809240621590714,89.41999683139582,21.717814657487565,nan,nan,nan,nan
2,msam,msam@global,Momentum-SAM (MSAM) [global Frob],global,sgd,momentum_lookahead,frobenius,added,1.3,0.1,nominal,0.1,additive,1.0,mse,0.09948087307221265,0,0,-1,500,501,3.349647723792064,3.2501668507198516,0.8292287250859953,14.596145149143258,0.7448209129771348,0.09999999999999865,0.07782970365077052,65.6786615969725,0.0009750010682290089,101.50333977814505,20.036537741281418,nan,nan,nan,nan
2,msam,msam@global,Momentum-SAM (MSAM) [global Frob],global,sgd,momentum_lookahead,frobenius,added,1.3,0.1,nominal,0.1,additive,1.0,mse,0.09948087307221265,1,0,-1,500,501,2.7716009385645215,2.672120065492309,0.7374553605161906,15.23725990115725,0.6619741701178605,0.09999999999999666,0.06400682747643109,57.826817935678754,0.0011159470587762677,81.47129686901114,20.687101249088393,nan,nan,nan,nan
2,msam,msam@global,Momentum-SAM (MSAM) [global Frob],global,sgd,momentum_lookahead,frobenius,added,1.3,0.1,nominal,0.1,additive,1.0,mse,0.09948087307221265,2,0,-1,500,501,3.2568559463760507,3.157375073303838,0.7792978629765215,14.847138369946723,0.6311927972677133,0.09999999999999498,0.05339593913049872,19.269625645652194,-0.016095547618742323,101.52874012890634,19.23756144656946,nan,nan,nan,nan
2,msam,msam@global,Momentum-SAM (MSAM) [global Frob],global,sgd,momentum_lookahead,frobenius,added,1.3,0.1,nominal,0.1,additive,1.0,mse,0.09948087307221265,3,0,-1,500,501,3.4965782301817017,3.397097357109489,1.1824130432168887,18.59035784015542,1.0751464189777595,0.09999999999999795,0.08277325704671991,43.55863999186881,0.008654258393815617,92.50584596646861,19.99414161161448,nan,nan,nan,nan
2,msam,msam@global,Momentum-SAM (MSAM) [global Frob],global,sgd,momentum_lookahead,frobenius,added,1.3,0.1,nominal,0.1,additive,1.0,mse,0.09948087307221265,4,0,-1,500,501,3.433338395753025,3.3338575226808125,1.2417352698098836,15.735129390415993,1.4233622314130938,0.09999999999999754,0.08404909736960159,36.534604614589014,-0.004805519609038189,89.50594257223669,21.563693272958805,nan,nan,nan,nan
2,msam,msam@global,Momentum-SAM (MSAM) [global Frob],global,sgd,momentum_lookahead,frobenius,added,1.3,0.1,nominal,0.1,additive,1.0,mse,0.09948087307221265,5,0,-1,500,501,2.981520066917594,2.8820391938453813,0.6009589857547534,12.951807591692901,0.6034713346728692,0.09999999999999451,0.049930071597015686,16.976596847508578,-0.011437153192725091,97.82269437222695,20.357778087491354,nan,nan,nan,nan
2,msam,msam@global,Momentum-SAM (MSAM) [global Frob],global,sgd,momentum_lookahead,frobenius,added,1.3,0.1,nominal,0.1,additive,1.0,mse,0.09948087307221265,6,0,-1,500,501,3.2705086250173765,3.171027751945164,1.0209517390438578,16.320895215895703,0.8961083369571421,0.09999999999999798,0.06517858930751909,44.19183141212219,0.00810325143714552,91.23068542832306,19.1380461795919,nan,nan,nan,nan
2,msam,msam@global,Momentum-SAM (MSAM) [global Frob],global,sgd,momentum_lookahead,frobenius,added,1.3,0.1,nominal,0.1,additive,1.0,mse,0.09948087307221265,7,0,-1,500,501,2.8440310414469594,2.744550168374747,0.6741720453687173,12.51168849344251,0.5917570916636602,0.09999999999999756,0.05403500738911591,37.32588339720373,-0.005200859327135543,89.51600144409481,21.688750167658984,nan,nan,nan,nan
2,msam,msam@global,Momentum-SAM (MSAM) [global Frob],global,sgd,momentum_lookahead,frobenius,added,1.3,0.5,nominal,0.1,additive,1.0,mse,0.09948087307221265,0,0,-1,500,501,3.359657509325391,3.2601766362531786,0.8146190094978701,14.675588765798137,0.7346136642883425,0.49999999999999334,0.3915616360968278,65.204623204873,0.023398923087515566,102.2043867984223,19.900591370736834,nan,nan,nan,nan
2,msam,msam@global,Momentum-SAM (MSAM) [global Frob],global,sgd,momentum_lookahead,frobenius,added,1.3,0.5,nominal,0.1,additive,1.0,mse,0.09948087307221265,1,0,-1,500,501,2.8149976706864757,2.715516797614263,0.7405720470631338,15.422794900356045,0.6631048880758341,0.4999999999999831,0.3223693954803951,57.651558722979544,0.01913447987253214,82.9562345020486,20.552141254077682,nan,nan,nan,nan
2,msam,msam@global,Momentum-SAM (MSAM) [global Frob],global,sgd,momentum_lookahead,frobenius,added,1.3,0.5,nominal,0.1,additive,1.0,mse,0.09948087307221265,2,0,-1,500,501,3.295997068041497,3.1965161949692846,0.7933701134294912,15.005095743911838,0.6404270435691137,0.49999999999997435,0.27223881980457426,18.8777449142207,-0.06456007119405793,102.1539140862167,19.169690816539497,nan,nan,nan,nan
2,msam,msam@global,Momentum-SAM (MSAM) [global Frob],global,sgd,momentum_lookahead,frobenius,added,1.3,0.5,nominal,0.1,additive,1.0,mse,0.09948087307221265,3,0,-1,500,501,3.520827413167475,3.4213465400952625,1.1762517052938335,18.661664515051715,1.0539455738191232,0.49999999999998984,0.4128797424463314,43.439045537166784,0.03781095733839068,93.65202867121431,19.84107042558367,nan,nan,nan,nan
2,msam,msam@global,Momentum-SAM (MSAM) [global Frob],global,sgd,momentum_lookahead,frobenius,added,1.3,0.5,nominal,0.1,additive,1.0,mse,0.09948087307221265,4,0,-1,500,501,3.421055417552875,3.3215745444806624,1.182848700482691,15.774422202048575,1.3280387992218172,0.49999999999998757,0.4235795165333514,36.16791379812313,-0.02101531646931587,91.4232813499992,21.620998064377286,nan,nan,nan,nan
2,msam,msam@global,Momentum-SAM (MSAM) [global Frob],global,sgd,momentum_lookahead,frobenius,added,1.3,0.5,nominal,0.1,additive,1.0,mse,0.09948087307221265,5,0,-1,500,501,3.0268961859132317,2.927415312841019,0.6072167519378223,13.046856573646808,0.6055271047955932,0.4999999999999722,0.253710977470918,16.665769342968545,-0.04667771017056843,99.18788210621607,20.329091131126866,nan,nan,nan,nan
2,msam,msam@global,Momentum-SAM (MSAM) [global Frob],global,sgd,momentum_lookahead,frobenius,added,1.3,0.5,nominal,0.1,additive,1.0,mse,0.09948087307221265,6,0,-1,500,501,3.306790992420273,3.2073101193480604,1.0130329445763404,16.26763944249325,0.9060324494703704,0.4999999999999895,0.3245008755216495,43.66910311364035,0.05802731159824326,92.47887505795815,19.186013518193608,nan,nan,nan,nan
2,msam,msam@global,Momentum-SAM (MSAM) [global Frob],global,sgd,momentum_lookahead,frobenius,added,1.3,0.5,nominal,0.1,additive,1.0,mse,0.09948087307221265,7,0,-1,500,501,2.893743508109074,2.7942626350368616,0.6929979234819228,12.947480520362642,0.6015636082250378,0.4999999999999876,0.26907216683660806,37.005218025285636,-0.010095238887397162,90.2617468649375,21.421177781242104,nan,nan,nan,nan
2,msam,msam@global,Momentum-SAM (MSAM) [global Frob],global,sgd,momentum_lookahead,frobenius,added,1.3,0.2,nominal,0.1,additive,1.0,mse,0.09948087307221265,0,0,-1,500,501,3.3519233403300444,3.252442467257832,0.8247122107040947,14.620260700000465,0.7411131333096792,0.19999999999999735,0.15590479538025684,65.55613018032945,0.003945603525649766,101.70130540186803,19.995307582710694,nan,nan,nan,nan
2,msam,msam@global,Momentum-SAM (MSAM) [global Frob],global,sgd,momentum_lookahead,frobenius,added,1.3,0.2,nominal,0.1,additive,1.0,mse,0.09948087307221265,1,0,-1,500,501,2.7866610974176877,2.687180224345475,0.7395092213974909,15.296608551225997,0.6639689750523211,0.19999999999999332,0.12824710265925574,57.78119838172318,0.003707329416202665,81.9530729124457,20.64597264611685,nan,nan,nan,nan
2,msam,msam@global,Momentum-SAM (MSAM) [global Frob],global,sgd,momentum_lookahead,frobenius,added,1.3,0.2,nominal,0.1,additive,1.0,mse,0.09948087307221265,2,0,-1,500,501,3.26987286960125,3.1703919965290375,0.7840291125222056,14.908060062737404,0.6325872610540642,0.19999999999999,0.10738624959346656,19.159125607482558,-0.030425806169743108,101.76527418546219,19.20985807586077,nan,nan,nan,nan
2,msam,msam@global,Momentum-SAM (MSAM) [global Frob],global,sgd,momentum_lookahead,frobenius,added,1.3,0.2,nominal,0.1,additive,1.0,mse,0.09948087307221265,3,0,-1,500,501,3.504595076210422,3.4051142031382096,1.1814409008470563,18.625074686854614,1.0676912953756514,0.19999999999999596,0.1654566269837214,43.52239867220587,0.016947158383054273,92.83595924672679,19.949193644571405,nan,nan,nan,nan
2,msam,msam@global,Momentum-SAM (MSAM) [global Frob],global,sgd,momentum_lookahead,frobenius,added,1.3,0.2,nominal,0.1,additive,1.0,mse,0.09948087307221265,4,0,-1,500,501,3.430580367194213,3.3310994941220007,1.2255892967636635,15.75078670686662,1.3977509513089315,0.19999999999999493,0.16850071469713046,36.42667213457818,-0.009685075756581618,90.04851030395571,21.59149832889666,nan,nan,nan,nan
2,msam,msam@global,Momentum-SAM (MSAM) [global Frob],global,sgd,momentum_lookahead,frobenius,added,1.3,0.2,nominal,0.1,additive,1.0,mse,0.09948087307221265,5,0,-1,500,501,2.9962838692245564,2.896802996152344,0.6026348277445608,12.991177107538862,0.604414343798888,0.199999999999989,0.10031633769242661,16.889320089532138,-0.021758636222311,98.29473800392483,20.337389627032266,nan,nan,nan,nan
2,msam,msam@global,Momentum-SAM (MSAM) [global Frob],global,sgd,momentum_lookahead,frobenius,added,1.3,0.2,nominal,0.1,additive,1.0,mse,0.09948087307221265,6,0,-1,500,501,3.281091048028368,3.1816101749561554,1.0193106852006284,16.29600372321496,0.898951280239864,0.1999999999999959,0.13023383256187315,44.0548967442044,0.018242155171924068,91.58841990642715,19.15450684490974,nan,nan,nan,nan
2,msam,msam@global,Momentum-SAM (MSAM) [global Frob],global,sgd,momentum_lookahead,frobenius,added,1.3,0.2,nominal,0.1,additive,1.0,mse,0.09948087307221265,7,0,-1,500,501,2.857920424861991,2.7584395517897784,0.6802357733424745,12.638610436770417,0.5944282818791151,0.19999999999999524,0.10796318788569631,37.24286228439618,-0.008763652461102112,89.70566398135142,21.628752438899888,nan,nan,nan,nan
2,msam,msam@per-layer,Momentum-SAM (MSAM) [per-layer Frob],per-layer,sgd,momentum_lookahead,frobenius,added,1.3,0.01,nominal,0.1,additive,1.0,mse,0.09948087307221265,0,0,-1,500,501,3.348478507912546,3.2489976348403333,0.8338097592912327,14.578070519430723,0.7495058519564402,0.014142135623730399,0.008205029837422492,65.78767883025036,-0.001001749792449047,101.32413158348712,20.070758555674516,nan,nan,nan,nan
2,msam,msam@per-layer,Momentum-SAM (MSAM) [per-layer Frob],per-layer,sgd,momentum_lookahead,frobenius,added,1.3,0.01,nominal,0.1,additive,1.0,mse,0.09948087307221265,1,0,-1,500,501,2.7573756430950933,2.6578947700228808,0.7354925917991655,15.17789568723055,0.6606874173815178,0.014142135623730257,0.00781793930970322,57.86610975816541,3.5978324369967396e-05,81.01205846382845,20.72220159530236,nan,nan,nan,nan
2,msam,msam@per-layer,Momentum-SAM (MSAM) [per-layer Frob],per-layer,sgd,momentum_lookahead,frobenius,added,1.3,0.01,nominal,0.1,additive,1.0,mse,0.09948087307221265,2,0,-1,500,501,3.245053985974798,3.1455731129025857,0.7751879874694291,14.793842849140637,0.6314707408344137,0.014142135623729755,0.005910368225476106,19.376717434908137,-0.002757702039807519,101.29630793176571,19.259394894326903,nan,nan,nan,nan
2,msam,msam@per-layer,Momentum-SAM (MSAM) [per-layer Frob],per-layer,sgd,momentum_lookahead,frobenius,added,1.3,0.01,nominal,0.1,additive,1.0,mse,0.09948087307221265,3,0,-1,500,501,3.48984048434471,3.3903596112724976,1.1842689775547233,18.55069381983339,1.0838765030651452,0.014142135623730501,0.009732396962377885,43.5900639823892,0.0003636093579979516,92.21003889626238,20.033244570282942,nan,nan,nan,nan
2,msam,msam@per-layer,Momentum-SAM (MSAM) [per-layer Frob],per-layer,sgd,momentum_lookahead,frobenius,added,1.3,0.01,nominal,0.1,additive,1.0,mse,0.09948087307221265,4,0,-1,500,501,3.43560553909584,3.3361246660236277,1.2568898593591802,15.710624235193617,1.4471272243726754,0.014142135623730307,0.00907654465675425,36.640227853483175,0.0015874886462525772,89.01034128230498,21.54068635038307,nan,nan,nan,nan
2,msam,msam@per-layer,Momentum-SAM (MSAM) [per-layer Frob],per-layer,sgd,momentum_lookahead,frobenius,added,1.3,0.01,nominal,0.1,additive,1.0,mse,0.09948087307221265,5,0,-1,500,501,2.967509114212264,2.8680282411400513,0.6006598145585167,12.914998399391715,0.6024243491726656,0.014142135623729776,0.005885260625347039,17.05658175154166,-0.002009431459912392,97.33884988659655,20.376108953649958,nan,nan,nan,nan
2,msam,msam@per-layer,Momentum-SAM (MSAM) [per-layer Frob],per-layer,sgd,momentum_lookahead,frobenius,added,1.3,0.01,nominal,0.1,additive,1.0,mse,0.09948087307221265,6,0,-1,500,501,3.261422412776533,3.1619415397043205,1.0221207164918529,16.35303306150703,0.8944517117243903,0.014142135623730534,0.008408846521423,44.306302409722946,0.0011038325607746202,90.88783196904527,19.124376220481018,nan,nan,nan,nan
2,msam,msam@per-layer,Momentum-SAM (MSAM) [per-layer Frob],per-layer,sgd,momentum_lookahead,frobenius,added,1.3,0.01,nominal,0.1,additive,1.0,mse,0.09948087307221265,7,0,-1,500,501,2.832848572754449,2.7333676996822365,0.6696185547245204,12.406436841781126,0.5899719655673161,0.014142135623730463,0.007289641049260942,37.39854727390969,-0.0008400050017067784,89.35490546104727,21.73896477433121,nan,nan,nan,nan
2,msam,msam@global,Momentum-SAM (MSAM) [global Frob],global,sgd,momentum_lookahead,frobenius,added,1.3,1.0,nominal,0.1,additive,1.0,mse,0.09948087307221265,0,0,-1,500,501,3.3710778522111005,3.271596979138888,0.8046341796368315,14.715991051184664,0.7283799608900291,0.9999999999999855,0.7887353098660103,64.68065237288513,0.08304652045718042,102.82441722107174,19.80859898932462,nan,nan,nan,nan
2,msam,msam@global,Momentum-SAM (MSAM) [global Frob],global,sgd,momentum_lookahead,frobenius,added,1.3,1.0,nominal,0.1,additive,1.0,mse,0.09948087307221265,1,0,-1,500,501,2.843197328953559,2.7437164558813465,0.7388728101530553,15.557087023811201,0.6522761202093448,0.9999999999999657,0.6499916797727847,57.46418614800827,0.06453579602933734,84.08167731591146,20.42374142928015,nan,nan,nan,nan
2,msam,msam@global,Momentum-SAM (MSAM) [global Frob],global,sgd,momentum_lookahead,frobenius,added,1.3,1.0,nominal,0.1,additive,1.0,mse,0.09948087307221265,2,0,-1,500,501,3.3203745170969596,3.220893644024747,0.8006468888179792,15.022706500934092,0.6600303458406587,0.9999999999999479,0.5540661410625997,18.515604786847863,-0.09719764995073632,102.56343851256457,19.14017822124184,nan,nan,nan,nan
2,msam,msam@global,Momentum-SAM (MSAM) [global Frob],global,sgd,momentum_lookahead,frobenius,added,1.3,1.0,nominal,0.1,additive,1.0,mse,0.09948087307221265,3,0,-1,500,501,3.5405770686228055,3.441096195550593,1.1717483325576534,18.654409116840935,1.049052399515866,0.9999999999999793,0.8226894115427956,43.36232159518158,0.05671707142359983,94.55590343514055,19.74762139217915,nan,nan,nan,nan
2,msam,msam@global,Momentum-SAM (MSAM) [global Frob],global,sgd,momentum_lookahead,frobenius,added,1.3,1.0,nominal,0.1,additive,1.0,mse,0.09948087307221265,4,0,-1,500,501,3.3955911406281447,3.296110267555932,1.1306947253335988,15.773119509037949,1.2373156545535648,0.9999999999999745,0.8518200201932676,35.87107873883211,-0.015864608748759057,92.33722328354166,21.562855544694436,nan,nan,nan,nan
2,msam,msam@global,Momentum-SAM (MSAM) [global Frob],global,sgd,momentum_lookahead,frobenius,added,1.3,1.0,nominal,0.1,additive,1.0,mse,0.09948087307221265,5,0,-1,500,501,3.052235646350179,2.9527547732779666,0.6083850139513545,13.048494757217217,0.6072578337474028,0.9999999999999433,0.5148797862752219,16.37790872256133,-0.0715045977446791,99.91095796642922,20.29856228508538,nan,nan,nan,nan
2,msam,msam@global,Momentum-SAM (MSAM) [global Frob],global,sgd,momentum_lookahead,frobenius,added,1.3,1.0,nominal,0.1,additive,1.0,mse,0.09948087307221265,6,0,-1,500,501,3.328638013521224,3.2291571404490114,1.0011760444345554,16.218737273553455,0.9018614599426604,0.9999999999999793,0.6426321543151303,43.05468053277139,0.15147752466069075,93.41163660499956,19.27111218554456,nan,nan,nan,nan
2,msam,msam@global,Momentum-SAM (MSAM) [global Frob],global,sgd,momentum_lookahead,frobenius,added,1.3,1.0,nominal,0.1,additive,1.0,mse,0.09948087307221265,7,0,-1,500,501,2.930534696062016,2.8310538229898037,0.7037262191746478,13.230934014066245,0.6127310958259095,0.9999999999999755,0.5348200395685528,36.63367841407445,0.019798658257305313,90.8827096776394,21.1580455406391,nan,nan,nan,nan
2,msam,msam@per-layer,Momentum-SAM (MSAM) [per-layer Frob],per-layer,sgd,momentum_lookahead,frobenius,added,1.3,0.02,nominal,0.1,additive,1.0,mse,0.09948087307221265,0,0,-1,500,501,3.3490690410335437,3.249588167961331,0.833118061645656,14.580836087425253,0.7488875547368419,0.028284271247460795,0.016414198541513835,65.77161262504923,-0.0019437103096269226,101.36548367698532,20.059413446002385,nan,nan,nan,nan
2,msam,msam@per-layer,Momentum-SAM (MSAM) [per-layer Frob],per-layer,sgd,momentum_lookahead,frobenius,added,1.3,0.02,nominal,0.1,additive,1.0,mse,0.09948087307221265,1,0,-1,500,501,2.7599738709486816,2.660492997876469,0.7358864934067697,15.185300681117281,0.6614228379789887,0.0282842712474605,0.015637472172709055,57.85848610385099,0.00011101388012635383,81.09474931951677,20.715904624889564,nan,nan,nan,nan
2,msam,msam@per-layer,Momentum-SAM (MSAM) [per-layer Frob],per-layer,sgd,momentum_lookahead,frobenius,added,1.3,0.02,nominal,0.1,additive,1.0,mse,0.09948087307221265,2,0,-1,500,501,3.2476955578864652,3.1482146848142527,0.7761286596203081,14.80445814495361,0.6317738793927984,0.028284271247459504,0.011828451733920057,19.35795867410721,-0.005467962344626542,101.34580183302802,19.25464437850149,nan,nan,nan,nan
2,msam,msam@per-layer,Momentum-SAM (MSAM) [per-layer Frob],per-layer,sgd,momentum_lookahead,frobenius,added,1.3,0.02,nominal,0.1,additive,1.0,mse,0.09948087307221265,3,0,-1,500,501,3.4917568588206946,3.392275985748482,1.184534664905815,18.560283461659942,1.0828915971656876,0.028284271247461013,0.019464776904912013,43.583780816581346,0.0007315441411686052,92.26524958259424,20.024720110471435,nan,nan,nan,nan
2,msam,msam@per-layer,Momentum-SAM (MSAM) [per-layer Frob],per-layer,sgd,momentum_lookahead,frobenius,added,1.3,0.02,nominal,0.1,additive,1.0,mse,0.09948087307221265,4,0,-1,500,501,3.4364989651119924,3.33701809203978,1.255332742674737,15.717781700256044,1.4446929599697524,0.0282842712474606,0.01815460793719532,36.62289775146176,0.0031647363240221438,89.10102463260307,21.542252386725036,nan,nan,nan,nan
2,msam,msam@per-layer,Momentum-SAM (MSAM) [per-layer Frob],per-layer,sgd,momentum_lookahead,frobenius,added,1.3,0.02,nominal,0.1,additive,1.0,mse,0.09948087307221265,5,0,-1,500,501,2.9704511424488853,2.8709702693766728,0.600495929092412,12.921124396665547,0.6028494621926493,0.028284271247459546,0.01177700587144969,17.041191545541952,-0.003986774167122675,97.44585770125263,20.370159562172834,nan,nan,nan,nan
2,msam,msam@per-layer,Momentum-SAM (MSAM) [per-layer Frob],per-layer,sgd,momentum_lookahead,frobenius,added,1.3,0.02,nominal,0.1,additive,1.0,mse,0.09948087307221265,6,0,-1,500,501,3.2637575788023026,3.16427670573009,1.0223548999742225,16.350595216710555,0.8949624523492818,0.02828427124746107,0.016816747454350352,44.287330449505546,0.002244832146318654,90.96147951202086,19.119909379236695,nan,nan,nan,nan
2,msam,msam@per-layer,Momentum-SAM (MSAM) [per-layer Frob],per-layer,sgd,momentum_lookahead,frobenius,added,1.3,0.02,nominal,0.1,additive,1.0,mse,0.09948087307221265,7,0,-1,500,501,2.8348956045886182,2.7354147315164057,0.6702472292409238,12.421674258635443,0.5903413854876152,0.02828427124746093,0.014579924472038049,37.38746535059194,-0.0016485420705425469,89.39393338870178,21.731016108076,nan,nan,nan,nan
2,msam,msam@per-layer,Momentum-SAM (MSAM) [per-layer Frob],per-layer,sgd,momentum_lookahead,frobenius,added,1.3,0.05,nominal,0.1,additive,1.0,mse,0.09948087307221265,0,0,-1,500,501,3.3510127655215864,3.251531892449374,0.8311816014568569,14.591375185510984,0.7474140597260663,0.07071067811865198,0.04106515721590831,65.72380308624982,-0.004424724378752742,101.48662528685303,20.025483358836745,nan,nan,nan,nan
2,msam,msam@per-layer,Momentum-SAM (MSAM) [per-layer Frob],per-layer,sgd,momentum_lookahead,frobenius,added,1.3,0.05,nominal,0.1,additive,1.0,mse,0.09948087307221265,1,0,-1,500,501,2.767695482776671,2.6682146097044583,0.7370824905497781,15.20705748078148,0.6636894500633058,0.07071067811865127,0.03910527639657087,57.83585313997348,0.0005643173347387176,81.33803218815325,20.696427363007864,nan,nan,nan,nan
2,msam,msam@per-layer,Momentum-SAM (MSAM) [per-layer Frob],per-layer,sgd,momentum_lookahead,frobenius,added,1.3,0.05,nominal,0.1,additive,1.0,mse,0.09948087307221265,2,0,-1,500,501,3.2553769975203135,3.155896124448101,0.7789211137233839,14.836002182697426,0.6329131061054961,0.07071067811864874,0.02962693330861206,19.3044308983467,-0.013331047218612113,101.48673486779123,19.239331943726555,nan,nan,nan,nan
2,msam,msam@per-layer,Momentum-SAM (MSAM) [per-layer Frob],per-layer,sgd,momentum_lookahead,frobenius,added,1.3,0.05,nominal,0.1,additive,1.0,mse,0.09948087307221265,3,0,-1,500,501,3.497593216424791,3.3981123433525786,1.1855332749256795,18.586693945704877,1.0804132252047114,0.07071067811865253,0.048661714950258034,43.56460572716456,0.0018562740272329847,92.42996586037123,19.999405277014585,nan,nan,nan,nan
2,msam,msam@per-layer,Momentum-SAM (MSAM) [per-layer Frob],per-layer,sgd,momentum_lookahead,frobenius,added,1.3,0.05,nominal,0.1,additive,1.0,mse,0.09948087307221265,4,0,-1,500,501,3.4387655037088303,3.3392846306366177,1.250645233009782,15.736485226664293,1.4373093095066758,0.0707106781186515,0.04539735264677561,36.572953100305405,0.007836629839011788,89.36221926091724,21.547732897271118,nan,nan,nan,nan
2,msam,msam@per-layer,Momentum-SAM (MSAM) [per-layer Frob],per-layer,sgd,momentum_lookahead,frobenius,added,1.3,0.05,nominal,0.1,additive,1.0,mse,0.09948087307221265,5,0,-1,500,501,2.978937912750448,2.8794570396782353,0.6003440577984405,12.939876831891585,0.6040417593000583,0.07071067811864885,0.029489263318519955,16.996096303129708,-0.009730780094556746,97.74901636805859,20.353319423262217,nan,nan,nan,nan
2,msam,msam@per-layer,Momentum-SAM (MSAM) [per-layer Frob],per-layer,sgd,momentum_lookahead,frobenius,added,1.3,0.05,nominal,0.1,additive,1.0,mse,0.09948087307221265,6,0,-1,500,501,3.2705226984128366,3.171041825340624,1.0229073949625394,16.342795211621993,0.896604165205901,0.07071067811865267,0.04203333929937131,44.2297426832197,0.005901552911489194,91.17236376317986,19.11182995644681,nan,nan,nan,nan
2,msam,msam@per-layer,Momentum-SAM (MSAM) [per-layer Frob],per-layer,sgd,momentum_lookahead,frobenius,added,1.3,0.05,nominal,0.1,additive,1.0,mse,0.09948087307221265,7,0,-1,500,501,2.8411440082518675,2.741663135179655,0.67241760875724,12.469728510042971,0.5915849137604133,0.07071067811865234,0.036453613699152426,37.354155683299936,-0.003886130049436609,89.50511752400662,21.706956735922592,nan,nan,nan,nan
2,msam,msam@per-layer,Momentum-SAM (MSAM) [per-layer Frob],per-layer,sgd,momentum_lookahead,frobenius,added,1.3,0.1,nominal,0.1,additive,1.0,mse,0.09948087307221265,0,0,-1,500,501,3.354719786667127,3.2552389135949142,0.8284874900540423,14.613521421188876,0.7459306160056417,0.14142135623730392,0.08222240809642749,65.6453457925085,-0.007479867956413422,101.67768426641881,19.972385473985454,nan,nan,nan,nan
2,msam,msam@per-layer,Momentum-SAM (MSAM) [per-layer Frob],per-layer,sgd,momentum_lookahead,frobenius,added,1.3,0.1,nominal,0.1,additive,1.0,mse,0.09948087307221265,1,0,-1,500,501,2.7800027787485395,2.680521905676327,0.7390378166862382,15.242129353540644,0.6674626716641149,0.14142135623730248,0.07824717194376403,57.79902010596318,0.0020423710797312644,81.71945582698099,20.662332304257177,nan,nan,nan,nan
2,msam,msam@per-layer,Momentum-SAM (MSAM) [per-layer Frob],per-layer,sgd,momentum_lookahead,frobenius,added,1.3,0.1,nominal,0.1,additive,1.0,mse,0.09948087307221265,2,0,-1,500,501,3.267355798647304,3.1678749255750915,0.7833747008986173,14.886744265089849,0.6354294489171823,0.14142135623729735,0.059428836604581696,19.22268216269068,-0.02562575249789889,101.69782324378794,19.211954102290687,nan,nan,nan,nan
2,msam,msam@per-layer,Momentum-SAM (MSAM) [per-layer Frob],per-layer,sgd,momentum_lookahead,frobenius,added,1.3,0.1,nominal,0.1,additive,1.0,mse,0.09948087307221265,3,0,-1,500,501,3.5072558867133954,3.407775013641183,1.1875045642641282,18.623705363408213,1.0777212325854504,0.1414213562373051,0.09732224619114453,43.53292517125899,0.0037498919905454287,92.69702365087022,19.958201439948997,nan,nan,nan,nan
2,msam,msam@per-layer,Momentum-SAM (MSAM) [per-layer Frob],per-layer,sgd,momentum_lookahead,frobenius,added,1.3,0.1,nominal,0.1,additive,1.0,mse,0.09948087307221265,4,0,-1,500,501,3.4416835669821144,3.342202693909902,1.2428730725860626,15.760484970472636,1.425001041393861,0.141421356237303,0.09082678845529436,36.496083663485855,0.015435474300697916,89.77612282577955,21.559431939934083,nan,nan,nan,nan
2,msam,msam@per-layer,Momentum-SAM (MSAM) [per-layer Frob],per-layer,sgd,momentum_lookahead,frobenius,added,1.3,0.1,nominal,0.1,additive,1.0,mse,0.09948087307221265,5,0,-1,500,501,2.9919315110978277,2.892450638025615,0.6009090999968512,12.970733064919468,0.605744356984431,0.14142135623729768,0.05912186746650507,16.924705067188313,-0.01870404904361589,98.19597548993612,20.326167701397207,nan,nan,nan,nan
2,msam,msam@per-layer,Momentum-SAM (MSAM) [per-layer Frob],per-layer,sgd,momentum_lookahead,frobenius,added,1.3,0.1,nominal,0.1,additive,1.0,mse,0.09948087307221265,6,0,-1,500,501,3.2812703550731266,3.181789482000914,1.023498459149392,16.332068994019664,0.8996746864499344,0.1414213562373054,0.08403069789154419,44.133433822316235,0.012789557890267034,91.49314813293572,19.10690798375387,nan,nan,nan,nan
2,msam,msam@per-layer,Momentum-SAM (MSAM) [per-layer Frob],per-layer,sgd,momentum_lookahead,frobenius,added,1.3,0.1,nominal,0.1,additive,1.0,mse,0.09948087307221265,7,0,-1,500,501,2.852213368832037,2.7527324957598243,0.6769242239617643,12.55661514090248,0.5941188618365069,0.14142135623730465,0.07291495444296317,37.298623507829156,-0.006996810758166383,89.68295358834712,21.664544451106668,nan,nan,nan,nan
2,msam,msam@per-layer,Momentum-SAM (MSAM) [per-layer Frob],per-layer,sgd,momentum_lookahead,frobenius,added,1.3,0.2,nominal,0.1,additive,1.0,mse,0.09948087307221265,0,0,-1,500,501,3.3629843772134778,3.263503504141265,0.8249602346615754,14.659962817759453,0.7451821192214763,0.28284271247460774,0.16477127571180003,65.49294876878136,-0.009923433595889541,102.02328615994341,19.886883354159195,nan,nan,nan,nan
2,msam,msam@per-layer,Momentum-SAM (MSAM) [per-layer Frob],per-layer,sgd,momentum_lookahead,frobenius,added,1.3,0.2,nominal,0.1,additive,1.0,mse,0.09948087307221265,1,0,-1,500,501,2.800440259467511,2.7009593863952985,0.7417535233152608,15.303526137330454,0.673193892478719,0.28284271247460496,0.15663116780088174,57.72835310744103,0.007493759939706912,82.36696040647917,20.595855485482303,nan,nan,nan,nan
2,msam,msam@per-layer,Momentum-SAM (MSAM) [per-layer Frob],per-layer,sgd,momentum_lookahead,frobenius,added,1.3,0.2,nominal,0.1,additive,1.0,mse,0.09948087307221265,2,0,-1,500,501,3.2871081851101263,3.1876273120379137,0.79069206535455,14.962215529319117,0.6418811452491863,0.2828427124745944,0.11949449773253513,19.076409672070433,-0.047514867004300854,102.00949352155077,19.169314628011932,nan,nan,nan,nan
2,msam,msam@per-layer,Momentum-SAM (MSAM) [per-layer Frob],per-layer,sgd,momentum_lookahead,frobenius,added,1.3,0.2,nominal,0.1,additive,1.0,mse,0.09948087307221265,3,0,-1,500,501,3.523836800196352,3.4243559271241395,1.1902066119085914,18.67092724720522,1.0762361121919104,0.2828427124746102,0.19464109257360776,43.47817259897817,0.007103111639423343,93.18348797950516,19.883923950751242,nan,nan,nan,nan
2,msam,msam@per-layer,Momentum-SAM (MSAM) [per-layer Frob],per-layer,sgd,momentum_lookahead,frobenius,added,1.3,0.2,nominal,0.1,additive,1.0,mse,0.09948087307221265,4,0,-1,500,501,3.446022924236731,3.3465420511645183,1.2279040783258033,15.79402544092542,1.4008978264478444,0.28284271247460574,0.1817642522733501,36.36101778447043,0.0301317743559526,90.54722849587557,21.577816281586788,nan,nan,nan,nan
2,msam,msam@per-layer,Momentum-SAM (MSAM) [per-layer Frob],per-layer,sgd,momentum_lookahead,frobenius,added,1.3,0.2,nominal,0.1,additive,1.0,mse,0.09948087307221265,5,0,-1,500,501,3.0133471756800203,2.9138663026078078,0.6033426650525335,13.019380441557093,0.6083863808775151,0.28284271247459514,0.11874646115954844,16.794673890030257,-0.0345773556568183,98.87737713155458,20.280447439180765,nan,nan,nan,nan
2,msam,msam@per-layer,Momentum-SAM (MSAM) [per-layer Frob],per-layer,sgd,momentum_lookahead,frobenius,added,1.3,0.2,nominal,0.1,additive,1.0,mse,0.09948087307221265,6,0,-1,500,501,3.301184046527944,3.2017031734557313,1.0236526534599246,16.329005821765474,0.9062900575878817,0.2828427124746107,0.16789886666443424,43.95123525294078,0.029021514286812433,92.07488617357457,19.088014888804423,nan,nan,nan,nan
2,msam,msam@per-layer,Momentum-SAM (MSAM) [per-layer Frob],per-layer,sgd,momentum_lookahead,frobenius,added,1.3,0.2,nominal,0.1,additive,1.0,mse,0.09948087307221265,7,0,-1,500,501,2.8748154723180566,2.775334599245844,0.6866104047321802,12.729407127113946,0.599963762013919,0.2828427124746092,0.14583578742964853,37.18863293071712,-0.010956193323711894,90.03378627401274,21.56182165043042,nan,nan,nan,nan
2,msam,msam@per-layer,Momentum-SAM (MSAM) [per-layer Frob],per-layer,sgd,momentum_lookahead,frobenius,added,1.3,0.5,nominal,0.1,additive,1.0,mse,0.09948087307221265,0,0,-1,500,501,3.388380418165575,3.2888995450933622,0.8243002324791712,14.766878667345756,0.752269777555564,0.7071067811865189,0.41349710754814156,65.07656121175422,0.006421960475041288,102.85163075672317,19.742888417962945,nan,nan,nan,nan
2,msam,msam@per-layer,Momentum-SAM (MSAM) [per-layer Frob],per-layer,sgd,momentum_lookahead,frobenius,added,1.3,0.5,nominal,0.1,additive,1.0,mse,0.09948087307221265,1,0,-1,500,501,2.8340276898708714,2.734546816798659,0.7402492022240649,15.411955517995574,0.6704184585248317,0.7071067811865114,0.3924976282199923,57.53927098118322,0.04022309754367592,83.65399697087256,20.438978242190423,nan,nan,nan,nan
2,msam,msam@per-layer,Momentum-SAM (MSAM) [per-layer Frob],per-layer,sgd,momentum_lookahead,frobenius,added,1.3,0.5,nominal,0.1,additive,1.0,mse,0.09948087307221265,2,0,-1,500,501,3.3249488815995925,3.22546800852738,0.8057111507076832,15.02616048098691,0.6689334654261858,0.7071067811864841,0.30251653949419327,18.7204333216494,-0.09487889465776744,102.56075538393117,19.125521327945332,nan,nan,nan,nan
2,msam,msam@per-layer,Momentum-SAM (MSAM) [per-layer Frob],per-layer,sgd,momentum_lookahead,frobenius,added,1.3,0.5,nominal,0.1,additive,1.0,mse,0.09948087307221265,3,0,-1,500,501,3.562415724741394,3.4629348516691816,1.1960828386687214,18.71878977296193,1.09266176941282,0.7071067811865251,0.48660703511225123,43.36859511861334,0.009422203480290214,94.28256642115063,19.746117868147294,nan,nan,nan,nan
2,msam,msam@per-layer,Momentum-SAM (MSAM) [per-layer Frob],per-layer,sgd,momentum_lookahead,frobenius,added,1.3,0.5,nominal,0.1,additive,1.0,mse,0.09948087307221265,4,0,-1,500,501,3.4511335418809805,3.351652668808768,1.1903955900353627,15.865263424352927,1.338908660454892,0.7071067811865134,0.4550390157378047,36.0624141852934,0.07476862886534441,92.1864503978758,21.51201187832392,nan,nan,nan,nan
2,msam,msam@per-layer,Momentum-SAM (MSAM) [per-layer Frob],per-layer,sgd,momentum_lookahead,frobenius,added,1.3,0.5,nominal,0.1,additive,1.0,mse,0.09948087307221265,5,0,-1,500,501,3.0487859140025297,2.949305040930317,0.6061262238735989,13.052870314802899,0.6139152255841327,0.707106781186486,0.2997788353160784,16.474679027971458,-0.0676551562481702,99.94662605170271,20.19648125868642,nan,nan,nan,nan
2,msam,msam@per-layer,Momentum-SAM (MSAM) [per-layer Frob],per-layer,sgd,momentum_lookahead,frobenius,added,1.3,0.5,nominal,0.1,additive,1.0,mse,0.09948087307221265,6,0,-1,500,501,3.346261668008149,3.2467807949359364,1.0262277766865977,16.344977849333414,0.9205826936693148,0.7071067811865265,0.41788848137501267,43.45317811899551,0.09256369792814167,93.34508262589756,19.064961825224216,nan,nan,nan,nan
2,msam,msam@per-layer,Momentum-SAM (MSAM) [per-layer Frob],per-layer,sgd,momentum_lookahead,frobenius,added,1.3,0.5,nominal,0.1,additive,1.0,mse,0.09948087307221265,7,0,-1,500,501,2.9269274401345085,2.827446567062296,0.7079518338074496,13.085787241050143,0.6194272696265357,0.7071067811865229,0.36422394648645284,36.87524969292597,-0.004813208372988154,90.82055721867147,21.25382130793826,nan,nan,nan,nan
2,msam,msam@per-layer,Momentum-SAM (MSAM) [per-layer Frob],per-layer,sgd,momentum_lookahead,frobenius,added,1.3,1.0,nominal,0.1,additive,1.0,mse,0.09948087307221265,0,0,-1,500,501,3.421541689954062,3.3220608168818493,0.834182087489174,14.875841940136445,0.7773435839104192,1.4142135623730363,0.8275717646428491,64.48802143125938,0.09114020836722547,103.61256528786096,19.668648896209337,nan,nan,nan,nan
2,msam,msam@per-layer,Momentum-SAM (MSAM) [per-layer Frob],per-layer,sgd,momentum_lookahead,frobenius,added,1.3,1.0,nominal,0.1,additive,1.0,mse,0.09948087307221265,1,0,-1,500,501,2.8692520461308666,2.769771173058654,0.735982824011761,15.564706633585754,0.6533624711278465,1.4142135623730214,0.7872219866163138,57.28098163884834,0.12948044264140668,85.09400518008863,20.24065928203013,nan,nan,nan,nan
2,msam,msam@per-layer,Momentum-SAM (MSAM) [per-layer Frob],per-layer,sgd,momentum_lookahead,frobenius,added,1.3,1.0,nominal,0.1,additive,1.0,mse,0.09948087307221265,2,0,-1,500,501,3.368974828704876,3.2694939556326634,0.8317732777746227,15.041015988449422,0.7308189575748396,1.4142135623729628,0.614632039519973,18.29422382841024,-0.12886562748978703,103.04287166022925,19.08495257685389,nan,nan,nan,nan
2,msam,msam@per-layer,Momentum-SAM (MSAM) [per-layer Frob],per-layer,sgd,momentum_lookahead,frobenius,added,1.3,1.0,nominal,0.1,additive,1.0,mse,0.09948087307221265,3,0,-1,500,501,3.6068938406056072,3.5074129675333947,1.211778314791836,18.773255169901983,1.1212142980388133,1.4142135623730505,0.9731764080102369,43.288551158406165,-0.004315445208794788,95.23020514754224,19.70209052443868,nan,nan,nan,nan
2,msam,msam@per-layer,Momentum-SAM (MSAM) [per-layer Frob],per-layer,sgd,momentum_lookahead,frobenius,added,1.3,1.0,nominal,0.1,additive,1.0,mse,0.09948087307221265,4,0,-1,500,501,3.432453463827777,3.3329725907555643,1.1521991463449333,15.90109562351324,1.2689985937467132,1.4142135623730243,0.9100943779928411,35.78666194521995,0.17909100453685545,92.58934124310424,21.350610059370418,nan,nan,nan,nan
2,msam,msam@per-layer,Momentum-SAM (MSAM) [per-layer Frob],per-layer,sgd,momentum_lookahead,frobenius,added,1.3,1.0,nominal,0.1,additive,1.0,mse,0.09948087307221265,5,0,-1,500,501,3.0718418413960347,2.972360968323822,0.607842808874424,13.043916433675545,0.6261923250848379,1.4142135623729675,0.605417919236102,16.09298626374248,-0.08535003699169152,100.51270143865685,20.142643411910132,nan,nan,nan,nan
2,msam,msam@per-layer,Momentum-SAM (MSAM) [per-layer Frob],per-layer,sgd,momentum_lookahead,frobenius,added,1.3,1.0,nominal,0.1,additive,1.0,mse,0.09948087307221265,6,0,-1,500,501,3.380824505241481,3.2813436321692686,1.0353003889570098,16.40836232905568,0.9359937445945503,1.4142135623730527,0.8277980505107584,42.66734934450964,0.23568029987590133,94.12289681247515,19.042336811106214,nan,nan,nan,nan
2,msam,msam@per-layer,Momentum-SAM (MSAM) [per-layer Frob],per-layer,sgd,momentum_lookahead,frobenius,added,1.3,1.0,nominal,0.1,additive,1.0,mse,0.09948087307221265,7,0,-1,500,501,2.97450620792524,2.8750253348530275,0.7278243963483862,13.307672942790713,0.6594752930607284,1.4142135623730454,0.7253855929768802,36.4001298913986,0.06431609257752946,91.44033686116481,21.0137337997645,nan,nan,nan,nan
2,msam,msam@global,Momentum-SAM (MSAM) [global Frob],global,sgd,momentum_lookahead,frobenius,added,1.6,0.01,nominal,0.1,additive,1.0,mse,0.09948087307221265,0,0,-1,500,501,1.160725144938378,1.0612442718661654,0.19115617182624467,6.334476269449536,0.23826030356907188,0.009999999999999622,0.009606580204981998,24.20997476396258,-4.0299004147037465e-06,46.6188534697536,20.244356136475535,nan,nan,nan,nan
2,msam,msam@global,Momentum-SAM (MSAM) [global Frob],global,sgd,momentum_lookahead,frobenius,added,1.6,0.01,nominal,0.1,additive,1.0,mse,0.09948087307221265,1,0,-1,500,501,1.1273532967087523,1.0278724236365395,0.1580700539694797,5.71768947314843,0.2332031056123415,0.009999999999998795,0.005151595352133039,7.859293332744201,-0.0006139062630530212,44.81641247334062,20.290875610514412,nan,nan,nan,nan
2,msam,msam@global,Momentum-SAM (MSAM) [global Frob],global,sgd,momentum_lookahead,frobenius,added,1.6,0.01,nominal,0.1,additive,1.0,mse,0.09948087307221265,2,0,-1,500,501,1.0970582533058963,0.9975773802336837,0.12406702172182585,4.8899967698946165,0.19759141372261524,0.00999999999999873,0.00599007106994449,7.620439656494811,-0.000376658162750676,48.41902445032053,20.711405838230668,nan,nan,nan,nan
2,msam,msam@global,Momentum-SAM (MSAM) [global Frob],global,sgd,momentum_lookahead,frobenius,added,1.6,0.01,nominal,0.1,additive,1.0,mse,0.09948087307221265,3,0,-1,500,501,1.0033138457676027,0.9038329726953901,0.15549259892305656,5.755265591508855,0.228782940588,0.009999999999999122,0.007963823009443196,10.45360666311163,-0.0003919422266287498,39.97135098967919,20.987469132946547,nan,nan,nan,nan
2,msam,msam@global,Momentum-SAM (MSAM) [global Frob],global,sgd,momentum_lookahead,frobenius,added,1.6,0.01,nominal,0.1,additive,1.0,mse,0.09948087307221265,4,0,-1,500,501,1.1249707227986794,1.0254898497264668,0.1473821648944779,5.665920362720298,0.2152529110043622,0.00999999999999865,0.004976520651098772,7.143841594242779,-0.0006587526973791391,47.76883744091553,20.977980283408964,nan,nan,nan,nan
2,msam,msam@global,Momentum-SAM (MSAM) [global Frob],global,sgd,momentum_lookahead,frobenius,added,1.6,0.01,nominal,0.1,additive,1.0,mse,0.09948087307221265,5,0,-1,500,501,1.0796128955650315,0.9801320224928188,0.12816957648435395,5.182950208015664,0.21780085952708378,0.009999999999999447,0.006687702804855312,16.558712819175334,-0.00022822204759886944,43.18226064633142,20.627112785883956,nan,nan,nan,nan
2,msam,msam@global,Momentum-SAM (MSAM) [global Frob],global,sgd,momentum_lookahead,frobenius,added,1.6,0.01,nominal,0.1,additive,1.0,mse,0.09948087307221265,6,0,-1,500,501,1.0562969827668849,0.9568161096946722,0.18462929468699008,5.769646723320169,0.2531804209033507,0.009999999999998803,0.0033925286243239607,7.981710690360618,-0.000724429875010868,37.497010747962825,20.369516088295867,nan,nan,nan,nan
2,msam,msam@global,Momentum-SAM (MSAM) [global Frob],global,sgd,momentum_lookahead,frobenius,added,1.6,0.01,nominal,0.1,additive,1.0,mse,0.09948087307221265,7,0,-1,500,501,1.1121771583178617,1.012696285245649,0.1631833090004357,5.502838845537081,0.2347497469573761,0.0099999999999985,0.004244262691880937,6.5099350031279,-0.0008545866737663665,46.65826679524807,20.77760139858085,nan,nan,nan,nan
2,msam,msam@global,Momentum-SAM (MSAM) [global Frob],global,sgd,momentum_lookahead,frobenius,added,1.6,0.02,nominal,0.1,additive,1.0,mse,0.09948087307221265,0,0,-1,500,501,1.1610623750257967,1.061581501953584,0.19112827668122695,6.336425209975741,0.2382755981382218,0.019999999999999258,0.019213507822282407,24.205296316200403,3.6241684984172906e-06,46.63199673900854,20.240652815072853,nan,nan,nan,nan
2,msam,msam@global,Momentum-SAM (MSAM) [global Frob],global,sgd,momentum_lookahead,frobenius,added,1.6,0.02,nominal,0.1,additive,1.0,mse,0.09948087307221265,1,0,-1,500,501,1.1286269137381093,1.0291460406658968,0.15816190431448995,5.720563780489303,0.23327970703559264,0.019999999999997586,0.010309049054324919,7.854168342389469,-0.0012187359670758902,44.86699114294037,20.28694478813025,nan,nan,nan,nan
2,msam,msam@global,Momentum-SAM (MSAM) [global Frob],global,sgd,momentum_lookahead,frobenius,added,1.6,0.02,nominal,0.1,additive,1.0,mse,0.09948087307221265,2,0,-1,500,501,1.0978015314278213,0.9983206583556087,0.12405567649930371,4.892726678623616,0.19759521324503304,0.019999999999997464,0.011983512436001653,7.617079359905814,-0.0007459091114445648,48.44594989091759,20.708621760575838,nan,nan,nan,nan
2,msam,msam@global,Momentum-SAM (MSAM) [global Frob],global,sgd,momentum_lookahead,frobenius,added,1.6,0.02,nominal,0.1,additive,1.0,mse,0.09948087307221265,3,0,-1,500,501,1.004652443005691,0.9051715699334782,0.15558565161775964,5.762690176086728,0.22896787537445848,0.019999999999998245,0.015930194254946614,10.450378350869023,-0.0007776093371500981,40.01397504360163,20.982094362952648,nan,nan,nan,nan
2,msam,msam@global,Momentum-SAM (MSAM) [global Frob],global,sgd,momentum_lookahead,frobenius,added,1.6,0.02,nominal,0.1,additive,1.0,mse,0.09948087307221265,4,0,-1,500,501,1.125301230191072,1.0258203571188593,0.14737887041989933,5.670004793974961,0.21524077184118096,0.01999999999999731,0.009956318196447766,7.139690063530871,-0.0013096718283691633,47.77594978021762,20.97666993380462,nan,nan,nan,nan
2,msam,msam@global,Momentum-SAM (MSAM) [global Frob],global,sgd,momentum_lookahead,frobenius,added,1.6,0.02,nominal,0.1,additive,1.0,mse,0.09948087307221265,5,0,-1,500,501,1.0805237222152526,0.98104284914304,0.1280546860732363,5.18303098764198,0.21780506999163696,0.019999999999998904,0.013375509614077366,16.556554767565018,-0.0004521575226099639,43.21616241099468,20.625593349979674,nan,nan,nan,nan
2,msam,msam@global,Momentum-SAM (MSAM) [global Frob],global,sgd,momentum_lookahead,frobenius,added,1.6,0.02,nominal,0.1,additive,1.0,mse,0.09948087307221265,6,0,-1,500,501,1.0573777043588708,0.9578968312866581,0.1846613619435582,5.770699451871645,0.25339336649591004,0.01999999999999761,0.006783782422239885,7.976909275179391,-0.001440177012051791,37.53635560133311,20.368078438182813,nan,nan,nan,nan
2,msam,msam@global,Momentum-SAM (MSAM) [global Frob],global,sgd,momentum_lookahead,frobenius,added,1.6,0.02,nominal,0.1,additive,1.0,mse,0.09948087307221265,7,0,-1,500,501,1.112776051210984,1.0132951781387716,0.16310404030477108,5.501975840755874,0.23467461108921894,0.019999999999997003,0.008494555422475545,6.503792942869537,-0.0016949576162914592,46.6917549795739,20.778300289450694,nan,nan,nan,nan
2,msam,msam@global,Momentum-SAM (MSAM) [global Frob],global,sgd,momentum_lookahead,frobenius,added,1.6,0.1,nominal,0.1,additive,1.0,mse,0.09948087307221265,0,0,-1,500,501,1.163415870739724,1.0639349976675114,0.19085332335419908,6.3489934718669385,0.2383566584189044,0.09999999999999626,0.09608027726243293,24.16786215211736,0.0004880570355048075,46.727645059954675,20.212106189428027,nan,nan,nan,nan
2,msam,msam@global,Momentum-SAM (MSAM) [global Frob],global,sgd,momentum_lookahead,frobenius,added,1.6,0.1,nominal,0.1,additive,1.0,mse,0.09948087307221265,1,0,-1,500,501,1.1370952677608164,1.0376143946886036,0.15881989040001407,5.740480464993156,0.2337927527348167,0.09999999999998783,0.05176474835870923,7.815382419069489,-0.00574547262994729,45.20265142604707,20.258402671241697,nan,nan,nan,nan
2,msam,msam@global,Momentum-SAM (MSAM) [global Frob],global,sgd,momentum_lookahead,frobenius,added,1.6,0.1,nominal,0.1,additive,1.0,mse,0.09948087307221265,2,0,-1,500,501,1.1030600757754605,1.0035792027032477,0.12400347696916135,4.911016197033392,0.19760992765094293,0.0999999999999873,0.060045521340982067,7.590664195296013,-0.0034391018155290887,48.63516424307594,20.688090625579033,nan,nan,nan,nan
2,msam,msam@global,Momentum-SAM (MSAM) [global Frob],global,sgd,momentum_lookahead,frobenius,added,1.6,0.1,nominal,0.1,additive,1.0,mse,0.09948087307221265,3,0,-1,500,501,1.0139990491632893,0.9145181760910767,0.1561537841092413,5.812054550292678,0.23035249931755708,0.09999999999999122,0.0797475275258218,10.425160285686532,-0.0036400020989899584,40.31643239470056,20.934330832026447,nan,nan,nan,nan
2,msam,msam@global,Momentum-SAM (MSAM) [global Frob],global,sgd,momentum_lookahead,frobenius,added,1.6,0.1,nominal,0.1,additive,1.0,mse,0.09948087307221265,4,0,-1,500,501,1.127738520663106,1.0282576475908933,0.14735710760151263,5.696784770120471,0.21513179518417805,0.0999999999999865,0.04990878014575692,7.1081639256599765,-0.006253007356945339,47.82848413038498,20.959692099230182,nan,nan,nan,nan
2,msam,msam@global,Momentum-SAM (MSAM) [global Frob],global,sgd,momentum_lookahead,frobenius,added,1.6,0.1,nominal,0.1,additive,1.0,mse,0.09948087307221265,5,0,-1,500,501,1.0871201084288222,0.9876392353566096,0.12729537956139697,5.1869953226469425,0.21776670159710157,0.09999999999999451,0.06688146552836009,16.539199006725596,-0.0020877337292413145,43.46535774072164,20.6010282560002,nan,nan,nan,nan
2,msam,msam@global,Momentum-SAM (MSAM) [global Frob],global,sgd,momentum_lookahead,frobenius,added,1.6,0.1,nominal,0.1,additive,1.0,mse,0.09948087307221265,6,0,-1,500,501,1.0649604830291424,0.9654796099569297,0.18478296386136472,5.776540653058436,0.2549592388007541,0.099999999999988,0.033861709935640145,7.939280367495019,-0.006857427545917449,37.81937671396982,20.356585164732046,nan,nan,nan,nan
2,msam,msam@global,Momentum-SAM (MSAM) [global Frob],global,sgd,momentum_lookahead,frobenius,added,1.6,0.1,nominal,0.1,additive,1.0,mse,0.09948087307221265,7,0,-1,500,501,1.1169636317725096,1.017482758700297,0.16246188626961,5.4968241634326525,0.234092802316876,0.09999999999998485,0.04268736313028885,6.458887076179469,-0.00795883802451991,46.92452765414025,20.78226509262009,nan,nan,nan,nan
2,msam,msam@global,Momentum-SAM (MSAM) [global Frob],global,sgd,momentum_lookahead,frobenius,added,1.6,0.05,nominal,0.1,additive,1.0,mse,0.09948087307221265,0,0,-1,500,501,1.1620155116112476,1.0625346385390348,0.19103461538160416,6.341722975532551,0.23831453402613603,0.04999999999999813,0.04803627837943479,24.191259925376496,9.691663315369858e-05,46.66992316126241,20.229743894661336,nan,nan,nan,nan
2,msam,msam@global,Momentum-SAM (MSAM) [global Frob],global,sgd,momentum_lookahead,frobenius,added,1.6,0.05,nominal,0.1,additive,1.0,mse,0.09948087307221265,1,0,-1,500,501,1.1321327519177902,1.0326518788455776,0.15842395704109824,5.7286109074804985,0.23348996446702158,0.049999999999993945,0.02581528242014166,7.839175966383387,-0.0029800623381235347,45.00627182328474,20.275710163841296,nan,nan,nan,nan
2,msam,msam@global,Momentum-SAM (MSAM) [global Frob],global,sgd,momentum_lookahead,frobenius,added,1.6,0.05,nominal,0.1,additive,1.0,mse,0.09948087307221265,2,0,-1,500,501,1.0999136952256188,1.0004328221534062,0.12403148239007775,4.9002788252700595,0.19760408800785323,0.04999999999999365,0.0299834927683804,7.607071107412739,-0.0018096589142440056,48.5221669344762,20.70060589583506,nan,nan,nan,nan
2,msam,msam@global,Momentum-SAM (MSAM) [global Frob],global,sgd,momentum_lookahead,frobenius,added,1.6,0.05,nominal,0.1,additive,1.0,mse,0.09948087307221265,3,0,-1,500,501,1.0084342465010592,0.9089533734288465,0.15582992602928525,5.783240411311988,0.2295075326632899,0.049999999999995604,0.039844114783357656,10.4407956531558,-0.0018972258996801106,40.13518434931079,20.9646995256432,nan,nan,nan,nan
2,msam,msam@global,Momentum-SAM (MSAM) [global Frob],global,sgd,momentum_lookahead,frobenius,added,1.6,0.05,nominal,0.1,additive,1.0,mse,0.09948087307221265,4,0,-1,500,501,1.1262553199206935,1.026774446848481,0.14737254873762604,5.681305937897248,0.21520308161558444,0.04999999999999327,0.024915086742222883,7.127517333735744,-0.0032169428190094163,47.79639484851398,20.971231961188444,nan,nan,nan,nan
2,msam,msam@global,Momentum-SAM (MSAM) [global Frob],global,sgd,momentum_lookahead,frobenius,added,1.6,0.05,nominal,0.1,additive,1.0,mse,0.09948087307221265,5,0,-1,500,501,1.083137493622126,0.9836566205499134,0.12773656717974435,5.183965277925769,0.21780772985159746,0.049999999999997276,0.03343953216786713,16.55004989514087,-0.001098078834367744,43.31392618639315,20.61868193561707,nan,nan,nan,nan
2,msam,msam@global,Momentum-SAM (MSAM) [global Frob],global,sgd,momentum_lookahead,frobenius,added,1.6,0.05,nominal,0.1,additive,1.0,mse,0.09948087307221265,6,0,-1,500,501,1.060437546431733,0.9609566733595204,0.1847287049132669,5.773395338186208,0.2540050330898018,0.04999999999999399,0.01694938929959953,7.962619779775155,-0.0035355091003881345,37.6492484145111,20.363570972907045,nan,nan,nan,nan
2,msam,msam@global,Momentum-SAM (MSAM) [global Frob],global,sgd,momentum_lookahead,frobenius,added,1.6,0.05,nominal,0.1,additive,1.0,mse,0.09948087307221265,7,0,-1,500,501,1.1144597269788787,1.014978853906666,0.16286282016076659,5.499712812049007,0.23445366034766751,0.049999999999992474,0.02127919766212752,6.4861177247139485,-0.004135528494710217,46.785551036135914,20.779926665769057,nan,nan,nan,nan
2,msam,msam@global,Momentum-SAM (MSAM) [global Frob],global,sgd,momentum_lookahead,frobenius,added,1.6,0.5,nominal,0.1,additive,1.0,mse,0.09948087307221265,0,0,-1,500,501,1.1696240820659185,1.0701432089937057,0.18905171690808953,6.369476358610012,0.2379487321023116,0.4999999999999811,0.48058937549433883,23.98293368466196,0.013959621832988933,47.021392041842766,20.107158986226054,nan,nan,nan,nan
2,msam,msam@global,Momentum-SAM (MSAM) [global Frob],global,sgd,momentum_lookahead,frobenius,added,1.6,0.5,nominal,0.1,additive,1.0,mse,0.09948087307221265,1,0,-1,500,501,1.1577017655163289,1.0582208924441163,0.16068842821912457,5.798331702808735,0.2355564345672379,0.4999999999999378,0.26296103835290674,7.663123331330028,-0.02145773745051316,45.97507797258113,20.15556847774136,nan,nan,nan,nan
2,msam,msam@global,Momentum-SAM (MSAM) [global Frob],global,sgd,momentum_lookahead,frobenius,added,1.6,0.5,nominal,0.1,additive,1.0,mse,0.09948087307221265,2,0,-1,500,501,1.1192281970419833,1.0197473239697707,0.12370893894689489,4.965732619834373,0.19754211932748303,0.4999999999999353,0.3026005266239529,7.476407069973527,-0.011046046238788909,49.18113359643273,20.580883028582996,nan,nan,nan,nan
2,msam,msam@global,Momentum-SAM (MSAM) [global Frob],global,sgd,momentum_lookahead,frobenius,added,1.6,0.5,nominal,0.1,additive,1.0,mse,0.09948087307221265,3,0,-1,500,501,1.0388781795361302,0.9393973064639175,0.1574005104344128,5.913267205346227,0.23533668587154205,0.4999999999999554,0.40062883687314044,10.312931528740567,-0.012344009696669378,41.16082009982605,20.751508860128087,nan,nan,nan,nan
2,msam,msam@global,Momentum-SAM (MSAM) [global Frob],global,sgd,momentum_lookahead,frobenius,added,1.6,0.5,nominal,0.1,additive,1.0,mse,0.09948087307221265,4,0,-1,500,501,1.1366184020950039,1.0371375290227913,0.1467022564560117,5.751326012539369,0.21419349918766117,0.49999999999993117,0.2521063887672746,6.984235815540976,-0.025605772330097087,48.02746688499234,20.915411665708454,nan,nan,nan,nan
2,msam,msam@global,Momentum-SAM (MSAM) [global Frob],global,sgd,momentum_lookahead,frobenius,added,1.6,0.5,nominal,0.1,additive,1.0,mse,0.09948087307221265,5,0,-1,500,501,1.1053730062764773,1.0058921332042647,0.1253114783710355,5.21230835649247,0.21597887797272453,0.49999999999997224,0.33447007784983923,16.457423305377798,-0.0062234641554046455,44.218301571132585,20.415576112222585,nan,nan,nan,nan
2,msam,msam@global,Momentum-SAM (MSAM) [global Frob],global,sgd,momentum_lookahead,frobenius,added,1.6,0.5,nominal,0.1,additive,1.0,mse,0.09948087307221265,6,0,-1,500,501,1.0860958565291656,0.986614983456953,0.1845200426905335,5.774025541903409,0.2610025400029993,0.4999999999999386,0.1723223217908408,7.774761984848801,-0.026674394434980542,38.637427962418855,20.317096480400586,nan,nan,nan,nan
2,msam,msam@global,Momentum-SAM (MSAM) [global Frob],global,sgd,momentum_lookahead,frobenius,added,1.6,0.5,nominal,0.1,additive,1.0,mse,0.09948087307221265,7,0,-1,500,501,1.1284843872488675,1.029003514176655,0.15932705064985025,5.475362775589914,0.23125672258501537,0.49999999999992256,0.2168168345667742,6.302846669823496,-0.030782734511435317,47.59633369544307,20.77872615074462,nan,nan,nan,nan
2,msam,msam@global,Momentum-SAM (MSAM) [global Frob],global,sgd,momentum_lookahead,frobenius,added,1.6,0.2,nominal,0.1,additive,1.0,mse,0.09948087307221265,0,0,-1,500,501,1.16564040331192,1.0661595302397076,0.19043426827775617,6.359117902719438,0.23836245743380124,0.19999999999999238,0.19218692638586912,24.121120416075776,0.0021558605857441293,46.82480232296025,20.178727726214426,nan,nan,nan,nan
2,msam,msam@global,Momentum-SAM (MSAM) [global Frob],global,sgd,momentum_lookahead,frobenius,added,1.6,0.2,nominal,0.1,additive,1.0,mse,0.09948087307221265,1,0,-1,500,501,1.1447285427237506,1.045247669651538,0.1594821419971399,5.760165825256094,0.23430337489943248,0.1999999999999756,0.10401492909479464,7.771627188649566,-0.010682887257701834,45.49958317708537,20.227351849013097,nan,nan,nan,nan
2,msam,msam@global,Momentum-SAM (MSAM) [global Frob],global,sgd,momentum_lookahead,frobenius,added,1.6,0.2,nominal,0.1,additive,1.0,mse,0.09948087307221265,2,0,-1,500,501,1.108363678408356,1.0088828053361434,0.12393201044597002,4.928124914596973,0.19760580650532195,0.19999999999997442,0.1203773310367573,7.559170392300436,-0.006190656468816336,48.823512514432224,20.66197314199243,nan,nan,nan,nan
2,msam,msam@global,Momentum-SAM (MSAM) [global Frob],global,sgd,momentum_lookahead,frobenius,added,1.6,0.2,nominal,0.1,additive,1.0,mse,0.09948087307221265,3,0,-1,500,501,1.022887435022886,0.9234065619506734,0.1566250658241554,5.853615421200278,0.23186163467768595,0.1999999999999823,0.1597143147192158,10.395065227186203,-0.00667271973430017,40.614095743492626,20.877771388967087,nan,nan,nan,nan
2,msam,msam@global,Momentum-SAM (MSAM) [global Frob],global,sgd,momentum_lookahead,frobenius,added,1.6,0.2,nominal,0.1,additive,1.0,mse,0.09948087307221265,4,0,-1,500,501,1.1304210448249015,1.0309401717526887,0.1472582223015766,5.71831736153386,0.21494566832789863,0.19999999999997284,0.10011166726299549,7.072613383647757,-0.011848202293855303,47.88772944394387,20.9354507185341,nan,nan,nan,nan
2,msam,msam@global,Momentum-SAM (MSAM) [global Frob],global,sgd,momentum_lookahead,frobenius,added,1.6,0.2,nominal,0.1,additive,1.0,mse,0.09948087307221265,5,0,-1,500,501,1.0935926881531328,0.9941118150809202,0.1266341978208322,5.194518745689064,0.21749878016353158,0.19999999999998905,0.13377157467854475,16.51780541973944,-0.0037412509235239533,43.72120129343306,20.555065460558126,nan,nan,nan,nan
2,msam,msam@global,Momentum-SAM (MSAM) [global Frob],global,sgd,momentum_lookahead,frobenius,added,1.6,0.2,nominal,0.1,additive,1.0,mse,0.09948087307221265,6,0,-1,500,501,1.0723748272895788,0.9728939542173661,0.18479609638251107,5.779288977615759,0.2567162399528674,0.1999999999999758,0.06799677955954339,7.8945931426360705,-0.012892086866580943,38.104135159182675,20.34586943380521,nan,nan,nan,nan
2,msam,msam@global,Momentum-SAM (MSAM) [global Frob],global,sgd,momentum_lookahead,frobenius,added,1.6,0.2,nominal,0.1,additive,1.0,mse,0.09948087307221265,7,0,-1,500,501,1.1211323204061818,1.0216514473339693,0.16167632862103853,5.492483742209618,0.23339377573482556,0.19999999999996956,0.0858118919323736,6.411235798835574,-0.014828494804496328,47.15675255110635,20.785922716539933,nan,nan,nan,nan
2,msam,msam@global,Momentum-SAM (MSAM) [global Frob],global,sgd,momentum_lookahead,frobenius,added,1.6,1.0,nominal,0.1,additive,1.0,mse,0.09948087307221265,0,0,-1,500,501,1.1701673974072249,1.070686524335012,0.18653955642104864,6.352150208442967,0.236384165580723,0.999999999999962,0.9612261411403313,23.77167173292543,0.05237445137320429,47.137955225244966,20.047779132572575,nan,nan,nan,nan
2,msam,msam@global,Momentum-SAM (MSAM) [global Frob],global,sgd,momentum_lookahead,frobenius,added,1.6,1.0,nominal,0.1,additive,1.0,mse,0.09948087307221265,1,0,-1,500,501,1.1635625428509484,1.0640816697787359,0.16104582643492413,5.8141167372939115,0.23712171648501534,0.9999999999998744,0.5329618909042575,7.530622942794401,-0.02946422181463415,46.145854167780975,20.09221981612688,nan,nan,nan,nan
2,msam,msam@global,Momentum-SAM (MSAM) [global Frob],global,sgd,momentum_lookahead,frobenius,added,1.6,1.0,nominal,0.1,additive,1.0,mse,0.09948087307221265,2,0,-1,500,501,1.1266086350858133,1.0271277620136008,0.12350812381950577,4.9952045278547565,0.19734863134936856,0.9999999999998689,0.6086635641441885,7.368851365643158,-0.010889278766601507,49.376621657464774,20.496693263286133,nan,nan,nan,nan
2,msam,msam@global,Momentum-SAM (MSAM) [global Frob],global,sgd,momentum_lookahead,frobenius,added,1.6,1.0,nominal,0.1,additive,1.0,mse,0.09948087307221265,3,0,-1,500,501,1.0466937273396468,0.9472128542674342,0.15732846262958194,5.922390096428983,0.23831250344129695,0.9999999999999104,0.804283712487711,10.196778123005375,-0.011694010022855528,41.405692944185844,20.632544979446624,nan,nan,nan,nan
2,msam,msam@global,Momentum-SAM (MSAM) [global Frob],global,sgd,momentum_lookahead,frobenius,added,1.6,1.0,nominal,0.1,additive,1.0,mse,0.09948087307221265,4,0,-1,500,501,1.1404406563537104,1.0409597832814979,0.14562668593807176,5.758382220766275,0.21280121334162108,0.9999999999998601,0.5083895199813494,6.874380126164248,-0.04137323642523727,48.106836472661996,20.872344890275716,nan,nan,nan,nan
2,msam,msam@global,Momentum-SAM (MSAM) [global Frob],global,sgd,momentum_lookahead,frobenius,added,1.6,1.0,nominal,0.1,additive,1.0,mse,0.09948087307221265,5,0,-1,500,501,1.1127583319052574,1.0132774588330449,0.12399307949399073,5.222737029197301,0.21311582319351377,0.9999999999999448,0.6689726900233809,16.369828851666174,-0.003256176881261119,44.56364542692982,20.23406205886778,nan,nan,nan,nan
2,msam,msam@global,Momentum-SAM (MSAM) [global Frob],global,sgd,momentum_lookahead,frobenius,added,1.6,1.0,nominal,0.1,additive,1.0,mse,0.09948087307221265,6,0,-1,500,501,1.0924400425472938,0.9929591694750811,0.18327284310928524,5.745288648769666,0.2649523030817456,0.9999999999998751,0.3509816409134771,7.61318287775096,-0.0382364569502216,38.88961421355543,20.265570599278746,nan,nan,nan,nan
2,msam,msam@global,Momentum-SAM (MSAM) [global Frob],global,sgd,momentum_lookahead,frobenius,added,1.6,1.0,nominal,0.1,additive,1.0,mse,0.09948087307221265,7,0,-1,500,501,1.1300082215961635,1.0305273485239508,0.15538392335716264,5.425651922208627,0.22753523324690353,0.999999999999842,0.4380087954842013,6.178120751782722,-0.04639117283861882,47.82183196617964,20.753177677715033,nan,nan,nan,nan
2,msam,msam@per-layer,Momentum-SAM (MSAM) [per-layer Frob],per-layer,sgd,momentum_lookahead,frobenius,added,1.6,0.05,nominal,0.1,additive,1.0,mse,0.09948087307221265,0,0,-1,500,501,1.1637199161096667,1.0642390430374542,0.1911127916396121,6.345336287302935,0.23868852659434947,0.07071067811864808,0.04964927059625283,24.186885425667754,-0.0015251040157902018,46.73088524044041,20.21647886039671,nan,nan,nan,nan
2,msam,msam@per-layer,Momentum-SAM (MSAM) [per-layer Frob],per-layer,sgd,momentum_lookahead,frobenius,added,1.6,0.05,nominal,0.1,additive,1.0,mse,0.09948087307221265,1,0,-1,500,501,1.1351639584085027,1.0356830853362902,0.15865535910739165,5.732978317528697,0.2338573067150007,0.07071067811864223,0.032155168407974125,7.828275383679502,-0.004050432988353281,45.134385512174354,20.26021286861794,nan,nan,nan,nan
2,msam,msam@per-layer,Momentum-SAM (MSAM) [per-layer Frob],per-layer,sgd,momentum_lookahead,frobenius,added,1.6,0.05,nominal,0.1,additive,1.0,mse,0.09948087307221265,2,0,-1,500,501,1.102328550252043,1.0028476771798305,0.12402487854406805,4.905196052613034,0.197684607309619,0.0707106781186403,0.03433412780482037,7.59295671506442,-0.002530824615307292,48.62487448599411,20.684394037600295,nan,nan,nan,nan
2,msam,msam@per-layer,Momentum-SAM (MSAM) [per-layer Frob],per-layer,sgd,momentum_lookahead,frobenius,added,1.6,0.05,nominal,0.1,additive,1.0,mse,0.09948087307221265,3,0,-1,500,501,1.0117075292178694,0.9122266561456568,0.15634175241324152,5.797370943229285,0.23065086068719656,0.07071067811864268,0.0426737011364448,10.434715741563537,-0.0033861894259172853,40.25101915889585,20.939386413137722,nan,nan,nan,nan
2,msam,msam@per-layer,Momentum-SAM (MSAM) [per-layer Frob],per-layer,sgd,momentum_lookahead,frobenius,added,1.6,0.05,nominal,0.1,additive,1.0,mse,0.09948087307221265,4,0,-1,500,501,1.1279993566021236,1.0285184835299108,0.14718290054427866,5.685947046861876,0.21519152020727286,0.07071067811864037,0.029923339608276246,7.116081684218956,-0.004452135484430908,47.853335040968574,20.958383311126354,nan,nan,nan,nan
2,msam,msam@per-layer,Momentum-SAM (MSAM) [per-layer Frob],per-layer,sgd,momentum_lookahead,frobenius,added,1.6,0.05,nominal,0.1,additive,1.0,mse,0.09948087307221265,5,0,-1,500,501,1.0863490555514312,0.9868681824792186,0.12755683220914235,5.1833503811370605,0.2180504031999514,0.07071067811864212,0.03401700793532438,16.543501803655698,-0.003139574778666443,43.44436558226273,20.598598082158304,nan,nan,nan,nan
2,msam,msam@per-layer,Momentum-SAM (MSAM) [per-layer Frob],per-layer,sgd,momentum_lookahead,frobenius,added,1.6,0.05,nominal,0.1,additive,1.0,mse,0.09948087307221265,6,0,-1,500,501,1.0637036150002683,0.9642227419280557,0.18485408319359714,5.771785838149864,0.25487086568268036,0.07071067811864226,0.028945952635589505,7.951770192746561,-0.005149340839497585,37.78589100086958,20.346444059178147,nan,nan,nan,nan
2,msam,msam@per-layer,Momentum-SAM (MSAM) [per-layer Frob],per-layer,sgd,momentum_lookahead,frobenius,added,1.6,0.05,nominal,0.1,additive,1.0,mse,0.09948087307221265,7,0,-1,500,501,1.116904260673569,1.0174233876013563,0.16274012979712052,5.499038370083152,0.2345760017887512,0.07071067811863814,0.024864902345657927,6.4708614915415525,-0.0061593573806526525,46.90280627958551,20.77737470090224,nan,nan,nan,nan
2,msam,msam@per-layer,Momentum-SAM (MSAM) [per-layer Frob],per-layer,sgd,momentum_lookahead,frobenius,added,1.6,0.01,nominal,0.1,additive,1.0,mse,0.09948087307221265,0,0,-1,500,501,1.1610902242203571,1.0616093511481446,0.19117361796635987,6.335285177173064,0.23833808633551837,0.014142135623729624,0.009928804354459865,24.209093334148573,-0.0003406196781536863,46.631960174035356,20.241674263456318,nan,nan,nan,nan
2,msam,msam@per-layer,Momentum-SAM (MSAM) [per-layer Frob],per-layer,sgd,momentum_lookahead,frobenius,added,1.6,0.01,nominal,0.1,additive,1.0,mse,0.09948087307221265,1,0,-1,500,501,1.1280686840742968,1.028587811002084,0.15811679207774756,5.718672467467542,0.23327267693112977,0.014142135623728453,0.006420746979646995,7.856959862186998,-0.0008501288722935207,44.846904848986,20.287506953851565,nan,nan,nan,nan
2,msam,msam@per-layer,Momentum-SAM (MSAM) [per-layer Frob],per-layer,sgd,momentum_lookahead,frobenius,added,1.6,0.01,nominal,0.1,additive,1.0,mse,0.09948087307221265,2,0,-1,500,501,1.0975955784302518,0.9981147053580391,0.1240608943875807,4.89115146316824,0.1976078174160681,0.014142135623728085,0.006864775714477857,7.6174941691144,-0.0005551559860390576,48.44238623901976,20.708088227660067,nan,nan,nan,nan
2,msam,msam@per-layer,Momentum-SAM (MSAM) [per-layer Frob],per-layer,sgd,momentum_lookahead,frobenius,added,1.6,0.01,nominal,0.1,additive,1.0,mse,0.09948087307221265,3,0,-1,500,501,1.004040615805096,0.9045597427328834,0.15560006396699402,5.758591078316219,0.22900573893271897,0.014142135623728546,0.00853021704204272,10.452294562537707,-0.0007073774258921084,39.997185796161624,20.982729811425884,nan,nan,nan,nan
2,msam,msam@per-layer,Momentum-SAM (MSAM) [per-layer Frob],per-layer,sgd,momentum_lookahead,frobenius,added,1.6,0.01,nominal,0.1,additive,1.0,mse,0.09948087307221265,4,0,-1,500,501,1.1253398982211358,1.025859025148923,0.1473335250690284,5.667040790062016,0.21524719316929555,0.014142135623728088,0.0059826982628158835,7.1413876509255685,-0.0009288494944053038,47.781293412512326,20.97583359323504,nan,nan,nan,nan
2,msam,msam@per-layer,Momentum-SAM (MSAM) [per-layer Frob],per-layer,sgd,momentum_lookahead,frobenius,added,1.6,0.01,nominal,0.1,additive,1.0,mse,0.09948087307221265,5,0,-1,500,501,1.080307955220993,0.9808270821487804,0.12812439663878297,5.182640523552278,0.21785301594994752,0.014142135623728437,0.006803460237561214,16.557369903566137,-0.0006622801192597283,43.21047497061588,20.623669169856186,nan,nan,nan,nan
2,msam,msam@per-layer,Momentum-SAM (MSAM) [per-layer Frob],per-layer,sgd,momentum_lookahead,frobenius,added,1.6,0.01,nominal,0.1,additive,1.0,mse,0.09948087307221265,6,0,-1,500,501,1.0570170477262408,0.9575361746540282,0.1846521295179635,5.7693183711049105,0.25334611675436663,0.01414213562372847,0.005777397133065358,7.979471379964298,-0.0010679765661674168,37.527218545753215,20.36589305235576,nan,nan,nan,nan
2,msam,msam@per-layer,Momentum-SAM (MSAM) [per-layer Frob],per-layer,sgd,momentum_lookahead,frobenius,added,1.6,0.01,nominal,0.1,additive,1.0,mse,0.09948087307221265,7,0,-1,500,501,1.1127225625925876,1.0132416895203749,0.16316006037546762,5.502657388794951,0.23477641871973068,0.01414213562372765,0.004963821374843302,6.50659933808846,-0.001295844545218472,46.68487290156186,20.777281467652863,nan,nan,nan,nan
2,msam,msam@per-layer,Momentum-SAM (MSAM) [per-layer Frob],per-layer,sgd,momentum_lookahead,frobenius,added,1.6,0.02,nominal,0.1,additive,1.0,mse,0.09948087307221265,0,0,-1,500,501,1.1617810313445514,1.0623001582723388,0.19116199604711032,6.337994559239331,0.23842979678275364,0.028284271247459254,0.019858155513036227,24.20353516462374,-0.0006634492568093897,46.65779026670572,20.235299661914944,nan,nan,nan,nan
2,msam,msam@per-layer,Momentum-SAM (MSAM) [per-layer Frob],per-layer,sgd,momentum_lookahead,frobenius,added,1.6,0.02,nominal,0.1,additive,1.0,mse,0.09948087307221265,1,0,-1,500,501,1.1299998100965312,1.0305189370243184,0.15825500616831048,5.722462755634382,0.2334202019275763,0.02828427124745689,0.012846804366989784,7.849579373468851,-0.0016797219201833968,44.92544561493537,20.280354881572556,nan,nan,nan,nan
2,msam,msam@per-layer,Momentum-SAM (MSAM) [per-layer Frob],per-layer,sgd,momentum_lookahead,frobenius,added,1.6,0.02,nominal,0.1,additive,1.0,mse,0.09948087307221265,2,0,-1,500,501,1.0988487498160207,0.999367876743808,0.12404668712549635,4.8949491365986,0.1976279930055175,0.028284271247456163,0.013730725517478212,7.611251189530208,-0.0010855682195607397,48.491208720481325,20.70198859791674,nan,nan,nan,nan
2,msam,msam@per-layer,Momentum-SAM (MSAM) [per-layer Frob],per-layer,sgd,momentum_lookahead,frobenius,added,1.6,0.02,nominal,0.1,additive,1.0,mse,0.09948087307221265,3,0,-1,500,501,1.0060690176243283,0.9065881445521157,0.1557969324767166,5.769093051123966,0.22941679877640447,0.02828427124745709,0.0170627325850909,10.447804517364466,-0.0013993322108267758,40.0642575207914,20.97234203197746,nan,nan,nan,nan
2,msam,msam@per-layer,Momentum-SAM (MSAM) [per-layer Frob],per-layer,sgd,momentum_lookahead,frobenius,added,1.6,0.02,nominal,0.1,additive,1.0,mse,0.09948087307221265,4,0,-1,500,501,1.1260284507748626,1.02654757770265,0.14728794426452743,5.672204086071465,0.21523123530198632,0.02828427124745617,0.011966367376114543,7.134866469247211,-0.0018378257039666224,47.80024056016757,20.97206138982113,nan,nan,nan,nan
2,msam,msam@per-layer,Momentum-SAM (MSAM) [per-layer Frob],per-layer,sgd,momentum_lookahead,frobenius,added,1.6,0.02,nominal,0.1,additive,1.0,mse,0.09948087307221265,5,0,-1,500,501,1.081887776341558,0.9824069032693453,0.12796846500091186,5.182523836344354,0.21790832039804603,0.02828427124745686,0.013606897750480953,16.553883912604864,-0.0013072141205610066,43.27148742164265,20.618421111080213,nan,nan,nan,nan
2,msam,msam@per-layer,Momentum-SAM (MSAM) [per-layer Frob],per-layer,sgd,momentum_lookahead,frobenius,added,1.6,0.02,nominal,0.1,additive,1.0,mse,0.09948087307221265,6,0,-1,500,501,1.0587852900333867,0.9593044169611741,0.18470732938283163,5.770046125815377,0.25372815728036474,0.02828427124745692,0.01156106178202188,7.972464744850627,-0.002116719211814555,37.59543017819371,20.360889699402726,nan,nan,nan,nan
2,msam,msam@per-layer,Momentum-SAM (MSAM) [per-layer Frob],per-layer,sgd,momentum_lookahead,frobenius,added,1.6,0.02,nominal,0.1,additive,1.0,mse,0.09948087307221265,7,0,-1,500,501,1.113834635752291,1.0143537626800785,0.1630563254362083,5.5016318042638055,0.23472716000601068,0.02828427124745531,0.00993261250764357,6.497270522471459,-0.002558377897160513,46.74314511020069,20.77751790759206,nan,nan,nan,nan
2,msam,msam@per-layer,Momentum-SAM (MSAM) [per-layer Frob],per-layer,sgd,momentum_lookahead,frobenius,added,1.6,0.1,nominal,0.1,additive,1.0,mse,0.09948087307221265,0,0,-1,500,501,1.1665030566079497,1.067022183535737,0.1910025089405928,6.35536043954847,0.23906110739169165,0.14142135623729626,0.09931013877421223,24.15933426898051,-0.0026073312106948965,46.83698375842352,20.186256150832065,nan,nan,nan,nan
2,msam,msam@per-layer,Momentum-SAM (MSAM) [per-layer Frob],per-layer,sgd,momentum_lookahead,frobenius,added,1.6,0.1,nominal,0.1,additive,1.0,mse,0.09948087307221265,1,0,-1,500,501,1.1421703757058776,1.042689502633665,0.15928615295263837,5.748464496597729,0.23461786277407623,0.14142135623728427,0.06442714199304281,7.795231691598928,-0.007634757865951247,45.412103488777575,20.22988935204388,nan,nan,nan,nan
2,msam,msam@per-layer,Momentum-SAM (MSAM) [per-layer Frob],per-layer,sgd,momentum_lookahead,frobenius,added,1.6,0.1,nominal,0.1,additive,1.0,mse,0.09948087307221265,2,0,-1,500,501,1.1073356671389387,1.0078547940667262,0.12400393113282568,4.919107525357372,0.19776716539304676,0.14142135623728042,0.06868414526568187,7.563951930769586,-0.004471518302895605,48.8123477899274,20.65572886557345,nan,nan,nan,nan
2,msam,msam@per-layer,Momentum-SAM (MSAM) [per-layer Frob],per-layer,sgd,momentum_lookahead,frobenius,added,1.6,0.1,nominal,0.1,additive,1.0,mse,0.09948087307221265,3,0,-1,500,501,1.019721409905419,0.9202405368332064,0.15716386554007925,5.8348270884001945,0.23269526704839444,0.14142135623728527,0.08540162424225413,10.413994756874446,-0.00641692401233529,40.5176177909238,20.88465902105537,nan,nan,nan,nan
2,msam,msam@per-layer,Momentum-SAM (MSAM) [per-layer Frob],per-layer,sgd,momentum_lookahead,frobenius,added,1.6,0.1,nominal,0.1,additive,1.0,mse,0.09948087307221265,4,0,-1,500,501,1.1310145967833605,1.031533723711148,0.14705196455183495,5.70305486320557,0.21513735358907582,0.14142135623728058,0.059870595337531494,7.087212566954271,-0.008469506303877994,47.93199481766379,20.933920969034926,nan,nan,nan,nan
2,msam,msam@per-layer,Momentum-SAM (MSAM) [per-layer Frob],per-layer,sgd,momentum_lookahead,frobenius,added,1.6,0.1,nominal,0.1,additive,1.0,mse,0.09948087307221265,5,0,-1,500,501,1.092854894053673,0.9933740209814604,0.12703570614151988,5.186645938376696,0.21818186444126675,0.14142135623728394,0.06803272210909221,16.526623212919763,-0.005860234938284359,43.69962636053645,20.55735759400745,nan,nan,nan,nan
2,msam,msam@per-layer,Momentum-SAM (MSAM) [per-layer Frob],per-layer,sgd,momentum_lookahead,frobenius,added,1.6,0.1,nominal,0.1,additive,1.0,mse,0.09948087307221265,6,0,-1,500,501,1.0707976974058242,0.9713168243336116,0.18508467937020423,5.773415596018356,0.25679311283618383,0.14142135623728438,0.05801244024299341,7.918434198579903,-0.009838512997301319,38.06123726192493,20.32592927970343,nan,nan,nan,nan
2,msam,msam@per-layer,Momentum-SAM (MSAM) [per-layer Frob],per-layer,sgd,momentum_lookahead,frobenius,added,1.6,0.1,nominal,0.1,additive,1.0,mse,0.09948087307221265,7,0,-1,500,501,1.121340327328824,1.0218594542566115,0.16222148553592036,5.495750082941415,0.23430944715888302,0.14142135623727597,0.04982123882350653,6.431465070977855,-0.01160603701349694,47.13213554371659,20.775814429887422,nan,nan,nan,nan
2,msam,msam@per-layer,Momentum-SAM (MSAM) [per-layer Frob],per-layer,sgd,momentum_lookahead,frobenius,added,1.6,0.2,nominal,0.1,additive,1.0,mse,0.09948087307221265,0,0,-1,500,501,1.1708275066721505,1.071346633599938,0.1907388511473861,6.3693648562537675,0.23960945223314178,0.2828427124745924,0.19865828054911777,24.105382720246627,-0.0034904191740960933,47.003369981885704,20.13361996834116,nan,nan,nan,nan
2,msam,msam@per-layer,Momentum-SAM (MSAM) [per-layer Frob],per-layer,sgd,momentum_lookahead,frobenius,added,1.6,0.2,nominal,0.1,additive,1.0,mse,0.09948087307221265,1,0,-1,500,501,1.152214803692853,1.0527339306206405,0.1604563864094248,5.774767321628902,0.23641197780312737,0.2828427124745681,0.12925795785347777,7.73679986472181,-0.013596431000239217,45.786434058726186,20.177680149895366,nan,nan,nan,nan
2,msam,msam@per-layer,Momentum-SAM (MSAM) [per-layer Frob],per-layer,sgd,momentum_lookahead,frobenius,added,1.6,0.2,nominal,0.1,additive,1.0,mse,0.09948087307221265,2,0,-1,500,501,1.1151174488924878,1.0156365758202752,0.12395044820956494,4.940659625739319,0.19789797536571946,0.28284271247455994,0.13739095126054607,7.511694091540893,-0.006770563576543598,49.08546358183409,20.596936534204882,nan,nan,nan,nan
2,msam,msam@per-layer,Momentum-SAM (MSAM) [per-layer Frob],per-layer,sgd,momentum_lookahead,frobenius,added,1.6,0.2,nominal,0.1,additive,1.0,mse,0.09948087307221265,3,0,-1,500,501,1.0319647722453598,0.9324838991731471,0.15868494408718678,5.88612676248303,0.23675447085356052,0.28284271247457016,0.17100581980428345,10.375736098473716,-0.011508573358269603,40.91877827335516,20.78779130266564,nan,nan,nan,nan
2,msam,msam@per-layer,Momentum-SAM (MSAM) [per-layer Frob],per-layer,sgd,momentum_lookahead,frobenius,added,1.6,0.2,nominal,0.1,additive,1.0,mse,0.09948087307221265,4,0,-1,500,501,1.1363223418881334,1.0368414688159207,0.1469188245187421,5.726606136134575,0.21508349677665226,0.2828427124745605,0.11982513789341871,7.036853195662943,-0.01543657555933442,48.060353259617735,20.89383710110345,nan,nan,nan,nan
2,msam,msam@per-layer,Momentum-SAM (MSAM) [per-layer Frob],per-layer,sgd,momentum_lookahead,frobenius,added,1.6,0.2,nominal,0.1,additive,1.0,mse,0.09948087307221265,5,0,-1,500,501,1.102718388340604,1.0032375152683914,0.12631415335302998,5.193588455269719,0.218110121379113,0.28284271247456705,0.13605703477352374,16.49482498965231,-0.010124898138042626,44.09791573946059,20.468143092465734,nan,nan,nan,nan
2,msam,msam@per-layer,Momentum-SAM (MSAM) [per-layer Frob],per-layer,sgd,momentum_lookahead,frobenius,added,1.6,0.2,nominal,0.1,additive,1.0,mse,0.09948087307221265,6,0,-1,500,501,1.0817390434151615,0.9822581703429488,0.1855969247370761,5.77419812507997,0.2607167354303035,0.28284271247456827,0.11635885966621717,7.855778002300292,-0.017943906120985842,38.4774203661906,20.294086346762224,nan,nan,nan,nan
2,msam,msam@per-layer,Momentum-SAM (MSAM) [per-layer Frob],per-layer,sgd,momentum_lookahead,frobenius,added,1.6,0.2,nominal,0.1,additive,1.0,mse,0.09948087307221265,7,0,-1,500,501,1.1281429155390537,1.028662042466841,0.16119462632148396,5.488898095906537,0.23369302652250604,0.2828427124745508,0.09991265480937596,6.3658850261406394,-0.020779444367310385,47.48818114056522,20.767218259779543,nan,nan,nan,nan
2,msam,msam@per-layer,Momentum-SAM (MSAM) [per-layer Frob],per-layer,sgd,momentum_lookahead,frobenius,added,1.6,0.5,nominal,0.1,additive,1.0,mse,0.09948087307221265,0,0,-1,500,501,1.1770440469306036,1.0775631738583908,0.18980625397554107,6.384465365218611,0.24001630322083775,0.7071067811864802,0.49682789220638357,23.956863546354707,0.0025915016523554435,47.24968219382372,20.042822441818803,nan,nan,nan,nan
2,msam,msam@per-layer,Momentum-SAM (MSAM) [per-layer Frob],per-layer,sgd,momentum_lookahead,frobenius,added,1.6,0.5,nominal,0.1,additive,1.0,mse,0.09948087307221265,1,0,-1,500,501,1.1666299707010688,1.0671490976288562,0.16344596332170394,5.827633229565341,0.24403789919650318,0.7071067811864173,0.3254427554689097,7.602743221401017,-0.02421882372306894,46.194973644764175,20.073715064330322,nan,nan,nan,nan
2,msam,msam@per-layer,Momentum-SAM (MSAM) [per-layer Frob],per-layer,sgd,momentum_lookahead,frobenius,added,1.6,0.5,nominal,0.1,additive,1.0,mse,0.09948087307221265,2,0,-1,500,501,1.1271302256249391,1.0276493525527264,0.1241192799372488,4.982431305757649,0.19838535949859346,0.707106781186394,0.3432497325378425,7.39300513438053,-0.004179799673903917,49.40284580726635,20.459656885232615,nan,nan,nan,nan
2,msam,msam@per-layer,Momentum-SAM (MSAM) [per-layer Frob],per-layer,sgd,momentum_lookahead,frobenius,added,1.6,0.5,nominal,0.1,additive,1.0,mse,0.09948087307221265,3,0,-1,500,501,1.0515278613936798,0.9520469883214672,0.1627643270430982,5.965274697398596,0.24816805523540328,0.7071067811864229,0.42873382225335,10.27715176016338,-0.019878071715155432,41.4449715184465,20.57670961402976,nan,nan,nan,nan
2,msam,msam@per-layer,Momentum-SAM (MSAM) [per-layer Frob],per-layer,sgd,momentum_lookahead,frobenius,added,1.6,0.5,nominal,0.1,additive,1.0,mse,0.09948087307221265,4,0,-1,500,501,1.1455896990917245,1.0461088260195117,0.14739887784522304,5.768041581570901,0.21565128919866422,0.7071067811863974,0.29990996442127743,6.92382901743455,-0.03026478884356898,48.224154994161076,20.847429787640518,nan,nan,nan,nan
2,msam,msam@per-layer,Momentum-SAM (MSAM) [per-layer Frob],per-layer,sgd,momentum_lookahead,frobenius,added,1.6,0.5,nominal,0.1,additive,1.0,mse,0.09948087307221265,5,0,-1,500,501,1.1180551418495233,1.0185742687773107,0.12505760495542326,5.203788809558653,0.21702416250330572,0.7071067811864116,0.3400521356206135,16.415013132069824,-0.015285934888113584,44.74018144813378,20.246234011479533,nan,nan,nan,nan
2,msam,msam@per-layer,Momentum-SAM (MSAM) [per-layer Frob],per-layer,sgd,momentum_lookahead,frobenius,added,1.6,0.5,nominal,0.1,additive,1.0,mse,0.09948087307221265,6,0,-1,500,501,1.0978745088023554,0.9983936357301427,0.187418206333793,5.772641981860053,0.2719077023122261,0.707106781186417,0.2917323710752142,7.694035937594782,-0.033534996113136595,39.002045822541525,20.2162977636987,nan,nan,nan,nan
2,msam,msam@per-layer,Momentum-SAM (MSAM) [per-layer Frob],per-layer,sgd,momentum_lookahead,frobenius,added,1.6,0.5,nominal,0.1,additive,1.0,mse,0.09948087307221265,7,0,-1,500,501,1.1367093239531099,1.0372284508808973,0.15803662693140305,5.4541453518505305,0.23117657994054502,0.70710678118637,0.2508299961125072,6.227565804317787,-0.03812475896600076,48.007522403696996,20.74122837092871,nan,nan,nan,nan
2,msam,msam@per-layer,Momentum-SAM (MSAM) [per-layer Frob],per-layer,sgd,momentum_lookahead,frobenius,added,1.6,1.0,nominal,0.1,additive,1.0,mse,0.09948087307221265,0,0,-1,500,501,1.1714692304517456,1.0719883573795328,0.18770761922033696,6.363780490793432,0.23838092089373744,1.41421356237296,0.9939854194730994,23.769982119510033,0.030320023261240614,47.10842057422675,20.012734925076117,nan,nan,nan,nan
2,msam,msam@per-layer,Momentum-SAM (MSAM) [per-layer Frob],per-layer,sgd,momentum_lookahead,frobenius,added,1.6,1.0,nominal,0.1,additive,1.0,mse,0.09948087307221265,1,0,-1,500,501,1.1665528718572373,1.0670719987850248,0.16776758442044434,5.8570004096049155,0.25962244215897967,1.4142135623728285,0.656106279792511,7.455055902398336,-0.026233361468694705,45.845772281567356,20.025263840908483,nan,nan,nan,nan
2,msam,msam@per-layer,Momentum-SAM (MSAM) [per-layer Frob],per-layer,sgd,momentum_lookahead,frobenius,added,1.6,1.0,nominal,0.1,additive,1.0,mse,0.09948087307221265,2,0,-1,500,501,1.1247389326747737,1.0252580596025611,0.12552048815865585,5.006627531493663,0.20031980193270318,1.414213562372775,0.6847290120851346,7.2704282027847045,0.020728133830327566,49.073666222400306,20.47415796045923,nan,nan,nan,nan
2,msam,msam@per-layer,Momentum-SAM (MSAM) [per-layer Frob],per-layer,sgd,momentum_lookahead,frobenius,added,1.6,1.0,nominal,0.1,additive,1.0,mse,0.09948087307221265,3,0,-1,500,501,1.0543813588903288,0.9549004858181162,0.16842982412665436,6.006514499270034,0.2623563419095738,1.4142135623728411,0.8600255133486344,10.14374860881239,-0.014359230744732665,41.1177064556553,20.402848571921698,nan,nan,nan,nan
2,msam,msam@per-layer,Momentum-SAM (MSAM) [per-layer Frob],per-layer,sgd,momentum_lookahead,frobenius,added,1.6,1.0,nominal,0.1,additive,1.0,mse,0.09948087307221265,4,0,-1,500,501,1.144450830757748,1.0449699576855354,0.15008758069400935,5.804055741361626,0.21888366294205217,1.414213562372786,0.5997008885708347,6.800172454972125,-0.041957643514035636,47.94793670762314,20.8486331420683,nan,nan,nan,nan
2,msam,msam@per-layer,Momentum-SAM (MSAM) [per-layer Frob],per-layer,sgd,momentum_lookahead,frobenius,added,1.6,1.0,nominal,0.1,additive,1.0,mse,0.09948087307221265,5,0,-1,500,501,1.120461028921772,1.0209801558495593,0.12471609006150879,5.2035762925146125,0.2153727960705601,1.4142135623728078,0.6798590893978259,16.32019702780352,-0.007371803250808329,44.85382059969987,19.998515787004653,nan,nan,nan,nan
2,msam,msam@per-layer,Momentum-SAM (MSAM) [per-layer Frob],per-layer,sgd,momentum_lookahead,frobenius,added,1.6,1.0,nominal,0.1,additive,1.0,mse,0.09948087307221265,6,0,-1,500,501,1.0940927893148291,0.9946119162426165,0.19055119499559564,5.768598564128432,0.28528447490954656,1.4142135623728243,0.5828364747684004,7.497492239065359,-0.03847067026229589,38.5668187806532,20.105797975599913,nan,nan,nan,nan
2,msam,msam@per-layer,Momentum-SAM (MSAM) [per-layer Frob],per-layer,sgd,momentum_lookahead,frobenius,added,1.6,1.0,nominal,0.1,additive,1.0,mse,0.09948087307221265,7,0,-1,500,501,1.1285648903298016,1.0290840172575888,0.15351449082638485,5.375595821933086,0.22687771657724512,1.414213562372725,0.5025324045940419,6.079976472451743,-0.043826761482912424,47.82041287948485,20.733451417845615,nan,nan,nan,nan
2,msam,msam@global,Momentum-SAM (MSAM) [global Frob],global,sgd,momentum_lookahead,frobenius,added,2.0,0.01,nominal,0.1,additive,1.0,mse,0.09948087307221265,0,0,-1,500,501,0.30307520087992046,0.2035943278077078,0.046272859332935595,2.35194846796054,0.08775240457088906,0.00999999999999784,0.004636496852996477,4.479452212557069,-0.00015314665395149696,8.11034974197697,17.71583302078086,nan,nan,nan,nan
2,msam,msam@global,Momentum-SAM (MSAM) [global Frob],global,sgd,momentum_lookahead,frobenius,added,2.0,0.01,nominal,0.1,additive,1.0,mse,0.09948087307221265,1,0,-1,500,501,0.3506251351699372,0.25114426209772456,0.054548895366597586,2.4462250783100044,0.106206824060556,0.009999999999997369,0.003579046618425252,3.7445363886317757,-0.000258887779910566,13.00957668499038,17.16682878238362,nan,nan,nan,nan
2,msam,msam@global,Momentum-SAM (MSAM) [global Frob],global,sgd,momentum_lookahead,frobenius,added,2.0,0.01,nominal,0.1,additive,1.0,mse,0.09948087307221265,2,0,-1,500,501,0.2771692895164767,0.17768841644426403,0.049463652154040666,2.2837966956890114,0.08474650737513134,0.009999999999996987,0.002669438005862612,3.2780770402975783,-0.00019994222547703444,6.609885103482798,16.754281369277578,nan,nan,nan,nan
2,msam,msam@global,Momentum-SAM (MSAM) [global Frob],global,sgd,momentum_lookahead,frobenius,added,2.0,0.01,nominal,0.1,additive,1.0,mse,0.09948087307221265,3,0,-1,500,501,0.321113047985886,0.22163217491367337,0.04942008836199206,2.416751508241524,0.08898833149835407,0.009999999999997258,0.00325868626496442,3.5428843588681795,-0.00022884345709767162,9.38434853151958,17.720001659843533,nan,nan,nan,nan
2,msam,msam@global,Momentum-SAM (MSAM) [global Frob],global,sgd,momentum_lookahead,frobenius,added,2.0,0.01,nominal,0.1,additive,1.0,mse,0.09948087307221265,4,0,-1,500,501,0.3243703540915707,0.22488948101935807,0.04627260187258042,2.285587592703102,0.09147758690824517,0.009999999999998233,0.008030253335247215,5.29820829272489,-0.00013899735045058703,9.817631823812807,17.187639958052877,nan,nan,nan,nan
2,msam,msam@global,Momentum-SAM (MSAM) [global Frob],global,sgd,momentum_lookahead,frobenius,added,2.0,0.01,nominal,0.1,additive,1.0,mse,0.09948087307221265,5,0,-1,500,501,0.2807011452954881,0.18122027222327547,0.04683925659244623,2.2099773898199975,0.08356118622855488,0.009999999999997523,0.005866964933726922,3.901806517190096,-0.00017685624146757117,7.077219763567655,17.10363063332426,nan,nan,nan,nan
2,msam,msam@global,Momentum-SAM (MSAM) [global Frob],global,sgd,momentum_lookahead,frobenius,added,2.0,0.01,nominal,0.1,additive,1.0,mse,0.09948087307221265,6,0,-1,500,501,0.3330620958057927,0.23358122273358006,0.05562814828534969,2.7428497529197466,0.1005935952934068,0.00999999999999955,0.009852690794550537,19.937512273868855,6.134908763083535e-05,8.651881568465521,18.537547095710973,nan,nan,nan,nan
2,msam,msam@global,Momentum-SAM (MSAM) [global Frob],global,sgd,momentum_lookahead,frobenius,added,2.0,0.01,nominal,0.1,additive,1.0,mse,0.09948087307221265,7,0,-1,500,501,0.4186431659843199,0.31916229291210724,0.0523390118748934,2.5640109109630025,0.10432694240986734,0.00999999999999724,0.0034578510870585757,3.5121060567809987,-0.00024169598244894175,23.68209867272242,17.17330536654888,nan,nan,nan,nan
2,msam,msam@global,Momentum-SAM (MSAM) [global Frob],global,sgd,momentum_lookahead,frobenius,added,2.0,0.02,nominal,0.1,additive,1.0,mse,0.09948087307221265,0,0,-1,500,501,0.30310979652354786,0.2036289234513352,0.04625664091404331,2.3521112118169456,0.08773211757777867,0.019999999999995677,0.009275730671887309,4.477783109698232,-0.00030284973201583076,8.112442980651963,17.715301002827392,nan,nan,nan,nan
2,msam,msam@global,Momentum-SAM (MSAM) [global Frob],global,sgd,momentum_lookahead,frobenius,added,2.0,0.02,nominal,0.1,additive,1.0,mse,0.09948087307221265,1,0,-1,500,501,0.35076552309765585,0.2512846500254432,0.054514602376179604,2.4461798089587026,0.10618706466973803,0.019999999999994737,0.007160291689047199,3.7422432619731842,-0.0005128125407263817,13.022642678619688,17.164780387095966,nan,nan,nan,nan
2,msam,msam@global,Momentum-SAM (MSAM) [global Frob],global,sgd,momentum_lookahead,frobenius,added,2.0,0.02,nominal,0.1,additive,1.0,mse,0.09948087307221265,2,0,-1,500,501,0.2771843160492758,0.17770344297706314,0.04943680370778311,2.2837322732304637,0.08472586064319956,0.01999999999999397,0.005339421697608753,3.2762599170517044,-0.000395851434011385,6.6114047910378835,16.753392356915782,nan,nan,nan,nan
2,msam,msam@global,Momentum-SAM (MSAM) [global Frob],global,sgd,momentum_lookahead,frobenius,added,2.0,0.02,nominal,0.1,additive,1.0,mse,0.09948087307221265,3,0,-1,500,501,0.32116765773626427,0.22168678466405162,0.04940274363144931,2.416743469017065,0.08897415062944967,0.019999999999994512,0.0065180010413886085,3.5410415787326164,-0.0004539205030200666,9.38755367362092,17.719903115882264,nan,nan,nan,nan
2,msam,msam@global,Momentum-SAM (MSAM) [global Frob],global,sgd,momentum_lookahead,frobenius,added,2.0,0.02,nominal,0.1,additive,1.0,mse,0.09948087307221265,4,0,-1,500,501,0.32451990734133246,0.2250390342691198,0.0462586814381713,2.2855766023100834,0.09149123940925902,0.019999999999996458,0.016063100695479695,5.296900793363278,-0.00027516239917868557,9.829710624750613,17.18839383468587,nan,nan,nan,nan
2,msam,msam@global,Momentum-SAM (MSAM) [global Frob],global,sgd,momentum_lookahead,frobenius,added,2.0,0.02,nominal,0.1,additive,1.0,mse,0.09948087307221265,5,0,-1,500,501,0.28073452786147063,0.18125365478925798,0.04681775156959525,2.2097245830308028,0.08354791458620797,0.019999999999995043,0.01173744294481963,3.9001383394880373,-0.00035010829914028374,7.081169098456539,17.10340167968758,nan,nan,nan,nan
2,msam,msam@global,Momentum-SAM (MSAM) [global Frob],global,sgd,momentum_lookahead,frobenius,added,2.0,0.02,nominal,0.1,additive,1.0,mse,0.09948087307221265,6,0,-1,500,501,0.33328987308224717,0.23380900001003452,0.05561793941025055,2.7430675019985284,0.10063407034512362,0.019999999999999084,0.01970542686240218,19.934516125310655,0.00012819332108521264,8.665209784396033,18.540709356286854,nan,nan,nan,nan
2,msam,msam@global,Momentum-SAM (MSAM) [global Frob],global,sgd,momentum_lookahead,frobenius,added,2.0,0.02,nominal,0.1,additive,1.0,mse,0.09948087307221265,7,0,-1,500,501,0.4187577131961216,0.31927684012390894,0.0523612246866831,2.5654036541954413,0.10444765251179414,0.01999999999999447,0.006918710952042404,3.5092934864974676,-0.00047967961007061577,23.68326290420434,17.17236569140235,nan,nan,nan,nan
2,msam,msam@global,Momentum-SAM (MSAM) [global Frob],global,sgd,momentum_lookahead,frobenius,added,2.0,0.05,nominal,0.1,additive,1.0,mse,0.09948087307221265,0,0,-1,500,501,0.3032049376614189,0.20372406458920628,0.04620834818271274,2.352508594912117,0.08767033054543381,0.04999999999998919,0.023209618110679543,4.472837914883459,-0.0007315354085205006,8.118388373362492,17.713500197564393,nan,nan,nan,nan
2,msam,msam@global,Momentum-SAM (MSAM) [global Frob],global,sgd,momentum_lookahead,frobenius,added,2.0,0.05,nominal,0.1,additive,1.0,mse,0.09948087307221265,1,0,-1,500,501,0.351150953202637,0.25167008013042436,0.0544126102866044,2.4459674032768906,0.10612353443991994,0.049999999999986805,0.017916965279185623,3.735463585014996,-0.001245220065028918,13.059068158243734,17.15868851596732,nan,nan,nan,nan
2,msam,msam@global,Momentum-SAM (MSAM) [global Frob],global,sgd,momentum_lookahead,frobenius,added,2.0,0.05,nominal,0.1,additive,1.0,mse,0.09948087307221265,2,0,-1,500,501,0.27722139297977416,0.1777405199075615,0.04935781571559464,2.283489134789828,0.08466177395107108,0.04999999999998491,0.013353021062059607,3.27089659782873,-0.0009598116746973862,6.615639868532341,16.750584043235605,nan,nan,nan,nan
2,msam,msam@global,Momentum-SAM (MSAM) [global Frob],global,sgd,momentum_lookahead,frobenius,added,2.0,0.05,nominal,0.1,additive,1.0,mse,0.09948087307221265,3,0,-1,500,501,0.3213215155261741,0.22184064245396146,0.049350634961448855,2.4166832378481424,0.0889319691235353,0.04999999999998628,0.016299577915691192,3.53559740153097,-0.0011068894319338773,9.396878423748724,17.719420955238103,nan,nan,nan,nan
2,msam,msam@global,Momentum-SAM (MSAM) [global Frob],global,sgd,momentum_lookahead,frobenius,added,2.0,0.05,nominal,0.1,additive,1.0,mse,0.09948087307221265,4,0,-1,500,501,0.32492792757449807,0.22544705450228542,0.04621811621558499,2.285467707096067,0.09152740317306543,0.04999999999999115,0.04017691837787935,5.293023971361189,-0.0006667594951773603,9.862769658984172,17.190459273012298,nan,nan,nan,nan
2,msam,msam@global,Momentum-SAM (MSAM) [global Frob],global,sgd,momentum_lookahead,frobenius,added,2.0,0.05,nominal,0.1,additive,1.0,mse,0.09948087307221265,5,0,-1,500,501,0.2808244480306933,0.18134357495848064,0.046754689200260324,2.208926819994833,0.08350682188244872,0.04999999999998758,0.029369505397883716,3.8952215700980624,-0.0008485549369484091,7.092320526439618,17.102677907409603,nan,nan,nan,nan
2,msam,msam@global,Momentum-SAM (MSAM) [global Frob],global,sgd,momentum_lookahead,frobenius,added,2.0,0.05,nominal,0.1,additive,1.0,mse,0.09948087307221265,6,0,-1,500,501,0.3338985556896283,0.23441768261741563,0.05558734838807152,2.743442851032749,0.10074605811356367,0.04999999999999773,0.049263903589671525,19.92550279820888,0.0003618089978081329,8.701503480570157,18.549048470371652,nan,nan,nan,nan
2,msam,msam@global,Momentum-SAM (MSAM) [global Frob],global,sgd,momentum_lookahead,frobenius,added,2.0,0.05,nominal,0.1,additive,1.0,mse,0.09948087307221265,7,0,-1,500,501,0.4190861222351817,0.31960524916296906,0.05243317274131597,2.5695773229558085,0.10483678873961796,0.04999999999998616,0.017317902897785356,3.5012539497139716,-0.0011730028561101058,23.686360268972205,17.16970783742161,nan,nan,nan,nan
2,msam,msam@global,Momentum-SAM (MSAM) [global Frob],global,sgd,momentum_lookahead,frobenius,added,2.0,0.1,nominal,0.1,additive,1.0,mse,0.09948087307221265,0,0,-1,500,501,0.30333456799993674,0.2038536949277241,0.04612900407723007,2.3528920853604816,0.08756423279640517,0.09999999999997834,0.046485397171799815,4.464793531228894,-0.001379311163395236,8.127171675646965,17.709851327675405,nan,nan,nan,nan
2,msam,msam@global,Momentum-SAM (MSAM) [global Frob],global,sgd,momentum_lookahead,frobenius,added,2.0,0.1,nominal,0.1,additive,1.0,mse,0.09948087307221265,1,0,-1,500,501,0.351689095712495,0.25220822264028236,0.05424536351574139,2.4453877861822817,0.10600551543423709,0.09999999999997354,0.03588632407321256,3.72448442424235,-0.0023705360148961185,13.11182501582591,17.148696296912536,nan,nan,nan,nan
2,msam,msam@global,Momentum-SAM (MSAM) [global Frob],global,sgd,momentum_lookahead,frobenius,added,2.0,0.1,nominal,0.1,additive,1.0,mse,0.09948087307221265,2,0,-1,500,501,0.2772574820368286,0.17777660896461595,0.04923097767234652,2.282923343677558,0.08454848217212106,0.09999999999996971,0.02672319036465318,3.262236756716417,-0.0018229828827047156,6.621654118983329,16.74545318192825,nan,nan,nan,nan
2,msam,msam@global,Momentum-SAM (MSAM) [global Frob],global,sgd,momentum_lookahead,frobenius,added,2.0,0.1,nominal,0.1,additive,1.0,mse,0.09948087307221265,3,0,-1,500,501,0.3215454644148134,0.22206459134260076,0.04926415069148683,2.4164737451820346,0.08886262168563253,0.09999999999997246,0.032613586151108334,3.5267877917306265,-0.0021228430740860005,9.41136459097341,17.718026382928638,nan,nan,nan,nan
2,msam,msam@global,Momentum-SAM (MSAM) [global Frob],global,sgd,momentum_lookahead,frobenius,added,2.0,0.1,nominal,0.1,additive,1.0,mse,0.09948087307221265,4,0,-1,500,501,0.32549493384221184,0.2260140607699992,0.046153974113038634,2.285071831158593,0.0915739149060815,0.09999999999998233,0.08041584664830329,5.28670827617139,-0.0012636707116973067,9.90919111287887,17.193293066736697,nan,nan,nan,nan
2,msam,msam@global,Momentum-SAM (MSAM) [global Frob],global,sgd,momentum_lookahead,frobenius,added,2.0,0.1,nominal,0.1,additive,1.0,mse,0.09948087307221265,5,0,-1,500,501,0.2809416948027608,0.18146082173054817,0.04665397221383674,2.2074675702577014,0.08343425630234035,0.09999999999997514,0.05882254331680428,3.8872980020019217,-0.0016100386490049412,7.108733725945263,17.101314856376725,nan,nan,nan,nan
2,msam,msam@global,Momentum-SAM (MSAM) [global Frob],global,sgd,momentum_lookahead,frobenius,added,2.0,0.1,nominal,0.1,additive,1.0,mse,0.09948087307221265,6,0,-1,500,501,0.3347260261844946,0.23524515311228195,0.05553918964836157,2.7434409882729085,0.10091068031161482,0.09999999999999547,0.09852886642532818,19.910418203826463,0.0008618038771410763,8.752236263012446,18.560217176594833,nan,nan,nan,nan
2,msam,msam@global,Momentum-SAM (MSAM) [global Frob],global,sgd,momentum_lookahead,frobenius,added,2.0,0.1,nominal,0.1,additive,1.0,mse,0.09948087307221265,7,0,-1,500,501,0.41958685841411486,0.3201059853419022,0.05256905626149467,2.5764675829410972,0.10557081717964419,0.09999999999997218,0.034697954243730456,3.489000496333018,-0.002267830086445488,23.690281977514367,17.165652893472924,nan,nan,nan,nan
2,msam,msam@global,Momentum-SAM (MSAM) [global Frob],global,sgd,momentum_lookahead,frobenius,added,2.0,0.2,nominal,0.1,additive,1.0,mse,0.09948087307221265,0,0,-1,500,501,0.3034867442050219,0.20400587113280927,0.045974455370772355,2.352750001948316,0.08734045176380702,0.19999999999995663,0.09322544668206498,4.449386598823707,-0.0024345079967145744,8.140546465269944,17.700309639812065,nan,nan,nan,nan
2,msam,msam@global,Momentum-SAM (MSAM) [global Frob],global,sgd,momentum_lookahead,frobenius,added,2.0,0.2,nominal,0.1,additive,1.0,mse,0.09948087307221265,1,0,-1,500,501,0.35245575814133473,0.2529748850691221,0.053920903419380946,2.4435313602084765,0.10573510684894037,0.19999999999994675,0.07196920880765191,3.70364281279015,-0.004282668624807695,13.194555546411358,17.12920703814013,nan,nan,nan,nan
2,msam,msam@global,Momentum-SAM (MSAM) [global Frob],global,sgd,momentum_lookahead,frobenius,added,2.0,0.2,nominal,0.1,additive,1.0,mse,0.09948087307221265,2,0,-1,500,501,0.2772394809939557,0.17775860792174303,0.04899301603943081,2.2812255341842005,0.08430167457827639,0.19999999999993914,0.053528522106395186,3.2458596476527797,-0.0032781935661576056,6.630012801973424,16.73362626752879,nan,nan,nan,nan
2,msam,msam@global,Momentum-SAM (MSAM) [global Frob],global,sgd,momentum_lookahead,frobenius,added,2.0,0.2,nominal,0.1,additive,1.0,mse,0.09948087307221265,3,0,-1,500,501,0.32187750272089044,0.2223966296486778,0.049095381916534855,2.415697619432929,0.0887255912365847,0.1999999999999447,0.06527992134915547,3.5100501674283224,-0.003895896139830768,9.43605778909283,17.713209522913793,nan,nan,nan,nan
2,msam,msam@global,Momentum-SAM (MSAM) [global Frob],global,sgd,momentum_lookahead,frobenius,added,2.0,0.2,nominal,0.1,additive,1.0,mse,0.09948087307221265,4,0,-1,500,501,0.3263170961124105,0.22683622304019785,0.04603543469919242,2.283623719861181,0.09162502465813117,0.19999999999996448,0.16106667899202357,5.274573662926077,-0.0022524829767249233,9.979155406355712,17.19686764851094,nan,nan,nan,nan
2,msam,msam@global,Momentum-SAM (MSAM) [global Frob],global,sgd,momentum_lookahead,frobenius,added,2.0,0.2,nominal,0.1,additive,1.0,mse,0.09948087307221265,5,0,-1,500,501,0.2810635303160321,0.18158265724381945,0.04646621920041239,2.2040756113272324,0.08327499022799707,0.1999999999999501,0.11796086336844357,3.8723309719424,-0.0028850952664996043,7.134382296632366,17.097797239766738,nan,nan,nan,nan
2,msam,msam@global,Momentum-SAM (MSAM) [global Frob],global,sgd,momentum_lookahead,frobenius,added,2.0,0.2,nominal,0.1,additive,1.0,mse,0.09948087307221265,6,0,-1,500,501,0.3359298033911469,0.23644893031893427,0.05545829635625123,2.7421499398782085,0.10119206428912604,0.1999999999999909,0.19706121732600573,19.88015998951189,0.0022760431074276277,8.82867728643363,18.576207354994985,nan,nan,nan,nan
2,msam,msam@global,Momentum-SAM (MSAM) [global Frob],global,sgd,momentum_lookahead,frobenius,added,2.0,0.2,nominal,0.1,additive,1.0,mse,0.09948087307221265,7,0,-1,500,501,0.4204375374594346,0.3209566643872219,0.05288892796125247,2.589720379941678,0.10731483255454652,0.19999999999994408,0.06959834330325225,3.4677290500471836,-0.00426958536430222,23.693986714066945,17.15808582925272,nan,nan,nan,nan
2,msam,msam@global,Momentum-SAM (MSAM) [global Frob],global,sgd,momentum_lookahead,frobenius,added,2.0,0.5,nominal,0.1,additive,1.0,mse,0.09948087307221265,0,0,-1,500,501,0.30315712297489605,0.2036762499026834,0.04554299542574669,2.346684341333443,0.08658403742699063,0.49999999999989053,0.23480599599404942,4.40778350008182,-0.003850402489653737,8.149753335286409,17.666529539481694,nan,nan,nan,nan
2,msam,msam@global,Momentum-SAM (MSAM) [global Frob],global,sgd,momentum_lookahead,frobenius,added,2.0,0.5,nominal,0.1,additive,1.0,mse,0.09948087307221265,1,0,-1,500,501,0.35312405068390396,0.2536431776116913,0.05302987653514948,2.433837122951823,0.10475248569545889,0.4999999999998651,0.18116037038799265,3.6485662139378165,-0.0076571249151251575,13.332493187925804,17.072425768116034,nan,nan,nan,nan
2,msam,msam@global,Momentum-SAM (MSAM) [global Frob],global,sgd,momentum_lookahead,frobenius,added,2.0,0.5,nominal,0.1,additive,1.0,mse,0.09948087307221265,2,0,-1,500,501,0.2765569053567244,0.17707603228451174,0.048376098121389814,2.2720904116942644,0.08345004296499348,0.4999999999998459,0.13458477714561926,3.2025797714562465,-0.005734567263793733,6.629752905587924,16.68693886590681,nan,nan,nan,nan
2,msam,msam@global,Momentum-SAM (MSAM) [global Frob],global,sgd,momentum_lookahead,frobenius,added,2.0,0.5,nominal,0.1,additive,1.0,mse,0.09948087307221265,3,0,-1,500,501,0.32206517548644586,0.22258430241423321,0.04864112877561069,2.4109107910909624,0.08829664943301796,0.4999999999998601,0.16352952373100518,3.4653303517564376,-0.007331049388479505,9.47710261974712,17.685259417636903,nan,nan,nan,nan
2,msam,msam@global,Momentum-SAM (MSAM) [global Frob],global,sgd,momentum_lookahead,frobenius,added,2.0,0.5,nominal,0.1,additive,1.0,mse,0.09948087307221265,4,0,-1,500,501,0.32720015394541757,0.22771928087320492,0.04572338120581279,2.2749604772077663,0.09150841044846443,0.49999999999991085,0.4042160716623987,5.241370567282781,-0.003642502925166824,10.084910842964534,17.193330001722767,nan,nan,nan,nan
2,msam,msam@global,Momentum-SAM (MSAM) [global Frob],global,sgd,momentum_lookahead,frobenius,added,2.0,0.5,nominal,0.1,additive,1.0,mse,0.09948087307221265,5,0,-1,500,501,0.2806734031548582,0.18119253008264558,0.04597820119117885,2.190402771509925,0.08270076667820597,0.4999999999998741,0.2969915459330183,3.8326320879749853,-0.004912809454240663,7.167694268259302,17.078547247219788,nan,nan,nan,nan
2,msam,msam@global,Momentum-SAM (MSAM) [global Frob],global,sgd,momentum_lookahead,frobenius,added,2.0,0.5,nominal,0.1,additive,1.0,mse,0.09948087307221265,6,0,-1,500,501,0.3375804999192341,0.23809962684702146,0.05530944270593601,2.733598975626059,0.10184538321176664,0.49999999999997735,0.49265969165366164,19.790901298487423,0.009705192880560709,8.946922163146896,18.595377165019666,nan,nan,nan,nan
2,msam,msam@global,Momentum-SAM (MSAM) [global Frob],global,sgd,momentum_lookahead,frobenius,added,2.0,0.5,nominal,0.1,additive,1.0,mse,0.09948087307221265,7,0,-1,500,501,0.42201098439878393,0.3225301113265713,0.05404299732416379,2.6225063577111234,0.11374771702215686,0.4999999999998581,0.17504769707421916,3.4178637830645227,-0.00900207321089913,23.679616340522063,17.13201931697228,nan,nan,nan,nan
2,msam,msam@global,Momentum-SAM (MSAM) [global Frob],global,sgd,momentum_lookahead,frobenius,added,2.0,1.0,nominal,0.1,additive,1.0,mse,0.09948087307221265,0,0,-1,500,501,0.30051198854636124,0.2010311154741486,0.044930715258259764,2.3230548003235962,0.08511159770566708,0.9999999999997786,0.4745211268237821,4.350338151286523,-0.0012878507588585109,8.083101621766062,17.56450643126319,nan,nan,nan,nan
2,msam,msam@global,Momentum-SAM (MSAM) [global Frob],global,sgd,momentum_lookahead,frobenius,added,2.0,1.0,nominal,0.1,additive,1.0,mse,0.09948087307221265,1,0,-1,500,501,0.3510949611422618,0.25161408807004915,0.051821992393614374,2.4082019953764364,0.10281585479092557,0.9999999999997247,0.3651752571818281,3.5743617379982027,-0.00705365527998536,13.375636458393373,16.96896427006773,nan,nan,nan,nan
2,msam,msam@global,Momentum-SAM (MSAM) [global Frob],global,sgd,momentum_lookahead,frobenius,added,2.0,1.0,nominal,0.1,additive,1.0,mse,0.09948087307221265,2,0,-1,500,501,0.2737653822213047,0.17428450914909205,0.04758727920084166,2.2454990476561756,0.08182241043553647,0.9999999999996857,0.27196295774584445,3.1429672340443937,-0.0045717105628103605,6.564800594782108,16.573629050728936,nan,nan,nan,nan
2,msam,msam@global,Momentum-SAM (MSAM) [global Frob],global,sgd,momentum_lookahead,frobenius,added,2.0,1.0,nominal,0.1,additive,1.0,mse,0.09948087307221265,3,0,-1,500,501,0.32031397843768206,0.2208331053654694,0.04807461125126158,2.3955692362491536,0.08743535898968835,0.9999999999997154,0.3278703421873443,3.4031708281667026,-0.0076100785823668415,9.460501335016852,17.604867028164126,nan,nan,nan,nan
2,msam,msam@global,Momentum-SAM (MSAM) [global Frob],global,sgd,momentum_lookahead,frobenius,added,2.0,1.0,nominal,0.1,additive,1.0,mse,0.09948087307221265,4,0,-1,500,501,0.32546926110754193,0.22598838803532928,0.04528425460330203,2.249278396417396,0.09065479432480321,0.9999999999998204,0.812583199660193,5.193526001456811,-0.0010008951012009382,10.080869686578303,17.149606821088216,nan,nan,nan,nan
2,msam,msam@global,Momentum-SAM (MSAM) [global Frob],global,sgd,momentum_lookahead,frobenius,added,2.0,1.0,nominal,0.1,additive,1.0,mse,0.09948087307221265,5,0,-1,500,501,0.2781442818096196,0.17866340873740694,0.0453245230125103,2.157910468567147,0.08150498821502006,0.999999999999745,0.5997171419231132,3.7774487827672685,-0.0031759703929607475,7.129428154030092,17.01080705245813,nan,nan,nan,nan
2,msam,msam@global,Momentum-SAM (MSAM) [global Frob],global,sgd,momentum_lookahead,frobenius,added,2.0,1.0,nominal,0.1,additive,1.0,mse,0.09948087307221265,6,0,-1,500,501,0.33653383087191124,0.2370529577996986,0.05516748927477441,2.710938774131907,0.10237762211187582,0.9999999999999544,0.9851669081799269,19.66052236340307,0.030554505696284318,8.944222186414024,18.567393957049987,nan,nan,nan,nan
2,msam,msam@global,Momentum-SAM (MSAM) [global Frob],global,sgd,momentum_lookahead,frobenius,added,2.0,1.0,nominal,0.1,additive,1.0,mse,0.09948087307221265,7,0,-1,500,501,0.4219641573671634,0.32248328429495077,0.055873650444487555,2.6504314084649865,0.12403353067937624,0.9999999999997109,0.3525954977827173,3.3533314177953066,-0.012348298526656032,23.603737361675353,17.06612108066566,nan,nan,nan,nan
2,msam,msam@per-layer,Momentum-SAM (MSAM) [per-layer Frob],per-layer,sgd,momentum_lookahead,frobenius,added,2.0,0.01,nominal,0.1,additive,1.0,mse,0.09948087307221265,0,0,-1,500,501,0.30310642849263386,0.2036255554204212,0.04626796524839183,2.351899704002387,0.08774372984235002,0.014142135623726272,0.006614576636939384,4.478712246516305,-0.00020959704784051514,8.112533544829022,17.714861010642405,nan,nan,nan,nan
2,msam,msam@per-layer,Momentum-SAM (MSAM) [per-layer Frob],per-layer,sgd,momentum_lookahead,frobenius,added,2.0,0.01,nominal,0.1,additive,1.0,mse,0.09948087307221265,1,0,-1,500,501,0.3507157496468207,0.251234876574608,0.054533955900393546,2.4460637539747165,0.10620048161684915,0.014142135623725573,0.004556710809370676,3.7435644167536046,-0.000360910625454125,13.017020096571626,17.164800793200683,nan,nan,nan,nan
2,msam,msam@per-layer,Momentum-SAM (MSAM) [per-layer Frob],per-layer,sgd,momentum_lookahead,frobenius,added,2.0,0.01,nominal,0.1,additive,1.0,mse,0.09948087307221265,2,0,-1,500,501,0.277192448803272,0.17771157573105933,0.04945214041845479,2.283624960683277,0.08474247165905964,0.014142135623724503,0.004079262935478797,3.277293086077853,-0.00027893009929175205,6.611971910894281,16.753035728867147,nan,nan,nan,nan
2,msam,msam@per-layer,Momentum-SAM (MSAM) [per-layer Frob],per-layer,sgd,momentum_lookahead,frobenius,added,2.0,0.01,nominal,0.1,additive,1.0,mse,0.09948087307221265,3,0,-1,500,501,0.3211607947440774,0.22167992167186473,0.049412637124444755,2.4165794922669903,0.08898646642398522,0.014142135623725242,0.004020359471112744,3.5420267536533836,-0.0003234988722714549,9.387723564856524,17.719299893290863,nan,nan,nan,nan
2,msam,msam@per-layer,Momentum-SAM (MSAM) [per-layer Frob],per-layer,sgd,momentum_lookahead,frobenius,added,2.0,0.01,nominal,0.1,additive,1.0,mse,0.09948087307221265,4,0,-1,500,501,0.32446675483841275,0.2249858817662001,0.046267337280509205,2.2854494074407246,0.09149025747632884,0.014142135623725925,0.00853253890966331,5.297633990910252,-0.00023244951669915137,9.82494022129071,17.187317438065257,nan,nan,nan,nan
2,msam,msam@per-layer,Momentum-SAM (MSAM) [per-layer Frob],per-layer,sgd,momentum_lookahead,frobenius,added,2.0,0.01,nominal,0.1,additive,1.0,mse,0.09948087307221265,5,0,-1,500,501,0.28074026972731614,0.1812593966551035,0.046830523643650514,2.209701983103261,0.0835591189783145,0.01414213562372517,0.006611660947113614,3.9010824639842387,-0.0002512176244570119,7.081185153801665,17.10276494529135,nan,nan,nan,nan
2,msam,msam@per-layer,Momentum-SAM (MSAM) [per-layer Frob],per-layer,sgd,momentum_lookahead,frobenius,added,2.0,0.01,nominal,0.1,additive,1.0,mse,0.09948087307221265,6,0,-1,500,501,0.3331546258008051,0.23367375272859248,0.05562724647100441,2.7427944999596896,0.10061786104421974,0.014142135623728484,0.009964963315356686,19.937172270487334,-7.103445747891346e-05,8.657025224890436,18.538494760835874,nan,nan,nan,nan
2,msam,msam@per-layer,Momentum-SAM (MSAM) [per-layer Frob],per-layer,sgd,momentum_lookahead,frobenius,added,2.0,0.01,nominal,0.1,additive,1.0,mse,0.09948087307221265,7,0,-1,500,501,0.4187562834419488,0.31927541036973617,0.05236488075464765,2.5650970091045875,0.10444386579710582,0.01414213562372518,0.0044456817473910604,3.510574921717609,-0.00033184236972488845,23.686057225605563,17.17197493726708,nan,nan,nan,nan
2,msam,msam@per-layer,Momentum-SAM (MSAM) [per-layer Frob],per-layer,sgd,momentum_lookahead,frobenius,added,2.0,0.02,nominal,0.1,additive,1.0,mse,0.09948087307221265,0,0,-1,500,501,0.3031701636446789,0.20368929057246626,0.046246965622006385,2.3520069068620693,0.08771458089805755,0.028284271247452537,0.013235263137201069,4.476314914910029,-0.0004115090297252544,8.116695340906096,17.71333681708226,nan,nan,nan,nan
2,msam,msam@per-layer,Momentum-SAM (MSAM) [per-layer Frob],per-layer,sgd,momentum_lookahead,frobenius,added,2.0,0.02,nominal,0.1,additive,1.0,mse,0.09948087307221265,1,0,-1,500,501,0.3509393095818824,0.25145843650966976,0.054484848796497294,2.4458486225314164,0.10617312838907642,0.028284271247451136,0.009116406209533889,3.740313366328029,-0.0007115437793788759,13.036897756897707,17.160750892044195,nan,nan,nan,nan
2,msam,msam@per-layer,Momentum-SAM (MSAM) [per-layer Frob],per-layer,sgd,momentum_lookahead,frobenius,added,2.0,0.02,nominal,0.1,additive,1.0,mse,0.09948087307221265,2,0,-1,500,501,0.2772288201159719,0.17774794704375924,0.04941405536483928,2.283387456385815,0.08471749088147759,0.028284271247448988,0.008164332379957643,3.2747066484909086,-0.0005491531470619426,6.6154656853854314,16.7508887020145,nan,nan,nan,nan
2,msam,msam@per-layer,Momentum-SAM (MSAM) [per-layer Frob],per-layer,sgd,momentum_lookahead,frobenius,added,2.0,0.02,nominal,0.1,additive,1.0,mse,0.09948087307221265,3,0,-1,500,501,0.321260790496781,0.22177991742456837,0.04938783684084884,2.4164025554203237,0.08897047628376584,0.028284271247450487,0.008040785664772546,3.53934243866457,-0.0006389517217743612,9.394206128113824,17.718466807904978,nan,nan,nan,nan
2,msam,msam@per-layer,Momentum-SAM (MSAM) [per-layer Frob],per-layer,sgd,momentum_lookahead,frobenius,added,2.0,0.02,nominal,0.1,additive,1.0,mse,0.09948087307221265,4,0,-1,500,501,0.3247038581569521,0.22522298508473942,0.04624849126945732,2.2852934813761197,0.09151592775959669,0.028284271247451837,0.017067230680982978,5.295762286175821,-0.00045729977683311995,9.843612084807036,17.187720563430194,nan,nan,nan,nan
2,msam,msam@per-layer,Momentum-SAM (MSAM) [per-layer Frob],per-layer,sgd,momentum_lookahead,frobenius,added,2.0,0.02,nominal,0.1,additive,1.0,mse,0.09948087307221265,5,0,-1,500,501,0.2808100483764891,0.18132917530427645,0.04680062779441553,2.209173895473979,0.08354349598136497,0.028284271247450338,0.01322667828119338,3.898706630072352,-0.0004939039477426244,7.088868661254807,17.101687831132644,nan,nan,nan,nan
2,msam,msam@per-layer,Momentum-SAM (MSAM) [per-layer Frob],per-layer,sgd,momentum_lookahead,frobenius,added,2.0,0.02,nominal,0.1,additive,1.0,mse,0.09948087307221265,6,0,-1,500,501,0.33346599015987205,0.2339851170876594,0.05561619554085497,2.7429298330958565,0.10068146665429442,0.02828427124745698,0.019929979298819858,19.933841715856104,-0.00013253697263582165,8.675082070457366,18.54244570351276,nan,nan,nan,nan
2,msam,msam@per-layer,Momentum-SAM (MSAM) [per-layer Frob],per-layer,sgd,momentum_lookahead,frobenius,added,2.0,0.02,nominal,0.1,additive,1.0,mse,0.09948087307221265,7,0,-1,500,501,0.41898116247898165,0.319500289406769,0.0524160950959497,2.5676374038051293,0.10469565220611235,0.028284271247450338,0.008911525836193143,3.5063486216033453,-0.0006558582894329312,23.691042509675725,17.169781168444565,nan,nan,nan,nan
2,msam,msam@per-layer,Momentum-SAM (MSAM) [per-layer Frob],per-layer,sgd,momentum_lookahead,frobenius,added,2.0,0.05,nominal,0.1,additive,1.0,mse,0.09948087307221265,0,0,-1,500,501,0.303340378871683,0.20385950579947038,0.04618500472610189,2.3522028461872555,0.08762511744398647,0.07071067811863131,0.03313304714692994,4.469252555884735,-0.0009718342097930766,8.128168020252701,17.708446285237162,nan,nan,nan,nan
2,msam,msam@per-layer,Momentum-SAM (MSAM) [per-layer Frob],per-layer,sgd,momentum_lookahead,frobenius,added,2.0,0.05,nominal,0.1,additive,1.0,mse,0.09948087307221265,1,0,-1,500,501,0.3515342925769983,0.25205341950478566,0.054339145458938407,2.4450882771396008,0.1060804157126988,0.07071067811862779,0.02281267660427722,3.7307443810398704,-0.0017027641268428928,13.09046592563923,17.148828116956732,nan,nan,nan,nan
2,msam,msam@per-layer,Momentum-SAM (MSAM) [per-layer Frob],per-layer,sgd,momentum_lookahead,frobenius,added,2.0,0.05,nominal,0.1,additive,1.0,mse,0.09948087307221265,2,0,-1,500,501,0.27731924152710613,0.17783836845489348,0.049302923567384485,2.282618001020792,0.0846387603487904,0.07071067811862237,0.02045364765117292,3.2671190502479672,-0.001308807372734866,6.624958970848586,16.744241611428286,nan,nan,nan,nan
2,msam,msam@per-layer,Momentum-SAM (MSAM) [per-layer Frob],per-layer,sgd,momentum_lookahead,frobenius,added,2.0,0.05,nominal,0.1,additive,1.0,mse,0.09948087307221265,3,0,-1,500,501,0.3215367708190093,0.22205589774679663,0.049313665812296736,2.415856994461153,0.08892309468000686,0.07071067811862614,0.020102266029114507,3.5314651655540255,-0.0015380079602043129,9.412725614561662,17.715608161270822,nan,nan,nan,nan
2,msam,msam@per-layer,Momentum-SAM (MSAM) [per-layer Frob],per-layer,sgd,momentum_lookahead,frobenius,added,2.0,0.05,nominal,0.1,additive,1.0,mse,0.09948087307221265,4,0,-1,500,501,0.32533019596241486,0.2258493228902022,0.046194965620150415,2.2847233296874077,0.0915849088141591,0.07071067811862954,0.04268371666871795,5.290251037505435,-0.00108657750627017,9.89292718724448,17.188563413610186,nan,nan,nan,nan
2,msam,msam@per-layer,Momentum-SAM (MSAM) [per-layer Frob],per-layer,sgd,momentum_lookahead,frobenius,added,2.0,0.05,nominal,0.1,additive,1.0,mse,0.09948087307221265,5,0,-1,500,501,0.28099341231333097,0.18151253924111832,0.04671430094956922,2.2075517093111134,0.08349373070899009,0.07071067811862576,0.033091261479793965,3.8917595505530915,-0.0011718162336891158,7.109906605622953,17.098525879842583,nan,nan,nan,nan
2,msam,msam@per-layer,Momentum-SAM (MSAM) [per-layer Frob],per-layer,sgd,momentum_lookahead,frobenius,added,2.0,0.05,nominal,0.1,additive,1.0,mse,0.09948087307221265,6,0,-1,500,501,0.33428416038433073,0.23480328731211808,0.05558413874853052,2.742960027794395,0.1008579684726816,0.0707106781186424,0.04982533182183895,19.92386352836552,-0.00025990552295585,8.723518787963702,18.552456065173637,nan,nan,nan,nan
2,msam,msam@per-layer,Momentum-SAM (MSAM) [per-layer Frob],per-layer,sgd,momentum_lookahead,frobenius,added,2.0,0.05,nominal,0.1,additive,1.0,mse,0.09948087307221265,7,0,-1,500,501,0.41962605136869174,0.3201451782964791,0.052593536123466865,2.5755925735435605,0.10556446194762498,0.0707106781186257,0.02241707263818717,3.494680129406827,-0.0015882657544633028,23.704784320898604,17.16368500557705,nan,nan,nan,nan
2,msam,msam@per-layer,Momentum-SAM (MSAM) [per-layer Frob],per-layer,sgd,momentum_lookahead,frobenius,added,2.0,0.1,nominal,0.1,additive,1.0,mse,0.09948087307221265,0,0,-1,500,501,0.3035552007582869,0.20407432768607425,0.04608513692234609,2.3521617228287193,0.087469487362195,0.14142135623726246,0.06640992913036307,4.457889728253491,-0.001758467016283738,8.143984411213708,17.699302068295236,nan,nan,nan,nan
2,msam,msam@per-layer,Momentum-SAM (MSAM) [per-layer Frob],per-layer,sgd,momentum_lookahead,frobenius,added,2.0,0.1,nominal,0.1,additive,1.0,mse,0.09948087307221265,1,0,-1,500,501,0.3523109071889099,0.25283003411669724,0.05410161872676095,2.443518936859908,0.10589751691150164,0.14142135623725527,0.0456929841349488,3.715393664894087,-0.0031590391271397733,13.16315928841994,17.129750059984424,nan,nan,nan,nan
2,msam,msam@per-layer,Momentum-SAM (MSAM) [per-layer Frob],per-layer,sgd,momentum_lookahead,frobenius,added,2.0,0.1,nominal,0.1,additive,1.0,mse,0.09948087307221265,2,0,-1,500,501,0.2774096935524276,0.17792882048021497,0.049127289262281326,2.281156618705131,0.08449630941350954,0.14142135623724444,0.04104529374441525,3.2550071509608154,-0.002411757364389311,6.637595821335592,16.732543687970207,nan,nan,nan,nan
2,msam,msam@per-layer,Momentum-SAM (MSAM) [per-layer Frob],per-layer,sgd,momentum_lookahead,frobenius,added,2.0,0.1,nominal,0.1,additive,1.0,mse,0.09948087307221265,3,0,-1,500,501,0.32191852992857983,0.22243765685636718,0.049192666390242265,2.414913168809062,0.08884518031185151,0.14142135623725205,0.04020455713134034,3.5188783902566936,-0.002884118634581656,9.440229904760654,17.709787919064382,nan,nan,nan,nan
2,msam,msam@per-layer,Momentum-SAM (MSAM) [per-layer Frob],per-layer,sgd,momentum_lookahead,frobenius,added,2.0,0.1,nominal,0.1,additive,1.0,mse,0.09948087307221265,4,0,-1,500,501,0.32615230927872363,0.22667143620651098,0.04611399932244459,2.283515713825664,0.09167781140781484,0.14142135623725882,0.08541660975311091,5.281391430626522,-0.0019868203546964947,9.95816041617222,17.18878362622163,nan,nan,nan,nan
2,msam,msam@per-layer,Momentum-SAM (MSAM) [per-layer Frob],per-layer,sgd,momentum_lookahead,frobenius,added,2.0,0.1,nominal,0.1,additive,1.0,mse,0.09948087307221265,5,0,-1,500,501,0.2812173814910266,0.18173650841881395,0.04658044486274572,2.204726735512813,0.08340180756311354,0.14142135623725124,0.06626082261630924,3.880729278070851,-0.0021403702751275344,7.1388051818561795,17.093452288352307,nan,nan,nan,nan
2,msam,msam@per-layer,Momentum-SAM (MSAM) [per-layer Frob],per-layer,sgd,momentum_lookahead,frobenius,added,2.0,0.1,nominal,0.1,additive,1.0,mse,0.09948087307221265,6,0,-1,500,501,0.3353646687618062,0.23588379568959356,0.0555381222379542,2.7422509839713882,0.10111965969120518,0.14142135623728475,0.0996518576063646,19.907327934849352,-0.0002840252428433776,8.789392180035533,18.56492603554493,nan,nan,nan,nan
2,msam,msam@per-layer,Momentum-SAM (MSAM) [per-layer Frob],per-layer,sgd,momentum_lookahead,frobenius,added,2.0,0.1,nominal,0.1,additive,1.0,mse,0.09948087307221265,7,0,-1,500,501,0.42061696904265805,0.3211360959704454,0.05296503893808998,2.589759580009674,0.10738637418748888,0.141421356237251,0.04521979486588882,3.477954418478607,-0.0030432446045354222,23.723761769556734,17.15432695158576,nan,nan,nan,nan
2,msam,msam@per-layer,Momentum-SAM (MSAM) [per-layer Frob],per-layer,sgd,momentum_lookahead,frobenius,added,2.0,0.2,nominal,0.1,additive,1.0,mse,0.09948087307221265,0,0,-1,500,501,0.3037375706173733,0.20425669754516063,0.04589801202784888,2.3509700117783967,0.08713570984496599,0.2828427124745244,0.13335709973483173,4.436546788239283,-0.002809719419879453,8.163859550042613,17.677488387014844,nan,nan,nan,nan
2,msam,msam@per-layer,Momentum-SAM (MSAM) [per-layer Frob],per-layer,sgd,momentum_lookahead,frobenius,added,2.0,0.2,nominal,0.1,additive,1.0,mse,0.09948087307221265,1,0,-1,500,501,0.3532503810824263,0.25376950801021364,0.053647487426555784,2.439579991628142,0.1054590246342184,0.28284271247450965,0.09162594819109961,3.6867704592600083,-0.005388729218003208,13.264576130722386,17.09452015671711,nan,nan,nan,nan
2,msam,msam@per-layer,Momentum-SAM (MSAM) [per-layer Frob],per-layer,sgd,momentum_lookahead,frobenius,added,2.0,0.2,nominal,0.1,additive,1.0,mse,0.09948087307221265,2,0,-1,500,501,0.27737830042864164,0.177897427356429,0.048807047283726195,2.277625780177401,0.08417700071811197,0.28284271247448767,0.08260951289631606,3.232526502611964,-0.004051647344225973,6.651699967681885,16.70718685042433,nan,nan,nan,nan
2,msam,msam@per-layer,Momentum-SAM (MSAM) [per-layer Frob],per-layer,sgd,momentum_lookahead,frobenius,added,2.0,0.2,nominal,0.1,additive,1.0,mse,0.09948087307221265,3,0,-1,500,501,0.3224059458333731,0.22292507276116047,0.048966818854265404,2.412908785296702,0.08868696966834856,0.28284271247450327,0.08040508910021595,3.4954614267971578,-0.005039547869257088,9.482155873428626,17.69495339789399,nan,nan,nan,nan
2,msam,msam@per-layer,Momentum-SAM (MSAM) [per-layer Frob],per-layer,sgd,momentum_lookahead,frobenius,added,2.0,0.2,nominal,0.1,additive,1.0,mse,0.09948087307221265,4,0,-1,500,501,0.32720136951971224,0.2277204964474996,0.045973531614485905,2.2803983704824544,0.09179341859003902,0.2828427124745167,0.17101269730094537,5.264754594901801,-0.0032498018153871433,10.04620864869839,17.185244274336632,nan,nan,nan,nan
2,msam,msam@per-layer,Momentum-SAM (MSAM) [per-layer Frob],per-layer,sgd,momentum_lookahead,frobenius,added,2.0,0.2,nominal,0.1,additive,1.0,mse,0.09948087307221265,5,0,-1,500,501,0.28139096656360524,0.1819100934913926,0.04634366000910776,2.1986582487712343,0.08318882059958463,0.2828427124745015,0.13281327242420907,3.860388909805633,-0.003511637626417652,7.1769243100827875,17.08374658570209,nan,nan,nan,nan
2,msam,msam@per-layer,Momentum-SAM (MSAM) [per-layer Frob],per-layer,sgd,momentum_lookahead,frobenius,added,2.0,0.2,nominal,0.1,additive,1.0,mse,0.09948087307221265,6,0,-1,500,501,0.33684162869988193,0.23736075562766928,0.05547614672642164,2.739499607274546,0.10157295928025988,0.2828427124745693,0.19930787226139304,19.87494132149642,0.0003415169950234387,8.883329988322535,18.580408226625178,nan,nan,nan,nan
2,msam,msam@per-layer,Momentum-SAM (MSAM) [per-layer Frob],per-layer,sgd,momentum_lookahead,frobenius,added,2.0,0.2,nominal,0.1,additive,1.0,mse,0.09948087307221265,7,0,-1,500,501,0.42236067041899894,0.3228797973467863,0.05396275180021875,2.620347249002117,0.112291659626797,0.28284271247450066,0.09156518453557018,3.4511522394391982,-0.005714180973730554,23.74826547076282,17.13466487722383,nan,nan,nan,nan
2,msam,msam@per-layer,Momentum-SAM (MSAM) [per-layer Frob],per-layer,sgd,momentum_lookahead,frobenius,added,2.0,0.5,nominal,0.1,additive,1.0,mse,0.09948087307221265,0,0,-1,500,501,0.30257145479920683,0.20309058172699418,0.04543748391320143,2.3412577518663333,0.08600099055322166,0.7071067811863074,0.33683364154926954,4.381598027263497,-0.002344172361338992,8.143155832508684,17.622041046599193,nan,nan,nan,nan
2,msam,msam@per-layer,Momentum-SAM (MSAM) [per-layer Frob],per-layer,sgd,momentum_lookahead,frobenius,added,2.0,0.5,nominal,0.1,additive,1.0,mse,0.09948087307221265,1,0,-1,500,501,0.353007408292988,0.25352653522077534,0.05245955625633636,2.4237050307055785,0.10382547590607515,0.7071067811862682,0.23038600061315545,3.6141217945219015,-0.007505066532305871,13.3777360489287,17.003636370239207,nan,nan,nan,nan
2,msam,msam@per-layer,Momentum-SAM (MSAM) [per-layer Frob],per-layer,sgd,momentum_lookahead,frobenius,added,2.0,0.5,nominal,0.1,additive,1.0,mse,0.09948087307221265,2,0,-1,500,501,0.27581923238166933,0.17633835930945668,0.048036304949272045,2.2628777040147567,0.08302670408922994,0.7071067811862113,0.20985159447600682,3.1752490815553522,-0.00512652828870902,6.618722070888463,16.61863300065322,nan,nan,nan,nan
2,msam,msam@per-layer,Momentum-SAM (MSAM) [per-layer Frob],per-layer,sgd,momentum_lookahead,frobenius,added,2.0,0.5,nominal,0.1,additive,1.0,mse,0.09948087307221265,3,0,-1,500,501,0.32201988240129087,0.22253900932907822,0.04843510661995436,2.40545228307187,0.08811492762613088,0.7071067811862524,0.20095528394665588,3.4356088640869697,-0.007716946053450746,9.517579180158371,17.63406651172643,nan,nan,nan,nan
2,msam,msam@per-layer,Momentum-SAM (MSAM) [per-layer Frob],per-layer,sgd,momentum_lookahead,frobenius,added,2.0,0.5,nominal,0.1,additive,1.0,mse,0.09948087307221265,4,0,-1,500,501,0.3273450551735165,0.22786418210130382,0.04564438593048816,2.267105455650548,0.09166022128518479,0.7071067811862857,0.42865638636443903,5.221516904054164,-0.003100105624572136,10.125229695699236,17.15127254189411,nan,nan,nan,nan
2,msam,msam@per-layer,Momentum-SAM (MSAM) [per-layer Frob],per-layer,sgd,momentum_lookahead,frobenius,added,2.0,0.5,nominal,0.1,additive,1.0,mse,0.09948087307221265,5,0,-1,500,501,0.28017163388957134,0.1806907608173587,0.04581183207822838,2.1777902530620254,0.08239158558190994,0.7071067811862473,0.3339379364275326,3.8088069188174742,-0.0037067624787743836,7.178713935089633,17.051240208302307,nan,nan,nan,nan
2,msam,msam@per-layer,Momentum-SAM (MSAM) [per-layer Frob],per-layer,sgd,momentum_lookahead,frobenius,added,2.0,0.5,nominal,0.1,additive,1.0,mse,0.09948087307221265,6,0,-1,500,501,0.33807465021698674,0.2385937771447741,0.05542878002587458,2.7272092078532366,0.1026053709273159,0.7071067811864218,0.49829209253441437,19.78883976804131,0.006623716667862434,8.991647640160588,18.586516414508164,nan,nan,nan,nan
2,msam,msam@per-layer,Momentum-SAM (MSAM) [per-layer Frob],per-layer,sgd,momentum_lookahead,frobenius,added,2.0,0.5,nominal,0.1,additive,1.0,mse,0.09948087307221265,7,0,-1,500,501,0.42613024206472916,0.3266493689925165,0.05830758594328769,2.7159495055560163,0.13256807236093052,0.707106781186244,0.2334138256799824,3.3913568726398364,-0.011915106646909868,23.740578243036886,17.047631590400684,nan,nan,nan,nan
2,msam,msam@per-layer,Momentum-SAM (MSAM) [per-layer Frob],per-layer,sgd,momentum_lookahead,frobenius,added,2.0,1.0,nominal,0.1,additive,1.0,mse,0.09948087307221265,0,0,-1,500,501,0.2965881315925155,0.19710725852030286,0.045042705471055114,2.3112066757672474,0.08396417262156568,1.4142135623726058,0.6825095652391344,4.311754085873746,0.007587491961551063,7.92265066892402,17.4419839603531,nan,nan,nan,nan
2,msam,msam@per-layer,Momentum-SAM (MSAM) [per-layer Frob],per-layer,sgd,momentum_lookahead,frobenius,added,2.0,1.0,nominal,0.1,additive,1.0,mse,0.09948087307221265,1,0,-1,500,501,0.34707033435498813,0.24758946128277548,0.051096586506981415,2.3887084787979673,0.1007576629926192,1.4142135623725205,0.4626450513981651,3.5213043086886873,0.00036337480663906074,13.261769839111064,16.85176339665286,nan,nan,nan,nan
2,msam,msam@per-layer,Momentum-SAM (MSAM) [per-layer Frob],per-layer,sgd,momentum_lookahead,frobenius,added,2.0,1.0,nominal,0.1,additive,1.0,mse,0.09948087307221265,2,0,-1,500,501,0.269677808564806,0.17019693549259335,0.04723920357020242,2.226767954654142,0.08074106365348571,1.4142135623724008,0.427958909711926,3.099780424676841,0.0030915112054065164,6.390243877746786,16.431802899063094,nan,nan,nan,nan
2,msam,msam@per-layer,Momentum-SAM (MSAM) [per-layer Frob],per-layer,sgd,momentum_lookahead,frobenius,added,2.0,1.0,nominal,0.1,additive,1.0,mse,0.09948087307221265,3,0,-1,500,501,0.31704901317308826,0.2175681401008756,0.04803484452218815,2.386414399946787,0.08680778997778897,1.4142135623724894,0.40153841571098453,3.357387929948939,-0.0017729041029127535,9.370408952961983,17.503854457261383,nan,nan,nan,nan
2,msam,msam@per-layer,Momentum-SAM (MSAM) [per-layer Frob],per-layer,sgd,momentum_lookahead,frobenius,added,2.0,1.0,nominal,0.1,additive,1.0,mse,0.09948087307221265,4,0,-1,500,501,0.3215484730059723,0.22206759993375963,0.045351660074623816,2.236167029872251,0.0905025461888311,1.4142135623725556,0.8602452660165044,5.163157426516052,0.008586898513646801,9.932196258485744,17.06909004730325,nan,nan,nan,nan
2,msam,msam@per-layer,Momentum-SAM (MSAM) [per-layer Frob],per-layer,sgd,momentum_lookahead,frobenius,added,2.0,1.0,nominal,0.1,additive,1.0,mse,0.09948087307221265,5,0,-1,500,501,0.27425602031747354,0.1747751472452609,0.04539666227556112,2.137421620911393,0.08090946840985123,1.4142135623724776,0.6731819067692854,3.740404250297782,0.006259501279923585,6.956097749527501,16.953124354408295,nan,nan,nan,nan
2,msam,msam@per-layer,Momentum-SAM (MSAM) [per-layer Frob],per-layer,sgd,momentum_lookahead,frobenius,added,2.0,1.0,nominal,0.1,additive,1.0,mse,0.09948087307221265,6,0,-1,500,501,0.33157640442818015,0.2320955313559675,0.05544383649635495,2.6921419020473007,0.10302076192583084,1.414213562372841,0.9966399375456508,19.709824970389498,0.02252815816033993,8.748387203554472,18.50997415070862,nan,nan,nan,nan
2,msam,msam@per-layer,Momentum-SAM (MSAM) [per-layer Frob],per-layer,sgd,momentum_lookahead,frobenius,added,2.0,1.0,nominal,0.1,additive,1.0,mse,0.09948087307221265,7,0,-1,500,501,0.4275445475705386,0.32806367449832596,0.06652609029922094,2.843901028156508,0.16551066650135648,1.4142135623724679,0.47514239775988115,3.312936236172979,-0.013385117628323007,23.57141757890281,16.855808268169163,nan,nan,nan,nan
2,msam,msam@global,Momentum-SAM (MSAM) [global Frob],global,sgd,momentum_lookahead,frobenius,added,3.0,0.01,nominal,0.1,additive,1.0,mse,0.09948087307221265,0,0,-1,500,501,0.1588204523344691,0.05933957926225644,0.027304603558595035,1.0970235746653196,0.0450169507973058,0.009999999999995077,0.0023848527713987047,2.0314176172724614,-0.0001048748568402702,2.262273882694176,12.471811290559312,nan,nan,nan,nan
2,msam,msam@global,Momentum-SAM (MSAM) [global Frob],global,sgd,momentum_lookahead,frobenius,added,3.0,0.01,nominal,0.1,additive,1.0,mse,0.09948087307221265,1,0,-1,500,501,0.1569397909823457,0.05745891791013305,0.025916368231156346,1.087444849199709,0.04409047660568833,0.00999999999999508,0.002319436949995033,2.036971371541266,-9.780092979136401e-05,2.244964321715895,12.25064888984439,nan,nan,nan,nan
2,msam,msam@global,Momentum-SAM (MSAM) [global Frob],global,sgd,momentum_lookahead,frobenius,added,3.0,0.01,nominal,0.1,additive,1.0,mse,0.09948087307221265,2,0,-1,500,501,0.1584727101370217,0.05899183706480904,0.025422506007261453,1.141047973760935,0.045435057761628705,0.009999999999995013,0.0023018850277600994,2.006839602101975,-9.269375676670966e-05,2.2509450437454173,12.29341577529706,nan,nan,nan,nan
2,msam,msam@global,Momentum-SAM (MSAM) [global Frob],global,sgd,momentum_lookahead,frobenius,added,3.0,0.01,nominal,0.1,additive,1.0,mse,0.09948087307221265,3,0,-1,500,501,0.1600299595009676,0.06054908642875495,0.02783482017244923,1.173687134121517,0.04542666634815049,0.009999999999995237,0.0024816301171824676,2.102844866975254,-9.539299114763589e-05,2.319031628459841,12.584125516732227,nan,nan,nan,nan
2,msam,msam@global,Momentum-SAM (MSAM) [global Frob],global,sgd,momentum_lookahead,frobenius,added,3.0,0.01,nominal,0.1,additive,1.0,mse,0.09948087307221265,4,0,-1,500,501,0.15716369097160188,0.05768281789938923,0.025265884501457288,1.0804110404863856,0.04352459140932063,0.009999999999995122,0.002501176481645054,2.0461441591689216,-8.571584399916232e-05,2.2488177875327358,12.07909045395534,nan,nan,nan,nan
2,msam,msam@global,Momentum-SAM (MSAM) [global Frob],global,sgd,momentum_lookahead,frobenius,added,3.0,0.01,nominal,0.1,additive,1.0,mse,0.09948087307221265,5,0,-1,500,501,0.1586823209063671,0.05920144783415446,0.026186729964792238,1.1471378045014682,0.044024522316144586,0.009999999999995086,0.0023485792997391753,2.0312161919867338,-9.328900620453329e-05,2.2474921462157966,12.272473690021501,nan,nan,nan,nan
2,msam,msam@global,Momentum-SAM (MSAM) [global Frob],global,sgd,momentum_lookahead,frobenius,added,3.0,0.01,nominal,0.1,additive,1.0,mse,0.09948087307221265,6,0,-1,500,501,0.15772081053671091,0.058239937464498265,0.026696969297950065,1.0830120178208298,0.0445071569826988,0.009999999999995061,0.0024463750523919304,2.0160530305771753,-9.470273287548459e-05,2.2959223396943234,12.433523876188984,nan,nan,nan,nan
2,msam,msam@global,Momentum-SAM (MSAM) [global Frob],global,sgd,momentum_lookahead,frobenius,added,3.0,0.01,nominal,0.1,additive,1.0,mse,0.09948087307221265,7,0,-1,500,501,0.15930643604401923,0.05982556297180658,0.028407248575892937,1.1612710557347974,0.045741164368216236,0.009999999999995186,0.0024812598221079485,2.0515462909188584,-9.434597881674556e-05,2.181454526173822,12.6562402915988,nan,nan,nan,nan
2,msam,msam@global,Momentum-SAM (MSAM) [global Frob],global,sgd,momentum_lookahead,frobenius,added,3.0,0.02,nominal,0.1,additive,1.0,mse,0.09948087307221265,0,0,-1,500,501,0.1588088831957531,0.05932801012354044,0.027294193291765436,1.0966902139069945,0.04499780918445284,0.019999999999990144,0.004770762746510923,2.0300825498351935,-0.00020685057014835362,2.2621037926055085,12.471448773686914,nan,nan,nan,nan
2,msam,msam@global,Momentum-SAM (MSAM) [global Frob],global,sgd,momentum_lookahead,frobenius,added,3.0,0.02,nominal,0.1,additive,1.0,mse,0.09948087307221265,1,0,-1,500,501,0.15693644013358965,0.057455567061377,0.02590419547185753,1.087365889178368,0.044080161009473685,0.01999999999999016,0.004639560187291173,2.0357911837371705,-0.00019303956980393222,2.2451263629854177,12.250907706725794,nan,nan,nan,nan
2,msam,msam@global,Momentum-SAM (MSAM) [global Frob],global,sgd,momentum_lookahead,frobenius,added,3.0,0.02,nominal,0.1,additive,1.0,mse,0.09948087307221265,2,0,-1,500,501,0.15846162669325897,0.05898075362104632,0.02541458717272856,1.1407649238311284,0.04541375743948958,0.01999999999999002,0.004603957036031531,2.0055550549671923,-0.00018233389983363102,2.2507424449523565,12.293331057661986,nan,nan,nan,nan
2,msam,msam@global,Momentum-SAM (MSAM) [global Frob],global,sgd,momentum_lookahead,frobenius,added,3.0,0.02,nominal,0.1,additive,1.0,mse,0.09948087307221265,3,0,-1,500,501,0.1600213944346109,0.060540521362398236,0.027825980786981494,1.1734218809023198,0.045409814865772544,0.01999999999999046,0.0049633075080915525,2.101445872822768,-0.0001879301787006682,2.31913686954597,12.583506349804278,nan,nan,nan,nan
2,msam,msam@global,Momentum-SAM (MSAM) [global Frob],global,sgd,momentum_lookahead,frobenius,added,3.0,0.02,nominal,0.1,additive,1.0,mse,0.09948087307221265,4,0,-1,500,501,0.1571551819035038,0.057674308831291154,0.02525659498081216,1.080184553696011,0.04351033085626106,0.019999999999990224,0.005002685415726596,2.045006920861764,-0.00016885534268565316,2.2488359737232013,12.079154573346344,nan,nan,nan,nan
2,msam,msam@global,Momentum-SAM (MSAM) [global Frob],global,sgd,momentum_lookahead,frobenius,added,3.0,0.02,nominal,0.1,additive,1.0,mse,0.09948087307221265,5,0,-1,500,501,0.1586734518431303,0.05919257877091766,0.02617874963573565,1.14693578254013,0.04401105459261265,0.01999999999999017,0.00469623573074486,2.0299267645240326,-0.00018379000864277018,2.2475779934883704,12.272116530326564,nan,nan,nan,nan
2,msam,msam@global,Momentum-SAM (MSAM) [global Frob],global,sgd,momentum_lookahead,frobenius,added,3.0,0.02,nominal,0.1,additive,1.0,mse,0.09948087307221265,6,0,-1,500,501,0.1577127283046583,0.058231855232445645,0.026682767676878508,1.082744150707364,0.04448545304742092,0.019999999999990102,0.00489275470596311,2.0147100247193452,-0.00018639999899122683,2.2960397912341906,12.432697802347503,nan,nan,nan,nan
2,msam,msam@global,Momentum-SAM (MSAM) [global Frob],global,sgd,momentum_lookahead,frobenius,added,3.0,0.02,nominal,0.1,additive,1.0,mse,0.09948087307221265,7,0,-1,500,501,0.15930130771524642,0.05982043464303377,0.02839760932306616,1.1609881996580833,0.04573085156190815,0.019999999999990366,0.004962238102346289,2.0501306974862996,-0.00018562683897876964,2.1814953913259463,12.656448564298572,nan,nan,nan,nan
2,msam,msam@global,Momentum-SAM (MSAM) [global Frob],global,sgd,momentum_lookahead,frobenius,added,3.0,0.05,nominal,0.1,additive,1.0,mse,0.09948087307221265,0,0,-1,500,501,0.15877194721872234,0.05929107414650969,0.02726396949101146,1.0956762327349818,0.04494091629555314,0.04999999999997532,0.011934595385975702,2.0261532685611363,-0.0004957211936577888,2.2614942018728468,12.470116669975935,nan,nan,nan,nan
2,msam,msam@global,Momentum-SAM (MSAM) [global Frob],global,sgd,momentum_lookahead,frobenius,added,3.0,0.05,nominal,0.1,additive,1.0,mse,0.09948087307221265,1,0,-1,500,501,0.15692343524262367,0.05744256217041102,0.0258693416135085,1.0870957252807987,0.04404847477824006,0.04999999999997537,0.011603698355974364,2.0323039361580677,-0.00046361563093405556,2.245475794371824,12.251408696068086,nan,nan,nan,nan
2,msam,msam@global,Momentum-SAM (MSAM) [global Frob],global,sgd,momentum_lookahead,frobenius,added,3.0,0.05,nominal,0.1,additive,1.0,mse,0.09948087307221265,2,0,-1,500,501,0.15842608689488502,0.05894521382267237,0.025391694959902997,1.1398949037839938,0.04534962443852794,0.049999999999975,0.011511556276002753,2.0017714384382397,-0.00043330905669150543,2.2500426193316554,12.29278099632147,nan,nan,nan,nan
2,msam,msam@global,Momentum-SAM (MSAM) [global Frob],global,sgd,momentum_lookahead,frobenius,added,3.0,0.05,nominal,0.1,additive,1.0,mse,0.09948087307221265,3,0,-1,500,501,0.15999289070791115,0.060512017635698495,0.027800835465465357,1.1726113340697604,0.045359031148409314,0.049999999999976126,0.012408878158172156,2.0973444880001093,-0.0004487706982708173,2.3192799068155376,12.581438713387895,nan,nan,nan,nan
2,msam,msam@global,Momentum-SAM (MSAM) [global Frob],global,sgd,momentum_lookahead,frobenius,added,3.0,0.05,nominal,0.1,additive,1.0,mse,0.09948087307221265,4,0,-1,500,501,0.15712720096963168,0.057646327897419025,0.02522989814314376,1.0794841107115967,0.04346705754334579,0.04999999999997554,0.012509185522599164,2.041663784489007,-0.00040314123872511876,2.248781610142846,12.079121085641928,nan,nan,nan,nan
2,msam,msam@global,Momentum-SAM (MSAM) [global Frob],global,sgd,momentum_lookahead,frobenius,added,3.0,0.05,nominal,0.1,additive,1.0,mse,0.09948087307221265,5,0,-1,500,501,0.15864445600308125,0.0591635829308686,0.026155917534403498,1.1463048869104964,0.043970917825684984,0.049999999999975384,0.011734479629849333,2.0261239639647615,-0.00043886944479440415,2.247698924151346,12.270800126651533,nan,nan,nan,nan
2,msam,msam@global,Momentum-SAM (MSAM) [global Frob],global,sgd,momentum_lookahead,frobenius,added,3.0,0.05,nominal,0.1,additive,1.0,mse,0.09948087307221265,6,0,-1,500,501,0.15768567052546498,0.05820479745325233,0.026641689049436573,1.0819189622989345,0.044421474318497745,0.04999999999997524,0.012232577492545317,2.010790910401716,-0.00044396607128824317,2.296251576092334,12.429991391106652,nan,nan,nan,nan
2,msam,msam@global,Momentum-SAM (MSAM) [global Frob],global,sgd,momentum_lookahead,frobenius,added,3.0,0.05,nominal,0.1,additive,1.0,mse,0.09948087307221265,7,0,-1,500,501,0.15928310805593507,0.05980223498372242,0.028369973744035347,1.1601193597970285,0.04569956705836519,0.04999999999997585,0.012403553779679891,2.045977068818319,-0.00044150708782805803,2.1815201359229257,12.656815998702513,nan,nan,nan,nan
2,msam,msam@global,Momentum-SAM (MSAM) [global Frob],global,sgd,momentum_lookahead,frobenius,added,3.0,0.1,nominal,0.1,additive,1.0,mse,0.09948087307221265,0,0,-1,500,501,0.15870300723679714,0.059222134164584495,0.027216784950288116,1.0939394275132073,0.04484762234831284,0.09999999999995048,0.023893213476896904,2.019830972670072,-0.0009221173019088313,2.2601426948418015,12.467081036587658,nan,nan,nan,nan
2,msam,msam@global,Momentum-SAM (MSAM) [global Frob],global,sgd,momentum_lookahead,frobenius,added,3.0,0.1,nominal,0.1,additive,1.0,mse,0.09948087307221265,1,0,-1,500,501,0.15689207364441532,0.05741120057220267,0.02581628322970288,1.086539411209292,0.043992795790834927,0.09999999999995056,0.02322154767094646,2.0266537902704274,-0.0008653809075358232,2.245611729113694,12.251323525425628,nan,nan,nan,nan
2,msam,msam@global,Momentum-SAM (MSAM) [global Frob],global,sgd,momentum_lookahead,frobenius,added,3.0,0.1,nominal,0.1,additive,1.0,mse,0.09948087307221265,2,0,-1,500,501,0.15835932530443056,0.05887845223221791,0.025356306400949352,1.138377303345742,0.04524186960396325,0.09999999999994984,0.023029946016820502,1.9956779112063723,-0.0007937983072152655,2.2485765698639404,12.29090314991159,nan,nan,nan,nan
2,msam,msam@global,Momentum-SAM (MSAM) [global Frob],global,sgd,momentum_lookahead,frobenius,added,3.0,0.1,nominal,0.1,additive,1.0,mse,0.09948087307221265,3,0,-1,500,501,0.15993624659161243,0.06045537351939978,0.027763025032002397,1.1712100315667262,0.045273606454772714,0.09999999999995211,0.02482105875150046,2.0907938470997527,-0.0008294931870331534,2.3189704059282965,12.577274013643983,nan,nan,nan,nan
2,msam,msam@global,Momentum-SAM (MSAM) [global Frob],global,sgd,momentum_lookahead,frobenius,added,3.0,0.1,nominal,0.1,additive,1.0,mse,0.09948087307221265,4,0,-1,500,501,0.15707248632375492,0.05759161325154227,0.02518900028044891,1.078248328313769,0.04339325901273514,0.09999999999995093,0.025026354340120887,2.0362913509599703,-0.0007448568747993323,2.248327907620874,12.078306810185145,nan,nan,nan,nan
2,msam,msam@global,Momentum-SAM (MSAM) [global Frob],global,sgd,momentum_lookahead,frobenius,added,3.0,0.1,nominal,0.1,additive,1.0,mse,0.09948087307221265,5,0,-1,500,501,0.15858822872111752,0.059107355648904875,0.026121314490416308,1.1451731101993468,0.0439043012048596,0.09999999999995061,0.023453235333090922,2.019987922152739,-0.0008109310393600855,2.247456567028055,12.26779542878197,nan,nan,nan,nan
2,msam,msam@global,Momentum-SAM (MSAM) [global Frob],global,sgd,momentum_lookahead,frobenius,added,3.0,0.1,nominal,0.1,additive,1.0,mse,0.09948087307221265,6,0,-1,500,501,0.15763133137707233,0.05815045830485968,0.02657780712552579,1.0804728120084608,0.04431772271216593,0.0999999999999503,0.02447035368395797,2.004566966056984,-0.0008173736410853616,2.2961451973001954,12.424690854417298,nan,nan,nan,nan
2,msam,msam@global,Momentum-SAM (MSAM) [global Frob],global,sgd,momentum_lookahead,frobenius,added,3.0,0.1,nominal,0.1,additive,1.0,mse,0.09948087307221265,7,0,-1,500,501,0.15924346679612397,0.05976259372391132,0.028327703524784274,1.1586033463055077,0.04564550439154006,0.0999999999999516,0.024800766383048928,2.039334515102022,-0.0008103840773515392,2.1812275849237137,12.656562327319133,nan,nan,nan,nan
2,msam,msam@global,Momentum-SAM (MSAM) [global Frob],global,sgd,momentum_lookahead,frobenius,added,3.0,0.2,nominal,0.1,additive,1.0,mse,0.09948087307221265,0,0,-1,500,501,0.15853791802404565,0.059057044951833004,0.027133421758865003,1.090290816952997,0.0446651453755444,0.19999999999990042,0.047871202274125925,2.0078856119087867,-0.0015795572267718883,2.256186858731435,12.457972726054972,nan,nan,nan,nan
2,msam,msam@global,Momentum-SAM (MSAM) [global Frob],global,sgd,momentum_lookahead,frobenius,added,3.0,0.2,nominal,0.1,additive,1.0,mse,0.09948087307221265,1,0,-1,500,501,0.1567942552368275,0.057313382164614846,0.025726201086149182,1.0850581917116588,0.04386908970399758,0.19999999999990056,0.04649099925933296,2.0158672277176772,-0.0014925327554619894,2.244283745148704,12.247747438780461,nan,nan,nan,nan
2,msam,msam@global,Momentum-SAM (MSAM) [global Frob],global,sgd,momentum_lookahead,frobenius,added,3.0,0.2,nominal,0.1,additive,1.0,mse,0.09948087307221265,2,0,-1,500,501,0.15819836595147901,0.058717492879266364,0.02529534833749888,1.1351029268945294,0.045023133940969746,0.19999999999989915,0.04609320860763499,1.984165689476867,-0.0013104979265240457,2.244570034516601,12.283714590619446,nan,nan,nan,nan
2,msam,msam@global,Momentum-SAM (MSAM) [global Frob],global,sgd,momentum_lookahead,frobenius,added,3.0,0.2,nominal,0.1,additive,1.0,mse,0.09948087307221265,3,0,-1,500,501,0.1597901932121102,0.06030932013989754,0.027700173518437857,1.168213499422434,0.04509931899779196,0.19999999999990356,0.04966086622558832,2.078555042249066,-0.0013994319920798137,2.316482578874118,12.566178100877668,nan,nan,nan,nan
2,msam,msam@global,Momentum-SAM (MSAM) [global Frob],global,sgd,momentum_lookahead,frobenius,added,3.0,0.2,nominal,0.1,additive,1.0,mse,0.09948087307221265,4,0,-1,500,501,0.15693357663313676,0.05745270356092411,0.025119097572118627,1.0755297333232359,0.04323933740437993,0.1999999999999014,0.050081640129422324,2.0261333304968234,-0.001255204663453885,2.2460828525953276,12.073829787566154,nan,nan,nan,nan
2,msam,msam@global,Momentum-SAM (MSAM) [global Frob],global,sgd,momentum_lookahead,frobenius,added,3.0,0.2,nominal,0.1,additive,1.0,mse,0.09948087307221265,5,0,-1,500,501,0.15844673671765508,0.05896586364544243,0.026063758867887362,1.1426246007809167,0.043769075408837906,0.19999999999990062,0.046869723764904656,2.008370324342064,-0.001366853386730954,2.2453981395869365,12.258807906927585,nan,nan,nan,nan
2,msam,msam@global,Momentum-SAM (MSAM) [global Frob],global,sgd,momentum_lookahead,frobenius,added,3.0,0.2,nominal,0.1,additive,1.0,mse,0.09948087307221265,6,0,-1,500,501,0.1574890464851314,0.05800817341291875,0.026464483459563544,1.0773256300457752,0.04411633957652004,0.1999999999999,0.048970676468840346,1.9929827023159392,-0.0013692676879907273,2.294291822672484,12.411012682401322,nan,nan,nan,nan
2,msam,msam@global,Momentum-SAM (MSAM) [global Frob],global,sgd,momentum_lookahead,frobenius,added,3.0,0.2,nominal,0.1,additive,1.0,mse,0.09948087307221265,7,0,-1,500,501,0.15913013352870797,0.05964926045649532,0.028254730527037423,1.155319816833426,0.04552670781141103,0.19999999999990253,0.04957892494575349,2.026923677813742,-0.0013462606310787606,2.1793849772640446,12.652784955718293,nan,nan,nan,nan
2,msam,msam@global,Momentum-SAM (MSAM) [global Frob],global,sgd,momentum_lookahead,frobenius,added,3.0,0.5,nominal,0.1,additive,1.0,mse,0.09948087307221265,0,0,-1,500,501,0.1578366922486681,0.05835581917645544,0.02696012198027684,1.078009661100755,0.04412469674368178,0.4999999999997471,0.12014127928304319,1.9759535005291828,-0.002144213249284016,2.2351756270856313,12.407474442891678,nan,nan,nan,nan
2,msam,msam@global,Momentum-SAM (MSAM) [global Frob],global,sgd,momentum_lookahead,frobenius,added,3.0,0.5,nominal,0.1,additive,1.0,mse,0.09948087307221265,1,0,-1,500,501,0.1562455761422533,0.05676470307004064,0.025554979148768364,1.0780423249272708,0.04340400209039807,0.4999999999997481,0.11652418886426517,1.9864484728569873,-0.002081603127510323,2.22900559812182,12.211572891978966,nan,nan,nan,nan
2,msam,msam@global,Momentum-SAM (MSAM) [global Frob],global,sgd,momentum_lookahead,frobenius,added,3.0,0.5,nominal,0.1,additive,1.0,mse,0.09948087307221265,2,0,-1,500,501,0.15751205218315262,0.05803117911093997,0.025185212029162435,1.1236037866903272,0.04435001826119423,0.4999999999997437,0.11554461813186047,1.9535195113219563,-0.0013981764787641682,2.2248665588294525,12.237299088535341,nan,nan,nan,nan
2,msam,msam@global,Momentum-SAM (MSAM) [global Frob],global,sgd,momentum_lookahead,frobenius,added,3.0,0.5,nominal,0.1,additive,1.0,mse,0.09948087307221265,3,0,-1,500,501,0.15911615111787808,0.05963527804566543,0.027588389836063158,1.1576855461348792,0.04454002699778039,0.49999999999975553,0.12432756733452852,2.046216232427279,-0.0017113513667891822,2.2969526729051744,12.510828406474555,nan,nan,nan,nan
2,msam,msam@global,Momentum-SAM (MSAM) [global Frob],global,sgd,momentum_lookahead,frobenius,added,3.0,0.5,nominal,0.1,additive,1.0,mse,0.09948087307221265,4,0,-1,500,501,0.1562990541810983,0.056818181108885646,0.024989535790361145,1.0655455637917606,0.042733637250525466,0.4999999999997499,0.12534420035930482,1.9986334730669384,-0.0015205172896461394,2.2296123017933582,12.038224974520476,nan,nan,nan,nan
2,msam,msam@global,Momentum-SAM (MSAM) [global Frob],global,sgd,momentum_lookahead,frobenius,added,3.0,0.5,nominal,0.1,additive,1.0,mse,0.09948087307221265,5,0,-1,500,501,0.1578046629399743,0.058323789867761655,0.025972111141048228,1.132937905322694,0.043323283269143795,0.4999999999997477,0.1171750309345578,1.977333520410893,-0.0016871811517948088,2.2283675554154896,12.209468437256808,nan,nan,nan,nan
2,msam,msam@global,Momentum-SAM (MSAM) [global Frob],global,sgd,momentum_lookahead,frobenius,added,3.0,0.5,nominal,0.1,additive,1.0,mse,0.09948087307221265,6,0,-1,500,501,0.1568158996225244,0.05733502655031175,0.02621280362418088,1.0660609952171358,0.04351470994302287,0.499999999999746,0.12264392758993188,1.962500420244541,-0.0016524752798849074,2.2773830540199413,12.345566829526222,nan,nan,nan,nan
2,msam,msam@global,Momentum-SAM (MSAM) [global Frob],global,sgd,momentum_lookahead,frobenius,added,3.0,0.5,nominal,0.1,additive,1.0,mse,0.09948087307221265,7,0,-1,500,501,0.15854050576472178,0.059059632692509134,0.02810228418083985,1.1436166871317113,0.04506943967650529,0.49999999999975253,0.12379206844005596,1.9945247710972396,-0.0015297746637985832,2.1646169076954944,12.615954825802996,nan,nan,nan,nan
2,msam,msam@global,Momentum-SAM (MSAM) [global Frob],global,sgd,momentum_lookahead,frobenius,added,3.0,1.0,nominal,0.1,additive,1.0,mse,0.09948087307221265,0,0,-1,500,501,0.15607697218627398,0.05659609911406133,0.0268968715341719,1.0535638899289512,0.0431499090829118,0.9999999999994829,0.24119225051793103,1.9307211573907275,0.000985862422978101,2.177008533572398,12.255586955074762,nan,nan,nan,nan
2,msam,msam@global,Momentum-SAM (MSAM) [global Frob],global,sgd,momentum_lookahead,frobenius,added,3.0,1.0,nominal,0.1,additive,1.0,mse,0.09948087307221265,1,0,-1,500,501,0.15463970309754185,0.0551588300253292,0.025531468245260605,1.0593694496137311,0.04242642450365948,0.9999999999994846,0.2339533814650554,1.9433965976286132,0.000733203838283375,2.174763816230542,12.077221868143791,nan,nan,nan,nan
2,msam,msam@global,Momentum-SAM (MSAM) [global Frob],global,sgd,momentum_lookahead,frobenius,added,3.0,1.0,nominal,0.1,additive,1.0,mse,0.09948087307221265,2,0,-1,500,501,0.15579925676322862,0.056318383691015966,0.025223218206856073,1.0999465920794742,0.0432235151447924,0.9999999999994759,0.23219732729908907,1.9102483027889379,0.0026484122978648883,2.1719950956744416,12.089047730463474,nan,nan,nan,nan
2,msam,msam@global,Momentum-SAM (MSAM) [global Frob],global,sgd,momentum_lookahead,frobenius,added,3.0,1.0,nominal,0.1,additive,1.0,mse,0.09948087307221265,3,0,-1,500,501,0.15736426695639366,0.05788339388418101,0.02761515538348438,1.1357923851886658,0.04349501021306821,0.9999999999994996,0.2492481259376805,1.9997528493394123,0.0019355237389697688,2.2369161572406573,12.351467205342958,nan,nan,nan,nan
2,msam,msam@global,Momentum-SAM (MSAM) [global Frob],global,sgd,momentum_lookahead,frobenius,added,3.0,1.0,nominal,0.1,additive,1.0,mse,0.09948087307221265,4,0,-1,500,501,0.15464093794931516,0.05516006487710251,0.025009578148082065,1.0437326378998666,0.04181307040071408,0.9999999999994891,0.2507206640336777,1.9580396206938895,0.0018521113011275014,2.177055650152006,11.90995703794021,nan,nan,nan,nan
2,msam,msam@global,Momentum-SAM (MSAM) [global Frob],global,sgd,momentum_lookahead,frobenius,added,3.0,1.0,nominal,0.1,additive,1.0,mse,0.09948087307221265,5,0,-1,500,501,0.15612197684595647,0.05664110377374382,0.026065408139238806,1.1111617018596127,0.04244400491995588,0.9999999999994833,0.2347456948539858,1.9331819686112979,0.0016280966964389854,2.1731337037231713,12.060637418785758,nan,nan,nan,nan
2,msam,msam@global,Momentum-SAM (MSAM) [global Frob],global,sgd,momentum_lookahead,frobenius,added,3.0,1.0,nominal,0.1,additive,1.0,mse,0.09948087307221265,6,0,-1,500,501,0.1550244382754392,0.055543565203226564,0.026035229073658447,1.042252393937054,0.04243568070579381,0.9999999999994805,0.2457512461534928,1.919670199341065,0.0017295230146154028,2.2216831861721524,12.164209048711198,nan,nan,nan,nan
2,msam,msam@global,Momentum-SAM (MSAM) [global Frob],global,sgd,momentum_lookahead,frobenius,added,3.0,1.0,nominal,0.1,additive,1.0,mse,0.09948087307221265,7,0,-1,500,501,0.15688210683711956,0.05740123376490691,0.028028382437561568,1.118946922371837,0.04405281092840382,0.9999999999994938,0.24694687079203942,1.9496157246950623,0.0021976859553481665,2.1162227909468103,12.477978507129105,nan,nan,nan,nan
2,msam,msam@per-layer,Momentum-SAM (MSAM) [per-layer Frob],per-layer,sgd,momentum_lookahead,frobenius,added,3.0,0.01,nominal,0.1,additive,1.0,mse,0.09948087307221265,0,0,-1,500,501,0.1588173881492803,0.059336515077067636,0.02730188642365407,1.0968371289092254,0.04500987962396776,0.014142135623720756,0.0031836293063140816,2.0308225135851266,-0.00014325750640611923,2.2625200251270448,12.471401454550495,nan,nan,nan,nan
2,msam,msam@per-layer,Momentum-SAM (MSAM) [per-layer Frob],per-layer,sgd,momentum_lookahead,frobenius,added,3.0,0.01,nominal,0.1,additive,1.0,mse,0.09948087307221265,1,0,-1,500,501,0.15694021458385682,0.05745934151164417,0.025911559390612827,1.0873723387107095,0.044086026454418566,0.014142135623720737,0.003427630918353189,2.0364666042867503,-0.00013362521420751117,2.2453770467820875,12.250181491066263,nan,nan,nan,nan
2,msam,msam@per-layer,Momentum-SAM (MSAM) [per-layer Frob],per-layer,sgd,momentum_lookahead,frobenius,added,3.0,0.01,nominal,0.1,additive,1.0,mse,0.09948087307221265,2,0,-1,500,501,0.15847063796568195,0.0589897648934693,0.025419774406404656,1.1408810987227773,0.04542702208013873,0.01414213562372065,0.003329775980399837,2.006292858796109,-0.0001293987201430591,2.251219734800026,12.292800995885955,nan,nan,nan,nan
2,msam,msam@per-layer,Momentum-SAM (MSAM) [per-layer Frob],per-layer,sgd,momentum_lookahead,frobenius,added,3.0,0.01,nominal,0.1,additive,1.0,mse,0.09948087307221265,3,0,-1,500,501,0.16002931371721899,0.060548440645006335,0.027832396525826402,1.1735866665143664,0.04542055289118524,0.014142135623721038,0.0035241314551503655,2.102271851352471,-0.00013452084919263196,2.319411509402094,12.583279896855839,nan,nan,nan,nan
2,msam,msam@per-layer,Momentum-SAM (MSAM) [per-layer Frob],per-layer,sgd,momentum_lookahead,frobenius,added,3.0,0.01,nominal,0.1,additive,1.0,mse,0.09948087307221265,4,0,-1,500,501,0.15716294450600393,0.05768207143379128,0.02526250076230824,1.0802748258109611,0.043519507553276784,0.01414213562372076,0.004308561304442687,2.0456411211063585,-0.00012039413770434382,2.2492277433110113,12.07860084691431,nan,nan,nan,nan
2,msam,msam@per-layer,Momentum-SAM (MSAM) [per-layer Frob],per-layer,sgd,momentum_lookahead,frobenius,added,3.0,0.01,nominal,0.1,additive,1.0,mse,0.09948087307221265,5,0,-1,500,501,0.15868104376334297,0.059200170691130316,0.0261856274896094,1.1469925383600579,0.04401882777183774,0.01414213562372076,0.003601080263356554,2.0306565611851672,-0.0001287133994412326,2.2478327526733044,12.271851009033158,nan,nan,nan,nan
2,msam,msam@per-layer,Momentum-SAM (MSAM) [per-layer Frob],per-layer,sgd,momentum_lookahead,frobenius,added,3.0,0.01,nominal,0.1,additive,1.0,mse,0.09948087307221265,6,0,-1,500,501,0.15771915987642354,0.05823828680421089,0.026692380384183437,1.0828486072619379,0.04449828624867616,0.014142135623720548,0.0034025771878966812,2.015473783155067,-0.00012993868711497214,2.296292512407909,12.432763877012597,nan,nan,nan,nan
2,msam,msam@per-layer,Momentum-SAM (MSAM) [per-layer Frob],per-layer,sgd,momentum_lookahead,frobenius,added,3.0,0.01,nominal,0.1,additive,1.0,mse,0.09948087307221265,7,0,-1,500,501,0.1593070299005834,0.05982615682837075,0.02840457216344805,1.1611513737639383,0.04573511901989743,0.014142135623720955,0.0032019645163816,2.05095297911809,-0.00012988831299329262,2.181916880245494,12.655962992960667,nan,nan,nan,nan
2,msam,msam@per-layer,Momentum-SAM (MSAM) [per-layer Frob],per-layer,sgd,momentum_lookahead,frobenius,added,3.0,0.02,nominal,0.1,additive,1.0,mse,0.09948087307221265,0,0,-1,500,501,0.158802280913075,0.059321407840862345,0.027288843340144975,1.0963171506957397,0.044983696770811495,0.028284271247441484,0.006366073674650017,2.028907454501758,-0.00028045861449238485,2.262555359867862,12.470591980545487,nan,nan,nan,nan
2,msam,msam@per-layer,Momentum-SAM (MSAM) [per-layer Frob],per-layer,sgd,momentum_lookahead,frobenius,added,3.0,0.02,nominal,0.1,additive,1.0,mse,0.09948087307221265,1,0,-1,500,501,0.1569366555531796,0.057455782480966944,0.02589480340136925,1.0872169692994473,0.04407107523962658,0.02828427124744146,0.006854851111120777,2.03479055122634,-0.00026189944586541003,2.245906480952808,12.249929331730264,nan,nan,nan,nan
2,msam,msam@per-layer,Momentum-SAM (MSAM) [per-layer Frob],per-layer,sgd,momentum_lookahead,frobenius,added,3.0,0.02,nominal,0.1,additive,1.0,mse,0.09948087307221265,2,0,-1,500,501,0.15845695209228625,0.058976079020073596,0.02540922499758482,1.1404300507570564,0.04539768176839527,0.028284271247441276,0.006654175372537621,2.0044735111495946,-0.00025247305015346777,2.2512566452296565,12.292055124358347,nan,nan,nan,nan
2,msam,msam@per-layer,Momentum-SAM (MSAM) [per-layer Frob],per-layer,sgd,momentum_lookahead,frobenius,added,3.0,0.02,nominal,0.1,additive,1.0,mse,0.09948087307221265,3,0,-1,500,501,0.1600194543451135,0.06053858127290085,0.027821282412795065,1.173219390812457,0.04539752047433643,0.02828427124744205,0.007050319433545231,2.100313220713062,-0.0002630985167107469,2.319842993967838,12.581783287239533,nan,nan,nan,nan
2,msam,msam@per-layer,Momentum-SAM (MSAM) [per-layer Frob],per-layer,sgd,momentum_lookahead,frobenius,added,3.0,0.02,nominal,0.1,additive,1.0,mse,0.09948087307221265,4,0,-1,500,501,0.1571531110693929,0.05767223799718024,0.025249939227477945,1.079911954498443,0.04350006947399701,0.028284271247441515,0.008620503006500206,2.044013486520905,-0.0002353155088652692,2.249611411045369,12.078133774269046,nan,nan,nan,nan
2,msam,msam@per-layer,Momentum-SAM (MSAM) [per-layer Frob],per-layer,sgd,momentum_lookahead,frobenius,added,3.0,0.02,nominal,0.1,additive,1.0,mse,0.09948087307221265,5,0,-1,500,501,0.15867035888216896,0.05918948580995631,0.026176659040995934,1.146643621622645,0.04399970824747909,0.02828427124744149,0.007195861176436522,2.028819065552856,-0.00025160803597124026,2.24821422841134,12.270834850371655,nan,nan,nan,nan
2,msam,msam@per-layer,Momentum-SAM (MSAM) [per-layer Frob],per-layer,sgd,momentum_lookahead,frobenius,added,3.0,0.02,nominal,0.1,additive,1.0,mse,0.09948087307221265,6,0,-1,500,501,0.15770881509346962,0.05822794202125697,0.026673728415329254,1.0824157792082505,0.04446779934629227,0.028284271247441085,0.006807261319829342,2.0135715321828758,-0.0002537480900662026,2.2967361685679726,12.431131819677155,nan,nan,nan,nan
2,msam,msam@per-layer,Momentum-SAM (MSAM) [per-layer Frob],per-layer,sgd,momentum_lookahead,frobenius,added,3.0,0.02,nominal,0.1,additive,1.0,mse,0.09948087307221265,7,0,-1,500,501,0.15930188139703988,0.05982100832482723,0.028392376719839588,1.1607467851957378,0.04571870733822071,0.028284271247441893,0.006406782679345512,2.048958438000159,-0.00025338373764113853,2.1823736549049664,12.655854589362812,nan,nan,nan,nan
2,msam,msam@per-layer,Momentum-SAM (MSAM) [per-layer Frob],per-layer,sgd,momentum_lookahead,frobenius,added,3.0,0.05,nominal,0.1,additive,1.0,mse,0.09948087307221265,0,0,-1,500,501,0.1587519064486465,0.05927103337643386,0.027251193688341967,1.0947421571369416,0.044905795048071386,0.07071067811860356,0.015907138628645862,2.0233204791835724,-0.0006567276695226554,2.262323347749035,12.467699289799318,nan,nan,nan,nan
2,msam,msam@per-layer,Momentum-SAM (MSAM) [per-layer Frob],per-layer,sgd,momentum_lookahead,frobenius,added,3.0,0.05,nominal,0.1,additive,1.0,mse,0.09948087307221265,1,0,-1,500,501,0.15691927650458165,0.057438403432369,0.02584743264973778,1.086695970083069,0.044024320300651204,0.0707106781186035,0.017134070834351728,2.0298647436275914,-0.0006152841379932217,2.247091505271145,12.248640606345605,nan,nan,nan,nan
2,msam,msam@per-layer,Momentum-SAM (MSAM) [per-layer Frob],per-layer,sgd,momentum_lookahead,frobenius,added,3.0,0.05,nominal,0.1,additive,1.0,mse,0.09948087307221265,2,0,-1,500,501,0.15841044887326433,0.05892957580105168,0.02537904044934473,1.139049802487905,0.04530933461232099,0.07071067811860306,0.016597778033738214,1.9991509833777739,-0.000584718994439376,2.2510673444714886,12.289257616544463,nan,nan,nan,nan
2,msam,msam@per-layer,Momentum-SAM (MSAM) [per-layer Frob],per-layer,sgd,momentum_lookahead,frobenius,added,3.0,0.05,nominal,0.1,additive,1.0,mse,0.09948087307221265,3,0,-1,500,501,0.15998325869993912,0.060502385627726474,0.027790102623773932,1.1720934851321465,0.0453277658122511,0.07071067811860499,0.017640602058113193,2.0946060822678003,-0.0006141040394304631,2.320658225001997,12.576892778864137,nan,nan,nan,nan
2,msam,msam@per-layer,Momentum-SAM (MSAM) [per-layer Frob],per-layer,sgd,momentum_lookahead,frobenius,added,3.0,0.05,nominal,0.1,additive,1.0,mse,0.09948087307221265,4,0,-1,500,501,0.1571177017137346,0.05763682864152195,0.025214024922130825,1.0788012696539564,0.043440580124857874,0.0707106781186036,0.021575932132342518,2.0392656603120134,-0.00054813649260127,2.2503913336946586,12.076265711862845,nan,nan,nan,nan
2,msam,msam@per-layer,Momentum-SAM (MSAM) [per-layer Frob],per-layer,sgd,momentum_lookahead,frobenius,added,3.0,0.05,nominal,0.1,additive,1.0,mse,0.09948087307221265,5,0,-1,500,501,0.15863269748950962,0.059151824417296966,0.026151520097866428,1.1455629222281858,0.04394271006460219,0.07071067811860356,0.017946015620049938,2.0234365648244736,-0.0005862691494286643,2.2489586832510047,12.267329474387468,nan,nan,nan,nan
2,msam,msam@per-layer,Momentum-SAM (MSAM) [per-layer Frob],per-layer,sgd,momentum_lookahead,frobenius,added,3.0,0.05,nominal,0.1,additive,1.0,mse,0.09948087307221265,6,0,-1,500,501,0.15767133832075475,0.0581904652485421,0.026620038624817023,1.0810867953073493,0.04437778604221711,0.07071067811860253,0.017032173255115267,2.008077206150215,-0.0005897217260176779,2.297670221288647,12.425732744286506,nan,nan,nan,nan
2,msam,msam@per-layer,Momentum-SAM (MSAM) [per-layer Frob],per-layer,sgd,momentum_lookahead,frobenius,added,3.0,0.05,nominal,0.1,additive,1.0,mse,0.09948087307221265,7,0,-1,500,501,0.1592799773308981,0.059799104258685454,0.02835770124827469,1.1595007361401006,0.045668649619964016,0.07071067811860457,0.01603797151696956,2.043146293015227,-0.0005866635519522767,2.1833735273798265,12.655044454867022,nan,nan,nan,nan
2,msam,msam@per-layer,Momentum-SAM (MSAM) [per-layer Frob],per-layer,sgd,momentum_lookahead,frobenius,added,3.0,0.1,nominal,0.1,additive,1.0,mse,0.09948087307221265,0,0,-1,500,501,0.15865128994506364,0.05917041687285099,0.02719306455975843,1.0920664589221583,0.04477753776206602,0.14142135623720664,0.031790571949607986,2.014468701843491,-0.0011712683435341487,2.2608410454176306,12.461351742215154,nan,nan,nan,nan
2,msam,msam@per-layer,Momentum-SAM (MSAM) [per-layer Frob],per-layer,sgd,momentum_lookahead,frobenius,added,3.0,0.1,nominal,0.1,additive,1.0,mse,0.09948087307221265,1,0,-1,500,501,0.15686840666484714,0.05738753359263449,0.02577708200205287,1.0856584040491353,0.0439395258837006,0.1414213562372066,0.034257976497761064,2.021958980350486,-0.0011030437994388187,2.247764991243723,12.244754099662519,nan,nan,nan,nan
2,msam,msam@per-layer,Momentum-SAM (MSAM) [per-layer Frob],per-layer,sgd,momentum_lookahead,frobenius,added,3.0,0.1,nominal,0.1,additive,1.0,mse,0.09948087307221265,2,0,-1,500,501,0.15831507664235664,0.05883420357014399,0.02533349341776918,1.1366640230243634,0.04516070106209783,0.14142135623720556,0.033085080933680296,1.990681124518483,-0.0010202796848856333,2.249777229775007,12.282830458662096,nan,nan,nan,nan
2,msam,msam@per-layer,Momentum-SAM (MSAM) [per-layer Frob],per-layer,sgd,momentum_lookahead,frobenius,added,3.0,0.1,nominal,0.1,additive,1.0,mse,0.09948087307221265,3,0,-1,500,501,0.15990155673512707,0.06042068366291442,0.027744409503051758,1.1701360289054612,0.045209110351578326,0.1414213562372095,0.03532686020464732,2.0855864704471436,-0.001088134454826556,2.320528957312063,12.567397653179693,nan,nan,nan,nan
2,msam,msam@per-layer,Momentum-SAM (MSAM) [per-layer Frob],per-layer,sgd,momentum_lookahead,frobenius,added,3.0,0.1,nominal,0.1,additive,1.0,mse,0.09948087307221265,4,0,-1,500,501,0.15703921146377953,0.05755833839156688,0.025159473753260244,1.076877397436205,0.04333695980367766,0.14142135623720678,0.043229273232391056,2.03173095211037,-0.0009674645206776966,2.2504840126722847,12.071641763196267,nan,nan,nan,nan
2,msam,msam@per-layer,Momentum-SAM (MSAM) [per-layer Frob],per-layer,sgd,momentum_lookahead,frobenius,added,3.0,0.1,nominal,0.1,additive,1.0,mse,0.09948087307221265,5,0,-1,500,501,0.15855143036527067,0.05907055729305802,0.026115163416838272,1.1436544569844957,0.043847617524189406,0.1414213562372066,0.035767922372131764,2.0148575850397763,-0.0010353967629491145,2.248917247048735,12.260006131719555,nan,nan,nan,nan
2,msam,msam@per-layer,Momentum-SAM (MSAM) [per-layer Frob],per-layer,sgd,momentum_lookahead,frobenius,added,3.0,0.1,nominal,0.1,additive,1.0,mse,0.09948087307221265,6,0,-1,500,501,0.15758779789276378,0.05810692482055113,0.026537220850203096,1.0787740699135715,0.04423081665659924,0.14142135623720453,0.034100841789977986,1.999494479925033,-0.0010379445837904178,2.2979560099133116,12.415049754619572,nan,nan,nan,nan
2,msam,msam@per-layer,Momentum-SAM (MSAM) [per-layer Frob],per-layer,sgd,momentum_lookahead,frobenius,added,3.0,0.1,nominal,0.1,additive,1.0,mse,0.09948087307221265,7,0,-1,500,501,0.15922230061924417,0.05974142754703152,0.02830540328112319,1.1573185691267724,0.045581116831385146,0.1414213562372086,0.03214309811861113,2.033963201471924,-0.0010241334064882146,2.1838362724085525,12.652117897644859,nan,nan,nan,nan
2,msam,msam@per-layer,Momentum-SAM (MSAM) [per-layer Frob],per-layer,sgd,momentum_lookahead,frobenius,added,3.0,0.2,nominal,0.1,additive,1.0,mse,0.09948087307221265,0,0,-1,500,501,0.15838924759699868,0.058908374524786034,0.027092608093702307,1.0865285615306637,0.044523292065282986,0.2828427124744114,0.06348960587115546,1.9981227587334849,-0.001808946880177853,2.2540437599071295,12.443150638945811,nan,nan,nan,nan
2,msam,msam@per-layer,Momentum-SAM (MSAM) [per-layer Frob],per-layer,sgd,momentum_lookahead,frobenius,added,3.0,0.2,nominal,0.1,additive,1.0,mse,0.09948087307221265,1,0,-1,500,501,0.156688199886404,0.057207326814191356,0.025663395777923766,1.0830254194009243,0.04374333487486473,0.28284271247441156,0.06847478400235653,2.0070770320196574,-0.0017213018382331302,2.244561227209836,12.230830523028839,nan,nan,nan,nan
2,msam,msam@per-layer,Momentum-SAM (MSAM) [per-layer Frob],per-layer,sgd,momentum_lookahead,frobenius,added,3.0,0.2,nominal,0.1,additive,1.0,mse,0.09948087307221265,2,0,-1,500,501,0.15805978054489248,0.058578907472679825,0.025259803891279603,1.1316072695808668,0.044858003364167016,0.2828427124744092,0.06580966204758015,1.974965333004705,-0.0014788732970947294,2.2437356291327046,12.263985077037047,nan,nan,nan,nan
2,msam,msam@per-layer,Momentum-SAM (MSAM) [per-layer Frob],per-layer,sgd,momentum_lookahead,frobenius,added,3.0,0.2,nominal,0.1,additive,1.0,mse,0.09948087307221265,3,0,-1,500,501,0.15966271333647983,0.06018184026426718,0.027672013268744702,1.1659181799858642,0.044961102539486285,0.2828427124744171,0.07081470633115182,2.068983694368514,-0.0016475270782312923,2.3153834816183583,12.5434053509854,nan,nan,nan,nan
2,msam,msam@per-layer,Momentum-SAM (MSAM) [per-layer Frob],per-layer,sgd,momentum_lookahead,frobenius,added,3.0,0.2,nominal,0.1,additive,1.0,mse,0.09948087307221265,4,0,-1,500,501,0.15681149011825152,0.05733061704603887,0.025067753010801025,1.0727603367869616,0.04311122688667017,0.2828427124744117,0.08673090359622547,2.017716615377543,-0.0014480599821184437,2.246400640105327,12.05708611411238,nan,nan,nan,nan
2,msam,msam@per-layer,Momentum-SAM (MSAM) [per-layer Frob],per-layer,sgd,momentum_lookahead,frobenius,added,3.0,0.2,nominal,0.1,additive,1.0,mse,0.09948087307221265,5,0,-1,500,501,0.15832153754695116,0.05884066447473851,0.026061720039946,1.1394707906667245,0.043651361310522434,0.2828427124744112,0.0711669305017019,1.9989192663089355,-0.00155579568930439,2.2444096768347954,12.240121852316417,nan,nan,nan,nan
2,msam,msam@per-layer,Momentum-SAM (MSAM) [per-layer Frob],per-layer,sgd,momentum_lookahead,frobenius,added,3.0,0.2,nominal,0.1,additive,1.0,mse,0.09948087307221265,6,0,-1,500,501,0.15734498095066757,0.05786410787845492,0.026392378084170692,1.0738146979591516,0.043940126098531304,0.282842712474407,0.06829106600756592,1.9838649145892262,-0.0015510010120279583,2.2941407000604865,12.387507258730684,nan,nan,nan,nan
2,msam,msam@per-layer,Momentum-SAM (MSAM) [per-layer Frob],per-layer,sgd,momentum_lookahead,frobenius,added,3.0,0.2,nominal,0.1,additive,1.0,mse,0.09948087307221265,7,0,-1,500,501,0.15903087896378457,0.05955000589157192,0.028217292773248966,1.1525847069239028,0.04538556411459095,0.2828427124744153,0.06453235356051508,2.0171150882907094,-0.0014928860272834243,2.1805343704415048,12.640577799916143,nan,nan,nan,nan
2,msam,msam@per-layer,Momentum-SAM (MSAM) [per-layer Frob],per-layer,sgd,momentum_lookahead,frobenius,added,3.0,0.5,nominal,0.1,additive,1.0,mse,0.09948087307221265,0,0,-1,500,501,0.1571595567191203,0.05767868364690765,0.02690662320465448,1.0685118536544282,0.0437281882805459,0.7071067811860163,0.15790313087946029,1.956055976382464,-0.0009838069351330025,2.208700448452677,12.349872016058631,nan,nan,nan,nan
2,msam,msam@per-layer,Momentum-SAM (MSAM) [per-layer Frob],per-layer,sgd,momentum_lookahead,frobenius,added,3.0,0.5,nominal,0.1,additive,1.0,mse,0.09948087307221265,1,0,-1,500,501,0.1556011795590099,0.05612030648679725,0.025493702535166505,1.0715584156521094,0.04298469204370825,0.7071067811860172,0.17089431462788696,1.967442982522895,-0.0010316505571138779,2.204905324558629,12.146979291504,nan,nan,nan,nan
2,msam,msam@per-layer,Momentum-SAM (MSAM) [per-layer Frob],per-layer,sgd,momentum_lookahead,frobenius,added,3.0,0.5,nominal,0.1,additive,1.0,mse,0.09948087307221265,2,0,-1,500,501,0.15683462670582882,0.05735375363361617,0.025172361224723307,1.1146836520054602,0.043924826989725774,0.7071067811860104,0.16265696604798713,1.93440832714781,2.4973396307303997e-05,2.201996509392989,12.167539752609569,nan,nan,nan,nan
2,msam,msam@per-layer,Momentum-SAM (MSAM) [per-layer Frob],per-layer,sgd,momentum_lookahead,frobenius,added,3.0,0.5,nominal,0.1,additive,1.0,mse,0.09948087307221265,3,0,-1,500,501,0.15843107415745863,0.058950201085245985,0.02757395252564265,1.151034809388761,0.04412412142216001,0.7071067811860308,0.17802348695459191,2.0260939857631812,-0.0005537915350915801,2.270786027284685,12.436429477667362,nan,nan,nan,nan
2,msam,msam@per-layer,Momentum-SAM (MSAM) [per-layer Frob],per-layer,sgd,momentum_lookahead,frobenius,added,3.0,0.5,nominal,0.1,additive,1.0,mse,0.09948087307221265,4,0,-1,500,501,0.15562550228515143,0.05614462921293878,0.02491972389952221,1.0583537498145148,0.0423105414780043,0.7071067811860173,0.2182252044837812,1.9806893370815521,-0.0003170076529932786,2.2056440257699705,11.976594386663594,nan,nan,nan,nan
2,msam,msam@per-layer,Momentum-SAM (MSAM) [per-layer Frob],per-layer,sgd,momentum_lookahead,frobenius,added,3.0,0.5,nominal,0.1,additive,1.0,mse,0.09948087307221265,5,0,-1,500,501,0.15714797624157975,0.0576671031693671,0.02604531750423591,1.1244638146012713,0.042985034355352475,0.7071067811860149,0.1766571292503219,1.9576922072949836,-0.0004957756250827394,2.2024357884767656,12.143561607231089,nan,nan,nan,nan
2,msam,msam@per-layer,Momentum-SAM (MSAM) [per-layer Frob],per-layer,sgd,momentum_lookahead,frobenius,added,3.0,0.5,nominal,0.1,additive,1.0,mse,0.09948087307221265,6,0,-1,500,501,0.1560851712612828,0.056604298189070146,0.026093855543010018,1.056784825669779,0.043032545999561994,0.707106781186004,0.17088212210535056,1.944109957635483,-0.0004595980466351457,2.2543881030903026,12.261012079170726,nan,nan,nan,nan
2,msam,msam@per-layer,Momentum-SAM (MSAM) [per-layer Frob],per-layer,sgd,momentum_lookahead,frobenius,added,3.0,0.5,nominal,0.1,additive,1.0,mse,0.09948087307221265,7,0,-1,500,501,0.15792439989942414,0.05844352682721149,0.028057233058315804,1.1359086890570607,0.044634161854912154,0.7071067811860254,0.16284014173820774,1.9745311480369188,-0.00012706427652939278,2.1427117908397966,12.56455464231663,nan,nan,nan,nan
2,msam,msam@per-layer,Momentum-SAM (MSAM) [per-layer Frob],per-layer,sgd,momentum_lookahead,frobenius,added,3.0,1.0,nominal,0.1,additive,1.0,mse,0.09948087307221265,0,0,-1,500,501,0.15400308874009394,0.05452221566788129,0.027013060191448127,1.034375506531814,0.042249007703026885,1.4142135623719976,0.3157055212216143,1.8981995924851238,0.008165267258322645,2.0814811385141994,12.093778554667248,nan,nan,nan,nan
2,msam,msam@per-layer,Momentum-SAM (MSAM) [per-layer Frob],per-layer,sgd,momentum_lookahead,frobenius,added,3.0,1.0,nominal,0.1,additive,1.0,mse,0.09948087307221265,1,0,-1,500,501,0.1525147453756111,0.053033872303398455,0.025721507842107985,1.043865175128951,0.041497930064102774,1.4142135623719996,0.34137017225964533,1.9107572335537097,0.007325895052071846,2.074387424410645,11.894604751378528,nan,nan,nan,nan
2,msam,msam@per-layer,Momentum-SAM (MSAM) [per-layer Frob],per-layer,sgd,momentum_lookahead,frobenius,added,3.0,1.0,nominal,0.1,additive,1.0,mse,0.09948087307221265,2,0,-1,500,501,0.15369036663167004,0.054209493559457395,0.025466890759816403,1.0824452400161138,0.042459030952215766,1.4142135623719834,0.3223380030812568,1.8786678879550915,0.010361914754906887,2.079938394684547,11.903026331153844,nan,nan,nan,nan
2,msam,msam@per-layer,Momentum-SAM (MSAM) [per-layer Frob],per-layer,sgd,momentum_lookahead,frobenius,added,3.0,1.0,nominal,0.1,additive,1.0,mse,0.09948087307221265,3,0,-1,500,501,0.15521631236860256,0.05573543929638991,0.02782141997830797,1.1209842658856148,0.042615487899197085,1.4142135623720242,0.35931206462262766,1.9657396572430659,0.009213781995599662,2.14072658428328,12.183720859653816,nan,nan,nan,nan
2,msam,msam@per-layer,Momentum-SAM (MSAM) [per-layer Frob],per-layer,sgd,momentum_lookahead,frobenius,added,3.0,1.0,nominal,0.1,additive,1.0,mse,0.09948087307221265,4,0,-1,500,501,0.15246179515899072,0.05298092208677807,0.02513828041704055,1.0286453146260617,0.040884623472694635,1.414213562372,0.4384781066068308,1.9271479956199897,0.009107858848813127,2.0770252137824468,11.73841168200725,nan,nan,nan,nan
2,msam,msam@per-layer,Momentum-SAM (MSAM) [per-layer Frob],per-layer,sgd,momentum_lookahead,frobenius,added,3.0,1.0,nominal,0.1,additive,1.0,mse,0.09948087307221265,5,0,-1,500,501,0.1540221236368448,0.05454125056463216,0.026500860404822746,1.0934828427844703,0.0417570818879863,1.4142135623719918,0.35284242198264965,1.9005291081892706,0.008535306810567023,2.0735228350173243,11.898226970411857,nan,nan,nan,nan
2,msam,msam@per-layer,Momentum-SAM (MSAM) [per-layer Frob],per-layer,sgd,momentum_lookahead,frobenius,added,3.0,1.0,nominal,0.1,additive,1.0,mse,0.09948087307221265,6,0,-1,500,501,0.15274436330616364,0.053263490233950994,0.02604993247760825,1.0230312783539228,0.04143482819672915,1.4142135623719705,0.3418973552291297,1.889743606548246,0.008562129578479627,2.1291575843577872,11.935170421903361,nan,nan,nan,nan
2,msam,msam@per-layer,Momentum-SAM (MSAM) [per-layer Frob],per-layer,sgd,momentum_lookahead,frobenius,added,3.0,1.0,nominal,0.1,additive,1.0,mse,0.09948087307221265,7,0,-1,500,501,0.15481849396232297,0.05533762089011032,0.028162871205861546,1.101686000751224,0.043119495653136844,1.4142135623720138,0.3301832488248706,1.9172530211364818,0.009684019518907488,2.019317046421403,12.323845033404366,nan,nan,nan,nan
2,msam,msam@global,Momentum-SAM (MSAM) [global Frob],global,sgd,momentum_lookahead,frobenius,added,inf,0.01,nominal,0.1,additive,1.0,mse,0.09948087307221265,0,0,-1,500,501,0.16588727854323834,0.06640640547102569,0.02780929655470001,1.1795956663507667,0.048088447207075044,0.009999999999995488,0.002327543802897263,2.2398455128459704,-7.439242896603582e-05,2.5448663796573654,12.701161839376445,nan,nan,nan,nan
2,msam,msam@global,Momentum-SAM (MSAM) [global Frob],global,sgd,momentum_lookahead,frobenius,added,inf,0.01,nominal,0.1,additive,1.0,mse,0.09948087307221265,1,0,-1,500,501,0.1677310464455456,0.06825017337333295,0.02896136561915055,1.1897829277597538,0.04804983085837791,0.009999999999995535,0.0022726806090924722,2.2393564720441455,-0.00011346393639513619,2.7599434786533723,12.806461572008269,nan,nan,nan,nan
2,msam,msam@global,Momentum-SAM (MSAM) [global Frob],global,sgd,momentum_lookahead,frobenius,added,inf,0.01,nominal,0.1,additive,1.0,mse,0.09948087307221265,2,0,-1,500,501,0.1675221946189982,0.06804132154678555,0.030239052990851306,1.1735071833746058,0.04907732475556935,0.009999999999995556,0.002305600955466839,2.2543318081531054,-0.00010395496109627533,2.6365889702008167,12.879958803557262,nan,nan,nan,nan
2,msam,msam@global,Momentum-SAM (MSAM) [global Frob],global,sgd,momentum_lookahead,frobenius,added,inf,0.01,nominal,0.1,additive,1.0,mse,0.09948087307221265,3,0,-1,500,501,0.1654004072455735,0.06591953417336086,0.028895751552942835,1.1767389577658929,0.04771086713164897,0.009999999999995476,0.002373343354798023,2.2217980171127434,-9.730554477380138e-05,2.3016576159807447,13.089062548753402,nan,nan,nan,nan
2,msam,msam@global,Momentum-SAM (MSAM) [global Frob],global,sgd,momentum_lookahead,frobenius,added,inf,0.01,nominal,0.1,additive,1.0,mse,0.09948087307221265,4,0,-1,500,501,0.16627033577068676,0.0667894626984741,0.028961527442289626,1.1689834358162554,0.04783836439438356,0.009999999999995499,0.0023595433553660443,2.2220593493597143,-8.766507493085385e-05,2.5432823889760647,12.976550830399496,nan,nan,nan,nan
2,msam,msam@global,Momentum-SAM (MSAM) [global Frob],global,sgd,momentum_lookahead,frobenius,added,inf,0.01,nominal,0.1,additive,1.0,mse,0.09948087307221265,5,0,-1,500,501,0.16678285324659192,0.06730198017437927,0.02805961161188577,1.2515008355266781,0.04891137789541071,0.009999999999995594,0.002243177970122653,2.295864502447482,-0.00011842308129644818,2.6155212324036547,13.048296897125507,nan,nan,nan,nan
2,msam,msam@global,Momentum-SAM (MSAM) [global Frob],global,sgd,momentum_lookahead,frobenius,added,inf,0.01,nominal,0.1,additive,1.0,mse,0.09948087307221265,6,0,-1,500,501,0.167722047380055,0.06824117430784235,0.0276564555315,1.229771591280677,0.04825443054790695,0.009999999999995594,0.0023084962734469154,2.26060375551566,-0.000115882323112243,2.6143124698560953,12.410641251636116,nan,nan,nan,nan
2,msam,msam@global,Momentum-SAM (MSAM) [global Frob],global,sgd,momentum_lookahead,frobenius,added,inf,0.01,nominal,0.1,additive,1.0,mse,0.09948087307221265,7,0,-1,500,501,0.1675618917342724,0.06808101866205976,0.029908585276671534,1.2871884865557939,0.04792208393078337,0.009999999999995445,0.0023897853569869367,2.2045855279948277,-7.369170285345672e-05,2.592817335123718,12.773516377481979,nan,nan,nan,nan
2,msam,msam@global,Momentum-SAM (MSAM) [global Frob],global,sgd,momentum_lookahead,frobenius,added,inf,0.02,nominal,0.1,additive,1.0,mse,0.09948087307221265,0,0,-1,500,501,0.16587803110561317,0.06639715803340052,0.027797022784420075,1.1794226588720806,0.04806529357992157,0.01999999999999097,0.004655188488966091,2.238639525522684,-0.000146081377797036,2.545222477470851,12.70140342533256,nan,nan,nan,nan
2,msam,msam@global,Momentum-SAM (MSAM) [global Frob],global,sgd,momentum_lookahead,frobenius,added,inf,0.02,nominal,0.1,additive,1.0,mse,0.09948087307221265,1,0,-1,500,501,0.16772238249217444,0.0682415094199618,0.02894957338372667,1.189643252975735,0.04803161085048949,0.019999999999991067,0.004546402999469264,2.23800335574948,-0.00022399296947800407,2.759986038114997,12.806757265180917,nan,nan,nan,nan
2,msam,msam@global,Momentum-SAM (MSAM) [global Frob],global,sgd,momentum_lookahead,frobenius,added,inf,0.02,nominal,0.1,additive,1.0,mse,0.09948087307221265,2,0,-1,500,501,0.1675124237542364,0.06803155068202374,0.030224638418121785,1.173301547319768,0.049057029642434934,0.019999999999991108,0.0046117455931710995,2.2530043244564664,-0.00020503275954605882,2.636737995615686,12.88008547043438,nan,nan,nan,nan
2,msam,msam@global,Momentum-SAM (MSAM) [global Frob],global,sgd,momentum_lookahead,frobenius,added,inf,0.02,nominal,0.1,additive,1.0,mse,0.09948087307221265,3,0,-1,500,501,0.16539185739509177,0.06591098432287912,0.028885002492795388,1.1765888821092019,0.047697440246639265,0.019999999999990952,0.004747636992445783,2.2205157528175765,-0.00019163864471868908,2.3016419118836904,13.088298496295415,nan,nan,nan,nan
2,msam,msam@global,Momentum-SAM (MSAM) [global Frob],global,sgd,momentum_lookahead,frobenius,added,inf,0.02,nominal,0.1,additive,1.0,mse,0.09948087307221265,4,0,-1,500,501,0.16626122837922883,0.06678035530701618,0.028950433032357656,1.1688584406081886,0.0478280413289777,0.019999999999990994,0.004719992819086936,2.2207328238945387,-0.00017249778657679737,2.543200400610811,12.97505798598787,nan,nan,nan,nan
2,msam,msam@global,Momentum-SAM (MSAM) [global Frob],global,sgd,momentum_lookahead,frobenius,added,inf,0.02,nominal,0.1,additive,1.0,mse,0.09948087307221265,5,0,-1,500,501,0.16677482067674748,0.06729394760453483,0.028047720850154743,1.2512936179952407,0.04889520712460097,0.019999999999991178,0.0044872658050775635,2.29441262574431,-0.00023380749183862792,2.6158471222437383,13.047662126076967,nan,nan,nan,nan
2,msam,msam@global,Momentum-SAM (MSAM) [global Frob],global,sgd,momentum_lookahead,frobenius,added,inf,0.02,nominal,0.1,additive,1.0,mse,0.09948087307221265,6,0,-1,500,501,0.16771364229493282,0.06823276922272017,0.02764816633399293,1.2295737987674595,0.048243794218596,0.019999999999991185,0.004618244701178859,2.2591692308039706,-0.00022861834306825424,2.614445715552609,12.41023921467071,nan,nan,nan,nan
2,msam,msam@global,Momentum-SAM (MSAM) [global Frob],global,sgd,momentum_lookahead,frobenius,added,inf,0.02,nominal,0.1,additive,1.0,mse,0.09948087307221265,7,0,-1,500,501,0.1675502497243441,0.06806937665213145,0.02989381369209212,1.2869384649252618,0.04789696255156402,0.019999999999990883,0.004778893051812912,2.203353501974018,-0.0001444663093319587,2.592942121350745,12.773148355679979,nan,nan,nan,nan
2,msam,msam@global,Momentum-SAM (MSAM) [global Frob],global,sgd,momentum_lookahead,frobenius,added,inf,0.05,nominal,0.1,additive,1.0,mse,0.09948087307221265,0,0,-1,500,501,0.16584702994772332,0.06636615687551067,0.027761873649893572,1.1788802372242932,0.04799485161256449,0.049999999999977375,0.011638785991603656,2.235087282417273,-0.0003451882791879468,2.54608509827234,12.701894188017507,nan,nan,nan,nan
2,msam,msam@global,Momentum-SAM (MSAM) [global Frob],global,sgd,momentum_lookahead,frobenius,added,inf,0.05,nominal,0.1,additive,1.0,mse,0.09948087307221265,1,0,-1,500,501,0.16769353908939424,0.0682126660171816,0.028915166840748234,1.1892053992529183,0.0479778197842491,0.049999999999977604,0.011373597072913685,2.23400889843221,-0.0005383005768341276,2.759955534792086,12.80731914283482,nan,nan,nan,nan
2,msam,msam@global,Momentum-SAM (MSAM) [global Frob],global,sgd,momentum_lookahead,frobenius,added,inf,0.05,nominal,0.1,additive,1.0,mse,0.09948087307221265,2,0,-1,500,501,0.16748036236664757,0.06799948929443492,0.03018298636379209,1.17267420705738,0.04899644959827399,0.04999999999997773,0.011533130023217831,2.2490884794710126,-0.0004913123907096251,2.6370053817964685,12.880203117871924,nan,nan,nan,nan
2,msam,msam@global,Momentum-SAM (MSAM) [global Frob],global,sgd,momentum_lookahead,frobenius,added,inf,0.05,nominal,0.1,additive,1.0,mse,0.09948087307221265,3,0,-1,500,501,0.16536368865575102,0.06588281558353837,0.028853636182968552,1.1761104519155945,0.04765670402699239,0.04999999999997733,0.011876045961324685,2.2167342128899477,-0.00045721363808595705,2.3014789870445673,13.08577182726715,nan,nan,nan,nan
2,msam,msam@global,Momentum-SAM (MSAM) [global Frob],global,sgd,momentum_lookahead,frobenius,added,inf,0.05,nominal,0.1,additive,1.0,mse,0.09948087307221265,4,0,-1,500,501,0.16623132987870284,0.0667504568064902,0.028918461599838068,1.1684607323431955,0.04779733653711507,0.04999999999997745,0.011806137414552585,2.2168317161454665,-0.00041032796084922163,2.5428397708842643,12.970432824557282,nan,nan,nan,nan
2,msam,msam@global,Momentum-SAM (MSAM) [global Frob],global,sgd,momentum_lookahead,frobenius,added,inf,0.05,nominal,0.1,additive,1.0,mse,0.09948087307221265,5,0,-1,500,501,0.16674719396625295,0.0672663208940403,0.028013225969636416,1.2506456259082799,0.04884543678320126,0.049999999999977916,0.01122513249655024,2.290162547842271,-0.0005621840337622641,2.616579161400072,13.045568361375759,nan,nan,nan,nan
2,msam,msam@global,Momentum-SAM (MSAM) [global Frob],global,sgd,momentum_lookahead,frobenius,added,inf,0.05,nominal,0.1,additive,1.0,mse,0.09948087307221265,6,0,-1,500,501,0.1676854500099323,0.06820457693771964,0.027624333763335656,1.2289532441536353,0.04821096992992658,0.04999999999997793,0.011555568334633354,2.2549633800999227,-0.0005483883650287957,2.614665709425248,12.408870859799231,nan,nan,nan,nan
2,msam,msam@global,Momentum-SAM (MSAM) [global Frob],global,sgd,momentum_lookahead,frobenius,added,inf,0.05,nominal,0.1,additive,1.0,mse,0.09948087307221265,7,0,-1,500,501,0.1675125118933363,0.06803163882112365,0.029850967218708887,1.2861724695542582,0.04782373303072005,0.04999999999997716,0.011942879521306774,2.1997243234468584,-0.00033962027373904413,2.593159755751744,12.771797982028959,nan,nan,nan,nan
2,msam,msam@global,Momentum-SAM (MSAM) [global Frob],global,sgd,momentum_lookahead,frobenius,added,inf,0.1,nominal,0.1,additive,1.0,mse,0.09948087307221265,0,0,-1,500,501,0.16578481312244672,0.06630394005023407,0.027708422408738408,1.1778999715990675,0.04787452143741815,0.09999999999995463,0.02328042436885538,2.2293639506459315,-0.0006252613260517015,2.5468682867090298,12.701901097559631,nan,nan,nan,nan
2,msam,msam@global,Momentum-SAM (MSAM) [global Frob],global,sgd,momentum_lookahead,frobenius,added,inf,0.1,nominal,0.1,additive,1.0,mse,0.09948087307221265,1,0,-1,500,501,0.16763600959674294,0.06815513652453029,0.028860858216917057,1.188412201401939,0.04789016882582517,0.09999999999995511,0.022771127218736774,2.2275519409879725,-0.0010063498044045327,2.759392111931669,12.807187488206608,nan,nan,nan,nan
2,msam,msam@global,Momentum-SAM (MSAM) [global Frob],global,sgd,momentum_lookahead,frobenius,added,inf,0.1,nominal,0.1,additive,1.0,mse,0.09948087307221265,2,0,-1,500,501,0.16741791705901793,0.06793704398680528,0.03011846402046832,1.171592019108433,0.04889602507518441,0.09999999999995532,0.023076967873902076,2.2427661012840003,-0.0009135951911380391,2.6368793638921595,12.879518604758946,nan,nan,nan,nan
2,msam,msam@global,Momentum-SAM (MSAM) [global Frob],global,sgd,momentum_lookahead,frobenius,added,inf,0.1,nominal,0.1,additive,1.0,mse,0.09948087307221265,3,0,-1,500,501,0.16530842807967444,0.06582755500746179,0.028804021528694105,1.1752216245382758,0.04758712830667623,0.09999999999995453,0.023774073586809115,2.2106238274342624,-0.0008439200854972462,2.3008344169706105,13.08077786704815,nan,nan,nan,nan
2,msam,msam@global,Momentum-SAM (MSAM) [global Frob],global,sgd,momentum_lookahead,frobenius,added,inf,0.1,nominal,0.1,additive,1.0,mse,0.09948087307221265,4,0,-1,500,501,0.16617295933164664,0.06669208625943399,0.028869172279915138,1.1677222474412192,0.04774626431253527,0.09999999999995474,0.0236291847243576,2.2105600431879373,-0.0007528634652612942,2.5418542665627073,12.962212328554628,nan,nan,nan,nan
2,msam,msam@global,Momentum-SAM (MSAM) [global Frob],global,sgd,momentum_lookahead,frobenius,added,inf,0.1,nominal,0.1,additive,1.0,mse,0.09948087307221265,5,0,-1,500,501,0.1666897536701052,0.06720888059789254,0.02795935443738698,1.2494788519643014,0.04875847906411366,0.09999999999995571,0.022474022513108326,2.2833946205452103,-0.0010526192708190663,2.617039345713459,13.041427373280882,nan,nan,nan,nan
2,msam,msam@global,Momentum-SAM (MSAM) [global Frob],global,sgd,momentum_lookahead,frobenius,added,inf,0.1,nominal,0.1,additive,1.0,mse,0.09948087307221265,6,0,-1,500,501,0.1676287171232569,0.06814784405104424,0.027587649795201476,1.2278313956655162,0.04815280145571198,0.09999999999995576,0.023144974743637876,2.2482414302670017,-0.0010221704788118124,2.61446082269213,12.406032782971304,nan,nan,nan,nan
2,msam,msam@global,Momentum-SAM (MSAM) [global Frob],global,sgd,momentum_lookahead,frobenius,added,inf,0.1,nominal,0.1,additive,1.0,mse,0.09948087307221265,7,0,-1,500,501,0.16744023655302911,0.06795936348081646,0.029784035598752007,1.284841644054846,0.047707406390371736,0.09999999999995424,0.023875134366104733,2.193874500684419,-0.0006094118977031937,2.5930084384064274,12.768727273392619,nan,nan,nan,nan
2,msam,msam@global,Momentum-SAM (MSAM) [global Frob],global,sgd,momentum_lookahead,frobenius,added,inf,0.2,nominal,0.1,additive,1.0,mse,0.09948087307221265,0,0,-1,500,501,0.16562300102717953,0.06614212795496688,0.027618321239350582,1.1756649063877367,0.047626103051607104,0.1999999999999089,0.0465712701753138,2.218527637272496,-0.0010003588626386895,2.546181756398928,12.698743531535646,nan,nan,nan,nan
2,msam,msam@global,Momentum-SAM (MSAM) [global Frob],global,sgd,momentum_lookahead,frobenius,added,inf,0.2,nominal,0.1,additive,1.0,mse,0.09948087307221265,1,0,-1,500,501,0.16748605189119675,0.0680051788189841,0.028762466233501576,1.186585581753019,0.047717662529950446,0.19999999999990967,0.04562932377338453,2.215293162134579,-0.0017447438903407109,2.7564544006226326,12.803044304041858,nan,nan,nan,nan
2,msam,msam@global,Momentum-SAM (MSAM) [global Frob],global,sgd,momentum_lookahead,frobenius,added,inf,0.2,nominal,0.1,additive,1.0,mse,0.09948087307221265,2,0,-1,500,501,0.1672604344664429,0.06777956139423025,0.030005390688310877,1.1692806510394547,0.048694967239860776,0.19999999999991017,0.04618582380871713,2.2307765019428927,-0.0015628512703277364,2.634665770402905,12.874826583677065,nan,nan,nan,nan
2,msam,msam@global,Momentum-SAM (MSAM) [global Frob],global,sgd,momentum_lookahead,frobenius,added,inf,0.2,nominal,0.1,additive,1.0,mse,0.09948087307221265,3,0,-1,500,501,0.1651674341346685,0.06568656106245585,0.02871342851035131,1.1731158514410924,0.0474411714022346,0.19999999999990856,0.04762758371974291,2.1989921755631157,-0.0014207087384961181,2.298235072680032,13.067861482566583,nan,nan,nan,nan
2,msam,msam@global,Momentum-SAM (MSAM) [global Frob],global,sgd,momentum_lookahead,frobenius,added,inf,0.2,nominal,0.1,additive,1.0,mse,0.09948087307221265,4,0,-1,500,501,0.16602473934846795,0.0665438662762553,0.028783514279600745,1.1659638995011476,0.04764037586908042,0.19999999999990903,0.047306387327584576,2.198713763192316,-0.0012465015918793065,2.538465679510539,12.94375586765792,nan,nan,nan,nan
2,msam,msam@global,Momentum-SAM (MSAM) [global Frob],global,sgd,momentum_lookahead,frobenius,added,inf,0.2,nominal,0.1,additive,1.0,mse,0.09948087307221265,5,0,-1,500,501,0.16653446574563951,0.06705359267342687,0.02786355444174262,1.2468289007163325,0.04857108842694286,0.19999999999991086,0.04504325679640331,2.2708225332307586,-0.0018344365686110975,2.615448303789804,13.030609203026241,nan,nan,nan,nan
2,msam,msam@global,Momentum-SAM (MSAM) [global Frob],global,sgd,momentum_lookahead,frobenius,added,inf,0.2,nominal,0.1,additive,1.0,mse,0.09948087307221265,6,0,-1,500,501,0.16748004062145044,0.0679991675492378,0.027523579293126217,1.225280477763082,0.04802176191073189,0.199999999999911,0.04641679094935656,2.2356634738803622,-0.001761496924700956,2.6120862345512625,12.398208924347479,nan,nan,nan,nan
2,msam,msam@global,Momentum-SAM (MSAM) [global Frob],global,sgd,momentum_lookahead,frobenius,added,inf,0.2,nominal,0.1,additive,1.0,mse,0.09948087307221265,7,0,-1,500,501,0.16726084870661168,0.06777997563439903,0.02966470455378282,1.2819702819398417,0.04748813673460858,0.19999999999990795,0.04772678822423451,2.1827839186567854,-0.0009519172340063387,2.5908628030168765,12.759560044073158,nan,nan,nan,nan
2,msam,msam@global,Momentum-SAM (MSAM) [global Frob],global,sgd,momentum_lookahead,frobenius,added,inf,0.5,nominal,0.1,additive,1.0,mse,0.09948087307221265,0,0,-1,500,501,0.1648734175631032,0.06539254449089055,0.027455028018091535,1.1669373008674124,0.04686621031116989,0.4999999999997688,0.11647591988457409,2.1893463831876594,-0.0007713365673648886,2.5291227496354893,12.663569744383965,nan,nan,nan,nan
2,msam,msam@global,Momentum-SAM (MSAM) [global Frob],global,sgd,momentum_lookahead,frobenius,added,inf,0.5,nominal,0.1,additive,1.0,mse,0.09948087307221265,1,0,-1,500,501,0.16677367110979424,0.06729279803758159,0.028535333065281325,1.1792046889862873,0.0471788352259468,0.49999999999977046,0.11460741696827659,2.182477676919827,-0.0025453472397506394,2.7352540287751252,12.76185744401636,nan,nan,nan,nan
2,msam,msam@global,Momentum-SAM (MSAM) [global Frob],global,sgd,momentum_lookahead,frobenius,added,inf,0.5,nominal,0.1,additive,1.0,mse,0.09948087307221265,2,0,-1,500,501,0.16655076559049314,0.0670698925182805,0.029766361830840984,1.161099567917625,0.04807635173361887,0.49999999999977207,0.11557462348199965,2.198660652581698,-0.002095247397160077,2.6151291140064874,12.834601276826408,nan,nan,nan,nan
2,msam,msam@global,Momentum-SAM (MSAM) [global Frob],global,sgd,momentum_lookahead,frobenius,added,inf,0.5,nominal,0.1,additive,1.0,mse,0.09948087307221265,3,0,-1,500,501,0.16451570978327787,0.06503483671106522,0.028499315006699076,1.1643639704435125,0.04694765043261974,0.49999999999976796,0.11953794447031738,2.1674474617573405,-0.0017500977551348218,2.281410323456992,13.022118461093484,nan,nan,nan,nan
2,msam,msam@global,Momentum-SAM (MSAM) [global Frob],global,sgd,momentum_lookahead,frobenius,added,inf,0.5,nominal,0.1,additive,1.0,mse,0.09948087307221265,4,0,-1,500,501,0.16534393954464233,0.06586306647242968,0.028608340328991604,1.158530717173159,0.04726041854545336,0.4999999999997693,0.11842966983183746,2.1669905524910673,-0.0013459552868518576,2.5181149634054676,12.871944067139266,nan,nan,nan,nan
2,msam,msam@global,Momentum-SAM (MSAM) [global Frob],global,sgd,momentum_lookahead,frobenius,added,inf,0.5,nominal,0.1,additive,1.0,mse,0.09948087307221265,5,0,-1,500,501,0.16578133803732034,0.06630046496510769,0.027655641870115804,1.2365486082441723,0.04792795007203048,0.49999999999977407,0.11327054833343546,2.2381373484046265,-0.0027593551340327482,2.594801725340446,12.977349491621261,nan,nan,nan,nan
2,msam,msam@global,Momentum-SAM (MSAM) [global Frob],global,sgd,momentum_lookahead,frobenius,added,inf,0.5,nominal,0.1,additive,1.0,mse,0.09948087307221265,6,0,-1,500,501,0.16677856234190097,0.06729768926968832,0.027389212887072162,1.2155121183566533,0.047513646233930965,0.4999999999997741,0.11679357278024542,2.202500023130492,-0.0024925852889731703,2.5918685592024993,12.357781497337424,nan,nan,nan,nan
2,msam,msam@global,Momentum-SAM (MSAM) [global Frob],global,sgd,momentum_lookahead,frobenius,added,inf,0.5,nominal,0.1,additive,1.0,mse,0.09948087307221265,7,0,-1,500,501,0.1664613023857357,0.06698042931352305,0.02939931452434828,1.2716350777456775,0.046853802094299686,0.4999999999997665,0.11928941945354675,2.152813863379346,-0.0005559619659029902,2.571729511750919,12.709448205015132,nan,nan,nan,nan
2,msam,msam@global,Momentum-SAM (MSAM) [global Frob],global,sgd,momentum_lookahead,frobenius,added,inf,1.0,nominal,0.1,additive,1.0,mse,0.09948087307221265,0,0,-1,500,501,0.16291611668161698,0.06343524360940433,0.027460127563862544,1.146557467084838,0.04563840461297533,0.9999999999995286,0.2331879279600202,2.146934142829758,0.003656968127511123,2.4643880787437475,12.524439469682417,nan,nan,nan,nan
2,msam,msam@global,Momentum-SAM (MSAM) [global Frob],global,sgd,momentum_lookahead,frobenius,added,inf,1.0,nominal,0.1,additive,1.0,mse,0.09948087307221265,1,0,-1,500,501,0.16484699659151048,0.06536612351929783,0.028350923714580006,1.1611217807967995,0.04614483135206931,0.9999999999995312,0.23058771014956453,2.1362126225900915,0.00017163946117182416,2.670046421123514,12.632853633713347,nan,nan,nan,nan
2,msam,msam@global,Momentum-SAM (MSAM) [global Frob],global,sgd,momentum_lookahead,frobenius,added,inf,1.0,nominal,0.1,additive,1.0,mse,0.09948087307221265,2,0,-1,500,501,0.1647171994231358,0.06523632635092316,0.029634051084695752,1.1434621401276923,0.04700099937215796,0.9999999999995344,0.23116735133920974,2.1532038565625533,0.0011289303952268792,2.551775664900011,12.688049809649515,nan,nan,nan,nan
2,msam,msam@global,Momentum-SAM (MSAM) [global Frob],global,sgd,momentum_lookahead,frobenius,added,inf,1.0,nominal,0.1,additive,1.0,mse,0.09948087307221265,3,0,-1,500,501,0.16277549952741033,0.06329462645519768,0.02831792544270209,1.1426539448962656,0.04595764854302394,0.9999999999995258,0.24012920242115457,2.1218721500853404,0.0017299351582747147,2.2306966545725797,12.894899098714728,nan,nan,nan,nan
2,msam,msam@global,Momentum-SAM (MSAM) [global Frob],global,sgd,momentum_lookahead,frobenius,added,inf,1.0,nominal,0.1,additive,1.0,mse,0.09948087307221265,4,0,-1,500,501,0.16354718673544913,0.06406631366323648,0.028542743695296555,1.139866395637747,0.0464332713600452,0.9999999999995288,0.23697102953984045,2.1215412613773124,0.002465110062157022,2.4583131565826792,12.700123579712876,nan,nan,nan,nan
2,msam,msam@global,Momentum-SAM (MSAM) [global Frob],global,sgd,momentum_lookahead,frobenius,added,inf,1.0,nominal,0.1,additive,1.0,mse,0.09948087307221265,5,0,-1,500,501,0.1637602857702494,0.06427941269803675,0.027545599306846896,1.2128574051234153,0.0467176666379741,0.9999999999995391,0.22839928138791674,2.1925074931551305,-0.00015291078949769554,2.523613835950566,12.820798641720158,nan,nan,nan,nan
2,msam,msam@global,Momentum-SAM (MSAM) [global Frob],global,sgd,momentum_lookahead,frobenius,added,inf,1.0,nominal,0.1,additive,1.0,mse,0.09948087307221265,6,0,-1,500,501,0.16491966748265097,0.06543879441043832,0.027348742802046442,1.193684114385865,0.0464181989932778,0.9999999999995385,0.23519230505453884,2.1557592229584985,0.0005417920469354132,2.5260712887758565,12.249835101482233,nan,nan,nan,nan
2,msam,msam@global,Momentum-SAM (MSAM) [global Frob],global,sgd,momentum_lookahead,frobenius,added,inf,1.0,nominal,0.1,additive,1.0,mse,0.09948087307221265,7,0,-1,500,501,0.1644115364940797,0.06493066342186704,0.029205973983715366,1.2490419216869917,0.04573263922890565,0.9999999999995232,0.2386347259437217,2.1090554224576934,0.004223164796464951,2.5099163521128705,12.559817359795057,nan,nan,nan,nan
2,msam,msam@per-layer,Momentum-SAM (MSAM) [per-layer Frob],per-layer,sgd,momentum_lookahead,frobenius,added,inf,0.01,nominal,0.1,additive,1.0,mse,0.09948087307221265,0,0,-1,500,501,0.16588714277261957,0.06640626970040692,0.027805514513742767,1.1794516571917073,0.04808025635688716,0.014142135623721583,0.0033413126239517075,2.239327664853799,-0.00010617102776389054,2.5454307977972426,12.700979992814732,nan,nan,nan,nan
2,msam,msam@per-layer,Momentum-SAM (MSAM) [per-layer Frob],per-layer,sgd,momentum_lookahead,frobenius,added,inf,0.01,nominal,0.1,additive,1.0,mse,0.09948087307221265,1,0,-1,500,501,0.16773100123952228,0.06825012816730963,0.028956097531964018,1.1896437103818602,0.04804137875633945,0.014142135623721611,0.003472554760080957,2.238765692415338,-0.00015959304517895734,2.760578605141678,12.806269010737251,nan,nan,nan,nan
2,msam,msam@per-layer,Momentum-SAM (MSAM) [per-layer Frob],per-layer,sgd,momentum_lookahead,frobenius,added,inf,0.01,nominal,0.1,additive,1.0,mse,0.09948087307221265,2,0,-1,500,501,0.16752092812428632,0.06804005505207367,0.03023423793216757,1.1733669203575114,0.04906771440383527,0.014142135623721687,0.003276795413724154,2.2537075397457356,-0.00014529733145710044,2.6369461746987883,12.879534906347853,nan,nan,nan,nan
2,msam,msam@per-layer,Momentum-SAM (MSAM) [per-layer Frob],per-layer,sgd,momentum_lookahead,frobenius,added,inf,0.01,nominal,0.1,additive,1.0,mse,0.09948087307221265,3,0,-1,500,501,0.1654001898376458,0.06591931676543314,0.028893382137296045,1.1766446681510383,0.04770602094393639,0.014142135623721479,0.003275527016633136,2.221230851238243,-0.00013449704114903982,2.3020310420180854,13.08832483971068,nan,nan,nan,nan
2,msam,msam@per-layer,Momentum-SAM (MSAM) [per-layer Frob],per-layer,sgd,momentum_lookahead,frobenius,added,inf,0.01,nominal,0.1,additive,1.0,mse,0.09948087307221265,4,0,-1,500,501,0.16626857889421076,0.06678770582199811,0.02895728140980599,1.1688619931253779,0.047833214704969054,0.014142135623721621,0.003461131574519826,2.2214404815753466,-0.00012115905790802128,2.5437193897292105,12.975176593898999,nan,nan,nan,nan
2,msam,msam@per-layer,Momentum-SAM (MSAM) [per-layer Frob],per-layer,sgd,momentum_lookahead,frobenius,added,inf,0.01,nominal,0.1,additive,1.0,mse,0.09948087307221265,5,0,-1,500,501,0.166782825810827,0.06730195273861436,0.028055974493624812,1.2513419135665205,0.04890471652774398,0.014142135623721738,0.0034981480265044947,2.295214546031353,-0.00016678047585000355,2.6160151252301826,13.047697968349004,nan,nan,nan,nan
2,msam,msam@per-layer,Momentum-SAM (MSAM) [per-layer Frob],per-layer,sgd,momentum_lookahead,frobenius,added,inf,0.01,nominal,0.1,additive,1.0,mse,0.09948087307221265,6,0,-1,500,501,0.16772319619312073,0.06824232312090808,0.027653656501140676,1.2296645432098745,0.048251098865565736,0.014142135623721812,0.0032600142722689234,2.2599889332422176,-0.00015938216853902953,2.6147579585783234,12.409935030235372,nan,nan,nan,nan
2,msam,msam@per-layer,Momentum-SAM (MSAM) [per-layer Frob],per-layer,sgd,momentum_lookahead,frobenius,added,inf,0.01,nominal,0.1,additive,1.0,mse,0.09948087307221265,7,0,-1,500,501,0.16756049491032082,0.06807962183810817,0.029902750272632644,1.2870676868641457,0.047907041197296864,0.014142135623721531,0.003511032366952386,2.2040281277487006,-9.898868404292771e-05,2.593568296188718,12.772956486468829,nan,nan,nan,nan
2,msam,msam@per-layer,Momentum-SAM (MSAM) [per-layer Frob],per-layer,sgd,momentum_lookahead,frobenius,added,inf,0.02,nominal,0.1,additive,1.0,mse,0.09948087307221265,0,0,-1,500,501,0.16587704467771805,0.0663961716055054,0.027789700550343296,1.179132821167895,0.048048761603492376,0.028284271247443152,0.006684598168321908,2.237614713062562,-0.00020662469095053537,2.546296360187558,12.701001384366101,nan,nan,nan,nan
2,msam,msam@per-layer,Momentum-SAM (MSAM) [per-layer Frob],per-layer,sgd,momentum_lookahead,frobenius,added,inf,0.02,nominal,0.1,additive,1.0,mse,0.09948087307221265,1,0,-1,500,501,0.167721565530625,0.06824069245841236,0.028939164933754785,1.1893638623120193,0.04801483952053101,0.0282842712474432,0.00694267408549569,2.2368333586654625,-0.0003128842061783377,2.7611898782765745,12.806316403164075,nan,nan,nan,nan
2,msam,msam@per-layer,Momentum-SAM (MSAM) [per-layer Frob],per-layer,sgd,momentum_lookahead,frobenius,added,inf,0.02,nominal,0.1,additive,1.0,mse,0.09948087307221265,2,0,-1,500,501,0.16750925047805568,0.06802837740584303,0.030215169986490886,1.1730203277203195,0.04903784303065488,0.028284271247443354,0.006549076248108322,2.251769079492264,-0.00028432947419956833,2.6374051201143778,12.879201137513187,nan,nan,nan,nan
2,msam,msam@per-layer,Momentum-SAM (MSAM) [per-layer Frob],per-layer,sgd,momentum_lookahead,frobenius,added,inf,0.02,nominal,0.1,additive,1.0,mse,0.09948087307221265,3,0,-1,500,501,0.1653908566181834,0.06590998354597075,0.02888032510432998,1.1763976772827518,0.04768764203460226,0.02828427124744294,0.0065517447998381705,2.219393451581229,-0.00026284343076710126,2.3023506838302628,13.086781698655747,nan,nan,nan,nan
2,msam,msam@per-layer,Momentum-SAM (MSAM) [per-layer Frob],per-layer,sgd,momentum_lookahead,frobenius,added,inf,0.02,nominal,0.1,additive,1.0,mse,0.09948087307221265,4,0,-1,500,501,0.16625709652623757,0.06677622345402492,0.028942128653093542,1.1686138862607116,0.04781770884552895,0.028284271247443222,0.006921036026467246,2.219510418923586,-0.00023630393332746413,2.544026005299122,12.972292006559082,nan,nan,nan,nan
2,msam,msam@per-layer,Momentum-SAM (MSAM) [per-layer Frob],per-layer,sgd,momentum_lookahead,frobenius,added,inf,0.02,nominal,0.1,additive,1.0,mse,0.09948087307221265,5,0,-1,500,501,0.16677399574299073,0.06729312267077808,0.02804057401911608,1.2509739780284288,0.04888170217798001,0.02828427124744345,0.006997531991763278,2.2931308033326547,-0.0003270969017961922,2.616774148231132,13.046441392798958,nan,nan,nan,nan
2,msam,msam@per-layer,Momentum-SAM (MSAM) [per-layer Frob],per-layer,sgd,momentum_lookahead,frobenius,added,inf,0.02,nominal,0.1,additive,1.0,mse,0.09948087307221265,6,0,-1,500,501,0.1677152822918497,0.06823440921963705,0.027642702836005322,1.2293574606636029,0.048236943344287186,0.028284271247443607,0.006519241461715535,2.2579550353457125,-0.00031221043345805444,2.615291347572698,12.408801753757901,nan,nan,nan,nan
2,msam,msam@per-layer,Momentum-SAM (MSAM) [per-layer Frob],per-layer,sgd,momentum_lookahead,frobenius,added,inf,0.02,nominal,0.1,additive,1.0,mse,0.09948087307221265,7,0,-1,500,501,0.16754672693817113,0.06806585386595848,0.02988229867040833,1.286696571623951,0.047867170363748456,0.028284271247443045,0.007023537929055368,2.2022528596034427,-0.0001917773286538027,2.5943698651961147,12.77198978218854,nan,nan,nan,nan
2,msam,msam@per-layer,Momentum-SAM (MSAM) [per-layer Frob],per-layer,sgd,momentum_lookahead,frobenius,added,inf,0.05,nominal,0.1,additive,1.0,mse,0.09948087307221265,0,0,-1,500,501,0.16583929236862677,0.06635841929641412,0.027745273448980215,1.1781428592690968,0.04795243223995026,0.07071067811860776,0.016725390403846643,2.2326010130918563,-0.00047442563724017783,2.548367262155259,12.700598885922014,nan,nan,nan,nan
2,msam,msam@per-layer,Momentum-SAM (MSAM) [per-layer Frob],per-layer,sgd,momentum_lookahead,frobenius,added,inf,0.05,nominal,0.1,additive,1.0,mse,0.09948087307221265,1,0,-1,500,501,0.16768607245813105,0.0682051993859184,0.028890061345262275,1.1884998326211447,0.04793662327543035,0.07071067811860787,0.017339218458441,2.231165757394499,-0.0007359210690795759,2.76247927731611,12.805811939593488,nan,nan,nan,nan
2,msam,msam@per-layer,Momentum-SAM (MSAM) [per-layer Frob],per-layer,sgd,momentum_lookahead,frobenius,added,inf,0.05,nominal,0.1,additive,1.0,mse,0.09948087307221265,2,0,-1,500,501,0.16746768508811818,0.06798681201590553,0.030160472860606857,1.1719662675529448,0.04894862363754507,0.07071067811860823,0.016341708475179618,2.246094831031237,-0.0006647622691478838,2.638328169124574,12.87772120075135,nan,nan,nan,nan
2,msam,msam@per-layer,Momentum-SAM (MSAM) [per-layer Frob],per-layer,sgd,momentum_lookahead,frobenius,added,inf,0.05,nominal,0.1,additive,1.0,mse,0.09948087307221265,3,0,-1,500,501,0.16535695951692259,0.06587608644470994,0.02884236713425101,1.175613549030319,0.047631387747018486,0.07071067811860722,0.01638484648332029,2.2140112070089524,-0.0006120364132959355,2.3029707828840307,13.08167704383412,nan,nan,nan,nan
2,msam,msam@per-layer,Momentum-SAM (MSAM) [per-layer Frob],per-layer,sgd,momentum_lookahead,frobenius,added,inf,0.05,nominal,0.1,additive,1.0,mse,0.09948087307221265,4,0,-1,500,501,0.16621638847937076,0.06673551540715811,0.028899026311438085,1.167836887937752,0.04777107632202962,0.07071067811860793,0.01729475037704381,2.2138808302388813,-0.000546600573660988,2.5445464295024074,12.96338522922525,nan,nan,nan,nan
2,msam,msam@per-layer,Momentum-SAM (MSAM) [per-layer Frob],per-layer,sgd,momentum_lookahead,frobenius,added,inf,0.05,nominal,0.1,additive,1.0,mse,0.09948087307221265,5,0,-1,500,501,0.16673945847871094,0.06725858540649829,0.02799625539345715,1.24983363546912,0.048810328231765135,0.07071067811860848,0.01750219171564211,2.2870833223815783,-0.0007704742071079074,2.618459014296324,13.042344221676968,nan,nan,nan,nan
2,msam,msam@per-layer,Momentum-SAM (MSAM) [per-layer Frob],per-layer,sgd,momentum_lookahead,frobenius,added,inf,0.05,nominal,0.1,additive,1.0,mse,0.09948087307221265,6,0,-1,500,501,0.16768465522883058,0.06820378215661793,0.027611580894032428,1.2283963539157579,0.04819232323939003,0.0707106781186089,0.016294240740911334,2.252034873980839,-0.0007325313970903413,2.6164473266405395,12.405093032197106,nan,nan,nan,nan
2,msam,msam@per-layer,Momentum-SAM (MSAM) [per-layer Frob],per-layer,sgd,momentum_lookahead,frobenius,added,inf,0.05,nominal,0.1,additive,1.0,mse,0.09948087307221265,7,0,-1,500,501,0.16749828050893661,0.06801740743672396,0.02982326915151794,1.2855653544484582,0.04775123956258396,0.07071067811860747,0.017570075050610458,2.197070379448077,-0.00043399800546625733,2.5961857730497053,12.768616623925857,nan,nan,nan,nan
2,msam,msam@per-layer,Momentum-SAM (MSAM) [per-layer Frob],per-layer,sgd,momentum_lookahead,frobenius,added,inf,0.1,nominal,0.1,additive,1.0,mse,0.09948087307221265,0,0,-1,500,501,0.1657523471897071,0.06627147411749446,0.027680343942788503,1.1763873783122207,0.04778651102778253,0.14142135623721505,0.03349204025618936,2.224611184683629,-0.0008129068252355487,2.550150144854682,12.698341572211728,nan,nan,nan,nan
2,msam,msam@per-layer,Momentum-SAM (MSAM) [per-layer Frob],per-layer,sgd,momentum_lookahead,frobenius,added,inf,0.1,nominal,0.1,additive,1.0,mse,0.09948087307221265,1,0,-1,500,501,0.1676032119678003,0.06812233889558764,0.028813468061874518,1.1869780194665527,0.047808826114991605,0.14142135623721525,0.034625440986277935,2.222110865168307,-0.0013234066244229847,2.7628981665378722,12.802904985970459,nan,nan,nan,nan
2,msam,msam@per-layer,Momentum-SAM (MSAM) [per-layer Frob],per-layer,sgd,momentum_lookahead,frobenius,added,inf,0.1,nominal,0.1,additive,1.0,mse,0.09948087307221265,2,0,-1,500,501,0.16737714845748217,0.06789627538526952,0.030077003291833493,1.17016195042683,0.048800334450182226,0.14142135623721605,0.032596600489713176,2.237062757898577,-0.0011815384862435274,2.638434093080647,12.87367213410777,nan,nan,nan,nan
2,msam,msam@per-layer,Momentum-SAM (MSAM) [per-layer Frob],per-layer,sgd,momentum_lookahead,frobenius,added,inf,0.1,nominal,0.1,additive,1.0,mse,0.09948087307221265,3,0,-1,500,501,0.16528102787324989,0.06580015480103724,0.028782760655949258,1.174169204866109,0.047533711803931206,0.141421356237214,0.03278997703333266,2.2054154967173205,-0.0010799990698832362,2.3029185765845344,13.071631205682253,nan,nan,nan,nan
2,msam,msam@per-layer,Momentum-SAM (MSAM) [per-layer Frob],per-layer,sgd,momentum_lookahead,frobenius,added,inf,0.1,nominal,0.1,additive,1.0,mse,0.09948087307221265,4,0,-1,500,501,0.16612789961362168,0.06664702654140903,0.028834289618545648,1.1664336004797042,0.047691379069175394,0.1414213562372154,0.03457071870625012,2.2049580329655685,-0.0009515100950336364,2.5441169974142697,12.947676899302573,nan,nan,nan,nan
2,msam,msam@per-layer,Momentum-SAM (MSAM) [per-layer Frob],per-layer,sgd,momentum_lookahead,frobenius,added,inf,0.1,nominal,0.1,additive,1.0,mse,0.09948087307221265,5,0,-1,500,501,0.16665598864459819,0.06717511557238554,0.027928114462204296,1.2478157663619043,0.048684000222297456,0.14142135623721658,0.035027181036481184,2.2775956003742572,-0.0013904068449166473,2.619439701797128,13.034404784739026,nan,nan,nan,nan
2,msam,msam@per-layer,Momentum-SAM (MSAM) [per-layer Frob],per-layer,sgd,momentum_lookahead,frobenius,added,inf,0.1,nominal,0.1,additive,1.0,mse,0.09948087307221265,6,0,-1,500,501,0.16761108358666957,0.06813021051445692,0.027564657692787566,1.2266690667240123,0.04810992477497079,0.14142135623721733,0.03258506340538013,2.2426920326228355,-0.001311791359409814,2.6169615859938484,12.397893485687302,nan,nan,nan,nan
2,msam,msam@per-layer,Momentum-SAM (MSAM) [per-layer Frob],per-layer,sgd,momentum_lookahead,frobenius,added,inf,0.1,nominal,0.1,additive,1.0,mse,0.09948087307221265,7,0,-1,500,501,0.16739403682068707,0.06791316374847442,0.02973191752894917,1.283618076993005,0.04756777999538666,0.14142135623721447,0.03517791147549275,2.1888454743038253,-0.0007226625474603954,2.597335886324021,12.7614619933755,nan,nan,nan,nan
2,msam,msam@per-layer,Momentum-SAM (MSAM) [per-layer Frob],per-layer,sgd,momentum_lookahead,frobenius,added,inf,0.2,nominal,0.1,additive,1.0,mse,0.09948087307221265,0,0,-1,500,501,0.16549413126987028,0.06601325819765763,0.027579875989458356,1.172514236085887,0.04744129148397034,0.2828427124744285,0.06711996768418277,2.209720806612906,-0.001110325111629673,2.5480113861134503,12.687859902013573,nan,nan,nan,nan
2,msam,msam@per-layer,Momentum-SAM (MSAM) [per-layer Frob],per-layer,sgd,momentum_lookahead,frobenius,added,inf,0.2,nominal,0.1,additive,1.0,mse,0.09948087307221265,1,0,-1,500,501,0.16735118008142102,0.06787030700920837,0.028677773635020602,1.183629016504934,0.04755252410281841,0.28284271247442866,0.06907547776846301,2.205234689481661,-0.0020897208447233084,2.7578376755443124,12.789946846577006,nan,nan,nan,nan
2,msam,msam@per-layer,Momentum-SAM (MSAM) [per-layer Frob],per-layer,sgd,momentum_lookahead,frobenius,added,inf,0.2,nominal,0.1,additive,1.0,mse,0.09948087307221265,2,0,-1,500,501,0.16712028695312953,0.06763941388091688,0.02993534010001892,1.1663789169344438,0.04850188013662378,0.2828427124744302,0.06493601465013674,2.2203233519029406,-0.0018056752125073239,2.633799656554087,12.859776084430285,nan,nan,nan,nan
2,msam,msam@per-layer,Momentum-SAM (MSAM) [per-layer Frob],per-layer,sgd,momentum_lookahead,frobenius,added,inf,0.2,nominal,0.1,additive,1.0,mse,0.09948087307221265,3,0,-1,500,501,0.1650583188157214,0.06557744574350874,0.02867578560711643,1.1707998091989869,0.047323519819741595,0.2828427124744262,0.06567517195292491,2.18934071632977,-0.0016204539255201544,2.2990435138945413,13.046028267073773,nan,nan,nan,nan
2,msam,msam@per-layer,Momentum-SAM (MSAM) [per-layer Frob],per-layer,sgd,momentum_lookahead,frobenius,added,inf,0.2,nominal,0.1,additive,1.0,mse,0.09948087307221265,4,0,-1,500,501,0.16587581845583751,0.06639494538362486,0.028727574368234563,1.1632294711424471,0.0475172566394129,0.28284271247442927,0.06910401387806923,2.18845960239567,-0.0013696814075655483,2.53870683128524,12.913010822571815,nan,nan,nan,nan
2,msam,msam@per-layer,Momentum-SAM (MSAM) [per-layer Frob],per-layer,sgd,momentum_lookahead,frobenius,added,inf,0.2,nominal,0.1,additive,1.0,mse,0.09948087307221265,5,0,-1,500,501,0.16639786463076306,0.06691699155855041,0.027810703865038748,1.2433731832073005,0.048407225427489126,0.28284271247443143,0.07011637875775954,2.2603433981905754,-0.0022194001354041704,2.615380226326273,13.014305404647939,nan,nan,nan,nan
2,msam,msam@per-layer,Momentum-SAM (MSAM) [per-layer Frob],per-layer,sgd,momentum_lookahead,frobenius,added,inf,0.2,nominal,0.1,additive,1.0,mse,0.09948087307221265,6,0,-1,500,501,0.16738294371010806,0.06790207063789541,0.027485612701496857,1.2227944816501168,0.047912346442537154,0.28284271247443304,0.06519102055085228,2.225533922256283,-0.0020500541316826326,2.6131311953705683,12.379857546545718,nan,nan,nan,nan
2,msam,msam@per-layer,Momentum-SAM (MSAM) [per-layer Frob],per-layer,sgd,momentum_lookahead,frobenius,added,inf,0.2,nominal,0.1,additive,1.0,mse,0.09948087307221265,7,0,-1,500,501,0.16710063100598865,0.067619757933776,0.02957213444053967,1.2794756000307015,0.04722324440241121,0.2828427124744272,0.07050018361642392,2.1735910942517807,-0.0009007654381101848,2.5932448718388947,12.741800470361017,nan,nan,nan,nan
2,msam,msam@per-layer,Momentum-SAM (MSAM) [per-layer Frob],per-layer,sgd,momentum_lookahead,frobenius,added,inf,0.5,nominal,0.1,additive,1.0,mse,0.09948087307221265,0,0,-1,500,501,0.16414242403077822,0.06466155095856557,0.027465489874674433,1.158400192410892,0.04638203483481209,0.7071067811860606,0.1684571182053687,2.1705796560626203,0.0007024951572701388,2.504795422726466,12.61152865410294,nan,nan,nan,nan
2,msam,msam@per-layer,Momentum-SAM (MSAM) [per-layer Frob],per-layer,sgd,momentum_lookahead,frobenius,added,inf,0.5,nominal,0.1,additive,1.0,mse,0.09948087307221265,1,0,-1,500,501,0.16597569502837034,0.06649482195615769,0.02839057291056027,1.1712180692087661,0.04670058140712555,0.7071067811860593,0.17194690293376594,2.1616036193972796,-0.001555302957109178,2.705245444485864,12.717104936296577,nan,nan,nan,nan
2,msam,msam@per-layer,Momentum-SAM (MSAM) [per-layer Frob],per-layer,sgd,momentum_lookahead,frobenius,added,inf,0.5,nominal,0.1,additive,1.0,mse,0.09948087307221265,2,0,-1,500,501,0.1658197904063236,0.06633891733411096,0.029678754098623358,1.1537455633262734,0.047581244642839124,0.7071067811860637,0.16126577667968248,2.1774437838023144,-0.0008224220123858872,2.5891513182807135,12.77544962806189,nan,nan,nan,nan
2,msam,msam@per-layer,Momentum-SAM (MSAM) [per-layer Frob],per-layer,sgd,momentum_lookahead,frobenius,added,inf,0.5,nominal,0.1,additive,1.0,mse,0.09948087307221265,3,0,-1,500,501,0.16387523503115978,0.06439436195894713,0.028446610918876604,1.1572793432118291,0.04658198846404779,0.7071067811860539,0.1651202198374493,2.1471655962014435,-0.0004853829030976864,2.2624957529644516,12.963189915155015,nan,nan,nan,nan
2,msam,msam@per-layer,Momentum-SAM (MSAM) [per-layer Frob],per-layer,sgd,momentum_lookahead,frobenius,added,inf,0.5,nominal,0.1,additive,1.0,mse,0.09948087307221265,4,0,-1,500,501,0.16458201604602227,0.06510114297380962,0.02855435437861995,1.1507197156776805,0.04684993889451022,0.707106781186062,0.17280873579999553,2.1459231121144566,0.00010529169953393813,2.492500070251284,12.784463642642866,nan,nan,nan,nan
2,msam,msam@per-layer,Momentum-SAM (MSAM) [per-layer Frob],per-layer,sgd,momentum_lookahead,frobenius,added,inf,0.5,nominal,0.1,additive,1.0,mse,0.09948087307221265,5,0,-1,500,501,0.164997663967259,0.06551679089504636,0.027592116934571073,1.2273072704649501,0.04745086718033725,0.7071067811860674,0.17538107011334425,2.216994513200024,-0.001846247386796368,2.566020430093926,12.920719245763463,nan,nan,nan,nan
2,msam,msam@per-layer,Momentum-SAM (MSAM) [per-layer Frob],per-layer,sgd,momentum_lookahead,frobenius,added,inf,0.5,nominal,0.1,additive,1.0,mse,0.09948087307221265,6,0,-1,500,501,0.16612939870349208,0.06664852563127943,0.02734781051579135,1.2085457029567872,0.047090866079942124,0.7071067811860718,0.16323744843423665,2.1816971871776327,-0.0013435711311935161,2.569677069078207,12.300270777819819,nan,nan,nan,nan
2,msam,msam@per-layer,Momentum-SAM (MSAM) [per-layer Frob],per-layer,sgd,momentum_lookahead,frobenius,added,inf,0.5,nominal,0.1,additive,1.0,mse,0.09948087307221265,7,0,-1,500,501,0.165625353801089,0.06614448072887635,0.029247541060541275,1.2649298846224548,0.04623494976746987,0.707106781186057,0.17704397080049514,2.133627086794408,0.001344538714801835,2.5411558594982107,12.646885499431567,nan,nan,nan,nan
2,msam,msam@per-layer,Momentum-SAM (MSAM) [per-layer Frob],per-layer,sgd,momentum_lookahead,frobenius,added,inf,1.0,nominal,0.1,additive,1.0,mse,0.09948087307221265,0,0,-1,500,501,0.16053113619093173,0.061050263118719084,0.027800890496162314,1.1282234665464315,0.044736251803894324,1.4142135623720908,0.33817878345460295,2.114675215858361,0.011539968659325994,2.3538574128134395,12.35495436761698,nan,nan,nan,nan
2,msam,msam@per-layer,Momentum-SAM (MSAM) [per-layer Frob],per-layer,sgd,momentum_lookahead,frobenius,added,inf,1.0,nominal,0.1,additive,1.0,mse,0.09948087307221265,1,0,-1,500,501,0.16217564807428214,0.06269477500206949,0.028313061894729867,1.1437392757735012,0.045027254827376524,1.4142135623720837,0.3437029747068466,2.1020395912160366,0.0072176965556939865,2.539686988549752,12.483987270079185,nan,nan,nan,nan
2,msam,msam@per-layer,Momentum-SAM (MSAM) [per-layer Frob],per-layer,sgd,momentum_lookahead,frobenius,added,inf,1.0,nominal,0.1,additive,1.0,mse,0.09948087307221265,2,0,-1,500,501,0.16236990445423807,0.06288903138202542,0.02976836703431946,1.1289081378912016,0.04605218459825347,1.4142135623720944,0.3205474843776688,2.11934262515133,0.008756793336936908,2.4489695398398874,12.53977733044571,nan,nan,nan,nan
2,msam,msam@per-layer,Momentum-SAM (MSAM) [per-layer Frob],per-layer,sgd,momentum_lookahead,frobenius,added,inf,1.0,nominal,0.1,additive,1.0,mse,0.09948087307221265,3,0,-1,500,501,0.16060447987628265,0.06112360680407,0.028405470999036547,1.1255782267152619,0.04510734136218501,1.4142135623720746,0.334160586999693,2.088207884832291,0.009134420854491565,2.1471495061951376,12.735687838742582,nan,nan,nan,nan
2,msam,msam@per-layer,Momentum-SAM (MSAM) [per-layer Frob],per-layer,sgd,momentum_lookahead,frobenius,added,inf,1.0,nominal,0.1,additive,1.0,mse,0.09948087307221265,4,0,-1,500,501,0.16112975072102143,0.061648877648808775,0.028720662749565258,1.1225081468786715,0.04549536061255678,1.4142135623720924,0.34610210509159356,2.086983532653806,0.010108178879868895,2.351117839988134,12.49652427426263,nan,nan,nan,nan
2,msam,msam@per-layer,Momentum-SAM (MSAM) [per-layer Frob],per-layer,sgd,momentum_lookahead,frobenius,added,inf,1.0,nominal,0.1,additive,1.0,mse,0.09948087307221265,5,0,-1,500,501,0.1612085732995109,0.06172770022729826,0.027693570681279086,1.1934143878460786,0.045790658293341634,1.4142135623721026,0.34988052035498224,2.1582826413820175,0.00676982630018258,2.40769324706311,12.685701279400721,nan,nan,nan,nan
2,msam,msam@per-layer,Momentum-SAM (MSAM) [per-layer Frob],per-layer,sgd,momentum_lookahead,frobenius,added,inf,1.0,nominal,0.1,additive,1.0,mse,0.09948087307221265,6,0,-1,500,501,0.16269056718090416,0.06320969410869151,0.027496497603750683,1.1787891646382873,0.04537514998294422,1.4142135623721122,0.3269153790050875,2.1214532598630718,0.007903229306368553,2.4264641730228247,12.126054119632801,nan,nan,nan,nan
2,msam,msam@per-layer,Momentum-SAM (MSAM) [per-layer Frob],per-layer,sgd,momentum_lookahead,frobenius,added,inf,1.0,nominal,0.1,additive,1.0,mse,0.09948087307221265,7,0,-1,500,501,0.16177777040997485,0.0622968973377622,0.029182936331532735,1.2340130337998236,0.044587487595033566,1.4142135623720824,0.35504837251765337,2.0759763891815464,0.012862457111424086,2.3751843959683754,12.392443692726374,nan,nan,nan,nan
