depth,algorithm,variant,label,frobenius_mode,outer,source,geometry,origin,alpha,rho,rho_units,lr,noise_model,noise_scale,loss_type,F_star,step,oracle_calls,alive_fraction,objective_median,objective_q25,objective_q75,objective_mean,gap_median,gap_q25,gap_q75,gap_mean,excess_risk_median,excess_risk_q25,excess_risk_q75,excess_risk_mean,dist_to_opt_median,dist_to_opt_q25,dist_to_opt_q75,dist_to_opt_mean,grad_norm_median,grad_norm_q25,grad_norm_q75,grad_norm_mean,perturbation_frob_median,perturbation_frob_q25,perturbation_frob_q75,perturbation_frob_mean,perturbation_op_median,perturbation_op_q25,perturbation_op_q75,perturbation_op_mean,update_frob_median,update_frob_q25,update_frob_q75,update_frob_mean,sharpness_gap_median,sharpness_gap_q25,sharpness_gap_q75,sharpness_gap_mean,balancedness_median,balancedness_q25,balancedness_q75,balancedness_mean,effective_rank_median,effective_rank_q25,effective_rank_q75,effective_rank_mean,lambda_max_median,lambda_max_q25,lambda_max_q75,lambda_max_mean,train_acc_median,train_acc_q25,train_acc_q75,train_acc_mean,val_acc_median,val_acc_q25,val_acc_q75,val_acc_mean,val_loss_median,val_loss_q25,val_loss_q75,val_loss_mean
2,adam,adam,AdamW,,adam,,,requested,1.1,nan,nominal,0.003,additive,1.0,nn_ce,2.2504740078131276,0,0,1.0,3.8037716109855877,3.8037716109855877,3.8037716109855877,3.8037716109855877,1.5532976031724601,1.5532976031724601,1.5532976031724601,1.5532976031724601,nan,nan,nan,nan,nan,nan,nan,nan,1.0733323350297979,1.0733323350297979,1.0733323350297979,1.0733323350297979,0.0,0.0,0.0,0.0,0.0,0.0,0.0,0.0,0.0,0.0,0.0,0.0,0.0,0.0,0.0,0.0,nan,nan,nan,nan,23.97018795689393,23.97018795689393,23.97018795689393,23.97018795689393,nan,nan,nan,nan,0.017578125,0.017578125,0.017578125,0.017578125,0.01171875,0.01171875,0.01171875,0.01171875,3.789995274857612,3.789995274857612,3.789995274857612,3.789995274857612
2,adam,adam,AdamW,,adam,,,requested,1.1,nan,nominal,0.003,additive,1.0,nn_ce,2.2504740078131276,10,10,1.0,3.455554751824831,3.451345819889486,3.4633351280946245,3.4550940754276995,1.2050807440117033,1.2008718120763584,1.212861120281497,1.2046200676145715,nan,nan,nan,nan,nan,nan,nan,nan,0.9970528697548979,0.9886153039454341,0.9993631107492709,0.9946969593366669,0.0,0.0,0.0,0.0,0.0,0.0,0.0,0.0,22.25493223879322,22.10449540324372,22.29797169744682,22.197419765422723,0.0,0.0,0.0,0.0,nan,nan,nan,nan,24.014371656732067,23.971639752315454,24.049341447752067,24.01893907044554,nan,nan,nan,nan,0.052734375,0.05029296875,0.052734375,0.051513671875,0.041015625,0.0390625,0.04541015625,0.0419921875,3.517945216365842,3.5115152747426777,3.522568322770837,3.515665878392899
2,adam,adam,AdamW,,adam,,,requested,1.1,nan,nominal,0.003,additive,1.0,nn_ce,2.2504740078131276,20,20,1.0,3.189341915605684,3.1826322683298747,3.196870552003005,3.188205969243855,0.9388679077925564,0.9321582605167471,0.9463965441898775,0.9377319614307272,nan,nan,nan,nan,nan,nan,nan,nan,0.9356307697698498,0.929134102046596,0.93995744280303,0.9355177894921916,0.0,0.0,0.0,0.0,0.0,0.0,0.0,0.0,17.998183980390316,17.91723094450309,18.08813057805701,18.022997164707526,0.0,0.0,0.0,0.0,nan,nan,nan,nan,23.99612683445865,23.98157175841811,24.03308291783707,24.01291102473561,nan,nan,nan,nan,0.16015625,0.150390625,0.16259765625,0.15673828125,0.10546875,0.1025390625,0.1064453125,0.104248046875,3.309599117846812,3.3016915259321102,3.312920966350305,3.3072444894842508
2,adam,adam,AdamW,,adam,,,requested,1.1,nan,nominal,0.003,additive,1.0,nn_ce,2.2504740078131276,30,30,1.0,2.9756892587872272,2.9536849498263824,2.9864374292867137,2.97340254666324,0.7252152509740994,0.703210942013255,0.7359634214735863,0.7229285388501125,nan,nan,nan,nan,nan,nan,nan,nan,0.8706025808361848,0.868134903477589,0.8859939382637807,0.8775764923522202,0.0,0.0,0.0,0.0,0.0,0.0,0.0,0.0,16.46604710234472,16.37950681851787,16.598299080752927,16.52387889611534,0.0,0.0,0.0,0.0,nan,nan,nan,nan,23.97723149916767,23.932485492260952,23.99855408171674,23.969816154530324,nan,nan,nan,nan,0.2783203125,0.26513671875,0.28515625,0.2744140625,0.185546875,0.17333984375,0.18798828125,0.180419921875,3.1362720289786354,3.130105945084732,3.151714352986216,3.1410727536936873
2,adam,adam,AdamW,,adam,,,requested,1.1,nan,nominal,0.003,additive,1.0,nn_ce,2.2504740078131276,40,40,1.0,2.79399831183343,2.777025884986708,2.8070509173175564,2.793728592483539,0.5435243040203024,0.5265518771735802,0.5565769095044291,0.5432545846704115,nan,nan,nan,nan,nan,nan,nan,nan,0.8004543677519115,0.7881464194289334,0.8116300980462896,0.805395571123743,0.0,0.0,0.0,0.0,0.0,0.0,0.0,0.0,15.574352769315704,15.518226253543045,15.729735188368693,15.563224986158028,0.0,0.0,0.0,0.0,nan,nan,nan,nan,23.895447413786734,23.867126915207322,23.943040871959525,23.901353371131847,nan,nan,nan,nan,0.349609375,0.34716796875,0.3564453125,0.352294921875,0.2529296875,0.23974609375,0.25390625,0.249267578125,2.9979109464967877,2.985258945647357,3.0032871525159095,3.0004649210661882
2,adam,adam,AdamW,,adam,,,requested,1.1,nan,nominal,0.003,additive,1.0,nn_ce,2.2504740078131276,50,50,1.0,2.645276727364656,2.63740250434995,2.6616579951527286,2.649802759221232,0.39480271955152846,0.3869284965368227,0.41118398733960093,0.39932875140810425,nan,nan,nan,nan,nan,nan,nan,nan,0.715190007936624,0.7058010386371305,0.7368203074991257,0.7269671094106385,0.0,0.0,0.0,0.0,0.0,0.0,0.0,0.0,14.935687920651485,14.811431589855063,15.008937779214774,14.899623605333893,0.0,0.0,0.0,0.0,nan,nan,nan,nan,23.8542280378284,23.754120968535812,23.874595460438897,23.83223747544181,nan,nan,nan,nan,0.392578125,0.390625,0.3974609375,0.39404296875,0.2998046875,0.2939453125,0.3125,0.299560546875,2.880318415525339,2.8721435382635807,2.8960296004063477,2.8882222930976047
2,adam,adam,AdamW,,adam,,,requested,1.1,nan,nominal,0.003,additive,1.0,nn_ce,2.2504740078131276,60,60,1.0,2.5311381254857768,2.5209640487009723,2.545322667211688,2.534874311702528,0.2806641176726492,0.270490040887845,0.29484865939856053,0.2844003038894003,nan,nan,nan,nan,nan,nan,nan,nan,0.6428873910361881,0.6323198691965906,0.6681103543223557,0.6562355523965241,0.0,0.0,0.0,0.0,0.0,0.0,0.0,0.0,14.45592674653006,14.286249038296493,14.5514567791081,14.375392338182056,0.0,0.0,0.0,0.0,nan,nan,nan,nan,23.800496938019368,23.680805548693435,23.830334206354536,23.77507623689422,nan,nan,nan,nan,0.4130859375,0.40478515625,0.41943359375,0.41357421875,0.33203125,0.32666015625,0.34130859375,0.33203125,2.793812756118345,2.7795336408815845,2.8116662451470367,2.7997675897266445
2,adam,adam,AdamW,,adam,,,requested,1.1,nan,nominal,0.003,additive,1.0,nn_ce,2.2504740078131276,70,70,1.0,2.437776968450388,2.4290180885861936,2.4539897976965683,2.44308360017169,0.18730296063726004,0.17854408077306583,0.20351578988344055,0.19260959235856234,nan,nan,nan,nan,nan,nan,nan,nan,0.5937560898114222,0.5809152484274214,0.6130880485819674,0.6040823166300082,0.0,0.0,0.0,0.0,0.0,0.0,0.0,0.0,14.096333385452239,13.987827372610301,14.184351422516444,14.104890086578557,0.0,0.0,0.0,0.0,nan,nan,nan,nan,23.7063060970316,23.6394311002387,23.7910670575499,23.721559018131853,nan,nan,nan,nan,0.427734375,0.4189453125,0.435546875,0.427490234375,0.3466796875,0.34326171875,0.3525390625,0.3466796875,2.7259942675547046,2.711048624239317,2.7409560115098643,2.7299846016593152
2,adam,adam,AdamW,,adam,,,requested,1.1,nan,nominal,0.003,additive,1.0,nn_ce,2.2504740078131276,80,80,1.0,2.3606027238160285,2.354611708078009,2.3809138430955863,2.366979547031417,0.11012871600290097,0.10413770026488145,0.13043983528245873,0.11650553921828954,nan,nan,nan,nan,nan,nan,nan,nan,0.5559588978297554,0.540452607753221,0.5686661539155367,0.5636334085342151,0.0,0.0,0.0,0.0,0.0,0.0,0.0,0.0,13.962589468631638,13.834355677821513,14.010819114765646,13.938534532586369,0.0,0.0,0.0,0.0,nan,nan,nan,nan,23.642911693377812,23.567818524903643,23.771485841428976,23.66710513590578,nan,nan,nan,nan,0.439453125,0.4296875,0.443359375,0.4375,0.359375,0.35302734375,0.36279296875,0.35791015625,2.6712255002679637,2.654129412172033,2.691003229729755,2.673646321586933
2,adam,adam,AdamW,,adam,,,requested,1.1,nan,nominal,0.003,additive,1.0,nn_ce,2.2504740078131276,90,90,1.0,2.2955728098164725,2.2919895824534704,2.316609337266905,2.301552248982084,0.04509880200334471,0.041515574640342945,0.06613532945377765,0.051078241168956595,nan,nan,nan,nan,nan,nan,nan,nan,0.520583413904345,0.5174162418815687,0.5357739571183033,0.5326805978259397,0.0,0.0,0.0,0.0,0.0,0.0,0.0,0.0,13.68300924761597,13.634611283853936,13.868041155642297,13.736436762337265,0.0,0.0,0.0,0.0,nan,nan,nan,nan,23.588202405435073,23.484667882255597,23.729469772822142,23.604375163887987,nan,nan,nan,nan,0.4453125,0.43896484375,0.44775390625,0.444091796875,0.3662109375,0.35791015625,0.36767578125,0.362060546875,2.6246958167960086,2.607185380844892,2.6436738837579132,2.6262669494182833
2,adam,adam,AdamW,,adam,,,requested,1.1,nan,nominal,0.003,additive,1.0,nn_ce,2.2504740078131276,100,100,1.0,2.2405653865345823,2.2352860340976113,2.2549922783527387,2.243339797966587,-0.009908621278545082,-0.015187973715516279,0.004518270539610958,-0.007134209846540729,nan,nan,nan,nan,nan,nan,nan,nan,0.49873699910460023,0.4923989257103148,0.5104922877176096,0.5073277225042223,0.0,0.0,0.0,0.0,0.0,0.0,0.0,0.0,13.466388891101605,13.440008290088699,13.721750830100152,13.536114652273728,0.0,0.0,0.0,0.0,nan,nan,nan,nan,23.530260816002503,23.42568036788822,23.656590743166237,23.536526597911894,nan,nan,nan,nan,0.4501953125,0.447265625,0.4521484375,0.45166015625,0.375,0.365234375,0.37890625,0.370849609375,2.586035031717752,2.5680443399662822,2.6022130577427,2.5861495268398973
2,adam,adam,AdamW,,adam,,,requested,1.1,nan,nominal,0.003,additive,1.0,nn_ce,2.2504740078131276,110,110,1.0,2.1946437630575755,2.185591893742802,2.199868974562599,2.192459944860065,-0.055830244755552094,-0.06488211407032551,-0.050605033250528564,-0.058014062953062995,nan,nan,nan,nan,nan,nan,nan,nan,0.48109279771660596,0.4749392388089724,0.4924109094274563,0.48716086458392815,0.0,0.0,0.0,0.0,0.0,0.0,0.0,0.0,13.304880295440103,13.12122118539428,13.478982225749608,13.299709578015374,0.0,0.0,0.0,0.0,nan,nan,nan,nan,23.475270456586358,23.35523798039772,23.59062156957763,23.48195311784026,nan,nan,nan,nan,0.45703125,0.45458984375,0.4580078125,0.45654296875,0.375,0.37451171875,0.37939453125,0.376220703125,2.5534288727805086,2.5317759487828515,2.5713208142317856,2.552155711342291
2,adam,adam,AdamW,,adam,,,requested,1.1,nan,nominal,0.003,additive,1.0,nn_ce,2.2504740078131276,120,120,1.0,2.1498871130631136,2.1416018000804633,2.1537461315808786,2.1463368685787945,-0.10058689475001392,-0.10887220773266415,-0.09672787623224899,-0.10413713923433315,nan,nan,nan,nan,nan,nan,nan,nan,0.4633308905885536,0.4611014155836334,0.4785088253645896,0.4710940515576873,0.0,0.0,0.0,0.0,0.0,0.0,0.0,0.0,13.114549740952052,13.033108451989003,13.354816313113794,13.214973859166395,0.0,0.0,0.0,0.0,nan,nan,nan,nan,23.43479496422713,23.328217456306277,23.53158710591176,23.444762567208763,nan,nan,nan,nan,0.4638671875,0.45947265625,0.46728515625,0.462646484375,0.380859375,0.376953125,0.3857421875,0.3798828125,2.5244140603970893,2.50181189580603,2.542061280818108,2.5230806188864117
2,adam,adam,AdamW,,adam,,,requested,1.1,nan,nominal,0.003,additive,1.0,nn_ce,2.2504740078131276,130,130,1.0,2.103539058104421,2.0997424507652847,2.1144712628370064,2.104534627154793,-0.14693494970870669,-0.1507315570478428,-0.13600274497612141,-0.14593938065833462,nan,nan,nan,nan,nan,nan,nan,nan,0.4522465976852462,0.4501027436712391,0.4689183943952834,0.4588349917615884,0.0,0.0,0.0,0.0,0.0,0.0,0.0,0.0,13.34747995686547,13.10060297525081,13.36836801112145,13.277804632337642,0.0,0.0,0.0,0.0,nan,nan,nan,nan,23.426939471537864,23.3154572834648,23.474192636127025,23.411056250368002,nan,nan,nan,nan,0.46875,0.46435546875,0.4736328125,0.46630859375,0.380859375,0.37841796875,0.3876953125,0.382080078125,2.4967383752003722,2.4764448568917565,2.5136225151721687,2.4963563807271214
2,adam,adam,AdamW,,adam,,,requested,1.1,nan,nominal,0.003,additive,1.0,nn_ce,2.2504740078131276,140,140,1.0,2.066960474125016,2.0606148906404553,2.07787840217771,2.067281813355459,-0.18351353368811152,-0.18985911717267212,-0.17259560563541776,-0.1831921944576685,nan,nan,nan,nan,nan,nan,nan,nan,0.44252431593493935,0.44134147559921666,0.4594488528928081,0.4486688229483793,0.0,0.0,0.0,0.0,0.0,0.0,0.0,0.0,13.129301203657972,12.980796461340512,13.271563006426915,13.145334062491045,0.0,0.0,0.0,0.0,nan,nan,nan,nan,23.391237311251075,23.310172505070618,23.42551751274995,23.37247520325888,nan,nan,nan,nan,0.474609375,0.46826171875,0.47900390625,0.4716796875,0.3798828125,0.37451171875,0.38427734375,0.38037109375,2.472071641231808,2.4518404600213763,2.4887661087238397,2.47242339801915
2,adam,adam,AdamW,,adam,,,requested,1.1,nan,nominal,0.003,additive,1.0,nn_ce,2.2504740078131276,150,150,1.0,2.0324780919158005,2.0286914779842196,2.045330729948006,2.033467999567251,-0.2179959158973268,-0.2217825298289079,-0.20514327786512154,-0.2170060082458764,nan,nan,nan,nan,nan,nan,nan,nan,0.4358428109051004,0.4343694340715103,0.4464323503541526,0.44037005125377443,0.0,0.0,0.0,0.0,0.0,0.0,0.0,0.0,12.855030299150453,12.813029216517712,13.213219246799023,12.99696658714128,0.0,0.0,0.0,0.0,nan,nan,nan,nan,23.36022970425679,23.317581310414916,23.408499421996325,23.346803057686806,nan,nan,nan,nan,0.4765625,0.46826171875,0.48291015625,0.475830078125,0.384765625,0.38232421875,0.38720703125,0.383544921875,2.4524364550884004,2.429178799143152,2.467232882270932,2.451542279733993
2,adam,adam,AdamW,,adam,,,requested,1.1,nan,nominal,0.003,additive,1.0,nn_ce,2.2504740078131276,160,160,1.0,2.0012945644442866,1.9982514124388722,2.014791825727398,2.0027518867893583,-0.2491794433688409,-0.2522225953742553,-0.23568218208572966,-0.2477221210237694,nan,nan,nan,nan,nan,nan,nan,nan,0.4305692138855731,0.42769239113239604,0.43660555872037554,0.4321611792388714,0.0,0.0,0.0,0.0,0.0,0.0,0.0,0.0,13.103619750893106,12.83919364293653,13.283428584264357,13.07502589928432,0.0,0.0,0.0,0.0,nan,nan,nan,nan,23.339714516580063,23.293244349244002,23.35990471444169,23.314091019163897,nan,nan,nan,nan,0.4814453125,0.4775390625,0.48486328125,0.4814453125,0.3916015625,0.388671875,0.3935546875,0.390380859375,2.4326515725015203,2.411780204464357,2.448865585663379,2.432927298590958
2,adam,adam,AdamW,,adam,,,requested,1.1,nan,nominal,0.003,additive,1.0,nn_ce,2.2504740078131276,170,170,1.0,1.9715147778350728,1.9682648290821088,1.9886112815388703,1.9742180645378742,-0.2789592299780548,-0.28220917873101875,-0.26186272627425716,-0.27625594327525343,nan,nan,nan,nan,nan,nan,nan,nan,0.42400765445287253,0.42033900647394573,0.4289575256188782,0.42447106554831604,0.0,0.0,0.0,0.0,0.0,0.0,0.0,0.0,13.16113234259235,12.888789644642573,13.400223598483958,13.13432124630831,0.0,0.0,0.0,0.0,nan,nan,nan,nan,23.31435963954206,23.262507183002366,23.342421187690164,23.287486234671817,nan,nan,nan,nan,0.4853515625,0.48291015625,0.490234375,0.485107421875,0.3935546875,0.38623046875,0.39501953125,0.3896484375,2.4162799069244567,2.3952071295388917,2.429004794424079,2.4150787638704885
2,adam,adam,AdamW,,adam,,,requested,1.1,nan,nominal,0.003,additive,1.0,nn_ce,2.2504740078131276,180,180,1.0,1.943634343504359,1.941197019625418,1.9641732775646241,1.947795222341969,-0.30683966430876863,-0.30927698818770966,-0.2863007302485035,-0.3026787854711585,nan,nan,nan,nan,nan,nan,nan,nan,0.41736450054572327,0.41229986812443503,0.4223360270632524,0.4169400346779695,0.0,0.0,0.0,0.0,0.0,0.0,0.0,0.0,13.046998912661694,12.782580100443568,13.339380929500685,13.008574536177786,0.0,0.0,0.0,0.0,nan,nan,nan,nan,23.299831847119446,23.2084390819726,23.354979160737898,23.27010548385927,nan,nan,nan,nan,0.48828125,0.4833984375,0.4931640625,0.48828125,0.3896484375,0.3857421875,0.39453125,0.388671875,2.4019036607859325,2.3792751428336305,2.410968737435471,2.3988955448384504
2,adam,adam,AdamW,,adam,,,requested,1.1,nan,nominal,0.003,additive,1.0,nn_ce,2.2504740078131276,190,190,1.0,1.9211869784462174,1.9164505439630017,1.9397033386424676,1.9242114537338642,-0.3292870293669101,-0.3340234638501259,-0.31077066917065993,-0.3262625540792635,nan,nan,nan,nan,nan,nan,nan,nan,0.4122598189936497,0.40735952100119815,0.4164236277558308,0.4114555252825447,0.0,0.0,0.0,0.0,0.0,0.0,0.0,0.0,13.022214766816358,12.853834502937302,13.136602867759631,12.994594032054085,0.0,0.0,0.0,0.0,nan,nan,nan,nan,23.2654351457332,23.15527406340977,23.33365451837024,23.240580537292306,nan,nan,nan,nan,0.4873046875,0.48583984375,0.49609375,0.49072265625,0.39453125,0.39013671875,0.40087890625,0.393310546875,2.3883632231955048,2.3659350630885565,2.3986786672417404,2.3855298486750636
2,adam,adam,AdamW,,adam,,,requested,1.1,nan,nominal,0.003,additive,1.0,nn_ce,2.2504740078131276,200,200,1.0,1.9001327166531494,1.8947333081282545,1.9182392769716918,1.9027593147410955,-0.35034129115997814,-0.3557406996848731,-0.33223473084143573,-0.347714693072032,nan,nan,nan,nan,nan,nan,nan,nan,0.40754372041288267,0.4019212661484749,0.4106743252096952,0.406029987506421,0.0,0.0,0.0,0.0,0.0,0.0,0.0,0.0,12.808017467024492,12.476773538338964,12.925308390107414,12.70595046566902,0.0,0.0,0.0,0.0,nan,nan,nan,nan,23.258086163848454,23.112707736009597,23.303070157189683,23.211892620100265,nan,nan,nan,nan,0.494140625,0.48974609375,0.49658203125,0.49462890625,0.3974609375,0.392578125,0.39990234375,0.3955078125,2.3748700893115773,2.354150834290473,2.3860877218159584,2.373043248455088
2,adam,adam,AdamW,,adam,,,requested,1.1,nan,nominal,0.003,additive,1.0,nn_ce,2.2504740078131276,210,210,1.0,1.8820346282052873,1.8747804340724419,1.899644050947936,1.8833943568124787,-0.36843937960784034,-0.37569357374068574,-0.35082995686519164,-0.36707965100064865,nan,nan,nan,nan,nan,nan,nan,nan,0.40396416345279695,0.39741437243307104,0.4056405648043564,0.40144625288761293,0.0,0.0,0.0,0.0,0.0,0.0,0.0,0.0,12.732461449751668,12.656404228911885,12.901524901109765,12.785250539604636,0.0,0.0,0.0,0.0,nan,nan,nan,nan,23.234385873914814,23.0750193839649,23.261185024233768,23.176499261824333,nan,nan,nan,nan,0.4990234375,0.49658203125,0.5009765625,0.498779296875,0.396484375,0.3955078125,0.39990234375,0.396484375,2.3625047094788085,2.344031391193194,2.3740790725392236,2.3617649111183607
2,adam,adam,AdamW,,adam,,,requested,1.1,nan,nominal,0.003,additive,1.0,nn_ce,2.2504740078131276,220,220,1.0,1.8647645859488244,1.8563671472802712,1.881921587170751,1.8656919948958457,-0.3857094218643031,-0.3941068605328565,-0.36855242064237653,-0.38478201291728176,nan,nan,nan,nan,nan,nan,nan,nan,0.3997808060491397,0.39349238305093115,0.40083478242848763,0.39680003601712766,0.0,0.0,0.0,0.0,0.0,0.0,0.0,0.0,12.586924866196599,12.47522385383919,12.82340485953042,12.685086328093746,0.0,0.0,0.0,0.0,nan,nan,nan,nan,23.20250613264877,23.058501872370616,23.22397423544012,23.1425513584412,nan,nan,nan,nan,0.5,0.49560546875,0.501953125,0.49951171875,0.3974609375,0.3955078125,0.40087890625,0.396484375,2.3505572384086353,2.335019947741281,2.3664496725783692,2.352000299558591
2,adam,adam,AdamW,,adam,,,requested,1.1,nan,nominal,0.003,additive,1.0,nn_ce,2.2504740078131276,230,230,1.0,1.8491875706465433,1.8397331017376288,1.8648730172710137,1.8493370660388162,-0.4012864371665843,-0.4107409060754986,-0.38560099054211383,-0.4011369417743114,nan,nan,nan,nan,nan,nan,nan,nan,0.3955192467796268,0.38967079778667396,0.3973770072918926,0.3928354989257337,0.0,0.0,0.0,0.0,0.0,0.0,0.0,0.0,12.874491847547342,12.66690383425152,12.985970835952456,12.868653349549671,0.0,0.0,0.0,0.0,nan,nan,nan,nan,23.16573612316687,23.06128766755373,23.18622090118008,23.115292430183572,nan,nan,nan,nan,0.5,0.49609375,0.50439453125,0.500732421875,0.3974609375,0.39208984375,0.400390625,0.395751953125,2.3414601361418885,2.32715945006802,2.3569744920984244,2.3432799976904635
2,adam,adam,AdamW,,adam,,,requested,1.1,nan,nominal,0.003,additive,1.0,nn_ce,2.2504740078131276,240,240,1.0,1.8342060007934875,1.82524430371021,1.8489327520613643,1.834496892998969,-0.41626800701964006,-0.42522970410291755,-0.40154125575176325,-0.41597711481415844,nan,nan,nan,nan,nan,nan,nan,nan,0.39115570552085044,0.3858990256449844,0.3946250141040782,0.38921350668099897,0.0,0.0,0.0,0.0,0.0,0.0,0.0,0.0,12.723807390502362,12.388426097403421,12.983260121480768,12.666085781358678,0.0,0.0,0.0,0.0,nan,nan,nan,nan,23.141584253046265,23.04997905488591,23.178590889864033,23.09402668972982,nan,nan,nan,nan,0.5009765625,0.49853515625,0.50439453125,0.501953125,0.39453125,0.39306640625,0.39697265625,0.39404296875,2.3342550134944724,2.321568191160631,2.349428763861554,2.335798749496895
2,adam,adam,AdamW,,adam,,,requested,1.1,nan,nominal,0.003,additive,1.0,nn_ce,2.2504740078131276,250,250,1.0,1.819110509399851,1.8109057956795154,1.8339836737420727,1.8203195809289499,-0.4313634984132766,-0.43956821213361214,-0.41649033407105496,-0.43015442688417777,nan,nan,nan,nan,nan,nan,nan,nan,0.38811751646379766,0.3817455514193828,0.3916171533225261,0.3859992201935662,0.0,0.0,0.0,0.0,0.0,0.0,0.0,0.0,12.423108535023141,12.378636397153564,12.587580003499518,12.499817005157901,0.0,0.0,0.0,0.0,nan,nan,nan,nan,23.10670935210657,23.05651647336866,23.159970405337678,23.072910812399844,nan,nan,nan,nan,0.5048828125,0.5009765625,0.50927734375,0.5048828125,0.400390625,0.39306640625,0.40234375,0.397216796875,2.3270610753080803,2.3155843870672888,2.3411435002929926,2.3282966451402376
2,adam,adam,AdamW,,adam,,,requested,1.1,nan,nominal,0.003,additive,1.0,nn_ce,2.2504740078131276,260,260,1.0,1.8069197561169128,1.7986788329374057,1.8213277122978428,1.8080676149982242,-0.4435542516962149,-0.4517951748757218,-0.42914629551528477,-0.44240639281490324,nan,nan,nan,nan,nan,nan,nan,nan,0.38452659602726785,0.3783947788888611,0.38942500272738056,0.38329563673768685,0.0,0.0,0.0,0.0,0.0,0.0,0.0,0.0,12.535236123659747,12.325406684734624,12.81082970253058,12.531000983173675,0.0,0.0,0.0,0.0,nan,nan,nan,nan,23.086702563304712,23.038318402359266,23.136233598822393,23.049301228498276,nan,nan,nan,nan,0.5078125,0.50537109375,0.51220703125,0.508056640625,0.400390625,0.392578125,0.40234375,0.3974609375,2.3219314190165514,2.3082381013724493,2.3325757211510147,2.321540728055329
2,adam,adam,AdamW,,adam,,,requested,1.1,nan,nominal,0.003,additive,1.0,nn_ce,2.2504740078131276,270,270,1.0,1.7955765349013162,1.7866433591746622,1.8099773189819308,1.7967868092676949,-0.4548974729118114,-0.46383064863846535,-0.4404966888311967,-0.4536871985454327,nan,nan,nan,nan,nan,nan,nan,nan,0.3810675328609211,0.3763028123443093,0.38615212436119545,0.38044757217164,0.0,0.0,0.0,0.0,0.0,0.0,0.0,0.0,12.604799740510328,12.492521684169498,12.83161615732136,12.6341929042277,0.0,0.0,0.0,0.0,nan,nan,nan,nan,23.073630697604365,23.00846602086964,23.110446757059123,23.031287477832848,nan,nan,nan,nan,0.5107421875,0.5087890625,0.513671875,0.509521484375,0.3994140625,0.396484375,0.404296875,0.399169921875,2.3165738695194733,2.3015784608469785,2.326511768768749,2.3156396738998124
2,adam,adam,AdamW,,adam,,,requested,1.1,nan,nominal,0.003,additive,1.0,nn_ce,2.2504740078131276,280,280,1.0,1.7855667470782128,1.776072223355524,1.8003127088295947,1.78655955566892,-0.46490726073491473,-0.4744017844576036,-0.4501612989835328,-0.46391445214420757,nan,nan,nan,nan,nan,nan,nan,nan,0.3779712813558178,0.3742225502428195,0.38278219723739054,0.3779141947372012,0.0,0.0,0.0,0.0,0.0,0.0,0.0,0.0,12.540471677850602,12.252412054740267,12.732533551109729,12.454370625379529,0.0,0.0,0.0,0.0,nan,nan,nan,nan,23.0672387278542,22.97436397145892,23.08657938932025,23.01587871954024,nan,nan,nan,nan,0.5126953125,0.5107421875,0.515625,0.51171875,0.400390625,0.39599609375,0.4052734375,0.400146484375,2.3115745860293835,2.2960936642538807,2.319469697899004,2.3095066977072896
2,adam,adam,AdamW,,adam,,,requested,1.1,nan,nominal,0.003,additive,1.0,nn_ce,2.2504740078131276,290,290,1.0,1.7759408444172688,1.7657946134263383,1.7907184154129512,1.7768456943608335,-0.4745331633958587,-0.4846793943867893,-0.4597555924001764,-0.47362831345229406,nan,nan,nan,nan,nan,nan,nan,nan,0.37495934959106336,0.3721889817189951,0.3800631710487601,0.3753498026886427,0.0,0.0,0.0,0.0,0.0,0.0,0.0,0.0,12.676581861680756,12.228891540739134,12.942955600791041,12.569405959712315,0.0,0.0,0.0,0.0,nan,nan,nan,nan,23.061144661951523,22.961017874002767,23.077383778616607,23.006185592044694,nan,nan,nan,nan,0.5126953125,0.51123046875,0.51611328125,0.51220703125,0.40234375,0.39697265625,0.40673828125,0.401123046875,2.306762989645068,2.2914656025919573,2.3137684257015536,2.303985564033594
2,adam,adam,AdamW,,adam,,,requested,1.1,nan,nominal,0.003,additive,1.0,nn_ce,2.2504740078131276,300,300,1.0,1.7671518626066272,1.7575399764562245,1.782407190616384,1.768592242474928,-0.4833221452065005,-0.49293403135690306,-0.4680668171967434,-0.4818817653381995,nan,nan,nan,nan,nan,nan,nan,nan,0.37300302866167323,0.3704019364453509,0.37836496596031405,0.37361175981306355,0.0,0.0,0.0,0.0,0.0,0.0,0.0,0.0,12.706196966802715,12.456927460840014,12.866854543268314,12.647389113111291,0.0,0.0,0.0,0.0,nan,nan,nan,nan,23.05363025817753,22.959643901459177,23.067556703897054,22.999343865908255,nan,nan,nan,nan,0.515625,0.51318359375,0.517578125,0.513916015625,0.4033203125,0.3974609375,0.4072265625,0.402587890625,2.3026721208871614,2.2873308292577725,2.309959420487665,2.2995519652510206
2,adam,adam,AdamW,,adam,,,requested,1.1,nan,nominal,0.003,additive,1.0,nn_ce,2.2504740078131276,310,310,1.0,1.7595815661820495,1.7488937518741796,1.7749369785543598,1.7610263855848112,-0.49089244163107815,-0.501580255938948,-0.47553702925876773,-0.4894476222283163,nan,nan,nan,nan,nan,nan,nan,nan,0.37116034526971287,0.3677829737805769,0.37649914408407414,0.37171947044254794,0.0,0.0,0.0,0.0,0.0,0.0,0.0,0.0,12.814335352787303,12.764627952698584,12.932593401276696,12.83066568687145,0.0,0.0,0.0,0.0,nan,nan,nan,nan,23.050286718358148,22.95572889642777,23.06059894197506,22.99391550338254,nan,nan,nan,nan,0.5166015625,0.51416015625,0.51806640625,0.515380859375,0.4033203125,0.4013671875,0.40771484375,0.40380859375,2.300212060899125,2.282906629446738,2.306373625681238,2.2956473190484683
2,adam,adam,AdamW,,adam,,,requested,1.1,nan,nominal,0.003,additive,1.0,nn_ce,2.2504740078131276,320,320,1.0,1.7527213421209749,1.7417644801317411,1.7677735141140312,1.7541469291338012,-0.4977526656921527,-0.5087095276813864,-0.48270049369909646,-0.4963270786793264,nan,nan,nan,nan,nan,nan,nan,nan,0.3695901541289434,0.3655319809900921,0.37372059838541244,0.36976890797576634,0.0,0.0,0.0,0.0,0.0,0.0,0.0,0.0,12.463266243367743,12.325946844778393,12.75482821764004,12.510800382329304,0.0,0.0,0.0,0.0,nan,nan,nan,nan,23.042978823665436,22.954849414655598,23.04981387848381,22.98744940089562,nan,nan,nan,nan,0.5166015625,0.51416015625,0.52001953125,0.515625,0.4052734375,0.40185546875,0.40966796875,0.4052734375,2.2965609989262976,2.278874428896225,2.303035043294786,2.2919723040704008
2,adam,adam,AdamW,,adam,,,requested,1.1,nan,nominal,0.003,additive,1.0,nn_ce,2.2504740078131276,330,330,1.0,1.7466328405180933,1.7354623555481548,1.7618334791856025,1.7480388512326002,-0.5038411672950343,-0.5150116522649728,-0.48864052862752505,-0.5024351565805276,nan,nan,nan,nan,nan,nan,nan,nan,0.3679268725968635,0.36387981739089864,0.3715894568486727,0.3678700677266761,0.0,0.0,0.0,0.0,0.0,0.0,0.0,0.0,12.307125631429741,12.163893449528585,12.513634661876864,12.369627281568821,0.0,0.0,0.0,0.0,nan,nan,nan,nan,23.0270998108955,22.95653094354372,23.039714652491057,22.978940806281738,nan,nan,nan,nan,0.515625,0.513671875,0.521484375,0.51611328125,0.404296875,0.4013671875,0.41064453125,0.40478515625,2.2925515488739006,2.2753788032033984,2.300217022922867,2.288704248019899
2,adam,adam,AdamW,,adam,,,requested,1.1,nan,nominal,0.003,additive,1.0,nn_ce,2.2504740078131276,340,340,1.0,1.741262343362803,1.7302061105592352,1.7565061062352727,1.742841123327767,-0.5092116644503246,-0.5202678972538923,-0.4939679015778548,-0.5076328844853608,nan,nan,nan,nan,nan,nan,nan,nan,0.36697095672334057,0.3626031328205513,0.3701666663242755,0.36673012707168884,0.0,0.0,0.0,0.0,0.0,0.0,0.0,0.0,12.40533565468126,12.297209233098496,12.698647490961267,12.55615896259509,0.0,0.0,0.0,0.0,nan,nan,nan,nan,23.0127665773943,22.94581510976855,23.035652394337138,22.969527861619916,nan,nan,nan,nan,0.5166015625,0.51513671875,0.51953125,0.516845703125,0.404296875,0.40283203125,0.41064453125,0.4052734375,2.2897363705257425,2.2731886845180087,2.2980028270110298,2.286135414509771
2,adam,adam,AdamW,,adam,,,requested,1.1,nan,nominal,0.003,additive,1.0,nn_ce,2.2504740078131276,350,350,1.0,1.7366461817459835,1.7255298664391774,1.752004634506963,1.7381940273850063,-0.513827826067144,-0.5249441413739502,-0.4984693733061645,-0.5122799804281214,nan,nan,nan,nan,nan,nan,nan,nan,0.3664778757225956,0.3611077083725944,0.3690827579133387,0.3658026299946999,0.0,0.0,0.0,0.0,0.0,0.0,0.0,0.0,12.432603670173378,12.267908105481702,12.991773668335192,12.631027181719638,0.0,0.0,0.0,0.0,nan,nan,nan,nan,23.000874224128104,22.94312075760468,23.030290890772985,22.962018464156966,nan,nan,nan,nan,0.515625,0.51513671875,0.521484375,0.51708984375,0.40625,0.4013671875,0.41064453125,0.40576171875,2.2874398221420895,2.2708823700354834,2.2963374631517612,2.2838265052096975
2,adam,adam,AdamW,,adam,,,requested,1.1,nan,nominal,0.003,additive,1.0,nn_ce,2.2504740078131276,360,360,1.0,1.7325623418073115,1.7215734639897566,1.7476815446616767,1.733978255580331,-0.5179116660058162,-0.5289005438233709,-0.5027924631514508,-0.5164957522327968,nan,nan,nan,nan,nan,nan,nan,nan,0.36509797947747874,0.35940462521708116,0.3682223838002957,0.36473023613608463,0.0,0.0,0.0,0.0,0.0,0.0,0.0,0.0,12.377707132351855,12.156001593615997,12.638984901458794,12.492086969741152,0.0,0.0,0.0,0.0,nan,nan,nan,nan,22.990763855081266,22.941971907617933,23.02764249898328,22.955916061707995,nan,nan,nan,nan,0.5166015625,0.513671875,0.52197265625,0.517578125,0.408203125,0.40087890625,0.41064453125,0.406005859375,2.285686932464486,2.2695449509598538,2.2945624357852994,2.2819431222393014
2,adam,adam,AdamW,,adam,,,requested,1.1,nan,nominal,0.003,additive,1.0,nn_ce,2.2504740078131276,370,370,1.0,1.7292291612336488,1.7184544654244527,1.7442769353693681,1.7305532100272711,-0.5212448465794789,-0.5320195423886749,-0.5061970724437594,-0.5199207977858564,nan,nan,nan,nan,nan,nan,nan,nan,0.3645547103565363,0.358596814787406,0.3672348854065941,0.3639305303066912,0.0,0.0,0.0,0.0,0.0,0.0,0.0,0.0,12.48553216805952,12.428090642847593,12.793206140785852,12.604272230525039,0.0,0.0,0.0,0.0,nan,nan,nan,nan,22.986524970895218,22.942651498160128,23.012785478479397,22.948827968182606,nan,nan,nan,nan,0.517578125,0.51513671875,0.521484375,0.517578125,0.408203125,0.404296875,0.4091796875,0.40673828125,2.2847406277110607,2.268918726051118,2.292675475261415,2.2804196251040065
2,adam,adam,AdamW,,adam,,,requested,1.1,nan,nominal,0.003,additive,1.0,nn_ce,2.2504740078131276,380,380,1.0,1.7262873011400788,1.7150153880516497,1.740906472353319,1.7274061562984393,-0.5241867066730488,-0.5354586197614779,-0.5095675354598087,-0.5230678515146883,nan,nan,nan,nan,nan,nan,nan,nan,0.3639605330601934,0.35761025700485427,0.366519028096412,0.36307694382866706,0.0,0.0,0.0,0.0,0.0,0.0,0.0,0.0,12.620744457868433,12.539522337453045,12.653797955155579,12.656981680797664,0.0,0.0,0.0,0.0,nan,nan,nan,nan,22.983072320075973,22.943995909705112,23.001834594312538,22.94350050106103,nan,nan,nan,nan,0.5205078125,0.51904296875,0.52392578125,0.52099609375,0.4072265625,0.404296875,0.412109375,0.406982421875,2.283433376862272,2.267989410663838,2.2904817309488665,2.2787336734664274
2,adam,adam,AdamW,,adam,,,requested,1.1,nan,nominal,0.003,additive,1.0,nn_ce,2.2504740078131276,390,390,1.0,1.7238538586917949,1.712195051799865,1.7379637854410297,1.7247389202465537,-0.5266201491213327,-0.5382789560132626,-0.5125102223720979,-0.5257350875665739,nan,nan,nan,nan,nan,nan,nan,nan,0.3633569777161767,0.3568824208637241,0.3657344357573121,0.36228789171252773,0.0,0.0,0.0,0.0,0.0,0.0,0.0,0.0,12.484386340762718,12.285921467020286,12.836085650788624,12.546097422459386,0.0,0.0,0.0,0.0,nan,nan,nan,nan,22.98404089920986,22.940824336164813,23.005784470055186,22.942623706735354,nan,nan,nan,nan,0.521484375,0.51904296875,0.5244140625,0.52197265625,0.4091796875,0.40283203125,0.41259765625,0.40771484375,2.282068511746333,2.2670104188334133,2.2883692275630416,2.2772063010751995
2,adam,adam,AdamW,,adam,,,requested,1.1,nan,nominal,0.003,additive,1.0,nn_ce,2.2504740078131276,400,400,1.0,1.722004042419073,1.7100022315610073,1.7355247823350584,1.7225571170192284,-0.5284699653940546,-0.5404717762521203,-0.5149492254780693,-0.5279168907938993,nan,nan,nan,nan,nan,nan,nan,nan,0.36242243218918635,0.3564053129281579,0.364958378466102,0.3615996022706155,0.0,0.0,0.0,0.0,0.0,0.0,0.0,0.0,12.131712722754294,11.900607720180426,12.363399256170338,12.190448194403738,0.0,0.0,0.0,0.0,nan,nan,nan,nan,22.98189987898742,22.937869537705573,23.005099618618193,22.941107764184622,nan,nan,nan,nan,0.521484375,0.51904296875,0.52392578125,0.521728515625,0.4091796875,0.40283203125,0.41064453125,0.407470703125,2.280749431808623,2.266024518479735,2.2869592340969573,2.2758771945900698
2,adam,adam,AdamW,,adam,,,requested,1.1,nan,nominal,0.003,additive,1.0,nn_ce,2.2504740078131276,410,410,1.0,1.7203233610149722,1.708366820636261,1.7335144647282976,1.720759802785038,-0.5301506467981554,-0.5421071871768665,-0.5169595430848298,-0.5297142050280896,nan,nan,nan,nan,nan,nan,nan,nan,0.3619328373746893,0.35589012946911885,0.36460101031640424,0.3613473542489721,0.0,0.0,0.0,0.0,0.0,0.0,0.0,0.0,12.482395979052885,12.113145442375703,12.704518159033913,12.380297221528098,0.0,0.0,0.0,0.0,nan,nan,nan,nan,22.979535420314043,22.937434120881562,23.000585508779906,22.939438199501616,nan,nan,nan,nan,0.521484375,0.5205078125,0.52392578125,0.52197265625,0.4091796875,0.40283203125,0.4111328125,0.407958984375,2.279698012703582,2.264903472964134,2.2856328743304766,2.2746990504339095
2,adam,adam,AdamW,,adam,,,requested,1.1,nan,nominal,0.003,additive,1.0,nn_ce,2.2504740078131276,420,420,1.0,1.7189817387196977,1.706860864538087,1.731887703426664,1.7192510756450683,-0.5314922690934298,-0.5436131432750406,-0.5185863043864636,-0.5312229321680592,nan,nan,nan,nan,nan,nan,nan,nan,0.3615736599905514,0.355769249949349,0.36396610802252993,0.3609412890914398,0.0,0.0,0.0,0.0,0.0,0.0,0.0,0.0,12.408433130789703,12.202435425515395,12.569784520746797,12.359147638047274,0.0,0.0,0.0,0.0,nan,nan,nan,nan,22.97739124338503,22.937603230377988,22.99704699994996,22.937752187421555,nan,nan,nan,nan,0.5234375,0.51904296875,0.52490234375,0.522705078125,0.4091796875,0.40283203125,0.41064453125,0.40771484375,2.278829339605844,2.2639296734162615,2.2848296344523344,2.273798544923567
2,adam,adam,AdamW,,adam,,,requested,1.1,nan,nominal,0.003,additive,1.0,nn_ce,2.2504740078131276,430,430,1.0,1.7178595867489208,1.705628893128921,1.7306162497481155,1.718007656044307,-0.5326144210642068,-0.5448451146842067,-0.5198577580650122,-0.5324663517688206,nan,nan,nan,nan,nan,nan,nan,nan,0.36107355624717385,0.3555134995176693,0.3636902300602067,0.36062623507705294,0.0,0.0,0.0,0.0,0.0,0.0,0.0,0.0,12.35446118370318,12.051762931807104,12.655293135770094,12.305597005021694,0.0,0.0,0.0,0.0,nan,nan,nan,nan,22.976323918473668,22.93682819093752,22.993036051760203,22.936692264600957,nan,nan,nan,nan,0.5234375,0.51904296875,0.52490234375,0.52294921875,0.408203125,0.40283203125,0.4111328125,0.40771484375,2.2780233536733605,2.263127510182631,2.284289757325035,2.2730244779074944
2,adam,adam,AdamW,,adam,,,requested,1.1,nan,nominal,0.003,additive,1.0,nn_ce,2.2504740078131276,440,440,1.0,1.7169235649527939,1.7046646392756408,1.7296298808395116,1.7170335190799233,-0.5335504428603337,-0.5458093685374867,-0.5208441269736158,-0.533440488733204,nan,nan,nan,nan,nan,nan,nan,nan,0.3609246294989438,0.35522189591644665,0.3634022694851188,0.3603786689806263,0.0,0.0,0.0,0.0,0.0,0.0,0.0,0.0,12.792235500647822,12.39865701562486,12.836900729104364,12.595686264412569,0.0,0.0,0.0,0.0,nan,nan,nan,nan,22.976127736237103,22.935085136136237,22.991144201381903,22.935938125775483,nan,nan,nan,nan,0.5224609375,0.52099609375,0.5263671875,0.523681640625,0.408203125,0.40283203125,0.4111328125,0.40771484375,2.277363900153869,2.2625023354710283,2.2839018230518002,2.2724273096472327
2,adam,adam,AdamW,,adam,,,requested,1.1,nan,nominal,0.003,additive,1.0,nn_ce,2.2504740078131276,450,450,1.0,1.716171564990645,1.7039870040460579,1.7288769614326198,1.7162974126695465,-0.5343024428224824,-0.5464870037670697,-0.5215970463805077,-0.5341765951435812,nan,nan,nan,nan,nan,nan,nan,nan,0.36084565473467833,0.35515047046159365,0.36311683450072696,0.36022486608254917,0.0,0.0,0.0,0.0,0.0,0.0,0.0,0.0,12.13141242687239,11.82496526077045,12.523876372759702,12.199329229975424,0.0,0.0,0.0,0.0,nan,nan,nan,nan,22.975498148899447,22.933555005143266,22.991378777971747,22.935203525749156,nan,nan,nan,nan,0.521484375,0.52099609375,0.52685546875,0.52392578125,0.408203125,0.40283203125,0.4111328125,0.40771484375,2.2768730122861816,2.2620550498768486,2.2837095712514044,2.2720292982633192
2,adam,adam,AdamW,,adam,,,requested,1.1,nan,nominal,0.003,additive,1.0,nn_ce,2.2504740078131276,460,460,1.0,1.7155955736742485,1.703458303743962,1.728413608586028,1.7157547505906978,-0.5348784341388791,-0.5470157040691656,-0.5220603992270996,-0.5347192572224297,nan,nan,nan,nan,nan,nan,nan,nan,0.3605228521293433,0.3549599968467618,0.3630425249340057,0.3600189546878021,0.0,0.0,0.0,0.0,0.0,0.0,0.0,0.0,12.031616621547874,12.006346119529603,12.10673277404476,12.064874343202314,0.0,0.0,0.0,0.0,nan,nan,nan,nan,22.976151435611897,22.932391226105015,22.99127353314703,22.935003469350278,nan,nan,nan,nan,0.5224609375,0.51953125,0.52734375,0.524169921875,0.4072265625,0.40283203125,0.4111328125,0.407470703125,2.2765178436455384,2.261692820140391,2.2834744300260956,2.271724587694263
2,adam,adam,AdamW,,adam,,,requested,1.1,nan,nominal,0.003,additive,1.0,nn_ce,2.2504740078131276,470,470,1.0,1.7152066125744745,1.703099863651457,1.7280679709726243,1.7153695699784914,-0.5352673952386532,-0.5473741441616705,-0.5224060368405032,-0.5351044378346359,nan,nan,nan,nan,nan,nan,nan,nan,0.36038962813292374,0.35481936106404605,0.3629796233617184,0.3599159219425174,0.0,0.0,0.0,0.0,0.0,0.0,0.0,0.0,12.392334262554769,12.144857972031513,12.715429285313336,12.446525170991503,0.0,0.0,0.0,0.0,nan,nan,nan,nan,22.976579888662744,22.93106101316892,22.99107882721963,22.934648651403304,nan,nan,nan,nan,0.5224609375,0.51953125,0.52734375,0.524169921875,0.4072265625,0.40283203125,0.4111328125,0.407470703125,2.276319032807088,2.2615091717609546,2.2832889875258697,2.2715244977149966
2,adam,adam,AdamW,,adam,,,requested,1.1,nan,nominal,0.003,additive,1.0,nn_ce,2.2504740078131276,480,480,1.0,1.7149085447121282,1.7028173711777683,1.727777449475794,1.7150895324306594,-0.5355654631009994,-0.5476566366353592,-0.5226965583373336,-0.535384475382468,nan,nan,nan,nan,nan,nan,nan,nan,0.360377253724531,0.35476745754000616,0.36292144586627173,0.3598517730013109,0.0,0.0,0.0,0.0,0.0,0.0,0.0,0.0,12.2481267856028,12.102717493237789,12.648119575837416,12.212865810142503,0.0,0.0,0.0,0.0,nan,nan,nan,nan,22.977150281643194,22.930289500258333,22.99116825278958,22.934502672349375,nan,nan,nan,nan,0.5224609375,0.52099609375,0.52734375,0.5244140625,0.4072265625,0.40283203125,0.41259765625,0.40771484375,2.27617383530952,2.261413308959694,2.28314337271239,2.271390252004811
2,adam,adam,AdamW,,adam,,,requested,1.1,nan,nominal,0.003,additive,1.0,nn_ce,2.2504740078131276,490,490,1.0,1.7146971971232874,1.7026134354065776,1.727554824530373,1.7148767713388557,-0.5357768106898402,-0.54786057240655,-0.5229191832827548,-0.5355972364742716,nan,nan,nan,nan,nan,nan,nan,nan,0.3603104439570447,0.3547282820214086,0.3629173705141483,0.3598197137639136,0.0,0.0,0.0,0.0,0.0,0.0,0.0,0.0,12.129038312498581,12.01599873868765,12.644930184575792,12.247619149814692,0.0,0.0,0.0,0.0,nan,nan,nan,nan,22.97734554517218,22.930203110498333,22.991195008129417,22.934484829275654,nan,nan,nan,nan,0.5224609375,0.521484375,0.52734375,0.524658203125,0.40625,0.40283203125,0.41259765625,0.407470703125,2.2760598052652816,2.2613336547153455,2.283059383931808,2.2712847411746573
2,adam,adam,AdamW,,adam,,,requested,1.1,nan,nominal,0.003,additive,1.0,nn_ce,2.2504740078131276,500,500,1.0,1.7145217794213043,1.7024423324991924,1.7273563626868726,1.7146945567184741,-0.5359522283918231,-0.5480316753139352,-0.5231176451262549,-0.5357794510946534,nan,nan,nan,nan,nan,nan,nan,nan,0.36026728870082086,0.35472282301686486,0.3630893472024496,0.3598231431272792,0.0,0.0,0.0,0.0,0.0,0.0,0.0,0.0,12.225295664756697,11.794610853687935,12.70996398526377,12.19332671099726,0.0,0.0,0.0,0.0,nan,nan,nan,nan,22.97709031977317,22.929900900120973,22.991381490735208,22.934385090645765,nan,nan,nan,nan,0.5224609375,0.521484375,0.52734375,0.524658203125,0.40625,0.40283203125,0.41259765625,0.407470703125,2.275991244706971,2.261269604608249,2.282982408837549,2.2711988021763956
2,adam,adam,AdamW,,adam,,,requested,1.3,nan,nominal,0.003,additive,1.0,nn_ce,2.2504740078131276,0,0,1.0,3.8037716109855877,3.8037716109855877,3.8037716109855877,3.8037716109855877,1.5532976031724601,1.5532976031724601,1.5532976031724601,1.5532976031724601,nan,nan,nan,nan,nan,nan,nan,nan,1.0733323350297979,1.0733323350297979,1.0733323350297979,1.0733323350297979,0.0,0.0,0.0,0.0,0.0,0.0,0.0,0.0,0.0,0.0,0.0,0.0,0.0,0.0,0.0,0.0,nan,nan,nan,nan,23.97018795689393,23.97018795689393,23.97018795689393,23.97018795689393,nan,nan,nan,nan,0.017578125,0.017578125,0.017578125,0.017578125,0.01171875,0.01171875,0.01171875,0.01171875,3.789995274857612,3.789995274857612,3.789995274857612,3.789995274857612
2,adam,adam,AdamW,,adam,,,requested,1.3,nan,nominal,0.003,additive,1.0,nn_ce,2.2504740078131276,10,10,1.0,3.423934015673323,3.415177779059576,3.4353043390964078,3.424788983140965,1.1734600078601956,1.1647037712464483,1.1848303312832802,1.1743149753278375,nan,nan,nan,nan,nan,nan,nan,nan,0.9855481584774416,0.9831030885757752,0.9881238823508836,0.9858028122734288,0.0,0.0,0.0,0.0,0.0,0.0,0.0,0.0,22.99569613786798,22.790691159544707,23.115203110638614,22.940407010881934,0.0,0.0,0.0,0.0,nan,nan,nan,nan,24.02599658303791,23.993622584309634,24.04368503779043,24.007653825615733,nan,nan,nan,nan,0.05859375,0.05078125,0.06103515625,0.057373046875,0.044921875,0.04443359375,0.046875,0.045166015625,3.4954847456052676,3.491367691295526,3.5049962612961325,3.495520043859343
2,adam,adam,AdamW,,adam,,,requested,1.3,nan,nominal,0.003,additive,1.0,nn_ce,2.2504740078131276,20,20,1.0,3.1145059997727547,3.1089873162407504,3.1404322515426157,3.1219083401161454,0.8640319919596271,0.858513308427623,0.889958243729488,0.8714343323030176,nan,nan,nan,nan,nan,nan,nan,nan,0.9177574437270641,0.9161159565542969,0.9242650887744606,0.9197890738501476,0.0,0.0,0.0,0.0,0.0,0.0,0.0,0.0,19.22259236061055,18.890887955080423,19.30175292849058,19.09398732667355,0.0,0.0,0.0,0.0,nan,nan,nan,nan,24.015852973948462,23.935195709880055,24.05076551926892,23.988302918815855,nan,nan,nan,nan,0.1953125,0.18896484375,0.19970703125,0.19482421875,0.1142578125,0.1103515625,0.11767578125,0.11669921875,3.257001333807371,3.2491240450070826,3.276383545160981,3.258931739851465
2,adam,adam,AdamW,,adam,,,requested,1.3,nan,nominal,0.003,additive,1.0,nn_ce,2.2504740078131276,30,30,1.0,2.866865841156465,2.859561638620842,2.88508629072424,2.8726279653190248,0.6163918333433374,0.6090876308077143,0.6346122829111126,0.622153957505897,nan,nan,nan,nan,nan,nan,nan,nan,0.8484009461183766,0.8436452688670937,0.8523006873165611,0.847472158584009,0.0,0.0,0.0,0.0,0.0,0.0,0.0,0.0,17.421847355415615,17.343184977806565,17.67613962284558,17.508484175150766,0.0,0.0,0.0,0.0,nan,nan,nan,nan,23.97087115790611,23.876258470002533,23.983017539337467,23.942789296316615,nan,nan,nan,nan,0.32421875,0.3193359375,0.32666015625,0.322998046875,0.2177734375,0.21337890625,0.2275390625,0.220458984375,3.0599647426730536,3.054933848337349,3.0782219359918948,3.0645180778731596
2,adam,adam,AdamW,,adam,,,requested,1.3,nan,nominal,0.003,additive,1.0,nn_ce,2.2504740078131276,40,40,1.0,2.662402813210703,2.6586889028055896,2.673587659828918,2.668297370174106,0.41192880539757537,0.4082148949924619,0.4231136520157903,0.4178233623609784,nan,nan,nan,nan,nan,nan,nan,nan,0.7527771817969124,0.7487629595870366,0.7593854039911081,0.7531328181343625,0.0,0.0,0.0,0.0,0.0,0.0,0.0,0.0,16.477076339871406,16.411958883876636,16.52609857768027,16.429051098795174,0.0,0.0,0.0,0.0,nan,nan,nan,nan,23.882230191788658,23.822863135136586,23.93122851815704,23.870795681188575,nan,nan,nan,nan,0.3876953125,0.38232421875,0.39453125,0.388427734375,0.30078125,0.29052734375,0.30908203125,0.298828125,2.8989173369753773,2.8966255684884605,2.9148774968692526,2.9054876001723167
2,adam,adam,AdamW,,adam,,,requested,1.3,nan,nominal,0.003,additive,1.0,nn_ce,2.2504740078131276,50,50,1.0,2.4994799193572055,2.4932743649592153,2.507872933558483,2.502761684411843,0.24900591154407792,0.24280035714608794,0.2573989257453553,0.25228767659871565,nan,nan,nan,nan,nan,nan,nan,nan,0.6496193351174057,0.6447389308325403,0.6551629114482641,0.6512311458371991,0.0,0.0,0.0,0.0,0.0,0.0,0.0,0.0,15.684039230172857,15.585153196762503,15.789963283753721,15.678986123582728,0.0,0.0,0.0,0.0,nan,nan,nan,nan,23.778842886556788,23.717498577244427,23.80246888183804,23.765801907149125,nan,nan,nan,nan,0.4189453125,0.4140625,0.423828125,0.41796875,0.337890625,0.328125,0.34228515625,0.333984375,2.7718812725644657,2.767157938911662,2.781942831610937,2.7771800955814863
2,adam,adam,AdamW,,adam,,,requested,1.3,nan,nominal,0.003,additive,1.0,nn_ce,2.2504740078131276,60,60,1.0,2.3710650914172167,2.361759328693723,2.3827075061278897,2.3723317660283225,0.12059108360408932,0.11128532088059528,0.13223349831476228,0.12185775821519507,nan,nan,nan,nan,nan,nan,nan,nan,0.5675669592103235,0.5660824214887633,0.5750072967476779,0.5717013379869744,0.0,0.0,0.0,0.0,0.0,0.0,0.0,0.0,15.150401627211778,15.004247350264622,15.305825136019642,15.176014842025953,0.0,0.0,0.0,0.0,nan,nan,nan,nan,23.664501683626348,23.576111829627507,23.69605235751363,23.641134398589433,nan,nan,nan,nan,0.4326171875,0.42724609375,0.439453125,0.43408203125,0.35546875,0.34326171875,0.36181640625,0.353271484375,2.6757857062286,2.6693386658324734,2.6906744732792864,2.680114286286134
2,adam,adam,AdamW,,adam,,,requested,1.3,nan,nominal,0.003,additive,1.0,nn_ce,2.2504740078131276,70,70,1.0,2.2709865615090212,2.2544081830278806,2.2781260608144356,2.266847314786423,0.020512553695893665,0.003934175214753255,0.02765205300130802,0.01637330697329553,nan,nan,nan,nan,nan,nan,nan,nan,0.5135127866320273,0.5092369655577418,0.5195874447500428,0.5150248080300119,0.0,0.0,0.0,0.0,0.0,0.0,0.0,0.0,14.772104880835462,14.633638377340771,15.027454623397311,14.819278003981822,0.0,0.0,0.0,0.0,nan,nan,nan,nan,23.53854626545159,23.48069453267496,23.58150486141122,23.532504931052486,nan,nan,nan,nan,0.4501953125,0.4462890625,0.45361328125,0.448974609375,0.3701171875,0.3525390625,0.37646484375,0.36669921875,2.6052921859516553,2.590791776996567,2.6160093308730348,2.6047633319747208
2,adam,adam,AdamW,,adam,,,requested,1.3,nan,nominal,0.003,additive,1.0,nn_ce,2.2504740078131276,80,80,1.0,2.1844624659539824,2.169383700586198,2.1898695871652314,2.1777258420426673,-0.06601154185914515,-0.08109030722693,-0.06060442064789606,-0.0727481657704604,nan,nan,nan,nan,nan,nan,nan,nan,0.4749647587224999,0.47122823871310593,0.4775683648474349,0.47503785056951053,0.0,0.0,0.0,0.0,0.0,0.0,0.0,0.0,14.566102087464499,14.495175438122281,14.671241160780008,14.572331653862836,0.0,0.0,0.0,0.0,nan,nan,nan,nan,23.438494744018854,23.383123815534315,23.51335321471725,23.436658443112492,nan,nan,nan,nan,0.4609375,0.45654296875,0.46435546875,0.4609375,0.3720703125,0.361328125,0.38037109375,0.371337890625,2.547089774617925,2.529724028605993,2.554700223679672,2.543189949497441
2,adam,adam,AdamW,,adam,,,requested,1.3,nan,nominal,0.003,additive,1.0,nn_ce,2.2504740078131276,90,90,1.0,2.1073370719443787,2.0963162959627155,2.113890219683765,2.1009491847069595,-0.14313693586874887,-0.15415771185041183,-0.13658378812936245,-0.14952482310616838,nan,nan,nan,nan,nan,nan,nan,nan,0.4495754432968124,0.4459516956572591,0.4536497912661597,0.4487794856801378,0.0,0.0,0.0,0.0,0.0,0.0,0.0,0.0,14.39961267042283,14.247139009816363,14.504080216626356,14.32576513471272,0.0,0.0,0.0,0.0,nan,nan,nan,nan,23.35010267975494,23.29524192766073,23.424392329046256,23.34143022901351,nan,nan,nan,nan,0.4697265625,0.46826171875,0.474609375,0.470947265625,0.3798828125,0.37451171875,0.38623046875,0.379638671875,2.495636857351097,2.479107979729588,2.5048629373504028,2.4928336830410895
2,adam,adam,AdamW,,adam,,,requested,1.3,nan,nominal,0.003,additive,1.0,nn_ce,2.2504740078131276,100,100,1.0,2.041173455632829,2.0332613668084116,2.0432580337427604,2.034677364968296,-0.20930055218029886,-0.21721264100471616,-0.20721597407036718,-0.21579664284483183,nan,nan,nan,nan,nan,nan,nan,nan,0.4319867798632706,0.42845600787071436,0.4342418151283416,0.43023870595301794,0.0,0.0,0.0,0.0,0.0,0.0,0.0,0.0,14.022958220953736,13.92625947350389,14.166447552346185,14.035001031801059,0.0,0.0,0.0,0.0,nan,nan,nan,nan,23.260536709454215,23.224689413037915,23.328712073567132,23.253111829466512,nan,nan,nan,nan,0.4775390625,0.47412109375,0.48193359375,0.478271484375,0.384765625,0.3798828125,0.39111328125,0.3837890625,2.4532023106029257,2.437225321581084,2.4590049228949495,2.4505416494542054
2,adam,adam,AdamW,,adam,,,requested,1.3,nan,nominal,0.003,additive,1.0,nn_ce,2.2504740078131276,110,110,1.0,1.9830182810867276,1.9750428972494294,1.9863853673664058,1.9772045314307025,-0.26745572672639983,-0.27543111056369823,-0.2640886404467217,-0.273269476382425,nan,nan,nan,nan,nan,nan,nan,nan,0.41674129292812456,0.4147006818051321,0.41765204777610876,0.4150338053604539,0.0,0.0,0.0,0.0,0.0,0.0,0.0,0.0,13.844679277951055,13.70620629552494,13.993480722953823,13.780793749701989,0.0,0.0,0.0,0.0,nan,nan,nan,nan,23.18285698687253,23.137874540892195,23.226195034749693,23.176823065950522,nan,nan,nan,nan,0.486328125,0.48388671875,0.48828125,0.48681640625,0.3916015625,0.388671875,0.3974609375,0.391357421875,2.4145516154768494,2.40421764368197,2.4219341144750564,2.414741853681799
2,adam,adam,AdamW,,adam,,,requested,1.3,nan,nominal,0.003,additive,1.0,nn_ce,2.2504740078131276,120,120,1.0,1.9320773231043522,1.9204696064006663,1.9383263851680326,1.9260785779989358,-0.31839668470877525,-0.3300044014124613,-0.312147622645095,-0.3243954298141919,nan,nan,nan,nan,nan,nan,nan,nan,0.40503404117169517,0.3994736893297627,0.40751320319364365,0.4030666623111038,0.0,0.0,0.0,0.0,0.0,0.0,0.0,0.0,13.743096854511524,13.60961567345537,13.966929635061586,13.7850079825187,0.0,0.0,0.0,0.0,nan,nan,nan,nan,23.10630057208365,23.056099596499248,23.17182034943069,23.105019307604618,nan,nan,nan,nan,0.4921875,0.4892578125,0.49560546875,0.492919921875,0.39453125,0.384765625,0.39990234375,0.393310546875,2.3821316501622523,2.3743518575434037,2.3922244826116943,2.384568652463525
2,adam,adam,AdamW,,adam,,,requested,1.3,nan,nominal,0.003,additive,1.0,nn_ce,2.2504740078131276,130,130,1.0,1.8853578636909798,1.8687664455528272,1.8937008009396248,1.878665865515043,-0.36511614412214777,-0.38170756226030034,-0.3567732068735027,-0.37180814229808457,nan,nan,nan,nan,nan,nan,nan,nan,0.3939053322511654,0.38910904108043054,0.3979273838164081,0.39280688841394207,0.0,0.0,0.0,0.0,0.0,0.0,0.0,0.0,13.648164099060889,13.472338407149827,13.754719735285693,13.593258119162934,0.0,0.0,0.0,0.0,nan,nan,nan,nan,23.051953916411517,23.00387413025445,23.1258320860315,23.05479990034911,nan,nan,nan,nan,0.498046875,0.4921875,0.50390625,0.500244140625,0.3935546875,0.390625,0.40625,0.39794921875,2.3509558191945086,2.343834233585644,2.3673605321076954,2.355690533063837
2,adam,adam,AdamW,,adam,,,requested,1.3,nan,nominal,0.003,additive,1.0,nn_ce,2.2504740078131276,140,140,1.0,1.842853814139175,1.8232294859351499,1.849887541213961,1.8351370344519413,-0.4076201936739525,-0.4272445218779777,-0.4005864665991664,-0.41533697336118647,nan,nan,nan,nan,nan,nan,nan,nan,0.385616106453118,0.37877379401096883,0.39031812147005346,0.38442551788417445,0.0,0.0,0.0,0.0,0.0,0.0,0.0,0.0,13.487561330008822,13.414928224156757,13.685403251816716,13.578396977020484,0.0,0.0,0.0,0.0,nan,nan,nan,nan,23.014570812332945,22.967499863395254,23.071506680045804,23.022320970253737,nan,nan,nan,nan,0.5048828125,0.5029296875,0.50732421875,0.507080078125,0.4013671875,0.3974609375,0.4033203125,0.4013671875,2.3243862064447027,2.3156462715589083,2.342005564394439,2.3293070980696493
2,adam,adam,AdamW,,adam,,,requested,1.3,nan,nominal,0.003,additive,1.0,nn_ce,2.2504740078131276,150,150,1.0,1.8034634084343852,1.7857369546270552,1.8097234555356492,1.796072054380277,-0.4470105993787423,-0.46473705318607234,-0.44075055227747834,-0.4544019534328504,nan,nan,nan,nan,nan,nan,nan,nan,0.376569819737811,0.36952315919791323,0.3810038980903853,0.375472639691112,0.0,0.0,0.0,0.0,0.0,0.0,0.0,0.0,13.290397606448515,13.218205961686758,13.393906651943684,13.29337828946227,0.0,0.0,0.0,0.0,nan,nan,nan,nan,22.953294094594554,22.929743513402258,23.0663674459824,22.994575404291524,nan,nan,nan,nan,0.5126953125,0.51171875,0.51416015625,0.514892578125,0.40234375,0.3984375,0.40673828125,0.402099609375,2.3021310425702666,2.291835438066682,2.3187874369571224,2.3067760786596443
2,adam,adam,AdamW,,adam,,,requested,1.3,nan,nominal,0.003,additive,1.0,nn_ce,2.2504740078131276,160,160,1.0,1.7653061846321534,1.7520794149761132,1.7721338036966443,1.7597459574152912,-0.48516782318097407,-0.49839459283701437,-0.4783402041164833,-0.4907280503978365,nan,nan,nan,nan,nan,nan,nan,nan,0.3683450470975227,0.36107489435476586,0.37210376021714986,0.366973552076319,0.0,0.0,0.0,0.0,0.0,0.0,0.0,0.0,13.36127826533069,13.221025315349314,13.546637199444454,13.4193135975222,0.0,0.0,0.0,0.0,nan,nan,nan,nan,22.93495292201772,22.888145454529344,23.032156381249376,22.959859720083852,nan,nan,nan,nan,0.51953125,0.51904296875,0.521484375,0.5224609375,0.3994140625,0.396484375,0.40625,0.4013671875,2.2836988276362318,2.2759374104018644,2.294448224293585,2.2871432782274876
2,adam,adam,AdamW,,adam,,,requested,1.3,nan,nominal,0.003,additive,1.0,nn_ce,2.2504740078131276,170,170,1.0,1.7309834573210527,1.7222232125625292,1.7382185130835823,1.726883539023706,-0.5194905504920747,-0.5282507952505984,-0.5122554947295452,-0.5235904687894215,nan,nan,nan,nan,nan,nan,nan,nan,0.36055268878563584,0.35413636131841303,0.3648041813568702,0.3592515844558323,0.0,0.0,0.0,0.0,0.0,0.0,0.0,0.0,13.388042056659646,13.221833342966168,13.646480412432739,13.420507458313587,0.0,0.0,0.0,0.0,nan,nan,nan,nan,22.917498545834682,22.867034689721873,22.994083674733453,22.935538812894993,nan,nan,nan,nan,0.5244140625,0.52294921875,0.5263671875,0.527587890625,0.404296875,0.39892578125,0.40673828125,0.402587890625,2.2682150277046254,2.2620173762530102,2.2739245061900943,2.2699658043019304
2,adam,adam,AdamW,,adam,,,requested,1.3,nan,nominal,0.003,additive,1.0,nn_ce,2.2504740078131276,180,180,1.0,1.70177074715432,1.6951309627781594,1.7094601684241457,1.6985585265957392,-0.5487032606588076,-0.5553430450349681,-0.5410138393889817,-0.5519154812173884,nan,nan,nan,nan,nan,nan,nan,nan,0.3546609135967471,0.3472621499294265,0.3589204519067116,0.3531866078592917,0.0,0.0,0.0,0.0,0.0,0.0,0.0,0.0,13.33729058144658,13.152770273667958,13.378078590721877,13.265539835466376,0.0,0.0,0.0,0.0,nan,nan,nan,nan,22.8924149544427,22.839214071984376,22.981829382913855,22.91480662257372,nan,nan,nan,nan,0.53125,0.52880859375,0.53173828125,0.53173828125,0.40234375,0.39892578125,0.408203125,0.40234375,2.2541403923564616,2.2476968211666555,2.262578059919927,2.2555654168156543
2,adam,adam,AdamW,,adam,,,requested,1.3,nan,nominal,0.003,additive,1.0,nn_ce,2.2504740078131276,190,190,1.0,1.6762235889336816,1.6692593670423594,1.682957491636496,1.6724175351716664,-0.5742504188794458,-0.581214640770768,-0.5675165161766315,-0.5780564726414612,nan,nan,nan,nan,nan,nan,nan,nan,0.3478300351158756,0.34112533272101414,0.35352907762201286,0.34744445132756585,0.0,0.0,0.0,0.0,0.0,0.0,0.0,0.0,13.222722202278163,12.833095823029065,13.387264589722088,13.08712423221498,0.0,0.0,0.0,0.0,nan,nan,nan,nan,22.869983912051495,22.803923470191542,22.979839797259643,22.88696775078382,nan,nan,nan,nan,0.5322265625,0.53076171875,0.53662109375,0.53564453125,0.4033203125,0.39794921875,0.4072265625,0.40283203125,2.2407567966306567,2.2352582640578555,2.2502993151394444,2.242179511404518
2,adam,adam,AdamW,,adam,,,requested,1.3,nan,nominal,0.003,additive,1.0,nn_ce,2.2504740078131276,200,200,1.0,1.652709720852302,1.644884781475084,1.657037314387487,1.6473376188099298,-0.5977642869608254,-0.6055892263380436,-0.5934366934256405,-0.6031363890031975,nan,nan,nan,nan,nan,nan,nan,nan,0.3433167436109258,0.33622713674198335,0.34688716806958986,0.34224262242299347,0.0,0.0,0.0,0.0,0.0,0.0,0.0,0.0,13.170760240227573,13.075052355387534,13.376109447966627,13.218680792642544,0.0,0.0,0.0,0.0,nan,nan,nan,nan,22.852170061895706,22.75130909691954,22.976799600819255,22.85413864279102,nan,nan,nan,nan,0.5380859375,0.53564453125,0.541015625,0.53857421875,0.404296875,0.39208984375,0.40673828125,0.401123046875,2.2300692440810126,2.221716200383034,2.2390835441026704,2.229765987891687
2,adam,adam,AdamW,,adam,,,requested,1.3,nan,nominal,0.003,additive,1.0,nn_ce,2.2504740078131276,210,210,1.0,1.6308157964014351,1.6216376383489113,1.634373439639893,1.6245435412911606,-0.6196582114116923,-0.6288363694642163,-0.6161005681732347,-0.625930466521967,nan,nan,nan,nan,nan,nan,nan,nan,0.33794325110610846,0.332125628200701,0.342443044667897,0.33738237915419905,0.0,0.0,0.0,0.0,0.0,0.0,0.0,0.0,13.076154580046946,12.921722485101627,13.266559180142618,13.135680855376021,0.0,0.0,0.0,0.0,nan,nan,nan,nan,22.81698209214936,22.710376395740848,22.934753331241577,22.814818233427026,nan,nan,nan,nan,0.5419921875,0.53857421875,0.544921875,0.54296875,0.4052734375,0.39453125,0.40673828125,0.400390625,2.218802483254406,2.210137029839955,2.2279841990380467,2.218405834434474
2,adam,adam,AdamW,,adam,,,requested,1.3,nan,nominal,0.003,additive,1.0,nn_ce,2.2504740078131276,220,220,1.0,1.6094834253375545,1.5999329831512317,1.6153524017029481,1.603760542490345,-0.6409905824755732,-0.6505410246618959,-0.6351216061101794,-0.6467134653227826,nan,nan,nan,nan,nan,nan,nan,nan,0.33408635436354456,0.32729760053390594,0.33868520254214196,0.3328601385699241,0.0,0.0,0.0,0.0,0.0,0.0,0.0,0.0,12.960057295947564,12.874325771063532,13.384253983724083,13.112140564140322,0.0,0.0,0.0,0.0,nan,nan,nan,nan,22.76447532640018,22.669827455050992,22.896831101687518,22.77458867859538,nan,nan,nan,nan,0.544921875,0.54052734375,0.5478515625,0.546142578125,0.40625,0.39892578125,0.408203125,0.40234375,2.208865918697037,2.199598944838551,2.215476718882681,2.2081599698825953
2,adam,adam,AdamW,,adam,,,requested,1.3,nan,nominal,0.003,additive,1.0,nn_ce,2.2504740078131276,230,230,1.0,1.5893340736467778,1.5812637516501595,1.5979561032264689,1.5847403693835564,-0.6611399341663498,-0.669210256162968,-0.6525179045866587,-0.6657336384295713,nan,nan,nan,nan,nan,nan,nan,nan,0.3309956543974133,0.32404290533474456,0.33448415004845,0.3293887341250805,0.0,0.0,0.0,0.0,0.0,0.0,0.0,0.0,12.901850457129473,12.763400375021929,12.964521768097907,12.788607136011885,0.0,0.0,0.0,0.0,nan,nan,nan,nan,22.75250462546942,22.615334018496583,22.88089891481772,22.74922255322167,nan,nan,nan,nan,0.5498046875,0.5439453125,0.55517578125,0.55029296875,0.4072265625,0.3984375,0.41064453125,0.40380859375,2.1998136561178616,2.1890835674265565,2.2047213203074065,2.1982345498810427
2,adam,adam,AdamW,,adam,,,requested,1.3,nan,nominal,0.003,additive,1.0,nn_ce,2.2504740078131276,240,240,1.0,1.5712768695068622,1.5642800648292137,1.582189736628679,1.567561963635985,-0.6791971383062654,-0.6861939429839139,-0.6682842711844486,-0.6829120441771428,nan,nan,nan,nan,nan,nan,nan,nan,0.32866068018616357,0.32171397831690346,0.3308611639138179,0.32651366401371995,0.0,0.0,0.0,0.0,0.0,0.0,0.0,0.0,13.027433153589143,12.676296433713903,13.237456064806532,13.006677348029163,0.0,0.0,0.0,0.0,nan,nan,nan,nan,22.725991079817927,22.581698282336585,22.8618703183554,22.726199776807494,nan,nan,nan,nan,0.552734375,0.54638671875,0.56103515625,0.553955078125,0.41015625,0.4013671875,0.41455078125,0.406494140625,2.1909599324974405,2.1810850380270166,2.193336250287947,2.189468300914558
2,adam,adam,AdamW,,adam,,,requested,1.3,nan,nominal,0.003,additive,1.0,nn_ce,2.2504740078131276,250,250,1.0,1.5543140536850137,1.5486339162986773,1.5669664385415496,1.5517985997987593,-0.6961599541281138,-0.7018400915144503,-0.683507569271578,-0.698675408014368,nan,nan,nan,nan,nan,nan,nan,nan,0.32560782540528077,0.319681466513438,0.32793810144217417,0.3234255906866972,0.0,0.0,0.0,0.0,0.0,0.0,0.0,0.0,13.186329462893415,12.9782748299228,13.354241433131518,13.119678634183801,0.0,0.0,0.0,0.0,nan,nan,nan,nan,22.706512965050642,22.553702233238056,22.84215936293692,22.704868521879604,nan,nan,nan,nan,0.5537109375,0.55126953125,0.56640625,0.55810546875,0.4111328125,0.4013671875,0.416015625,0.407958984375,2.1819379357771305,2.173146357944839,2.186004757089786,2.181870773837644
2,adam,adam,AdamW,,adam,,,requested,1.3,nan,nominal,0.003,additive,1.0,nn_ce,2.2504740078131276,260,260,1.0,1.539327130902428,1.5328488637389865,1.5533766376452387,1.5371266221722166,-0.7111468769106997,-0.7176251440741409,-0.6970973701678889,-0.7133473856409108,nan,nan,nan,nan,nan,nan,nan,nan,0.3203045447842786,0.3162383457654844,0.32519335495952595,0.32017725115528683,0.0,0.0,0.0,0.0,0.0,0.0,0.0,0.0,12.932810633267419,12.914177719445416,13.18006704557117,13.018517605411134,0.0,0.0,0.0,0.0,nan,nan,nan,nan,22.693641026327068,22.52961317326051,22.829446653972816,22.687877062235412,nan,nan,nan,nan,0.556640625,0.5498046875,0.56689453125,0.55908203125,0.412109375,0.40576171875,0.41650390625,0.408935546875,2.173004139151118,2.16742977359928,2.1801592799687417,2.1749129120419757
2,adam,adam,AdamW,,adam,,,requested,1.3,nan,nominal,0.003,additive,1.0,nn_ce,2.2504740078131276,270,270,1.0,1.5250588406100993,1.5188190304044233,1.5408023564695847,1.5239653331864846,-0.7254151672030283,-0.7316549774087042,-0.7096716513435428,-0.7265086746266429,nan,nan,nan,nan,nan,nan,nan,nan,0.3172542614780274,0.31418431938010366,0.32220359885394884,0.3178876440837451,0.0,0.0,0.0,0.0,0.0,0.0,0.0,0.0,13.057614829885097,12.87681763789182,13.280645273466499,13.062326542917907,0.0,0.0,0.0,0.0,nan,nan,nan,nan,22.67545235487397,22.513620844632737,22.819905694525076,22.671867064298475,nan,nan,nan,nan,0.5615234375,0.55419921875,0.56396484375,0.561767578125,0.4130859375,0.4072265625,0.4169921875,0.41162109375,2.1637255194557383,2.160822238156456,2.174757877909272,2.167757838254845
2,adam,adam,AdamW,,adam,,,requested,1.3,nan,nominal,0.003,additive,1.0,nn_ce,2.2504740078131276,280,280,1.0,1.511073407983344,1.5062842214802847,1.5288305716910693,1.5117630676191842,-0.7394005998297833,-0.7441897863328427,-0.7216434361220583,-0.7387109401939432,nan,nan,nan,nan,nan,nan,nan,nan,0.31604296620499284,0.31253751915896777,0.3189949050464139,0.31569372669139517,0.0,0.0,0.0,0.0,0.0,0.0,0.0,0.0,12.89878164358398,12.789584529423088,13.32337175423784,13.017221238440657,0.0,0.0,0.0,0.0,nan,nan,nan,nan,22.657455194404747,22.490313061755447,22.81144199159543,22.656975079622903,nan,nan,nan,nan,0.5654296875,0.56005859375,0.5693359375,0.564208984375,0.4140625,0.4091796875,0.41650390625,0.411865234375,2.155788327895083,2.1550931112258818,2.1680354190540365,2.1608086690301147
2,adam,adam,AdamW,,adam,,,requested,1.3,nan,nominal,0.003,additive,1.0,nn_ce,2.2504740078131276,290,290,1.0,1.498573208839899,1.4949776726634956,1.5179451805208668,1.5004825881161372,-0.7519007989732285,-0.755496335149632,-0.7325288272922608,-0.7499914196969903,nan,nan,nan,nan,nan,nan,nan,nan,0.3142030017836849,0.3101134958618432,0.31675829601229744,0.313375546553042,0.0,0.0,0.0,0.0,0.0,0.0,0.0,0.0,12.81460855812464,12.710473097982387,13.087930624138782,12.855336606376294,0.0,0.0,0.0,0.0,nan,nan,nan,nan,22.63659833832573,22.47672732233929,22.788652183509406,22.641770842294516,nan,nan,nan,nan,0.568359375,0.56494140625,0.572265625,0.56787109375,0.412109375,0.4072265625,0.4169921875,0.412353515625,2.1508574056640866,2.149361424669772,2.1634426756833856,2.1554289134055558
2,adam,adam,AdamW,,adam,,,requested,1.3,nan,nominal,0.003,additive,1.0,nn_ce,2.2504740078131276,300,300,1.0,1.4889616853732004,1.4846148600809799,1.508322879304304,1.4906229990409272,-0.7615123224399272,-0.7658591477321476,-0.7421511285088236,-0.7598510087722004,nan,nan,nan,nan,nan,nan,nan,nan,0.3127992349908332,0.3069097651957923,0.31442883493630003,0.31078288863619835,0.0,0.0,0.0,0.0,0.0,0.0,0.0,0.0,12.670045562103923,12.553581444344397,13.121748795617707,12.758998514973158,0.0,0.0,0.0,0.0,nan,nan,nan,nan,22.621142251248447,22.452333141184038,22.764928689740525,22.628151897718382,nan,nan,nan,nan,0.568359375,0.5654296875,0.57421875,0.570068359375,0.412109375,0.40673828125,0.41796875,0.412353515625,2.1477274336248993,2.1447813176013364,2.1579525794821084,2.1510496154930348
2,adam,adam,AdamW,,adam,,,requested,1.3,nan,nominal,0.003,additive,1.0,nn_ce,2.2504740078131276,310,310,1.0,1.480388836452404,1.4754435601442344,1.499097234110463,1.481609282558326,-0.7700851713607235,-0.7750304476688932,-0.7513767737026648,-0.7688647252548018,nan,nan,nan,nan,nan,nan,nan,nan,0.31067148415705076,0.30494675308859087,0.3121702789675873,0.30873479372217805,0.0,0.0,0.0,0.0,0.0,0.0,0.0,0.0,12.786533472209978,12.713524616918807,13.106842454369891,12.80205226773134,0.0,0.0,0.0,0.0,nan,nan,nan,nan,22.600220244480404,22.45128039841699,22.76200138326371,22.617730803444644,nan,nan,nan,nan,0.572265625,0.56787109375,0.580078125,0.573974609375,0.4140625,0.40673828125,0.41748046875,0.4130859375,2.144131790625801,2.141361060628169,2.1537196667479046,2.147128334800542
2,adam,adam,AdamW,,adam,,,requested,1.3,nan,nominal,0.003,additive,1.0,nn_ce,2.2504740078131276,320,320,1.0,1.4725852739181202,1.4668792290271717,1.491029838975251,1.473570644666562,-0.7778887338950073,-0.7835947787859558,-0.7594441688378766,-0.7769033631465656,nan,nan,nan,nan,nan,nan,nan,nan,0.3089585679478273,0.30335247702666207,0.3100277698215067,0.3069851966998243,0.0,0.0,0.0,0.0,0.0,0.0,0.0,0.0,12.753283895603923,12.648983614267113,12.950164361171511,12.774998534142458,0.0,0.0,0.0,0.0,nan,nan,nan,nan,22.591018101178015,22.446741023054873,22.76110257477502,22.610987418845856,nan,nan,nan,nan,0.5751953125,0.57080078125,0.5859375,0.576171875,0.4130859375,0.4091796875,0.41796875,0.4130859375,2.1408995697067628,2.1376548015565753,2.1492107040554282,2.1434916847153405
2,adam,adam,AdamW,,adam,,,requested,1.3,nan,nominal,0.003,additive,1.0,nn_ce,2.2504740078131276,330,330,1.0,1.4654781275874287,1.459771353971028,1.4835693087293416,1.4663318164581272,-0.784995880225699,-0.7907026538420996,-0.766904699083786,-0.7841421913550003,nan,nan,nan,nan,nan,nan,nan,nan,0.3073030964821363,0.30164464420934556,0.3085630289690459,0.30552972502094267,0.0,0.0,0.0,0.0,0.0,0.0,0.0,0.0,12.637762771089122,12.586304587456189,12.734172698076838,12.676030591237252,0.0,0.0,0.0,0.0,nan,nan,nan,nan,22.57150541968312,22.43142340946102,22.74757676692853,22.60015751424816,nan,nan,nan,nan,0.5791015625,0.57373046875,0.58251953125,0.578369140625,0.4150390625,0.408203125,0.421875,0.414306640625,2.137874795155862,2.134947903534699,2.1447531991911513,2.13988377413925
2,adam,adam,AdamW,,adam,,,requested,1.3,nan,nominal,0.003,additive,1.0,nn_ce,2.2504740078131276,340,340,1.0,1.458416001904968,1.4536017867619326,1.4766589473571905,1.4597156395686965,-0.7920580059081597,-0.7968722210511949,-0.7738150604559371,-0.790758368244431,nan,nan,nan,nan,nan,nan,nan,nan,0.30575059577633285,0.3005959615302186,0.3070639688584328,0.3039913737985407,0.0,0.0,0.0,0.0,0.0,0.0,0.0,0.0,12.66049540492995,12.432906978878853,12.858406131297366,12.642709444229672,0.0,0.0,0.0,0.0,nan,nan,nan,nan,22.559369417445748,22.412987382456823,22.740461006266013,22.590731125162577,nan,nan,nan,nan,0.580078125,0.5751953125,0.58349609375,0.578857421875,0.4130859375,0.40966796875,0.42333984375,0.41455078125,2.135187858175885,2.1318364360473323,2.1408432262874477,2.136710427170453
2,adam,adam,AdamW,,adam,,,requested,1.3,nan,nominal,0.003,additive,1.0,nn_ce,2.2504740078131276,350,350,1.0,1.4522123818259831,1.4479680700540742,1.4705317056999712,1.4539376633440222,-0.7982616259871445,-0.8025059377590533,-0.7799423021131565,-0.7965363444691053,nan,nan,nan,nan,nan,nan,nan,nan,0.30420178699442646,0.2995157400511973,0.3059577297219236,0.3027529821621736,0.0,0.0,0.0,0.0,0.0,0.0,0.0,0.0,13.015331273010702,12.909926637698323,13.179362621199791,13.078821307624754,0.0,0.0,0.0,0.0,nan,nan,nan,nan,22.551719126801082,22.40296115352109,22.73508726174552,22.583328911167897,nan,nan,nan,nan,0.58203125,0.5771484375,0.5849609375,0.58056640625,0.4130859375,0.40771484375,0.42041015625,0.4130859375,2.1325128859102054,2.128982207300618,2.1384481719641224,2.1342179698889208
2,adam,adam,AdamW,,adam,,,requested,1.3,nan,nominal,0.003,additive,1.0,nn_ce,2.2504740078131276,360,360,1.0,1.4472792440233428,1.4429318627065155,1.465477777032174,1.4489125926806923,-0.8031947637897848,-0.807542145106612,-0.7849962307809535,-0.8015614151324353,nan,nan,nan,nan,nan,nan,nan,nan,0.3029413712060379,0.29805317863370406,0.30500559237790065,0.3015808728665338,0.0,0.0,0.0,0.0,0.0,0.0,0.0,0.0,12.768188201420527,12.4851246694198,13.086923775848444,12.802766093959585,0.0,0.0,0.0,0.0,nan,nan,nan,nan,22.546555197441805,22.39527137258542,22.726552921534015,22.57613265719948,nan,nan,nan,nan,0.58203125,0.576171875,0.58642578125,0.580810546875,0.4150390625,0.4091796875,0.4208984375,0.41455078125,2.1305512214231297,2.1269857400941232,2.136177381651113,2.1322972837544043
2,adam,adam,AdamW,,adam,,,requested,1.3,nan,nominal,0.003,additive,1.0,nn_ce,2.2504740078131276,370,370,1.0,1.4431862092580112,1.4383061259417362,1.4607514067859888,1.4444289481296313,-0.8072877985551163,-0.8121678818713913,-0.7897226010271388,-0.806045059683496,nan,nan,nan,nan,nan,nan,nan,nan,0.3020486205989164,0.2969771158938952,0.30390702145886095,0.30046745843564215,0.0,0.0,0.0,0.0,0.0,0.0,0.0,0.0,12.752025288231636,12.328003650228052,12.985514249223879,12.773777622732068,0.0,0.0,0.0,0.0,nan,nan,nan,nan,22.54503300267894,22.382767607880233,22.71819539518094,22.570025765009056,nan,nan,nan,nan,0.5830078125,0.5771484375,0.5869140625,0.581298828125,0.4150390625,0.4091796875,0.4208984375,0.41455078125,2.1289231226378575,2.1252647730123067,2.134586420736775,2.1307664839455587
2,adam,adam,AdamW,,adam,,,requested,1.3,nan,nominal,0.003,additive,1.0,nn_ce,2.2504740078131276,380,380,1.0,1.4394450883386711,1.4342951220743303,1.456913968033314,1.4406287044677728,-0.8110289194744565,-0.8161788857387973,-0.7935600397798135,-0.809845303345355,nan,nan,nan,nan,nan,nan,nan,nan,0.3010115023991572,0.29610024699063736,0.3026205186816055,0.299547946161086,0.0,0.0,0.0,0.0,0.0,0.0,0.0,0.0,12.991495603748408,12.9002108693594,13.122674130632873,13.04317425625922,0.0,0.0,0.0,0.0,nan,nan,nan,nan,22.541518841741336,22.371314125020408,22.71155186643055,22.563594737649588,nan,nan,nan,nan,0.5859375,0.57861328125,0.5888671875,0.583251953125,0.4150390625,0.4091796875,0.4208984375,0.414794921875,2.127202204589249,2.1242615483734464,2.132773013567099,2.1293714004696067
2,adam,adam,AdamW,,adam,,,requested,1.3,nan,nominal,0.003,additive,1.0,nn_ce,2.2504740078131276,390,390,1.0,1.4361622167469605,1.431012077119877,1.4537102335291692,1.4374301188965672,-0.814311791066167,-0.8194619306932505,-0.7967637742839584,-0.8130438889165605,nan,nan,nan,nan,nan,nan,nan,nan,0.3002579336104284,0.2956192826209758,0.30184342206212705,0.2989570725186203,0.0,0.0,0.0,0.0,0.0,0.0,0.0,0.0,12.922047010292356,12.49412249151064,13.026072835702179,12.815039000415808,0.0,0.0,0.0,0.0,nan,nan,nan,nan,22.535796218498625,22.366722437338446,22.70584666167612,22.557022362417527,nan,nan,nan,nan,0.5849609375,0.580078125,0.58984375,0.583740234375,0.416015625,0.4091796875,0.42236328125,0.414794921875,2.125654360345435,2.123520396981586,2.1315278957633925,2.1281591551720553
2,adam,adam,AdamW,,adam,,,requested,1.3,nan,nominal,0.003,additive,1.0,nn_ce,2.2504740078131276,400,400,1.0,1.4333266406361922,1.4282222745352158,1.4509424772755821,1.434692378118701,-0.8171473671769355,-0.8222517332779117,-0.7995315305375454,-0.8157816296944265,nan,nan,nan,nan,nan,nan,nan,nan,0.2996206266476986,0.2956023649535676,0.30127594431696597,0.29838960764113276,0.0,0.0,0.0,0.0,0.0,0.0,0.0,0.0,13.128369865436387,12.900094525240503,13.44171259229497,13.079697324400078,0.0,0.0,0.0,0.0,nan,nan,nan,nan,22.533734018171334,22.362931558613603,22.701116253162947,22.55287502954083,nan,nan,nan,nan,0.583984375,0.5791015625,0.58984375,0.58349609375,0.416015625,0.41064453125,0.42236328125,0.415283203125,2.124157369473947,2.122835668000276,2.130746746909069,2.1270918045724914
2,adam,adam,AdamW,,adam,,,requested,1.3,nan,nominal,0.003,additive,1.0,nn_ce,2.2504740078131276,410,410,1.0,1.431095940904316,1.425755889755845,1.4486374175668058,1.4323753624342577,-0.8193780669088115,-0.8247181180572825,-0.8018365902463218,-0.8180986453788699,nan,nan,nan,nan,nan,nan,nan,nan,0.2989537818589606,0.2949279766985002,0.3006628410934664,0.2977991330759004,0.0,0.0,0.0,0.0,0.0,0.0,0.0,0.0,12.478036805115527,12.3771445692869,12.799563344143582,12.590410527290079,0.0,0.0,0.0,0.0,nan,nan,nan,nan,22.53063999389771,22.360385660989223,22.69931209482791,22.549672399185635,nan,nan,nan,nan,0.5849609375,0.57958984375,0.59033203125,0.584228515625,0.416015625,0.41259765625,0.42236328125,0.415771484375,2.1232258974727563,2.12176207994647,2.129571774100588,2.1261436389695336
2,adam,adam,AdamW,,adam,,,requested,1.3,nan,nominal,0.003,additive,1.0,nn_ce,2.2504740078131276,420,420,1.0,1.4292467213090307,1.423942056939803,1.4468263514364876,1.4305493348374017,-0.8212272865040967,-0.8265319508733247,-0.8036476563766398,-0.819924672975726,nan,nan,nan,nan,nan,nan,nan,nan,0.2987439449903192,0.2946045268711321,0.30001377853068983,0.29746341437712576,0.0,0.0,0.0,0.0,0.0,0.0,0.0,0.0,12.500823869917003,12.19184943234717,12.67729981209095,12.405732834585166,0.0,0.0,0.0,0.0,nan,nan,nan,nan,22.528955817766096,22.358912754076,22.697786803450207,22.547853463406163,nan,nan,nan,nan,0.5849609375,0.580078125,0.59033203125,0.58447265625,0.416015625,0.41162109375,0.42041015625,0.414794921875,2.122438618554929,2.121160124418018,2.1288047791115368,2.125469449117878
2,adam,adam,AdamW,,adam,,,requested,1.3,nan,nominal,0.003,additive,1.0,nn_ce,2.2504740078131276,430,430,1.0,1.4276745116745138,1.42241807276801,1.4454530532232057,1.4290672549594716,-0.8227994961386138,-0.8280559350451175,-0.8050209545899218,-0.8214067528536556,nan,nan,nan,nan,nan,nan,nan,nan,0.2984520654002404,0.2943135146797572,0.29981466538047014,0.2970749012509879,0.0,0.0,0.0,0.0,0.0,0.0,0.0,0.0,12.687012255389114,12.567340461212542,12.932985796168989,12.770237135058062,0.0,0.0,0.0,0.0,nan,nan,nan,nan,22.529362006718777,22.356136481984404,22.69424290505681,22.546355024228674,nan,nan,nan,nan,0.5849609375,0.58349609375,0.59033203125,0.585205078125,0.416015625,0.41162109375,0.421875,0.414794921875,2.1216879948254483,2.1206366068188576,2.128000210168908,2.1249450168992228
2,adam,adam,AdamW,,adam,,,requested,1.3,nan,nominal,0.003,additive,1.0,nn_ce,2.2504740078131276,440,440,1.0,1.42642599899763,1.421190392212377,1.444246514770967,1.4278500318159018,-0.8240480088154976,-0.8292836156007506,-0.8062274930421605,-0.8226239759972257,nan,nan,nan,nan,nan,nan,nan,nan,0.29825641155249055,0.29399840660737386,0.29949474124423014,0.29680185311167856,0.0,0.0,0.0,0.0,0.0,0.0,0.0,0.0,12.612596472183089,12.398144296391422,13.090370509112072,12.712521018258627,0.0,0.0,0.0,0.0,nan,nan,nan,nan,22.52778048768435,22.352771656251225,22.69317026350436,22.544814762511344,nan,nan,nan,nan,0.5869140625,0.5830078125,0.59326171875,0.586669921875,0.4169921875,0.412109375,0.421875,0.41552734375,2.1210375052340584,2.1199572336163732,2.127428244753821,2.1244118770265903
2,adam,adam,AdamW,,adam,,,requested,1.3,nan,nominal,0.003,additive,1.0,nn_ce,2.2504740078131276,450,450,1.0,1.4254892121358786,1.4202206155503316,1.4432877413561578,1.4269015975904256,-0.8249847956772489,-0.830253392262796,-0.8071862664569698,-0.8235724102227019,nan,nan,nan,nan,nan,nan,nan,nan,0.29803741691294217,0.2938231158755284,0.2993390105138912,0.29662415470389947,0.0,0.0,0.0,0.0,0.0,0.0,0.0,0.0,12.774510491832881,12.519442668677488,13.019290325979021,12.738406028667562,0.0,0.0,0.0,0.0,nan,nan,nan,nan,22.525725365924593,22.352089352271133,22.694697029136957,22.544306746075737,nan,nan,nan,nan,0.5849609375,0.5830078125,0.59326171875,0.5859375,0.4169921875,0.412109375,0.421875,0.41552734375,2.120527664670804,2.1195220103857677,2.1271023013258707,2.1240365776520065
2,adam,adam,AdamW,,adam,,,requested,1.3,nan,nominal,0.003,additive,1.0,nn_ce,2.2504740078131276,460,460,1.0,1.4247929816784055,1.4194897945109035,1.4425745279508502,1.426199457977309,-0.825681026134722,-0.830984213302224,-0.8078994798622775,-0.8242745498358185,nan,nan,nan,nan,nan,nan,nan,nan,0.2979135770609418,0.2940247586410527,0.2990430365803343,0.296462519787925,0.0,0.0,0.0,0.0,0.0,0.0,0.0,0.0,12.767573810198453,12.598516039493289,13.02360776886605,12.764409487887155,0.0,0.0,0.0,0.0,nan,nan,nan,nan,22.523692443491573,22.352228287480855,22.694766375159674,22.543705190225232,nan,nan,nan,nan,0.5849609375,0.5830078125,0.59326171875,0.586181640625,0.4169921875,0.412109375,0.421875,0.41552734375,2.120120560477926,2.1193393383743246,2.126915732680618,2.1237738215613744
2,adam,adam,AdamW,,adam,,,requested,1.3,nan,nominal,0.003,additive,1.0,nn_ce,2.2504740078131276,470,470,1.0,1.4242690556403668,1.4190096854857122,1.442085072804252,1.4256922207527627,-0.8262049521727607,-0.8314643223274154,-0.8083889350088755,-0.8247817870603649,nan,nan,nan,nan,nan,nan,nan,nan,0.29776013884894403,0.29374256994296644,0.29894119879657727,0.29633353934342066,0.0,0.0,0.0,0.0,0.0,0.0,0.0,0.0,12.490257517826581,12.346245994850596,12.85380538779879,12.578781429414452,0.0,0.0,0.0,0.0,nan,nan,nan,nan,22.523427565987333,22.352128709171552,22.693478813466285,22.54309477518065,nan,nan,nan,nan,0.5849609375,0.5830078125,0.59326171875,0.586181640625,0.4169921875,0.41259765625,0.421875,0.416259765625,2.1198732599586103,2.1192396785262906,2.126702552526372,2.1235616974640945
2,adam,adam,AdamW,,adam,,,requested,1.3,nan,nominal,0.003,additive,1.0,nn_ce,2.2504740078131276,480,480,1.0,1.4238853620384035,1.4186733098542417,1.441692390147977,1.425317339943133,-0.8265886457747239,-0.8318006979588859,-0.8087816176651506,-0.8251566678699946,nan,nan,nan,nan,nan,nan,nan,nan,0.2976212633137964,0.293596377995585,0.2989147958953166,0.2962400246357526,0.0,0.0,0.0,0.0,0.0,0.0,0.0,0.0,12.52324583328264,12.323109185347793,12.90214584829056,12.60406569610056,0.0,0.0,0.0,0.0,nan,nan,nan,nan,22.523496310240883,22.351858074302715,22.692944047491977,22.54262005366976,nan,nan,nan,nan,0.5849609375,0.5830078125,0.59326171875,0.586181640625,0.4169921875,0.41259765625,0.421875,0.415771484375,2.119709284386494,2.1191255587298765,2.126533508007941,2.123410970173068
2,adam,adam,AdamW,,adam,,,requested,1.3,nan,nominal,0.003,additive,1.0,nn_ce,2.2504740078131276,490,490,1.0,1.4235745945934375,1.4183692101813392,1.4413970867203327,1.4250195710323683,-0.8268994132196902,-0.8321047976317884,-0.8090769210927948,-0.8254544367807592,nan,nan,nan,nan,nan,nan,nan,nan,0.29756554806209845,0.2934744767921588,0.29888549768046335,0.29617220354824714,0.0,0.0,0.0,0.0,0.0,0.0,0.0,0.0,12.69774542819043,12.419783778116903,13.143203501111858,12.727260727569059,0.0,0.0,0.0,0.0,nan,nan,nan,nan,22.52310523602242,22.3512657549635,22.692442510924074,22.54198004555373,nan,nan,nan,nan,0.5849609375,0.5830078125,0.59326171875,0.586181640625,0.4169921875,0.41259765625,0.421875,0.415771484375,2.119557209044123,2.1189630257276963,2.126422777151481,2.123277647758907
2,adam,adam,AdamW,,adam,,,requested,1.3,nan,nominal,0.003,additive,1.0,nn_ce,2.2504740078131276,500,500,1.0,1.4233272165248794,1.418130848511615,1.441150752026096,1.424777902542844,-0.8271467912882482,-0.8323431593015125,-0.8093232557870317,-0.8256961052702836,nan,nan,nan,nan,nan,nan,nan,nan,0.29750780475801913,0.2934270518737496,0.2987194641522816,0.29609661453884106,0.0,0.0,0.0,0.0,0.0,0.0,0.0,0.0,12.72290352787688,12.292790534445295,12.950119525263245,12.629157100312902,0.0,0.0,0.0,0.0,nan,nan,nan,nan,22.522672623734888,22.3512258345632,22.69195923481169,22.541552937165285,nan,nan,nan,nan,0.5849609375,0.58349609375,0.59326171875,0.58642578125,0.41796875,0.41259765625,0.421875,0.416015625,2.1194151825580994,2.1188490861460765,2.126360174019757,2.123181571896305
2,adam,adam,AdamW,,adam,,,requested,1.6,nan,nominal,0.003,additive,1.0,nn_ce,2.2504740078131276,0,0,1.0,3.8037716109855877,3.8037716109855877,3.8037716109855877,3.8037716109855877,1.5532976031724601,1.5532976031724601,1.5532976031724601,1.5532976031724601,nan,nan,nan,nan,nan,nan,nan,nan,1.0733323350297979,1.0733323350297979,1.0733323350297979,1.0733323350297979,0.0,0.0,0.0,0.0,0.0,0.0,0.0,0.0,0.0,0.0,0.0,0.0,0.0,0.0,0.0,0.0,nan,nan,nan,nan,23.97018795689393,23.97018795689393,23.97018795689393,23.97018795689393,nan,nan,nan,nan,0.017578125,0.017578125,0.017578125,0.017578125,0.01171875,0.01171875,0.01171875,0.01171875,3.789995274857612,3.789995274857612,3.789995274857612,3.789995274857612
2,adam,adam,AdamW,,adam,,,requested,1.6,nan,nominal,0.003,additive,1.0,nn_ce,2.2504740078131276,10,10,1.0,3.400279774417188,3.3914215328146224,3.4026657286762365,3.3970751268207344,1.1498057666040604,1.1409475250014949,1.152191720863109,1.1466011190076066,nan,nan,nan,nan,nan,nan,nan,nan,0.9799473759666583,0.9791264323055432,0.9823865196791699,0.9801695163934736,0.0,0.0,0.0,0.0,0.0,0.0,0.0,0.0,23.51461408224935,23.332480379333344,23.658227036646295,23.491477992437986,0.0,0.0,0.0,0.0,nan,nan,nan,nan,23.973928784249193,23.92385730414345,24.022099876796084,23.968202118742717,nan,nan,nan,nan,0.068359375,0.06591796875,0.07177734375,0.067626953125,0.05078125,0.046875,0.05419921875,0.051025390625,3.476572794475527,3.4694961771674815,3.477947261621088,3.473051821288414
2,adam,adam,AdamW,,adam,,,requested,1.6,nan,nominal,0.003,additive,1.0,nn_ce,2.2504740078131276,20,20,1.0,3.0608201010108003,3.050243517910504,3.0666026724621616,3.0604065993702867,0.8103460931976727,0.7997695100973765,0.8161286646490341,0.8099325915571594,nan,nan,nan,nan,nan,nan,nan,nan,0.9012279793416073,0.898740946915702,0.9048055035621339,0.9019322773468353,0.0,0.0,0.0,0.0,0.0,0.0,0.0,0.0,20.21599796164872,20.0283881383535,20.3918284271097,20.190889504258646,0.0,0.0,0.0,0.0,nan,nan,nan,nan,23.916559665744607,23.880082980171068,24.013716043130657,23.93260167165444,nan,nan,nan,nan,0.2275390625,0.2177734375,0.24365234375,0.229736328125,0.1396484375,0.13037109375,0.14794921875,0.1396484375,3.214282916118777,3.1958127923958175,3.2201838865850156,3.20869382313765
2,adam,adam,AdamW,,adam,,,requested,1.6,nan,nominal,0.003,additive,1.0,nn_ce,2.2504740078131276,30,30,1.0,2.7803459602902456,2.773817089091661,2.783900889114391,2.7807345108000163,0.529871952477118,0.5233430812785335,0.5334268813012634,0.5302605029868886,nan,nan,nan,nan,nan,nan,nan,nan,0.8111028419638147,0.8042416533284519,0.8173450617316718,0.8099027052816059,0.0,0.0,0.0,0.0,0.0,0.0,0.0,0.0,18.602356851250846,18.491510967071598,18.644008336370053,18.558904938297296,0.0,0.0,0.0,0.0,nan,nan,nan,nan,23.869667558760504,23.788093931110016,23.943090949712275,23.8723202682486,nan,nan,nan,nan,0.3544921875,0.34716796875,0.36181640625,0.353759765625,0.25,0.24365234375,0.26416015625,0.25390625,2.9919231904927357,2.9722877579748053,3.0012533766959244,2.9871251264961094
2,adam,adam,AdamW,,adam,,,requested,1.6,nan,nominal,0.003,additive,1.0,nn_ce,2.2504740078131276,40,40,1.0,2.5543392605637854,2.549504515506666,2.55663249690408,2.554920990567611,0.30386525275065757,0.29903050769353834,0.30615848909095256,0.3044469827544837,nan,nan,nan,nan,nan,nan,nan,nan,0.6946805236523971,0.6796018351130869,0.6995549208575155,0.6937407064493502,0.0,0.0,0.0,0.0,0.0,0.0,0.0,0.0,17.644243102298834,17.571671070050034,17.910526065047122,17.709176852160212,0.0,0.0,0.0,0.0,nan,nan,nan,nan,23.799188461065285,23.67395020689228,23.868665100366158,23.777044218624567,nan,nan,nan,nan,0.4130859375,0.41015625,0.416015625,0.4130859375,0.32421875,0.32373046875,0.32568359375,0.325439453125,2.8107767386102758,2.796232700234137,2.822417742741676,2.8088631812097202
2,adam,adam,AdamW,,adam,,,requested,1.6,nan,nominal,0.003,additive,1.0,nn_ce,2.2504740078131276,50,50,1.0,2.3753826597943806,2.3699945465451644,2.3821144058420334,2.3765580226160123,0.124908651981253,0.11952053873203683,0.1316403980289056,0.12608401480288478,nan,nan,nan,nan,nan,nan,nan,nan,0.5824035093767939,0.5674875659175656,0.5944927755993442,0.5827294250774182,0.0,0.0,0.0,0.0,0.0,0.0,0.0,0.0,16.684078261067143,16.550644114517407,16.727863636031046,16.639880142189327,0.0,0.0,0.0,0.0,nan,nan,nan,nan,23.651165356541306,23.522865561612885,23.7143550826604,23.63143432395482,nan,nan,nan,nan,0.4345703125,0.427734375,0.4404296875,0.434814453125,0.359375,0.357421875,0.36181640625,0.359619140625,2.6703529967001547,2.661386842755378,2.688384194998018,2.6713846901192166
2,adam,adam,AdamW,,adam,,,requested,1.6,nan,nominal,0.003,additive,1.0,nn_ce,2.2504740078131276,60,60,1.0,2.233198229131437,2.231836020734247,2.241508641361799,2.23649332893807,-0.01727577868169039,-0.018637987078880536,-0.008965366451328949,-0.013980678875057384,nan,nan,nan,nan,nan,nan,nan,nan,0.5027666802704701,0.49257276384028814,0.5156357223961368,0.503697711663198,0.0,0.0,0.0,0.0,0.0,0.0,0.0,0.0,16.32940548586422,15.896957031487092,16.38510737858634,16.170586615760833,0.0,0.0,0.0,0.0,nan,nan,nan,nan,23.483374910918258,23.35943725426651,23.550886244550483,23.47974631598632,nan,nan,nan,nan,0.451171875,0.44775390625,0.45361328125,0.451171875,0.3740234375,0.3681640625,0.37939453125,0.373291015625,2.5710770439564525,2.56101189644023,2.582931339215718,2.5698558653987558
2,adam,adam,AdamW,,adam,,,requested,1.6,nan,nominal,0.003,additive,1.0,nn_ce,2.2504740078131276,70,70,1.0,2.121175940802841,2.1149019868559193,2.128510691496793,2.122205892318818,-0.1292980670102868,-0.1355720209572081,-0.12196331631633461,-0.1282681154943096,nan,nan,nan,nan,nan,nan,nan,nan,0.45350057252045217,0.4483367041981198,0.4594824866264371,0.45446754637067405,0.0,0.0,0.0,0.0,0.0,0.0,0.0,0.0,15.441952387511897,15.27377654003142,15.756499041521828,15.4924667118289,0.0,0.0,0.0,0.0,nan,nan,nan,nan,23.30399620879929,23.191670432728003,23.4111182979605,23.32637769898546,nan,nan,nan,nan,0.4638671875,0.45947265625,0.466796875,0.462890625,0.380859375,0.37841796875,0.38232421875,0.38037109375,2.4955594415289233,2.4824013575759505,2.499791707953941,2.4911712124001317
2,adam,adam,AdamW,,adam,,,requested,1.6,nan,nominal,0.003,additive,1.0,nn_ce,2.2504740078131276,80,80,1.0,2.024585522766327,2.015059272678637,2.0299196005563043,2.0239798353727254,-0.22588848504680015,-0.23541473513449063,-0.2205544072568234,-0.22649417244040237,nan,nan,nan,nan,nan,nan,nan,nan,0.4270332164130872,0.4243382006638937,0.42981672953452366,0.4258913596510189,0.0,0.0,0.0,0.0,0.0,0.0,0.0,0.0,15.176558616312537,15.055985002104109,15.30452720920111,15.176468196559938,0.0,0.0,0.0,0.0,nan,nan,nan,nan,23.149217437520058,23.067961070418256,23.2943521904707,23.200795041692125,nan,nan,nan,nan,0.4736328125,0.47021484375,0.47705078125,0.474609375,0.392578125,0.38818359375,0.39453125,0.39111328125,2.4293352314981354,2.421120274029139,2.4376990453893783,2.4280972678662933
2,adam,adam,AdamW,,adam,,,requested,1.6,nan,nominal,0.003,additive,1.0,nn_ce,2.2504740078131276,90,90,1.0,1.9371527766228531,1.9257629945680756,1.9467263426225778,1.9370681630607756,-0.31332123119027444,-0.3247110132450518,-0.3037476651905498,-0.313405844752352,nan,nan,nan,nan,nan,nan,nan,nan,0.40623606249393773,0.4004085580325474,0.4085314357618251,0.404027953213952,0.0,0.0,0.0,0.0,0.0,0.0,0.0,0.0,15.145296614348343,14.853598210199833,15.208905895110272,15.09649386902887,0.0,0.0,0.0,0.0,nan,nan,nan,nan,23.030364114706877,22.941664932038076,23.19612951321829,23.078429095175036,nan,nan,nan,nan,0.4853515625,0.4833984375,0.48779296875,0.486572265625,0.3994140625,0.3896484375,0.404296875,0.396728515625,2.373714647827728,2.36504274735705,2.3865734181227856,2.374883588855412
2,adam,adam,AdamW,,adam,,,requested,1.6,nan,nominal,0.003,additive,1.0,nn_ce,2.2504740078131276,100,100,1.0,1.8626602941505714,1.8489993995325067,1.8732646904149584,1.8610166342948324,-0.38781371366255624,-0.40147460828062087,-0.37720931739816926,-0.38945737351829535,nan,nan,nan,nan,nan,nan,nan,nan,0.38525919773197204,0.3819584625543883,0.38658135607614574,0.3841681508921388,0.0,0.0,0.0,0.0,0.0,0.0,0.0,0.0,14.612205179600828,14.445978665177392,14.993133102477,14.707321853490354,0.0,0.0,0.0,0.0,nan,nan,nan,nan,22.94328348180773,22.83926449353311,23.05665906033507,22.964698290854884,nan,nan,nan,nan,0.5,0.49169921875,0.50439453125,0.498779296875,0.404296875,0.39501953125,0.41015625,0.40185546875,2.328841997299228,2.3226932629016948,2.3421978943554453,2.3306069069297317
2,adam,adam,AdamW,,adam,,,requested,1.6,nan,nominal,0.003,additive,1.0,nn_ce,2.2504740078131276,110,110,1.0,1.7985344180080296,1.7802582502093625,1.8077482546461723,1.7938346088921373,-0.45193958980509796,-0.47021575760376505,-0.4427257531669554,-0.4566393989209902,nan,nan,nan,nan,nan,nan,nan,nan,0.36773535314535727,0.36480845315995847,0.3720982271009362,0.3681356203568701,0.0,0.0,0.0,0.0,0.0,0.0,0.0,0.0,14.376862958975053,14.239583026563002,14.711194903459727,14.459306947414664,0.0,0.0,0.0,0.0,nan,nan,nan,nan,22.864274224059674,22.75873165153601,22.952373060646366,22.870875799840164,nan,nan,nan,nan,0.509765625,0.5048828125,0.515625,0.509765625,0.404296875,0.39599609375,0.40771484375,0.403076171875,2.2939058841854383,2.2865889778730564,2.303359258069208,2.2934504047625075
2,adam,adam,AdamW,,adam,,,requested,1.6,nan,nominal,0.003,additive,1.0,nn_ce,2.2504740078131276,120,120,1.0,1.7394393860156439,1.71873114801346,1.7478432882514594,1.7340673024900979,-0.5110346217974837,-0.5317428597996676,-0.5026307195616682,-0.5164067053230297,nan,nan,nan,nan,nan,nan,nan,nan,0.3532529466529257,0.35113730095410556,0.3572821898735373,0.35446794970089157,0.0,0.0,0.0,0.0,0.0,0.0,0.0,0.0,14.272471427337651,14.081441099241342,14.502388726725387,14.286030942365565,0.0,0.0,0.0,0.0,nan,nan,nan,nan,22.784541907311436,22.685717307295857,22.85951547588994,22.786843146851105,nan,nan,nan,nan,0.5185546875,0.51171875,0.52392578125,0.518310546875,0.40625,0.40185546875,0.40966796875,0.40625,2.2612444855001184,2.2549989801174304,2.273983107883459,2.261712895129124
2,adam,adam,AdamW,,adam,,,requested,1.6,nan,nominal,0.003,additive,1.0,nn_ce,2.2504740078131276,130,130,1.0,1.6868388861745836,1.6642364673799492,1.6942509391445149,1.680923742315273,-0.563635121638544,-0.5862375404331784,-0.5562230686686127,-0.5695502654978546,nan,nan,nan,nan,nan,nan,nan,nan,0.34204859637144924,0.34096649651481,0.34435625431970984,0.34334259079734775,0.0,0.0,0.0,0.0,0.0,0.0,0.0,0.0,14.127678325854804,13.962343541005202,14.278239135324643,14.097538273123877,0.0,0.0,0.0,0.0,nan,nan,nan,nan,22.726401456004258,22.588345727318224,22.76414437525577,22.70560053162183,nan,nan,nan,nan,0.5244140625,0.5224609375,0.52783203125,0.52490234375,0.4052734375,0.39990234375,0.41455078125,0.40576171875,2.2345001378729483,2.2257829354820124,2.252749802904792,2.2355378067424265
2,adam,adam,AdamW,,adam,,,requested,1.6,nan,nominal,0.003,additive,1.0,nn_ce,2.2504740078131276,140,140,1.0,1.6388121942428904,1.6148963798495362,1.6456081327011256,1.6325055957848171,-0.6116618135702373,-0.6355776279635913,-0.604865875112002,-0.6179684120283102,nan,nan,nan,nan,nan,nan,nan,nan,0.3335115579791091,0.3319792184218218,0.3356524946989085,0.33476651350391373,0.0,0.0,0.0,0.0,0.0,0.0,0.0,0.0,14.113335367324092,14.08611110518472,14.137017935099585,14.12312127742425,0.0,0.0,0.0,0.0,nan,nan,nan,nan,22.644818842658857,22.502646882622173,22.732400248155436,22.63730922373937,nan,nan,nan,nan,0.53515625,0.52880859375,0.53857421875,0.53515625,0.408203125,0.39892578125,0.41650390625,0.40576171875,2.2117145739807675,2.2020985893681613,2.232042819643629,2.2116111658462967
2,adam,adam,AdamW,,adam,,,requested,1.6,nan,nominal,0.003,additive,1.0,nn_ce,2.2504740078131276,150,150,1.0,1.5950125820805177,1.569602443278774,1.600866266212046,1.5882896945942955,-0.6554614257326098,-0.6808715645343535,-0.6496077416010816,-0.6621843132188321,nan,nan,nan,nan,nan,nan,nan,nan,0.32595438502189705,0.3227588130164849,0.329628564356532,0.3262699164956746,0.0,0.0,0.0,0.0,0.0,0.0,0.0,0.0,13.942334312137362,13.727422213119327,14.186007403328418,13.960450923155154,0.0,0.0,0.0,0.0,nan,nan,nan,nan,22.566586720838984,22.433635102742855,22.65119443650657,22.566807197366025,nan,nan,nan,nan,0.541015625,0.533203125,0.5478515625,0.541259765625,0.40625,0.39892578125,0.41650390625,0.405517578125,2.188859968163563,2.1825920883675667,2.2130148412836346,2.1902296439766302
2,adam,adam,AdamW,,adam,,,requested,1.6,nan,nominal,0.003,additive,1.0,nn_ce,2.2504740078131276,160,160,1.0,1.5549958841469596,1.5303992498428616,1.559173669481251,1.5483481479379932,-0.6954781236661681,-0.7200747579702659,-0.6913003383318765,-0.7021258598751343,nan,nan,nan,nan,nan,nan,nan,nan,0.32032405725219315,0.3146511087452546,0.3221567957365067,0.3189491971243189,0.0,0.0,0.0,0.0,0.0,0.0,0.0,0.0,13.820760248886927,13.694661434652645,14.024588923341906,13.855073012039021,0.0,0.0,0.0,0.0,nan,nan,nan,nan,22.50295650843639,22.393277706067416,22.630471439618724,22.52078793149967,nan,nan,nan,nan,0.5546875,0.54296875,0.55810546875,0.552490234375,0.41015625,0.39697265625,0.41845703125,0.407958984375,2.1695192619620043,2.1602555952067135,2.19220956287546,2.1695407583731217
2,adam,adam,AdamW,,adam,,,requested,1.6,nan,nominal,0.003,additive,1.0,nn_ce,2.2504740078131276,170,170,1.0,1.5191650224697797,1.498134699813237,1.52123180132322,1.5122242278831979,-0.7313089853433479,-0.7523393079998906,-0.7292422064899075,-0.7382497799299297,nan,nan,nan,nan,nan,nan,nan,nan,0.31441766726507486,0.31141325141348036,0.31758067118790984,0.31378696758284746,0.0,0.0,0.0,0.0,0.0,0.0,0.0,0.0,13.661389366833973,13.584696142753629,13.959096442365322,13.748065096725227,0.0,0.0,0.0,0.0,nan,nan,nan,nan,22.463092080244227,22.337216071246328,22.61540765336087,22.484160690354916,nan,nan,nan,nan,0.560546875,0.5537109375,0.5693359375,0.560791015625,0.4111328125,0.40625,0.416015625,0.4111328125,2.15420900703402,2.147823799139199,2.174749822518666,2.1534656324425816
2,adam,adam,AdamW,,adam,,,requested,1.6,nan,nominal,0.003,additive,1.0,nn_ce,2.2504740078131276,180,180,1.0,1.4842324491758059,1.466209765332867,1.4867982759677387,1.4783647922180811,-0.7662415586373218,-0.7842642424802607,-0.7636757318453888,-0.7721092155950465,nan,nan,nan,nan,nan,nan,nan,nan,0.3072448787744352,0.3057304697404129,0.31192950834020783,0.3082171306009316,0.0,0.0,0.0,0.0,0.0,0.0,0.0,0.0,13.801127714939168,13.5726835778384,14.011015812596803,13.758485399830159,0.0,0.0,0.0,0.0,nan,nan,nan,nan,22.409108847765545,22.314167276829057,22.583883618182092,22.441646278518974,nan,nan,nan,nan,0.5703125,0.56103515625,0.58154296875,0.570556640625,0.4150390625,0.41162109375,0.41796875,0.41552734375,2.1408633854568415,2.1339826300578686,2.160218206143369,2.1385194832051364
2,adam,adam,AdamW,,adam,,,requested,1.6,nan,nominal,0.003,additive,1.0,nn_ce,2.2504740078131276,190,190,1.0,1.4538765322927012,1.4349053932999842,1.456337007437201,1.4472161044361525,-0.7965974755204265,-0.8155686145131434,-0.7941370003759265,-0.8032579033769751,nan,nan,nan,nan,nan,nan,nan,nan,0.3006884288519812,0.29852206493831474,0.3039095525610677,0.3007199833785077,0.0,0.0,0.0,0.0,0.0,0.0,0.0,0.0,13.817204526872263,13.692030611676977,13.895299786966381,13.808412528287793,0.0,0.0,0.0,0.0,nan,nan,nan,nan,22.3789834321208,22.282536074244305,22.531955230008045,22.403712263952613,nan,nan,nan,nan,0.5810546875,0.56591796875,0.5869140625,0.578369140625,0.4150390625,0.40771484375,0.42041015625,0.41455078125,2.1283036840233285,2.1199021473600093,2.1468102280080235,2.125349748010367
2,adam,adam,AdamW,,adam,,,requested,1.6,nan,nominal,0.003,additive,1.0,nn_ce,2.2504740078131276,200,200,1.0,1.4243040004957446,1.405773887117467,1.4286927238858096,1.4184264464526914,-0.826170007317383,-0.8447001206956607,-0.821781283927318,-0.8320475613604361,nan,nan,nan,nan,nan,nan,nan,nan,0.29549706175526025,0.29311865907527396,0.2970330536533359,0.29440061031245557,0.0,0.0,0.0,0.0,0.0,0.0,0.0,0.0,13.623190788331343,13.44623330671261,13.781787470140895,13.67559481292147,0.0,0.0,0.0,0.0,nan,nan,nan,nan,22.352722383331503,22.241207437019035,22.504680494172195,22.36892868444736,nan,nan,nan,nan,0.5849609375,0.5751953125,0.58984375,0.583984375,0.4150390625,0.4111328125,0.421875,0.415771484375,2.1164418273676264,2.105919060956906,2.1361643148665217,2.1145184509868
2,adam,adam,AdamW,,adam,,,requested,1.6,nan,nominal,0.003,additive,1.0,nn_ce,2.2504740078131276,210,210,1.0,1.3973479570962226,1.3798241029138565,1.4021116077941067,1.3922160275109605,-0.8531260507169048,-0.8706499048992711,-0.8483624000190209,-0.8582579803021669,nan,nan,nan,nan,nan,nan,nan,nan,0.2900154782299066,0.288746111790148,0.2907606812319263,0.28961991329750825,0.0,0.0,0.0,0.0,0.0,0.0,0.0,0.0,13.731548896919367,13.649759602992438,13.898484943739504,13.74007825141291,0.0,0.0,0.0,0.0,nan,nan,nan,nan,22.34042199233661,22.171616376993022,22.471571714068176,22.327309398523504,nan,nan,nan,nan,0.591796875,0.5869140625,0.59814453125,0.591796875,0.4130859375,0.40966796875,0.421875,0.414794921875,2.1077539190938257,2.0947999981167493,2.1242625953372185,2.105028779854842
2,adam,adam,AdamW,,adam,,,requested,1.6,nan,nominal,0.003,additive,1.0,nn_ce,2.2504740078131276,220,220,1.0,1.373288608421109,1.3566103866148775,1.3788427119355848,1.3686289423413398,-0.8771853993920187,-0.89386362119825,-0.8716312958775427,-0.8818450654717879,nan,nan,nan,nan,nan,nan,nan,nan,0.2837986163692283,0.2826198721713969,0.2861400130219226,0.2851938542407073,0.0,0.0,0.0,0.0,0.0,0.0,0.0,0.0,13.44470538378999,13.299543968901707,13.561891778285855,13.440409955382949,0.0,0.0,0.0,0.0,nan,nan,nan,nan,22.327663566477945,22.116123015226915,22.441268202909008,22.29529837204003,nan,nan,nan,nan,0.6005859375,0.59521484375,0.60546875,0.600830078125,0.412109375,0.41162109375,0.416015625,0.4150390625,2.100132539789607,2.0888346167528224,2.1115111288093744,2.0950093592077152
2,adam,adam,AdamW,,adam,,,requested,1.6,nan,nominal,0.003,additive,1.0,nn_ce,2.2504740078131276,230,230,1.0,1.3521096363309208,1.3353647524893695,1.3578267888551392,1.347095847439054,-0.8983643714822067,-0.9151092553237581,-0.8926472189579884,-0.9033781603740736,nan,nan,nan,nan,nan,nan,nan,nan,0.2798873941490305,0.27786222942888605,0.2813427743981361,0.2806927992796636,0.0,0.0,0.0,0.0,0.0,0.0,0.0,0.0,13.436100088847255,13.26367364326066,13.664167156758483,13.411083300546146,0.0,0.0,0.0,0.0,nan,nan,nan,nan,22.29998299191232,22.093852548807973,22.397984810290318,22.25930379854732,nan,nan,nan,nan,0.607421875,0.6044921875,0.61328125,0.609130859375,0.416015625,0.4130859375,0.41943359375,0.416748046875,2.091159961636442,2.080222302421488,2.1034507789677708,2.0856153627497536
2,adam,adam,AdamW,,adam,,,requested,1.6,nan,nominal,0.003,additive,1.0,nn_ce,2.2504740078131276,240,240,1.0,1.3335201640746208,1.315038361453616,1.3385714439590708,1.327582005103589,-0.9169538437385067,-0.9354356463595115,-0.9119025638540567,-0.9228920027095386,nan,nan,nan,nan,nan,nan,nan,nan,0.2758122180866192,0.2740535153055561,0.27707334945552264,0.2761372657564105,0.0,0.0,0.0,0.0,0.0,0.0,0.0,0.0,13.317474069443303,13.122072012354947,13.742305295425545,13.39168467724195,0.0,0.0,0.0,0.0,nan,nan,nan,nan,22.26672171898212,22.062267022262766,22.357603344763298,22.22317447424376,nan,nan,nan,nan,0.6171875,0.6103515625,0.62060546875,0.6162109375,0.416015625,0.41357421875,0.41845703125,0.41796875,2.0829848438824974,2.0723627074286215,2.0952545203491084,2.077545518769882
2,adam,adam,AdamW,,adam,,,requested,1.6,nan,nominal,0.003,additive,1.0,nn_ce,2.2504740078131276,250,250,1.0,1.3157079757687093,1.2979219105485282,1.3209193159437707,1.3095350393193828,-0.9347660320444182,-0.9525520972645992,-0.9295546918693569,-0.9409389684937447,nan,nan,nan,nan,nan,nan,nan,nan,0.27256279756069735,0.2708780375884332,0.2738661601489855,0.2719661331715457,0.0,0.0,0.0,0.0,0.0,0.0,0.0,0.0,13.506726182818806,13.155271124199178,13.593424943990156,13.411818028808161,0.0,0.0,0.0,0.0,nan,nan,nan,nan,22.252400703436784,22.028866458419042,22.335581299223975,22.19874449466505,nan,nan,nan,nan,0.6201171875,0.61279296875,0.62451171875,0.6201171875,0.41796875,0.41748046875,0.419921875,0.419189453125,2.075563097082501,2.063560502012155,2.087232310057556,2.069977701560827
2,adam,adam,AdamW,,adam,,,requested,1.6,nan,nominal,0.003,additive,1.0,nn_ce,2.2504740078131276,260,260,1.0,1.2991559167277664,1.2818798391148083,1.305372926098537,1.2928489932549962,-0.9513180910853611,-0.9685941686983194,-0.9451010817145906,-0.9576250145581313,nan,nan,nan,nan,nan,nan,nan,nan,0.26999188337553026,0.266958907210735,0.27031646931915615,0.26878938696444166,0.0,0.0,0.0,0.0,0.0,0.0,0.0,0.0,13.365396937219192,13.320760408711694,13.484267849178783,13.438825010408625,0.0,0.0,0.0,0.0,nan,nan,nan,nan,22.2513897156104,22.00799138581771,22.320747988430043,22.18494633357085,nan,nan,nan,nan,0.6220703125,0.61962890625,0.634765625,0.624755859375,0.4189453125,0.41796875,0.42236328125,0.421875,2.0697038521983635,2.060975406784979,2.079275968666358,2.064682043674582
2,adam,adam,AdamW,,adam,,,requested,1.6,nan,nominal,0.003,additive,1.0,nn_ce,2.2504740078131276,270,270,1.0,1.28400220906209,1.267354635296725,1.2898481449083807,1.2778625710661848,-0.9664717987510376,-0.9831193725164025,-0.9606258629047468,-0.972611436746943,nan,nan,nan,nan,nan,nan,nan,nan,0.2658460229293239,0.263544202247927,0.2676483535507761,0.26581804212150306,0.0,0.0,0.0,0.0,0.0,0.0,0.0,0.0,13.071190461362796,13.017075038930145,13.28186422307897,13.100295347126949,0.0,0.0,0.0,0.0,nan,nan,nan,nan,22.233544881236398,22.0140888219058,22.28832475609583,22.17358979084153,nan,nan,nan,nan,0.6259765625,0.623046875,0.63720703125,0.628173828125,0.4208984375,0.41796875,0.42431640625,0.421875,2.0639909534104595,2.056634367986896,2.0732818511583115,2.060149588775319
2,adam,adam,AdamW,,adam,,,requested,1.6,nan,nominal,0.003,additive,1.0,nn_ce,2.2504740078131276,280,280,1.0,1.270263397607079,1.2544863157991855,1.2757366357775513,1.2643484874942543,-0.9802106102060486,-0.995987692013942,-0.9747373720355764,-0.9861255203188733,nan,nan,nan,nan,nan,nan,nan,nan,0.26326553458651814,0.26100206560041544,0.2641412928341049,0.2627474389005996,0.0,0.0,0.0,0.0,0.0,0.0,0.0,0.0,13.1969457929973,12.97682354195906,13.401091840379886,13.194763774007361,0.0,0.0,0.0,0.0,nan,nan,nan,nan,22.194062832025026,21.995699385807953,22.279691595440386,22.153898785222136,nan,nan,nan,nan,0.6337890625,0.62841796875,0.6396484375,0.63623046875,0.421875,0.416015625,0.42529296875,0.422119140625,2.0597498172625057,2.0528044531812024,2.06693200926537,2.056283486676351
2,adam,adam,AdamW,,adam,,,requested,1.6,nan,nominal,0.003,additive,1.0,nn_ce,2.2504740078131276,290,290,1.0,1.2573732519868002,1.2436358815358826,1.2633392819610538,1.252229537326119,-0.9931007558263275,-1.006838126277245,-0.9871347258520737,-0.9982444704870087,nan,nan,nan,nan,nan,nan,nan,nan,0.2601765950846513,0.2585145365613902,0.2618518985905565,0.25995771002509926,0.0,0.0,0.0,0.0,0.0,0.0,0.0,0.0,13.170692664637325,12.957065799870096,13.557779276927755,13.219127306131469,0.0,0.0,0.0,0.0,nan,nan,nan,nan,22.17199096839611,21.981631300953165,22.272269214479568,22.140162498786758,nan,nan,nan,nan,0.64453125,0.63134765625,0.64794921875,0.64111328125,0.423828125,0.41943359375,0.4287109375,0.424072265625,2.056444517280692,2.0487134529405604,2.0640561902409305,2.0530373045914754
2,adam,adam,AdamW,,adam,,,requested,1.6,nan,nominal,0.003,additive,1.0,nn_ce,2.2504740078131276,300,300,1.0,1.2458856411551604,1.2328631099352376,1.252102201495928,1.241092657692931,-1.0045883666579671,-1.01761089787789,-0.9983718063171996,-1.0093813501201965,nan,nan,nan,nan,nan,nan,nan,nan,0.2586550152397348,0.2555714180537555,0.25935304949848226,0.25769818122818944,0.0,0.0,0.0,0.0,0.0,0.0,0.0,0.0,13.356071694848293,12.969981658798796,13.592250020040977,13.308693114432726,0.0,0.0,0.0,0.0,nan,nan,nan,nan,22.139217866449904,21.961921087212684,22.25030043225501,22.120170951183162,nan,nan,nan,nan,0.646484375,0.6376953125,0.6513671875,0.643798828125,0.4228515625,0.4189453125,0.42822265625,0.423828125,2.052429339505651,2.043554792294761,2.0631583781245224,2.0496569822847706
2,adam,adam,AdamW,,adam,,,requested,1.6,nan,nominal,0.003,additive,1.0,nn_ce,2.2504740078131276,310,310,1.0,1.2354726514269185,1.2224881556444553,1.2425417326796235,1.230939440911919,-1.015001356386209,-1.0279858521686722,-1.007932275133504,-1.0195345669012086,nan,nan,nan,nan,nan,nan,nan,nan,0.25608863607721377,0.25468505610176134,0.2578803736904276,0.25589290970430506,0.0,0.0,0.0,0.0,0.0,0.0,0.0,0.0,13.18110684003759,13.134896881624986,13.311828977354935,13.235150625750979,0.0,0.0,0.0,0.0,nan,nan,nan,nan,22.12126703195301,21.95469176067791,22.226890430988874,22.104200067709066,nan,nan,nan,nan,0.6494140625,0.63818359375,0.6513671875,0.644775390625,0.423828125,0.42138671875,0.42919921875,0.42626953125,2.04764319830811,2.0403642291627473,2.0628525285447106,2.0467824252536686
2,adam,adam,AdamW,,adam,,,requested,1.6,nan,nominal,0.003,additive,1.0,nn_ce,2.2504740078131276,320,320,1.0,1.226480559375482,1.2133350931922373,1.233962753867608,1.221888389352241,-1.0239934484376456,-1.0371389146208903,-1.0165112539455197,-1.0285856184608866,nan,nan,nan,nan,nan,nan,nan,nan,0.2549371733362895,0.25318525614545223,0.2553584602958802,0.25446219093593037,0.0,0.0,0.0,0.0,0.0,0.0,0.0,0.0,13.20786062377352,12.91361634598293,13.381560220754706,13.14182825711655,0.0,0.0,0.0,0.0,nan,nan,nan,nan,22.099173303579036,21.953825210470402,22.214561911831286,22.089867748055415,nan,nan,nan,nan,0.6474609375,0.6435546875,0.65673828125,0.6474609375,0.4228515625,0.42041015625,0.42578125,0.424072265625,2.0438142691113628,2.038194087247588,2.0630955324699274,2.0446608394221544
2,adam,adam,AdamW,,adam,,,requested,1.6,nan,nominal,0.003,additive,1.0,nn_ce,2.2504740078131276,330,330,1.0,1.2185736331933739,1.2051568054610964,1.226497363344456,1.2139589382762552,-1.0319003746197537,-1.0453172023520312,-1.0239766444686715,-1.0365150695368723,nan,nan,nan,nan,nan,nan,nan,nan,0.25298864909699015,0.25219572203692203,0.25331888628310406,0.25335567489338306,0.0,0.0,0.0,0.0,0.0,0.0,0.0,0.0,13.225408430557266,13.162449862945396,13.309686748142344,13.22099873980605,0.0,0.0,0.0,0.0,nan,nan,nan,nan,22.0854166988074,21.955194473675263,22.20731492182871,22.07749946997994,nan,nan,nan,nan,0.650390625,0.64404296875,0.6572265625,0.64990234375,0.423828125,0.42138671875,0.427734375,0.42578125,2.0411961081941605,2.0361375896031935,2.0613100337830708,2.0425112877907905
2,adam,adam,AdamW,,adam,,,requested,1.6,nan,nominal,0.003,additive,1.0,nn_ce,2.2504740078131276,340,340,1.0,1.2112996454730132,1.1977036344398426,1.219902549830004,1.2067730488849464,-1.0391743623401144,-1.052770373373285,-1.0305714579831236,-1.0437009589281812,nan,nan,nan,nan,nan,nan,nan,nan,0.25133405885735216,0.24983393006498641,0.25238333547100145,0.2521012892308181,0.0,0.0,0.0,0.0,0.0,0.0,0.0,0.0,13.253365559700761,12.948081457612677,13.386262131995615,13.167344907583473,0.0,0.0,0.0,0.0,nan,nan,nan,nan,22.07316513906712,21.95294746932094,22.195086383332338,22.06734561904828,nan,nan,nan,nan,0.654296875,0.6494140625,0.6650390625,0.6552734375,0.42578125,0.4228515625,0.4287109375,0.42626953125,2.039246527638279,2.033819629680409,2.0600744633502903,2.0404948002101904
2,adam,adam,AdamW,,adam,,,requested,1.6,nan,nominal,0.003,additive,1.0,nn_ce,2.2504740078131276,350,350,1.0,1.2051261046588757,1.191146367994769,1.2137479857455984,1.200439008756938,-1.0453479031542519,-1.0593276398183586,-1.0367260220675292,-1.0500349990561895,nan,nan,nan,nan,nan,nan,nan,nan,0.24995162375947722,0.24875339047799702,0.25169245781967126,0.2508533260125707,0.0,0.0,0.0,0.0,0.0,0.0,0.0,0.0,13.028906693094555,12.63847445539264,13.523188595149845,13.079933246134082,0.0,0.0,0.0,0.0,nan,nan,nan,nan,22.060268289630176,21.948908203959977,22.191407042485185,22.05896016696312,nan,nan,nan,nan,0.6552734375,0.650390625,0.6650390625,0.656005859375,0.42578125,0.423828125,0.43017578125,0.4267578125,2.037166977528031,2.031360366085541,2.0584391015191508,2.0384873225926876
2,adam,adam,AdamW,,adam,,,requested,1.6,nan,nominal,0.003,additive,1.0,nn_ce,2.2504740078131276,360,360,1.0,1.1996777838739816,1.1854204187958493,1.2080722405089093,1.1947255996283983,-1.050796223939146,-1.0650535890172783,-1.0424017673042183,-1.0557484081847293,nan,nan,nan,nan,nan,nan,nan,nan,0.24887241207318186,0.24782179556415945,0.24954741314809248,0.24927762188107794,0.0,0.0,0.0,0.0,0.0,0.0,0.0,0.0,13.12542525354494,12.961347506564925,13.465392559902327,13.171920152837963,0.0,0.0,0.0,0.0,nan,nan,nan,nan,22.04916132076108,21.9427191507748,22.185247734877734,22.050554941597866,nan,nan,nan,nan,0.6591796875,0.654296875,0.6650390625,0.658203125,0.427734375,0.421875,0.43017578125,0.427001953125,2.0353106728707955,2.0294984113675882,2.0567006222315225,2.036599054322796
2,adam,adam,AdamW,,adam,,,requested,1.6,nan,nominal,0.003,additive,1.0,nn_ce,2.2504740078131276,370,370,1.0,1.1947760708750343,1.1808352719543527,1.2031582840297492,1.1897756368649048,-1.0556979369380932,-1.069638735858775,-1.0473157237833783,-1.0606983709482227,nan,nan,nan,nan,nan,nan,nan,nan,0.24776844679085874,0.24648913559460778,0.24866184502178235,0.24794719603602605,0.0,0.0,0.0,0.0,0.0,0.0,0.0,0.0,13.131851483621535,12.767106062111633,13.491818239638278,13.189725621695708,0.0,0.0,0.0,0.0,nan,nan,nan,nan,22.035884984813826,21.935120030321812,22.176719188498023,22.0440271481959,nan,nan,nan,nan,0.66015625,0.65771484375,0.66796875,0.660400390625,0.4287109375,0.423828125,0.43408203125,0.42919921875,2.0340059786562623,2.0271222096227604,2.054560470548454,2.0350145611881274
2,adam,adam,AdamW,,adam,,,requested,1.6,nan,nominal,0.003,additive,1.0,nn_ce,2.2504740078131276,380,380,1.0,1.1904162945560977,1.1767918395185442,1.1989703780216958,1.1854540661764688,-1.06005771325703,-1.0736821682945834,-1.0515036297914317,-1.0650199416366588,nan,nan,nan,nan,nan,nan,nan,nan,0.2462048615299578,0.2455378127949076,0.24759792228849398,0.24660871831082032,0.0,0.0,0.0,0.0,0.0,0.0,0.0,0.0,12.870643348438335,12.813899003378873,12.988641255534901,12.949426769765772,0.0,0.0,0.0,0.0,nan,nan,nan,nan,22.02620653276643,21.929258020769275,22.1716274299568,22.040202939119588,nan,nan,nan,nan,0.66015625,0.65966796875,0.66796875,0.662841796875,0.427734375,0.423828125,0.43310546875,0.4287109375,2.0327499200405725,2.025960936649152,2.0525791203473367,2.033725151592606
2,adam,adam,AdamW,,adam,,,requested,1.6,nan,nominal,0.003,additive,1.0,nn_ce,2.2504740078131276,390,390,1.0,1.1866868031521376,1.1735734547613037,1.1953164709662016,1.1817789873183675,-1.06378720466099,-1.0769005530518239,-1.055157536846926,-1.06869502049476,nan,nan,nan,nan,nan,nan,nan,nan,0.24549085182474573,0.24478301829128019,0.2463211250171917,0.24568648321756828,0.0,0.0,0.0,0.0,0.0,0.0,0.0,0.0,13.23185254944988,13.043424739409186,13.48731853247644,13.21374751827484,0.0,0.0,0.0,0.0,nan,nan,nan,nan,22.019860531243978,21.923236874355386,22.166654830159217,22.03393511557666,nan,nan,nan,nan,0.662109375,0.66015625,0.6689453125,0.663818359375,0.427734375,0.42333984375,0.4345703125,0.4287109375,2.031647032837333,2.0248011727953985,2.0514105870144816,2.032530052735901
2,adam,adam,AdamW,,adam,,,requested,1.6,nan,nominal,0.003,additive,1.0,nn_ce,2.2504740078131276,400,400,1.0,1.1834957535331294,1.170937129390826,1.1923199349676055,1.1787043413536438,-1.0669782542799982,-1.0795368784223016,-1.058154072845522,-1.0717696664594838,nan,nan,nan,nan,nan,nan,nan,nan,0.24510266713713658,0.2441063890108763,0.24571870985623265,0.2449544875371525,0.0,0.0,0.0,0.0,0.0,0.0,0.0,0.0,12.98059927308795,12.833635944733073,13.434835067321059,13.077098304109978,0.0,0.0,0.0,0.0,nan,nan,nan,nan,22.01605307859741,21.921840872604967,22.160818192888787,22.030102514177237,nan,nan,nan,nan,0.662109375,0.66015625,0.671875,0.664794921875,0.4287109375,0.42333984375,0.43408203125,0.4287109375,2.0309703469968143,2.0232807041032417,2.0505634199289786,2.031690895335633
2,adam,adam,AdamW,,adam,,,requested,1.6,nan,nominal,0.003,additive,1.0,nn_ce,2.2504740078131276,410,410,1.0,1.1807859513036036,1.1685621239723545,1.189753723087236,1.1760911705445456,-1.069688056509524,-1.081911883840773,-1.0607202847258916,-1.074382837268582,nan,nan,nan,nan,nan,nan,nan,nan,0.24428967528298162,0.24348226279626858,0.24518670019802774,0.2442868993798294,0.0,0.0,0.0,0.0,0.0,0.0,0.0,0.0,13.506337588504191,12.958618767117146,13.653484214597954,13.297094562694578,0.0,0.0,0.0,0.0,nan,nan,nan,nan,22.009085219055073,21.917459020858004,22.15384775630357,22.025953406587924,nan,nan,nan,nan,0.6630859375,0.66162109375,0.67041015625,0.664794921875,0.4287109375,0.42138671875,0.43408203125,0.42822265625,2.030311466196607,2.022210540958495,2.049456571183627,2.0309090812837702
2,adam,adam,AdamW,,adam,,,requested,1.6,nan,nominal,0.003,additive,1.0,nn_ce,2.2504740078131276,420,420,1.0,1.1784996409757653,1.166613138648327,1.1876461848236288,1.1739112844374733,-1.0719743668373622,-1.0838608691648006,-1.0628278229894987,-1.0765627233756543,nan,nan,nan,nan,nan,nan,nan,nan,0.24333359946162042,0.242735113946479,0.24497731856186458,0.2436589511069679,0.0,0.0,0.0,0.0,0.0,0.0,0.0,0.0,13.26085920252072,12.977296355082634,13.417407289555218,13.204137410918854,0.0,0.0,0.0,0.0,nan,nan,nan,nan,22.006744894098325,21.912727157372558,22.14914822808828,22.02249784379266,nan,nan,nan,nan,0.66796875,0.66552734375,0.6708984375,0.667236328125,0.427734375,0.42333984375,0.43408203125,0.428466796875,2.0296911791828984,2.021285968502868,2.048296248395485,2.030132981446779
2,adam,adam,AdamW,,adam,,,requested,1.6,nan,nominal,0.003,additive,1.0,nn_ce,2.2504740078131276,430,430,1.0,1.176816220273024,1.1649959026431267,1.1860966455941373,1.1722095977019609,-1.0736577875401037,-1.0854781051700009,-1.0643773622189903,-1.0782644101111667,nan,nan,nan,nan,nan,nan,nan,nan,0.24276364816222656,0.2423456399888477,0.24473047580984408,0.2433329494848568,0.0,0.0,0.0,0.0,0.0,0.0,0.0,0.0,12.957384923554145,12.636297449721416,13.28421641641506,12.933537579741747,0.0,0.0,0.0,0.0,nan,nan,nan,nan,22.004123045483873,21.91029954121987,22.145356899261238,22.019427954927558,nan,nan,nan,nan,0.6708984375,0.6650390625,0.67236328125,0.668701171875,0.4287109375,0.421875,0.435546875,0.428955078125,2.0293984818275805,2.020817278816733,2.047516689095068,2.0297114193899772
2,adam,adam,AdamW,,adam,,,requested,1.6,nan,nominal,0.003,additive,1.0,nn_ce,2.2504740078131276,440,440,1.0,1.175519807177814,1.1636847849167526,1.1848595793827543,1.1708633700174045,-1.0749542006353137,-1.086789222896375,-1.0656144284303732,-1.079610637795723,nan,nan,nan,nan,nan,nan,nan,nan,0.24259247756589003,0.24186304895126332,0.2445255892421318,0.24314136018153237,0.0,0.0,0.0,0.0,0.0,0.0,0.0,0.0,12.988397591778345,12.855693556752826,13.144742636374852,12.972536665874529,0.0,0.0,0.0,0.0,nan,nan,nan,nan,22.001494072288743,21.908246749311804,22.14130344181158,22.017235182243724,nan,nan,nan,nan,0.6708984375,0.66552734375,0.6728515625,0.669189453125,0.4287109375,0.421875,0.43408203125,0.4287109375,2.0293117720942226,2.0204967065130495,2.047073877696319,2.029455535330444
2,adam,adam,AdamW,,adam,,,requested,1.6,nan,nominal,0.003,additive,1.0,nn_ce,2.2504740078131276,450,450,1.0,1.1744931223626849,1.162646527515123,1.1838519547344368,1.1698018876401532,-1.0759808854504427,-1.0878274802980046,-1.0666220530786907,-1.0806721201729743,nan,nan,nan,nan,nan,nan,nan,nan,0.24216379324980064,0.24152815860844953,0.24451157884812957,0.24293000119555402,0.0,0.0,0.0,0.0,0.0,0.0,0.0,0.0,13.2303715923542,12.908412745503865,13.525249294851289,13.19371293278697,0.0,0.0,0.0,0.0,nan,nan,nan,nan,22.000024367902128,21.906186055429114,22.139756941422892,22.01583812502691,nan,nan,nan,nan,0.671875,0.6669921875,0.67431640625,0.669921875,0.4296875,0.421875,0.435546875,0.428955078125,2.029054908789064,2.020133985989523,2.0465897668905786,2.0291028945790948
2,adam,adam,AdamW,,adam,,,requested,1.6,nan,nominal,0.003,additive,1.0,nn_ce,2.2504740078131276,460,460,1.0,1.1737228482246707,1.1618026619429958,1.1830724527868977,1.1690029322677824,-1.076751159588457,-1.0886713458701318,-1.06740155502623,-1.0814710755453452,nan,nan,nan,nan,nan,nan,nan,nan,0.24173302365480764,0.24155056007971518,0.24438782964113873,0.2427658949552012,0.0,0.0,0.0,0.0,0.0,0.0,0.0,0.0,12.774385445314973,12.621451763052963,13.03862200236686,12.913938719779068,0.0,0.0,0.0,0.0,nan,nan,nan,nan,21.9992778892169,21.904978924768198,22.13956079088372,22.015140176082763,nan,nan,nan,nan,0.671875,0.6689453125,0.67578125,0.670654296875,0.4296875,0.421875,0.435546875,0.428955078125,2.028872590316245,2.0198251854857703,2.046376333489138,2.0288446072760555
2,adam,adam,AdamW,,adam,,,requested,1.6,nan,nominal,0.003,additive,1.0,nn_ce,2.2504740078131276,470,470,1.0,1.1731585193074097,1.1611876719641145,1.182502032710681,1.1684131919697203,-1.077315488505718,-1.089286335849013,-1.0679719751024466,-1.0820608158434073,nan,nan,nan,nan,nan,nan,nan,nan,0.2415327232597276,0.24134202801220128,0.24433436648653323,0.24260748490458556,0.0,0.0,0.0,0.0,0.0,0.0,0.0,0.0,13.1244810076512,12.972886411291292,13.49890414849073,13.200891198134329,0.0,0.0,0.0,0.0,nan,nan,nan,nan,21.998917528923716,21.904015791650487,22.13905673321568,22.01434030042207,nan,nan,nan,nan,0.671875,0.66748046875,0.67626953125,0.670654296875,0.4296875,0.42333984375,0.43603515625,0.429443359375,2.0288204885209318,2.0196207499225296,2.0462027628844077,2.028691342148026
2,adam,adam,AdamW,,adam,,,requested,1.6,nan,nominal,0.003,additive,1.0,nn_ce,2.2504740078131276,480,480,1.0,1.172748612969908,1.160787954379777,1.1820785716743618,1.1679930760820403,-1.0777253948432195,-1.0896860534333506,-1.0683954361387658,-1.0824809317310873,nan,nan,nan,nan,nan,nan,nan,nan,0.2414053806302212,0.24121697529012537,0.24414842430363715,0.24245120618378913,0.0,0.0,0.0,0.0,0.0,0.0,0.0,0.0,12.931147419993057,12.82452766207248,13.16488499678874,12.984079521737486,0.0,0.0,0.0,0.0,nan,nan,nan,nan,21.998412186961048,21.903649628103086,22.13938815991277,22.01389012252031,nan,nan,nan,nan,0.671875,0.66796875,0.67626953125,0.6708984375,0.4296875,0.42333984375,0.43603515625,0.429443359375,2.0288045232212593,2.0194896562153466,2.0461662373729905,2.0286066656778368
2,adam,adam,AdamW,,adam,,,requested,1.6,nan,nominal,0.003,additive,1.0,nn_ce,2.2504740078131276,490,490,1.0,1.1724385849492944,1.1604708991758215,1.1817299805086727,1.1676694450976608,-1.0780354228638331,-1.090003108637306,-1.0687440273044548,-1.0828045627154668,nan,nan,nan,nan,nan,nan,nan,nan,0.24142541177054416,0.24122892634645138,0.24401359574621137,0.2423939087772888,0.0,0.0,0.0,0.0,0.0,0.0,0.0,0.0,12.790513387154759,12.632555542338885,12.847042907503024,12.721452868345734,0.0,0.0,0.0,0.0,nan,nan,nan,nan,21.997487333044425,21.903362092584473,22.13975965019589,22.013525295046303,nan,nan,nan,nan,0.671875,0.66796875,0.67626953125,0.6708984375,0.4296875,0.42333984375,0.43603515625,0.4296875,2.0288076828339636,2.019318973415491,2.0461383611330195,2.028539039882545
2,adam,adam,AdamW,,adam,,,requested,1.6,nan,nominal,0.003,additive,1.0,nn_ce,2.2504740078131276,500,500,1.0,1.1721682894414946,1.1602072061416453,1.1814381770318507,1.1673918337087958,-1.078305718371633,-1.0902668016714823,-1.0690358307812768,-1.0830821741043317,nan,nan,nan,nan,nan,nan,nan,nan,0.24138632586128833,0.24109018845836377,0.24391724977255042,0.24228049647502298,0.0,0.0,0.0,0.0,0.0,0.0,0.0,0.0,13.087701860877251,12.828815085367772,13.225234739981245,13.032060566663567,0.0,0.0,0.0,0.0,nan,nan,nan,nan,21.99711675425641,21.90324501455225,22.13977352305527,22.013379658673546,nan,nan,nan,nan,0.6708984375,0.66796875,0.67626953125,0.670654296875,0.4296875,0.42333984375,0.435546875,0.429443359375,2.0287927625394175,2.01919494360659,2.0461301059500885,2.0284821181844688
2,adam,adam,AdamW,,adam,,,requested,2.0,nan,nominal,0.003,additive,1.0,nn_ce,2.2504740078131276,0,0,1.0,3.8037716109855877,3.8037716109855877,3.8037716109855877,3.8037716109855877,1.5532976031724601,1.5532976031724601,1.5532976031724601,1.5532976031724601,nan,nan,nan,nan,nan,nan,nan,nan,1.0733323350297979,1.0733323350297979,1.0733323350297979,1.0733323350297979,0.0,0.0,0.0,0.0,0.0,0.0,0.0,0.0,0.0,0.0,0.0,0.0,0.0,0.0,0.0,0.0,nan,nan,nan,nan,23.97018795689393,23.97018795689393,23.97018795689393,23.97018795689393,nan,nan,nan,nan,0.017578125,0.017578125,0.017578125,0.017578125,0.01171875,0.01171875,0.01171875,0.01171875,3.789995274857612,3.789995274857612,3.789995274857612,3.789995274857612
2,adam,adam,AdamW,,adam,,,requested,2.0,nan,nominal,0.003,additive,1.0,nn_ce,2.2504740078131276,10,10,1.0,3.3784620760149444,3.3740413593905227,3.3822663105456545,3.3796537084888953,1.1279880682018166,1.1235673515773952,1.131792302732527,1.129179700675768,nan,nan,nan,nan,nan,nan,nan,nan,0.9745321134399805,0.9717452102146084,0.9779251304057033,0.9752614097829948,0.0,0.0,0.0,0.0,0.0,0.0,0.0,0.0,24.375099701391783,24.00134375712856,24.493244981963795,24.301026848494892,0.0,0.0,0.0,0.0,nan,nan,nan,nan,24.040247627923623,24.00586150678835,24.071981434650123,24.03579103998251,nan,nan,nan,nan,0.06640625,0.0634765625,0.0712890625,0.06787109375,0.05078125,0.04833984375,0.05322265625,0.051025390625,3.4595495933283438,3.453622796508593,3.4675600731156004,3.4614888987055816
2,adam,adam,AdamW,,adam,,,requested,2.0,nan,nominal,0.003,additive,1.0,nn_ce,2.2504740078131276,20,20,1.0,3.0123102788419645,3.006639175018596,3.021496284713832,3.013335977145778,0.7618362710288369,0.7561651672054681,0.7710222769007042,0.7628619693326504,nan,nan,nan,nan,nan,nan,nan,nan,0.8927854512475355,0.8906351277953976,0.8956354995532216,0.8918458062958933,0.0,0.0,0.0,0.0,0.0,0.0,0.0,0.0,21.160940751920165,21.151092763723327,21.2459241169431,21.19194744820026,0.0,0.0,0.0,0.0,nan,nan,nan,nan,24.017723788657744,23.936871569889988,24.064497107232015,24.0007668229161,nan,nan,nan,nan,0.25,0.24560546875,0.25537109375,0.250244140625,0.1552734375,0.14453125,0.162109375,0.153564453125,3.1714450327955994,3.1645381101440346,3.1838228358191945,3.174063279858558
2,adam,adam,AdamW,,adam,,,requested,2.0,nan,nominal,0.003,additive,1.0,nn_ce,2.2504740078131276,30,30,1.0,2.7075059276844216,2.702133647742914,2.711826533667732,2.707129957640997,0.457031919871294,0.4516596399297863,0.4613525258546044,0.4566559498278687,nan,nan,nan,nan,nan,nan,nan,nan,0.7827864928327002,0.7784297769643469,0.7884677541721795,0.7822973168652678,0.0,0.0,0.0,0.0,0.0,0.0,0.0,0.0,19.726518185689805,19.58603583583821,19.77491358830288,19.691858116595572,0.0,0.0,0.0,0.0,nan,nan,nan,nan,23.908165209165027,23.83507526525172,24.00502883705162,23.90718412735794,nan,nan,nan,nan,0.3779296875,0.3740234375,0.3818359375,0.378173828125,0.287109375,0.271484375,0.28955078125,0.28173828125,2.9317460263511883,2.921783845231516,2.93903201421886,2.931118389216436
2,adam,adam,AdamW,,adam,,,requested,2.0,nan,nominal,0.003,additive,1.0,nn_ce,2.2504740078131276,40,40,1.0,2.461243450591971,2.456424652581695,2.4638884031768846,2.4608527597352836,0.21076944277884335,0.2059506447685674,0.21341439536375695,0.21037875192215622,nan,nan,nan,nan,nan,nan,nan,nan,0.6433889659578831,0.6398822611710573,0.6508216949288543,0.6449824628728584,0.0,0.0,0.0,0.0,0.0,0.0,0.0,0.0,18.5905621814999,18.543177499205736,18.6774009566153,18.60768294971051,0.0,0.0,0.0,0.0,nan,nan,nan,nan,23.769217941755542,23.688734366052287,23.846513430736337,23.75815384314938,nan,nan,nan,nan,0.4248046875,0.41748046875,0.4306640625,0.42431640625,0.345703125,0.33544921875,0.35205078125,0.344482421875,2.7367242776314677,2.7287705724227616,2.7450596429696703,2.7368457186542394
2,adam,adam,AdamW,,adam,,,requested,2.0,nan,nominal,0.003,additive,1.0,nn_ce,2.2504740078131276,50,50,1.0,2.270976535047512,2.2645200620552055,2.275599335995321,2.27028826556339,0.020502527234384837,0.014046054242078054,0.025125328182193485,0.019814257750262132,nan,nan,nan,nan,nan,nan,nan,nan,0.5313404667006566,0.5269860611967047,0.5330967092460108,0.5294936825853434,0.0,0.0,0.0,0.0,0.0,0.0,0.0,0.0,17.565797315679383,17.521677775014624,17.63770281526994,17.562753327641573,0.0,0.0,0.0,0.0,nan,nan,nan,nan,23.629155145178704,23.49534559429084,23.667161239716737,23.585454695817035,nan,nan,nan,nan,0.453125,0.44189453125,0.45703125,0.448974609375,0.375,0.369140625,0.3759765625,0.373046875,2.5914701816683854,2.58404147920365,2.603524397598756,2.593595203025026
2,adam,adam,AdamW,,adam,,,requested,2.0,nan,nominal,0.003,additive,1.0,nn_ce,2.2504740078131276,60,60,1.0,2.1174220519145357,2.1117964147378836,2.1275934954728233,2.119231124187335,-0.13305195589859187,-0.13867759307524397,-0.1228805123403044,-0.13124288362579228,nan,nan,nan,nan,nan,nan,nan,nan,0.46202642338677236,0.458773473581254,0.46435407566425635,0.4612383789504161,0.0,0.0,0.0,0.0,0.0,0.0,0.0,0.0,16.958127409897813,16.877784672575686,17.049296266192822,16.95656827267636,0.0,0.0,0.0,0.0,nan,nan,nan,nan,23.445084991415335,23.36911306323594,23.5096278578332,23.42163752212535,nan,nan,nan,nan,0.4609375,0.455078125,0.46923828125,0.4619140625,0.3818359375,0.37353515625,0.38720703125,0.379638671875,2.4864872822980226,2.479269471473092,2.4984356808001023,2.4890934546532173
2,adam,adam,AdamW,,adam,,,requested,2.0,nan,nominal,0.003,additive,1.0,nn_ce,2.2504740078131276,70,70,1.0,1.9883817766770822,1.9853203132787987,2.002859989668981,1.9927573235213454,-0.2620922311360453,-0.2651536945343289,-0.24761401814414663,-0.2577166842917823,nan,nan,nan,nan,nan,nan,nan,nan,0.42093887112025796,0.41988089972701576,0.4219428297636336,0.42093787141935163,0.0,0.0,0.0,0.0,0.0,0.0,0.0,0.0,16.434914935490948,16.358439387941583,16.506912675314254,16.43494384537277,0.0,0.0,0.0,0.0,nan,nan,nan,nan,23.272238210566663,23.21338542572335,23.361169727855824,23.272940104800803,nan,nan,nan,nan,0.474609375,0.47412109375,0.48095703125,0.476806640625,0.3876953125,0.38671875,0.39306640625,0.388916015625,2.4044338506977274,2.393252743515175,2.4127645399300466,2.4060984005018264
2,adam,adam,AdamW,,adam,,,requested,2.0,nan,nominal,0.003,additive,1.0,nn_ce,2.2504740078131276,80,80,1.0,1.8810077614799436,1.87992987378599,1.8979181634010422,1.8861663588467612,-0.3694662463331839,-0.37054413402713754,-0.3525558444120854,-0.3643076489663665,nan,nan,nan,nan,nan,nan,nan,nan,0.39301585863201616,0.391111697753789,0.3944233659064023,0.3922062608486855,0.0,0.0,0.0,0.0,0.0,0.0,0.0,0.0,15.965015034264429,15.787892821514514,16.0898246713515,15.966926000969107,0.0,0.0,0.0,0.0,nan,nan,nan,nan,23.12700314345838,23.056195998612196,23.20702147036746,23.14579994669127,nan,nan,nan,nan,0.494140625,0.4892578125,0.494140625,0.49072265625,0.3935546875,0.390625,0.39892578125,0.394287109375,2.336678780474834,2.3301199910125066,2.3502873869110434,2.341343608187767
2,adam,adam,AdamW,,adam,,,requested,2.0,nan,nominal,0.003,additive,1.0,nn_ce,2.2504740078131276,90,90,1.0,1.7941568952349447,1.7863960704900455,1.8037893955128261,1.7947065055803466,-0.45631711257818286,-0.46407793732308206,-0.44668461230030154,-0.45576750223278073,nan,nan,nan,nan,nan,nan,nan,nan,0.3725511656859251,0.36881923353423246,0.37398495244551416,0.37110262680740774,0.0,0.0,0.0,0.0,0.0,0.0,0.0,0.0,15.54766958190266,15.44983658267731,15.66111855930425,15.592347011381024,0.0,0.0,0.0,0.0,nan,nan,nan,nan,23.026597424802326,22.9497046088269,23.09072659720843,23.03276276079019,nan,nan,nan,nan,0.5087890625,0.5029296875,0.51611328125,0.50830078125,0.3974609375,0.39404296875,0.40283203125,0.39794921875,2.284984945018314,2.2763794068521195,2.3010053270288515,2.2873622414095833
2,adam,adam,AdamW,,adam,,,requested,2.0,nan,nominal,0.003,additive,1.0,nn_ce,2.2504740078131276,100,100,1.0,1.7165988438522468,1.7059896370600596,1.7222004794865002,1.7149252441526985,-0.5338751639608807,-0.544484370753068,-0.5282735283266273,-0.5355487636604289,nan,nan,nan,nan,nan,nan,nan,nan,0.356475177510648,0.35164178301923915,0.3628759834684471,0.3565084974646037,0.0,0.0,0.0,0.0,0.0,0.0,0.0,0.0,15.220575309702259,15.167613489328915,15.331060601191256,15.249886394068973,0.0,0.0,0.0,0.0,nan,nan,nan,nan,22.923107401876443,22.851393371080682,22.981574689591454,22.915546811773567,nan,nan,nan,nan,0.5224609375,0.51513671875,0.52978515625,0.521484375,0.4013671875,0.3994140625,0.4033203125,0.400390625,2.2425405544540613,2.2354770846598235,2.253441497408268,2.2423602131188884
2,adam,adam,AdamW,,adam,,,requested,2.0,nan,nominal,0.003,additive,1.0,nn_ce,2.2504740078131276,110,110,1.0,1.6457025340205957,1.6335421936292815,1.6501907497321193,1.643688051286194,-0.6047714737925318,-0.616931814183846,-0.6002832580810082,-0.6067859565269336,nan,nan,nan,nan,nan,nan,nan,nan,0.34195741662560714,0.3389423569680996,0.34751647445545825,0.3429331284537914,0.0,0.0,0.0,0.0,0.0,0.0,0.0,0.0,15.016354005264354,14.877771939090657,15.047822213332456,15.00194633559543,0.0,0.0,0.0,0.0,nan,nan,nan,nan,22.82955544741756,22.751625408671806,22.875529905115805,22.814876779920926,nan,nan,nan,nan,0.537109375,0.52880859375,0.53955078125,0.5341796875,0.4052734375,0.4033203125,0.40625,0.403076171875,2.2057548595493923,2.199278848476466,2.208859065125793,2.2033047482667767
2,adam,adam,AdamW,,adam,,,requested,2.0,nan,nominal,0.003,additive,1.0,nn_ce,2.2504740078131276,120,120,1.0,1.5809285300661051,1.5678846616074789,1.5845380491308216,1.5789155879343588,-0.6695454777470224,-0.6825893462056486,-0.6659359586823059,-0.6715584198787689,nan,nan,nan,nan,nan,nan,nan,nan,0.32890623080631476,0.3250988333648759,0.3310868187068463,0.3289501513222003,0.0,0.0,0.0,0.0,0.0,0.0,0.0,0.0,14.718710319252914,14.622683515483294,14.949735018826619,14.824293101206923,0.0,0.0,0.0,0.0,nan,nan,nan,nan,22.715172622786724,22.647846985431364,22.7816294218198,22.71591107794622,nan,nan,nan,nan,0.548828125,0.54638671875,0.55126953125,0.547607421875,0.41015625,0.40576171875,0.41064453125,0.40771484375,2.169439829580702,2.1652211582366165,2.1730737409482073,2.169494870211974
2,adam,adam,AdamW,,adam,,,requested,2.0,nan,nominal,0.003,additive,1.0,nn_ce,2.2504740078131276,130,130,1.0,1.5242562393245964,1.510911817330647,1.5278785907767856,1.5222080495769856,-0.726217768488531,-0.7395621904824805,-0.7225954170363419,-0.7282659582361419,nan,nan,nan,nan,nan,nan,nan,nan,0.31788340028172857,0.3131068999878207,0.31984015447687936,0.31647917067439324,0.0,0.0,0.0,0.0,0.0,0.0,0.0,0.0,14.560460297048483,14.516245550716203,14.615621120213808,14.55521943232942,0.0,0.0,0.0,0.0,nan,nan,nan,nan,22.646057867698424,22.58714682280848,22.704587383760142,22.636265055333755,nan,nan,nan,nan,0.5595703125,0.55615234375,0.5625,0.558837890625,0.4111328125,0.40576171875,0.4150390625,0.40966796875,2.140423325937814,2.1367387961661644,2.1470452634522097,2.1423572577039787
2,adam,adam,AdamW,,adam,,,requested,2.0,nan,nominal,0.003,additive,1.0,nn_ce,2.2504740078131276,140,140,1.0,1.4726289330777982,1.4621626924519062,1.4769234019053663,1.470930551078529,-0.7778450747353294,-0.7883113153612212,-0.7735506059077613,-0.7795434567345985,nan,nan,nan,nan,nan,nan,nan,nan,0.3063451391111741,0.3023617719964603,0.30741157083098014,0.30527393647609846,0.0,0.0,0.0,0.0,0.0,0.0,0.0,0.0,14.443072865256381,14.394394613956095,14.654564241203309,14.487245567258947,0.0,0.0,0.0,0.0,nan,nan,nan,nan,22.56695831706083,22.51178799305063,22.61694894282031,22.554008005379174,nan,nan,nan,nan,0.5703125,0.5673828125,0.57177734375,0.570068359375,0.4140625,0.41015625,0.416015625,0.412353515625,2.119075934238829,2.110734468324918,2.128544713800488,2.11894805650611
2,adam,adam,AdamW,,adam,,,requested,2.0,nan,nominal,0.003,additive,1.0,nn_ce,2.2504740078131276,150,150,1.0,1.4251998878744567,1.4156097271150418,1.4294285999833818,1.4239339193590896,-0.8252741199386708,-0.8348642806980858,-0.8210454078297458,-0.8265400884540378,nan,nan,nan,nan,nan,nan,nan,nan,0.29667096063719783,0.29520256132740974,0.29947264460031375,0.29696236858946523,0.0,0.0,0.0,0.0,0.0,0.0,0.0,0.0,14.404634200163583,14.302387009314394,14.494910909551816,14.43040790702624,0.0,0.0,0.0,0.0,nan,nan,nan,nan,22.519185904786514,22.439284940505374,22.543852345433923,22.49390309817582,nan,nan,nan,nan,0.587890625,0.5849609375,0.59033203125,0.5869140625,0.416015625,0.40869140625,0.4189453125,0.41455078125,2.099847406264895,2.089531953583169,2.1107429577660404,2.099274729872917
2,adam,adam,AdamW,,adam,,,requested,2.0,nan,nominal,0.003,additive,1.0,nn_ce,2.2504740078131276,160,160,1.0,1.382020553271825,1.3714461305574523,1.387097543383891,1.3805381160996963,-0.8684534545413025,-0.8790278772556752,-0.8633764644292364,-0.8699358917134314,nan,nan,nan,nan,nan,nan,nan,nan,0.2897195967780827,0.28746046043182444,0.2907464891035233,0.2892022534565568,0.0,0.0,0.0,0.0,0.0,0.0,0.0,0.0,14.089953781871683,13.987381752890107,14.2512004557631,14.070580348230878,0.0,0.0,0.0,0.0,nan,nan,nan,nan,22.43637188915215,22.394889587602343,22.50243737990217,22.44092636366609,nan,nan,nan,nan,0.6025390625,0.59521484375,0.6044921875,0.599853515625,0.4169921875,0.4111328125,0.419921875,0.41650390625,2.0817334043920526,2.070882525192616,2.094508659148633,2.0818216674204737
2,adam,adam,AdamW,,adam,,,requested,2.0,nan,nominal,0.003,additive,1.0,nn_ce,2.2504740078131276,170,170,1.0,1.3417656512311154,1.3332705585877431,1.348680616170524,1.3412355123376503,-0.9087083565820122,-0.9172034492253844,-0.9017933916426035,-0.9092384954754773,nan,nan,nan,nan,nan,nan,nan,nan,0.27922276890664866,0.27800382057369727,0.28140780007993116,0.28104134225835187,0.0,0.0,0.0,0.0,0.0,0.0,0.0,0.0,14.122399131419819,14.016074026070383,14.22440053610038,14.066462720063084,0.0,0.0,0.0,0.0,nan,nan,nan,nan,22.381578835113935,22.34863477135742,22.462457669545422,22.387591662984363,nan,nan,nan,nan,0.6142578125,0.60888671875,0.6220703125,0.615478515625,0.4169921875,0.4140625,0.4248046875,0.419921875,2.066962463403024,2.0565670337700412,2.0760687510033273,2.0654896042623623
2,adam,adam,AdamW,,adam,,,requested,2.0,nan,nominal,0.003,additive,1.0,nn_ce,2.2504740078131276,180,180,1.0,1.304938240373967,1.299031065309162,1.3135478415715278,1.3060553457601947,-0.9455357674391605,-0.9514429425039657,-0.9369261662415997,-0.9444186620529329,nan,nan,nan,nan,nan,nan,nan,nan,0.27339144388308245,0.27205294436964667,0.27819019734493033,0.2758975195937057,0.0,0.0,0.0,0.0,0.0,0.0,0.0,0.0,13.976619329636446,13.717553958020789,14.131922794133255,13.944261726779864,0.0,0.0,0.0,0.0,nan,nan,nan,nan,22.350946052339886,22.29021018074838,22.423597806882544,22.34530955012688,nan,nan,nan,nan,0.619140625,0.61474609375,0.62890625,0.62255859375,0.4189453125,0.4111328125,0.4296875,0.4208984375,2.0524684455044864,2.04268070404429,2.0646325787731823,2.052279041945755
2,adam,adam,AdamW,,adam,,,requested,2.0,nan,nominal,0.003,additive,1.0,nn_ce,2.2504740078131276,190,190,1.0,1.2717807489705673,1.268027009601344,1.2807176127801037,1.2737308839681285,-0.9786932588425603,-0.9824469982117836,-0.9697563950330239,-0.9767431238449992,nan,nan,nan,nan,nan,nan,nan,nan,0.2687913912125336,0.2668324670171024,0.2705128516562529,0.268489994222663,0.0,0.0,0.0,0.0,0.0,0.0,0.0,0.0,13.954022441186915,13.860292208869188,14.005194332912184,13.951435637021103,0.0,0.0,0.0,0.0,nan,nan,nan,nan,22.31270220285111,22.226315198328102,22.404994344520823,22.303753712770746,nan,nan,nan,nan,0.630859375,0.62841796875,0.64208984375,0.635498046875,0.421875,0.41162109375,0.43310546875,0.42333984375,2.0380831336903613,2.0318240771232476,2.0559694126083654,2.042456603570665
2,adam,adam,AdamW,,adam,,,requested,2.0,nan,nominal,0.003,additive,1.0,nn_ce,2.2504740078131276,200,200,1.0,1.2427086913645131,1.2383155827614312,1.2499495561008331,1.2436873989576398,-1.0077653164486144,-1.0121584250516964,-1.0005244517122944,-1.0067866088554878,nan,nan,nan,nan,nan,nan,nan,nan,0.2614923600179165,0.26055341159055223,0.2622843936914489,0.2611954376642269,0.0,0.0,0.0,0.0,0.0,0.0,0.0,0.0,13.885880643987033,13.872210644912084,13.936252021871109,13.901464397932505,0.0,0.0,0.0,0.0,nan,nan,nan,nan,22.26693142516246,22.182675529206726,22.387849324635447,22.263966020108438,nan,nan,nan,nan,0.6455078125,0.6376953125,0.650390625,0.645263671875,0.423828125,0.412109375,0.43310546875,0.42431640625,2.0279319660020327,2.0228880154294,2.043570508130351,2.0326157766740582
2,adam,adam,AdamW,,adam,,,requested,2.0,nan,nominal,0.003,additive,1.0,nn_ce,2.2504740078131276,210,210,1.0,1.2163142538598957,1.20958694768885,1.221534435217079,1.2162790779027213,-1.034159753953232,-1.0408870601242777,-1.0289395725960486,-1.0341949299104063,nan,nan,nan,nan,nan,nan,nan,nan,0.25517909753621754,0.2547769992983561,0.2559624996199197,0.25546474796027885,0.0,0.0,0.0,0.0,0.0,0.0,0.0,0.0,13.893986754010752,13.783024916587149,13.953776062396514,13.8582660107678,0.0,0.0,0.0,0.0,nan,nan,nan,nan,22.213199552243374,22.127162977487828,22.33423706749295,22.214646487742122,nan,nan,nan,nan,0.65234375,0.64453125,0.65771484375,0.65283203125,0.4248046875,0.41748046875,0.43212890625,0.424560546875,2.0189479876752228,2.0160167141251994,2.0321799291702907,2.023866198983283
2,adam,adam,AdamW,,adam,,,requested,2.0,nan,nominal,0.003,additive,1.0,nn_ce,2.2504740078131276,220,220,1.0,1.1915846340133611,1.1833527927769132,1.1968020696846866,1.1914480291887168,-1.0588893737997664,-1.0671212150362144,-1.053671938128441,-1.0590259786244107,nan,nan,nan,nan,nan,nan,nan,nan,0.2519187772548989,0.2516485448480978,0.2521653515634329,0.25234630411367076,0.0,0.0,0.0,0.0,0.0,0.0,0.0,0.0,13.719829716527734,13.583440263005013,14.001885873500061,13.8098961475041,0.0,0.0,0.0,0.0,nan,nan,nan,nan,22.169365466360347,22.07804066905106,22.281458869877277,22.1691403082782,nan,nan,nan,nan,0.6640625,0.65771484375,0.666015625,0.661376953125,0.42578125,0.419921875,0.42822265625,0.42529296875,2.00978350151008,2.007542604236473,2.027155204373018,2.0161966950029564
2,adam,adam,AdamW,,adam,,,requested,2.0,nan,nominal,0.003,additive,1.0,nn_ce,2.2504740078131276,230,230,1.0,1.1690719890196573,1.1602733508798502,1.1744784645669697,1.1688143886867048,-1.0814020187934703,-1.0902006569332774,-1.0759955432461579,-1.0816596191264227,nan,nan,nan,nan,nan,nan,nan,nan,0.24862672659223137,0.24712767241990477,0.25205842904570835,0.24996154574723117,0.0,0.0,0.0,0.0,0.0,0.0,0.0,0.0,13.725654318933685,13.634138079443245,13.95745887573253,13.785396812204402,0.0,0.0,0.0,0.0,nan,nan,nan,nan,22.14577966098921,22.043335672819545,22.23099926024063,22.130513563478043,nan,nan,nan,nan,0.6708984375,0.666015625,0.67578125,0.668701171875,0.4296875,0.421875,0.435546875,0.4296875,2.003839427425337,2.0003780748486513,2.0248035701726512,2.0109500144506383
2,adam,adam,AdamW,,adam,,,requested,2.0,nan,nominal,0.003,additive,1.0,nn_ce,2.2504740078131276,240,240,1.0,1.1479975253918593,1.139614375230462,1.1546122219874404,1.1478498218212034,-1.1024764824212683,-1.1108596325826656,-1.0958617858256872,-1.1026241859919241,nan,nan,nan,nan,nan,nan,nan,nan,0.24433411938478533,0.24183080762307932,0.2502958748485856,0.24591018670983217,0.0,0.0,0.0,0.0,0.0,0.0,0.0,0.0,13.9152515787145,13.62660293619093,14.119164391107617,13.796931333365498,0.0,0.0,0.0,0.0,nan,nan,nan,nan,22.12939547519308,21.997446850020815,22.207933634938552,22.098615644272318,nan,nan,nan,nan,0.677734375,0.671875,0.68212890625,0.67724609375,0.4287109375,0.42529296875,0.43603515625,0.431396484375,1.9986653498606635,1.992097989109893,2.019487416788965,2.0043218698537157
2,adam,adam,AdamW,,adam,,,requested,2.0,nan,nominal,0.003,additive,1.0,nn_ce,2.2504740078131276,250,250,1.0,1.1291236798640356,1.1209302300442416,1.1361482549276305,1.128814537360648,-1.121350327949092,-1.129543777768886,-1.114325752885497,-1.1216594704524796,nan,nan,nan,nan,nan,nan,nan,nan,0.24306634217558204,0.2385787160432668,0.24591784395396354,0.24233748985172948,0.0,0.0,0.0,0.0,0.0,0.0,0.0,0.0,13.613928418084333,13.537053423885103,13.917486486055374,13.684550550276995,0.0,0.0,0.0,0.0,nan,nan,nan,nan,22.09589483158304,21.976984737307216,22.191521892767884,22.068843134033937,nan,nan,nan,nan,0.685546875,0.6767578125,0.69140625,0.683349609375,0.4306640625,0.42578125,0.43994140625,0.43310546875,1.9943012985922877,1.9887765308042893,2.015046535284079,1.999323655899631
2,adam,adam,AdamW,,adam,,,requested,2.0,nan,nominal,0.003,additive,1.0,nn_ce,2.2504740078131276,260,260,1.0,1.1117043458903055,1.1038585222680994,1.1192345282553062,1.111698159494546,-1.138769661922822,-1.1466154855450281,-1.1312394795578213,-1.1387758483185815,nan,nan,nan,nan,nan,nan,nan,nan,0.236061290644433,0.23371702276879427,0.24082645037099637,0.2378997808503498,0.0,0.0,0.0,0.0,0.0,0.0,0.0,0.0,13.747999918279934,13.581920972788867,13.901961930636878,13.711786900014133,0.0,0.0,0.0,0.0,nan,nan,nan,nan,22.052825312597246,21.959787065926868,22.1662509737081,22.040355218976966,nan,nan,nan,nan,0.6923828125,0.685546875,0.7001953125,0.692138671875,0.43359375,0.42919921875,0.43701171875,0.43408203125,1.9912452433005603,1.9861962293085234,2.0081310095422533,1.9949345174908695
2,adam,adam,AdamW,,adam,,,requested,2.0,nan,nominal,0.003,additive,1.0,nn_ce,2.2504740078131276,270,270,1.0,1.0962143299949005,1.0885430568376535,1.1042396932516614,1.096198361715844,-1.154259677818227,-1.161930950975474,-1.1462343145614662,-1.1542756460972836,nan,nan,nan,nan,nan,nan,nan,nan,0.23421377050889963,0.2306198838966363,0.23740191896621493,0.235216835056219,0.0,0.0,0.0,0.0,0.0,0.0,0.0,0.0,13.535889485573593,13.491025329540408,13.666537989551493,13.550292252966155,0.0,0.0,0.0,0.0,nan,nan,nan,nan,22.03548029741442,21.933400430589135,22.146354397387327,22.019843741735706,nan,nan,nan,nan,0.6962890625,0.69091796875,0.70166015625,0.696044921875,0.4345703125,0.4287109375,0.44189453125,0.434326171875,1.9892118705961606,1.9811571691720753,2.0071480401929795,1.99223627521003
2,adam,adam,AdamW,,adam,,,requested,2.0,nan,nominal,0.003,additive,1.0,nn_ce,2.2504740078131276,280,280,1.0,1.0821343306510105,1.0738447325131615,1.0904481085333206,1.0818498201157538,-1.168339677162117,-1.176629275299966,-1.160025899279807,-1.1686241876973738,nan,nan,nan,nan,nan,nan,nan,nan,0.2322866869100759,0.22821058080853235,0.23398587418950093,0.2322150378581032,0.0,0.0,0.0,0.0,0.0,0.0,0.0,0.0,13.61517830792356,13.258494667214995,13.701643712180186,13.499875952608228,0.0,0.0,0.0,0.0,nan,nan,nan,nan,22.02979515892366,21.919345450511642,22.12590915325615,22.005657809228342,nan,nan,nan,nan,0.6982421875,0.693359375,0.70751953125,0.699462890625,0.43359375,0.42919921875,0.44580078125,0.4365234375,1.9869769041871048,1.9770591704173772,2.00453937876665,1.9890875113202986
2,adam,adam,AdamW,,adam,,,requested,2.0,nan,nominal,0.003,additive,1.0,nn_ce,2.2504740078131276,290,290,1.0,1.0694825001732298,1.0609968198178965,1.0777618793360362,1.068797133680306,-1.1809915076398978,-1.189477187995231,-1.1727121284770914,-1.1816768741328216,nan,nan,nan,nan,nan,nan,nan,nan,0.23019748695693792,0.22790953830627012,0.23113292916401573,0.23015766516900443,0.0,0.0,0.0,0.0,0.0,0.0,0.0,0.0,13.639344164313474,13.57022643571374,13.710651862435341,13.597075086082901,0.0,0.0,0.0,0.0,nan,nan,nan,nan,22.018074005017624,21.90116148719302,22.102180103002443,21.987901984394078,nan,nan,nan,nan,0.7041015625,0.6982421875,0.7109375,0.703857421875,0.435546875,0.4296875,0.44091796875,0.436279296875,1.984456516951869,1.975606797424158,2.0023371963640653,1.9866777580561914
2,adam,adam,AdamW,,adam,,,requested,2.0,nan,nominal,0.003,additive,1.0,nn_ce,2.2504740078131276,300,300,1.0,1.0566734183917448,1.0492491221931999,1.0652487729571187,1.0563189467515544,-1.1938005894213828,-1.2012248856199277,-1.1852252348560088,-1.1941550610615732,nan,nan,nan,nan,nan,nan,nan,nan,0.22705664326352246,0.2252004608728226,0.22928632849885067,0.22731949931032486,0.0,0.0,0.0,0.0,0.0,0.0,0.0,0.0,13.613586114863939,13.393569577995628,13.837790224033498,13.647952455255744,0.0,0.0,0.0,0.0,nan,nan,nan,nan,22.00128816947899,21.882615677936002,22.08589102095536,21.9718945272416,nan,nan,nan,nan,0.7099609375,0.701171875,0.7138671875,0.70751953125,0.435546875,0.4287109375,0.44580078125,0.436279296875,1.9820458547813664,1.97442161701807,1.9984541161762412,1.9842380797987231
2,adam,adam,AdamW,,adam,,,requested,2.0,nan,nominal,0.003,additive,1.0,nn_ce,2.2504740078131276,310,310,1.0,1.0448956277852584,1.0389479157006174,1.0539898727413242,1.0451436468415511,-1.2055783800278692,-1.2115260921125102,-1.1964841350718034,-1.2053303609715764,nan,nan,nan,nan,nan,nan,nan,nan,0.22537765366004564,0.22270241913129635,0.22737842719010165,0.22541504862701484,0.0,0.0,0.0,0.0,0.0,0.0,0.0,0.0,13.560914268597372,13.47763989745305,13.671472561568061,13.595792836472834,0.0,0.0,0.0,0.0,nan,nan,nan,nan,21.98900432678277,21.859496466353427,22.075356815596678,21.956503249022145,nan,nan,nan,nan,0.7119140625,0.708984375,0.71728515625,0.711181640625,0.4384765625,0.4306640625,0.4462890625,0.4384765625,1.9787954884155239,1.9726042223663238,1.9947190427671564,1.9815412504898338
2,adam,adam,AdamW,,adam,,,requested,2.0,nan,nominal,0.003,additive,1.0,nn_ce,2.2504740078131276,320,320,1.0,1.0344523049655927,1.029547113792334,1.0438645011035086,1.0351876616793403,-1.2160217028475349,-1.2209268940207936,-1.206609506709619,-1.2152863461337873,nan,nan,nan,nan,nan,nan,nan,nan,0.22323153513164035,0.2218155380141475,0.22457774390364194,0.223243420614968,0.0,0.0,0.0,0.0,0.0,0.0,0.0,0.0,13.558538349676006,13.343729073756911,13.850064834813216,13.630821641098361,0.0,0.0,0.0,0.0,nan,nan,nan,nan,21.975875833448406,21.835214378960103,22.073716998418625,21.942468952544072,nan,nan,nan,nan,0.716796875,0.7109375,0.720703125,0.71484375,0.439453125,0.43115234375,0.44970703125,0.43994140625,1.975842950561074,1.9706237928531865,1.9929578845248634,1.9796823764213405
2,adam,adam,AdamW,,adam,,,requested,2.0,nan,nominal,0.003,additive,1.0,nn_ce,2.2504740078131276,330,330,1.0,1.0256452346127827,1.020937301080763,1.0347933464156274,1.0264247051510829,-1.224828773200345,-1.2295367067323646,-1.2156806613975002,-1.2240493026620447,nan,nan,nan,nan,nan,nan,nan,nan,0.22223057191269496,0.22002277359037503,0.22326928875430813,0.22185998072048735,0.0,0.0,0.0,0.0,0.0,0.0,0.0,0.0,13.453295978345519,13.256142946094238,13.785052429965075,13.47738927629041,0.0,0.0,0.0,0.0,nan,nan,nan,nan,21.951884652122267,21.82471316956527,22.064665244654226,21.926878559098903,nan,nan,nan,nan,0.71875,0.71435546875,0.72119140625,0.716552734375,0.4404296875,0.42919921875,0.44775390625,0.43896484375,1.9750291868132512,1.9692308316736142,1.9919820472482967,1.9790578901968614
2,adam,adam,AdamW,,adam,,,requested,2.0,nan,nominal,0.003,additive,1.0,nn_ce,2.2504740078131276,340,340,1.0,1.0182367237973904,1.013237441112033,1.0269783956151324,1.0187751790452562,-1.2322372840157372,-1.2372365667010945,-1.2234956121979952,-1.2316988287678714,nan,nan,nan,nan,nan,nan,nan,nan,0.2201284016786117,0.2177995231160071,0.22311593264798305,0.2204799586872489,0.0,0.0,0.0,0.0,0.0,0.0,0.0,0.0,13.447854143108401,13.315668365048182,13.5890445388566,13.489831729265067,0.0,0.0,0.0,0.0,nan,nan,nan,nan,21.929301064176123,21.815582611309132,22.0521249282707,21.912582262956796,nan,nan,nan,nan,0.7197265625,0.71630859375,0.72509765625,0.71923828125,0.439453125,0.4326171875,0.44580078125,0.439208984375,1.9749155414655017,1.968865270756616,1.99011845596728,1.9781902022554092
2,adam,adam,AdamW,,adam,,,requested,2.0,nan,nominal,0.003,additive,1.0,nn_ce,2.2504740078131276,350,350,1.0,1.0109255059801008,1.0063783289474943,1.0199434721443459,1.0117796330347395,-1.2395485018330268,-1.2440956788656332,-1.2305305356687817,-1.238694374778388,nan,nan,nan,nan,nan,nan,nan,nan,0.21942950839326214,0.21557876340958043,0.22147863540022633,0.2188594719233542,0.0,0.0,0.0,0.0,0.0,0.0,0.0,0.0,13.519943663374692,13.373649006906,13.598629154297658,13.455256833870193,0.0,0.0,0.0,0.0,nan,nan,nan,nan,21.91212463595501,21.818957253391886,22.040607486313668,21.90333623312541,nan,nan,nan,nan,0.72265625,0.71875,0.72509765625,0.720947265625,0.44140625,0.43310546875,0.4443359375,0.43994140625,1.974599819723367,1.9662510058553606,1.988786397072901,1.9768430437494278
2,adam,adam,AdamW,,adam,,,requested,2.0,nan,nominal,0.003,additive,1.0,nn_ce,2.2504740078131276,360,360,1.0,1.0047027532389101,1.0000080364664024,1.0135476581760248,1.005578286263555,-1.2457712545742174,-1.2504659713467252,-1.2369263496371028,-1.2448957215495726,nan,nan,nan,nan,nan,nan,nan,nan,0.21763172031311012,0.21433719220828484,0.21935002564183276,0.21720590189737787,0.0,0.0,0.0,0.0,0.0,0.0,0.0,0.0,13.574993964345609,13.410025756640328,13.67713687825576,13.579627905749778,0.0,0.0,0.0,0.0,nan,nan,nan,nan,21.903994392553642,21.826794280550487,22.02867443700873,21.897735879006298,nan,nan,nan,nan,0.724609375,0.7197265625,0.7265625,0.72216796875,0.4443359375,0.43310546875,0.44921875,0.44189453125,1.9740091446908394,1.9642842406563985,1.9892466253674788,1.9761284009713056
2,adam,adam,AdamW,,adam,,,requested,2.0,nan,nominal,0.003,additive,1.0,nn_ce,2.2504740078131276,370,370,1.0,0.9993322214144265,0.9944463578758567,1.00824373149772,1.0002495018482338,-1.251141786398701,-1.256027649937271,-1.2422302763154076,-1.2502245059648938,nan,nan,nan,nan,nan,nan,nan,nan,0.21626897707911708,0.21358578006626258,0.21829585877357965,0.21618284931221862,0.0,0.0,0.0,0.0,0.0,0.0,0.0,0.0,13.524832048138405,13.306134685576568,13.69914408736069,13.545813175566455,0.0,0.0,0.0,0.0,nan,nan,nan,nan,21.897761464125587,21.830675773613372,22.02169547228675,21.89214812019752,nan,nan,nan,nan,0.7265625,0.724609375,0.72998046875,0.725341796875,0.443359375,0.435546875,0.44921875,0.442138671875,1.973587905116826,1.9621383836042732,1.9894496825757977,1.9756739021574123
2,adam,adam,AdamW,,adam,,,requested,2.0,nan,nominal,0.003,additive,1.0,nn_ce,2.2504740078131276,380,380,1.0,0.9946117610082494,0.9898195071485528,1.0033316334876043,0.9956048192135252,-1.255862246804878,-1.2606545006645749,-1.2471423743255232,-1.2548691885996024,nan,nan,nan,nan,nan,nan,nan,nan,0.2155424493963114,0.2129914907414387,0.21716923340032973,0.21549424989980207,0.0,0.0,0.0,0.0,0.0,0.0,0.0,0.0,13.636184582650912,13.45665866006047,13.753154814482071,13.610904290039139,0.0,0.0,0.0,0.0,nan,nan,nan,nan,21.89432337889118,21.827462438007757,22.020214856024236,21.8892161704035,nan,nan,nan,nan,0.728515625,0.724609375,0.73046875,0.726806640625,0.443359375,0.43701171875,0.451171875,0.44287109375,1.9723201854956822,1.9618219714446492,1.9892974358272455,1.9749655720219725
2,adam,adam,AdamW,,adam,,,requested,2.0,nan,nominal,0.003,additive,1.0,nn_ce,2.2504740078131276,390,390,1.0,0.9902914952052521,0.9859158069728398,0.9993634160370735,0.9915367336209366,-1.2601825126078756,-1.2645582008402876,-1.251110591776054,-1.258937274192191,nan,nan,nan,nan,nan,nan,nan,nan,0.21529433636042844,0.212481953501337,0.21693990554289444,0.21500247305585557,0.0,0.0,0.0,0.0,0.0,0.0,0.0,0.0,13.45720012541577,13.3892301554386,13.576228715766728,13.481264763576451,0.0,0.0,0.0,0.0,nan,nan,nan,nan,21.889696172747886,21.81856330534812,22.01258004780922,21.883191788292525,nan,nan,nan,nan,0.73046875,0.7265625,0.7333984375,0.7294921875,0.443359375,0.4375,0.44775390625,0.4423828125,1.9711656515054647,1.9608684378009664,1.987932839689747,1.9741483986356099
2,adam,adam,AdamW,,adam,,,requested,2.0,nan,nominal,0.003,additive,1.0,nn_ce,2.2504740078131276,400,400,1.0,0.9868470174203031,0.9825938378890595,0.9957596786284899,0.9880654694449089,-1.2636269903928246,-1.267880169924068,-1.2547143291846377,-1.2624085383682186,nan,nan,nan,nan,nan,nan,nan,nan,0.21362616689441222,0.21153686445437442,0.2163219494010858,0.21397308539894588,0.0,0.0,0.0,0.0,0.0,0.0,0.0,0.0,13.381592291497197,13.251162876415004,13.644820334074852,13.470244533258924,0.0,0.0,0.0,0.0,nan,nan,nan,nan,21.887359976658473,21.812310863784667,22.006797852687747,21.8788692909999,nan,nan,nan,nan,0.732421875,0.72705078125,0.73486328125,0.730712890625,0.443359375,0.435546875,0.4501953125,0.443603515625,1.9703322704573578,1.9605776600415286,1.986979038723371,1.9736328910873486
2,adam,adam,AdamW,,adam,,,requested,2.0,nan,nominal,0.003,additive,1.0,nn_ce,2.2504740078131276,410,410,1.0,0.9838547622787703,0.9797874102469393,0.9927948006945193,0.9851282267975761,-1.2666192455343572,-1.2706865975661883,-1.2576792071186083,-1.2653457810155515,nan,nan,nan,nan,nan,nan,nan,nan,0.21322057014760015,0.2104454509022585,0.21569352047336435,0.21330667285470029,0.0,0.0,0.0,0.0,0.0,0.0,0.0,0.0,13.499296012653204,13.387484825559095,13.636667689418665,13.451963965345652,0.0,0.0,0.0,0.0,nan,nan,nan,nan,21.885233705410037,21.807607557514444,22.001256958952975,21.874481874785616,nan,nan,nan,nan,0.732421875,0.72705078125,0.73681640625,0.731689453125,0.4423828125,0.43701171875,0.451171875,0.443359375,1.9694767884517472,1.960346546583962,1.9863518182860327,1.9730411684941536
2,adam,adam,AdamW,,adam,,,requested,2.0,nan,nominal,0.003,additive,1.0,nn_ce,2.2504740078131276,420,420,1.0,0.9813396959650338,0.9773453314415353,0.9904779873912609,0.9827099783333393,-1.2691343118480938,-1.2731286763715923,-1.2599960204218665,-1.2677640294797883,nan,nan,nan,nan,nan,nan,nan,nan,0.21241060526050914,0.2098197310428015,0.21525908928897955,0.21275063422724286,0.0,0.0,0.0,0.0,0.0,0.0,0.0,0.0,13.61653168425,13.375181530547298,13.915968389649555,13.591541099787538,0.0,0.0,0.0,0.0,nan,nan,nan,nan,21.880920056260415,21.80200374712764,21.998263982987396,21.870765412249447,nan,nan,nan,nan,0.734375,0.72900390625,0.740234375,0.733642578125,0.4423828125,0.43701171875,0.451171875,0.443359375,1.9686473343956095,1.960617821634914,1.985579874429697,1.972670807487745
2,adam,adam,AdamW,,adam,,,requested,2.0,nan,nominal,0.003,additive,1.0,nn_ce,2.2504740078131276,430,430,1.0,0.9794121438943704,0.9754313688052488,0.9885421088558437,0.9807927760313258,-1.2710618639187572,-1.2750426390078788,-1.2619318989572839,-1.2696812317818018,nan,nan,nan,nan,nan,nan,nan,nan,0.21185516109675417,0.2094386440238567,0.2148022939898485,0.2122893571874091,0.0,0.0,0.0,0.0,0.0,0.0,0.0,0.0,13.343246370607345,13.088381581754497,13.492598379698007,13.315585652469448,0.0,0.0,0.0,0.0,nan,nan,nan,nan,21.878137834697746,21.797890479200753,21.997612735591357,21.868130345316157,nan,nan,nan,nan,0.732421875,0.72900390625,0.73876953125,0.7333984375,0.4423828125,0.4375,0.4501953125,0.44384765625,1.968242740982717,1.960388948813501,1.9850459440962838,1.9723831343424534
2,adam,adam,AdamW,,adam,,,requested,2.0,nan,nominal,0.003,additive,1.0,nn_ce,2.2504740078131276,440,440,1.0,0.9779385283557227,0.9739796840873565,0.9868776853773871,0.9792639098437345,-1.2725354794574049,-1.276494323725771,-1.2635963224357405,-1.271210097969393,nan,nan,nan,nan,nan,nan,nan,nan,0.211377704535248,0.20908089875527175,0.21423418286831925,0.21184551319892655,0.0,0.0,0.0,0.0,0.0,0.0,0.0,0.0,13.644980296795094,13.485217797728728,13.770805040498386,13.654879042564843,0.0,0.0,0.0,0.0,nan,nan,nan,nan,21.87769432897965,21.796287426456942,21.997288927971418,21.866678398693136,nan,nan,nan,nan,0.7333984375,0.72900390625,0.73876953125,0.73388671875,0.4423828125,0.43701171875,0.4501953125,0.44384765625,1.9678318254625642,1.9601822918051701,1.984652802242496,1.9719951679219723
2,adam,adam,AdamW,,adam,,,requested,2.0,nan,nominal,0.003,additive,1.0,nn_ce,2.2504740078131276,450,450,1.0,0.9767546780541908,0.9727980912714234,0.9856749491229133,0.978099475377849,-1.2737193297589369,-1.2776759165417042,-1.2647990586902143,-1.2723745324352784,nan,nan,nan,nan,nan,nan,nan,nan,0.21126070559793475,0.20872769608420705,0.21385049174199544,0.2115679558217649,0.0,0.0,0.0,0.0,0.0,0.0,0.0,0.0,13.534934593820564,13.365733814136426,13.80081105422044,13.58319437296521,0.0,0.0,0.0,0.0,nan,nan,nan,nan,21.87627863616912,21.79466122624318,21.996415885129682,21.865135402866088,nan,nan,nan,nan,0.734375,0.72900390625,0.740234375,0.734375,0.4423828125,0.43701171875,0.4501953125,0.44384765625,1.9675158293437405,1.9601035250682735,1.9843204777709962,1.9717466920073532
2,adam,adam,AdamW,,adam,,,requested,2.0,nan,nominal,0.003,additive,1.0,nn_ce,2.2504740078131276,460,460,1.0,0.9758239583257297,0.97193532150157,0.9847609245014817,0.9772140255425293,-1.274650049487398,-1.2785386863115575,-1.265713083311646,-1.2732599822705981,nan,nan,nan,nan,nan,nan,nan,nan,0.21111253397954316,0.20858334360409622,0.2137205211818236,0.21138898229553293,0.0,0.0,0.0,0.0,0.0,0.0,0.0,0.0,13.428103912798056,13.301743711510621,13.60775121383782,13.439659029559783,0.0,0.0,0.0,0.0,nan,nan,nan,nan,21.875151011153683,21.792971592267186,21.99546442469856,21.863898997151274,nan,nan,nan,nan,0.7353515625,0.72900390625,0.740234375,0.734375,0.4423828125,0.4375,0.4501953125,0.44384765625,1.9674754754932233,1.960035351967579,1.9842761245371274,1.9716381582207896
2,adam,adam,AdamW,,adam,,,requested,2.0,nan,nominal,0.003,additive,1.0,nn_ce,2.2504740078131276,470,470,1.0,0.9751845801258402,0.9712536394700414,0.9840761867994681,0.9765611566315381,-1.2752894276872873,-1.2792203683430863,-1.2663978210136593,-1.2739128511815894,nan,nan,nan,nan,nan,nan,nan,nan,0.21081126865059227,0.20844438734529364,0.21360631132974348,0.21125396657865825,0.0,0.0,0.0,0.0,0.0,0.0,0.0,0.0,13.521763872758468,13.317041001748063,13.657405224434278,13.461684079144316,0.0,0.0,0.0,0.0,nan,nan,nan,nan,21.874628819528354,21.79166699531779,21.994901366520953,21.863082550477777,nan,nan,nan,nan,0.736328125,0.72900390625,0.740234375,0.734619140625,0.4423828125,0.4375,0.4501953125,0.44384765625,1.9673757373701797,1.9599096737821462,1.9842174430421082,1.9715364041062635
2,adam,adam,AdamW,,adam,,,requested,2.0,nan,nominal,0.003,additive,1.0,nn_ce,2.2504740078131276,480,480,1.0,0.9747001214881043,0.9707534290590538,0.9835673467928508,0.9760688411683804,-1.2757738863250232,-1.2797205787540737,-1.2669066610202768,-1.2744051666447471,nan,nan,nan,nan,nan,nan,nan,nan,0.2107670159634219,0.20822680014485584,0.2134838119719246,0.21107592256837646,0.0,0.0,0.0,0.0,0.0,0.0,0.0,0.0,13.404149453168927,13.238265398032851,13.5793255286692,13.45379467917331,0.0,0.0,0.0,0.0,nan,nan,nan,nan,21.874398907371322,21.791148683342687,21.99400611611469,21.862516066912843,nan,nan,nan,nan,0.736328125,0.73046875,0.740234375,0.73486328125,0.44140625,0.4375,0.4501953125,0.443603515625,1.9672609994426355,1.9597976207023913,1.9840801770322696,1.971444325390676
2,adam,adam,AdamW,,adam,,,requested,2.0,nan,nominal,0.003,additive,1.0,nn_ce,2.2504740078131276,490,490,1.0,0.9743230348231189,0.9703834821076526,0.9831881790016335,0.9756949411190995,-1.2761509729900087,-1.280090525705475,-1.267285828811494,-1.2747790666940282,nan,nan,nan,nan,nan,nan,nan,nan,0.210684818023204,0.2081651361070301,0.21347523586622735,0.2109735919311507,0.0,0.0,0.0,0.0,0.0,0.0,0.0,0.0,13.701910328389669,13.559136640877377,13.860915967392344,13.682412025082604,0.0,0.0,0.0,0.0,nan,nan,nan,nan,21.874675414534984,21.790799040892846,21.99328943812933,21.862241736707045,nan,nan,nan,nan,0.736328125,0.73046875,0.740234375,0.73486328125,0.44140625,0.4375,0.45166015625,0.44384765625,1.9671952483268818,1.9597754445896323,1.9839516503798456,1.971379505688275
2,adam,adam,AdamW,,adam,,,requested,2.0,nan,nominal,0.003,additive,1.0,nn_ce,2.2504740078131276,500,500,1.0,0.9739988879658116,0.9700749142390089,0.9828565093233192,0.9753709428822919,-1.276475119847316,-1.2803990935741187,-1.2676174984898083,-1.2751030649308357,nan,nan,nan,nan,nan,nan,nan,nan,0.21056380280332931,0.20806772462553255,0.21334933948160695,0.2108554854336122,0.0,0.0,0.0,0.0,0.0,0.0,0.0,0.0,13.696297668000803,13.241048428578253,13.86873769615574,13.54818060976168,0.0,0.0,0.0,0.0,nan,nan,nan,nan,21.874599953189684,21.79034022162127,21.992837619573265,21.861893950108456,nan,nan,nan,nan,0.736328125,0.73046875,0.74072265625,0.735107421875,0.44140625,0.4375,0.45166015625,0.44384765625,1.9671569553297696,1.959697041688949,1.9837941306492237,1.971312496251713
2,adam,adam,AdamW,,adam,,,requested,3.0,nan,nominal,0.003,additive,1.0,nn_ce,2.2504740078131276,0,0,1.0,3.8037716109855877,3.8037716109855877,3.8037716109855877,3.8037716109855877,1.5532976031724601,1.5532976031724601,1.5532976031724601,1.5532976031724601,nan,nan,nan,nan,nan,nan,nan,nan,1.0733323350297979,1.0733323350297979,1.0733323350297979,1.0733323350297979,0.0,0.0,0.0,0.0,0.0,0.0,0.0,0.0,0.0,0.0,0.0,0.0,0.0,0.0,0.0,0.0,nan,nan,nan,nan,23.97018795689393,23.97018795689393,23.97018795689393,23.97018795689393,nan,nan,nan,nan,0.017578125,0.017578125,0.017578125,0.017578125,0.01171875,0.01171875,0.01171875,0.01171875,3.789995274857612,3.789995274857612,3.789995274857612,3.789995274857612
2,adam,adam,AdamW,,adam,,,requested,3.0,nan,nominal,0.003,additive,1.0,nn_ce,2.2504740078131276,10,10,1.0,3.3435494885958255,3.341708506983616,3.3455177460353163,3.3448160737691093,1.0930754807826981,1.0912344991704885,1.0950437382221887,1.0943420659559813,nan,nan,nan,nan,nan,nan,nan,nan,0.9667528936792367,0.9656169631897509,0.9685198593431276,0.9672710153476913,0.0,0.0,0.0,0.0,0.0,0.0,0.0,0.0,25.351304267612928,25.31350585260292,25.374217851572954,25.32291688152634,0.0,0.0,0.0,0.0,nan,nan,nan,nan,24.017281367050828,24.0078258748341,24.053732954805625,24.03201303664008,nan,nan,nan,nan,0.078125,0.07568359375,0.083984375,0.077880859375,0.0537109375,0.052734375,0.0576171875,0.0556640625,3.4280083831130908,3.423928325353872,3.434149486634487,3.430099067611001
2,adam,adam,AdamW,,adam,,,requested,3.0,nan,nominal,0.003,additive,1.0,nn_ce,2.2504740078131276,20,20,1.0,2.947526722493028,2.9424906386609715,2.9518917962599565,2.9476096760971395,0.6970527146799002,0.692016630847844,0.7014177884468291,0.6971356682840121,nan,nan,nan,nan,nan,nan,nan,nan,0.8771745851323329,0.8754701742214879,0.8784179186488894,0.876783944498438,0.0,0.0,0.0,0.0,0.0,0.0,0.0,0.0,22.449167224787814,22.359606756490603,22.71544783837392,22.528338136636222,0.0,0.0,0.0,0.0,nan,nan,nan,nan,23.961293724614823,23.934696537726055,24.0204437570511,23.979578061944615,nan,nan,nan,nan,0.2822265625,0.275390625,0.29052734375,0.2841796875,0.1845703125,0.1787109375,0.193359375,0.18505859375,3.1144660846129195,3.1088498752095868,3.1227448744839017,3.1168975574469586
2,adam,adam,AdamW,,adam,,,requested,3.0,nan,nominal,0.003,additive,1.0,nn_ce,2.2504740078131276,30,30,1.0,2.6218746625505833,2.613677159349445,2.62421558607382,2.619100360549953,0.37140065473745576,0.36320315153631744,0.37374157826069265,0.36862635273682526,nan,nan,nan,nan,nan,nan,nan,nan,0.7525590194571348,0.7468228090264788,0.7586693585358025,0.7535813002143597,0.0,0.0,0.0,0.0,0.0,0.0,0.0,0.0,20.867913269570927,20.728677597032934,21.05979626740603,20.880063816331525,0.0,0.0,0.0,0.0,nan,nan,nan,nan,23.868484954277463,23.807839887304244,23.901757323431895,23.84973950159199,nan,nan,nan,nan,0.4072265625,0.40283203125,0.41015625,0.405517578125,0.3154296875,0.30810546875,0.31884765625,0.313720703125,2.8560272282475987,2.8428993186000735,2.868036292693909,2.8576577140483437
2,adam,adam,AdamW,,adam,,,requested,3.0,nan,nominal,0.003,additive,1.0,nn_ce,2.2504740078131276,40,40,1.0,2.3562095930162603,2.351407742296346,2.3618847601190662,2.3559652724530413,0.10573558520313275,0.10093373448321852,0.11141075230593889,0.10549126463991354,nan,nan,nan,nan,nan,nan,nan,nan,0.6071786139520556,0.5913795774987252,0.621914978614521,0.6066481644434091,0.0,0.0,0.0,0.0,0.0,0.0,0.0,0.0,19.680609304341736,19.56314683883783,19.879550332035812,19.74213365008537,0.0,0.0,0.0,0.0,nan,nan,nan,nan,23.67975728543371,23.580633924671673,23.73452516477555,23.64442947790993,nan,nan,nan,nan,0.4443359375,0.44091796875,0.4462890625,0.444091796875,0.361328125,0.3583984375,0.3720703125,0.36474609375,2.6530008658024813,2.6410110478585693,2.6639666508796007,2.6535260836306147
2,adam,adam,AdamW,,adam,,,requested,3.0,nan,nominal,0.003,additive,1.0,nn_ce,2.2504740078131276,50,50,1.0,2.152731551349657,2.147140606461995,2.159832652739255,2.154172262904796,-0.09774245646347035,-0.10333340135113245,-0.09064135507387283,-0.0963017449083316,nan,nan,nan,nan,nan,nan,nan,nan,0.49274780397167617,0.4807842434634705,0.5006622601873978,0.49032512544946827,0.0,0.0,0.0,0.0,0.0,0.0,0.0,0.0,18.645067367359232,18.539715070379078,18.817133584283205,18.687785040806205,0.0,0.0,0.0,0.0,nan,nan,nan,nan,23.423085533945567,23.376076037337903,23.546461758547775,23.43111410663903,nan,nan,nan,nan,0.4599609375,0.458984375,0.4619140625,0.459716796875,0.3779296875,0.373046875,0.38818359375,0.38037109375,2.502336282275093,2.494963776664994,2.5141999191040245,2.5044850701379278
2,adam,adam,AdamW,,adam,,,requested,3.0,nan,nominal,0.003,additive,1.0,nn_ce,2.2504740078131276,60,60,1.0,1.9930836006498365,1.9886214170352419,2.0041396868050407,1.9964823796807998,-0.2573904071632912,-0.2618525907778857,-0.24633432100808672,-0.2539916281323277,nan,nan,nan,nan,nan,nan,nan,nan,0.42581995345836055,0.42211135403844513,0.42946108682240847,0.4249936462092966,0.0,0.0,0.0,0.0,0.0,0.0,0.0,0.0,17.82811999070393,17.684183605140884,17.94116456056757,17.81101039457914,0.0,0.0,0.0,0.0,nan,nan,nan,nan,23.239645723498292,23.153655116725837,23.31131076536092,23.234946257708234,nan,nan,nan,nan,0.4765625,0.47412109375,0.47900390625,0.477294921875,0.388671875,0.384765625,0.3935546875,0.389892578125,2.3978053517443536,2.3920572278941594,2.4037291679387867,2.398797183456309
2,adam,adam,AdamW,,adam,,,requested,3.0,nan,nominal,0.003,additive,1.0,nn_ce,2.2504740078131276,70,70,1.0,1.8629675043319427,1.857138927555404,1.8695803074958504,1.865759143934251,-0.38750650348118476,-0.39333508025772357,-0.3808937003172772,-0.3847148638788766,nan,nan,nan,nan,nan,nan,nan,nan,0.388879307432299,0.3851791993800024,0.38995181725994954,0.38763707416947324,0.0,0.0,0.0,0.0,0.0,0.0,0.0,0.0,17.30486707671343,17.00714044011722,17.66334912538175,17.271495733638588,0.0,0.0,0.0,0.0,nan,nan,nan,nan,23.044621061080576,22.980099218470894,23.109066668284214,23.053397430589186,nan,nan,nan,nan,0.4931640625,0.48828125,0.49609375,0.491455078125,0.392578125,0.39013671875,0.40087890625,0.39599609375,2.3156078275080265,2.312920068997843,2.3184578545309282,2.3172047956668917
2,adam,adam,AdamW,,adam,,,requested,3.0,nan,nominal,0.003,additive,1.0,nn_ce,2.2504740078131276,80,80,1.0,1.7514532818749649,1.7475541460438364,1.7625029256539522,1.7551110251165982,-0.4990207259381628,-0.5029198617692912,-0.48797108215917545,-0.4953629826965294,nan,nan,nan,nan,nan,nan,nan,nan,0.3594578087256419,0.3580851850764784,0.3614385447583986,0.36003215006985606,0.0,0.0,0.0,0.0,0.0,0.0,0.0,0.0,16.713575280538333,16.591964336257846,16.777536382023097,16.663638369124424,0.0,0.0,0.0,0.0,nan,nan,nan,nan,22.865324900249362,22.766092319075323,22.972377292710185,22.882113413096256,nan,nan,nan,nan,0.5087890625,0.5009765625,0.513671875,0.505859375,0.3994140625,0.3955078125,0.40234375,0.3994140625,2.2520255091827432,2.245209405619468,2.255471456274905,2.2529372295300143
2,adam,adam,AdamW,,adam,,,requested,3.0,nan,nominal,0.003,additive,1.0,nn_ce,2.2504740078131276,90,90,1.0,1.657883753904201,1.6540928292258896,1.6711925106294514,1.6612423697950542,-0.5925902539089265,-0.5963811785872379,-0.5792814971836762,-0.5892316380180734,nan,nan,nan,nan,nan,nan,nan,nan,0.33926389479939806,0.3358302627132267,0.34255204921102633,0.3393206713069799,0.0,0.0,0.0,0.0,0.0,0.0,0.0,0.0,16.024961494638006,15.94240906885518,16.28025139153668,16.077986158993806,0.0,0.0,0.0,0.0,nan,nan,nan,nan,22.72128618795736,22.586073714543225,22.891443694573667,22.748454539357155,nan,nan,nan,nan,0.5244140625,0.5205078125,0.53125,0.5244140625,0.404296875,0.4013671875,0.408203125,0.40478515625,2.200006436751769,2.194510344677237,2.206625383686233,2.2032084606078723
2,adam,adam,AdamW,,adam,,,requested,3.0,nan,nominal,0.003,additive,1.0,nn_ce,2.2504740078131276,100,100,1.0,1.576940568250747,1.5715811007258038,1.5888878383487404,1.5790217192680087,-0.6735334395623807,-0.6788929070873236,-0.6615861694643872,-0.671452288545119,nan,nan,nan,nan,nan,nan,nan,nan,0.3239561586266491,0.3222304189329429,0.32476485092602436,0.3247841256703995,0.0,0.0,0.0,0.0,0.0,0.0,0.0,0.0,15.566435346744878,15.532738500799871,15.84734671862771,15.716445699112795,0.0,0.0,0.0,0.0,nan,nan,nan,nan,22.563498444687898,22.492902266561977,22.790987058188712,22.629473940148795,nan,nan,nan,nan,0.5390625,0.53466796875,0.54248046875,0.538330078125,0.404296875,0.40234375,0.40869140625,0.40673828125,2.1552388558323585,2.154151436150927,2.164767198476799,2.1611840761151226
2,adam,adam,AdamW,,adam,,,requested,3.0,nan,nominal,0.003,additive,1.0,nn_ce,2.2504740078131276,110,110,1.0,1.5044325380203567,1.4982082522827234,1.516554823190676,1.506705114552624,-0.7460414697927709,-0.7522657555304042,-0.7339191846224515,-0.7437688932605035,nan,nan,nan,nan,nan,nan,nan,nan,0.31217789195984613,0.308768268138655,0.31442076222642107,0.31478950465462474,0.0,0.0,0.0,0.0,0.0,0.0,0.0,0.0,15.464724191755092,15.162571601514218,15.599953955984343,15.398514702279714,0.0,0.0,0.0,0.0,nan,nan,nan,nan,22.4684297522246,22.3833529278855,22.718967197611757,22.532236731392757,nan,nan,nan,nan,0.5576171875,0.548828125,0.56787109375,0.56005859375,0.4130859375,0.40234375,0.41845703125,0.411376953125,2.1204078768656776,2.1152652078699306,2.1288216857888917,2.12382712234066
2,adam,adam,AdamW,,adam,,,requested,3.0,nan,nominal,0.003,additive,1.0,nn_ce,2.2504740078131276,120,120,1.0,1.4387799549876372,1.431411723609405,1.451646077544738,1.4408735343416947,-0.8116940528254905,-0.8190622842037225,-0.7988279302683896,-0.8096004734714327,nan,nan,nan,nan,nan,nan,nan,nan,0.2968210568932338,0.2934579905605441,0.30217374560656846,0.2992776545398621,0.0,0.0,0.0,0.0,0.0,0.0,0.0,0.0,15.176283806172943,15.056802793163175,15.272356459105914,15.174946645478617,0.0,0.0,0.0,0.0,nan,nan,nan,nan,22.415628562464857,22.283811473424272,22.636576982440012,22.443546524966646,nan,nan,nan,nan,0.5810546875,0.56689453125,0.58544921875,0.5771484375,0.41015625,0.40771484375,0.4140625,0.411865234375,2.0877360693292033,2.081864207005201,2.099863015021339,2.0915135510591183
2,adam,adam,AdamW,,adam,,,requested,3.0,nan,nominal,0.003,additive,1.0,nn_ce,2.2504740078131276,130,130,1.0,1.3797781104433944,1.3739450158466506,1.3926780335921365,1.382135779920651,-0.8706958973697332,-0.8765289919664769,-0.8577959742209911,-0.8683382278924765,nan,nan,nan,nan,nan,nan,nan,nan,0.28543309730488503,0.28240984141579367,0.2887218972914305,0.2857440806513331,0.0,0.0,0.0,0.0,0.0,0.0,0.0,0.0,15.152554346147413,14.91687661151079,15.270891653892473,15.113885800685644,0.0,0.0,0.0,0.0,nan,nan,nan,nan,22.354686190970764,22.18754090629549,22.48428878713847,22.343320819811115,nan,nan,nan,nan,0.5986328125,0.58837890625,0.60400390625,0.594970703125,0.412109375,0.41162109375,0.419921875,0.414794921875,2.0619651997122332,2.0532229093588654,2.0724802032879976,2.065025678579341
2,adam,adam,AdamW,,adam,,,requested,3.0,nan,nominal,0.003,additive,1.0,nn_ce,2.2504740078131276,140,140,1.0,1.325270804194389,1.3225024820936024,1.337549172719134,1.3288601956690305,-0.9252032036187386,-0.9279715257195251,-0.9129248350939936,-0.9216138121440972,nan,nan,nan,nan,nan,nan,nan,nan,0.27546404957408055,0.2743517732090293,0.2777744398476323,0.2755878477603369,0.0,0.0,0.0,0.0,0.0,0.0,0.0,0.0,14.937599172561088,14.792629354767394,15.021429545319403,14.866619354703245,0.0,0.0,0.0,0.0,nan,nan,nan,nan,22.28459841884514,22.107168902474218,22.351923073510118,22.260534314469766,nan,nan,nan,nan,0.619140625,0.61328125,0.62158203125,0.619873046875,0.4208984375,0.41796875,0.42431640625,0.419921875,2.0395017701090943,2.030997065896741,2.055684689464219,2.0438419192703066
2,adam,adam,AdamW,,adam,,,requested,3.0,nan,nominal,0.003,additive,1.0,nn_ce,2.2504740078131276,150,150,1.0,1.2772986493839809,1.2756509951605721,1.2890257003088454,1.2816071627122256,-0.9731753584291468,-0.9748230126525554,-0.9614483075042821,-0.968866845100902,nan,nan,nan,nan,nan,nan,nan,nan,0.2673382977815023,0.26683936083103493,0.2710654982005111,0.26849972482717505,0.0,0.0,0.0,0.0,0.0,0.0,0.0,0.0,14.698631958432031,14.535752773527294,14.839821791202008,14.659320930120582,0.0,0.0,0.0,0.0,nan,nan,nan,nan,22.204391602994953,22.03256129342102,22.28398190746394,22.190218218495595,nan,nan,nan,nan,0.634765625,0.62744140625,0.63916015625,0.633056640625,0.4248046875,0.4228515625,0.427734375,0.425048828125,2.0242720756559365,2.016640497436619,2.043123503338415,2.0283833417156414
2,adam,adam,AdamW,,adam,,,requested,3.0,nan,nominal,0.003,additive,1.0,nn_ce,2.2504740078131276,160,160,1.0,1.2341213849933925,1.2319670821072979,1.2456238410842242,1.2380526359816861,-1.016352622819735,-1.0185069257058297,-1.0048501667289034,-1.0124213718314414,nan,nan,nan,nan,nan,nan,nan,nan,0.2601270795092441,0.2587824381617104,0.26201389024801347,0.2600189788159467,0.0,0.0,0.0,0.0,0.0,0.0,0.0,0.0,14.702473181611905,14.598722298828633,14.821712180499471,14.750440720306301,0.0,0.0,0.0,0.0,nan,nan,nan,nan,22.125125807730335,21.952935202261603,22.260929834466012,22.125111504089197,nan,nan,nan,nan,0.650390625,0.646484375,0.65478515625,0.650634765625,0.427734375,0.4267578125,0.43017578125,0.428466796875,2.0140252196889925,2.003504394565065,2.0307537058785656,2.0169771555363294
2,adam,adam,AdamW,,adam,,,requested,3.0,nan,nominal,0.003,additive,1.0,nn_ce,2.2504740078131276,170,170,1.0,1.1956470997870101,1.1925912151860663,1.207002409402714,1.1991080931766998,-1.0548269080261174,-1.0578827926270613,-1.0434715984104135,-1.0513659146364278,nan,nan,nan,nan,nan,nan,nan,nan,0.2541876153039715,0.2526010461375685,0.25531342661406475,0.2540848784234867,0.0,0.0,0.0,0.0,0.0,0.0,0.0,0.0,14.281735710558475,14.028405504394115,14.458900675246898,14.228842517097881,0.0,0.0,0.0,0.0,nan,nan,nan,nan,22.051010312942207,21.89512435317601,22.231300876128135,22.061769429774287,nan,nan,nan,nan,0.66015625,0.65283203125,0.66650390625,0.659423828125,0.431640625,0.42724609375,0.43603515625,0.431884765625,2.0098549857916557,1.9924374391234392,2.0155142088602447,2.0072891112146243
2,adam,adam,AdamW,,adam,,,requested,3.0,nan,nominal,0.003,additive,1.0,nn_ce,2.2504740078131276,180,180,1.0,1.16058368967902,1.1571113685856995,1.1704463140860066,1.1633610795468172,-1.0898903181341075,-1.093362639227428,-1.080027693727121,-1.0871129282663103,nan,nan,nan,nan,nan,nan,nan,nan,0.24837333133149384,0.24626162162099188,0.25064786771449554,0.24844836394411318,0.0,0.0,0.0,0.0,0.0,0.0,0.0,0.0,14.343680672414354,14.210395852473344,14.456893777129489,14.36857715014749,0.0,0.0,0.0,0.0,nan,nan,nan,nan,21.992262409332064,21.835069605123344,22.179084639309842,22.00932866580625,nan,nan,nan,nan,0.6748046875,0.666015625,0.6767578125,0.670166015625,0.4384765625,0.4306640625,0.43994140625,0.436767578125,2.002814709364685,1.9799367580405818,2.0050049796269342,1.9966713769184146
2,adam,adam,AdamW,,adam,,,requested,3.0,nan,nominal,0.003,additive,1.0,nn_ce,2.2504740078131276,190,190,1.0,1.1280718495975237,1.1253750780249407,1.1354494311436056,1.130233235331386,-1.1224021582156039,-1.1250989297881868,-1.115024576669522,-1.1202407724817416,nan,nan,nan,nan,nan,nan,nan,nan,0.24588249351849573,0.24284134023533763,0.24837221877986781,0.2448618408940179,0.0,0.0,0.0,0.0,0.0,0.0,0.0,0.0,14.283147609544933,14.15079119018586,14.339855719951453,14.276904362864288,0.0,0.0,0.0,0.0,nan,nan,nan,nan,21.964843432094554,21.80289323028074,22.1229696718062,21.96939338997939,nan,nan,nan,nan,0.68359375,0.6806640625,0.69091796875,0.685546875,0.4345703125,0.4296875,0.443359375,0.435302734375,1.9872436160699354,1.9719843881065768,1.992379104053095,1.985118536179725
2,adam,adam,AdamW,,adam,,,requested,3.0,nan,nominal,0.003,additive,1.0,nn_ce,2.2504740078131276,200,200,1.0,1.0968451167258206,1.0958374237213382,1.1046463204321695,1.0992874248675946,-1.153628891087307,-1.1546365840917894,-1.145827687380958,-1.151186582945533,nan,nan,nan,nan,nan,nan,nan,nan,0.23673774632648997,0.23543279511793216,0.2448904478381715,0.2394702862973988,0.0,0.0,0.0,0.0,0.0,0.0,0.0,0.0,14.20566678796984,13.985324735382639,14.405791881782752,14.232806467027546,0.0,0.0,0.0,0.0,nan,nan,nan,nan,21.924905222831843,21.75367185697494,22.047479542120513,21.923107741687527,nan,nan,nan,nan,0.6962890625,0.69482421875,0.70166015625,0.697265625,0.439453125,0.4345703125,0.4443359375,0.43896484375,1.973687853803067,1.9628426397847871,1.9871384310643498,1.9768448237763554
2,adam,adam,AdamW,,adam,,,requested,3.0,nan,nominal,0.003,additive,1.0,nn_ce,2.2504740078131276,210,210,1.0,1.068679835085081,1.067090796367824,1.0768607552956957,1.0716298526034758,-1.1817941727280465,-1.1833832114453036,-1.1736132525174319,-1.1788441552096518,nan,nan,nan,nan,nan,nan,nan,nan,0.2341071140856938,0.23023509494612582,0.24003148652389283,0.2347571756308076,0.0,0.0,0.0,0.0,0.0,0.0,0.0,0.0,14.165096980897271,13.90330109728319,14.290813874051373,14.0986930093561,0.0,0.0,0.0,0.0,nan,nan,nan,nan,21.86024285511809,21.723488919497125,21.999804664674212,21.874993769771628,nan,nan,nan,nan,0.7060546875,0.70166015625,0.7109375,0.7060546875,0.4462890625,0.44189453125,0.44775390625,0.443359375,1.9633825214622829,1.9591877087718026,1.9831256747111983,1.9703295413266828
2,adam,adam,AdamW,,adam,,,requested,3.0,nan,nominal,0.003,additive,1.0,nn_ce,2.2504740078131276,220,220,1.0,1.0429379272802073,1.0414599526425015,1.0520429786159744,1.0463203981681692,-1.2075360805329203,-1.209014055170626,-1.1984310291971532,-1.2041536096449583,nan,nan,nan,nan,nan,nan,nan,nan,0.22919908919607104,0.22571406584767756,0.23506851693983452,0.2303615945799039,0.0,0.0,0.0,0.0,0.0,0.0,0.0,0.0,14.099840628242148,14.011446900804842,14.138239279963658,14.09412392281749,0.0,0.0,0.0,0.0,nan,nan,nan,nan,21.805825875948877,21.711186390284652,21.95242916578025,21.832483169927162,nan,nan,nan,nan,0.7138671875,0.70947265625,0.71826171875,0.71337890625,0.4482421875,0.43505859375,0.45068359375,0.444580078125,1.963410023109565,1.9561164713814883,1.977763781369105,1.966146071431075
2,adam,adam,AdamW,,adam,,,requested,3.0,nan,nominal,0.003,additive,1.0,nn_ce,2.2504740078131276,230,230,1.0,1.0193610760389373,1.0182966432648612,1.0283573387809906,1.0230375502831284,-1.2311129317741902,-1.2321773645482663,-1.222116669032137,-1.2274364575299992,nan,nan,nan,nan,nan,nan,nan,nan,0.2251574412716199,0.22375714431674634,0.22996755741080901,0.2263309151588196,0.0,0.0,0.0,0.0,0.0,0.0,0.0,0.0,13.924683464407805,13.864205525747092,14.011390443944933,13.91868202996498,0.0,0.0,0.0,0.0,nan,nan,nan,nan,21.766609445877123,21.690618228248653,21.90908239471677,21.790323119381828,nan,nan,nan,nan,0.7216796875,0.71630859375,0.7265625,0.7197265625,0.4462890625,0.4375,0.4501953125,0.44482421875,1.9606742820529508,1.9525227027859708,1.9750986023391908,1.9630549423571815
2,adam,adam,AdamW,,adam,,,requested,3.0,nan,nominal,0.003,additive,1.0,nn_ce,2.2504740078131276,240,240,1.0,0.9979865084961008,0.9948471027034204,1.0074718284892465,1.0017409153856542,-1.2524874993170267,-1.255626905109707,-1.243002179323881,-1.248733092427473,nan,nan,nan,nan,nan,nan,nan,nan,0.22144499026059383,0.21951014930854434,0.22258181362465437,0.22105625053966038,0.0,0.0,0.0,0.0,0.0,0.0,0.0,0.0,13.928719665783667,13.748676671205661,14.12323192040038,13.935006508874626,0.0,0.0,0.0,0.0,nan,nan,nan,nan,21.73440856149167,21.66327183990269,21.89126825862175,21.76220129622496,nan,nan,nan,nan,0.724609375,0.7216796875,0.72705078125,0.72509765625,0.4443359375,0.4404296875,0.44970703125,0.445068359375,1.9592492503354695,1.9480267246794503,1.970979412142198,1.9596495750800518
2,adam,adam,AdamW,,adam,,,requested,3.0,nan,nominal,0.003,additive,1.0,nn_ce,2.2504740078131276,250,250,1.0,0.9784135282823178,0.9760389327298765,0.9890245093921419,0.9824035759787304,-1.27206047953081,-1.274435075083251,-1.2614494984209856,-1.268070431834397,nan,nan,nan,nan,nan,nan,nan,nan,0.2162726672598284,0.2153431974064914,0.2214774672149116,0.21911550398204588,0.0,0.0,0.0,0.0,0.0,0.0,0.0,0.0,14.103150336300123,13.676233773743169,14.155268206888941,13.97124056617803,0.0,0.0,0.0,0.0,nan,nan,nan,nan,21.72216377481422,21.628768359841832,21.859268923546182,21.73774786795307,nan,nan,nan,nan,0.728515625,0.72607421875,0.73291015625,0.729736328125,0.4501953125,0.44140625,0.45263671875,0.448974609375,1.957437777077367,1.9422438481782798,1.9640899084499264,1.9557172220241439
2,adam,adam,AdamW,,adam,,,requested,3.0,nan,nominal,0.003,additive,1.0,nn_ce,2.2504740078131276,260,260,1.0,0.9604130055352736,0.9584200592647836,0.9706123608327479,0.9640509932883062,-1.290061002277854,-1.292053948548344,-1.2798616469803796,-1.2864230145248214,nan,nan,nan,nan,nan,nan,nan,nan,0.21405598029970802,0.21226084379450016,0.2172609137922008,0.21506679864416217,0.0,0.0,0.0,0.0,0.0,0.0,0.0,0.0,13.984829246280878,13.88389585677804,14.047209666940635,13.983604064873662,0.0,0.0,0.0,0.0,nan,nan,nan,nan,21.691733309626912,21.595622417614045,21.840254308352115,21.71498001492636,nan,nan,nan,nan,0.7373046875,0.73486328125,0.73974609375,0.738037109375,0.451171875,0.44482421875,0.45166015625,0.449462890625,1.9505345660787978,1.9383053955439355,1.967283259131761,1.9528122014060363
2,adam,adam,AdamW,,adam,,,requested,3.0,nan,nominal,0.003,additive,1.0,nn_ce,2.2504740078131276,270,270,1.0,0.9451946071842972,0.9419222707476379,0.9536753941362702,0.9475106314687645,-1.3052794006288304,-1.3085517370654896,-1.2967986136768572,-1.3029633763443629,nan,nan,nan,nan,nan,nan,nan,nan,0.21269778829123426,0.2119998527292483,0.21321761787913435,0.2123642309442178,0.0,0.0,0.0,0.0,0.0,0.0,0.0,0.0,13.64187914926898,13.493235830000415,13.968056905511832,13.741289602392952,0.0,0.0,0.0,0.0,nan,nan,nan,nan,21.660317367322122,21.565125408926235,21.84130710926082,21.698989270146857,nan,nan,nan,nan,0.744140625,0.73828125,0.751953125,0.74560546875,0.4501953125,0.4453125,0.45751953125,0.451416015625,1.9457670640962914,1.9386831713061028,1.9640945242067966,1.950253558911256
2,adam,adam,AdamW,,adam,,,requested,3.0,nan,nominal,0.003,additive,1.0,nn_ce,2.2504740078131276,280,280,1.0,0.9304117840942807,0.9263258411748365,0.9384868512430098,0.9321156723819788,-1.3200622237188468,-1.3241481666382913,-1.3119871565701178,-1.3183583354311488,nan,nan,nan,nan,nan,nan,nan,nan,0.20994018561818187,0.20912297561791954,0.21205114928516566,0.21070702853766446,0.0,0.0,0.0,0.0,0.0,0.0,0.0,0.0,13.81782850056004,13.7805322466638,13.933873857006937,13.904149770166118,0.0,0.0,0.0,0.0,nan,nan,nan,nan,21.653267967970127,21.54912872510898,21.83430506328033,21.68691522831392,nan,nan,nan,nan,0.74609375,0.744140625,0.755859375,0.7490234375,0.455078125,0.4482421875,0.45654296875,0.45263671875,1.9436188401058712,1.9368219271098919,1.9585391624510557,1.9472944544937836
2,adam,adam,AdamW,,adam,,,requested,3.0,nan,nominal,0.003,additive,1.0,nn_ce,2.2504740078131276,290,290,1.0,0.9162132915116876,0.9119704734814692,0.9246088206354369,0.9182408669221329,-1.33426071630144,-1.3385035343316583,-1.3258651871776908,-1.3322331408909946,nan,nan,nan,nan,nan,nan,nan,nan,0.2078915773650019,0.20708749337244525,0.20892347488934648,0.20894630312339613,0.0,0.0,0.0,0.0,0.0,0.0,0.0,0.0,13.797365062675006,13.729801161358802,14.113581327721494,13.891773638943729,0.0,0.0,0.0,0.0,nan,nan,nan,nan,21.647231456022887,21.547923688088815,21.819166883243216,21.676206338014328,nan,nan,nan,nan,0.7509765625,0.74658203125,0.7568359375,0.753173828125,0.4521484375,0.44873046875,0.458984375,0.453125,1.9447684434481571,1.9355938453158494,1.9562501395776577,1.946256179403611
2,adam,adam,AdamW,,adam,,,requested,3.0,nan,nominal,0.003,additive,1.0,nn_ce,2.2504740078131276,300,300,1.0,0.9036464245395593,0.8992881514741742,0.9122903395408577,0.9058070054641092,-1.3468275832735683,-1.3511858563389534,-1.3381836682722699,-1.3446670023490184,nan,nan,nan,nan,nan,nan,nan,nan,0.2053569675590648,0.20415402303959734,0.20839787082658764,0.20705743150914363,0.0,0.0,0.0,0.0,0.0,0.0,0.0,0.0,13.831511615597098,13.669603080089196,13.884646841529202,13.821284170905322,0.0,0.0,0.0,0.0,nan,nan,nan,nan,21.64137016167912,21.54513517504987,21.807301239688787,21.668161874527502,nan,nan,nan,nan,0.7578125,0.75,0.76171875,0.757080078125,0.453125,0.4482421875,0.4609375,0.4541015625,1.9456213122543362,1.9360587900168795,1.9526181741824733,1.945549386902555
2,adam,adam,AdamW,,adam,,,requested,3.0,nan,nominal,0.003,additive,1.0,nn_ce,2.2504740078131276,310,310,1.0,0.8918762695287062,0.8875377905634169,0.9014129811285851,0.8944074085447147,-1.3585977382844212,-1.3629362172497106,-1.3490610266845424,-1.3560665992684129,nan,nan,nan,nan,nan,nan,nan,nan,0.20584239389933484,0.20293382254127967,0.20752302601363465,0.2063127014974529,0.0,0.0,0.0,0.0,0.0,0.0,0.0,0.0,13.84729751852095,13.671775884381173,14.050269773513559,13.873645994559825,0.0,0.0,0.0,0.0,nan,nan,nan,nan,21.641494065182577,21.534629371028785,21.79099187167176,21.656176136673917,nan,nan,nan,nan,0.7626953125,0.75634765625,0.76513671875,0.761474609375,0.455078125,0.45068359375,0.45947265625,0.455322265625,1.944585414511074,1.934773678694576,1.949977105619463,1.944327980265097
2,adam,adam,AdamW,,adam,,,requested,3.0,nan,nominal,0.003,additive,1.0,nn_ce,2.2504740078131276,320,320,1.0,0.8813788449430364,0.8764030004847738,0.8912684490571711,0.8837367911415909,-1.3690951628700911,-1.3740710073283537,-1.3592055587559564,-1.3667372166715364,nan,nan,nan,nan,nan,nan,nan,nan,0.20260450921285242,0.20044836806146138,0.20562606457978694,0.20384780722756912,0.0,0.0,0.0,0.0,0.0,0.0,0.0,0.0,14.016013152882923,13.853079505298346,14.216694233630006,13.989813541843354,0.0,0.0,0.0,0.0,nan,nan,nan,nan,21.642305199307813,21.534693923007225,21.778551701128794,21.650836897602197,nan,nan,nan,nan,0.7685546875,0.76171875,0.771484375,0.7666015625,0.455078125,0.451171875,0.462890625,0.456298828125,1.9458045754326103,1.9331394852377382,1.9499110839363132,1.944012160131917
2,adam,adam,AdamW,,adam,,,requested,3.0,nan,nominal,0.003,additive,1.0,nn_ce,2.2504740078131276,330,330,1.0,0.8720342469878694,0.8665323345228967,0.8814164604358867,0.8740518933580184,-1.378439760825258,-1.3839416732902308,-1.3690575473772408,-1.3764221144551092,nan,nan,nan,nan,nan,nan,nan,nan,0.19954585325563606,0.19896663075478618,0.20281786683331032,0.2012536412649738,0.0,0.0,0.0,0.0,0.0,0.0,0.0,0.0,13.957535066389422,13.675331823649435,14.121014090983438,13.89610573097825,0.0,0.0,0.0,0.0,nan,nan,nan,nan,21.631072770780335,21.53528581558213,21.766636866666367,21.64664243871378,nan,nan,nan,nan,0.7685546875,0.76220703125,0.77587890625,0.767822265625,0.4521484375,0.44921875,0.466796875,0.45654296875,1.9463644100669066,1.9334323879290212,1.949355014839973,1.9436043489244237
2,adam,adam,AdamW,,adam,,,requested,3.0,nan,nominal,0.003,additive,1.0,nn_ce,2.2504740078131276,340,340,1.0,0.8637169992860021,0.8577138667591675,0.8728549684642534,0.8654334828149824,-1.3867570085271255,-1.39276014105396,-1.377619039348874,-1.385040524998145,nan,nan,nan,nan,nan,nan,nan,nan,0.1982459265489182,0.19775646188989604,0.20004780338518213,0.19879071387202035,0.0,0.0,0.0,0.0,0.0,0.0,0.0,0.0,13.734398601111923,13.717623271237763,13.82165387656582,13.758434314398315,0.0,0.0,0.0,0.0,nan,nan,nan,nan,21.62451420927377,21.536432421860475,21.75515223253537,21.63949002379796,nan,nan,nan,nan,0.7724609375,0.76513671875,0.77978515625,0.7724609375,0.4541015625,0.451171875,0.46533203125,0.4560546875,1.946242635484536,1.9334168331412274,1.9480920938111963,1.9429312915141659
2,adam,adam,AdamW,,adam,,,requested,3.0,nan,nominal,0.003,additive,1.0,nn_ce,2.2504740078131276,350,350,1.0,0.8559908357923314,0.8503963666378966,0.864931354329313,0.8577463300773444,-1.3944831720207964,-1.400077641175231,-1.3855426534838147,-1.3927276777357833,nan,nan,nan,nan,nan,nan,nan,nan,0.1969856789512138,0.1964848383641005,0.19777592686102247,0.19669906515255134,0.0,0.0,0.0,0.0,0.0,0.0,0.0,0.0,13.763750651362027,13.567433325352003,13.916944976410987,13.698397541216028,0.0,0.0,0.0,0.0,nan,nan,nan,nan,21.609746038861125,21.526156576275476,21.743221998614942,21.628766256661056,nan,nan,nan,nan,0.77734375,0.76904296875,0.78173828125,0.77587890625,0.455078125,0.453125,0.4638671875,0.4580078125,1.9454387570645033,1.9335307442040481,1.9471978808651669,1.9423497399816174
2,adam,adam,AdamW,,adam,,,requested,3.0,nan,nominal,0.003,additive,1.0,nn_ce,2.2504740078131276,360,360,1.0,0.8492959528084385,0.8439295558905348,0.8582678386996117,0.8511017927880159,-1.401178055004689,-1.406544451922593,-1.392206169113516,-1.3993722150251116,nan,nan,nan,nan,nan,nan,nan,nan,0.19582183900775332,0.19528901778741137,0.19656997669184664,0.19542078276263583,0.0,0.0,0.0,0.0,0.0,0.0,0.0,0.0,13.721571587832692,13.630492122472115,14.106710808131433,13.833839617530455,0.0,0.0,0.0,0.0,nan,nan,nan,nan,21.59730460741155,21.51176652353308,21.732345007816246,21.61819527476694,nan,nan,nan,nan,0.779296875,0.7734375,0.78125,0.778076171875,0.4580078125,0.4521484375,0.462890625,0.457275390625,1.9453878132244253,1.9355551704053413,1.947555136466399,1.9427654199392
2,adam,adam,AdamW,,adam,,,requested,3.0,nan,nominal,0.003,additive,1.0,nn_ce,2.2504740078131276,370,370,1.0,0.8434962630292926,0.8382542652661878,0.8523484615201098,0.8452968163157624,-1.406977744783835,-1.4122197425469398,-1.3981255462930178,-1.4051771914973652,nan,nan,nan,nan,nan,nan,nan,nan,0.19522824704215314,0.19371882725551967,0.19586321991353484,0.1943776462378545,0.0,0.0,0.0,0.0,0.0,0.0,0.0,0.0,13.790337400068662,13.701795555730474,13.905638708086531,13.787932925595609,0.0,0.0,0.0,0.0,nan,nan,nan,nan,21.59468304225517,21.500312775828405,21.724208895453714,21.610803902846584,nan,nan,nan,nan,0.7763671875,0.7734375,0.78369140625,0.7783203125,0.4599609375,0.45361328125,0.4609375,0.45751953125,1.9442303400786092,1.9361630889869967,1.9477158748398637,1.9425857330775065
2,adam,adam,AdamW,,adam,,,requested,3.0,nan,nominal,0.003,additive,1.0,nn_ce,2.2504740078131276,380,380,1.0,0.838462382703656,0.8334758958272178,0.8470847777665386,0.8402484618569586,-1.4120116251094714,-1.4169981119859099,-1.403389230046589,-1.410225545956169,nan,nan,nan,nan,nan,nan,nan,nan,0.19404302770078002,0.19219834766495225,0.19531245994129412,0.19323874007365496,0.0,0.0,0.0,0.0,0.0,0.0,0.0,0.0,13.825041029888828,13.57062913777075,13.977642441585262,13.763518882846377,0.0,0.0,0.0,0.0,nan,nan,nan,nan,21.591662167524944,21.4965338372065,21.718337653172373,21.605547412114074,nan,nan,nan,nan,0.7783203125,0.77685546875,0.78564453125,0.78076171875,0.458984375,0.44921875,0.45947265625,0.456298828125,1.94375542724107,1.9359151077864971,1.947210394445233,1.9421110214602766
2,adam,adam,AdamW,,adam,,,requested,3.0,nan,nominal,0.003,additive,1.0,nn_ce,2.2504740078131276,390,390,1.0,0.8339468525760462,0.8291058313452789,0.8427912833706553,0.8359027523044931,-1.4165271552370813,-1.4213681764678485,-1.4076827244424723,-1.4145712555086345,nan,nan,nan,nan,nan,nan,nan,nan,0.19340636265561967,0.19062673112907524,0.19465710431351252,0.1925541973653755,0.0,0.0,0.0,0.0,0.0,0.0,0.0,0.0,13.729146391334215,13.602719761431008,13.885946297506667,13.797613955758937,0.0,0.0,0.0,0.0,nan,nan,nan,nan,21.58706849199192,21.49370927797655,21.717042017195183,21.6015726999525,nan,nan,nan,nan,0.7822265625,0.779296875,0.78564453125,0.78271484375,0.4599609375,0.45068359375,0.46142578125,0.4580078125,1.9433902028898902,1.9351261953688055,1.9467646753240677,1.9417988881164228
2,adam,adam,AdamW,,adam,,,requested,3.0,nan,nominal,0.003,additive,1.0,nn_ce,2.2504740078131276,400,400,1.0,0.830079394495747,0.8253025609632194,0.839219732104039,0.8321671817665467,-1.4203946133173806,-1.4251714468499084,-1.4112542757090885,-1.4183068260465808,nan,nan,nan,nan,nan,nan,nan,nan,0.19178812530762596,0.1898609610399467,0.1933029392692971,0.19170661488570973,0.0,0.0,0.0,0.0,0.0,0.0,0.0,0.0,13.722140448160308,13.552535205038287,13.802275664189196,13.741072259279758,0.0,0.0,0.0,0.0,nan,nan,nan,nan,21.58131246468848,21.489995694629464,21.7165359229937,21.597451216677943,nan,nan,nan,nan,0.7841796875,0.78076171875,0.78515625,0.78466796875,0.458984375,0.45361328125,0.4609375,0.457763671875,1.9435528761283118,1.9349571124113498,1.947249520574815,1.9419637407892472
2,adam,adam,AdamW,,adam,,,requested,3.0,nan,nominal,0.003,additive,1.0,nn_ce,2.2504740078131276,410,410,1.0,0.8269435119833178,0.8222321451520981,0.8359601736514779,0.8290178037488162,-1.4235304958298096,-1.4282418626610296,-1.4145138341616497,-1.4214562040643113,nan,nan,nan,nan,nan,nan,nan,nan,0.19038942457417934,0.18927490673013275,0.19227599151525587,0.19065753810036423,0.0,0.0,0.0,0.0,0.0,0.0,0.0,0.0,13.896516488965096,13.760984430543314,13.945536237456142,13.826679813464029,0.0,0.0,0.0,0.0,nan,nan,nan,nan,21.579233075445572,21.48600232477966,21.712736501880975,21.59383016286419,nan,nan,nan,nan,0.783203125,0.78076171875,0.78759765625,0.78466796875,0.4599609375,0.45263671875,0.46142578125,0.45849609375,1.9439122413880958,1.93489525647956,1.9473242401214357,1.9421144906069465
2,adam,adam,AdamW,,adam,,,requested,3.0,nan,nominal,0.003,additive,1.0,nn_ce,2.2504740078131276,420,420,1.0,0.8244135725117065,0.8196122861241364,0.8332986980007031,0.8264320257138016,-1.426060435301421,-1.430861721688991,-1.4171753098124245,-1.424041982099326,nan,nan,nan,nan,nan,nan,nan,nan,0.18939674218743985,0.18857565279346133,0.1917941612701511,0.18991290839832728,0.0,0.0,0.0,0.0,0.0,0.0,0.0,0.0,13.828097541421682,13.631579020767557,13.93626618818779,13.822598101727552,0.0,0.0,0.0,0.0,nan,nan,nan,nan,21.578876548125034,21.483451777554063,21.710467822385844,21.591404101522663,nan,nan,nan,nan,0.783203125,0.78125,0.78759765625,0.785400390625,0.4580078125,0.45458984375,0.462890625,0.45849609375,1.9437675305064124,1.9349310987863504,1.9472679690085273,1.942026924459381
2,adam,adam,AdamW,,adam,,,requested,3.0,nan,nominal,0.003,additive,1.0,nn_ce,2.2504740078131276,430,430,1.0,0.8223901767351132,0.8175479744358849,0.8310988392393767,0.8243478967628444,-1.4280838310780144,-1.4329260333772427,-1.419375168573751,-1.4261261110502832,nan,nan,nan,nan,nan,nan,nan,nan,0.18901948188645623,0.18833105090376198,0.19100245115437325,0.18936593645212568,0.0,0.0,0.0,0.0,0.0,0.0,0.0,0.0,13.79850453876447,13.705299754356504,13.930458707879723,13.85583561723638,0.0,0.0,0.0,0.0,nan,nan,nan,nan,21.577001033296433,21.48041738417701,21.709955896164207,21.589936385510626,nan,nan,nan,nan,0.7841796875,0.78125,0.787109375,0.785400390625,0.4580078125,0.4541015625,0.462890625,0.458251953125,1.9438156906492856,1.9356404907036726,1.9474178539924,1.9421579522030914
2,adam,adam,AdamW,,adam,,,requested,3.0,nan,nominal,0.003,additive,1.0,nn_ce,2.2504740078131276,440,440,1.0,0.8207585997094857,0.8159725473622605,0.8294083623618446,0.8227173357225228,-1.4297154081036418,-1.434501460450867,-1.421065645451283,-1.427756672090605,nan,nan,nan,nan,nan,nan,nan,nan,0.18879839182556285,0.18781178213892719,0.19041278795296898,0.18901195104876783,0.0,0.0,0.0,0.0,0.0,0.0,0.0,0.0,13.99141183987696,13.757352764656497,14.233248921007633,14.026026846793567,0.0,0.0,0.0,0.0,nan,nan,nan,nan,21.57548962717014,21.477227248172987,21.707663147575502,21.588090606102735,nan,nan,nan,nan,0.7841796875,0.783203125,0.787109375,0.785888671875,0.4580078125,0.4541015625,0.462890625,0.458251953125,1.94371435600062,1.9359845603251504,1.9475246606854297,1.9421378281907788
2,adam,adam,AdamW,,adam,,,requested,3.0,nan,nominal,0.003,additive,1.0,nn_ce,2.2504740078131276,450,450,1.0,0.8194877229110213,0.8147412759615176,0.8281199529862726,0.8214633586849083,-1.4309862849021062,-1.43573273185161,-1.422354054826855,-1.4290106491282193,nan,nan,nan,nan,nan,nan,nan,nan,0.18846490451093167,0.18748194910898405,0.19026853909910424,0.18871271993605895,0.0,0.0,0.0,0.0,0.0,0.0,0.0,0.0,13.878959861099748,13.756432387638272,13.997039224466587,13.874591767610678,0.0,0.0,0.0,0.0,nan,nan,nan,nan,21.57445775342234,21.47484987362872,21.706058211479174,21.58677510284544,nan,nan,nan,nan,0.7861328125,0.783203125,0.78955078125,0.787353515625,0.4580078125,0.4541015625,0.46337890625,0.45849609375,1.9435080420738846,1.9356475831094584,1.947439580944027,1.9419632913109037
2,adam,adam,AdamW,,adam,,,requested,3.0,nan,nominal,0.003,additive,1.0,nn_ce,2.2504740078131276,460,460,1.0,0.8185513291779042,0.8137677189124236,0.8271630803831614,0.8205074622014099,-1.4319226786352233,-1.4367062889007038,-1.423310927429966,-1.4299665456117177,nan,nan,nan,nan,nan,nan,nan,nan,0.18842864997718695,0.1872780319842357,0.18978486516886012,0.1884161098687752,0.0,0.0,0.0,0.0,0.0,0.0,0.0,0.0,13.671978285055042,13.59183022211433,13.96257633004591,13.744835015598065,0.0,0.0,0.0,0.0,nan,nan,nan,nan,21.573563604258972,21.473778826769028,21.70530751467428,21.585839488750395,nan,nan,nan,nan,0.7880859375,0.78466796875,0.78955078125,0.7880859375,0.4580078125,0.4541015625,0.4638671875,0.458740234375,1.9434494651292793,1.9354713627206854,1.9475780342693665,1.9419296679785754
2,adam,adam,AdamW,,adam,,,requested,3.0,nan,nominal,0.003,additive,1.0,nn_ce,2.2504740078131276,470,470,1.0,0.8178348976048075,0.8130275110215963,0.8264794021091257,0.819803739825458,-1.43263911020832,-1.4374464967915312,-1.4239946057040016,-1.4306702679876695,nan,nan,nan,nan,nan,nan,nan,nan,0.18811152474930296,0.18720938993579417,0.1893811303581721,0.18817770693277724,0.0,0.0,0.0,0.0,0.0,0.0,0.0,0.0,13.946355182443611,13.847757060316175,14.0328410078153,13.907018724009635,0.0,0.0,0.0,0.0,nan,nan,nan,nan,21.573250101322373,21.47246110256436,21.70506196889299,21.585214301304617,nan,nan,nan,nan,0.7890625,0.78515625,0.78955078125,0.788330078125,0.458984375,0.4541015625,0.46337890625,0.458740234375,1.9434395098496249,1.935503550056602,1.9478235345904484,1.9419698002143364
2,adam,adam,AdamW,,adam,,,requested,3.0,nan,nominal,0.003,additive,1.0,nn_ce,2.2504740078131276,480,480,1.0,0.8173207053690997,0.8125002757851496,0.8259728044815082,0.8192877863453368,-1.433153302444028,-1.4379737320279777,-1.4245012033316193,-1.4311862214677906,nan,nan,nan,nan,nan,nan,nan,nan,0.18803929202710423,0.18705863051229227,0.18924097846251942,0.1880317488089264,0.0,0.0,0.0,0.0,0.0,0.0,0.0,0.0,13.63987151502554,13.553919287829194,13.9049688751554,13.696452325018502,0.0,0.0,0.0,0.0,nan,nan,nan,nan,21.572908889405817,21.471940558796724,21.705146952492342,21.584852465852094,nan,nan,nan,nan,0.7890625,0.78466796875,0.791015625,0.788330078125,0.4580078125,0.4541015625,0.46484375,0.458740234375,1.9434538267077792,1.9355186986064694,1.9478540463223786,1.9419806055796063
2,adam,adam,AdamW,,adam,,,requested,3.0,nan,nominal,0.003,additive,1.0,nn_ce,2.2504740078131276,490,490,1.0,0.816932034779256,0.8121064144411452,0.8255714347143973,0.8188899153744487,-1.4335419730338717,-1.4383675933719824,-1.4249025730987301,-1.431584092438679,nan,nan,nan,nan,nan,nan,nan,nan,0.1878283892893769,0.18688720109425522,0.18909432484054187,0.1878211253174121,0.0,0.0,0.0,0.0,0.0,0.0,0.0,0.0,13.71068441155828,13.643563894012338,14.055236033459964,13.787153002646733,0.0,0.0,0.0,0.0,nan,nan,nan,nan,21.572346201865397,21.471886511424184,21.70501388236529,21.584533134954984,nan,nan,nan,nan,0.7880859375,0.78466796875,0.78955078125,0.787841796875,0.4580078125,0.4541015625,0.46337890625,0.45849609375,1.9435414550080883,1.9354322251073515,1.9478995411604139,1.9419953942937456
2,adam,adam,AdamW,,adam,,,requested,3.0,nan,nominal,0.003,additive,1.0,nn_ce,2.2504740078131276,500,500,1.0,0.8165958919458376,0.8117786157555207,0.8252317547661203,0.8185516915386273,-1.43387811586729,-1.4386953920576069,-1.4252422530470072,-1.4319223162745005,nan,nan,nan,nan,nan,nan,nan,nan,0.18773059565013644,0.1867681433057755,0.18877454315045453,0.18767033707160413,0.0,0.0,0.0,0.0,0.0,0.0,0.0,0.0,13.837967165222718,13.745727825182808,13.975830153947543,13.848906854508662,0.0,0.0,0.0,0.0,nan,nan,nan,nan,21.57187466601153,21.471695291796177,21.704951017363722,21.584218689801183,nan,nan,nan,nan,0.787109375,0.78466796875,0.78955078125,0.787841796875,0.4580078125,0.4541015625,0.462890625,0.45849609375,1.9435696277201338,1.9353747116159703,1.9478876039395825,1.9420000852239963
2,adam,adam,AdamW,,adam,,,requested,inf,nan,nominal,0.003,additive,1.0,nn_ce,2.2504740078131276,0,0,1.0,3.8037716109855877,3.8037716109855877,3.8037716109855877,3.8037716109855877,1.5532976031724601,1.5532976031724601,1.5532976031724601,1.5532976031724601,nan,nan,nan,nan,nan,nan,nan,nan,1.0733323350297979,1.0733323350297979,1.0733323350297979,1.0733323350297979,0.0,0.0,0.0,0.0,0.0,0.0,0.0,0.0,0.0,0.0,0.0,0.0,0.0,0.0,0.0,0.0,nan,nan,nan,nan,23.97018795689393,23.97018795689393,23.97018795689393,23.97018795689393,nan,nan,nan,nan,0.017578125,0.017578125,0.017578125,0.017578125,0.01171875,0.01171875,0.01171875,0.01171875,3.789995274857612,3.789995274857612,3.789995274857612,3.789995274857612
2,adam,adam,AdamW,,adam,,,requested,inf,nan,nominal,0.003,additive,1.0,nn_ce,2.2504740078131276,10,10,1.0,3.358382985180886,3.3560880447486623,3.362633531596053,3.3586589581194346,1.1079089773677582,1.105614036935535,1.1121595237829254,1.1081849503063066,nan,nan,nan,nan,nan,nan,nan,nan,0.9716543731760772,0.9693603211155417,0.9729670187604725,0.9712617414698754,0.0,0.0,0.0,0.0,0.0,0.0,0.0,0.0,25.01260803950941,24.880533131512543,25.142942104681204,24.951764368794716,0.0,0.0,0.0,0.0,nan,nan,nan,nan,24.016363692225347,23.971093892037242,24.09302491389574,24.036779806324652,nan,nan,nan,nan,0.0771484375,0.07373046875,0.08154296875,0.078125,0.060546875,0.0546875,0.06298828125,0.060791015625,3.4387559041067184,3.4366269037521353,3.43970909482077,3.437213538809327
2,adam,adam,AdamW,,adam,,,requested,inf,nan,nominal,0.003,additive,1.0,nn_ce,2.2504740078131276,20,20,1.0,2.980969006661905,2.9712903253987877,2.984845592382519,2.9777916423138615,0.730494998848777,0.72081631758566,0.7343715845693917,0.7273176345007337,nan,nan,nan,nan,nan,nan,nan,nan,0.88252554223258,0.8799424763793507,0.8846007651010497,0.8823503693323531,0.0,0.0,0.0,0.0,0.0,0.0,0.0,0.0,21.947842073745363,21.840335428779287,22.048575223904567,21.90643546312282,0.0,0.0,0.0,0.0,nan,nan,nan,nan,24.013010865752495,23.911366399832893,24.075622819100264,23.994012930059824,nan,nan,nan,nan,0.271484375,0.2666015625,0.27294921875,0.268310546875,0.169921875,0.169921875,0.17919921875,0.175537109375,3.138673447263276,3.1317048886670262,3.141160054805674,3.1358860340677017
2,adam,adam,AdamW,,adam,,,requested,inf,nan,nominal,0.003,additive,1.0,nn_ce,2.2504740078131276,30,30,1.0,2.656489115958875,2.653126253633297,2.65813264789277,2.6550932405235024,0.4060151081457475,0.40265224582016923,0.40765864007964236,0.40461923271037503,nan,nan,nan,nan,nan,nan,nan,nan,0.7623602854463747,0.754787904346228,0.7670753226023812,0.7601832418439464,0.0,0.0,0.0,0.0,0.0,0.0,0.0,0.0,20.37014089927508,20.277847049261077,20.702638373519697,20.449721927773805,0.0,0.0,0.0,0.0,nan,nan,nan,nan,23.88614207878297,23.73116956208275,24.040472909466146,23.889249195561497,nan,nan,nan,nan,0.3916015625,0.38623046875,0.400390625,0.392578125,0.3056640625,0.3017578125,0.3134765625,0.3076171875,2.8830330126537937,2.873847949911352,2.888170734697462,2.881240738445934
2,adam,adam,AdamW,,adam,,,requested,inf,nan,nominal,0.003,additive,1.0,nn_ce,2.2504740078131276,40,40,1.0,2.4006561751336646,2.3974543820153613,2.402899049227659,2.397873211551073,0.15018216732053724,0.14698037420223387,0.15242504141453128,0.14739920373794518,nan,nan,nan,nan,nan,nan,nan,nan,0.6125188069266772,0.6016706766381229,0.622434293631848,0.6125412278833812,0.0,0.0,0.0,0.0,0.0,0.0,0.0,0.0,19.374517350756445,19.326855412647255,19.442194020429675,19.33545820977341,0.0,0.0,0.0,0.0,nan,nan,nan,nan,23.671949998293893,23.5857516578175,23.858488779098224,23.70726326161282,nan,nan,nan,nan,0.4375,0.435546875,0.44140625,0.43896484375,0.359375,0.3583984375,0.3671875,0.35986328125,2.6771774507260355,2.6731230379993596,2.681754192167249,2.6788236151016984
2,adam,adam,AdamW,,adam,,,requested,inf,nan,nominal,0.003,additive,1.0,nn_ce,2.2504740078131276,50,50,1.0,2.2041641853874934,2.2006293595672966,2.205960526506211,2.2007952998083637,-0.04630982242563397,-0.049844648245831014,-0.044513481306916125,-0.049678708004763705,nan,nan,nan,nan,nan,nan,nan,nan,0.4985558492999288,0.4942036713006863,0.5012640197694551,0.49902743191057786,0.0,0.0,0.0,0.0,0.0,0.0,0.0,0.0,18.231062747914372,18.081020915541913,18.33800878173415,18.210428339451248,0.0,0.0,0.0,0.0,nan,nan,nan,nan,23.438440705055378,23.380722165225738,23.588993967914938,23.468165301694413,nan,nan,nan,nan,0.4609375,0.4580078125,0.46337890625,0.46044921875,0.37890625,0.37451171875,0.380859375,0.379150390625,2.5296589795619298,2.5223488653370665,2.543614763505069,2.5323170902549976
2,adam,adam,AdamW,,adam,,,requested,inf,nan,nominal,0.003,additive,1.0,nn_ce,2.2504740078131276,60,60,1.0,2.0474448811886488,2.04251312114488,2.0528595854193568,2.0453501994216223,-0.2030291266244788,-0.20796088666824764,-0.19761442239377092,-0.2051238083915053,nan,nan,nan,nan,nan,nan,nan,nan,0.43265712789690747,0.42994045279475734,0.43599688939168185,0.4328591345807874,0.0,0.0,0.0,0.0,0.0,0.0,0.0,0.0,17.50142034285311,17.37708787714163,17.646591717538804,17.48578426206568,0.0,0.0,0.0,0.0,nan,nan,nan,nan,23.210221367697624,23.140954808917094,23.329726136247594,23.229493853995457,nan,nan,nan,nan,0.4716796875,0.4697265625,0.47509765625,0.472900390625,0.3876953125,0.3857421875,0.39306640625,0.389892578125,2.429145457567878,2.4112524227834293,2.4427438079267976,2.426908192297245
2,adam,adam,AdamW,,adam,,,requested,inf,nan,nominal,0.003,additive,1.0,nn_ce,2.2504740078131276,70,70,1.0,1.9181205606682123,1.9139715815194664,1.9260839333169695,1.9171208301361884,-0.3323534471449151,-0.3365024262936612,-0.32439007449615803,-0.33335317767693917,nan,nan,nan,nan,nan,nan,nan,nan,0.39504800593141365,0.3940763199177011,0.3969444431494213,0.3956522880627597,0.0,0.0,0.0,0.0,0.0,0.0,0.0,0.0,16.795003057197167,16.638158899453753,17.034315460468882,16.82441021146009,0.0,0.0,0.0,0.0,nan,nan,nan,nan,23.02131530255336,22.953220293493946,23.128979877425444,23.03992019719859,nan,nan,nan,nan,0.486328125,0.48291015625,0.4892578125,0.485595703125,0.3994140625,0.396484375,0.40234375,0.399169921875,2.351477574601634,2.3288037181773307,2.359831532321837,2.3459626832727807
2,adam,adam,AdamW,,adam,,,requested,inf,nan,nominal,0.003,additive,1.0,nn_ce,2.2504740078131276,80,80,1.0,1.8097602233160837,1.803223767918427,1.8152882921864932,1.807989161427157,-0.4407137844970438,-0.4472502398947006,-0.4351857156266344,-0.4424848463859705,nan,nan,nan,nan,nan,nan,nan,nan,0.37118802267947215,0.36788744549214686,0.37449432586168463,0.37065359777721346,0.0,0.0,0.0,0.0,0.0,0.0,0.0,0.0,16.40902074881028,16.37641200876483,16.5124827987202,16.40806670743398,0.0,0.0,0.0,0.0,nan,nan,nan,nan,22.86301011321891,22.812264339987415,22.9734320329903,22.882229268872855,nan,nan,nan,nan,0.5048828125,0.50341796875,0.5078125,0.505615234375,0.4052734375,0.40185546875,0.41259765625,0.40625,2.286267813626721,2.2702708264129905,2.2939176686836618,2.282162552179271
2,adam,adam,AdamW,,adam,,,requested,inf,nan,nominal,0.003,additive,1.0,nn_ce,2.2504740078131276,90,90,1.0,1.7110410132293314,1.7074746763740243,1.7189459185026783,1.712456495175207,-0.5394329945837961,-0.5429993314391033,-0.5315280893104493,-0.5380175126379207,nan,nan,nan,nan,nan,nan,nan,nan,0.35046470990746725,0.34962932220106346,0.3517270281862397,0.3499746338319717,0.0,0.0,0.0,0.0,0.0,0.0,0.0,0.0,16.097274022271282,15.962011489034936,16.14527673681119,16.03424723445399,0.0,0.0,0.0,0.0,nan,nan,nan,nan,22.74351742719645,22.677080065717035,22.824148737117948,22.74258753808615,nan,nan,nan,nan,0.5234375,0.5205078125,0.52587890625,0.52197265625,0.408203125,0.40185546875,0.412109375,0.40771484375,2.2333635849695743,2.2232864685615312,2.2399956268027954,2.230210296396479
2,adam,adam,AdamW,,adam,,,requested,inf,nan,nominal,0.003,additive,1.0,nn_ce,2.2504740078131276,100,100,1.0,1.6251654405114773,1.6216862298493258,1.637569146239695,1.6296243157931767,-0.6253085673016503,-0.6287877779638018,-0.6129048615734326,-0.620849692019951,nan,nan,nan,nan,nan,nan,nan,nan,0.33359520428549005,0.3314765940244079,0.3356134230560192,0.3331995962671435,0.0,0.0,0.0,0.0,0.0,0.0,0.0,0.0,15.519935217845795,15.38184994394699,15.704394438070079,15.627671149028341,0.0,0.0,0.0,0.0,nan,nan,nan,nan,22.617077451307694,22.550323378471052,22.676314870778384,22.604818350242354,nan,nan,nan,nan,0.5390625,0.5263671875,0.54248046875,0.5361328125,0.4091796875,0.40625,0.4130859375,0.41015625,2.1913438023421943,2.1853823789975952,2.2009434026747305,2.190699026878997
2,adam,adam,AdamW,,adam,,,requested,inf,nan,nominal,0.003,additive,1.0,nn_ce,2.2504740078131276,110,110,1.0,1.5515608249005646,1.5450262135067832,1.5633420954480797,1.5556014603045516,-0.698913182912563,-0.7054477943063444,-0.6871319123650479,-0.6948725475085759,nan,nan,nan,nan,nan,nan,nan,nan,0.31919903124286686,0.31580397334244514,0.3218974873647347,0.3188845835373464,0.0,0.0,0.0,0.0,0.0,0.0,0.0,0.0,15.440586557036767,15.137041633582166,15.530405644911227,15.329042540459547,0.0,0.0,0.0,0.0,nan,nan,nan,nan,22.51967351496753,22.432767630314803,22.53945382445844,22.492927308214277,nan,nan,nan,nan,0.5556640625,0.5478515625,0.5625,0.5537109375,0.4072265625,0.404296875,0.41357421875,0.409912109375,2.1543123997227562,2.1455824056344515,2.1657254874419505,2.153345358273419
2,adam,adam,AdamW,,adam,,,requested,inf,nan,nominal,0.003,additive,1.0,nn_ce,2.2504740078131276,120,120,1.0,1.4880041062418388,1.478594534960169,1.5011954088715627,1.4907386835155847,-0.7624699015712888,-0.7718794728529585,-0.7492785989415649,-0.759735324297543,nan,nan,nan,nan,nan,nan,nan,nan,0.306385417999841,0.3033709796327472,0.3095723498660449,0.30598912164665293,0.0,0.0,0.0,0.0,0.0,0.0,0.0,0.0,15.045432245554402,14.96612919539874,15.132799067787936,15.011667582306004,0.0,0.0,0.0,0.0,nan,nan,nan,nan,22.412607426529313,22.3521519898267,22.432963788023528,22.38461512403095,nan,nan,nan,nan,0.5703125,0.556640625,0.5751953125,0.56884765625,0.4169921875,0.4111328125,0.41845703125,0.414794921875,2.123733933281498,2.111797252117837,2.140504590573348,2.123913832717574
2,adam,adam,AdamW,,adam,,,requested,inf,nan,nominal,0.003,additive,1.0,nn_ce,2.2504740078131276,130,130,1.0,1.4293448366216213,1.421411161003281,1.4427859785669717,1.4322007403216819,-0.8211291711915064,-0.8290628468098467,-0.8076880292461559,-0.8182732674914455,nan,nan,nan,nan,nan,nan,nan,nan,0.2955831987572734,0.2950988833678865,0.2981689330823365,0.2953840460391233,0.0,0.0,0.0,0.0,0.0,0.0,0.0,0.0,14.87822283746992,14.796762826975371,15.001221577048975,14.872352753652917,0.0,0.0,0.0,0.0,nan,nan,nan,nan,22.324515892039507,22.25892778435511,22.345788889289995,22.28568826287048,nan,nan,nan,nan,0.5869140625,0.57421875,0.59130859375,0.583251953125,0.4169921875,0.41357421875,0.4189453125,0.41845703125,2.0972433121687604,2.08545252281647,2.1139587160481645,2.0988711172284646
2,adam,adam,AdamW,,adam,,,requested,inf,nan,nominal,0.003,additive,1.0,nn_ce,2.2504740078131276,140,140,1.0,1.3752451765863478,1.368516920011061,1.3859269977142339,1.3778355293434275,-0.8752288312267796,-0.8819570878020666,-0.8645470100988936,-0.8726384784697001,nan,nan,nan,nan,nan,nan,nan,nan,0.285835148906258,0.2847600402865163,0.2863089806300568,0.2848082687385127,0.0,0.0,0.0,0.0,0.0,0.0,0.0,0.0,14.95039107599634,14.761992242317207,15.33102397071938,15.019649917908005,0.0,0.0,0.0,0.0,nan,nan,nan,nan,22.233335555619085,22.15802501536329,22.275258871293317,22.21032232429367,nan,nan,nan,nan,0.6044921875,0.59375,0.60986328125,0.6025390625,0.4169921875,0.41162109375,0.42041015625,0.418212890625,2.07587525129699,2.0625909788015315,2.08701577474181,2.075347892244296
2,adam,adam,AdamW,,adam,,,requested,inf,nan,nominal,0.003,additive,1.0,nn_ce,2.2504740078131276,150,150,1.0,1.3251809645118877,1.3208411296926938,1.333422904328939,1.3282054628457935,-0.92529304330124,-0.9296328781204337,-0.9170511034841885,-0.922268544967334,nan,nan,nan,nan,nan,nan,nan,nan,0.27484737830032685,0.2709534155502715,0.27830632851253356,0.27479158846300955,0.0,0.0,0.0,0.0,0.0,0.0,0.0,0.0,14.82927166101804,14.670835250991509,14.963488352885236,14.831581259573884,0.0,0.0,0.0,0.0,nan,nan,nan,nan,22.130209372245396,22.065749368020004,22.21819012160086,22.132873402628206,nan,nan,nan,nan,0.6171875,0.611328125,0.6220703125,0.618408203125,0.41796875,0.41552734375,0.42626953125,0.421142578125,2.0570704766019725,2.0454980941562484,2.0640749413138533,2.0551332773775797
2,adam,adam,AdamW,,adam,,,requested,inf,nan,nominal,0.003,additive,1.0,nn_ce,2.2504740078131276,160,160,1.0,1.2821962892371725,1.2778510597473869,1.2881795635219464,1.2843239756804476,-0.968277718575955,-0.9726229480657407,-0.962294444291181,-0.96615003213268,nan,nan,nan,nan,nan,nan,nan,nan,0.2663168551242966,0.26440733979796693,0.2697489175130965,0.26683229106559847,0.0,0.0,0.0,0.0,0.0,0.0,0.0,0.0,14.5635793451272,14.474186811732052,14.740323364758169,14.569287231240736,0.0,0.0,0.0,0.0,nan,nan,nan,nan,22.046909627016035,21.964806315037986,22.147958910980687,22.050146272712688,nan,nan,nan,nan,0.6318359375,0.62646484375,0.634765625,0.631591796875,0.423828125,0.41943359375,0.427734375,0.423828125,2.0427856753115288,2.0321453608388955,2.0471678653426806,2.04120275271905
2,adam,adam,AdamW,,adam,,,requested,inf,nan,nominal,0.003,additive,1.0,nn_ce,2.2504740078131276,170,170,1.0,1.2428710889377104,1.2398190974614351,1.2470313253945426,1.2446107409524334,-1.0076029188754172,-1.0106549103516924,-1.003442682418585,-1.0058632668606942,nan,nan,nan,nan,nan,nan,nan,nan,0.2607894989982453,0.25952328673371383,0.26093465758457945,0.26014519055001206,0.0,0.0,0.0,0.0,0.0,0.0,0.0,0.0,14.384563521273645,14.260843000928588,14.541127239911667,14.392378210831158,0.0,0.0,0.0,0.0,nan,nan,nan,nan,21.970960170815026,21.86866753096434,22.08621077836856,21.978992487415578,nan,nan,nan,nan,0.64453125,0.64013671875,0.64892578125,0.644287109375,0.42578125,0.42138671875,0.43115234375,0.4267578125,2.0296727629938047,2.0224968505767573,2.033495204439988,2.028778983898646
2,adam,adam,AdamW,,adam,,,requested,inf,nan,nominal,0.003,additive,1.0,nn_ce,2.2504740078131276,180,180,1.0,1.2070298416136138,1.2033477694863697,1.2119298599024242,1.2086875578851795,-1.0434441661995137,-1.0471262383267579,-1.0385441479107034,-1.041786449927948,nan,nan,nan,nan,nan,nan,nan,nan,0.25281669049003974,0.2509174993926047,0.25495469181779795,0.25337044263009123,0.0,0.0,0.0,0.0,0.0,0.0,0.0,0.0,14.27848015350061,14.131799535110876,14.441015093123143,14.240337355540868,0.0,0.0,0.0,0.0,nan,nan,nan,nan,21.913453673939784,21.787278600021946,22.026289592056,21.910556111759632,nan,nan,nan,nan,0.6552734375,0.6494140625,0.6640625,0.65478515625,0.431640625,0.42138671875,0.4365234375,0.43017578125,2.017137186889474,2.0132983682507293,2.023398803534036,2.018728282023602
2,adam,adam,AdamW,,adam,,,requested,inf,nan,nominal,0.003,additive,1.0,nn_ce,2.2504740078131276,190,190,1.0,1.173529794029595,1.1687149818864322,1.1792564283411837,1.1755381692646114,-1.0769442137835326,-1.0817590259266954,-1.0712175794719438,-1.0749358385485162,nan,nan,nan,nan,nan,nan,nan,nan,0.24848227447147536,0.24581831614535496,0.2499882668733321,0.24738076789619257,0.0,0.0,0.0,0.0,0.0,0.0,0.0,0.0,14.231018606950139,14.146014099578956,14.303417420380205,14.241357456383419,0.0,0.0,0.0,0.0,nan,nan,nan,nan,21.883274387385686,21.743357784675304,21.983392380779094,21.86046125424596,nan,nan,nan,nan,0.6640625,0.6630859375,0.67333984375,0.666015625,0.4306640625,0.42333984375,0.4375,0.429931640625,2.0100088499660798,2.0007245317926308,2.0144945117904696,2.008605854416941
2,adam,adam,AdamW,,adam,,,requested,inf,nan,nominal,0.003,additive,1.0,nn_ce,2.2504740078131276,200,200,1.0,1.1430376149124444,1.1371989399319204,1.149556343710558,1.1447479858058431,-1.1074363929006832,-1.1132750678812071,-1.1009176641025695,-1.1057260220072844,nan,nan,nan,nan,nan,nan,nan,nan,0.2413570210125841,0.23941503273030956,0.2426166616794788,0.24116487284526472,0.0,0.0,0.0,0.0,0.0,0.0,0.0,0.0,14.155627517871345,14.088723996699073,14.351563751719254,14.188676862943208,0.0,0.0,0.0,0.0,nan,nan,nan,nan,21.834915459757113,21.72758784389537,21.93701674952174,21.818201964328264,nan,nan,nan,nan,0.6787109375,0.671875,0.68115234375,0.67822265625,0.4287109375,0.423828125,0.435546875,0.43017578125,2.001369501270612,1.9955822045520564,2.006468015111376,2.0009309002746463
2,adam,adam,AdamW,,adam,,,requested,inf,nan,nominal,0.003,additive,1.0,nn_ce,2.2504740078131276,210,210,1.0,1.1146729011764647,1.1093660596741755,1.1235660952468927,1.1172231805627284,-1.135801106636663,-1.141107948138952,-1.126907912566235,-1.1332508272503992,nan,nan,nan,nan,nan,nan,nan,nan,0.23679101749362086,0.23392918784665226,0.2406152095446968,0.23733063001734214,0.0,0.0,0.0,0.0,0.0,0.0,0.0,0.0,14.119920700280703,14.078869517500923,14.129797514930942,14.046716436809373,0.0,0.0,0.0,0.0,nan,nan,nan,nan,21.788356876590356,21.709116153154426,21.895436917044403,21.781015909480818,nan,nan,nan,nan,0.6875,0.68408203125,0.69091796875,0.689208984375,0.4326171875,0.4248046875,0.439453125,0.43212890625,1.9927672189776415,1.989319611026529,1.9975641678761518,1.9929546728962215
2,adam,adam,AdamW,,adam,,,requested,inf,nan,nominal,0.003,additive,1.0,nn_ce,2.2504740078131276,220,220,1.0,1.0880358885855508,1.0844142353530795,1.098752919764856,1.0919614275139167,-1.1624381192275768,-1.166059772460048,-1.1517210880482716,-1.158512580299211,nan,nan,nan,nan,nan,nan,nan,nan,0.23328266707585935,0.22855825016282522,0.2346763389328926,0.23284542125644705,0.0,0.0,0.0,0.0,0.0,0.0,0.0,0.0,13.92934389008816,13.868970312665146,14.04282358784088,14.007958561024868,0.0,0.0,0.0,0.0,nan,nan,nan,nan,21.747786305295534,21.689295870784413,21.863740926570042,21.747779918445364,nan,nan,nan,nan,0.6953125,0.68798828125,0.70166015625,0.696044921875,0.4404296875,0.42529296875,0.44140625,0.435546875,1.9845422069840675,1.9810957708371788,1.992146467857783,1.9860967304873482
2,adam,adam,AdamW,,adam,,,requested,inf,nan,nominal,0.003,additive,1.0,nn_ce,2.2504740078131276,230,230,1.0,1.0643123849161458,1.060450889055335,1.076017268931114,1.0683581068406405,-1.1861616228969818,-1.1900231187577925,-1.1744567388820135,-1.182115900972487,nan,nan,nan,nan,nan,nan,nan,nan,0.2287837783390686,0.2279644653572463,0.23051082728713232,0.2304858475842676,0.0,0.0,0.0,0.0,0.0,0.0,0.0,0.0,14.083525069543871,14.045653302446205,14.140225728260974,14.080333339974166,0.0,0.0,0.0,0.0,nan,nan,nan,nan,21.715860040076976,21.65166227579646,21.84774008033371,21.720652283486167,nan,nan,nan,nan,0.701171875,0.69482421875,0.7138671875,0.703125,0.4423828125,0.4326171875,0.447265625,0.439697265625,1.9787947465850697,1.9747892876376216,1.985659101025115,1.979698320240569
2,adam,adam,AdamW,,adam,,,requested,inf,nan,nominal,0.003,additive,1.0,nn_ce,2.2504740078131276,240,240,1.0,1.043059650731851,1.0385929349262992,1.0543958224420615,1.046791470385502,-1.2074143570812765,-1.2118810728868283,-1.196078185371066,-1.2036825374276257,nan,nan,nan,nan,nan,nan,nan,nan,0.22746844371390104,0.2249138820842152,0.22891069800418465,0.22731455563982472,0.0,0.0,0.0,0.0,0.0,0.0,0.0,0.0,14.034486520596966,13.943056421615186,14.056544310644211,13.968644761787786,0.0,0.0,0.0,0.0,nan,nan,nan,nan,21.682198038140335,21.61878612094765,21.83122835645208,21.691467482146585,nan,nan,nan,nan,0.7109375,0.70751953125,0.71875,0.712158203125,0.4384765625,0.43310546875,0.443359375,0.43798828125,1.9745874741936547,1.9690353615481215,1.9779426594770468,1.9744212267334222
2,adam,adam,AdamW,,adam,,,requested,inf,nan,nominal,0.003,additive,1.0,nn_ce,2.2504740078131276,250,250,1.0,1.0231176602573315,1.0183966085815261,1.0343491643393556,1.0267072907917862,-1.227356347555796,-1.2320773992316014,-1.216124843473772,-1.2237667170213413,nan,nan,nan,nan,nan,nan,nan,nan,0.2264930563070059,0.22402802655695075,0.22695126303559512,0.2251833546684104,0.0,0.0,0.0,0.0,0.0,0.0,0.0,0.0,13.97446708543823,13.794148500226612,14.22391227859126,13.961248416664883,0.0,0.0,0.0,0.0,nan,nan,nan,nan,21.646720234643844,21.59698800263385,21.822582612037962,21.669217594645907,nan,nan,nan,nan,0.71484375,0.71240234375,0.7197265625,0.718505859375,0.4443359375,0.439453125,0.44775390625,0.44140625,1.9722966233585213,1.9652882800705944,1.9753137578976934,1.9709843382309158
2,adam,adam,AdamW,,adam,,,requested,inf,nan,nominal,0.003,additive,1.0,nn_ce,2.2504740078131276,260,260,1.0,1.0042505139668774,0.9994924450387208,1.0165529805221503,1.0080432489936175,-1.2462234938462502,-1.2509815627744068,-1.2339210272909773,-1.24243075881951,nan,nan,nan,nan,nan,nan,nan,nan,0.2209794226799086,0.2188816148534054,0.22282494499023595,0.22088983301734827,0.0,0.0,0.0,0.0,0.0,0.0,0.0,0.0,14.03976038631638,13.889792836766087,14.212885345710633,14.045669591098859,0.0,0.0,0.0,0.0,nan,nan,nan,nan,21.622047557410838,21.563242955353523,21.792720570946884,21.6471341309879,nan,nan,nan,nan,0.720703125,0.71435546875,0.732421875,0.72314453125,0.4462890625,0.44189453125,0.44775390625,0.444091796875,1.9699216873007033,1.961157552317328,1.9761862506002135,1.9687804919061114
2,adam,adam,AdamW,,adam,,,requested,inf,nan,nominal,0.003,additive,1.0,nn_ce,2.2504740078131276,270,270,1.0,0.9864301114892396,0.9822956498916344,1.0004770425807432,0.9908497374484643,-1.264043896323888,-1.2681783579214931,-1.2499969652323843,-1.2596242703646632,nan,nan,nan,nan,nan,nan,nan,nan,0.21669073779967965,0.21556668364052783,0.21793541071575323,0.2175646679552231,0.0,0.0,0.0,0.0,0.0,0.0,0.0,0.0,13.744337395807326,13.701337487151504,14.11041668993559,13.936596143259374,0.0,0.0,0.0,0.0,nan,nan,nan,nan,21.59853138483026,21.5540627820025,21.7490654651269,21.621215143005074,nan,nan,nan,nan,0.7353515625,0.73095703125,0.7373046875,0.734375,0.4443359375,0.4375,0.4453125,0.44140625,1.9670338795951614,1.960243512507983,1.9759779037961174,1.967175584206617
2,adam,adam,AdamW,,adam,,,requested,inf,nan,nominal,0.003,additive,1.0,nn_ce,2.2504740078131276,280,280,1.0,0.9707071433277854,0.9660023701901865,0.9849340801122854,0.974896413716986,-1.2797668644853422,-1.284471637622941,-1.2655399277008421,-1.2755775940961414,nan,nan,nan,nan,nan,nan,nan,nan,0.21549096925511824,0.21253337145206389,0.21641960274094998,0.21485764670731977,0.0,0.0,0.0,0.0,0.0,0.0,0.0,0.0,14.064371788500917,13.995155690947525,14.102221367898377,14.042946663696647,0.0,0.0,0.0,0.0,nan,nan,nan,nan,21.58951446839661,21.53453059949037,21.726799440358274,21.60197631323368,nan,nan,nan,nan,0.7392578125,0.7353515625,0.74462890625,0.740234375,0.4423828125,0.44140625,0.44580078125,0.442626953125,1.9675786295563578,1.9562730815770466,1.9735825898757708,1.9662475486715871
2,adam,adam,AdamW,,adam,,,requested,inf,nan,nominal,0.003,additive,1.0,nn_ce,2.2504740078131276,290,290,1.0,0.9569786351854306,0.9516965039319877,0.9714390791144574,0.9607644886497707,-1.293495372627697,-1.29877750388114,-1.2790349286986702,-1.289709519163357,nan,nan,nan,nan,nan,nan,nan,nan,0.21287169565457625,0.2100079045638651,0.21458301372242355,0.2121094358906097,0.0,0.0,0.0,0.0,0.0,0.0,0.0,0.0,13.712771482030437,13.642132647921738,13.774128645844208,13.71586859034005,0.0,0.0,0.0,0.0,nan,nan,nan,nan,21.5755200951238,21.525146727735567,21.702936720996313,21.584841665434446,nan,nan,nan,nan,0.7451171875,0.7392578125,0.75048828125,0.745361328125,0.4443359375,0.44140625,0.44580078125,0.44287109375,1.9658839282355363,1.9548114204374858,1.9720306481824008,1.9648539695804355
2,adam,adam,AdamW,,adam,,,requested,inf,nan,nominal,0.003,additive,1.0,nn_ce,2.2504740078131276,300,300,1.0,0.9446078083143467,0.9393777901825058,0.9588841199875675,0.9481466201968154,-1.305866199498781,-1.3110962176306216,-1.2915898878255603,-1.3023273876163122,nan,nan,nan,nan,nan,nan,nan,nan,0.2103406551147889,0.20917962830269643,0.21070409432700116,0.20946158845775445,0.0,0.0,0.0,0.0,0.0,0.0,0.0,0.0,13.81750082831148,13.724667226857694,13.905879045390247,13.829183346699212,0.0,0.0,0.0,0.0,nan,nan,nan,nan,21.551783518803937,21.511185858976,21.671750294837903,21.56645246427896,nan,nan,nan,nan,0.7509765625,0.7470703125,0.75439453125,0.7509765625,0.4443359375,0.44091796875,0.44580078125,0.443359375,1.9643272707353172,1.9525999968075485,1.9694530581829572,1.9634244396666776
2,adam,adam,AdamW,,adam,,,requested,inf,nan,nominal,0.003,additive,1.0,nn_ce,2.2504740078131276,310,310,1.0,0.933567954418665,0.9282303250011559,0.9472038327513452,0.9368114960980294,-1.3169060533944625,-1.3222436828119717,-1.3032701750617823,-1.3136625117150982,nan,nan,nan,nan,nan,nan,nan,nan,0.20913244338898213,0.2068204424504104,0.2096169667566546,0.2077140705458529,0.0,0.0,0.0,0.0,0.0,0.0,0.0,0.0,13.79928709996748,13.559688210376567,13.905988178072338,13.77525901094056,0.0,0.0,0.0,0.0,nan,nan,nan,nan,21.53577008993379,21.501993965650673,21.658972271904375,21.55284459207367,nan,nan,nan,nan,0.75,0.748046875,0.75439453125,0.751220703125,0.4462890625,0.44287109375,0.447265625,0.44482421875,1.962849828529391,1.9514564801403642,1.9665356648560346,1.961563326273206
2,adam,adam,AdamW,,adam,,,requested,inf,nan,nominal,0.003,additive,1.0,nn_ce,2.2504740078131276,320,320,1.0,0.9232170890496769,0.9177087263982543,0.9366435210140275,0.9262805292519672,-1.3272569187634506,-1.3327652814148734,-1.3138304867991,-1.3241934785611602,nan,nan,nan,nan,nan,nan,nan,nan,0.20754264240581072,0.2049797756541477,0.20815846602439558,0.20604205558680802,0.0,0.0,0.0,0.0,0.0,0.0,0.0,0.0,13.809415608280062,13.7375294174319,13.942820358050334,13.91219328034007,0.0,0.0,0.0,0.0,nan,nan,nan,nan,21.516512370884982,21.48155092895,21.64082312144385,21.538344265176796,nan,nan,nan,nan,0.755859375,0.7548828125,0.76025390625,0.75732421875,0.4453125,0.44482421875,0.447265625,0.445556640625,1.9616876186724337,1.950988957992344,1.967708356745077,1.960201904840687
2,adam,adam,AdamW,,adam,,,requested,inf,nan,nominal,0.003,additive,1.0,nn_ce,2.2504740078131276,330,330,1.0,0.9133465859007182,0.9083779172115715,0.9273788809356466,0.9167870516170324,-1.3371274219124094,-1.3420960906015562,-1.3230951268774809,-1.333686956196095,nan,nan,nan,nan,nan,nan,nan,nan,0.20509331348753146,0.20301886260802232,0.2067802821428296,0.20443680831559558,0.0,0.0,0.0,0.0,0.0,0.0,0.0,0.0,13.722134434155834,13.540240194888538,13.857949358969591,13.683064200764282,0.0,0.0,0.0,0.0,nan,nan,nan,nan,21.50655088758665,21.47267729410499,21.621557054983633,21.52869408733474,nan,nan,nan,nan,0.7607421875,0.75830078125,0.76416015625,0.760986328125,0.4462890625,0.4443359375,0.451171875,0.4462890625,1.9592558490785779,1.950832467586052,1.9668669134511236,1.9586457367511287
2,adam,adam,AdamW,,adam,,,requested,inf,nan,nominal,0.003,additive,1.0,nn_ce,2.2504740078131276,340,340,1.0,0.9047208434937051,0.899706693828056,0.9193862671633695,0.908352343559913,-1.3457531643194225,-1.3507673139850715,-1.331087740649758,-1.3421216642532146,nan,nan,nan,nan,nan,nan,nan,nan,0.20293665223223023,0.20103909032536074,0.20588133670065173,0.20276205707843947,0.0,0.0,0.0,0.0,0.0,0.0,0.0,0.0,13.835891211924945,13.790421969990277,13.922646121642293,13.848849942647327,0.0,0.0,0.0,0.0,nan,nan,nan,nan,21.49947656920947,21.464720046033918,21.60197378849611,21.519825888614815,nan,nan,nan,nan,0.7646484375,0.76123046875,0.76953125,0.764404296875,0.4453125,0.4423828125,0.44970703125,0.445556640625,1.9588500162412488,1.9521115253118837,1.966108695226908,1.958255073860042
2,adam,adam,AdamW,,adam,,,requested,inf,nan,nominal,0.003,additive,1.0,nn_ce,2.2504740078131276,350,350,1.0,0.8972069899971249,0.8918289971854745,0.9118791144572879,0.9007064008742558,-1.3532670178160027,-1.358645010627653,-1.3385948933558396,-1.3497676069388718,nan,nan,nan,nan,nan,nan,nan,nan,0.2010787441573581,0.19870010753568162,0.20354676189618917,0.20093328538525232,0.0,0.0,0.0,0.0,0.0,0.0,0.0,0.0,13.5306260280385,13.380898159394409,13.780704655740909,13.61061254406443,0.0,0.0,0.0,0.0,nan,nan,nan,nan,21.490577159753517,21.458951140352678,21.59327570709723,21.511982758304757,nan,nan,nan,nan,0.7685546875,0.76318359375,0.77197265625,0.76708984375,0.4462890625,0.44482421875,0.44775390625,0.446533203125,1.959508412781989,1.9520500506579406,1.9661667282426123,1.9582192148048776
2,adam,adam,AdamW,,adam,,,requested,inf,nan,nominal,0.003,additive,1.0,nn_ce,2.2504740078131276,360,360,1.0,0.8909240811992349,0.8854240075029876,0.9052020798952742,0.8941500222320506,-1.3595499266138926,-1.36505000031014,-1.3452719279178533,-1.356323985581077,nan,nan,nan,nan,nan,nan,nan,nan,0.19977453047242866,0.19802109524463435,0.20170397002672094,0.19987855861956344,0.0,0.0,0.0,0.0,0.0,0.0,0.0,0.0,13.560091505070117,13.392509561121733,13.773978173318332,13.625126507893409,0.0,0.0,0.0,0.0,nan,nan,nan,nan,21.48564194269882,21.45138691082294,21.584084840822378,21.50499326407288,nan,nan,nan,nan,0.7685546875,0.76708984375,0.7724609375,0.76904296875,0.447265625,0.44287109375,0.44921875,0.4462890625,1.9599364713459522,1.9511579508270418,1.967600841437274,1.9581052217337502
2,adam,adam,AdamW,,adam,,,requested,inf,nan,nominal,0.003,additive,1.0,nn_ce,2.2504740078131276,370,370,1.0,0.8852755781309034,0.8796680089851749,0.899451659503997,0.8884285298857157,-1.3651984296822242,-1.3708059988279526,-1.3510223483091304,-1.3620454779274118,nan,nan,nan,nan,nan,nan,nan,nan,0.19927288778827118,0.19720615474286865,0.20093416930102018,0.1989921489661075,0.0,0.0,0.0,0.0,0.0,0.0,0.0,0.0,13.59740359235498,13.4925337000961,13.787126433774858,13.694446675676009,0.0,0.0,0.0,0.0,nan,nan,nan,nan,21.481858223193754,21.44756051272395,21.57820399218918,21.49954828188966,nan,nan,nan,nan,0.7705078125,0.767578125,0.77392578125,0.77099609375,0.4482421875,0.44482421875,0.44970703125,0.447509765625,1.9597116213873338,1.9504353491630981,1.967269761037634,1.9576714650998202
2,adam,adam,AdamW,,adam,,,requested,inf,nan,nominal,0.003,additive,1.0,nn_ce,2.2504740078131276,380,380,1.0,0.8803228941870016,0.8747576749474386,0.8945071840453547,0.883450629434571,-1.3701511136261262,-1.375716332865689,-1.3559668237677729,-1.3670233783785566,nan,nan,nan,nan,nan,nan,nan,nan,0.19817390370524685,0.196338213671657,0.20005476756843615,0.19806444253199978,0.0,0.0,0.0,0.0,0.0,0.0,0.0,0.0,13.669723621700939,13.604848711343699,13.730319889787683,13.651831771480875,0.0,0.0,0.0,0.0,nan,nan,nan,nan,21.479195381830493,21.443835803018025,21.579238105430385,21.497756807320584,nan,nan,nan,nan,0.7705078125,0.76904296875,0.77587890625,0.771728515625,0.4453125,0.4453125,0.44775390625,0.447265625,1.9592356280494416,1.9497185517042805,1.9665349361781368,1.956924259040326
2,adam,adam,AdamW,,adam,,,requested,inf,nan,nominal,0.003,additive,1.0,nn_ce,2.2504740078131276,390,390,1.0,0.8760435611118307,0.8705625775885761,0.8903334670106625,0.8792206879478788,-1.3744304467012969,-1.3799114302245514,-1.360140540802465,-1.3712533198652488,nan,nan,nan,nan,nan,nan,nan,nan,0.19706106690109787,0.19508584368247978,0.19907656745627283,0.19700380433141876,0.0,0.0,0.0,0.0,0.0,0.0,0.0,0.0,13.851957541351158,13.728660147937136,13.960427586330693,13.846090203172245,0.0,0.0,0.0,0.0,nan,nan,nan,nan,21.477278343670523,21.43937102231878,21.577849363234904,21.495434081778992,nan,nan,nan,nan,0.76953125,0.76904296875,0.7734375,0.771484375,0.447265625,0.4453125,0.44775390625,0.447021484375,1.9597757558601536,1.9491838866911306,1.965997372433608,1.9568023429455912
2,adam,adam,AdamW,,adam,,,requested,inf,nan,nominal,0.003,additive,1.0,nn_ce,2.2504740078131276,400,400,1.0,0.87242961390003,0.8670889768224815,0.886859671819701,0.8756867474920769,-1.3780443939130977,-1.3833850309906461,-1.3636143359934265,-1.3747872603210507,nan,nan,nan,nan,nan,nan,nan,nan,0.196137930130128,0.19462211108638977,0.1982568254641443,0.1964609814703855,0.0,0.0,0.0,0.0,0.0,0.0,0.0,0.0,13.613267683638153,13.515124279427672,13.74855172947994,13.59591315158703,0.0,0.0,0.0,0.0,nan,nan,nan,nan,21.474203514412473,21.435081978380165,21.579061459793643,21.493287920818574,nan,nan,nan,nan,0.7724609375,0.76953125,0.7763671875,0.77392578125,0.4462890625,0.4453125,0.44921875,0.44677734375,1.9602011753422643,1.9487158329587944,1.965992671998311,1.95694775283424
2,adam,adam,AdamW,,adam,,,requested,inf,nan,nominal,0.003,additive,1.0,nn_ce,2.2504740078131276,410,410,1.0,0.8695103131572766,0.8643394119006376,0.883726371182044,0.8727415756992492,-1.380963694655851,-1.38613459591249,-1.3667476366310836,-1.3777324321138784,nan,nan,nan,nan,nan,nan,nan,nan,0.19565461961221292,0.19425599350411407,0.19771374554330118,0.1959134954846189,0.0,0.0,0.0,0.0,0.0,0.0,0.0,0.0,13.75276551460324,13.603106521876954,13.890541844449137,13.766990426202288,0.0,0.0,0.0,0.0,nan,nan,nan,nan,21.469358758158123,21.4316141230262,21.57790383386576,21.490973682678842,nan,nan,nan,nan,0.7744140625,0.7724609375,0.77880859375,0.775634765625,0.4462890625,0.4453125,0.44970703125,0.447265625,1.9603582925323013,1.9478237276317993,1.9661833810809934,1.9567036902677928
2,adam,adam,AdamW,,adam,,,requested,inf,nan,nominal,0.003,additive,1.0,nn_ce,2.2504740078131276,420,420,1.0,0.8669791260255948,0.8620159049013415,0.8810639027084128,0.8702066061467215,-1.3834948817875325,-1.3884581029117862,-1.3694101051047147,-1.380267401666406,nan,nan,nan,nan,nan,nan,nan,nan,0.19500121548480998,0.19323260868919495,0.19740632044601447,0.1952366906799461,0.0,0.0,0.0,0.0,0.0,0.0,0.0,0.0,13.816998221994428,13.61441120488951,13.867954722236473,13.754902543786576,0.0,0.0,0.0,0.0,nan,nan,nan,nan,21.46435122280588,21.42835681763864,21.57691920811256,21.48849321181222,nan,nan,nan,nan,0.7744140625,0.77294921875,0.7783203125,0.775634765625,0.4482421875,0.443359375,0.451171875,0.447998046875,1.9600314331550153,1.9469522358869482,1.9661393676754984,1.9564398234546445
2,adam,adam,AdamW,,adam,,,requested,inf,nan,nominal,0.003,additive,1.0,nn_ce,2.2504740078131276,430,430,1.0,0.8648685587379839,0.8600363035062312,0.879114572261258,0.8681346960331491,-1.3856054490751437,-1.3904377043068965,-1.3713594355518697,-1.3823393117799787,nan,nan,nan,nan,nan,nan,nan,nan,0.19449584552297733,0.1922361817070718,0.19671907510172285,0.19452334328182092,0.0,0.0,0.0,0.0,0.0,0.0,0.0,0.0,13.757041138218025,13.625661262395386,13.831677077986674,13.692513331353695,0.0,0.0,0.0,0.0,nan,nan,nan,nan,21.46090488494251,21.428460167150032,21.573923422134346,21.485940535880992,nan,nan,nan,nan,0.77734375,0.775390625,0.77978515625,0.777587890625,0.44921875,0.443359375,0.451171875,0.447998046875,1.9597643851974382,1.946272944285105,1.9660708232943214,1.956186761609388
2,adam,adam,AdamW,,adam,,,requested,inf,nan,nominal,0.003,additive,1.0,nn_ce,2.2504740078131276,440,440,1.0,0.8632068448208927,0.8584718251655284,0.8775577434202889,0.8664988667650699,-1.3872671629922348,-1.392002182647599,-1.3729162643928388,-1.3839751410480576,nan,nan,nan,nan,nan,nan,nan,nan,0.19395385744782456,0.19176174096128829,0.196257753801462,0.19401005672351695,0.0,0.0,0.0,0.0,0.0,0.0,0.0,0.0,13.73711805401345,13.567717610387927,13.842073145521994,13.73535466745792,0.0,0.0,0.0,0.0,nan,nan,nan,nan,21.4575079147125,21.42940363700736,21.571842485331654,21.483789716178777,nan,nan,nan,nan,0.78125,0.7783203125,0.78125,0.780029296875,0.44921875,0.44287109375,0.453125,0.4482421875,1.959487204485712,1.9461093359651744,1.9660722400680166,1.9560445147162435
2,adam,adam,AdamW,,adam,,,requested,inf,nan,nominal,0.003,additive,1.0,nn_ce,2.2504740078131276,450,450,1.0,0.8619651939393046,0.8572529912556275,0.8763179506764048,0.8652545745724017,-1.3885088138738229,-1.3932210165575,-1.3741560571367226,-1.3852194332407257,nan,nan,nan,nan,nan,nan,nan,nan,0.1935479665098706,0.1915177883214967,0.19593824036407764,0.1936352854867851,0.0,0.0,0.0,0.0,0.0,0.0,0.0,0.0,13.688192586470922,13.603793408983565,13.851813074447454,13.730199160991056,0.0,0.0,0.0,0.0,nan,nan,nan,nan,21.456303744634482,21.427251583830255,21.56964590160632,21.48211315342921,nan,nan,nan,nan,0.78125,0.7802734375,0.78125,0.78076171875,0.44921875,0.44287109375,0.45361328125,0.448486328125,1.9593036803679111,1.9462100625471932,1.9659939318803368,1.9559870625930542
2,adam,adam,AdamW,,adam,,,requested,inf,nan,nominal,0.003,additive,1.0,nn_ce,2.2504740078131276,460,460,1.0,0.86104897952917,0.8563262605002959,0.875372779561433,0.8643137761256053,-1.3894250282839575,-1.3941477473128316,-1.3751012282516946,-1.3861602316875221,nan,nan,nan,nan,nan,nan,nan,nan,0.19332707277697844,0.1911672633960304,0.1957239605080086,0.19340452284300091,0.0,0.0,0.0,0.0,0.0,0.0,0.0,0.0,13.799991793659629,13.761539834350684,14.04803498369374,13.855134385329155,0.0,0.0,0.0,0.0,nan,nan,nan,nan,21.455928426372267,21.42536082191601,21.567587872847767,21.48107112923971,nan,nan,nan,nan,0.78125,0.77880859375,0.78125,0.78076171875,0.4501953125,0.443359375,0.453125,0.448974609375,1.959165782829455,1.9463887727990057,1.965986310867676,1.955969542373095
2,adam,adam,AdamW,,adam,,,requested,inf,nan,nominal,0.003,additive,1.0,nn_ce,2.2504740078131276,470,470,1.0,0.8603671092653311,0.855646004311128,0.8746901694928881,0.8636222735174381,-1.3901068985477965,-1.3948280035019995,-1.3757838383202394,-1.3868517342956894,nan,nan,nan,nan,nan,nan,nan,nan,0.19310662304470266,0.1911125904976613,0.1955676666274423,0.19325876620088306,0.0,0.0,0.0,0.0,0.0,0.0,0.0,0.0,13.694599158136148,13.658256815013635,13.772457573304962,13.729067733381541,0.0,0.0,0.0,0.0,nan,nan,nan,nan,21.454858851958292,21.425034755780004,21.566682296332527,21.4802994107669,nan,nan,nan,nan,0.78125,0.77880859375,0.78125,0.781005859375,0.4501953125,0.44287109375,0.45361328125,0.448974609375,1.9589905810038237,1.9463682406425502,1.9658655958778035,1.9558925592499898
2,adam,adam,AdamW,,adam,,,requested,inf,nan,nominal,0.003,additive,1.0,nn_ce,2.2504740078131276,480,480,1.0,0.859834904731468,0.85515411223003,0.8742011037584447,0.8631054254481361,-1.3906391030816594,-1.3953198955830974,-1.3762729040546828,-1.3873685823649913,nan,nan,nan,nan,nan,nan,nan,nan,0.19300695096385106,0.19100473304467275,0.19512779060431115,0.19306518703268116,0.0,0.0,0.0,0.0,0.0,0.0,0.0,0.0,13.760296945534709,13.594272489353152,13.911068555129386,13.776661950228402,0.0,0.0,0.0,0.0,nan,nan,nan,nan,21.45395424759497,21.424318213306456,21.566306254179313,21.479706963308594,nan,nan,nan,nan,0.78125,0.77880859375,0.78125,0.781005859375,0.4501953125,0.443359375,0.45361328125,0.449462890625,1.9588669034905488,1.9462891153433688,1.965690300375745,1.955792639758193
2,adam,adam,AdamW,,adam,,,requested,inf,nan,nominal,0.003,additive,1.0,nn_ce,2.2504740078131276,490,490,1.0,0.8594325939272138,0.8547728107338942,0.8738301155876298,0.86271254520601,-1.3910414138859137,-1.3957011970792335,-1.3766438922254978,-1.3877614626071175,nan,nan,nan,nan,nan,nan,nan,nan,0.19279891843723646,0.19090344699305334,0.19495608885389448,0.19293035270820819,0.0,0.0,0.0,0.0,0.0,0.0,0.0,0.0,13.856818377543906,13.744483214519725,14.06792887003585,13.894237951897958,0.0,0.0,0.0,0.0,nan,nan,nan,nan,21.453232531080808,21.423547833941303,21.56630981453755,21.47925554932471,nan,nan,nan,nan,0.78125,0.77880859375,0.78125,0.78125,0.4501953125,0.443359375,0.45361328125,0.44921875,1.9588163674129717,1.946191713780574,1.9655596493967091,1.9557144311116341
2,adam,adam,AdamW,,adam,,,requested,inf,nan,nominal,0.003,additive,1.0,nn_ce,2.2504740078131276,500,500,1.0,0.8591056243436379,0.854461663834433,0.8735180706813832,0.8623887785682451,-1.3913683834694894,-1.3960123439786947,-1.3769559371317444,-1.3880852292448822,nan,nan,nan,nan,nan,nan,nan,nan,0.19272347240232884,0.19084148939096401,0.1948542731716466,0.19282491787811276,0.0,0.0,0.0,0.0,0.0,0.0,0.0,0.0,13.860922147447603,13.76160126983178,14.29869080853748,13.968812549525676,0.0,0.0,0.0,0.0,nan,nan,nan,nan,21.453111024315717,21.42330199355197,21.566139131333614,21.47910550725815,nan,nan,nan,nan,0.78125,0.779296875,0.78125,0.781494140625,0.4501953125,0.443359375,0.4521484375,0.44921875,1.9588641750389804,1.9461046419274584,1.9655304639756366,1.955675293079107
