depth,algorithm,variant,label,frobenius_mode,outer,source,geometry,origin,alpha,rho,rho_units,lr,noise_model,noise_scale,loss_type,F_star,seed,diverged,death_step,steps,oracle_calls,final_objective,final_gap,final_excess_risk,final_dist_to_opt,final_grad_norm,final_perturbation_frob,final_perturbation_op,final_update_frob,final_sharpness_gap,final_balancedness,final_effective_rank,final_lambda_max,final_train_acc,final_val_acc,final_val_loss
2,sgd,sgd,SGD,,sgd,,,both,1.1,,nominal,0.1,additive,1.0,nn_ce,2.250474007813128,0,0,-1,500,500,26.066398226216418,23.81592421840329,,,4.612293385927112,0.0,0.0,185.12489084501465,0.0,,25.937052176218337,,0.861328125,0.333984375,543.7721397828738
2,sgd,sgd,SGD,,sgd,,,both,1.1,,nominal,0.1,additive,1.0,nn_ce,2.250474007813128,1,0,-1,500,500,109.31715706533582,107.0666830575227,,,15.063894993116902,0.0,0.0,177.59965377552282,0.0,,25.80236793381296,,0.779296875,0.337890625,686.6194441374926
2,sgd,sgd,SGD,,sgd,,,both,1.1,,nominal,0.1,additive,1.0,nn_ce,2.250474007813128,2,0,-1,500,500,19.379397694136618,17.12892368632349,,,4.700501027549256,0.0,0.0,140.51015769208084,0.0,,25.60802897004815,,0.91015625,0.353515625,597.8735353401264
2,sgd,sgd,SGD,,sgd,,,both,1.1,,nominal,0.1,additive,1.0,nn_ce,2.250474007813128,3,0,-1,500,500,19.579007287195942,17.328533279382818,,,4.696437978679134,0.0,0.0,203.0709102566524,0.0,,25.954522237846515,,0.908203125,0.373046875,642.8064597761398
2,sgd,sgd,SGD,,sgd,,,both,1.1,,nominal,0.1,additive,1.0,nn_ce,2.250474007813128,4,0,-1,500,500,4.163929250524639,1.9134552427115112,,,3.098894160729478,0.0,0.0,487.9004524096896,0.0,,25.8076814980645,,0.951171875,0.373046875,594.7850986335555
2,sgd,sgd,SGD,,sgd,,,both,1.1,,nominal,0.1,additive,1.0,nn_ce,2.250474007813128,5,0,-1,500,500,12.303413319428705,10.052939311615578,,,3.8461166392919863,0.0,0.0,232.214022990801,0.0,,25.55771304958516,,0.91015625,0.35546875,559.3618643664306
2,sgd,sgd,SGD,,sgd,,,both,1.1,,nominal,0.1,additive,1.0,nn_ce,2.250474007813128,6,0,-1,500,500,15.02729906163542,12.776825053822291,,,3.817810958640037,0.0,0.0,249.43376538908453,0.0,,25.266091826230294,,0.93359375,0.36328125,641.4013673090424
2,sgd,sgd,SGD,,sgd,,,both,1.1,,nominal,0.1,additive,1.0,nn_ce,2.250474007813128,7,0,-1,500,500,24.664490889875665,22.414016882062537,,,3.2409786098567683,0.0,0.0,114.8394031397306,0.0,,25.16267107708676,,0.9140625,0.375,536.6017466930134
2,sgd,sgd,SGD,,sgd,,,both,1.3,,nominal,0.1,additive,1.0,nn_ce,2.250474007813128,0,0,-1,500,500,0.2907285653540387,-1.9597454424590888,,,0.8211543343023595,0.0,0.0,72.20215952373478,0.0,,22.223499528081515,,0.982421875,0.375,379.2065444962092
2,sgd,sgd,SGD,,sgd,,,both,1.3,,nominal,0.1,additive,1.0,nn_ce,2.250474007813128,1,0,-1,500,500,0.3512886301232565,-1.899185377689871,,,0.3751218882780359,0.0,0.0,77.40337216330586,0.0,,20.94243667140677,,0.990234375,0.404296875,276.3164281792864
2,sgd,sgd,SGD,,sgd,,,both,1.3,,nominal,0.1,additive,1.0,nn_ce,2.250474007813128,2,0,-1,500,500,0.332408802816943,-1.9180652049961844,,,0.255545669509006,0.0,0.0,25.1745625274014,0.0,,22.01568664311296,,0.9921875,0.345703125,395.6836618676503
2,sgd,sgd,SGD,,sgd,,,both,1.3,,nominal,0.1,additive,1.0,nn_ce,2.250474007813128,3,0,-1,500,500,1.1410496850017713,-1.1094243228113565,,,0.9009054341795352,0.0,0.0,100.7592947439222,0.0,,21.67013267386673,,0.978515625,0.37109375,298.4637905403032
2,sgd,sgd,SGD,,sgd,,,both,1.3,,nominal,0.1,additive,1.0,nn_ce,2.250474007813128,4,0,-1,500,500,0.0535860740997878,-2.19688793371334,,,0.1527444455503928,0.0,0.0,55.35635251144155,0.0,,21.749885576480207,,0.99609375,0.40234375,310.40836162477376
2,sgd,sgd,SGD,,sgd,,,both,1.3,,nominal,0.1,additive,1.0,nn_ce,2.250474007813128,5,0,-1,500,500,5.191205516795478,2.94073150898235,,,2.170140099141252,0.0,0.0,38.25157938504653,0.0,,22.08995001173613,,0.955078125,0.40234375,319.21832144982267
2,sgd,sgd,SGD,,sgd,,,both,1.3,,nominal,0.1,additive,1.0,nn_ce,2.250474007813128,6,0,-1,500,500,5.534366760143612,3.283892752330484,,,1.8649354811970884,0.0,0.0,96.1257778380316,0.0,,21.556896057915555,,0.951171875,0.375,321.4491455988375
2,sgd,sgd,SGD,,sgd,,,both,1.3,,nominal,0.1,additive,1.0,nn_ce,2.250474007813128,7,0,-1,500,500,0.1854513599146388,-2.065022647898489,,,0.3488394100742744,0.0,0.0,73.56208494179491,0.0,,22.89829797528988,,0.99609375,0.37890625,474.7494524953586
2,sgd,sgd,SGD,,sgd,,,both,1.6,,nominal,0.1,additive,1.0,nn_ce,2.250474007813128,0,0,-1,500,500,0.005653642379439,-2.2448203654336885,,,0.1828515223150938,0.0,0.0,59.37514531459585,0.0,,21.003398661494227,,0.998046875,0.3671875,57.189425754848735
2,sgd,sgd,SGD,,sgd,,,both,1.6,,nominal,0.1,additive,1.0,nn_ce,2.250474007813128,1,0,-1,500,500,0.0106588374127568,-2.239815170400371,,,0.0768305522755256,0.0,0.0,12.873482339658777,0.0,,20.18565724047118,,0.99609375,0.365234375,47.68318690581055
2,sgd,sgd,SGD,,sgd,,,both,1.6,,nominal,0.1,additive,1.0,nn_ce,2.250474007813128,2,0,-1,500,500,0.0112679565937071,-2.2392060512194205,,,0.0273103231869878,0.0,0.0,11.14145129461259,0.0,,17.306044174357346,,0.998046875,0.404296875,104.47443439965582
2,sgd,sgd,SGD,,sgd,,,both,1.6,,nominal,0.1,additive,1.0,nn_ce,2.250474007813128,3,0,-1,500,500,0.0471198325720095,-2.203354175241118,,,0.0455235469344649,0.0,0.0,13.247909467269276,0.0,,20.80631519393106,,0.98828125,0.404296875,67.6486885199264
2,sgd,sgd,SGD,,sgd,,,both,1.6,,nominal,0.1,additive,1.0,nn_ce,2.250474007813128,4,0,-1,500,500,0.0574549491069928,-2.1930190587061347,,,0.3590530777451344,0.0,0.0,11.26669911997724,0.0,,19.76028479625898,,0.9921875,0.3671875,44.78583382603736
2,sgd,sgd,SGD,,sgd,,,both,1.6,,nominal,0.1,additive,1.0,nn_ce,2.250474007813128,5,0,-1,500,500,0.0152651795680971,-2.2352088282450304,,,0.0213421697118845,0.0,0.0,17.5514953361144,0.0,,18.253808968400527,,0.99609375,0.37890625,61.76090554978586
2,sgd,sgd,SGD,,sgd,,,both,1.6,,nominal,0.1,additive,1.0,nn_ce,2.250474007813128,6,0,-1,500,500,0.0220512855720537,-2.2284227222410737,,,0.065521407177044,0.0,0.0,12.58677512495833,0.0,,18.08355294780077,,0.99609375,0.416015625,43.95168653626862
2,sgd,sgd,SGD,,sgd,,,both,1.6,,nominal,0.1,additive,1.0,nn_ce,2.250474007813128,7,0,-1,500,500,0.0290659600921527,-2.221408047720975,,,0.0331399424472226,0.0,0.0,8.896587260784493,0.0,,17.3264450184389,,0.990234375,0.3828125,48.93191117928749
2,sgd,sgd,SGD,,sgd,,,both,2.0,,nominal,0.1,additive,1.0,nn_ce,2.250474007813128,0,0,-1,500,500,0.0117212445098389,-2.238752763303289,,,0.0404983293844148,0.0,0.0,6.883428367432406,0.0,,21.891999705176445,,1.0,0.3828125,9.672856482700194
2,sgd,sgd,SGD,,sgd,,,both,2.0,,nominal,0.1,additive,1.0,nn_ce,2.250474007813128,1,0,-1,500,500,0.0151518529001196,-2.235322154913008,,,0.0872708353701992,0.0,0.0,6.257766173981884,0.0,,21.99880433971901,,0.998046875,0.3984375,9.75481324042402
2,sgd,sgd,SGD,,sgd,,,both,2.0,,nominal,0.1,additive,1.0,nn_ce,2.250474007813128,2,0,-1,500,500,0.010482517786792,-2.239991490026336,,,0.0399177130736037,0.0,0.0,5.171983590228214,0.0,,23.01512791036865,,1.0,0.37109375,8.525985156159074
2,sgd,sgd,SGD,,sgd,,,both,2.0,,nominal,0.1,additive,1.0,nn_ce,2.250474007813128,3,0,-1,500,500,0.0112773424511469,-2.2391966653619804,,,0.0400098386032098,0.0,0.0,5.786873793177788,0.0,,22.621537144142582,,1.0,0.376953125,10.437760042509153
2,sgd,sgd,SGD,,sgd,,,both,2.0,,nominal,0.1,additive,1.0,nn_ce,2.250474007813128,4,0,-1,500,500,0.0096858639235334,-2.2407881438895942,,,0.0333452325009782,0.0,0.0,6.706033690481418,0.0,,22.38775514071809,,1.0,0.3984375,9.9949497014627
2,sgd,sgd,SGD,,sgd,,,both,2.0,,nominal,0.1,additive,1.0,nn_ce,2.250474007813128,5,0,-1,500,500,0.0107569311079545,-2.239717076705173,,,0.0345340386122092,0.0,0.0,5.623325799168705,0.0,,22.986001409972417,,1.0,0.39453125,8.512537426059616
2,sgd,sgd,SGD,,sgd,,,both,2.0,,nominal,0.1,additive,1.0,nn_ce,2.250474007813128,6,0,-1,500,500,0.0095500860874265,-2.240923921725701,,,0.0376410563640505,0.0,0.0,50.17765854598926,0.0,,23.468963835721954,,1.0,0.3828125,11.74316791508864
2,sgd,sgd,SGD,,sgd,,,both,2.0,,nominal,0.1,additive,1.0,nn_ce,2.250474007813128,7,0,-1,500,500,0.0305315855527712,-2.219942422260356,,,0.0792687142126405,0.0,0.0,5.841172502301528,0.0,,22.854129515462212,,0.990234375,0.40625,9.518959376435625
2,sgd,sgd,SGD,,sgd,,,both,3.0,,nominal,0.1,additive,1.0,nn_ce,2.250474007813128,0,0,-1,500,500,0.0126642992932315,-2.237809708519896,,,0.0250995977760942,0.0,0.0,3.3469812470992206,0.0,,23.019298555967232,,1.0,0.42578125,5.445201853113775
2,sgd,sgd,SGD,,sgd,,,both,3.0,,nominal,0.1,additive,1.0,nn_ce,2.250474007813128,1,0,-1,500,500,0.0138981600785996,-2.236575847734528,,,0.0271046908794342,0.0,0.0,3.39488372487155,0.0,,22.804702068879735,,1.0,0.376953125,5.206633636186503
2,sgd,sgd,SGD,,sgd,,,both,3.0,,nominal,0.1,additive,1.0,nn_ce,2.250474007813128,2,0,-1,500,500,0.0155323249005434,-2.2349416829125843,,,0.0266794147040803,0.0,0.0,3.376403063706754,0.0,,22.73500199539096,,1.0,0.4140625,4.583223371085103
2,sgd,sgd,SGD,,sgd,,,both,3.0,,nominal,0.1,additive,1.0,nn_ce,2.250474007813128,3,0,-1,500,500,0.0155007289373228,-2.2349732788758048,,,0.0266896025283476,0.0,0.0,3.409076706987786,0.0,,22.320784417436524,,1.0,0.41015625,4.922378601051221
2,sgd,sgd,SGD,,sgd,,,both,3.0,,nominal,0.1,additive,1.0,nn_ce,2.250474007813128,4,0,-1,500,500,0.0139848309462825,-2.236489176866845,,,0.0244453455431834,0.0,0.0,3.375186346173242,0.0,,22.693894321253776,,1.0,0.421875,5.084611481518886
2,sgd,sgd,SGD,,sgd,,,both,3.0,,nominal,0.1,additive,1.0,nn_ce,2.250474007813128,5,0,-1,500,500,0.016609659408684,-2.233864348404444,,,0.0271601942979468,0.0,0.0,3.3514815766310604,0.0,,22.67474622312648,,1.0,0.421875,4.929238570912185
2,sgd,sgd,SGD,,sgd,,,both,3.0,,nominal,0.1,additive,1.0,nn_ce,2.250474007813128,6,0,-1,500,500,0.0121547168790337,-2.238319290934094,,,0.0213547192081912,0.0,0.0,3.3052437628007905,0.0,,22.138169996448028,,1.0,0.4453125,4.832646328648681
2,sgd,sgd,SGD,,sgd,,,both,3.0,,nominal,0.1,additive,1.0,nn_ce,2.250474007813128,7,0,-1,500,500,0.0146125536916787,-2.2358614541214488,,,0.0248763272701343,0.0,0.0,3.372673517141106,0.0,,22.927390436126892,,1.0,0.43359375,4.962793978926898
2,sgd,sgd,SGD,,sgd,,,both,inf,,nominal,0.1,additive,1.0,nn_ce,2.250474007813128,0,0,-1,500,500,0.0116284593055409,-2.2388455485075864,,,0.0227316242636144,0.0,0.0,3.7703339066257846,0.0,,22.35651596070392,,1.0,0.4296875,5.423161045261393
2,sgd,sgd,SGD,,sgd,,,both,inf,,nominal,0.1,additive,1.0,nn_ce,2.250474007813128,1,0,-1,500,500,0.0132616861402004,-2.237212321672927,,,0.0257810867701228,0.0,0.0,3.649551073968596,0.0,,21.863182345596783,,1.0,0.419921875,5.439284858123538
2,sgd,sgd,SGD,,sgd,,,both,inf,,nominal,0.1,additive,1.0,nn_ce,2.250474007813128,2,0,-1,500,500,0.0131793791345949,-2.2372946286785327,,,0.0239690281741247,0.0,0.0,3.7024132034529975,0.0,,22.74651353181537,,1.0,0.41796875,5.1820116875091
2,sgd,sgd,SGD,,sgd,,,both,inf,,nominal,0.1,additive,1.0,nn_ce,2.250474007813128,3,0,-1,500,500,0.0125844160823073,-2.2378895917308204,,,0.0254104555437386,0.0,0.0,3.642218585048579,0.0,,22.96192882347451,,1.0,0.4296875,5.208712387283312
2,sgd,sgd,SGD,,sgd,,,both,inf,,nominal,0.1,additive,1.0,nn_ce,2.250474007813128,4,0,-1,500,500,0.0147160916924347,-2.2357579161206926,,,0.0276136882661064,0.0,0.0,3.683089037117916,0.0,,21.935676678736822,,1.0,0.412109375,5.540712286860325
2,sgd,sgd,SGD,,sgd,,,both,inf,,nominal,0.1,additive,1.0,nn_ce,2.250474007813128,5,0,-1,500,500,0.0115441456197062,-2.2389298621934213,,,0.0219750864645817,0.0,0.0,3.724784337431865,0.0,,22.51147236381179,,1.0,0.40234375,5.595972579434545
2,sgd,sgd,SGD,,sgd,,,both,inf,,nominal,0.1,additive,1.0,nn_ce,2.250474007813128,6,0,-1,500,500,0.0124627260269651,-2.2380112817861626,,,0.0258095122770277,0.0,0.0,3.728357382017411,0.0,,23.28145387656309,,1.0,0.40625,5.581551187421735
2,sgd,sgd,SGD,,sgd,,,both,inf,,nominal,0.1,additive,1.0,nn_ce,2.250474007813128,7,0,-1,500,500,0.0128784844350553,-2.237595523378072,,,0.0243639512221925,0.0,0.0,3.7486243307991782,0.0,,22.59301059439949,,1.0,0.41796875,5.4462583957603306
2,msam,msam@global,Momentum-SAM (MSAM) [global Frob],global,sgd,momentum_lookahead,frobenius,added,1.1,0.1,nominal,0.1,additive,1.0,nn_ce,2.2504740078131276,0,0,-1,500,501,24.129261561696744,21.878787553883615,nan,nan,4.215710821100636,0.09999999999999949,0.08109299983010762,182.5996381342092,-0.08271978556603088,nan,25.743625710760455,nan,0.875,0.365234375,589.6227550921518
2,msam,msam@global,Momentum-SAM (MSAM) [global Frob],global,sgd,momentum_lookahead,frobenius,added,1.1,0.1,nominal,0.1,additive,1.0,nn_ce,2.2504740078131276,1,0,-1,500,501,110.6488554877935,108.39838147998037,nan,nan,17.16405701442512,0.09999999999999942,0.06604937244421696,193.73782723939036,-1.3179798280526,nan,25.825098520885483,nan,0.783203125,0.30859375,688.5750975292481
2,msam,msam@global,Momentum-SAM (MSAM) [global Frob],global,sgd,momentum_lookahead,frobenius,added,1.1,0.1,nominal,0.1,additive,1.0,nn_ce,2.2504740078131276,2,0,-1,500,501,18.26567964343564,16.01520563562251,nan,nan,4.52203344616244,0.09999999999999935,0.05371446022153777,140.15277073201935,-0.14074290562456682,nan,25.77658239314356,nan,0.912109375,0.3671875,551.4959992353706
2,msam,msam@global,Momentum-SAM (MSAM) [global Frob],global,sgd,momentum_lookahead,frobenius,added,1.1,0.1,nominal,0.1,additive,1.0,nn_ce,2.2504740078131276,3,0,-1,500,501,18.828315911164143,16.577841903351015,nan,nan,4.755889000824034,0.09999999999999959,0.06002724545509286,205.1587005679751,-0.08567171236276039,nan,25.890183869188252,nan,0.912109375,0.326171875,652.9205862428374
2,msam,msam@global,Momentum-SAM (MSAM) [global Frob],global,sgd,momentum_lookahead,frobenius,added,1.1,0.1,nominal,0.1,additive,1.0,nn_ce,2.2504740078131276,4,0,-1,500,501,3.439868960507672,1.1893949526945446,nan,nan,2.6936428171732856,0.09999999999999973,0.09781024080050646,488.479191061106,0.02628194982693488,nan,25.901642172047005,nan,0.9453125,0.373046875,618.5938450599231
2,msam,msam@global,Momentum-SAM (MSAM) [global Frob],global,sgd,momentum_lookahead,frobenius,added,1.1,0.1,nominal,0.1,additive,1.0,nn_ce,2.2504740078131276,5,0,-1,500,501,10.401081288577,8.150607280763872,nan,nan,3.2702357017450456,0.09999999999999963,0.06557509445870274,231.27014257557926,-0.01139330043277198,nan,25.699867162593343,nan,0.931640625,0.369140625,554.3965138127824
2,msam,msam@global,Momentum-SAM (MSAM) [global Frob],global,sgd,momentum_lookahead,frobenius,added,1.1,0.1,nominal,0.1,additive,1.0,nn_ce,2.2504740078131276,6,0,-1,500,501,11.532154199931385,9.281680192118259,nan,nan,3.7579012737722746,0.09999999999999946,0.06086566132915079,247.78939399807297,-0.06270252022224554,nan,25.135712803847944,nan,0.93359375,0.359375,674.6268677499139
2,msam,msam@global,Momentum-SAM (MSAM) [global Frob],global,sgd,momentum_lookahead,frobenius,added,1.1,0.1,nominal,0.1,additive,1.0,nn_ce,2.2504740078131276,7,0,-1,500,501,22.82547376234577,20.57499975453264,nan,nan,3.341144954113408,0.0999999999999992,0.06194974113217355,116.13657596101261,-0.052116583483886814,nan,25.3837526219102,nan,0.90234375,0.349609375,540.2879868129047
2,msam,msam@global,Momentum-SAM (MSAM) [global Frob],global,sgd,momentum_lookahead,frobenius,added,1.1,0.01,nominal,0.1,additive,1.0,nn_ce,2.2504740078131276,0,0,-1,500,501,26.978067646010352,24.727593638197224,nan,nan,4.130879184287808,0.009999999999999952,0.008113068225215847,181.93772918760035,-0.00734193232436553,nan,25.964165128961096,nan,0.876953125,0.34375,597.1588554109978
2,msam,msam@global,Momentum-SAM (MSAM) [global Frob],global,sgd,momentum_lookahead,frobenius,added,1.1,0.01,nominal,0.1,additive,1.0,nn_ce,2.2504740078131276,1,0,-1,500,501,110.50471276676772,108.2542387589546,nan,nan,14.64794542298765,0.009999999999999941,0.006540336619496079,181.34182668180375,-0.10345953769501648,nan,26.01122934220592,nan,0.783203125,0.322265625,674.4175483837432
2,msam,msam@global,Momentum-SAM (MSAM) [global Frob],global,sgd,momentum_lookahead,frobenius,added,1.1,0.01,nominal,0.1,additive,1.0,nn_ce,2.2504740078131276,2,0,-1,500,501,18.946095821764974,16.695621813951846,nan,nan,4.6892701715527005,0.00999999999999993,0.005576035483066423,138.68494168626282,-0.009496004171431593,nan,25.74408396376557,nan,0.8984375,0.33203125,616.7895149832877
2,msam,msam@global,Momentum-SAM (MSAM) [global Frob],global,sgd,momentum_lookahead,frobenius,added,1.1,0.01,nominal,0.1,additive,1.0,nn_ce,2.2504740078131276,3,0,-1,500,501,22.554112569222273,20.303638561409144,nan,nan,4.511988329416164,0.009999999999999957,0.006128533722299507,203.89651466563734,-0.007580709561668897,nan,25.823964636645645,nan,0.90234375,0.33984375,656.3749969319983
2,msam,msam@global,Momentum-SAM (MSAM) [global Frob],global,sgd,momentum_lookahead,frobenius,added,1.1,0.01,nominal,0.1,additive,1.0,nn_ce,2.2504740078131276,4,0,-1,500,501,6.116262814868579,3.865788807055451,nan,nan,3.2541789893268294,0.009999999999999981,0.009776759781002372,488.2213349421429,0.0012342892444445752,nan,25.944988019298616,nan,0.943359375,0.37109375,566.4141075638616
2,msam,msam@global,Momentum-SAM (MSAM) [global Frob],global,sgd,momentum_lookahead,frobenius,added,1.1,0.01,nominal,0.1,additive,1.0,nn_ce,2.2504740078131276,5,0,-1,500,501,11.527968974119545,9.277494966306417,nan,nan,3.677751238534795,0.009999999999999962,0.006546624281412705,231.75440962552108,-0.001807333035687364,nan,25.41415771320315,nan,0.92578125,0.373046875,601.0868670602007
2,msam,msam@global,Momentum-SAM (MSAM) [global Frob],global,sgd,momentum_lookahead,frobenius,added,1.1,0.01,nominal,0.1,additive,1.0,nn_ce,2.2504740078131276,6,0,-1,500,501,19.78007420111071,17.529600193297583,nan,nan,3.92872154399084,0.009999999999999943,0.0060539949290749785,247.59178608744577,-0.006871041588976112,nan,25.492062768813902,nan,0.927734375,0.388671875,604.7173754958268
2,msam,msam@global,Momentum-SAM (MSAM) [global Frob],global,sgd,momentum_lookahead,frobenius,added,1.1,0.01,nominal,0.1,additive,1.0,nn_ce,2.2504740078131276,7,0,-1,500,501,30.390528848824506,28.140054841011377,nan,nan,3.463374627729546,0.009999999999999915,0.006219218730865155,116.16338224034266,-0.0061439242216430046,nan,25.33720923044647,nan,0.89453125,0.36328125,500.04247200161115
2,msam,msam@global,Momentum-SAM (MSAM) [global Frob],global,sgd,momentum_lookahead,frobenius,added,1.1,0.05,nominal,0.1,additive,1.0,nn_ce,2.2504740078131276,0,0,-1,500,501,18.804947347538384,16.554473339725256,nan,nan,4.316817057984666,0.04999999999999976,0.04032811653465578,185.28614806524834,-0.03945394635171695,nan,26.390886627813792,nan,0.88671875,0.357421875,561.652650508541
2,msam,msam@global,Momentum-SAM (MSAM) [global Frob],global,sgd,momentum_lookahead,frobenius,added,1.1,0.05,nominal,0.1,additive,1.0,nn_ce,2.2504740078131276,1,0,-1,500,501,119.47195428959316,117.22148028178003,nan,nan,15.347759728645721,0.049999999999999725,0.03141052276120412,201.01197105963112,-0.5788372434975031,nan,26.04836057237114,nan,0.78515625,0.318359375,736.97094935971
2,msam,msam@global,Momentum-SAM (MSAM) [global Frob],global,sgd,momentum_lookahead,frobenius,added,1.1,0.05,nominal,0.1,additive,1.0,nn_ce,2.2504740078131276,2,0,-1,500,501,22.27632475890543,20.025850751092303,nan,nan,5.381413815938822,0.049999999999999684,0.026331008337269174,142.1264850367101,-0.09062172388725287,nan,25.720096310501958,nan,0.888671875,0.38671875,539.217152642986
2,msam,msam@global,Momentum-SAM (MSAM) [global Frob],global,sgd,momentum_lookahead,frobenius,added,1.1,0.05,nominal,0.1,additive,1.0,nn_ce,2.2504740078131276,3,0,-1,500,501,21.02415117389709,18.77367716608396,nan,nan,4.750361686786746,0.04999999999999978,0.03075997840304249,201.8093194361364,-0.028184952024812304,nan,25.573510453219328,nan,0.908203125,0.330078125,661.738298690593
2,msam,msam@global,Momentum-SAM (MSAM) [global Frob],global,sgd,momentum_lookahead,frobenius,added,1.1,0.05,nominal,0.1,additive,1.0,nn_ce,2.2504740078131276,4,0,-1,500,501,5.143884983230046,2.893410975416918,nan,nan,2.9184107508974866,0.049999999999999885,0.04887182748052661,487.7858731064382,0.009200169321397667,nan,25.766567610616043,nan,0.951171875,0.400390625,539.2491940077007
2,msam,msam@global,Momentum-SAM (MSAM) [global Frob],global,sgd,momentum_lookahead,frobenius,added,1.1,0.05,nominal,0.1,additive,1.0,nn_ce,2.2504740078131276,5,0,-1,500,501,9.880239888182555,7.629765880369427,nan,nan,3.5384719579097856,0.049999999999999774,0.03281774975173143,232.09051811285033,-0.0076919694154948814,nan,26.055655952475025,nan,0.9296875,0.365234375,599.9580681287193
2,msam,msam@global,Momentum-SAM (MSAM) [global Frob],global,sgd,momentum_lookahead,frobenius,added,1.1,0.05,nominal,0.1,additive,1.0,nn_ce,2.2504740078131276,6,0,-1,500,501,16.36513589858834,14.11466189077521,nan,nan,3.683607601845913,0.04999999999999974,0.030652440789679394,249.31355892481835,-0.03144950420134407,nan,25.574233886293854,nan,0.931640625,0.34765625,656.8783210033333
2,msam,msam@global,Momentum-SAM (MSAM) [global Frob],global,sgd,momentum_lookahead,frobenius,added,1.1,0.05,nominal,0.1,additive,1.0,nn_ce,2.2504740078131276,7,0,-1,500,501,22.59500942729601,20.34453541948288,nan,nan,3.0196026530173774,0.04999999999999957,0.03113970580259716,114.78616004484853,-0.029155194289732123,nan,25.348994325246107,nan,0.90625,0.34375,534.162701150177
2,msam,msam@global,Momentum-SAM (MSAM) [global Frob],global,sgd,momentum_lookahead,frobenius,added,1.1,0.02,nominal,0.1,additive,1.0,nn_ce,2.2504740078131276,0,0,-1,500,501,22.83943459530905,20.588960587495922,nan,nan,4.579501593129686,0.019999999999999896,0.016119099541108982,183.46623890433068,-0.01581528552154765,nan,25.997980117737125,nan,0.873046875,0.330078125,591.2701447207332
2,msam,msam@global,Momentum-SAM (MSAM) [global Frob],global,sgd,momentum_lookahead,frobenius,added,1.1,0.02,nominal,0.1,additive,1.0,nn_ce,2.2504740078131276,1,0,-1,500,501,105.75892473652,103.50845072870688,nan,nan,15.103668933698142,0.019999999999999865,0.012106061220509709,169.90742706464368,-0.20259154514495492,nan,25.993609791898354,nan,0.78515625,0.3046875,705.403258251629
2,msam,msam@global,Momentum-SAM (MSAM) [global Frob],global,sgd,momentum_lookahead,frobenius,added,1.1,0.02,nominal,0.1,additive,1.0,nn_ce,2.2504740078131276,2,0,-1,500,501,17.55088491626128,15.30041090844815,nan,nan,4.66317745344713,0.019999999999999872,0.010530000605413719,140.71490606692186,-0.03097192293232709,nan,25.72939229476302,nan,0.9140625,0.369140625,621.4451109924637
2,msam,msam@global,Momentum-SAM (MSAM) [global Frob],global,sgd,momentum_lookahead,frobenius,added,1.1,0.02,nominal,0.1,additive,1.0,nn_ce,2.2504740078131276,3,0,-1,500,501,20.585198510384586,18.334724502571458,nan,nan,4.528153187869911,0.019999999999999917,0.012340587429091077,201.72596368612938,-0.010490104769488084,nan,25.948421224013032,nan,0.88671875,0.345703125,624.2823269421763
2,msam,msam@global,Momentum-SAM (MSAM) [global Frob],global,sgd,momentum_lookahead,frobenius,added,1.1,0.02,nominal,0.1,additive,1.0,nn_ce,2.2504740078131276,4,0,-1,500,501,7.9726284551269275,5.7221544473138,nan,nan,2.8594385827973694,0.01999999999999996,0.019563665564338088,488.15520696772205,0.003588353036747982,nan,25.971911125454483,nan,0.935546875,0.3515625,571.333259468116
2,msam,msam@global,Momentum-SAM (MSAM) [global Frob],global,sgd,momentum_lookahead,frobenius,added,1.1,0.02,nominal,0.1,additive,1.0,nn_ce,2.2504740078131276,5,0,-1,500,501,10.819899777530594,8.569425769717466,nan,nan,3.515595603561526,0.019999999999999928,0.013097899577255158,231.53396443627028,-0.0051355089154601075,nan,25.6572569359416,nan,0.9375,0.380859375,584.6692256628521
2,msam,msam@global,Momentum-SAM (MSAM) [global Frob],global,sgd,momentum_lookahead,frobenius,added,1.1,0.02,nominal,0.1,additive,1.0,nn_ce,2.2504740078131276,6,0,-1,500,501,16.094561974543794,13.844087966730665,nan,nan,3.6473132795017547,0.019999999999999896,0.012014557763718948,249.64629289914785,-0.01210386717441736,nan,25.259943576749976,nan,0.9296875,0.38671875,660.5170970097397
2,msam,msam@global,Momentum-SAM (MSAM) [global Frob],global,sgd,momentum_lookahead,frobenius,added,1.1,0.02,nominal,0.1,additive,1.0,nn_ce,2.2504740078131276,7,0,-1,500,501,20.049711647809556,17.799237639996427,nan,nan,2.9554823129988836,0.01999999999999983,0.012576116044013177,114.09174629305372,-0.0077751201079898635,nan,25.44074068882467,nan,0.91015625,0.33203125,537.7836822082295
2,msam,msam@per-layer,Momentum-SAM (MSAM) [per-layer Frob],per-layer,sgd,momentum_lookahead,frobenius,added,1.1,0.01,nominal,0.1,additive,1.0,nn_ce,2.2504740078131276,0,0,-1,500,501,24.881848868141393,22.631374860328265,nan,nan,4.2314579817420945,0.014142135623730822,0.008780388424742267,183.50566037432682,-0.01530398572110414,nan,25.908751412024582,nan,0.857421875,0.341796875,565.8493095336617
2,msam,msam@per-layer,Momentum-SAM (MSAM) [per-layer Frob],per-layer,sgd,momentum_lookahead,frobenius,added,1.1,0.01,nominal,0.1,additive,1.0,nn_ce,2.2504740078131276,1,0,-1,500,501,121.91136919452573,119.66089518671261,nan,nan,16.453721407264293,0.014142135623730845,0.008782991097483222,196.52363380845568,-0.1708104585816983,nan,25.961932199049972,nan,0.783203125,0.32421875,730.0746258297513
2,msam,msam@per-layer,Momentum-SAM (MSAM) [per-layer Frob],per-layer,sgd,momentum_lookahead,frobenius,added,1.1,0.01,nominal,0.1,additive,1.0,nn_ce,2.2504740078131276,2,0,-1,500,501,18.378130418413953,16.127656410600824,nan,nan,4.950228805514119,0.014142135623730814,0.007684204323989541,139.17288970018166,-0.021753971780245962,nan,25.52346085516035,nan,0.890625,0.326171875,651.444875064349
2,msam,msam@per-layer,Momentum-SAM (MSAM) [per-layer Frob],per-layer,sgd,momentum_lookahead,frobenius,added,1.1,0.01,nominal,0.1,additive,1.0,nn_ce,2.2504740078131276,3,0,-1,500,501,21.656123654719206,19.405649646906078,nan,nan,3.986896236934483,0.014142135623730862,0.00838470447482062,203.66049730135575,-0.009535858015460974,nan,25.728328633398764,nan,0.9140625,0.361328125,628.4777920669715
2,msam,msam@per-layer,Momentum-SAM (MSAM) [per-layer Frob],per-layer,sgd,momentum_lookahead,frobenius,added,1.1,0.01,nominal,0.1,additive,1.0,nn_ce,2.2504740078131276,4,0,-1,500,501,10.070357001034438,7.81988299322131,nan,nan,2.5940306605790235,0.014142135623730793,0.009842489559559625,487.30454546730476,0.0005940868137681576,nan,25.662005756391633,nan,0.943359375,0.37109375,591.8009876369259
2,msam,msam@per-layer,Momentum-SAM (MSAM) [per-layer Frob],per-layer,sgd,momentum_lookahead,frobenius,added,1.1,0.01,nominal,0.1,additive,1.0,nn_ce,2.2504740078131276,5,0,-1,500,501,9.479495232264632,7.229021224451505,nan,nan,3.2970291008368466,0.01414213562373087,0.009150286288673858,232.42078673844068,-0.0034653193197691223,nan,25.588190401547845,nan,0.923828125,0.37109375,569.6031896960022
2,msam,msam@per-layer,Momentum-SAM (MSAM) [per-layer Frob],per-layer,sgd,momentum_lookahead,frobenius,added,1.1,0.01,nominal,0.1,additive,1.0,nn_ce,2.2504740078131276,6,0,-1,500,501,20.094295971532283,17.843821963719154,nan,nan,3.3747696589926894,0.014142135623730822,0.007810612139886963,248.19441556273793,-0.006633850843790867,nan,25.01603699784127,nan,0.93359375,0.349609375,676.0488139728699
2,msam,msam@per-layer,Momentum-SAM (MSAM) [per-layer Frob],per-layer,sgd,momentum_lookahead,frobenius,added,1.1,0.01,nominal,0.1,additive,1.0,nn_ce,2.2504740078131276,7,0,-1,500,501,24.701083275981855,22.450609268168726,nan,nan,3.660143641433302,0.014142135623730786,0.00780149887483589,118.93836370963068,-0.013065265485451505,nan,24.964907567611657,nan,0.896484375,0.345703125,552.9362680529508
2,msam,msam@global,Momentum-SAM (MSAM) [global Frob],global,sgd,momentum_lookahead,frobenius,added,1.1,1.0,nominal,0.1,additive,1.0,nn_ce,2.2504740078131276,0,0,-1,500,501,31.186361445769535,28.935887437956406,nan,nan,4.571842963635447,0.999999999999995,0.8054061128994013,183.67795074804488,-0.7998648157318229,nan,26.320195982299452,nan,0.875,0.326171875,593.0530813686598
2,msam,msam@global,Momentum-SAM (MSAM) [global Frob],global,sgd,momentum_lookahead,frobenius,added,1.1,1.0,nominal,0.1,additive,1.0,nn_ce,2.2504740078131276,1,0,-1,500,501,108.41415112153732,106.16367711372419,nan,nan,15.767926541070695,0.9999999999999938,0.6520916031734748,172.4686019271389,-10.403259196920004,nan,25.52255709773065,nan,0.78515625,0.330078125,693.2263652316328
2,msam,msam@global,Momentum-SAM (MSAM) [global Frob],global,sgd,momentum_lookahead,frobenius,added,1.1,1.0,nominal,0.1,additive,1.0,nn_ce,2.2504740078131276,2,0,-1,500,501,22.233216504008723,19.982742496195595,nan,nan,5.391587840967788,0.9999999999999933,0.527263687417814,142.30399755526233,-1.7874183662488328,nan,25.728660245103566,nan,0.892578125,0.34375,591.2693158894496
2,msam,msam@global,Momentum-SAM (MSAM) [global Frob],global,sgd,momentum_lookahead,frobenius,added,1.1,1.0,nominal,0.1,additive,1.0,nn_ce,2.2504740078131276,3,0,-1,500,501,22.981422522059102,20.730948514245974,nan,nan,4.294196349841054,0.9999999999999953,0.6180403217957491,202.0494702597621,-0.5888055665774203,nan,25.794926128702947,nan,0.890625,0.353515625,559.1389988256119
2,msam,msam@global,Momentum-SAM (MSAM) [global Frob],global,sgd,momentum_lookahead,frobenius,added,1.1,1.0,nominal,0.1,additive,1.0,nn_ce,2.2504740078131276,4,0,-1,500,501,7.407852555128084,5.1573785473149565,nan,nan,2.89599272454566,0.9999999999999976,0.9776345655523176,487.5520673501431,0.22364433426520058,nan,26.022472851636767,nan,0.939453125,0.373046875,562.6192954308738
2,msam,msam@global,Momentum-SAM (MSAM) [global Frob],global,sgd,momentum_lookahead,frobenius,added,1.1,1.0,nominal,0.1,additive,1.0,nn_ce,2.2504740078131276,5,0,-1,500,501,13.108804584039095,10.858330576225967,nan,nan,3.453966332391027,0.9999999999999964,0.6561439633070492,231.9846933373574,-0.21510312036451396,nan,25.765215400511504,nan,0.921875,0.33984375,584.1950719326633
2,msam,msam@global,Momentum-SAM (MSAM) [global Frob],global,sgd,momentum_lookahead,frobenius,added,1.1,1.0,nominal,0.1,additive,1.0,nn_ce,2.2504740078131276,6,0,-1,500,501,16.79831905881515,14.547845051002021,nan,nan,4.0883567450097305,0.9999999999999949,0.6059476722857178,250.8320422029275,-0.5309866103333434,nan,25.372609580626257,nan,0.90234375,0.37109375,625.5973179309933
2,msam,msam@global,Momentum-SAM (MSAM) [global Frob],global,sgd,momentum_lookahead,frobenius,added,1.1,1.0,nominal,0.1,additive,1.0,nn_ce,2.2504740078131276,7,0,-1,500,501,24.699525952264445,22.449051944451316,nan,nan,3.257183401492077,0.9999999999999915,0.6295605469190916,114.89264134547578,-0.4406409094416155,nan,25.843191996218998,nan,0.90234375,0.369140625,529.3877550063382
2,msam,msam@global,Momentum-SAM (MSAM) [global Frob],global,sgd,momentum_lookahead,frobenius,added,1.1,0.2,nominal,0.1,additive,1.0,nn_ce,2.2504740078131276,0,0,-1,500,501,24.37667512008599,22.126201112272863,nan,nan,4.083622212919487,0.199999999999999,0.1614655796614875,186.16619118908943,-0.19445968348934883,nan,25.938660731133577,nan,0.869140625,0.328125,587.0385305967483
2,msam,msam@global,Momentum-SAM (MSAM) [global Frob],global,sgd,momentum_lookahead,frobenius,added,1.1,0.2,nominal,0.1,additive,1.0,nn_ce,2.2504740078131276,1,0,-1,500,501,126.35772272415278,124.10724871633965,nan,nan,16.629413059111776,0.1999999999999988,0.13437570345759187,194.22168067326785,-2.5700925470528375,nan,25.830975253829674,nan,0.78125,0.3125,702.6928043041119
2,msam,msam@global,Momentum-SAM (MSAM) [global Frob],global,sgd,momentum_lookahead,frobenius,added,1.1,0.2,nominal,0.1,additive,1.0,nn_ce,2.2504740078131276,2,0,-1,500,501,14.156199380986628,11.9057253731735,nan,nan,4.179355289799837,0.19999999999999865,0.10817176719500765,138.0517165991853,-0.20912003680548885,nan,25.82760481695065,nan,0.90625,0.365234375,584.5602851099959
2,msam,msam@global,Momentum-SAM (MSAM) [global Frob],global,sgd,momentum_lookahead,frobenius,added,1.1,0.2,nominal,0.1,additive,1.0,nn_ce,2.2504740078131276,3,0,-1,500,501,21.243710076408764,18.993236068595635,nan,nan,4.482439640697114,0.19999999999999912,0.12263003972214445,201.72194108062573,-0.12525951921015022,nan,25.54343578427814,nan,0.888671875,0.3671875,606.214642121837
2,msam,msam@global,Momentum-SAM (MSAM) [global Frob],global,sgd,momentum_lookahead,frobenius,added,1.1,0.2,nominal,0.1,additive,1.0,nn_ce,2.2504740078131276,4,0,-1,500,501,5.331813834028654,3.081339826215526,nan,nan,2.912283931407418,0.19999999999999957,0.195544535412387,488.2695457517526,0.024228473776076065,nan,25.91866796511557,nan,0.951171875,0.373046875,568.5946542578421
2,msam,msam@global,Momentum-SAM (MSAM) [global Frob],global,sgd,momentum_lookahead,frobenius,added,1.1,0.2,nominal,0.1,additive,1.0,nn_ce,2.2504740078131276,5,0,-1,500,501,7.740071789859419,5.489597782046292,nan,nan,3.451409158573513,0.19999999999999918,0.13169487003236657,230.43983545851958,-0.004279674859328786,nan,25.729543372666555,nan,0.921875,0.390625,552.5669733004243
2,msam,msam@global,Momentum-SAM (MSAM) [global Frob],global,sgd,momentum_lookahead,frobenius,added,1.1,0.2,nominal,0.1,additive,1.0,nn_ce,2.2504740078131276,6,0,-1,500,501,19.53513988605288,17.284665878239753,nan,nan,3.7610733186408556,0.19999999999999898,0.12107368648048962,247.15153697315503,-0.06022414482245253,nan,25.27610356975189,nan,0.92578125,0.359375,643.219757438751
2,msam,msam@global,Momentum-SAM (MSAM) [global Frob],global,sgd,momentum_lookahead,frobenius,added,1.1,0.2,nominal,0.1,additive,1.0,nn_ce,2.2504740078131276,7,0,-1,500,501,23.336610614918644,21.086136607105516,nan,nan,3.503791121406527,0.19999999999999835,0.12542616432916184,114.81718438180626,-0.09372152677030243,nan,25.27345491844355,nan,0.91015625,0.36328125,525.0180909506746
2,msam,msam@global,Momentum-SAM (MSAM) [global Frob],global,sgd,momentum_lookahead,frobenius,added,1.1,0.5,nominal,0.1,additive,1.0,nn_ce,2.2504740078131276,0,0,-1,500,501,28.816339548488543,26.565865540675414,nan,nan,4.555009921078626,0.4999999999999977,0.40521859253149956,184.3102601670821,-0.4374931460550471,nan,25.950274819151964,nan,0.87109375,0.341796875,584.1021196307418
2,msam,msam@global,Momentum-SAM (MSAM) [global Frob],global,sgd,momentum_lookahead,frobenius,added,1.1,0.5,nominal,0.1,additive,1.0,nn_ce,2.2504740078131276,1,0,-1,500,501,113.97065038928294,111.72017638146981,nan,nan,15.595334790793569,0.4999999999999967,0.31770738043586527,172.39479913071412,-5.188698274776783,nan,25.473366525302648,nan,0.78125,0.330078125,697.0892685066796
2,msam,msam@global,Momentum-SAM (MSAM) [global Frob],global,sgd,momentum_lookahead,frobenius,added,1.1,0.5,nominal,0.1,additive,1.0,nn_ce,2.2504740078131276,2,0,-1,500,501,13.233199540213265,10.982725532400138,nan,nan,4.459490937297391,0.4999999999999967,0.26895317725847745,140.50161391028317,-0.6654382243829691,nan,25.597199939352347,nan,0.908203125,0.357421875,592.6504117332197
2,msam,msam@global,Momentum-SAM (MSAM) [global Frob],global,sgd,momentum_lookahead,frobenius,added,1.1,0.5,nominal,0.1,additive,1.0,nn_ce,2.2504740078131276,3,0,-1,500,501,24.890034400671812,22.639560392858684,nan,nan,3.87840457608276,0.49999999999999767,0.3065825910423249,203.35973052591493,-0.298684789400955,nan,25.80550189005233,nan,0.908203125,0.337890625,667.3059516988235
2,msam,msam@global,Momentum-SAM (MSAM) [global Frob],global,sgd,momentum_lookahead,frobenius,added,1.1,0.5,nominal,0.1,additive,1.0,nn_ce,2.2504740078131276,4,0,-1,500,501,7.130556602508741,4.8800825946956135,nan,nan,3.18469133264798,0.4999999999999987,0.488851953027412,488.0529292941147,0.09952944803600605,nan,25.55986509070044,nan,0.927734375,0.34765625,591.6839849552721
2,msam,msam@global,Momentum-SAM (MSAM) [global Frob],global,sgd,momentum_lookahead,frobenius,added,1.1,0.5,nominal,0.1,additive,1.0,nn_ce,2.2504740078131276,5,0,-1,500,501,10.04301325948151,7.792539251668383,nan,nan,3.306953859529369,0.49999999999999817,0.32849949829627895,233.82454505977725,-0.16552771074587902,nan,25.884441112223136,nan,0.921875,0.39453125,566.5310877977691
2,msam,msam@global,Momentum-SAM (MSAM) [global Frob],global,sgd,momentum_lookahead,frobenius,added,1.1,0.5,nominal,0.1,additive,1.0,nn_ce,2.2504740078131276,6,0,-1,500,501,15.307145118811688,13.056671110998561,nan,nan,4.047636930816567,0.49999999999999734,0.30242403649305266,249.54025437211067,-0.33522272393149244,nan,25.19790655036683,nan,0.916015625,0.3828125,631.4916882226898
2,msam,msam@global,Momentum-SAM (MSAM) [global Frob],global,sgd,momentum_lookahead,frobenius,added,1.1,0.5,nominal,0.1,additive,1.0,nn_ce,2.2504740078131276,7,0,-1,500,501,29.047672482416267,26.79719847460314,nan,nan,3.5399094268361275,0.49999999999999595,0.307190555505991,117.23975954714565,-0.35063533878777164,nan,25.1795646989144,nan,0.87890625,0.33984375,519.1005780058535
2,msam,msam@per-layer,Momentum-SAM (MSAM) [per-layer Frob],per-layer,sgd,momentum_lookahead,frobenius,added,1.1,0.02,nominal,0.1,additive,1.0,nn_ce,2.2504740078131276,0,0,-1,500,501,26.50491963377028,24.254445625957153,nan,nan,4.305047679301306,0.028284271247461645,0.017471650810673388,184.9364999560743,-0.029006246172286865,nan,25.84268099870404,nan,0.87109375,0.345703125,562.3292199016466
2,msam,msam@per-layer,Momentum-SAM (MSAM) [per-layer Frob],per-layer,sgd,momentum_lookahead,frobenius,added,1.1,0.02,nominal,0.1,additive,1.0,nn_ce,2.2504740078131276,1,0,-1,500,501,96.1917630576657,93.94128904985257,nan,nan,13.53609244758273,0.028284271247461662,0.017638171389134167,184.06118838018833,-0.27134494398029574,nan,25.58806128548436,nan,0.7890625,0.34375,718.3992973734562
2,msam,msam@per-layer,Momentum-SAM (MSAM) [per-layer Frob],per-layer,sgd,momentum_lookahead,frobenius,added,1.1,0.02,nominal,0.1,additive,1.0,nn_ce,2.2504740078131276,2,0,-1,500,501,19.659048556046656,17.408574548233528,nan,nan,4.568224851229053,0.028284271247461648,0.01504837525271514,139.00226641764436,-0.03857671158468179,nan,25.40850155640879,nan,0.91015625,0.359375,590.322368192922
2,msam,msam@per-layer,Momentum-SAM (MSAM) [per-layer Frob],per-layer,sgd,momentum_lookahead,frobenius,added,1.1,0.02,nominal,0.1,additive,1.0,nn_ce,2.2504740078131276,3,0,-1,500,501,22.77774139653524,20.527267388722112,nan,nan,4.431326967934771,0.02828427124746172,0.016760423645013327,204.04543867805071,-0.018153672627700956,nan,25.764265722438964,nan,0.90234375,0.349609375,630.751256793282
2,msam,msam@per-layer,Momentum-SAM (MSAM) [per-layer Frob],per-layer,sgd,momentum_lookahead,frobenius,added,1.1,0.02,nominal,0.1,additive,1.0,nn_ce,2.2504740078131276,4,0,-1,500,501,7.33482778331873,5.084353775505602,nan,nan,2.7925370763370068,0.028284271247461593,0.01969091815070267,488.8745729888324,0.0005317337084829177,nan,26.005455866817606,nan,0.9453125,0.400390625,555.0003597203972
2,msam,msam@per-layer,Momentum-SAM (MSAM) [per-layer Frob],per-layer,sgd,momentum_lookahead,frobenius,added,1.1,0.02,nominal,0.1,additive,1.0,nn_ce,2.2504740078131276,5,0,-1,500,501,11.906548863871603,9.656074856058474,nan,nan,3.029597320650715,0.028284271247461742,0.0183655729012733,231.8005494980289,-0.0040189671554689,nan,25.346269951374214,nan,0.92578125,0.36328125,555.5755156435673
2,msam,msam@per-layer,Momentum-SAM (MSAM) [per-layer Frob],per-layer,sgd,momentum_lookahead,frobenius,added,1.1,0.02,nominal,0.1,additive,1.0,nn_ce,2.2504740078131276,6,0,-1,500,501,18.905406801663652,16.654932793850524,nan,nan,3.5930638579969507,0.028284271247461648,0.01567074997876777,246.1378757484457,-0.012336932884885243,nan,24.815248017721288,nan,0.916015625,0.375,630.8474841984219
2,msam,msam@per-layer,Momentum-SAM (MSAM) [per-layer Frob],per-layer,sgd,momentum_lookahead,frobenius,added,1.1,0.02,nominal,0.1,additive,1.0,nn_ce,2.2504740078131276,7,0,-1,500,501,24.87454725276725,22.624073244954122,nan,nan,3.7293182290879314,0.028284271247461554,0.015764518460446245,115.66283810538846,-0.01932804812673794,nan,25.58563156832238,nan,0.8828125,0.33984375,513.3724748318895
2,msam,msam@per-layer,Momentum-SAM (MSAM) [per-layer Frob],per-layer,sgd,momentum_lookahead,frobenius,added,1.1,0.05,nominal,0.1,additive,1.0,nn_ce,2.2504740078131276,0,0,-1,500,501,22.11327840250381,19.86280439469068,nan,nan,4.276130844226912,0.07071067811865413,0.04350396718686197,185.14645707921704,-0.07741274372500939,nan,26.47890550310332,nan,0.880859375,0.328125,596.886541557809
2,msam,msam@per-layer,Momentum-SAM (MSAM) [per-layer Frob],per-layer,sgd,momentum_lookahead,frobenius,added,1.1,0.05,nominal,0.1,additive,1.0,nn_ce,2.2504740078131276,1,0,-1,500,501,118.03299404411561,115.78252003630249,nan,nan,15.064337121065911,0.07071067811865417,0.04370584620662364,181.76438600658602,-0.7723926504983609,nan,25.755576271173243,nan,0.798828125,0.31640625,705.35323160644
2,msam,msam@per-layer,Momentum-SAM (MSAM) [per-layer Frob],per-layer,sgd,momentum_lookahead,frobenius,added,1.1,0.05,nominal,0.1,additive,1.0,nn_ce,2.2504740078131276,2,0,-1,500,501,15.557263438403865,13.306789430590737,nan,nan,4.760636305057189,0.07071067811865407,0.03945778859214592,133.86915733352689,-0.07590767572391854,nan,25.78870450629087,nan,0.908203125,0.33984375,579.967645079681
2,msam,msam@per-layer,Momentum-SAM (MSAM) [per-layer Frob],per-layer,sgd,momentum_lookahead,frobenius,added,1.1,0.05,nominal,0.1,additive,1.0,nn_ce,2.2504740078131276,3,0,-1,500,501,21.32247593364354,19.07200192583041,nan,nan,4.366591164763765,0.07071067811865431,0.04192521839333281,203.18636784870318,-0.04882637000301315,nan,25.6873583154423,nan,0.9140625,0.33984375,652.5490112593241
2,msam,msam@per-layer,Momentum-SAM (MSAM) [per-layer Frob],per-layer,sgd,momentum_lookahead,frobenius,added,1.1,0.05,nominal,0.1,additive,1.0,nn_ce,2.2504740078131276,4,0,-1,500,501,7.685360480162492,5.434886472349365,nan,nan,3.3546289357642323,0.07071067811865397,0.04921172290199726,487.12044733063897,0.007729331620880409,nan,25.925421667412717,nan,0.943359375,0.388671875,541.3258893989768
2,msam,msam@per-layer,Momentum-SAM (MSAM) [per-layer Frob],per-layer,sgd,momentum_lookahead,frobenius,added,1.1,0.05,nominal,0.1,additive,1.0,nn_ce,2.2504740078131276,5,0,-1,500,501,11.231063241631587,8.98058923381846,nan,nan,3.608875056143374,0.07071067811865435,0.04577003738173171,231.2768812909647,-0.007769998214488538,nan,26.07759837508477,nan,0.9140625,0.34765625,586.5945016025059
2,msam,msam@per-layer,Momentum-SAM (MSAM) [per-layer Frob],per-layer,sgd,momentum_lookahead,frobenius,added,1.1,0.05,nominal,0.1,additive,1.0,nn_ce,2.2504740078131276,6,0,-1,500,501,17.88852967112134,15.638055663308212,nan,nan,4.0206282562639455,0.07071067811865415,0.03748840513163863,248.97976715568387,-0.06934694609655878,nan,24.91437781813987,nan,0.904296875,0.373046875,613.6096645864942
2,msam,msam@per-layer,Momentum-SAM (MSAM) [per-layer Frob],per-layer,sgd,momentum_lookahead,frobenius,added,1.1,0.05,nominal,0.1,additive,1.0,nn_ce,2.2504740078131276,7,0,-1,500,501,31.662322413497716,29.411848405684587,nan,nan,3.6701525359834015,0.07071067811865392,0.03947158719876471,115.42717454336939,-0.0448546558319336,nan,25.110540667873487,nan,0.876953125,0.3671875,523.5519130632925
2,msam,msam@per-layer,Momentum-SAM (MSAM) [per-layer Frob],per-layer,sgd,momentum_lookahead,frobenius,added,1.1,0.1,nominal,0.1,additive,1.0,nn_ce,2.2504740078131276,0,0,-1,500,501,21.95495487257414,19.704480864761013,nan,nan,4.587511745776131,0.14142135623730817,0.08781878747388637,183.7910159301083,-0.14692180220241013,nan,26.040549469723512,nan,0.8828125,0.359375,565.4938532287407
2,msam,msam@per-layer,Momentum-SAM (MSAM) [per-layer Frob],per-layer,sgd,momentum_lookahead,frobenius,added,1.1,0.1,nominal,0.1,additive,1.0,nn_ce,2.2504740078131276,1,0,-1,500,501,116.47609694370783,114.2256229358947,nan,nan,16.007311418758633,0.1414213562373083,0.08603196567431454,182.5008909065757,-1.6756571548157808,nan,25.341582460739282,nan,0.7890625,0.31640625,701.4998636037399
2,msam,msam@per-layer,Momentum-SAM (MSAM) [per-layer Frob],per-layer,sgd,momentum_lookahead,frobenius,added,1.1,0.1,nominal,0.1,additive,1.0,nn_ce,2.2504740078131276,2,0,-1,500,501,21.182933847345847,18.93245983953272,nan,nan,4.775512385599578,0.14142135623730823,0.07665059806364381,135.67740828614373,-0.1862353736363218,nan,25.7787764493345,nan,0.9140625,0.369140625,613.0616661991553
2,msam,msam@per-layer,Momentum-SAM (MSAM) [per-layer Frob],per-layer,sgd,momentum_lookahead,frobenius,added,1.1,0.1,nominal,0.1,additive,1.0,nn_ce,2.2504740078131276,3,0,-1,500,501,25.376921455609846,23.126447447796718,nan,nan,4.459112946558238,0.14142135623730864,0.08327104216411552,204.16517753202197,-0.0982482227661805,nan,25.901075050877083,nan,0.875,0.3359375,619.6327001449977
2,msam,msam@per-layer,Momentum-SAM (MSAM) [per-layer Frob],per-layer,sgd,momentum_lookahead,frobenius,added,1.1,0.1,nominal,0.1,additive,1.0,nn_ce,2.2504740078131276,4,0,-1,500,501,6.146287362747458,3.8958133549343303,nan,nan,2.9335923129349175,0.141421356237308,0.0984264208517187,488.17636205971087,-0.023460734026629737,nan,25.539761075454585,nan,0.94140625,0.34375,597.2379589208521
2,msam,msam@per-layer,Momentum-SAM (MSAM) [per-layer Frob],per-layer,sgd,momentum_lookahead,frobenius,added,1.1,0.1,nominal,0.1,additive,1.0,nn_ce,2.2504740078131276,5,0,-1,500,501,11.601964295657364,9.351490287844236,nan,nan,3.7225822971963005,0.1414213562373087,0.09198422145092658,230.9306696321888,-0.017562137910704934,nan,26.14101070767494,nan,0.912109375,0.375,572.9393326827347
2,msam,msam@per-layer,Momentum-SAM (MSAM) [per-layer Frob],per-layer,sgd,momentum_lookahead,frobenius,added,1.1,0.1,nominal,0.1,additive,1.0,nn_ce,2.2504740078131276,6,0,-1,500,501,17.99991851210502,15.74944450429189,nan,nan,4.413575498725594,0.14142135623730825,0.07224735428492508,249.31690816740795,-0.1097754594558431,nan,25.66524884081074,nan,0.92578125,0.353515625,631.8931601854786
2,msam,msam@per-layer,Momentum-SAM (MSAM) [per-layer Frob],per-layer,sgd,momentum_lookahead,frobenius,added,1.1,0.1,nominal,0.1,additive,1.0,nn_ce,2.2504740078131276,7,0,-1,500,501,33.94536619567685,31.69489218786372,nan,nan,3.9133461147394013,0.14142135623730787,0.07735487663905448,118.90483589590995,-0.08223138602100732,nan,25.007959517868116,nan,0.880859375,0.357421875,506.2898975367359
2,msam,msam@per-layer,Momentum-SAM (MSAM) [per-layer Frob],per-layer,sgd,momentum_lookahead,frobenius,added,1.1,0.2,nominal,0.1,additive,1.0,nn_ce,2.2504740078131276,0,0,-1,500,501,21.49751433773725,19.247040329924122,nan,nan,4.481029396284935,0.28284271247461656,0.17470280653979117,183.90396480491893,-0.32998844160684015,nan,26.003028361589394,nan,0.880859375,0.337890625,535.8734676533475
2,msam,msam@per-layer,Momentum-SAM (MSAM) [per-layer Frob],per-layer,sgd,momentum_lookahead,frobenius,added,1.1,0.2,nominal,0.1,additive,1.0,nn_ce,2.2504740078131276,1,0,-1,500,501,110.46435852392564,108.21388451611251,nan,nan,15.572012259370648,0.28284271247461684,0.17412871259116894,188.33588725984708,-3.0508224821548424,nan,26.132054573425044,nan,0.78515625,0.3203125,709.3931632567195
2,msam,msam@per-layer,Momentum-SAM (MSAM) [per-layer Frob],per-layer,sgd,momentum_lookahead,frobenius,added,1.1,0.2,nominal,0.1,additive,1.0,nn_ce,2.2504740078131276,2,0,-1,500,501,24.096408701804123,21.845934693990994,nan,nan,5.756731366694398,0.28284271247461634,0.14712587602258154,141.53969234954118,-0.4880520300401443,nan,25.82812588447344,nan,0.8828125,0.3515625,594.0086697126927
2,msam,msam@per-layer,Momentum-SAM (MSAM) [per-layer Frob],per-layer,sgd,momentum_lookahead,frobenius,added,1.1,0.2,nominal,0.1,additive,1.0,nn_ce,2.2504740078131276,3,0,-1,500,501,20.426106456564774,18.175632448751646,nan,nan,4.812647957498397,0.2828427124746174,0.1660520458681207,204.14467809470736,-0.2054627359582888,nan,25.689514752400047,nan,0.900390625,0.33203125,640.3210984993547
2,msam,msam@per-layer,Momentum-SAM (MSAM) [per-layer Frob],per-layer,sgd,momentum_lookahead,frobenius,added,1.1,0.2,nominal,0.1,additive,1.0,nn_ce,2.2504740078131276,4,0,-1,500,501,8.418646504980938,6.16817249716781,nan,nan,2.320335813136362,0.2828427124746159,0.19681718582358043,487.8642110909115,-0.0036869238337260413,nan,25.776308271739563,nan,0.94921875,0.376953125,586.5929236338436
2,msam,msam@per-layer,Momentum-SAM (MSAM) [per-layer Frob],per-layer,sgd,momentum_lookahead,frobenius,added,1.1,0.2,nominal,0.1,additive,1.0,nn_ce,2.2504740078131276,5,0,-1,500,501,15.83277005627519,13.582296048462062,nan,nan,3.7841362449211564,0.28284271247461734,0.18283681586037256,232.4487787951618,-0.0826965527126724,nan,25.482944474423174,nan,0.91015625,0.36328125,564.5195465864591
2,msam,msam@per-layer,Momentum-SAM (MSAM) [per-layer Frob],per-layer,sgd,momentum_lookahead,frobenius,added,1.1,0.2,nominal,0.1,additive,1.0,nn_ce,2.2504740078131276,6,0,-1,500,501,13.26922445376864,11.018750445955511,nan,nan,3.5631877273004733,0.2828427124746165,0.15251127868785172,248.7994116505285,-0.10988393511003913,nan,25.280937232045456,nan,0.9296875,0.36328125,619.6462326633473
2,msam,msam@per-layer,Momentum-SAM (MSAM) [per-layer Frob],per-layer,sgd,momentum_lookahead,frobenius,added,1.1,0.2,nominal,0.1,additive,1.0,nn_ce,2.2504740078131276,7,0,-1,500,501,21.681323231970147,19.43084922415702,nan,nan,3.297621784582847,0.28284271247461557,0.15858829447924866,115.21308552200858,-0.1449083750010871,nan,25.154915515309217,nan,0.888671875,0.359375,507.38544102980995
2,msam,msam@per-layer,Momentum-SAM (MSAM) [per-layer Frob],per-layer,sgd,momentum_lookahead,frobenius,added,1.1,0.5,nominal,0.1,additive,1.0,nn_ce,2.2504740078131276,0,0,-1,500,501,29.93158281772296,27.68110880990983,nan,nan,4.600316067046834,0.7071067811865411,0.4358153797959635,183.3783948199573,-0.8438660404005134,nan,25.865924223938254,nan,0.857421875,0.32421875,552.5869940351935
2,msam,msam@per-layer,Momentum-SAM (MSAM) [per-layer Frob],per-layer,sgd,momentum_lookahead,frobenius,added,1.1,0.5,nominal,0.1,additive,1.0,nn_ce,2.2504740078131276,1,0,-1,500,501,114.88221978857699,112.63174578076386,nan,nan,15.004973469716417,0.707106781186541,0.41799005137744377,172.99394341530513,-7.111936208007833,nan,25.595737097142468,nan,0.818359375,0.314453125,709.4250559372178
2,msam,msam@per-layer,Momentum-SAM (MSAM) [per-layer Frob],per-layer,sgd,momentum_lookahead,frobenius,added,1.1,0.5,nominal,0.1,additive,1.0,nn_ce,2.2504740078131276,2,0,-1,500,501,18.478028080890507,16.22755407307738,nan,nan,4.916895500157163,0.7071067811865405,0.3948357165258449,134.09378719156015,-0.7292897415586062,nan,25.858303606762846,nan,0.8984375,0.333984375,599.6321918160255
2,msam,msam@per-layer,Momentum-SAM (MSAM) [per-layer Frob],per-layer,sgd,momentum_lookahead,frobenius,added,1.1,0.5,nominal,0.1,additive,1.0,nn_ce,2.2504740078131276,3,0,-1,500,501,18.355001292008602,16.104527284195473,nan,nan,4.586947229343018,0.707106781186543,0.415969519815157,203.09621865695948,-0.5213715476940877,nan,25.614510066860095,nan,0.890625,0.337890625,648.8263161387367
2,msam,msam@per-layer,Momentum-SAM (MSAM) [per-layer Frob],per-layer,sgd,momentum_lookahead,frobenius,added,1.1,0.5,nominal,0.1,additive,1.0,nn_ce,2.2504740078131276,4,0,-1,500,501,5.556760799189751,3.306286791376624,nan,nan,3.07663558960391,0.7071067811865395,0.49221113671814576,487.16761776961505,-0.04809537075240122,nan,25.897251477120733,nan,0.9375,0.37109375,570.7099410191098
2,msam,msam@per-layer,Momentum-SAM (MSAM) [per-layer Frob],per-layer,sgd,momentum_lookahead,frobenius,added,1.1,0.5,nominal,0.1,additive,1.0,nn_ce,2.2504740078131276,5,0,-1,500,501,8.644945633761225,6.394471625948097,nan,nan,3.0289256760063776,0.7071067811865436,0.4615993155518903,230.50197202023438,-0.06351538105096743,nan,25.764938159481535,nan,0.9375,0.388671875,543.1571356028275
2,msam,msam@per-layer,Momentum-SAM (MSAM) [per-layer Frob],per-layer,sgd,momentum_lookahead,frobenius,added,1.1,0.5,nominal,0.1,additive,1.0,nn_ce,2.2504740078131276,6,0,-1,500,501,13.737252289733272,11.486778281920145,nan,nan,3.6259406072454747,0.707106781186541,0.3894842066198315,246.3810711065605,-0.2845119868247288,nan,25.578732967829474,nan,0.9375,0.34765625,678.3126324848569
2,msam,msam@per-layer,Momentum-SAM (MSAM) [per-layer Frob],per-layer,sgd,momentum_lookahead,frobenius,added,1.1,0.5,nominal,0.1,additive,1.0,nn_ce,2.2504740078131276,7,0,-1,500,501,32.818779025218646,30.568305017405518,nan,nan,3.074897621905161,0.7071067811865395,0.39543379469824264,116.61128506436187,-0.38578321796425286,nan,25.20926542273423,nan,0.900390625,0.34765625,500.6089783314988
2,msam,msam@per-layer,Momentum-SAM (MSAM) [per-layer Frob],per-layer,sgd,momentum_lookahead,frobenius,added,1.1,1.0,nominal,0.1,additive,1.0,nn_ce,2.2504740078131276,0,0,-1,500,501,29.420459783915792,27.169985776102664,nan,nan,4.315805730636632,1.4142135623730816,0.8729853836940159,182.0611259608206,-1.2075110942210365,nan,25.689653149596136,nan,0.861328125,0.33203125,546.0015369057579
2,msam,msam@per-layer,Momentum-SAM (MSAM) [per-layer Frob],per-layer,sgd,momentum_lookahead,frobenius,added,1.1,1.0,nominal,0.1,additive,1.0,nn_ce,2.2504740078131276,1,0,-1,500,501,113.96255986077789,111.71208585296476,nan,nan,15.278739592027964,1.4142135623730827,0.8624083816955544,182.10048389270986,-14.76505622368586,nan,25.54307896939547,nan,0.806640625,0.328125,725.270994770262
2,msam,msam@per-layer,Momentum-SAM (MSAM) [per-layer Frob],per-layer,sgd,momentum_lookahead,frobenius,added,1.1,1.0,nominal,0.1,additive,1.0,nn_ce,2.2504740078131276,2,0,-1,500,501,21.89862976838655,19.64815576057342,nan,nan,5.365358944814941,1.4142135623730807,0.7872703750132998,134.74279766661436,-1.8147488088569688,nan,25.606128013905693,nan,0.892578125,0.35546875,561.7623936765217
2,msam,msam@per-layer,Momentum-SAM (MSAM) [per-layer Frob],per-layer,sgd,momentum_lookahead,frobenius,added,1.1,1.0,nominal,0.1,additive,1.0,nn_ce,2.2504740078131276,3,0,-1,500,501,22.914135397197228,20.6636613893841,nan,nan,4.77196993193134,1.4142135623730858,0.8399522197167458,201.9393612487306,-0.7142810506881396,nan,25.702488055596785,nan,0.890625,0.353515625,621.0162393735769
2,msam,msam@per-layer,Momentum-SAM (MSAM) [per-layer Frob],per-layer,sgd,momentum_lookahead,frobenius,added,1.1,1.0,nominal,0.1,additive,1.0,nn_ce,2.2504740078131276,4,0,-1,500,501,6.468828656533378,4.218354648720251,nan,nan,3.0273518084543793,1.4142135623730792,0.9844325142971951,487.26929157193945,0.4445604806084136,nan,26.057264949857,nan,0.947265625,0.380859375,564.5078902346647
2,msam,msam@per-layer,Momentum-SAM (MSAM) [per-layer Frob],per-layer,sgd,momentum_lookahead,frobenius,added,1.1,1.0,nominal,0.1,additive,1.0,nn_ce,2.2504740078131276,5,0,-1,500,501,11.420705732856266,9.170231725043138,nan,nan,3.098673542958674,1.4142135623730872,0.9228434270508012,229.7731029073297,0.05746059655656488,nan,25.41727872835655,nan,0.931640625,0.38671875,559.9437036943567
2,msam,msam@per-layer,Momentum-SAM (MSAM) [per-layer Frob],per-layer,sgd,momentum_lookahead,frobenius,added,1.1,1.0,nominal,0.1,additive,1.0,nn_ce,2.2504740078131276,6,0,-1,500,501,13.182780717031354,10.932306709218228,nan,nan,3.7424848854409025,1.4142135623730823,0.7634429731867426,248.09739902049625,-0.4980186792731587,nan,25.67058415378981,nan,0.9375,0.392578125,634.2762961975922
2,msam,msam@per-layer,Momentum-SAM (MSAM) [per-layer Frob],per-layer,sgd,momentum_lookahead,frobenius,added,1.1,1.0,nominal,0.1,additive,1.0,nn_ce,2.2504740078131276,7,0,-1,500,501,31.83158035848441,29.58110635067128,nan,nan,3.259744803646248,1.4142135623730783,0.7917680525850824,116.67430922595473,-0.5574881786030339,nan,25.622358804334432,nan,0.892578125,0.345703125,524.2466348293763
2,msam,msam@global,Momentum-SAM (MSAM) [global Frob],global,sgd,momentum_lookahead,frobenius,added,1.3,0.02,nominal,0.1,additive,1.0,nn_ce,2.2504740078131276,0,0,-1,500,501,0.9472165802082703,-1.3032574276048572,nan,nan,1.1121654920528512,0.019999999999999758,0.01383399450121653,72.24094585312662,-0.001888004388875375,nan,22.399251686367986,nan,0.97265625,0.390625,373.1128520279569
2,msam,msam@global,Momentum-SAM (MSAM) [global Frob],global,sgd,momentum_lookahead,frobenius,added,1.3,0.02,nominal,0.1,additive,1.0,nn_ce,2.2504740078131276,1,0,-1,500,501,0.31980623371008615,-1.9306677741030414,nan,nan,0.26880895849048914,0.01999999999999969,0.015361278908780933,77.40854236025878,-0.00023408834181831706,nan,21.234717758639658,nan,0.9921875,0.40625,283.45021257137887
2,msam,msam@global,Momentum-SAM (MSAM) [global Frob],global,sgd,momentum_lookahead,frobenius,added,1.3,0.02,nominal,0.1,additive,1.0,nn_ce,2.2504740078131276,2,0,-1,500,501,0.4636331440580084,-1.7868408637551192,nan,nan,0.3954412545925548,0.019999999999999248,0.007867440476376546,25.26108402191143,-0.0013130248896591201,nan,22.231140816888466,nan,0.982421875,0.333984375,385.4112874742748
2,msam,msam@global,Momentum-SAM (MSAM) [global Frob],global,sgd,momentum_lookahead,frobenius,added,1.3,0.02,nominal,0.1,additive,1.0,nn_ce,2.2504740078131276,3,0,-1,500,501,1.7243146677377585,-0.526159340075369,nan,nan,0.9221129127847487,0.019999999999999823,0.01906058426817801,100.23250446799013,-0.00028438658654628135,nan,21.622409970061625,nan,0.970703125,0.37109375,300.37407648376467
2,msam,msam@global,Momentum-SAM (MSAM) [global Frob],global,sgd,momentum_lookahead,frobenius,added,1.3,0.02,nominal,0.1,additive,1.0,nn_ce,2.2504740078131276,4,0,-1,500,501,0.0032706641002220797,-2.2472033437129055,nan,nan,0.2426556626437414,0.019999999999999667,0.013429036558103144,55.26933922425143,1.5600867308388465e-05,nan,21.60447690052177,nan,0.998046875,0.38671875,307.89476925700444
2,msam,msam@global,Momentum-SAM (MSAM) [global Frob],global,sgd,momentum_lookahead,frobenius,added,1.3,0.02,nominal,0.1,additive,1.0,nn_ce,2.2504740078131276,5,0,-1,500,501,7.5526001869334705,5.302126179120343,nan,nan,2.3959655297921394,0.019999999999999518,0.009397982149817383,39.56117082398462,-0.02476949683792462,nan,22.209956846017437,nan,0.94140625,0.404296875,276.0115525781815
2,msam,msam@global,Momentum-SAM (MSAM) [global Frob],global,sgd,momentum_lookahead,frobenius,added,1.3,0.02,nominal,0.1,additive,1.0,nn_ce,2.2504740078131276,6,0,-1,500,501,3.5801109027798534,1.3296368949667259,nan,nan,1.6994933994981298,0.01999999999999981,0.015847309303042168,93.5348562589764,-0.004218747789161981,nan,21.241041871561162,nan,0.95703125,0.361328125,320.82045693796465
2,msam,msam@global,Momentum-SAM (MSAM) [global Frob],global,sgd,momentum_lookahead,frobenius,added,1.3,0.02,nominal,0.1,additive,1.0,nn_ce,2.2504740078131276,7,0,-1,500,501,0.0018973366673361962,-2.2485766711457913,nan,nan,0.19731069746834048,0.01999999999999975,0.013834888597449631,73.55252039630382,3.2160942560001664e-05,nan,22.716642839273828,nan,1.0,0.38671875,470.7842507538183
2,msam,msam@global,Momentum-SAM (MSAM) [global Frob],global,sgd,momentum_lookahead,frobenius,added,1.3,0.01,nominal,0.1,additive,1.0,nn_ce,2.2504740078131276,0,0,-1,500,501,0.5368080030644831,-1.7136660047486445,nan,nan,0.9463133679691996,0.00999999999999987,0.0069305750529558615,72.18144643446908,-0.0008511618256104025,nan,22.484047164632447,nan,0.978515625,0.380859375,371.24516644617785
2,msam,msam@global,Momentum-SAM (MSAM) [global Frob],global,sgd,momentum_lookahead,frobenius,added,1.3,0.01,nominal,0.1,additive,1.0,nn_ce,2.2504740078131276,1,0,-1,500,501,0.14687522033786732,-2.1035987874752604,nan,nan,0.39917946624914397,0.009999999999999846,0.007678683277697527,77.44761358071835,-0.0001415674068149242,nan,21.185041448695518,nan,0.9921875,0.390625,278.62717979040485
2,msam,msam@global,Momentum-SAM (MSAM) [global Frob],global,sgd,momentum_lookahead,frobenius,added,1.3,0.01,nominal,0.1,additive,1.0,nn_ce,2.2504740078131276,2,0,-1,500,501,0.02223254360317135,-2.2282414642099564,nan,nan,0.16625143962501793,0.00999999999999962,0.003964206532440747,24.98767210773595,-0.00016364040079169806,nan,22.183540769971696,nan,0.99609375,0.34375,406.5105008979383
2,msam,msam@global,Momentum-SAM (MSAM) [global Frob],global,sgd,momentum_lookahead,frobenius,added,1.3,0.01,nominal,0.1,additive,1.0,nn_ce,2.2504740078131276,3,0,-1,500,501,0.9948868563136664,-1.2555871514994612,nan,nan,0.8038469790760678,0.009999999999999915,0.009529115855329662,100.56076197011731,-0.0005968442504069582,nan,21.383270589675224,nan,0.97265625,0.37109375,285.5435082176724
2,msam,msam@global,Momentum-SAM (MSAM) [global Frob],global,sgd,momentum_lookahead,frobenius,added,1.3,0.01,nominal,0.1,additive,1.0,nn_ce,2.2504740078131276,4,0,-1,500,501,0.0012678204099970717,-2.2492061874031304,nan,nan,0.10237639954884192,0.009999999999999837,0.006713480836944777,55.251711724806796,-1.9000338522572524e-05,nan,21.459188027761943,nan,1.0,0.40234375,307.6152337620491
2,msam,msam@global,Momentum-SAM (MSAM) [global Frob],global,sgd,momentum_lookahead,frobenius,added,1.3,0.01,nominal,0.1,additive,1.0,nn_ce,2.2504740078131276,5,0,-1,500,501,5.656070987237762,3.405596979424635,nan,nan,1.965258186432659,0.009999999999999733,0.0047180819624013616,35.99042467357389,-0.009743220568762645,nan,22.089330211643247,nan,0.951171875,0.408203125,300.50493113156347
2,msam,msam@global,Momentum-SAM (MSAM) [global Frob],global,sgd,momentum_lookahead,frobenius,added,1.3,0.01,nominal,0.1,additive,1.0,nn_ce,2.2504740078131276,6,0,-1,500,501,4.170245304606818,1.9197712967936909,nan,nan,1.6813444080166524,0.009999999999999905,0.007906434396185796,95.07931929168855,-0.0030624566758294947,nan,21.249488889554993,nan,0.958984375,0.380859375,316.26077226366874
2,msam,msam@global,Momentum-SAM (MSAM) [global Frob],global,sgd,momentum_lookahead,frobenius,added,1.3,0.01,nominal,0.1,additive,1.0,nn_ce,2.2504740078131276,7,0,-1,500,501,0.11634577275060472,-2.134128235062523,nan,nan,0.3559878422641994,0.009999999999999877,0.006910177627480061,73.62534837387868,-5.348856257146595e-05,nan,22.548181438380396,nan,0.9921875,0.369140625,428.75276973832376
2,msam,msam@global,Momentum-SAM (MSAM) [global Frob],global,sgd,momentum_lookahead,frobenius,added,1.3,0.05,nominal,0.1,additive,1.0,nn_ce,2.2504740078131276,0,0,-1,500,501,1.049075302119452,-1.2013987056936755,nan,nan,0.5511228409143756,0.049999999999999385,0.03477063470595607,71.84245596560561,-0.0015752427828379378,nan,22.152519032827506,nan,0.98828125,0.39453125,352.6140734849866
2,msam,msam@global,Momentum-SAM (MSAM) [global Frob],global,sgd,momentum_lookahead,frobenius,added,1.3,0.05,nominal,0.1,additive,1.0,nn_ce,2.2504740078131276,1,0,-1,500,501,0.6547759596871601,-1.5956980481259675,nan,nan,0.44476177335985617,0.04999999999999923,0.03835279009911581,77.59003446216603,-0.001394252215047298,nan,21.268453197722312,nan,0.984375,0.37890625,259.5162872388876
2,msam,msam@global,Momentum-SAM (MSAM) [global Frob],global,sgd,momentum_lookahead,frobenius,added,1.3,0.05,nominal,0.1,additive,1.0,nn_ce,2.2504740078131276,2,0,-1,500,501,0.765071553656587,-1.4854024541565405,nan,nan,0.6469513048806795,0.049999999999998185,0.019814622353119385,26.48555949823696,-0.009419352589080554,nan,22.132838463135684,nan,0.98046875,0.359375,372.21764060426074
2,msam,msam@global,Momentum-SAM (MSAM) [global Frob],global,sgd,momentum_lookahead,frobenius,added,1.3,0.05,nominal,0.1,additive,1.0,nn_ce,2.2504740078131276,3,0,-1,500,501,0.860075160504923,-1.3903988473082045,nan,nan,0.8643397890877106,0.04999999999999958,0.04779293408517301,100.22996910171176,0.0015805331445252202,nan,21.48928720063755,nan,0.9765625,0.3671875,274.4370032726255
2,msam,msam@global,Momentum-SAM (MSAM) [global Frob],global,sgd,momentum_lookahead,frobenius,added,1.3,0.05,nominal,0.1,additive,1.0,nn_ce,2.2504740078131276,4,0,-1,500,501,0.18153363126260436,-2.068940376550523,nan,nan,0.22178992086902505,0.049999999999999156,0.03351914085366265,55.34192614966288,-0.0004370328099883858,nan,21.523998286717806,nan,0.986328125,0.373046875,301.8674712983155
2,msam,msam@global,Momentum-SAM (MSAM) [global Frob],global,sgd,momentum_lookahead,frobenius,added,1.3,0.05,nominal,0.1,additive,1.0,nn_ce,2.2504740078131276,5,0,-1,500,501,6.7510288061043155,4.500554798291188,nan,nan,2.3680277231245204,0.049999999999998684,0.02456076005402886,37.31516835577287,-0.0624796726916248,nan,21.98550816953643,nan,0.9296875,0.39453125,285.95828642969036
2,msam,msam@global,Momentum-SAM (MSAM) [global Frob],global,sgd,momentum_lookahead,frobenius,added,1.3,0.05,nominal,0.1,additive,1.0,nn_ce,2.2504740078131276,6,0,-1,500,501,7.859352084305719,5.608878076492592,nan,nan,2.070878742449936,0.04999999999999954,0.039171674495427786,96.76804566608159,-0.022690736615464502,nan,20.937203351746476,nan,0.943359375,0.40625,307.1794770344552
2,msam,msam@global,Momentum-SAM (MSAM) [global Frob],global,sgd,momentum_lookahead,frobenius,added,1.3,0.05,nominal,0.1,additive,1.0,nn_ce,2.2504740078131276,7,0,-1,500,501,0.30680229807288123,-1.9436717097402463,nan,nan,0.4912776900318238,0.04999999999999938,0.034517374838823354,73.57175467295946,-0.0008120794695808398,nan,22.91867333528836,nan,0.994140625,0.375,457.70236388369574
2,msam,msam@global,Momentum-SAM (MSAM) [global Frob],global,sgd,momentum_lookahead,frobenius,added,1.3,0.1,nominal,0.1,additive,1.0,nn_ce,2.2504740078131276,0,0,-1,500,501,1.4844396237333541,-0.7660343840797734,nan,nan,0.5876969710172679,0.0999999999999987,0.06940145138888204,71.87660149800627,-0.00432386359839021,nan,22.295095991664283,nan,0.982421875,0.400390625,342.16502035452163
2,msam,msam@global,Momentum-SAM (MSAM) [global Frob],global,sgd,momentum_lookahead,frobenius,added,1.3,0.1,nominal,0.1,additive,1.0,nn_ce,2.2504740078131276,1,0,-1,500,501,0.6343829412781932,-1.6160910665349344,nan,nan,0.5407824615760155,0.09999999999999849,0.0767743706132819,77.4236071195556,-0.0010018997989560408,nan,21.390747406501482,nan,0.98828125,0.392578125,291.7950673566984
2,msam,msam@global,Momentum-SAM (MSAM) [global Frob],global,sgd,momentum_lookahead,frobenius,added,1.3,0.1,nominal,0.1,additive,1.0,nn_ce,2.2504740078131276,2,0,-1,500,501,0.5402719420764688,-1.7102020657366588,nan,nan,0.4083159221116063,0.09999999999999627,0.03890233897162448,25.473545493065835,-0.00736200995016667,nan,22.20521651405524,nan,0.986328125,0.330078125,389.6837369179675
2,msam,msam@global,Momentum-SAM (MSAM) [global Frob],global,sgd,momentum_lookahead,frobenius,added,1.3,0.1,nominal,0.1,additive,1.0,nn_ce,2.2504740078131276,3,0,-1,500,501,0.14823572244362668,-2.1022382853695007,nan,nan,0.7830168045761812,0.09999999999999915,0.09534328966173504,100.50230957460111,-0.0004741639378542384,nan,21.87291975761211,nan,0.982421875,0.38671875,271.1154778302558
2,msam,msam@global,Momentum-SAM (MSAM) [global Frob],global,sgd,momentum_lookahead,frobenius,added,1.3,0.1,nominal,0.1,additive,1.0,nn_ce,2.2504740078131276,4,0,-1,500,501,0.08720460563160304,-2.1632694021815246,nan,nan,0.1332746914651529,0.09999999999999838,0.0671239176281742,55.25784208544822,-0.0001526789164210951,nan,21.38736257076586,nan,0.994140625,0.384765625,307.7639974066298
2,msam,msam@global,Momentum-SAM (MSAM) [global Frob],global,sgd,momentum_lookahead,frobenius,added,1.3,0.1,nominal,0.1,additive,1.0,nn_ce,2.2504740078131276,5,0,-1,500,501,3.7881050163037235,1.537631008490596,nan,nan,2.0172691391526683,0.09999999999999741,0.048801904525021964,36.590244877522956,-0.08601464735794728,nan,22.165700351374152,nan,0.9609375,0.396484375,299.9248532273008
2,msam,msam@global,Momentum-SAM (MSAM) [global Frob],global,sgd,momentum_lookahead,frobenius,added,1.3,0.1,nominal,0.1,additive,1.0,nn_ce,2.2504740078131276,6,0,-1,500,501,6.212380554498335,3.9619065466852073,nan,nan,2.0691725607651454,0.09999999999999906,0.07938310402089564,95.3816296255486,-0.027708131659053947,nan,21.618998516584018,nan,0.931640625,0.365234375,287.51099103155326
2,msam,msam@global,Momentum-SAM (MSAM) [global Frob],global,sgd,momentum_lookahead,frobenius,added,1.3,0.1,nominal,0.1,additive,1.0,nn_ce,2.2504740078131276,7,0,-1,500,501,0.2932907704172447,-1.9571832373958828,nan,nan,0.671500182489048,0.09999999999999878,0.06908401750219875,73.6586822224934,-0.0033555672014425886,nan,22.61954044949839,nan,0.990234375,0.384765625,459.0570600612257
2,msam,msam@global,Momentum-SAM (MSAM) [global Frob],global,sgd,momentum_lookahead,frobenius,added,1.3,0.2,nominal,0.1,additive,1.0,nn_ce,2.2504740078131276,0,0,-1,500,501,1.20046780445157,-1.0500062033615576,nan,nan,0.7021057991690386,0.19999999999999743,0.13908243267831918,72.06194734326242,-0.007700778263705077,nan,22.857394467120486,nan,0.978515625,0.359375,350.42418901501634
2,msam,msam@global,Momentum-SAM (MSAM) [global Frob],global,sgd,momentum_lookahead,frobenius,added,1.3,0.2,nominal,0.1,additive,1.0,nn_ce,2.2504740078131276,1,0,-1,500,501,0.6739298244373187,-1.576544183375809,nan,nan,0.531450180500924,0.19999999999999699,0.1528816463274618,77.48537103771821,-0.009886058948924692,nan,21.21260258751191,nan,0.98046875,0.3984375,265.1663679310042
2,msam,msam@global,Momentum-SAM (MSAM) [global Frob],global,sgd,momentum_lookahead,frobenius,added,1.3,0.2,nominal,0.1,additive,1.0,nn_ce,2.2504740078131276,2,0,-1,500,501,0.3291509160169678,-1.9213230917961597,nan,nan,0.5363395852753952,0.19999999999999252,0.07833210715997212,25.39877360643537,-0.019188534859763406,nan,22.41218325890094,nan,0.990234375,0.32421875,387.23569478464185
2,msam,msam@global,Momentum-SAM (MSAM) [global Frob],global,sgd,momentum_lookahead,frobenius,added,1.3,0.2,nominal,0.1,additive,1.0,nn_ce,2.2504740078131276,3,0,-1,500,501,0.7489614777415259,-1.5015125300716017,nan,nan,0.9570733060217634,0.19999999999999823,0.1907231672801803,100.22835632568976,-0.0065259256867089555,nan,21.580910664051714,nan,0.97265625,0.369140625,299.45015589111466
2,msam,msam@global,Momentum-SAM (MSAM) [global Frob],global,sgd,momentum_lookahead,frobenius,added,1.3,0.2,nominal,0.1,additive,1.0,nn_ce,2.2504740078131276,4,0,-1,500,501,0.09290650930098794,-2.15756749851214,nan,nan,0.3814895157137428,0.19999999999999668,0.13373109998042151,55.461191675909134,-0.004617643467047738,nan,21.54476031157934,nan,0.98828125,0.3828125,286.1370747330844
2,msam,msam@global,Momentum-SAM (MSAM) [global Frob],global,sgd,momentum_lookahead,frobenius,added,1.3,0.2,nominal,0.1,additive,1.0,nn_ce,2.2504740078131276,5,0,-1,500,501,5.754530829660395,3.504056821847268,nan,nan,2.2505848765793717,0.19999999999999535,0.08175892316451923,39.30512230467486,-0.26740283608763527,nan,22.105118644550778,nan,0.9375,0.388671875,301.37209410837517
2,msam,msam@global,Momentum-SAM (MSAM) [global Frob],global,sgd,momentum_lookahead,frobenius,added,1.3,0.2,nominal,0.1,additive,1.0,nn_ce,2.2504740078131276,6,0,-1,500,501,7.817132805889441,5.566658798076314,nan,nan,2.3553882474308834,0.19999999999999815,0.15663385767135257,96.41482648156074,-0.10104985168088199,nan,21.217541045064454,nan,0.943359375,0.392578125,328.1759260298444
2,msam,msam@global,Momentum-SAM (MSAM) [global Frob],global,sgd,momentum_lookahead,frobenius,added,1.3,0.2,nominal,0.1,additive,1.0,nn_ce,2.2504740078131276,7,0,-1,500,501,0.31017441900812603,-1.9402995888050016,nan,nan,0.4514739989735225,0.1999999999999975,0.13840028550997144,73.5313550643329,0.003006850484945478,nan,22.714875627343705,nan,0.986328125,0.3828125,426.9999341636012
2,msam,msam@global,Momentum-SAM (MSAM) [global Frob],global,sgd,momentum_lookahead,frobenius,added,1.3,0.5,nominal,0.1,additive,1.0,nn_ce,2.2504740078131276,0,0,-1,500,501,0.9700511747354128,-1.2804228330777148,nan,nan,0.6651538273760614,0.4999999999999938,0.34858236867723646,71.7052878971069,-0.01921399964891035,nan,22.827657342117114,nan,0.978515625,0.39453125,347.6063241717694
2,msam,msam@global,Momentum-SAM (MSAM) [global Frob],global,sgd,momentum_lookahead,frobenius,added,1.3,0.5,nominal,0.1,additive,1.0,nn_ce,2.2504740078131276,1,0,-1,500,501,0.5997354052483823,-1.6507386025647452,nan,nan,0.40479807076508595,0.4999999999999923,0.3841858741601075,77.42818225467663,-0.006665918129371229,nan,21.199177079098096,nan,0.98828125,0.396484375,278.6299672823187
2,msam,msam@global,Momentum-SAM (MSAM) [global Frob],global,sgd,momentum_lookahead,frobenius,added,1.3,0.5,nominal,0.1,additive,1.0,nn_ce,2.2504740078131276,2,0,-1,500,501,0.12719670385322182,-2.1232773039599055,nan,nan,0.4673606872577795,0.499999999999981,0.19850948511728067,25.017557389424493,-0.003984192317212171,nan,22.16524017178798,nan,0.994140625,0.341796875,381.9266309119847
2,msam,msam@global,Momentum-SAM (MSAM) [global Frob],global,sgd,momentum_lookahead,frobenius,added,1.3,0.5,nominal,0.1,additive,1.0,nn_ce,2.2504740078131276,3,0,-1,500,501,0.739177492177359,-1.5112965156357685,nan,nan,0.5652751626281595,0.49999999999999567,0.4778961115846709,100.24618665678024,-0.01121718682894779,nan,21.554698284890545,nan,0.978515625,0.3671875,289.69513706361295
2,msam,msam@global,Momentum-SAM (MSAM) [global Frob],global,sgd,momentum_lookahead,frobenius,added,1.3,0.5,nominal,0.1,additive,1.0,nn_ce,2.2504740078131276,4,0,-1,500,501,0.14688817969479057,-2.103585828118337,nan,nan,0.5232366455469863,0.49999999999999195,0.3339523021899927,55.566943849661186,-0.016746129638490315,nan,21.604914007184266,nan,0.990234375,0.390625,300.2609599172408
2,msam,msam@global,Momentum-SAM (MSAM) [global Frob],global,sgd,momentum_lookahead,frobenius,added,1.3,0.5,nominal,0.1,additive,1.0,nn_ce,2.2504740078131276,5,0,-1,500,501,5.592963234324296,3.3424892265111685,nan,nan,2.3550018126656465,0.4999999999999848,0.19079552113335113,31.526823869641785,-0.4463929770669246,nan,21.887253272937702,nan,0.935546875,0.380859375,295.34512231329916
2,msam,msam@global,Momentum-SAM (MSAM) [global Frob],global,sgd,momentum_lookahead,frobenius,added,1.3,0.5,nominal,0.1,additive,1.0,nn_ce,2.2504740078131276,6,0,-1,500,501,6.700587442971541,4.450113435158413,nan,nan,1.628739874786703,0.4999999999999953,0.39637526184907057,94.89734270232314,-0.14426000685902363,nan,21.04567652108648,nan,0.955078125,0.376953125,301.66724616482156
2,msam,msam@global,Momentum-SAM (MSAM) [global Frob],global,sgd,momentum_lookahead,frobenius,added,1.3,0.5,nominal,0.1,additive,1.0,nn_ce,2.2504740078131276,7,0,-1,500,501,0.992261728363549,-1.2582122794495785,nan,nan,0.42721428435406766,0.4999999999999938,0.3456555014153618,73.61235670969872,-0.004113694789230848,nan,22.576393250848678,nan,0.98828125,0.375,453.81527018688564
2,msam,msam@per-layer,Momentum-SAM (MSAM) [per-layer Frob],per-layer,sgd,momentum_lookahead,frobenius,added,1.3,0.01,nominal,0.1,additive,1.0,nn_ce,2.2504740078131276,0,0,-1,500,501,2.405171803054112,0.15469779524098426,nan,nan,1.432775725379952,0.014142135623730664,0.008189738696511059,73.26848286389156,-0.0017865114220003697,nan,22.278477271639076,nan,0.97265625,0.3984375,368.87501981771686
2,msam,msam@per-layer,Momentum-SAM (MSAM) [per-layer Frob],per-layer,sgd,momentum_lookahead,frobenius,added,1.3,0.01,nominal,0.1,additive,1.0,nn_ce,2.2504740078131276,1,0,-1,500,501,0.4786249884617061,-1.7718490193514214,nan,nan,0.6732508580904706,0.014142135623730444,0.00794980470204865,77.51290235247511,-0.0005005001466727443,nan,21.319675283464733,nan,0.98828125,0.404296875,276.55461431492824
2,msam,msam@per-layer,Momentum-SAM (MSAM) [per-layer Frob],per-layer,sgd,momentum_lookahead,frobenius,added,1.3,0.01,nominal,0.1,additive,1.0,nn_ce,2.2504740078131276,2,0,-1,500,501,0.5215813117388278,-1.7288926960742996,nan,nan,0.35121134820003336,0.014142135623730191,0.006049424758666991,25.12673680670611,-0.0006003942461760836,nan,22.142646913112426,nan,0.990234375,0.359375,377.83275044536026
2,msam,msam@per-layer,Momentum-SAM (MSAM) [per-layer Frob],per-layer,sgd,momentum_lookahead,frobenius,added,1.3,0.01,nominal,0.1,additive,1.0,nn_ce,2.2504740078131276,3,0,-1,500,501,0.5647802459039396,-1.6856937619091878,nan,nan,0.8942226197036115,0.014142135623730626,0.009775175473022805,100.32979499776648,-0.001599655863170013,nan,21.61899278465809,nan,0.986328125,0.35546875,324.4854080498767
2,msam,msam@per-layer,Momentum-SAM (MSAM) [per-layer Frob],per-layer,sgd,momentum_lookahead,frobenius,added,1.3,0.01,nominal,0.1,additive,1.0,nn_ce,2.2504740078131276,4,0,-1,500,501,0.022509714817467642,-2.22796429299566,nan,nan,0.12937179848479682,0.014142135623730609,0.00927829770853426,55.26431019849205,-2.318055502097127e-06,nan,21.59447137956918,nan,0.994140625,0.3984375,293.39586617959844
2,msam,msam@per-layer,Momentum-SAM (MSAM) [per-layer Frob],per-layer,sgd,momentum_lookahead,frobenius,added,1.3,0.01,nominal,0.1,additive,1.0,nn_ce,2.2504740078131276,5,0,-1,500,501,5.423516191818945,3.1730421840058174,nan,nan,1.9548345084014416,0.014142135623730376,0.00501405591354127,33.82963526465082,-0.009344615420357805,nan,22.122475311944548,nan,0.955078125,0.384765625,308.45345920271006
2,msam,msam@per-layer,Momentum-SAM (MSAM) [per-layer Frob],per-layer,sgd,momentum_lookahead,frobenius,added,1.3,0.01,nominal,0.1,additive,1.0,nn_ce,2.2504740078131276,6,0,-1,500,501,8.84105836033658,6.590584352523453,nan,nan,2.1291674822562476,0.014142135623730682,0.00837390877463757,94.96743541352998,-0.0067510568824076245,nan,21.302483350454516,nan,0.94921875,0.3671875,295.8035641236856
2,msam,msam@per-layer,Momentum-SAM (MSAM) [per-layer Frob],per-layer,sgd,momentum_lookahead,frobenius,added,1.3,0.01,nominal,0.1,additive,1.0,nn_ce,2.2504740078131276,7,0,-1,500,501,0.6292798437381181,-1.6211941640750096,nan,nan,0.26837295330597416,0.014142135623730597,0.007316516826340519,73.69512002720661,-0.00012235892763667877,nan,22.9230576075302,nan,0.990234375,0.36328125,430.748668308446
2,msam,msam@global,Momentum-SAM (MSAM) [global Frob],global,sgd,momentum_lookahead,frobenius,added,1.3,1.0,nominal,0.1,additive,1.0,nn_ce,2.2504740078131276,0,0,-1,500,501,1.4751973282011464,-0.7752766796119812,nan,nan,0.8016634220141899,0.9999999999999872,0.697710895842903,71.67745228838031,-0.03194846142358543,nan,22.601064324296516,nan,0.97265625,0.373046875,339.19148087354336
2,msam,msam@global,Momentum-SAM (MSAM) [global Frob],global,sgd,momentum_lookahead,frobenius,added,1.3,1.0,nominal,0.1,additive,1.0,nn_ce,2.2504740078131276,1,0,-1,500,501,0.18716803515429387,-2.0633059726588336,nan,nan,0.302239946648104,0.9999999999999845,0.7692779763653737,77.3831563509909,0.0032742267886065046,nan,21.0672070082569,nan,0.98828125,0.36328125,304.4098885948869
2,msam,msam@global,Momentum-SAM (MSAM) [global Frob],global,sgd,momentum_lookahead,frobenius,added,1.3,1.0,nominal,0.1,additive,1.0,nn_ce,2.2504740078131276,2,0,-1,500,501,0.42813452084213693,-1.8223394869709906,nan,nan,0.5205589927508039,0.9999999999999627,0.3903028995646476,25.32545384806901,-0.06218570488644565,nan,22.022408875187754,nan,0.98046875,0.353515625,360.1585603031998
2,msam,msam@global,Momentum-SAM (MSAM) [global Frob],global,sgd,momentum_lookahead,frobenius,added,1.3,1.0,nominal,0.1,additive,1.0,nn_ce,2.2504740078131276,3,0,-1,500,501,1.537498136883392,-0.7129758709297356,nan,nan,1.356689587812273,0.9999999999999911,0.9497832534082018,99.82603818565643,0.0012643867372235107,nan,21.54952025825652,nan,0.970703125,0.359375,318.42839355781564
2,msam,msam@global,Momentum-SAM (MSAM) [global Frob],global,sgd,momentum_lookahead,frobenius,added,1.3,1.0,nominal,0.1,additive,1.0,nn_ce,2.2504740078131276,4,0,-1,500,501,0.151856447886902,-2.0986175599262253,nan,nan,0.34508846932859844,0.9999999999999833,0.6707499567152011,55.39090427399918,-0.011004387493017659,nan,21.662047787519562,nan,0.9921875,0.376953125,318.6448228611498
2,msam,msam@global,Momentum-SAM (MSAM) [global Frob],global,sgd,momentum_lookahead,frobenius,added,1.3,1.0,nominal,0.1,additive,1.0,nn_ce,2.2504740078131276,5,0,-1,500,501,5.429529897264515,3.179055889451387,nan,nan,2.356308857272438,0.9999999999999736,0.4667675300774533,35.833971759451074,-0.9398621103845386,nan,21.99325271286939,nan,0.94921875,0.39453125,289.5136215279233
2,msam,msam@global,Momentum-SAM (MSAM) [global Frob],global,sgd,momentum_lookahead,frobenius,added,1.3,1.0,nominal,0.1,additive,1.0,nn_ce,2.2504740078131276,6,0,-1,500,501,3.660636393717966,1.4101623859048384,nan,nan,1.5437089514143028,0.9999999999999909,0.7990903237529327,94.20928018284334,-0.23282913974273978,nan,20.844159323351832,nan,0.96484375,0.361328125,297.5124393363981
2,msam,msam@global,Momentum-SAM (MSAM) [global Frob],global,sgd,momentum_lookahead,frobenius,added,1.3,1.0,nominal,0.1,additive,1.0,nn_ce,2.2504740078131276,7,0,-1,500,501,0.6017725515565447,-1.6487014562565827,nan,nan,0.42954578964774237,0.9999999999999871,0.6910525568653522,73.41782974278264,0.04718043731428556,nan,22.865828483255925,nan,0.986328125,0.34765625,475.4638616356261
2,msam,msam@per-layer,Momentum-SAM (MSAM) [per-layer Frob],per-layer,sgd,momentum_lookahead,frobenius,added,1.3,0.05,nominal,0.1,additive,1.0,nn_ce,2.2504740078131276,0,0,-1,500,501,0.26604286451005416,-1.9844311433030735,nan,nan,0.520101116423713,0.07071067811865335,0.04258044168400331,72.37327896344672,-0.003578734172895337,nan,22.71454024092085,nan,0.990234375,0.369140625,367.38585817877424
2,msam,msam@per-layer,Momentum-SAM (MSAM) [per-layer Frob],per-layer,sgd,momentum_lookahead,frobenius,added,1.3,0.05,nominal,0.1,additive,1.0,nn_ce,2.2504740078131276,1,0,-1,500,501,0.14082449774456765,-2.10964951006856,nan,nan,0.27270849605073577,0.07071067811865213,0.03984370574942928,77.37194629608686,-0.00019366307752996526,nan,21.292965140957214,nan,0.990234375,0.41796875,287.692940068364
2,msam,msam@per-layer,Momentum-SAM (MSAM) [per-layer Frob],per-layer,sgd,momentum_lookahead,frobenius,added,1.3,0.05,nominal,0.1,additive,1.0,nn_ce,2.2504740078131276,2,0,-1,500,501,0.5464720334937458,-1.7040019743193817,nan,nan,0.3438767541614003,0.07071067811865096,0.03028301346842816,25.33116870087308,-0.004515306399432095,nan,22.07519658822595,nan,0.982421875,0.359375,359.6269982946072
2,msam,msam@per-layer,Momentum-SAM (MSAM) [per-layer Frob],per-layer,sgd,momentum_lookahead,frobenius,added,1.3,0.05,nominal,0.1,additive,1.0,nn_ce,2.2504740078131276,3,0,-1,500,501,1.2495429582270923,-1.0009310495860353,nan,nan,1.3606555248276113,0.07071067811865314,0.04881161467990463,100.21415696225577,-0.01535852801065185,nan,21.47544884451223,nan,0.9765625,0.376953125,280.24723995478826
2,msam,msam@per-layer,Momentum-SAM (MSAM) [per-layer Frob],per-layer,sgd,momentum_lookahead,frobenius,added,1.3,0.05,nominal,0.1,additive,1.0,nn_ce,2.2504740078131276,4,0,-1,500,501,0.07411694393077745,-2.17635706388235,nan,nan,0.26067931531847316,0.07071067811865306,0.0458636421462549,55.515405715424066,-0.001720829984364014,nan,21.534689320445338,nan,0.98828125,0.396484375,288.5387591895303
2,msam,msam@per-layer,Momentum-SAM (MSAM) [per-layer Frob],per-layer,sgd,momentum_lookahead,frobenius,added,1.3,0.05,nominal,0.1,additive,1.0,nn_ce,2.2504740078131276,5,0,-1,500,501,4.689583141831902,2.439109134018774,nan,nan,1.7771312197247733,0.07071067811865205,0.03045116449570561,35.90396738998219,-0.062394788226830755,nan,22.256400975632168,nan,0.962890625,0.396484375,292.471304254821
2,msam,msam@per-layer,Momentum-SAM (MSAM) [per-layer Frob],per-layer,sgd,momentum_lookahead,frobenius,added,1.3,0.05,nominal,0.1,additive,1.0,nn_ce,2.2504740078131276,6,0,-1,500,501,6.214561139552014,3.9640871317388866,nan,nan,2.088477186055558,0.07071067811865335,0.042022937230946335,94.10952567148551,-0.03049414368076686,nan,21.1393993633212,nan,0.94140625,0.365234375,306.90976908755374
2,msam,msam@per-layer,Momentum-SAM (MSAM) [per-layer Frob],per-layer,sgd,momentum_lookahead,frobenius,added,1.3,0.05,nominal,0.1,additive,1.0,nn_ce,2.2504740078131276,7,0,-1,500,501,0.13428528437879908,-2.1161887234343286,nan,nan,0.18545268147999594,0.07071067811865299,0.036644755894454255,73.56247405413582,-0.00026369843216902944,nan,22.491082222493315,nan,0.998046875,0.3828125,446.1828393788887
2,msam,msam@per-layer,Momentum-SAM (MSAM) [per-layer Frob],per-layer,sgd,momentum_lookahead,frobenius,added,1.3,0.2,nominal,0.1,additive,1.0,nn_ce,2.2504740078131276,0,0,-1,500,501,1.0615977934681449,-1.1888762143449827,nan,nan,1.086781116606112,0.28284271247461334,0.16758935133610722,73.50829194733778,-0.04320461649445284,nan,22.65555710487297,nan,0.982421875,0.41015625,347.48319534859706
2,msam,msam@per-layer,Momentum-SAM (MSAM) [per-layer Frob],per-layer,sgd,momentum_lookahead,frobenius,added,1.3,0.2,nominal,0.1,additive,1.0,nn_ce,2.2504740078131276,1,0,-1,500,501,0.5784871967868029,-1.6719868110263247,nan,nan,0.2669354540707973,0.28284271247460846,0.15926422828044667,77.37379312438152,-0.0035575021733097456,nan,20.94226498398028,nan,0.9921875,0.392578125,281.5661605767439
2,msam,msam@per-layer,Momentum-SAM (MSAM) [per-layer Frob],per-layer,sgd,momentum_lookahead,frobenius,added,1.3,0.2,nominal,0.1,additive,1.0,nn_ce,2.2504740078131276,2,0,-1,500,501,0.6279221362356523,-1.6225518715774752,nan,nan,0.5102145472011315,0.2828427124746041,0.11856981750656428,25.484474920664987,-0.024922641701144,nan,22.368682516264023,nan,0.984375,0.349609375,377.3469955120035
2,msam,msam@per-layer,Momentum-SAM (MSAM) [per-layer Frob],per-layer,sgd,momentum_lookahead,frobenius,added,1.3,0.2,nominal,0.1,additive,1.0,nn_ce,2.2504740078131276,3,0,-1,500,501,1.1309655841014359,-1.1195084237116917,nan,nan,0.8472847010208843,0.2828427124746121,0.195835875809688,100.39784272113634,-0.019009178471341315,nan,21.663533039935047,nan,0.9765625,0.349609375,295.52598247918485
2,msam,msam@per-layer,Momentum-SAM (MSAM) [per-layer Frob],per-layer,sgd,momentum_lookahead,frobenius,added,1.3,0.2,nominal,0.1,additive,1.0,nn_ce,2.2504740078131276,4,0,-1,500,501,0.1751743257274571,-2.0752996820856704,nan,nan,0.3080508499264853,0.2828427124746123,0.18551482638530312,55.329067387087434,-0.0031370282292189078,nan,21.51852846869525,nan,0.990234375,0.384765625,296.56430692311335
2,msam,msam@per-layer,Momentum-SAM (MSAM) [per-layer Frob],per-layer,sgd,momentum_lookahead,frobenius,added,1.3,0.2,nominal,0.1,additive,1.0,nn_ce,2.2504740078131276,5,0,-1,500,501,4.5556754202475584,2.305201412434431,nan,nan,1.9491299550369985,0.2828427124746066,0.10019547075274829,32.11134821273423,-0.18555614456464475,nan,21.829693061649568,nan,0.962890625,0.396484375,277.6753594754032
2,msam,msam@per-layer,Momentum-SAM (MSAM) [per-layer Frob],per-layer,sgd,momentum_lookahead,frobenius,added,1.3,0.2,nominal,0.1,additive,1.0,nn_ce,2.2504740078131276,6,0,-1,500,501,6.486393570159457,4.2359195623463295,nan,nan,2.077613885413662,0.2828427124746134,0.16799630064356746,94.99219832530295,-0.13487618617030073,nan,21.180639743919564,nan,0.94921875,0.353515625,300.75613555606475
2,msam,msam@per-layer,Momentum-SAM (MSAM) [per-layer Frob],per-layer,sgd,momentum_lookahead,frobenius,added,1.3,0.2,nominal,0.1,additive,1.0,nn_ce,2.2504740078131276,7,0,-1,500,501,0.22161330072683075,-2.028860707086297,nan,nan,0.5333839484001726,0.2828427124746119,0.14644206355156236,73.57342969751959,-0.0024152167755958076,nan,22.085093438533697,nan,0.986328125,0.37890625,428.5042349120905
2,msam,msam@per-layer,Momentum-SAM (MSAM) [per-layer Frob],per-layer,sgd,momentum_lookahead,frobenius,added,1.3,0.5,nominal,0.1,additive,1.0,nn_ce,2.2504740078131276,0,0,-1,500,501,1.900334047567006,-0.3501399602461215,nan,nan,0.9735700428197305,0.7071067811865334,0.42641826511318454,72.42870658255951,-0.07313958713049118,nan,22.550047743715268,nan,0.978515625,0.396484375,339.96613141914474
2,msam,msam@per-layer,Momentum-SAM (MSAM) [per-layer Frob],per-layer,sgd,momentum_lookahead,frobenius,added,1.3,0.5,nominal,0.1,additive,1.0,nn_ce,2.2504740078131276,1,0,-1,500,501,0.2521033432995281,-1.9983706645135995,nan,nan,0.30450019408168816,0.7071067811865211,0.398313005714919,77.45153005393755,-0.009922581489198473,nan,20.833940117956093,nan,0.986328125,0.41015625,259.8231739604258
2,msam,msam@per-layer,Momentum-SAM (MSAM) [per-layer Frob],per-layer,sgd,momentum_lookahead,frobenius,added,1.3,0.5,nominal,0.1,additive,1.0,nn_ce,2.2504740078131276,2,0,-1,500,501,1.0151031063978049,-1.2353709014153227,nan,nan,0.4761639937506691,0.70710678118651,0.29346315185317595,25.413164024569728,-0.05396362755447459,nan,21.952955138922412,nan,0.98046875,0.322265625,393.0680106763619
2,msam,msam@per-layer,Momentum-SAM (MSAM) [per-layer Frob],per-layer,sgd,momentum_lookahead,frobenius,added,1.3,0.5,nominal,0.1,additive,1.0,nn_ce,2.2504740078131276,3,0,-1,500,501,0.4779179778540499,-1.7725560299590777,nan,nan,0.9088450293129482,0.7071067811865305,0.48934970861530147,100.53669364693182,-0.06724374420004653,nan,21.373218335948614,nan,0.974609375,0.36328125,307.1762178344441
2,msam,msam@per-layer,Momentum-SAM (MSAM) [per-layer Frob],per-layer,sgd,momentum_lookahead,frobenius,added,1.3,0.5,nominal,0.1,additive,1.0,nn_ce,2.2504740078131276,4,0,-1,500,501,0.17728685236767444,-2.0731871554454533,nan,nan,0.21597110235019812,0.7071067811865303,0.46309810566764714,55.24509757588401,8.467583302920745e-05,nan,21.337825021403198,nan,0.98828125,0.33984375,290.50328156210225
2,msam,msam@per-layer,Momentum-SAM (MSAM) [per-layer Frob],per-layer,sgd,momentum_lookahead,frobenius,added,1.3,0.5,nominal,0.1,additive,1.0,nn_ce,2.2504740078131276,5,0,-1,500,501,7.987892756185481,5.737418748372353,nan,nan,2.3401258289976328,0.7071067811865213,0.29790379997585176,36.78577016050665,-0.8585045403424072,nan,21.89565226420233,nan,0.94921875,0.408203125,290.8726099558995
2,msam,msam@per-layer,Momentum-SAM (MSAM) [per-layer Frob],per-layer,sgd,momentum_lookahead,frobenius,added,1.3,0.5,nominal,0.1,additive,1.0,nn_ce,2.2504740078131276,6,0,-1,500,501,8.779078758633148,6.52860475082002,nan,nan,2.4058800742776096,0.7071067811865339,0.41945401720379394,95.97925582053395,-0.38545608877474713,nan,21.24819362989928,nan,0.9296875,0.3515625,302.5113406358381
2,msam,msam@per-layer,Momentum-SAM (MSAM) [per-layer Frob],per-layer,sgd,momentum_lookahead,frobenius,added,1.3,0.5,nominal,0.1,additive,1.0,nn_ce,2.2504740078131276,7,0,-1,500,501,0.3086077463367031,-1.9418662614764244,nan,nan,0.45917394317836885,0.7071067811865296,0.36654072805969046,73.58162125508366,-0.012691508723023603,nan,22.76060154502178,nan,0.994140625,0.400390625,421.79854696229427
2,msam,msam@per-layer,Momentum-SAM (MSAM) [per-layer Frob],per-layer,sgd,momentum_lookahead,frobenius,added,1.3,0.02,nominal,0.1,additive,1.0,nn_ce,2.2504740078131276,0,0,-1,500,501,1.0353751378838225,-1.215098869929305,nan,nan,1.3433362375857927,0.02828427124746134,0.016760051202675933,73.03989038103057,-0.0025000604826554973,nan,22.61930317409047,nan,0.966796875,0.369140625,361.3941372751141
2,msam,msam@per-layer,Momentum-SAM (MSAM) [per-layer Frob],per-layer,sgd,momentum_lookahead,frobenius,added,1.3,0.02,nominal,0.1,additive,1.0,nn_ce,2.2504740078131276,1,0,-1,500,501,0.5967114241275951,-1.6537625836855323,nan,nan,0.477051393038825,0.028284271247460854,0.01593565737095011,77.46108773038812,0.00021447077944691806,nan,21.140456501387494,nan,0.984375,0.419921875,258.70225570120175
2,msam,msam@per-layer,Momentum-SAM (MSAM) [per-layer Frob],per-layer,sgd,momentum_lookahead,frobenius,added,1.3,0.02,nominal,0.1,additive,1.0,nn_ce,2.2504740078131276,2,0,-1,500,501,0.18860563031689104,-2.0618683774962365,nan,nan,0.2326776882645818,0.028284271247460392,0.012396472191214517,25.32746827257178,-0.001272291783205981,nan,22.141076949288994,nan,0.9921875,0.3671875,378.0648397278625
2,msam,msam@per-layer,Momentum-SAM (MSAM) [per-layer Frob],per-layer,sgd,momentum_lookahead,frobenius,added,1.3,0.02,nominal,0.1,additive,1.0,nn_ce,2.2504740078131276,3,0,-1,500,501,0.57669894891761,-1.6737750588955176,nan,nan,0.9202167006540145,0.028284271247461232,0.019586390294231742,100.24614647775688,-0.003100843063556069,nan,21.526909892975194,nan,0.974609375,0.3828125,282.27469693234775
2,msam,msam@per-layer,Momentum-SAM (MSAM) [per-layer Frob],per-layer,sgd,momentum_lookahead,frobenius,added,1.3,0.02,nominal,0.1,additive,1.0,nn_ce,2.2504740078131276,4,0,-1,500,501,0.16361353193852968,-2.086860475874598,nan,nan,0.34820934843767687,0.028284271247461218,0.01856387506138846,55.28948094879873,-0.00014858741772999506,nan,21.817902638484913,nan,0.994140625,0.35546875,312.14146113352285
2,msam,msam@per-layer,Momentum-SAM (MSAM) [per-layer Frob],per-layer,sgd,momentum_lookahead,frobenius,added,1.3,0.02,nominal,0.1,additive,1.0,nn_ce,2.2504740078131276,5,0,-1,500,501,6.215853373538545,3.9653793657254175,nan,nan,2.4421303844888356,0.02828427124746087,0.01264241721038791,39.163818603132405,-0.035335706611114404,nan,22.036837630587673,nan,0.939453125,0.384765625,301.95879544811
2,msam,msam@per-layer,Momentum-SAM (MSAM) [per-layer Frob],per-layer,sgd,momentum_lookahead,frobenius,added,1.3,0.02,nominal,0.1,additive,1.0,nn_ce,2.2504740078131276,6,0,-1,500,501,6.516161808036854,4.265687800223726,nan,nan,1.9764693079283864,0.028284271247461357,0.016846597249279217,95.22363283165781,-0.014436768764244157,nan,21.132270337127697,nan,0.9453125,0.375,305.1064116442397
2,msam,msam@per-layer,Momentum-SAM (MSAM) [per-layer Frob],per-layer,sgd,momentum_lookahead,frobenius,added,1.3,0.02,nominal,0.1,additive,1.0,nn_ce,2.2504740078131276,7,0,-1,500,501,0.055430231474152575,-2.195043776338975,nan,nan,0.08990423279598496,0.028284271247461194,0.014659023278521439,73.551882690146,-1.9725263900559342e-05,nan,23.08953104644066,nan,0.99609375,0.400390625,405.62902032390343
2,msam,msam@per-layer,Momentum-SAM (MSAM) [per-layer Frob],per-layer,sgd,momentum_lookahead,frobenius,added,1.3,0.1,nominal,0.1,additive,1.0,nn_ce,2.2504740078131276,0,0,-1,500,501,1.4462197641983598,-0.8042542436147677,nan,nan,0.9559114152175977,0.14142135623730662,0.08517302467931813,72.50022721474713,-0.01723189850595297,nan,22.383792554087993,nan,0.974609375,0.390625,324.7817822990987
2,msam,msam@per-layer,Momentum-SAM (MSAM) [per-layer Frob],per-layer,sgd,momentum_lookahead,frobenius,added,1.3,0.1,nominal,0.1,additive,1.0,nn_ce,2.2504740078131276,1,0,-1,500,501,0.44585477533883106,-1.8046192324742965,nan,nan,0.35112825467688624,0.14142135623730423,0.07968147149298277,77.3449713441921,-0.004094583746656222,nan,21.11735376929993,nan,0.990234375,0.392578125,307.30445445970145
2,msam,msam@per-layer,Momentum-SAM (MSAM) [per-layer Frob],per-layer,sgd,momentum_lookahead,frobenius,added,1.3,0.1,nominal,0.1,additive,1.0,nn_ce,2.2504740078131276,2,0,-1,500,501,0.5088292723236169,-1.7416447354895106,nan,nan,0.49406059358649,0.14142135623730215,0.05866205557488076,26.749025558044472,-0.016433228657627696,nan,21.9113770425459,nan,0.982421875,0.3359375,396.1008750583188
2,msam,msam@per-layer,Momentum-SAM (MSAM) [per-layer Frob],per-layer,sgd,momentum_lookahead,frobenius,added,1.3,0.1,nominal,0.1,additive,1.0,nn_ce,2.2504740078131276,3,0,-1,500,501,0.22254168954709075,-2.027932318266037,nan,nan,0.5773774428839391,0.14142135623730615,0.09790327251267793,100.49006640961673,-0.009089109521598943,nan,21.451105036377317,nan,0.98046875,0.375,293.68452943949694
2,msam,msam@per-layer,Momentum-SAM (MSAM) [per-layer Frob],per-layer,sgd,momentum_lookahead,frobenius,added,1.3,0.1,nominal,0.1,additive,1.0,nn_ce,2.2504740078131276,4,0,-1,500,501,0.0737989597705395,-2.176675048042588,nan,nan,0.16252506395726746,0.141421356237306,0.09269569587996385,55.272793101497356,-0.0008442551423980121,nan,21.356729280345505,nan,0.998046875,0.3515625,317.478229971613
2,msam,msam@per-layer,Momentum-SAM (MSAM) [per-layer Frob],per-layer,sgd,momentum_lookahead,frobenius,added,1.3,0.1,nominal,0.1,additive,1.0,nn_ce,2.2504740078131276,5,0,-1,500,501,6.464438161836967,4.21396415402384,nan,nan,2.1992506094444266,0.14142135623730465,0.06360760482604678,40.49337243744427,-0.17748633476182452,nan,22.07283821062922,nan,0.943359375,0.412109375,294.7510454991304
2,msam,msam@per-layer,Momentum-SAM (MSAM) [per-layer Frob],per-layer,sgd,momentum_lookahead,frobenius,added,1.3,0.1,nominal,0.1,additive,1.0,nn_ce,2.2504740078131276,6,0,-1,500,501,7.419683422260363,5.169209414447235,nan,nan,1.859380690878847,0.14142135623730692,0.08401356476045792,96.98481069951971,-0.08820360583754017,nan,21.280210511085127,nan,0.943359375,0.33984375,303.9834449464728
2,msam,msam@per-layer,Momentum-SAM (MSAM) [per-layer Frob],per-layer,sgd,momentum_lookahead,frobenius,added,1.3,0.1,nominal,0.1,additive,1.0,nn_ce,2.2504740078131276,7,0,-1,500,501,0.24709567059969162,-2.003378337213436,nan,nan,0.5184142176620956,0.141421356237306,0.07318072230474029,73.65991413146472,-0.003981940022865477,nan,22.673932112780204,nan,0.990234375,0.34375,459.7779588990919
2,msam,msam@per-layer,Momentum-SAM (MSAM) [per-layer Frob],per-layer,sgd,momentum_lookahead,frobenius,added,1.3,1.0,nominal,0.1,additive,1.0,nn_ce,2.2504740078131276,0,0,-1,500,501,2.670703613817309,0.42022960600418147,nan,nan,1.1083506503766105,1.414213562373066,0.8512782916159497,72.14300310503876,-0.10845718053405351,nan,22.113314346862175,nan,0.966796875,0.337890625,340.75867613453374
2,msam,msam@per-layer,Momentum-SAM (MSAM) [per-layer Frob],per-layer,sgd,momentum_lookahead,frobenius,added,1.3,1.0,nominal,0.1,additive,1.0,nn_ce,2.2504740078131276,1,0,-1,500,501,0.7115909477361537,-1.5388830600769738,nan,nan,0.5682997499054617,1.4142135623730436,0.7968189027951533,77.4632172447435,-0.054128851179415904,nan,21.05995496393827,nan,0.98046875,0.390625,252.41757373963245
2,msam,msam@per-layer,Momentum-SAM (MSAM) [per-layer Frob],per-layer,sgd,momentum_lookahead,frobenius,added,1.3,1.0,nominal,0.1,additive,1.0,nn_ce,2.2504740078131276,2,0,-1,500,501,0.5406510047663128,-1.709823003046815,nan,nan,0.5597738569567245,1.4142135623730194,0.6034337661122215,25.27771919819862,-0.04653253440829308,nan,22.177454711202294,nan,0.98046875,0.326171875,364.1072917371372
2,msam,msam@per-layer,Momentum-SAM (MSAM) [per-layer Frob],per-layer,sgd,momentum_lookahead,frobenius,added,1.3,1.0,nominal,0.1,additive,1.0,nn_ce,2.2504740078131276,3,0,-1,500,501,2.500189265628601,0.24971525781547355,nan,nan,1.4187207223691989,1.4142135623730627,0.9767879785104879,99.42685822684585,-0.34876792373902177,nan,21.508168480604226,nan,0.96484375,0.365234375,286.1885587911384
2,msam,msam@per-layer,Momentum-SAM (MSAM) [per-layer Frob],per-layer,sgd,momentum_lookahead,frobenius,added,1.3,1.0,nominal,0.1,additive,1.0,nn_ce,2.2504740078131276,4,0,-1,500,501,0.08447848499197948,-2.1659955228211483,nan,nan,0.5570133031213517,1.4142135623730607,0.9270697976093796,55.24745902269153,-0.009430364248563194,nan,21.869181935709996,nan,0.9921875,0.37109375,300.6161861991608
2,msam,msam@per-layer,Momentum-SAM (MSAM) [per-layer Frob],per-layer,sgd,momentum_lookahead,frobenius,added,1.3,1.0,nominal,0.1,additive,1.0,nn_ce,2.2504740078131276,5,0,-1,500,501,4.847278225107234,2.596804217294107,nan,nan,2.105934676767652,1.414213562373039,0.6062434618276953,35.72028630351001,-1.1429896696177817,nan,21.694065129267443,nan,0.953125,0.421875,292.5305413223105
2,msam,msam@per-layer,Momentum-SAM (MSAM) [per-layer Frob],per-layer,sgd,momentum_lookahead,frobenius,added,1.3,1.0,nominal,0.1,additive,1.0,nn_ce,2.2504740078131276,6,0,-1,500,501,5.78881901672837,3.5383450089152424,nan,nan,2.034414598899458,1.4142135623730687,0.8372605529929075,94.42020729094295,-0.7002266945786308,nan,21.266421312993767,nan,0.947265625,0.349609375,285.2918510970378
2,msam,msam@per-layer,Momentum-SAM (MSAM) [per-layer Frob],per-layer,sgd,momentum_lookahead,frobenius,added,1.3,1.0,nominal,0.1,additive,1.0,nn_ce,2.2504740078131276,7,0,-1,500,501,0.30426212514753487,-1.9462118826655928,nan,nan,0.1744166773366251,1.4142135623730596,0.7369337007752824,73.31727704059986,-0.0035031784776273223,nan,22.68815903209978,nan,0.990234375,0.380859375,420.5817674745329
2,msam,msam@global,Momentum-SAM (MSAM) [global Frob],global,sgd,momentum_lookahead,frobenius,added,1.6,0.01,nominal,0.1,additive,1.0,nn_ce,2.2504740078131276,0,0,-1,500,501,0.0034439817340799882,-2.2470300260790474,nan,nan,0.10765865351697314,0.00999999999999985,0.009898519804129351,59.487433192282566,4.350912450494862e-05,nan,21.30161190737381,nan,1.0,0.375,55.06662036800843
2,msam,msam@global,Momentum-SAM (MSAM) [global Frob],global,sgd,momentum_lookahead,frobenius,added,1.6,0.01,nominal,0.1,additive,1.0,nn_ce,2.2504740078131276,1,0,-1,500,501,0.01734865070574669,-2.233125357107381,nan,nan,0.15236624368759027,0.009999999999999272,0.00510073179513552,12.89868994404936,-7.462375703557594e-05,nan,20.199918476876103,nan,0.99609375,0.357421875,43.53190762528561
2,msam,msam@global,Momentum-SAM (MSAM) [global Frob],global,sgd,momentum_lookahead,frobenius,added,1.6,0.01,nominal,0.1,additive,1.0,nn_ce,2.2504740078131276,2,0,-1,500,501,0.0003316641022858781,-2.250142343710842,nan,nan,0.012973663032745449,0.009999999999999131,0.0040617052758663156,11.125250122327206,-5.194547379891662e-07,nan,17.506303148724207,nan,1.0,0.40234375,113.4048927723677
2,msam,msam@global,Momentum-SAM (MSAM) [global Frob],global,sgd,momentum_lookahead,frobenius,added,1.6,0.01,nominal,0.1,additive,1.0,nn_ce,2.2504740078131276,3,0,-1,500,501,0.04732446118738702,-2.2031495466257405,nan,nan,0.08910585189180921,0.009999999999999289,0.006279121768061388,13.260751475043214,-1.7637627822045254e-05,nan,20.565760690790803,nan,0.986328125,0.390625,69.75732057632607
2,msam,msam@global,Momentum-SAM (MSAM) [global Frob],global,sgd,momentum_lookahead,frobenius,added,1.6,0.01,nominal,0.1,additive,1.0,nn_ce,2.2504740078131276,4,0,-1,500,501,0.007397250829782249,-2.243076756983345,nan,nan,0.11072143371011374,0.009999999999999136,0.0047892959344393365,10.867813044136554,-0.00011019141071566627,nan,19.23435601957216,nan,0.998046875,0.35546875,47.9854012644776
2,msam,msam@global,Momentum-SAM (MSAM) [global Frob],global,sgd,momentum_lookahead,frobenius,added,1.6,0.01,nominal,0.1,additive,1.0,nn_ce,2.2504740078131276,5,0,-1,500,501,0.048635218311421154,-2.201838789501706,nan,nan,0.06347557827911787,0.00999999999999948,0.006223779789189679,17.559475341470574,-9.917121437379162e-06,nan,17.304333856922458,nan,0.994140625,0.37890625,65.31511945666443
2,msam,msam@global,Momentum-SAM (MSAM) [global Frob],global,sgd,momentum_lookahead,frobenius,added,1.6,0.01,nominal,0.1,additive,1.0,nn_ce,2.2504740078131276,6,0,-1,500,501,0.01603412158119736,-2.23443988623193,nan,nan,0.061803815204983584,0.009999999999999246,0.00531058431266609,12.591045611880409,-1.4133906602591118e-05,nan,17.743885368967813,nan,0.994140625,0.419921875,45.99671970245102
2,msam,msam@global,Momentum-SAM (MSAM) [global Frob],global,sgd,momentum_lookahead,frobenius,added,1.6,0.01,nominal,0.1,additive,1.0,nn_ce,2.2504740078131276,7,0,-1,500,501,0.015214519021804622,-2.235259488791323,nan,nan,0.05253001738709679,0.009999999999998923,0.0032673725946115047,8.897322210457494,-2.8620150384349105e-05,nan,18.10048925589061,nan,0.99609375,0.365234375,51.72339551041084
2,msam,msam@global,Momentum-SAM (MSAM) [global Frob],global,sgd,momentum_lookahead,frobenius,added,1.6,0.05,nominal,0.1,additive,1.0,nn_ce,2.2504740078131276,0,0,-1,500,501,0.00780983285886978,-2.2426641749542577,nan,nan,0.03811259796572179,0.049999999999999226,0.04949170394906699,59.49318132015154,-2.160697954678957e-05,nan,20.51044729729125,nan,0.998046875,0.365234375,54.62409957133188
2,msam,msam@global,Momentum-SAM (MSAM) [global Frob],global,sgd,momentum_lookahead,frobenius,added,1.6,0.05,nominal,0.1,additive,1.0,nn_ce,2.2504740078131276,1,0,-1,500,501,0.009657280244127795,-2.240816727569,nan,nan,0.07024839851665578,0.04999999999999633,0.02546261180931277,12.887658647803095,-0.00018051088400712623,nan,19.496186720988394,nan,0.998046875,0.3515625,50.627948082766096
2,msam,msam@global,Momentum-SAM (MSAM) [global Frob],global,sgd,momentum_lookahead,frobenius,added,1.6,0.05,nominal,0.1,additive,1.0,nn_ce,2.2504740078131276,2,0,-1,500,501,0.0007411380429970054,-2.2497328697701304,nan,nan,0.025088969130304836,0.04999999999999569,0.02031749259825516,11.131688341819707,-3.3436734468104685e-05,nan,17.47858269828745,nan,1.0,0.42578125,107.41568923663553
2,msam,msam@global,Momentum-SAM (MSAM) [global Frob],global,sgd,momentum_lookahead,frobenius,added,1.6,0.05,nominal,0.1,additive,1.0,nn_ce,2.2504740078131276,3,0,-1,500,501,0.02664302759860974,-2.223830980214518,nan,nan,0.09000287181975951,0.04999999999999645,0.03134250967044682,13.292566232328866,-0.00024652108250598423,nan,20.71428215439856,nan,0.994140625,0.40234375,60.69046846681758
2,msam,msam@global,Momentum-SAM (MSAM) [global Frob],global,sgd,momentum_lookahead,frobenius,added,1.6,0.05,nominal,0.1,additive,1.0,nn_ce,2.2504740078131276,4,0,-1,500,501,0.009268453432186963,-2.2412055543809406,nan,nan,0.11956363995338481,0.04999999999999571,0.023814045957689954,10.89580522815622,-0.0009625297627831268,nan,18.933541538992774,nan,0.998046875,0.390625,43.42037438377086
2,msam,msam@global,Momentum-SAM (MSAM) [global Frob],global,sgd,momentum_lookahead,frobenius,added,1.6,0.05,nominal,0.1,additive,1.0,nn_ce,2.2504740078131276,5,0,-1,500,501,0.009467905629776575,-2.241006102183351,nan,nan,0.028441405130714026,0.04999999999999739,0.03116158149501462,17.552470367096962,-1.1630718183518185e-07,nan,17.668176995183593,nan,0.998046875,0.380859375,60.789407435055956
2,msam,msam@global,Momentum-SAM (MSAM) [global Frob],global,sgd,momentum_lookahead,frobenius,added,1.6,0.05,nominal,0.1,additive,1.0,nn_ce,2.2504740078131276,6,0,-1,500,501,0.0038039913339905857,-2.246670016479137,nan,nan,0.061258301500903584,0.04999999999999622,0.026512691692124616,12.612367835155453,-0.00017543203034407328,nan,18.032101708307724,nan,1.0,0.37890625,46.525494627172534
2,msam,msam@global,Momentum-SAM (MSAM) [global Frob],global,sgd,momentum_lookahead,frobenius,added,1.6,0.05,nominal,0.1,additive,1.0,nn_ce,2.2504740078131276,7,0,-1,500,501,0.023446534110746386,-2.227027473702381,nan,nan,0.03470042594777085,0.049999999999994625,0.016327949963008542,8.890433867131483,-7.876445604050944e-05,nan,18.117306094274774,nan,0.99609375,0.390625,45.95228361340146
2,msam,msam@global,Momentum-SAM (MSAM) [global Frob],global,sgd,momentum_lookahead,frobenius,added,1.6,0.02,nominal,0.1,additive,1.0,nn_ce,2.2504740078131276,0,0,-1,500,501,0.0015035873478876241,-2.24897042046524,nan,nan,0.03672027280037988,0.01999999999999969,0.01979636593567576,59.49481814185984,-8.699137849138604e-06,nan,21.083330640451912,nan,1.0,0.376953125,56.23480849478452
2,msam,msam@global,Momentum-SAM (MSAM) [global Frob],global,sgd,momentum_lookahead,frobenius,added,1.6,0.02,nominal,0.1,additive,1.0,nn_ce,2.2504740078131276,1,0,-1,500,501,0.005532887947701381,-2.2449411198654263,nan,nan,0.05599939249328486,0.019999999999998543,0.010180454213890338,12.9172597228706,-7.059903077021729e-05,nan,19.237115928171438,nan,1.0,0.35546875,42.857274559544855
2,msam,msam@global,Momentum-SAM (MSAM) [global Frob],global,sgd,momentum_lookahead,frobenius,added,1.6,0.02,nominal,0.1,additive,1.0,nn_ce,2.2504740078131276,2,0,-1,500,501,0.0011792086401360732,-2.2492947991729917,nan,nan,0.01834398927711945,0.019999999999998262,0.008125331372033417,11.132813121981528,-1.2023629835634497e-05,nan,17.680346713924482,nan,1.0,0.419921875,97.45362199779942
2,msam,msam@global,Momentum-SAM (MSAM) [global Frob],global,sgd,momentum_lookahead,frobenius,added,1.6,0.02,nominal,0.1,additive,1.0,nn_ce,2.2504740078131276,3,0,-1,500,501,0.018175489956494883,-2.232298517856633,nan,nan,0.04151527079889449,0.019999999999998592,0.01255859360853401,13.265717398415017,-1.977172654729631e-05,nan,20.374096075390394,nan,0.99609375,0.396484375,68.29814768365102
2,msam,msam@global,Momentum-SAM (MSAM) [global Frob],global,sgd,momentum_lookahead,frobenius,added,1.6,0.02,nominal,0.1,additive,1.0,nn_ce,2.2504740078131276,4,0,-1,500,501,0.0365957312868991,-2.2138782765262284,nan,nan,0.2088023149214782,0.019999999999998325,0.009209876139685984,11.360738418483606,-0.0007353167974271935,nan,19.506246143863297,nan,0.998046875,0.39453125,46.96197525044755
2,msam,msam@global,Momentum-SAM (MSAM) [global Frob],global,sgd,momentum_lookahead,frobenius,added,1.6,0.02,nominal,0.1,additive,1.0,nn_ce,2.2504740078131276,5,0,-1,500,501,0.06438287383524388,-2.1860911339778837,nan,nan,0.07490972989059738,0.01999999999999894,0.01245885086890452,17.561645444396714,-2.590915643659042e-05,nan,17.17207298704222,nan,0.9921875,0.419921875,66.72248331699672
2,msam,msam@global,Momentum-SAM (MSAM) [global Frob],global,sgd,momentum_lookahead,frobenius,added,1.6,0.02,nominal,0.1,additive,1.0,nn_ce,2.2504740078131276,6,0,-1,500,501,0.0018678841947344605,-2.248606123618393,nan,nan,0.028831194221876768,0.019999999999998484,0.01063431852822312,12.570508045095728,-2.9666065294987973e-06,nan,18.51202074074929,nan,1.0,0.40625,46.44269881475715
2,msam,msam@global,Momentum-SAM (MSAM) [global Frob],global,sgd,momentum_lookahead,frobenius,added,1.6,0.02,nominal,0.1,additive,1.0,nn_ce,2.2504740078131276,7,0,-1,500,501,0.03322219408641866,-2.2172518137267088,nan,nan,0.03687142776757171,0.019999999999997846,0.006526791415629535,8.900031534291118,-5.173185747521514e-05,nan,17.605762950696636,nan,0.990234375,0.3671875,56.058641843131866
2,msam,msam@global,Momentum-SAM (MSAM) [global Frob],global,sgd,momentum_lookahead,frobenius,added,1.6,0.1,nominal,0.1,additive,1.0,nn_ce,2.2504740078131276,0,0,-1,500,501,0.025312917414284025,-2.2251610903988435,nan,nan,0.08114101017408666,0.09999999999999847,0.09893755689244603,59.52103915022767,-0.00026402970734830736,nan,21.241466281221605,nan,0.998046875,0.365234375,55.08219439980516
2,msam,msam@global,Momentum-SAM (MSAM) [global Frob],global,sgd,momentum_lookahead,frobenius,added,1.6,0.1,nominal,0.1,additive,1.0,nn_ce,2.2504740078131276,1,0,-1,500,501,0.020728287684322912,-2.2297457201288045,nan,nan,0.21467875185649987,0.09999999999999269,0.050922666738976004,12.884285451169756,-6.4613753598005e-05,nan,19.720597103428734,nan,0.998046875,0.373046875,43.81745790872334
2,msam,msam@global,Momentum-SAM (MSAM) [global Frob],global,sgd,momentum_lookahead,frobenius,added,1.6,0.1,nominal,0.1,additive,1.0,nn_ce,2.2504740078131276,2,0,-1,500,501,0.010890341967039448,-2.239583665846088,nan,nan,0.029388099184774117,0.09999999999999135,0.040596742580863925,11.143997184807942,-0.00011337589042715798,nan,17.05524952577534,nan,0.998046875,0.392578125,114.36160878400278
2,msam,msam@global,Momentum-SAM (MSAM) [global Frob],global,sgd,momentum_lookahead,frobenius,added,1.6,0.1,nominal,0.1,additive,1.0,nn_ce,2.2504740078131276,3,0,-1,500,501,0.020835635302875972,-2.2296383725102515,nan,nan,0.04286713852196012,0.09999999999999293,0.06273181453242199,13.291430725070175,-0.00022222249798722546,nan,20.77952008750667,nan,0.994140625,0.404296875,78.36718303734708
2,msam,msam@global,Momentum-SAM (MSAM) [global Frob],global,sgd,momentum_lookahead,frobenius,added,1.6,0.1,nominal,0.1,additive,1.0,nn_ce,2.2504740078131276,4,0,-1,500,501,0.06310449505996549,-2.187369512753162,nan,nan,0.3471704330881323,0.09999999999999144,0.04739501821003736,10.969701426123756,-0.006928453271384624,nan,19.41271459569014,nan,0.994140625,0.392578125,43.58100910707428
2,msam,msam@global,Momentum-SAM (MSAM) [global Frob],global,sgd,momentum_lookahead,frobenius,added,1.6,0.1,nominal,0.1,additive,1.0,nn_ce,2.2504740078131276,5,0,-1,500,501,0.06101205634633531,-2.189461951466792,nan,nan,0.10422904856923455,0.09999999999999476,0.062107488037358126,17.578978489039653,-0.00044148525579418285,nan,18.025521746985323,nan,0.994140625,0.42578125,67.09478548034383
2,msam,msam@global,Momentum-SAM (MSAM) [global Frob],global,sgd,momentum_lookahead,frobenius,added,1.6,0.1,nominal,0.1,additive,1.0,nn_ce,2.2504740078131276,6,0,-1,500,501,0.003242615280112937,-2.2472313925330147,nan,nan,0.07631549828145978,0.09999999999999247,0.05308062475906669,12.58448826180259,-0.00043126510346014856,nan,18.369462137540488,nan,0.998046875,0.419921875,45.51216319090609
2,msam,msam@global,Momentum-SAM (MSAM) [global Frob],global,sgd,momentum_lookahead,frobenius,added,1.6,0.1,nominal,0.1,additive,1.0,nn_ce,2.2504740078131276,7,0,-1,500,501,0.024131744688288825,-2.2263422631248386,nan,nan,0.03570221755210015,0.0999999999999892,0.032701586166576216,8.891966156688458,-0.00017540937957152142,nan,16.86822186252368,nan,0.99609375,0.3828125,51.39730562632611
2,msam,msam@global,Momentum-SAM (MSAM) [global Frob],global,sgd,momentum_lookahead,frobenius,added,1.6,0.5,nominal,0.1,additive,1.0,nn_ce,2.2504740078131276,0,0,-1,500,501,0.014949210121624475,-2.235524797691503,nan,nan,0.07219821336807605,0.49999999999999256,0.49468515224274323,59.52160180502459,-0.0012179363257909612,nan,20.85696267241306,nan,0.998046875,0.380859375,49.3566769313187
2,msam,msam@global,Momentum-SAM (MSAM) [global Frob],global,sgd,momentum_lookahead,frobenius,added,1.6,0.5,nominal,0.1,additive,1.0,nn_ce,2.2504740078131276,1,0,-1,500,501,0.01226078424318753,-2.23821322356994,nan,nan,0.11601909530258334,0.49999999999996353,0.25543868286817173,12.894264725947664,-0.002823686364889739,nan,20.1693598164203,nan,0.99609375,0.369140625,45.50225273298582
2,msam,msam@global,Momentum-SAM (MSAM) [global Frob],global,sgd,momentum_lookahead,frobenius,added,1.6,0.5,nominal,0.1,additive,1.0,nn_ce,2.2504740078131276,2,0,-1,500,501,0.0006242353740669266,-2.2498497724390605,nan,nan,0.018409837028975088,0.4999999999999566,0.20164703273486223,11.117459464638092,3.731876215124874e-05,nan,17.468816150231937,nan,1.0,0.396484375,100.17001333660603
2,msam,msam@global,Momentum-SAM (MSAM) [global Frob],global,sgd,momentum_lookahead,frobenius,added,1.6,0.5,nominal,0.1,additive,1.0,nn_ce,2.2504740078131276,3,0,-1,500,501,0.02918455118655741,-2.22128945662657,nan,nan,0.13847773336106883,0.4999999999999649,0.31129939762007014,13.380494360991694,-0.007751045278162935,nan,20.947382684537967,nan,0.9921875,0.37890625,66.74334963374807
2,msam,msam@global,Momentum-SAM (MSAM) [global Frob],global,sgd,momentum_lookahead,frobenius,added,1.6,0.5,nominal,0.1,additive,1.0,nn_ce,2.2504740078131276,4,0,-1,500,501,0.030199094403487038,-2.2202749134096407,nan,nan,0.2869614124065015,0.49999999999995676,0.239498259154658,10.85276633263802,-0.017173772811926828,nan,19.38260338612232,nan,0.994140625,0.361328125,43.715025238220214
2,msam,msam@global,Momentum-SAM (MSAM) [global Frob],global,sgd,momentum_lookahead,frobenius,added,1.6,0.5,nominal,0.1,additive,1.0,nn_ce,2.2504740078131276,5,0,-1,500,501,0.012763158215381156,-2.2377108495977462,nan,nan,0.12041426893704922,0.49999999999997385,0.31097473497299216,17.535483784854275,0.00016775714046297387,nan,18.241122589069498,nan,0.99609375,0.39453125,50.97509087376426
2,msam,msam@global,Momentum-SAM (MSAM) [global Frob],global,sgd,momentum_lookahead,frobenius,added,1.6,0.5,nominal,0.1,additive,1.0,nn_ce,2.2504740078131276,6,0,-1,500,501,0.014259500496249359,-2.236214507316878,nan,nan,0.11497116241343967,0.4999999999999622,0.26531971335533594,12.595190832307011,-0.0013960831298937115,nan,17.467112393182045,nan,0.994140625,0.404296875,44.23913475648598
2,msam,msam@global,Momentum-SAM (MSAM) [global Frob],global,sgd,momentum_lookahead,frobenius,added,1.6,0.5,nominal,0.1,additive,1.0,nn_ce,2.2504740078131276,7,0,-1,500,501,0.014683540826962488,-2.235790466986165,nan,nan,0.07948966110428754,0.49999999999994615,0.16316482862452486,8.892807624557497,-0.0011224151720854569,nan,17.79354791293132,nan,0.994140625,0.41796875,47.76192613846189
2,msam,msam@global,Momentum-SAM (MSAM) [global Frob],global,sgd,momentum_lookahead,frobenius,added,1.6,1.0,nominal,0.1,additive,1.0,nn_ce,2.2504740078131276,0,0,-1,500,501,0.03469896047685273,-2.2157750473362747,nan,nan,0.08952491151224395,0.9999999999999852,0.9892294898095573,59.43710315673615,0.011537989796068807,nan,20.17115564164048,nan,0.998046875,0.373046875,47.856165375263245
2,msam,msam@global,Momentum-SAM (MSAM) [global Frob],global,sgd,momentum_lookahead,frobenius,added,1.6,1.0,nominal,0.1,additive,1.0,nn_ce,2.2504740078131276,1,0,-1,500,501,0.03331400320431497,-2.2171600046088127,nan,nan,0.21220100380181744,0.9999999999999271,0.509762107847389,12.88337786456715,-5.9366712676506284e-05,nan,18.987448787390022,nan,0.994140625,0.37109375,44.775931264661054
2,msam,msam@global,Momentum-SAM (MSAM) [global Frob],global,sgd,momentum_lookahead,frobenius,added,1.6,1.0,nominal,0.1,additive,1.0,nn_ce,2.2504740078131276,2,0,-1,500,501,0.0051763490528195615,-2.245297658760308,nan,nan,0.03427160175655533,0.9999999999999135,0.40647638432611494,11.133842694040117,-0.0009348137023348947,nan,17.29449067758317,nan,0.998046875,0.3828125,101.91682749343065
2,msam,msam@global,Momentum-SAM (MSAM) [global Frob],global,sgd,momentum_lookahead,frobenius,added,1.6,1.0,nominal,0.1,additive,1.0,nn_ce,2.2504740078131276,3,0,-1,500,501,0.025594860392583817,-2.224879147420544,nan,nan,0.05975207563295312,0.9999999999999295,0.62746014277441,13.26324907515768,0.0011867627274459794,nan,20.74652496331016,nan,0.9921875,0.3828125,58.5866043798146
2,msam,msam@global,Momentum-SAM (MSAM) [global Frob],global,sgd,momentum_lookahead,frobenius,added,1.6,1.0,nominal,0.1,additive,1.0,nn_ce,2.2504740078131276,4,0,-1,500,501,0.023931664192175628,-2.226542343620952,nan,nan,0.3006775215376617,0.9999999999999128,0.4806520136425062,10.800357720328352,-0.014058773285136784,nan,18.8275461253937,nan,0.994140625,0.373046875,43.266298429097056
2,msam,msam@global,Momentum-SAM (MSAM) [global Frob],global,sgd,momentum_lookahead,frobenius,added,1.6,1.0,nominal,0.1,additive,1.0,nn_ce,2.2504740078131276,5,0,-1,500,501,0.025328881181495795,-2.2251451266316318,nan,nan,0.1713123956045402,0.9999999999999479,0.6222201153990269,17.535403134551874,-0.0009832219913074626,nan,17.433326599287447,nan,0.9921875,0.390625,56.25084876278913
2,msam,msam@global,Momentum-SAM (MSAM) [global Frob],global,sgd,momentum_lookahead,frobenius,added,1.6,1.0,nominal,0.1,additive,1.0,nn_ce,2.2504740078131276,6,0,-1,500,501,0.029791503511309284,-2.220682504301818,nan,nan,0.058425424015068096,0.9999999999999246,0.531146376198215,12.57911946554175,-0.0007782787070798533,nan,17.64662064411393,nan,0.994140625,0.431640625,46.13487420293957
2,msam,msam@global,Momentum-SAM (MSAM) [global Frob],global,sgd,momentum_lookahead,frobenius,added,1.6,1.0,nominal,0.1,additive,1.0,nn_ce,2.2504740078131276,7,0,-1,500,501,0.026889885779084067,-2.2235841220340435,nan,nan,0.06197858047387577,0.9999999999998925,0.3251097741328707,8.910862865930737,-0.003686860751055128,nan,17.92841346159271,nan,0.990234375,0.40625,42.42230610255567
2,msam,msam@global,Momentum-SAM (MSAM) [global Frob],global,sgd,momentum_lookahead,frobenius,added,1.6,0.2,nominal,0.1,additive,1.0,nn_ce,2.2504740078131276,0,0,-1,500,501,0.06262810247841129,-2.1878459053347163,nan,nan,0.12501496745162025,0.19999999999999687,0.19782975816863554,59.30774616612777,0.003531536386570139,nan,20.449199730053483,nan,0.994140625,0.365234375,53.770158847875415
2,msam,msam@global,Momentum-SAM (MSAM) [global Frob],global,sgd,momentum_lookahead,frobenius,added,1.6,0.2,nominal,0.1,additive,1.0,nn_ce,2.2504740078131276,1,0,-1,500,501,0.006083178849615265,-2.244390828963512,nan,nan,0.10351883499076697,0.19999999999998544,0.10207475221045104,12.902538076633407,-0.0008385300648506532,nan,19.972149502158192,nan,0.998046875,0.396484375,46.157808895255144
2,msam,msam@global,Momentum-SAM (MSAM) [global Frob],global,sgd,momentum_lookahead,frobenius,added,1.6,0.2,nominal,0.1,additive,1.0,nn_ce,2.2504740078131276,2,0,-1,500,501,0.00741430400403492,-2.2430597038090925,nan,nan,0.01944829733753496,0.19999999999998266,0.08132790686379594,11.122748299758785,7.829977696391724e-06,nan,18.04285198178571,nan,0.998046875,0.380859375,113.14679827157607
2,msam,msam@global,Momentum-SAM (MSAM) [global Frob],global,sgd,momentum_lookahead,frobenius,added,1.6,0.2,nominal,0.1,additive,1.0,nn_ce,2.2504740078131276,3,0,-1,500,501,0.02167830452612344,-2.228795703287004,nan,nan,0.03246915697158491,0.1999999999999859,0.12557069598475307,13.263887300572408,-0.0001213155745551607,nan,20.59796357792944,nan,0.99609375,0.3984375,62.65379791697379
2,msam,msam@global,Momentum-SAM (MSAM) [global Frob],global,sgd,momentum_lookahead,frobenius,added,1.6,0.2,nominal,0.1,additive,1.0,nn_ce,2.2504740078131276,4,0,-1,500,501,0.0405293003112877,-2.20994470750184,nan,nan,0.2438130618500368,0.1999999999999828,0.09533830401082798,10.929257659129581,-0.007046684692841275,nan,18.79199829528859,nan,0.994140625,0.35546875,42.99860953508736
2,msam,msam@global,Momentum-SAM (MSAM) [global Frob],global,sgd,momentum_lookahead,frobenius,added,1.6,0.2,nominal,0.1,additive,1.0,nn_ce,2.2504740078131276,5,0,-1,500,501,0.004901552089842581,-2.245572455723285,nan,nan,0.028029868232378654,0.19999999999998955,0.12461630006865738,17.549274162823824,8.734498479661366e-05,nan,17.727661293575277,nan,0.998046875,0.400390625,66.8231634190524
2,msam,msam@global,Momentum-SAM (MSAM) [global Frob],global,sgd,momentum_lookahead,frobenius,added,1.6,0.2,nominal,0.1,additive,1.0,nn_ce,2.2504740078131276,6,0,-1,500,501,0.000892181135458385,-2.249581826677669,nan,nan,0.027192801190969677,0.19999999999998488,0.10627219449434383,12.577328501135485,-0.00012812678550467736,nan,17.013749176527483,nan,1.0,0.396484375,48.890009054752824
2,msam,msam@global,Momentum-SAM (MSAM) [global Frob],global,sgd,momentum_lookahead,frobenius,added,1.6,0.2,nominal,0.1,additive,1.0,nn_ce,2.2504740078131276,7,0,-1,500,501,0.016411583628696165,-2.2340624241844314,nan,nan,0.09727435994464503,0.19999999999997864,0.06499999559926113,8.929910942699571,-0.001381290306260649,nan,18.07366298314566,nan,0.99609375,0.3984375,51.259158647519854
2,msam,msam@per-layer,Momentum-SAM (MSAM) [per-layer Frob],per-layer,sgd,momentum_lookahead,frobenius,added,1.6,0.02,nominal,0.1,additive,1.0,nn_ce,2.2504740078131276,0,0,-1,500,501,0.006797419212696302,-2.2436765886004313,nan,nan,0.03713866836099292,0.028284271247459462,0.019890467027238123,59.478073065242526,1.2297006473710112e-05,nan,21.276883364240238,nan,0.998046875,0.373046875,55.186072397591246
2,msam,msam@per-layer,Momentum-SAM (MSAM) [per-layer Frob],per-layer,sgd,momentum_lookahead,frobenius,added,1.6,0.02,nominal,0.1,additive,1.0,nn_ce,2.2504740078131276,1,0,-1,500,501,0.010253830993132925,-2.2402201768199945,nan,nan,0.06157864608412218,0.028284271247458474,0.013422617973554582,12.886848468126491,-9.295053778994415e-05,nan,20.32542128378459,nan,0.998046875,0.369140625,47.39588603651421
2,msam,msam@per-layer,Momentum-SAM (MSAM) [per-layer Frob],per-layer,sgd,momentum_lookahead,frobenius,added,1.6,0.02,nominal,0.1,additive,1.0,nn_ce,2.2504740078131276,2,0,-1,500,501,0.0007630552541224125,-2.2497109525590053,nan,nan,0.017802186865041328,0.02828427124745827,0.013970475061362543,11.135126371175774,-1.0275274735505198e-05,nan,17.418705472401072,nan,1.0,0.423828125,98.48488666741548
2,msam,msam@per-layer,Momentum-SAM (MSAM) [per-layer Frob],per-layer,sgd,momentum_lookahead,frobenius,added,1.6,0.02,nominal,0.1,additive,1.0,nn_ce,2.2504740078131276,3,0,-1,500,501,0.01363445376545927,-2.2368395540476684,nan,nan,0.048255967600675506,0.028284271247459063,0.01730344277233083,13.261045771997109,-1.0584348117433431e-05,nan,20.689472065211383,nan,0.99609375,0.384765625,68.41849124171435
2,msam,msam@per-layer,Momentum-SAM (MSAM) [per-layer Frob],per-layer,sgd,momentum_lookahead,frobenius,added,1.6,0.02,nominal,0.1,additive,1.0,nn_ce,2.2504740078131276,4,0,-1,500,501,0.02965384364863874,-2.220820164164489,nan,nan,0.2757705312235771,0.0282842712474582,0.011889493988196886,11.06285224121504,-0.002046170304322057,nan,19.83169281535024,nan,0.994140625,0.37109375,44.93850758236999
2,msam,msam@per-layer,Momentum-SAM (MSAM) [per-layer Frob],per-layer,sgd,momentum_lookahead,frobenius,added,1.6,0.02,nominal,0.1,additive,1.0,nn_ce,2.2504740078131276,5,0,-1,500,501,0.018554465385413957,-2.2319195424277134,nan,nan,0.03515503311647836,0.028284271247459258,0.013620517208520802,17.55100780938597,-1.9923374915440523e-05,nan,17.622784289428754,nan,0.994140625,0.421875,67.67795453880272
2,msam,msam@per-layer,Momentum-SAM (MSAM) [per-layer Frob],per-layer,sgd,momentum_lookahead,frobenius,added,1.6,0.02,nominal,0.1,additive,1.0,nn_ce,2.2504740078131276,6,0,-1,500,501,0.02469268874761305,-2.2257813190655145,nan,nan,0.07030779335323134,0.028284271247458484,0.012156128657084701,12.586347067620352,-6.575069820169074e-05,nan,17.825661449852255,nan,0.994140625,0.4140625,45.61962808235718
2,msam,msam@per-layer,Momentum-SAM (MSAM) [per-layer Frob],per-layer,sgd,momentum_lookahead,frobenius,added,1.6,0.02,nominal,0.1,additive,1.0,nn_ce,2.2504740078131276,7,0,-1,500,501,0.01429432111801886,-2.2361796866951087,nan,nan,0.02975536036100405,0.028284271247457377,0.010467136713885605,8.87976348221579,-1.2322774364605799e-05,nan,18.311507301841903,nan,0.99609375,0.3828125,46.557111818519644
2,msam,msam@per-layer,Momentum-SAM (MSAM) [per-layer Frob],per-layer,sgd,momentum_lookahead,frobenius,added,1.6,0.05,nominal,0.1,additive,1.0,nn_ce,2.2504740078131276,0,0,-1,500,501,0.014246232660250538,-2.236227775152877,nan,nan,0.06910656826758554,0.0707106781186487,0.049714624388041896,59.5060902681461,-0.00033378386316383103,nan,20.61333002174812,nan,0.99609375,0.3828125,52.46477553653777
2,msam,msam@per-layer,Momentum-SAM (MSAM) [per-layer Frob],per-layer,sgd,momentum_lookahead,frobenius,added,1.6,0.05,nominal,0.1,additive,1.0,nn_ce,2.2504740078131276,1,0,-1,500,501,0.0019520220266555153,-2.248521985786472,nan,nan,0.0309117598505103,0.07071067811864618,0.03349469336252058,12.867254332544597,-5.735566005494195e-06,nan,19.546512920991514,nan,1.0,0.357421875,49.320529453394194
2,msam,msam@per-layer,Momentum-SAM (MSAM) [per-layer Frob],per-layer,sgd,momentum_lookahead,frobenius,added,1.6,0.05,nominal,0.1,additive,1.0,nn_ce,2.2504740078131276,2,0,-1,500,501,0.007616424343753009,-2.2428575834693745,nan,nan,0.020317229650094217,0.07071067811864569,0.03492835632758965,11.131089454910502,-3.090600517569649e-05,nan,17.44544578442658,nan,0.998046875,0.390625,115.49238084454674
2,msam,msam@per-layer,Momentum-SAM (MSAM) [per-layer Frob],per-layer,sgd,momentum_lookahead,frobenius,added,1.6,0.05,nominal,0.1,additive,1.0,nn_ce,2.2504740078131276,3,0,-1,500,501,0.019787178877487932,-2.2306868289356396,nan,nan,0.02013831545487681,0.07071067811864765,0.043249736248889774,13.257936420016195,-1.3991746703120866e-05,nan,21.197980800275914,nan,0.994140625,0.3984375,72.2725953321805
2,msam,msam@per-layer,Momentum-SAM (MSAM) [per-layer Frob],per-layer,sgd,momentum_lookahead,frobenius,added,1.6,0.05,nominal,0.1,additive,1.0,nn_ce,2.2504740078131276,4,0,-1,500,501,0.028203652418464252,-2.2222703553946634,nan,nan,0.20055912793181283,0.0707106781186452,0.03079754068555085,10.88853851598199,-0.0019509394570660886,nan,18.484084128960536,nan,0.99609375,0.35546875,48.82465734415595
2,msam,msam@per-layer,Momentum-SAM (MSAM) [per-layer Frob],per-layer,sgd,momentum_lookahead,frobenius,added,1.6,0.05,nominal,0.1,additive,1.0,nn_ce,2.2504740078131276,5,0,-1,500,501,0.014975505816701103,-2.2354985019964264,nan,nan,0.032443260730966955,0.07071067811864816,0.03404600691215661,17.555696110979163,-1.2560370100651516e-05,nan,18.134358878589165,nan,0.99609375,0.38671875,64.40699392143677
2,msam,msam@per-layer,Momentum-SAM (MSAM) [per-layer Frob],per-layer,sgd,momentum_lookahead,frobenius,added,1.6,0.05,nominal,0.1,additive,1.0,nn_ce,2.2504740078131276,6,0,-1,500,501,0.01089922364951225,-2.239574784163615,nan,nan,0.06986340549039327,0.07071067811864622,0.03037344319737252,12.598430660961071,-0.00027785764777694434,nan,17.44809106872987,nan,0.998046875,0.412109375,45.93326011259181
2,msam,msam@per-layer,Momentum-SAM (MSAM) [per-layer Frob],per-layer,sgd,momentum_lookahead,frobenius,added,1.6,0.05,nominal,0.1,additive,1.0,nn_ce,2.2504740078131276,7,0,-1,500,501,0.008080826762509662,-2.242393181050618,nan,nan,0.03499210649921973,0.07071067811864343,0.026170175049988895,8.875099404578533,2.033695846790154e-06,nan,18.060269415284843,nan,0.998046875,0.380859375,51.087899360278044
2,msam,msam@per-layer,Momentum-SAM (MSAM) [per-layer Frob],per-layer,sgd,momentum_lookahead,frobenius,added,1.6,0.01,nominal,0.1,additive,1.0,nn_ce,2.2504740078131276,0,0,-1,500,501,0.004144217601429776,-2.2463297902116977,nan,nan,0.02939136511915329,0.01414213562372973,0.009945110348397988,59.4894960420562,-6.993406751249279e-06,nan,21.28735376371164,nan,1.0,0.365234375,53.34559346755272
2,msam,msam@per-layer,Momentum-SAM (MSAM) [per-layer Frob],per-layer,sgd,momentum_lookahead,frobenius,added,1.6,0.01,nominal,0.1,additive,1.0,nn_ce,2.2504740078131276,1,0,-1,500,501,0.009211805603495087,-2.2412622022096325,nan,nan,0.21276376470767522,0.014142135623729254,0.006614444083166885,12.922392968234657,-0.0001423735796930222,nan,19.545096467599212,nan,0.998046875,0.37109375,47.72664555099119
2,msam,msam@per-layer,Momentum-SAM (MSAM) [per-layer Frob],per-layer,sgd,momentum_lookahead,frobenius,added,1.6,0.01,nominal,0.1,additive,1.0,nn_ce,2.2504740078131276,2,0,-1,500,501,0.009699132427061448,-2.240774875386066,nan,nan,0.04107610465528398,0.014142135623729143,0.006975745656446483,11.1467477961925,-2.2963555990792445e-05,nan,17.05711048087182,nan,0.99609375,0.390625,112.62333468887044
2,msam,msam@per-layer,Momentum-SAM (MSAM) [per-layer Frob],per-layer,sgd,momentum_lookahead,frobenius,added,1.6,0.01,nominal,0.1,additive,1.0,nn_ce,2.2504740078131276,3,0,-1,500,501,0.024004023108024533,-2.226469984705103,nan,nan,0.03594863730329073,0.014142135623729535,0.008647334373766805,13.273830638664597,-1.4861412922551748e-05,nan,20.855344711580518,nan,0.994140625,0.400390625,69.25723386223916
2,msam,msam@per-layer,Momentum-SAM (MSAM) [per-layer Frob],per-layer,sgd,momentum_lookahead,frobenius,added,1.6,0.01,nominal,0.1,additive,1.0,nn_ce,2.2504740078131276,4,0,-1,500,501,0.026766396256150474,-2.223707611556977,nan,nan,0.20524782449364323,0.014142135623729114,0.005892955563270555,11.084021467922,-0.0007453400510251396,nan,19.21937502084836,nan,0.9921875,0.369140625,43.707748788398646
2,msam,msam@per-layer,Momentum-SAM (MSAM) [per-layer Frob],per-layer,sgd,momentum_lookahead,frobenius,added,1.6,0.01,nominal,0.1,additive,1.0,nn_ce,2.2504740078131276,5,0,-1,500,501,0.03560625736714096,-2.2148677504459866,nan,nan,0.08369085331972313,0.01414213562372963,0.006807725185278794,17.556955942102043,-2.7637867072903555e-05,nan,17.65967025282857,nan,0.99609375,0.40234375,54.416342691532165
2,msam,msam@per-layer,Momentum-SAM (MSAM) [per-layer Frob],per-layer,sgd,momentum_lookahead,frobenius,added,1.6,0.01,nominal,0.1,additive,1.0,nn_ce,2.2504740078131276,6,0,-1,500,501,0.03139802023698351,-2.219075987576144,nan,nan,0.09122322750866457,0.014142135623729245,0.006072317853917186,12.616570998518906,-9.724775282074494e-05,nan,17.818950239174622,nan,0.998046875,0.408203125,48.853394093404866
2,msam,msam@per-layer,Momentum-SAM (MSAM) [per-layer Frob],per-layer,sgd,momentum_lookahead,frobenius,added,1.6,0.01,nominal,0.1,additive,1.0,nn_ce,2.2504740078131276,7,0,-1,500,501,0.03204506141194241,-2.2184289464011853,nan,nan,0.07153534348367496,0.014142135623728713,0.005163039051792139,8.968873461125833,-0.0001393862121829223,nan,16.949017668826155,nan,0.98828125,0.380859375,54.327090599367054
2,msam,msam@per-layer,Momentum-SAM (MSAM) [per-layer Frob],per-layer,sgd,momentum_lookahead,frobenius,added,1.6,0.1,nominal,0.1,additive,1.0,nn_ce,2.2504740078131276,0,0,-1,500,501,0.06682048309724628,-2.1836535247158815,nan,nan,0.07577306382035241,0.14142135623729737,0.09941629741864819,59.50210024020841,-0.0006222357684956964,nan,20.345622412412133,nan,0.99609375,0.416015625,53.22758959506811
2,msam,msam@per-layer,Momentum-SAM (MSAM) [per-layer Frob],per-layer,sgd,momentum_lookahead,frobenius,added,1.6,0.1,nominal,0.1,additive,1.0,nn_ce,2.2504740078131276,1,0,-1,500,501,0.008498169677529746,-2.241975838135598,nan,nan,0.11139646359372696,0.14142135623729235,0.0668978619011071,12.890145540914844,3.706445574607614e-07,nan,19.141931164880813,nan,0.99609375,0.3671875,50.16894364260134
2,msam,msam@per-layer,Momentum-SAM (MSAM) [per-layer Frob],per-layer,sgd,momentum_lookahead,frobenius,added,1.6,0.1,nominal,0.1,additive,1.0,nn_ce,2.2504740078131276,2,0,-1,500,501,0.006735197232423981,-2.2437388105807035,nan,nan,0.059990648469383255,0.14142135623729135,0.06972440061862796,11.131943259456122,-2.3166421637366326e-05,nan,17.596020906420065,nan,0.998046875,0.431640625,93.50779456723254
2,msam,msam@per-layer,Momentum-SAM (MSAM) [per-layer Frob],per-layer,sgd,momentum_lookahead,frobenius,added,1.6,0.1,nominal,0.1,additive,1.0,nn_ce,2.2504740078131276,3,0,-1,500,501,0.005513247132601592,-2.244960760680526,nan,nan,0.028540454545505883,0.1414213562372954,0.08649995120489032,13.268233819277688,-0.00021329629481569266,nan,20.442349923187212,nan,0.998046875,0.38671875,72.08875593694992
2,msam,msam@per-layer,Momentum-SAM (MSAM) [per-layer Frob],per-layer,sgd,momentum_lookahead,frobenius,added,1.6,0.1,nominal,0.1,additive,1.0,nn_ce,2.2504740078131276,4,0,-1,500,501,0.042529705211726575,-2.207944302601401,nan,nan,0.46493831066218694,0.14142135623729182,0.05781859938900726,11.384963394426508,-0.02120734218369287,nan,18.347063887522875,nan,0.98828125,0.35546875,50.000302495897266
2,msam,msam@per-layer,Momentum-SAM (MSAM) [per-layer Frob],per-layer,sgd,momentum_lookahead,frobenius,added,1.6,0.1,nominal,0.1,additive,1.0,nn_ce,2.2504740078131276,5,0,-1,500,501,0.03471815722685122,-2.215755850586276,nan,nan,0.15547206666738927,0.14142135623729638,0.06790604024740841,17.584322384859327,-0.0011927531010676035,nan,17.374256544102327,nan,0.990234375,0.416015625,59.64379294941904
2,msam,msam@per-layer,Momentum-SAM (MSAM) [per-layer Frob],per-layer,sgd,momentum_lookahead,frobenius,added,1.6,0.1,nominal,0.1,additive,1.0,nn_ce,2.2504740078131276,6,0,-1,500,501,0.04323480780730797,-2.2072392000058194,nan,nan,0.1548849323472214,0.14142135623729252,0.060478078956671844,12.628829997091186,-0.002368241123744362,nan,17.915982792679635,nan,0.99609375,0.412109375,45.25949464412101
2,msam,msam@per-layer,Momentum-SAM (MSAM) [per-layer Frob],per-layer,sgd,momentum_lookahead,frobenius,added,1.6,0.1,nominal,0.1,additive,1.0,nn_ce,2.2504740078131276,7,0,-1,500,501,0.024154296149265172,-2.226319711663862,nan,nan,0.06294100394180376,0.141421356237287,0.05195018912351443,8.897842515455222,-0.0004932499557593582,nan,18.077842176229993,nan,0.994140625,0.369140625,51.94523012004829
2,msam,msam@per-layer,Momentum-SAM (MSAM) [per-layer Frob],per-layer,sgd,momentum_lookahead,frobenius,added,1.6,0.5,nominal,0.1,additive,1.0,nn_ce,2.2504740078131276,0,0,-1,500,501,0.004989746836084271,-2.2454842609770433,nan,nan,0.08539608258342442,0.7071067811864864,0.49720928527031105,59.49491389294865,-0.0015255941593711056,nan,21.21788941317056,nan,0.998046875,0.37109375,51.42145086748731
2,msam,msam@per-layer,Momentum-SAM (MSAM) [per-layer Frob],per-layer,sgd,momentum_lookahead,frobenius,added,1.6,0.5,nominal,0.1,additive,1.0,nn_ce,2.2504740078131276,1,0,-1,500,501,0.021546673184078977,-2.2289273346290486,nan,nan,0.11576455994665938,0.7071067811864615,0.33576474707104,12.876579944540312,-0.0008579107891460575,nan,19.480057666461736,nan,0.994140625,0.38671875,41.349450665635985
2,msam,msam@per-layer,Momentum-SAM (MSAM) [per-layer Frob],per-layer,sgd,momentum_lookahead,frobenius,added,1.6,0.5,nominal,0.1,additive,1.0,nn_ce,2.2504740078131276,2,0,-1,500,501,0.0010491381040332458,-2.2494248697090944,nan,nan,0.07062638680417749,0.7071067811864566,0.34805495170844,11.11172926004339,-0.0005180353367686132,nan,17.61642020643831,nan,1.0,0.404296875,96.15960181012188
2,msam,msam@per-layer,Momentum-SAM (MSAM) [per-layer Frob],per-layer,sgd,momentum_lookahead,frobenius,added,1.6,0.5,nominal,0.1,additive,1.0,nn_ce,2.2504740078131276,3,0,-1,500,501,0.031510605801332955,-2.2189634020117945,nan,nan,0.04889857007305294,0.7071067811864767,0.4323242426739234,13.263892928705905,0.00012108392403974155,nan,21.284943552264323,nan,0.994140625,0.396484375,60.06939539095057
2,msam,msam@per-layer,Momentum-SAM (MSAM) [per-layer Frob],per-layer,sgd,momentum_lookahead,frobenius,added,1.6,0.5,nominal,0.1,additive,1.0,nn_ce,2.2504740078131276,4,0,-1,500,501,0.05717743914180247,-2.1932965686713253,nan,nan,0.3813567269117605,0.7071067811864523,0.30617681889559073,10.888627161413767,-0.02660145165539702,nan,19.71918598961078,nan,0.990234375,0.373046875,42.98989037159127
2,msam,msam@per-layer,Momentum-SAM (MSAM) [per-layer Frob],per-layer,sgd,momentum_lookahead,frobenius,added,1.6,0.5,nominal,0.1,additive,1.0,nn_ce,2.2504740078131276,5,0,-1,500,501,0.00899972376894133,-2.241474284044186,nan,nan,0.032169192733450064,0.7071067811864813,0.34056822989826185,17.54981583143342,6.284458455814608e-05,nan,17.284438968956604,nan,0.998046875,0.388671875,67.62856494215902
2,msam,msam@per-layer,Momentum-SAM (MSAM) [per-layer Frob],per-layer,sgd,momentum_lookahead,frobenius,added,1.6,0.5,nominal,0.1,additive,1.0,nn_ce,2.2504740078131276,6,0,-1,500,501,0.0018910416440319614,-2.2485829661690957,nan,nan,0.05008828766190575,0.7071067811864619,0.30372710973906775,12.586828395247453,-0.0007659640301305884,nan,17.481474296415307,nan,1.0,0.396484375,46.657909336421106
2,msam,msam@per-layer,Momentum-SAM (MSAM) [per-layer Frob],per-layer,sgd,momentum_lookahead,frobenius,added,1.6,0.5,nominal,0.1,additive,1.0,nn_ce,2.2504740078131276,7,0,-1,500,501,0.022351940461815926,-2.2281220673513116,nan,nan,0.19314250569929334,0.7071067811864347,0.25986575805737594,8.905277275385618,-0.0068630299039160285,nan,17.196587823735577,nan,0.994140625,0.3984375,49.424555258907674
2,msam,msam@per-layer,Momentum-SAM (MSAM) [per-layer Frob],per-layer,sgd,momentum_lookahead,frobenius,added,1.6,0.2,nominal,0.1,additive,1.0,nn_ce,2.2504740078131276,0,0,-1,500,501,0.059644055140973935,-2.1908299526721535,nan,nan,0.06832374067337146,0.2828427124745947,0.19884325431121228,59.511077153174476,-0.0011087172400976383,nan,20.184536488734235,nan,0.998046875,0.34375,55.747489915360504
2,msam,msam@per-layer,Momentum-SAM (MSAM) [per-layer Frob],per-layer,sgd,momentum_lookahead,frobenius,added,1.6,0.2,nominal,0.1,additive,1.0,nn_ce,2.2504740078131276,1,0,-1,500,501,0.004418736623896033,-2.2460552711892317,nan,nan,0.0649353577627938,0.2828427124745847,0.13392374826656162,12.863209495911322,-0.0006854538881054819,nan,18.838373643588596,nan,1.0,0.359375,49.01203950053693
2,msam,msam@per-layer,Momentum-SAM (MSAM) [per-layer Frob],per-layer,sgd,momentum_lookahead,frobenius,added,1.6,0.2,nominal,0.1,additive,1.0,nn_ce,2.2504740078131276,2,0,-1,500,501,0.02096945907062018,-2.2295045487425074,nan,nan,0.025759272214138065,0.2828427124745828,0.1397562856735969,11.119810102730229,0.0008553319406672186,nan,16.90449625820324,nan,0.994140625,0.40625,97.03850226467421
2,msam,msam@per-layer,Momentum-SAM (MSAM) [per-layer Frob],per-layer,sgd,momentum_lookahead,frobenius,added,1.6,0.2,nominal,0.1,additive,1.0,nn_ce,2.2504740078131276,3,0,-1,500,501,0.009820444079380297,-2.2406535637337472,nan,nan,0.03569217280539692,0.2828427124745907,0.17298318460754886,13.257069050258192,0.0003562865012626693,nan,21.214747695592372,nan,0.99609375,0.39453125,64.37632620966511
2,msam,msam@per-layer,Momentum-SAM (MSAM) [per-layer Frob],per-layer,sgd,momentum_lookahead,frobenius,added,1.6,0.2,nominal,0.1,additive,1.0,nn_ce,2.2504740078131276,4,0,-1,500,501,0.08631486769937384,-2.1641591401137537,nan,nan,0.5231171015364222,0.28284271247458426,0.11067319560295011,11.654684477663592,-0.04576472300119158,nan,19.826546513926896,nan,0.984375,0.35546875,43.79056107070953
2,msam,msam@per-layer,Momentum-SAM (MSAM) [per-layer Frob],per-layer,sgd,momentum_lookahead,frobenius,added,1.6,0.2,nominal,0.1,additive,1.0,nn_ce,2.2504740078131276,5,0,-1,500,501,0.014627513516834022,-2.2358464942962937,nan,nan,0.034014784479356394,0.28284271247459264,0.13617209791581322,17.55818392310667,-0.00010843830303969466,nan,17.70167605470167,nan,0.99609375,0.388671875,59.417348259633435
2,msam,msam@per-layer,Momentum-SAM (MSAM) [per-layer Frob],per-layer,sgd,momentum_lookahead,frobenius,added,1.6,0.2,nominal,0.1,additive,1.0,nn_ce,2.2504740078131276,6,0,-1,500,501,0.008647757620177521,-2.24182625019295,nan,nan,0.03193952810051775,0.2828427124745847,0.12160208127704433,12.575345286281577,9.538537216476767e-05,nan,17.28706503774616,nan,0.998046875,0.369140625,47.639218788456624
2,msam,msam@per-layer,Momentum-SAM (MSAM) [per-layer Frob],per-layer,sgd,momentum_lookahead,frobenius,added,1.6,0.2,nominal,0.1,additive,1.0,nn_ce,2.2504740078131276,7,0,-1,500,501,0.045730371672422554,-2.204743636140705,nan,nan,0.12188584393314106,0.28284271247457404,0.10380770014775684,8.92547055180663,-0.002553297102251481,nan,17.207603998135216,nan,0.990234375,0.400390625,48.62046749066344
2,msam,msam@per-layer,Momentum-SAM (MSAM) [per-layer Frob],per-layer,sgd,momentum_lookahead,frobenius,added,1.6,1.0,nominal,0.1,additive,1.0,nn_ce,2.2504740078131276,0,0,-1,500,501,0.009269774449467905,-2.2412042333636597,nan,nan,0.11899609489963682,1.414213562372973,0.9944393960362685,59.32934331626075,0.016321045390813006,nan,21.22774218666656,nan,0.998046875,0.326171875,50.132872810624036
2,msam,msam@per-layer,Momentum-SAM (MSAM) [per-layer Frob],per-layer,sgd,momentum_lookahead,frobenius,added,1.6,1.0,nominal,0.1,additive,1.0,nn_ce,2.2504740078131276,1,0,-1,500,501,0.013821470332890093,-2.2366525374802375,nan,nan,0.16353439296272412,1.4142135623729244,0.6695401858397986,12.902351281362762,-0.00570467056635408,nan,20.018308827324066,nan,0.9921875,0.357421875,44.990849056991536
2,msam,msam@per-layer,Momentum-SAM (MSAM) [per-layer Frob],per-layer,sgd,momentum_lookahead,frobenius,added,1.6,1.0,nominal,0.1,additive,1.0,nn_ce,2.2504740078131276,2,0,-1,500,501,0.005598243852040684,-2.244875763961087,nan,nan,0.02655542553269332,1.4142135623729135,0.6989864754439417,11.127315455516497,-0.0007430619341379065,nan,16.6995442726672,nan,0.998046875,0.43359375,101.02840062740799
2,msam,msam@per-layer,Momentum-SAM (MSAM) [per-layer Frob],per-layer,sgd,momentum_lookahead,frobenius,added,1.6,1.0,nominal,0.1,additive,1.0,nn_ce,2.2504740078131276,3,0,-1,500,501,0.03963460159974556,-2.210839406213382,nan,nan,0.05149764982648314,1.4142135623729535,0.8641619600200405,13.251631713132275,0.00817553611992139,nan,20.448526645973978,nan,0.98828125,0.37890625,54.42705440031586
2,msam,msam@per-layer,Momentum-SAM (MSAM) [per-layer Frob],per-layer,sgd,momentum_lookahead,frobenius,added,1.6,1.0,nominal,0.1,additive,1.0,nn_ce,2.2504740078131276,4,0,-1,500,501,0.056562874602165476,-2.193911133210962,nan,nan,0.35194152581113886,1.4142135623729049,0.6102463747331501,10.812178383444392,-0.035905983046794585,nan,19.500272686198965,nan,0.986328125,0.376953125,45.94828224437886
2,msam,msam@per-layer,Momentum-SAM (MSAM) [per-layer Frob],per-layer,sgd,momentum_lookahead,frobenius,added,1.6,1.0,nominal,0.1,additive,1.0,nn_ce,2.2504740078131276,5,0,-1,500,501,0.018907708731947102,-2.2315662990811806,nan,nan,0.06642304898398253,1.4142135623729628,0.6806441957675269,17.545223617260074,0.002988897315485673,nan,18.486184863583418,nan,0.99609375,0.4140625,43.61151382966396
2,msam,msam@per-layer,Momentum-SAM (MSAM) [per-layer Frob],per-layer,sgd,momentum_lookahead,frobenius,added,1.6,1.0,nominal,0.1,additive,1.0,nn_ce,2.2504740078131276,6,0,-1,500,501,0.0196406147877519,-2.230833393025376,nan,nan,0.08685006179876394,1.4142135623729237,0.6076563844777676,12.619296992302258,0.007718576397174836,nan,17.89572789827341,nan,0.99609375,0.3984375,41.75962311275406
2,msam,msam@per-layer,Momentum-SAM (MSAM) [per-layer Frob],per-layer,sgd,momentum_lookahead,frobenius,added,1.6,1.0,nominal,0.1,additive,1.0,nn_ce,2.2504740078131276,7,0,-1,500,501,0.015453609089600952,-2.2350203987235266,nan,nan,0.030948380677080885,1.414213562372869,0.5207672648441175,8.893235686727111,0.0023813924661181454,nan,18.371169850074903,nan,0.99609375,0.380859375,41.81492998188969
2,msam,msam@global,Momentum-SAM (MSAM) [global Frob],global,sgd,momentum_lookahead,frobenius,added,2.0,0.01,nominal,0.1,additive,1.0,nn_ce,2.2504740078131276,0,0,-1,500,501,0.012866876484688277,-2.2376071313284394,nan,nan,0.04557698659261992,0.009999999999998625,0.005651349454859463,6.889390682140124,-2.1432655682229046e-05,nan,21.997277638204636,nan,1.0,0.375,9.900086323261627
2,msam,msam@global,Momentum-SAM (MSAM) [global Frob],global,sgd,momentum_lookahead,frobenius,added,2.0,0.01,nominal,0.1,additive,1.0,nn_ce,2.2504740078131276,1,0,-1,500,501,0.02292549219300306,-2.2275485156201245,nan,nan,0.122932333199435,0.009999999999998507,0.003874416151573077,6.442832889253219,-0.00031448072153772433,nan,21.807385729862318,nan,0.99609375,0.38671875,9.409551379235186
2,msam,msam@global,Momentum-SAM (MSAM) [global Frob],global,sgd,momentum_lookahead,frobenius,added,2.0,0.01,nominal,0.1,additive,1.0,nn_ce,2.2504740078131276,2,0,-1,500,501,0.012291523626635905,-2.2381824841864915,nan,nan,0.04494185322681989,0.009999999999998085,0.003553005249335065,5.184344709521651,-4.016646353537795e-05,nan,23.201844783369907,nan,1.0,0.390625,8.606287044090452
2,msam,msam@global,Momentum-SAM (MSAM) [global Frob],global,sgd,momentum_lookahead,frobenius,added,2.0,0.01,nominal,0.1,additive,1.0,nn_ce,2.2504740078131276,3,0,-1,500,501,0.012322233090659232,-2.238151774722468,nan,nan,0.03361724736642539,0.009999999999998305,0.003361481005018168,5.782040214294075,-1.2310593220580049e-05,nan,22.537754944263362,nan,1.0,0.365234375,10.343986089334141
2,msam,msam@global,Momentum-SAM (MSAM) [global Frob],global,sgd,momentum_lookahead,frobenius,added,2.0,0.01,nominal,0.1,additive,1.0,nn_ce,2.2504740078131276,4,0,-1,500,501,0.0113671477040028,-2.239106860109125,nan,nan,0.04454133653783539,0.009999999999998574,0.006333714020198047,6.720016323843518,-2.698982180072279e-05,nan,22.358791862817302,nan,1.0,0.41796875,9.977642246219805
2,msam,msam@global,Momentum-SAM (MSAM) [global Frob],global,sgd,momentum_lookahead,frobenius,added,2.0,0.01,nominal,0.1,additive,1.0,nn_ce,2.2504740078131276,5,0,-1,500,501,0.01135034555575006,-2.2391236622573776,nan,nan,0.03635988370843641,0.009999999999998269,0.003965298574425788,5.625757102600054,-3.60657268962776e-05,nan,23.029905237598566,nan,1.0,0.384765625,8.519914092342209
2,msam,msam@global,Momentum-SAM (MSAM) [global Frob],global,sgd,momentum_lookahead,frobenius,added,2.0,0.01,nominal,0.1,additive,1.0,nn_ce,2.2504740078131276,6,0,-1,500,501,0.012484217297418134,-2.2379897905157096,nan,nan,0.04400817850869839,0.00999999999999982,0.009952190444066283,50.18193269978401,-4.510618691288409e-06,nan,23.383984424413768,nan,1.0,0.365234375,12.025053942817074
2,msam,msam@global,Momentum-SAM (MSAM) [global Frob],global,sgd,momentum_lookahead,frobenius,added,2.0,0.01,nominal,0.1,additive,1.0,nn_ce,2.2504740078131276,7,0,-1,500,501,0.028426494515653215,-2.222047513297474,nan,nan,0.0923526314757732,0.00999999999999835,0.0038701764070641262,5.916065322218899,-0.0001621744873548138,nan,22.79575479267415,nan,0.990234375,0.40234375,10.056332206950772
2,msam,msam@global,Momentum-SAM (MSAM) [global Frob],global,sgd,momentum_lookahead,frobenius,added,2.0,0.02,nominal,0.1,additive,1.0,nn_ce,2.2504740078131276,0,0,-1,500,501,0.012473237015585616,-2.238000770797542,nan,nan,0.04891475444918236,0.01999999999999725,0.011305312438554597,6.88651044250138,-3.601387460194956e-05,nan,21.949976049912042,nan,1.0,0.390625,9.359297097277276
2,msam,msam@global,Momentum-SAM (MSAM) [global Frob],global,sgd,momentum_lookahead,frobenius,added,2.0,0.02,nominal,0.1,additive,1.0,nn_ce,2.2504740078131276,1,0,-1,500,501,0.02284150482823158,-2.227632502984896,nan,nan,0.10167624665232897,0.019999999999996947,0.007624821061500425,6.317163799579298,-0.0002802334949469458,nan,21.950339752516147,nan,0.99609375,0.3671875,9.494012528153123
2,msam,msam@global,Momentum-SAM (MSAM) [global Frob],global,sgd,momentum_lookahead,frobenius,added,2.0,0.02,nominal,0.1,additive,1.0,nn_ce,2.2504740078131276,2,0,-1,500,501,0.01002235205714983,-2.2404516557559777,nan,nan,0.039411545260675744,0.01999999999999617,0.007107513690715029,5.176279468539033,-6.620732597510844e-05,nan,23.187546037680335,nan,1.0,0.3828125,8.655734771866245
2,msam,msam@global,Momentum-SAM (MSAM) [global Frob],global,sgd,momentum_lookahead,frobenius,added,2.0,0.02,nominal,0.1,additive,1.0,nn_ce,2.2504740078131276,3,0,-1,500,501,0.01149442027566831,-2.238979587537459,nan,nan,0.03461090941104885,0.01999999999999661,0.006692938569210214,5.786270174379239,-2.360235182752128e-05,nan,22.599192721642023,nan,1.0,0.376953125,10.137299950175843
2,msam,msam@global,Momentum-SAM (MSAM) [global Frob],global,sgd,momentum_lookahead,frobenius,added,2.0,0.02,nominal,0.1,additive,1.0,nn_ce,2.2504740078131276,4,0,-1,500,501,0.008296290435816223,-2.242177717377311,nan,nan,0.03265138309672493,0.01999999999999714,0.012690557811758268,6.707904045429507,-3.0840353119674854e-05,nan,22.60673208045446,nan,1.0,0.375,9.900895959998255
2,msam,msam@global,Momentum-SAM (MSAM) [global Frob],global,sgd,momentum_lookahead,frobenius,added,2.0,0.02,nominal,0.1,additive,1.0,nn_ce,2.2504740078131276,5,0,-1,500,501,0.011230156274745207,-2.2392438515383826,nan,nan,0.03800961084819954,0.019999999999996527,0.00799810735316377,5.626340751783257,-7.612700328672728e-05,nan,23.155111229015333,nan,1.0,0.400390625,8.36566405506964
2,msam,msam@global,Momentum-SAM (MSAM) [global Frob],global,sgd,momentum_lookahead,frobenius,added,2.0,0.02,nominal,0.1,additive,1.0,nn_ce,2.2504740078131276,6,0,-1,500,501,0.009144390012977684,-2.24132961780015,nan,nan,0.03747683823988101,0.01999999999999964,0.019905228690669872,50.17842700992185,-6.087292157013965e-06,nan,23.345376665533983,nan,1.0,0.3671875,11.888580915876545
2,msam,msam@global,Momentum-SAM (MSAM) [global Frob],global,sgd,momentum_lookahead,frobenius,added,2.0,0.02,nominal,0.1,additive,1.0,nn_ce,2.2504740078131276,7,0,-1,500,501,0.030491854082258428,-2.2199821537308693,nan,nan,0.08494411846316845,0.019999999999996666,0.00782059540578506,5.865611061150519,-0.00023924671941115416,nan,22.770418016338432,nan,0.994140625,0.408203125,10.103704081740487
2,msam,msam@global,Momentum-SAM (MSAM) [global Frob],global,sgd,momentum_lookahead,frobenius,added,2.0,0.05,nominal,0.1,additive,1.0,nn_ce,2.2504740078131276,0,0,-1,500,501,0.013096993432949436,-2.2373770143801783,nan,nan,0.04319585695254194,0.049999999999993106,0.02824629096086687,6.890003062744226,-8.57689154687806e-05,nan,22.031203014963072,nan,1.0,0.36328125,9.526687471001344
2,msam,msam@global,Momentum-SAM (MSAM) [global Frob],global,sgd,momentum_lookahead,frobenius,added,2.0,0.05,nominal,0.1,additive,1.0,nn_ce,2.2504740078131276,1,0,-1,500,501,0.02709947194276618,-2.2233745358703616,nan,nan,0.11529879968555007,0.04999999999999263,0.01942830187748663,6.4994049403982785,-0.0016031280566057918,nan,22.092957899876332,nan,0.994140625,0.3828125,9.726839837183984
2,msam,msam@global,Momentum-SAM (MSAM) [global Frob],global,sgd,momentum_lookahead,frobenius,added,2.0,0.05,nominal,0.1,additive,1.0,nn_ce,2.2504740078131276,2,0,-1,500,501,0.01049029989650328,-2.2399837079166245,nan,nan,0.04092502346513555,0.04999999999999042,0.01776252300903111,5.171061619262186,-0.00015264904429113102,nan,22.997191062792393,nan,1.0,0.396484375,8.469673632867845
2,msam,msam@global,Momentum-SAM (MSAM) [global Frob],global,sgd,momentum_lookahead,frobenius,added,2.0,0.05,nominal,0.1,additive,1.0,nn_ce,2.2504740078131276,3,0,-1,500,501,0.010411181612452376,-2.240062826200675,nan,nan,0.03956177902449843,0.04999999999999152,0.016752780279170702,5.792040771228843,-9.358103723550691e-05,nan,22.623041619602223,nan,1.0,0.390625,9.933923150453495
2,msam,msam@global,Momentum-SAM (MSAM) [global Frob],global,sgd,momentum_lookahead,frobenius,added,2.0,0.05,nominal,0.1,additive,1.0,nn_ce,2.2504740078131276,4,0,-1,500,501,0.008311816024402832,-2.242162191788725,nan,nan,0.029749665113319574,0.04999999999999287,0.03171939711128709,6.7053070828773835,-7.115661847817423e-05,nan,22.35097693719759,nan,1.0,0.37109375,10.235987654141327
2,msam,msam@global,Momentum-SAM (MSAM) [global Frob],global,sgd,momentum_lookahead,frobenius,added,2.0,0.05,nominal,0.1,additive,1.0,nn_ce,2.2504740078131276,5,0,-1,500,501,0.01188780313798813,-2.2385862046751392,nan,nan,0.03947404411946907,0.04999999999999134,0.019890978774082645,5.628530779210555,-0.00019326317529746312,nan,23.052618165929946,nan,1.0,0.390625,8.40240271988833
2,msam,msam@global,Momentum-SAM (MSAM) [global Frob],global,sgd,momentum_lookahead,frobenius,added,2.0,0.05,nominal,0.1,additive,1.0,nn_ce,2.2504740078131276,6,0,-1,500,501,0.008989093200484237,-2.241484914612643,nan,nan,0.03389920151587611,0.0499999999999991,0.049763436417322206,50.1751391871244,-9.376479222998266e-06,nan,23.5795235800816,nan,1.0,0.34765625,11.297690469846541
2,msam,msam@global,Momentum-SAM (MSAM) [global Frob],global,sgd,momentum_lookahead,frobenius,added,2.0,0.05,nominal,0.1,additive,1.0,nn_ce,2.2504740078131276,7,0,-1,500,501,0.03233157220399354,-2.218142435609134,nan,nan,0.08217227114444374,0.04999999999999161,0.019525235342733583,5.838128715050649,-0.0005168605445920182,nan,22.770534605554126,nan,0.990234375,0.4140625,9.984938695953964
2,msam,msam@global,Momentum-SAM (MSAM) [global Frob],global,sgd,momentum_lookahead,frobenius,added,2.0,0.1,nominal,0.1,additive,1.0,nn_ce,2.2504740078131276,0,0,-1,500,501,0.014297038125367626,-2.23617696968776,nan,nan,0.05184669600813584,0.09999999999998624,0.05646057086667244,6.8958592121470765,-0.00029826529312306643,nan,21.969507237600713,nan,1.0,0.37109375,9.19141036401343
2,msam,msam@global,Momentum-SAM (MSAM) [global Frob],global,sgd,momentum_lookahead,frobenius,added,2.0,0.1,nominal,0.1,additive,1.0,nn_ce,2.2504740078131276,1,0,-1,500,501,0.03673824628898091,-2.2137357615241466,nan,nan,0.1208285407529302,0.09999999999998516,0.038273753926304374,6.479422070219225,-0.003074444659228147,nan,21.7973822464208,nan,0.99609375,0.40234375,9.411584274064495
2,msam,msam@global,Momentum-SAM (MSAM) [global Frob],global,sgd,momentum_lookahead,frobenius,added,2.0,0.1,nominal,0.1,additive,1.0,nn_ce,2.2504740078131276,2,0,-1,500,501,0.011413088474750588,-2.239060919338377,nan,nan,0.045014646659050535,0.09999999999998087,0.03542119488642818,5.181745037013223,-0.0004378959233448075,nan,23.17884846243494,nan,1.0,0.380859375,8.455120187503859
2,msam,msam@global,Momentum-SAM (MSAM) [global Frob],global,sgd,momentum_lookahead,frobenius,added,2.0,0.1,nominal,0.1,additive,1.0,nn_ce,2.2504740078131276,3,0,-1,500,501,0.011220195872526692,-2.2392538119406007,nan,nan,0.03675294392548358,0.09999999999998305,0.03355656763276207,5.787479199173326,-0.0001317918852987137,nan,22.688789384241293,nan,1.0,0.40234375,9.455682237522566
2,msam,msam@global,Momentum-SAM (MSAM) [global Frob],global,sgd,momentum_lookahead,frobenius,added,2.0,0.1,nominal,0.1,additive,1.0,nn_ce,2.2504740078131276,4,0,-1,500,501,0.009745228294366883,-2.2407287795187605,nan,nan,0.03855575235276778,0.09999999999998571,0.06337847936286552,6.697455862724234,-0.00010166964203924163,nan,22.269492016039568,nan,1.0,0.4140625,9.647712872230832
2,msam,msam@global,Momentum-SAM (MSAM) [global Frob],global,sgd,momentum_lookahead,frobenius,added,2.0,0.1,nominal,0.1,additive,1.0,nn_ce,2.2504740078131276,5,0,-1,500,501,0.011645940296992972,-2.2388280675161347,nan,nan,0.03520240177192526,0.09999999999998266,0.03971016396320218,5.626816230399295,-0.00035047961066397675,nan,23.00005814645363,nan,1.0,0.408203125,8.073657698926464
2,msam,msam@global,Momentum-SAM (MSAM) [global Frob],global,sgd,momentum_lookahead,frobenius,added,2.0,0.1,nominal,0.1,additive,1.0,nn_ce,2.2504740078131276,6,0,-1,500,501,0.015470896429936497,-2.235003111383191,nan,nan,0.04024362155002465,0.09999999999999817,0.0995260684827495,50.175630359296214,-2.8788818611607397e-05,nan,23.457776574794682,nan,0.998046875,0.37890625,12.064088048519908
2,msam,msam@global,Momentum-SAM (MSAM) [global Frob],global,sgd,momentum_lookahead,frobenius,added,2.0,0.1,nominal,0.1,additive,1.0,nn_ce,2.2504740078131276,7,0,-1,500,501,0.022014549478587414,-2.22845945833454,nan,nan,0.08072867134603436,0.09999999999998321,0.03870617704361874,5.831717825766877,-0.0008997411785742655,nan,22.833623378680862,nan,0.998046875,0.404296875,9.962951869879628
2,msam,msam@global,Momentum-SAM (MSAM) [global Frob],global,sgd,momentum_lookahead,frobenius,added,2.0,0.2,nominal,0.1,additive,1.0,nn_ce,2.2504740078131276,0,0,-1,500,501,0.014900489305022378,-2.2355735185081054,nan,nan,0.046846724023176266,0.19999999999997245,0.11314066382354887,6.885973033753874,-0.0003153377278385192,nan,21.86851255763218,nan,1.0,0.3828125,9.407284942565425
2,msam,msam@global,Momentum-SAM (MSAM) [global Frob],global,sgd,momentum_lookahead,frobenius,added,2.0,0.2,nominal,0.1,additive,1.0,nn_ce,2.2504740078131276,1,0,-1,500,501,0.033128767380232946,-2.217345240432895,nan,nan,0.12607092761146654,0.19999999999997028,0.07638118839392326,6.448976006046883,-0.0061445232158370625,nan,21.987069276019408,nan,0.994140625,0.390625,9.667479112568088
2,msam,msam@global,Momentum-SAM (MSAM) [global Frob],global,sgd,momentum_lookahead,frobenius,added,2.0,0.2,nominal,0.1,additive,1.0,nn_ce,2.2504740078131276,2,0,-1,500,501,0.011708629019531826,-2.238765378793596,nan,nan,0.04111816167495656,0.19999999999996157,0.07110219374839714,5.168216081681265,-0.0005383501742923479,nan,23.100295614653277,nan,1.0,0.404296875,8.408931833581006
2,msam,msam@global,Momentum-SAM (MSAM) [global Frob],global,sgd,momentum_lookahead,frobenius,added,2.0,0.2,nominal,0.1,additive,1.0,nn_ce,2.2504740078131276,3,0,-1,500,501,0.012067949581580507,-2.238406058231547,nan,nan,0.03829665948163577,0.19999999999996612,0.06739017272361368,5.787730438552895,-0.0002666197000780659,nan,22.804905715598032,nan,1.0,0.361328125,9.790653906898271
2,msam,msam@global,Momentum-SAM (MSAM) [global Frob],global,sgd,momentum_lookahead,frobenius,added,2.0,0.2,nominal,0.1,additive,1.0,nn_ce,2.2504740078131276,4,0,-1,500,501,0.012407141224863227,-2.238066866588264,nan,nan,0.040120552894960505,0.19999999999997148,0.12687533631740175,6.715347586698802,-0.000350097596239423,nan,22.620749299786166,nan,1.0,0.40234375,9.041073796887499
2,msam,msam@global,Momentum-SAM (MSAM) [global Frob],global,sgd,momentum_lookahead,frobenius,added,2.0,0.2,nominal,0.1,additive,1.0,nn_ce,2.2504740078131276,5,0,-1,500,501,0.011267279709505728,-2.2392067281036216,nan,nan,0.03593758009026013,0.19999999999996518,0.07963570913706051,5.611039551390926,-0.00037243375030946574,nan,23.031418938480687,nan,1.0,0.408203125,8.252505435943181
2,msam,msam@global,Momentum-SAM (MSAM) [global Frob],global,sgd,momentum_lookahead,frobenius,added,2.0,0.2,nominal,0.1,additive,1.0,nn_ce,2.2504740078131276,6,0,-1,500,501,0.009174016770111038,-2.2412999910430167,nan,nan,0.036496779074962696,0.19999999999999646,0.19905358811036683,50.17709593640156,0.0003196991554390554,nan,23.44426651054098,nan,1.0,0.375,11.202657814551234
2,msam,msam@global,Momentum-SAM (MSAM) [global Frob],global,sgd,momentum_lookahead,frobenius,added,2.0,0.2,nominal,0.1,additive,1.0,nn_ce,2.2504740078131276,7,0,-1,500,501,0.02977735505713814,-2.2206966527559895,nan,nan,0.09285592586968845,0.19999999999996665,0.07800802990710336,5.859325767289005,-0.002328348340864709,nan,22.952942116052622,nan,0.9921875,0.40625,9.914839382254911
2,msam,msam@global,Momentum-SAM (MSAM) [global Frob],global,sgd,momentum_lookahead,frobenius,added,2.0,0.5,nominal,0.1,additive,1.0,nn_ce,2.2504740078131276,0,0,-1,500,501,0.015129771376332035,-2.2353442364367955,nan,nan,0.04729293068993169,0.49999999999993094,0.2828390556649616,6.88228517032611,-0.0003857414610388167,nan,21.890419674502418,nan,1.0,0.3984375,9.180329911847535
2,msam,msam@global,Momentum-SAM (MSAM) [global Frob],global,sgd,momentum_lookahead,frobenius,added,2.0,0.5,nominal,0.1,additive,1.0,nn_ce,2.2504740078131276,1,0,-1,500,501,0.04378624668112234,-2.206687761132005,nan,nan,0.1621633429581237,0.49999999999992595,0.19442837051554743,6.476724178874326,-0.018797510660062924,nan,21.76633695489251,nan,0.9921875,0.3828125,9.5849296046173
2,msam,msam@global,Momentum-SAM (MSAM) [global Frob],global,sgd,momentum_lookahead,frobenius,added,2.0,0.5,nominal,0.1,additive,1.0,nn_ce,2.2504740078131276,2,0,-1,500,501,0.012540479458228025,-2.2379335283548993,nan,nan,0.041209151220660115,0.49999999999990363,0.1784568416977636,5.149178981359403,-0.0008250249426792235,nan,23.25744913716266,nan,1.0,0.392578125,8.266156092330966
2,msam,msam@global,Momentum-SAM (MSAM) [global Frob],global,sgd,momentum_lookahead,frobenius,added,2.0,0.5,nominal,0.1,additive,1.0,nn_ce,2.2504740078131276,3,0,-1,500,501,0.012911487102395997,-2.2375625207107315,nan,nan,0.045106631193232855,0.4999999999999152,0.1681695888253143,5.785220409731131,-0.0005938552269780083,nan,22.865852650145122,nan,1.0,0.35546875,9.903676167466173
2,msam,msam@global,Momentum-SAM (MSAM) [global Frob],global,sgd,momentum_lookahead,frobenius,added,2.0,0.5,nominal,0.1,additive,1.0,nn_ce,2.2504740078131276,4,0,-1,500,501,0.010810356756783948,-2.2396636510563437,nan,nan,0.03546841291523115,0.4999999999999286,0.31726260791234895,6.696208635662975,-0.00024506384688053294,nan,22.556766775338833,nan,1.0,0.40234375,9.095993236647924
2,msam,msam@global,Momentum-SAM (MSAM) [global Frob],global,sgd,momentum_lookahead,frobenius,added,2.0,0.5,nominal,0.1,additive,1.0,nn_ce,2.2504740078131276,5,0,-1,500,501,0.012084720980894317,-2.2383892868322333,nan,nan,0.03339457254992357,0.49999999999991285,0.1996034092140783,5.6051035559177835,-0.00019036869122568238,nan,23.145941291189203,nan,1.0,0.380859375,8.469804480087301
2,msam,msam@global,Momentum-SAM (MSAM) [global Frob],global,sgd,momentum_lookahead,frobenius,added,2.0,0.5,nominal,0.1,additive,1.0,nn_ce,2.2504740078131276,6,0,-1,500,501,0.013279756958701715,-2.237194250854426,nan,nan,0.07331918252677887,0.49999999999999084,0.4976113529079437,50.18360680816516,0.00017461071198415432,nan,23.42303977736332,nan,0.998046875,0.37109375,11.182962680732143
2,msam,msam@global,Momentum-SAM (MSAM) [global Frob],global,sgd,momentum_lookahead,frobenius,added,2.0,0.5,nominal,0.1,additive,1.0,nn_ce,2.2504740078131276,7,0,-1,500,501,0.026466645342729654,-2.224007362470398,nan,nan,0.0886043490020852,0.4999999999999159,0.19516647034655354,5.815066562118223,-0.0028998378559370284,nan,22.978413870614606,nan,0.994140625,0.419921875,9.844350564122127
2,msam,msam@per-layer,Momentum-SAM (MSAM) [per-layer Frob],per-layer,sgd,momentum_lookahead,frobenius,added,2.0,0.01,nominal,0.1,additive,1.0,nn_ce,2.2504740078131276,0,0,-1,500,501,0.013583964119179285,-2.2368900436939483,nan,nan,0.04443208237437025,0.014142135623727944,0.006631551609644714,6.883821541161126,-3.370200755571304e-05,nan,21.987696879072487,nan,1.0,0.3671875,9.778743767626123
2,msam,msam@per-layer,Momentum-SAM (MSAM) [per-layer Frob],per-layer,sgd,momentum_lookahead,frobenius,added,2.0,0.01,nominal,0.1,additive,1.0,nn_ce,2.2504740078131276,1,0,-1,500,501,0.02803962665046686,-2.222434381162661,nan,nan,0.11414627147852874,0.01414213562372745,0.0044000469379545885,6.391892638674767,-0.00040631038137155587,nan,21.924128088229683,nan,0.994140625,0.373046875,10.082233763051923
2,msam,msam@per-layer,Momentum-SAM (MSAM) [per-layer Frob],per-layer,sgd,momentum_lookahead,frobenius,added,2.0,0.01,nominal,0.1,additive,1.0,nn_ce,2.2504740078131276,2,0,-1,500,501,0.01036124320078714,-2.2401127646123404,nan,nan,0.04159173714690282,0.014142135623726735,0.004139597091071475,5.184064084505838,-5.86601580932853e-05,nan,23.252883997462604,nan,1.0,0.375,8.694370666697013
2,msam,msam@per-layer,Momentum-SAM (MSAM) [per-layer Frob],per-layer,sgd,momentum_lookahead,frobenius,added,2.0,0.01,nominal,0.1,additive,1.0,nn_ce,2.2504740078131276,3,0,-1,500,501,0.0139968738779832,-2.2364771339351446,nan,nan,0.04102648342070284,0.014142135623727086,0.0041711459645024295,5.781783328078217,-4.478864369599454e-05,nan,22.624155896108466,nan,1.0,0.3671875,10.515543856399272
2,msam,msam@per-layer,Momentum-SAM (MSAM) [per-layer Frob],per-layer,sgd,momentum_lookahead,frobenius,added,2.0,0.01,nominal,0.1,additive,1.0,nn_ce,2.2504740078131276,4,0,-1,500,501,0.010071259965445212,-2.2404027478476825,nan,nan,0.03843119573504243,0.014142135623728088,0.00858892474019843,6.706356894666862,-1.7463460008859677e-05,nan,22.464421909023358,nan,1.0,0.40234375,9.53839810956449
2,msam,msam@per-layer,Momentum-SAM (MSAM) [per-layer Frob],per-layer,sgd,momentum_lookahead,frobenius,added,2.0,0.01,nominal,0.1,additive,1.0,nn_ce,2.2504740078131276,5,0,-1,500,501,0.010930472234790076,-2.2395435355783375,nan,nan,0.036829642397889314,0.014142135623727372,0.006632490061631965,5.62939966281088,-5.054855329180048e-05,nan,23.03727971069322,nan,1.0,0.390625,8.696636456945326
2,msam,msam@per-layer,Momentum-SAM (MSAM) [per-layer Frob],per-layer,sgd,momentum_lookahead,frobenius,added,2.0,0.01,nominal,0.1,additive,1.0,nn_ce,2.2504740078131276,6,0,-1,500,501,0.011417199492476602,-2.239056808320651,nan,nan,0.05494489831175396,0.01414213562372861,0.009968887780640147,50.18079097614583,-7.339458605756105e-05,nan,23.370430880584347,nan,1.0,0.373046875,12.126513541359243
2,msam,msam@per-layer,Momentum-SAM (MSAM) [per-layer Frob],per-layer,sgd,momentum_lookahead,frobenius,added,2.0,0.01,nominal,0.1,additive,1.0,nn_ce,2.2504740078131276,7,0,-1,500,501,0.024040230451618856,-2.2264337773615086,nan,nan,0.06461511224532704,0.014142135623727138,0.00447815666171706,5.806922798823941,-0.00011074639932140071,nan,22.819919426034,nan,0.99609375,0.421875,10.20468081991375
2,msam,msam@global,Momentum-SAM (MSAM) [global Frob],global,sgd,momentum_lookahead,frobenius,added,2.0,1.0,nominal,0.1,additive,1.0,nn_ce,2.2504740078131276,0,0,-1,500,501,0.012995108666235666,-2.237478899146892,nan,nan,0.04147663178250262,0.9999999999998622,0.5661933353698114,6.871735010541334,0.0005419992220502823,nan,21.8723923325942,nan,1.0,0.373046875,9.208716924129995
2,msam,msam@global,Momentum-SAM (MSAM) [global Frob],global,sgd,momentum_lookahead,frobenius,added,2.0,1.0,nominal,0.1,additive,1.0,nn_ce,2.2504740078131276,1,0,-1,500,501,0.027011579766120616,-2.223462428047007,nan,nan,0.15370507927909569,0.9999999999998455,0.3676003989370751,6.237354469257926,-0.008641781430334939,nan,22.194977687574024,nan,0.994140625,0.408203125,9.554306339869761
2,msam,msam@global,Momentum-SAM (MSAM) [global Frob],global,sgd,momentum_lookahead,frobenius,added,2.0,1.0,nominal,0.1,additive,1.0,nn_ce,2.2504740078131276,2,0,-1,500,501,0.009292510576044698,-2.2411814972370827,nan,nan,0.030566231761090214,0.9999999999998064,0.35817804621578186,5.130559592431506,0.0004661236284779352,nan,23.392473272231353,nan,1.0,0.408203125,8.658862037888307
2,msam,msam@global,Momentum-SAM (MSAM) [global Frob],global,sgd,momentum_lookahead,frobenius,added,2.0,1.0,nominal,0.1,additive,1.0,nn_ce,2.2504740078131276,3,0,-1,500,501,0.00984415078189009,-2.2406298570312373,nan,nan,0.029019412813654322,0.9999999999998304,0.3354676501892534,5.779368241907808,0.0001298467727075779,nan,22.952459252540887,nan,1.0,0.353515625,9.908938303828316
2,msam,msam@global,Momentum-SAM (MSAM) [global Frob],global,sgd,momentum_lookahead,frobenius,added,2.0,1.0,nominal,0.1,additive,1.0,nn_ce,2.2504740078131276,4,0,-1,500,501,0.013736238474611978,-2.2367377693385158,nan,nan,0.037193763538209204,0.999999999999857,0.6346582713208913,6.693223558789825,0.0013036157615534793,nan,22.625368619554905,nan,1.0,0.390625,8.774714324351972
2,msam,msam@global,Momentum-SAM (MSAM) [global Frob],global,sgd,momentum_lookahead,frobenius,added,2.0,1.0,nominal,0.1,additive,1.0,nn_ce,2.2504740078131276,5,0,-1,500,501,0.012604744558673463,-2.237869263254454,nan,nan,0.033843590383636796,0.9999999999998253,0.3986541713620528,5.593942929562571,0.0002907230873672225,nan,23.10356738306393,nan,1.0,0.376953125,8.218936117186766
2,msam,msam@global,Momentum-SAM (MSAM) [global Frob],global,sgd,momentum_lookahead,frobenius,added,2.0,1.0,nominal,0.1,additive,1.0,nn_ce,2.2504740078131276,6,0,-1,500,501,0.012190997830347043,-2.2382830099827804,nan,nan,0.08504724228223853,0.9999999999999825,0.9952227799972735,50.17861401917986,0.0008298219788852677,nan,23.408875094071664,nan,0.998046875,0.373046875,11.033496379720571
2,msam,msam@global,Momentum-SAM (MSAM) [global Frob],global,sgd,momentum_lookahead,frobenius,added,2.0,1.0,nominal,0.1,additive,1.0,nn_ce,2.2504740078131276,7,0,-1,500,501,0.03931151597635228,-2.211162491836775,nan,nan,0.12350838843346931,0.9999999999998314,0.3909233952684973,5.814147106473796,-0.00961935007902636,nan,23.12419060431643,nan,0.9921875,0.421875,9.308994814028315
2,msam,msam@per-layer,Momentum-SAM (MSAM) [per-layer Frob],per-layer,sgd,momentum_lookahead,frobenius,added,2.0,0.02,nominal,0.1,additive,1.0,nn_ce,2.2504740078131276,0,0,-1,500,501,0.0131125993545224,-2.237361408458605,nan,nan,0.047789806357164934,0.0282842712474559,0.013256856293285072,6.895516053327762,-8.997869494449875e-05,nan,21.918951462388307,nan,1.0,0.384765625,9.542548671829001
2,msam,msam@per-layer,Momentum-SAM (MSAM) [per-layer Frob],per-layer,sgd,momentum_lookahead,frobenius,added,2.0,0.02,nominal,0.1,additive,1.0,nn_ce,2.2504740078131276,1,0,-1,500,501,0.040920215825473505,-2.2095537919876542,nan,nan,0.16843872199466653,0.02828427124745506,0.008877205327013681,6.534896147614536,-0.001418561966431399,nan,22.043718981283355,nan,0.9921875,0.373046875,10.062432182042034
2,msam,msam@per-layer,Momentum-SAM (MSAM) [per-layer Frob],per-layer,sgd,momentum_lookahead,frobenius,added,2.0,0.02,nominal,0.1,additive,1.0,nn_ce,2.2504740078131276,2,0,-1,500,501,0.011249782339613195,-2.239224225473514,nan,nan,0.04147209921132783,0.028284271247453464,0.00828112630270822,5.173414669091658,-0.00011732363255276441,nan,23.1577122142986,nan,1.0,0.412109375,8.53852997755157
2,msam,msam@per-layer,Momentum-SAM (MSAM) [per-layer Frob],per-layer,sgd,momentum_lookahead,frobenius,added,2.0,0.02,nominal,0.1,additive,1.0,nn_ce,2.2504740078131276,3,0,-1,500,501,0.013000615158314122,-2.2374733926548136,nan,nan,0.0379468523094819,0.02828427124745416,0.008391063786932856,5.78350161531754,-4.980317022771144e-05,nan,22.614466344181356,nan,0.998046875,0.37890625,9.965346540338764
2,msam,msam@per-layer,Momentum-SAM (MSAM) [per-layer Frob],per-layer,sgd,momentum_lookahead,frobenius,added,2.0,0.02,nominal,0.1,additive,1.0,nn_ce,2.2504740078131276,4,0,-1,500,501,0.009528784784891194,-2.2409452230282363,nan,nan,0.03219204570815815,0.028284271247456177,0.017159525437392107,6.70840062673322,-5.091465187279619e-05,nan,22.240266402439563,nan,1.0,0.380859375,10.362203822664204
2,msam,msam@per-layer,Momentum-SAM (MSAM) [per-layer Frob],per-layer,sgd,momentum_lookahead,frobenius,added,2.0,0.02,nominal,0.1,additive,1.0,nn_ce,2.2504740078131276,5,0,-1,500,501,0.009961981674913079,-2.2405120261382145,nan,nan,0.03277537042481743,0.028284271247454727,0.013317058064445511,5.618297957506983,-7.807422164565758e-05,nan,23.17784501830194,nan,1.0,0.38671875,8.424112787155357
2,msam,msam@per-layer,Momentum-SAM (MSAM) [per-layer Frob],per-layer,sgd,momentum_lookahead,frobenius,added,2.0,0.02,nominal,0.1,additive,1.0,nn_ce,2.2504740078131276,6,0,-1,500,501,0.010785113785840888,-2.2396888940272865,nan,nan,0.03888074498222549,0.028284271247457214,0.01993764204065203,50.17690032386752,-6.86106150321747e-05,nan,23.336974748240195,nan,1.0,0.38671875,11.71728327887331
2,msam,msam@per-layer,Momentum-SAM (MSAM) [per-layer Frob],per-layer,sgd,momentum_lookahead,frobenius,added,2.0,0.02,nominal,0.1,additive,1.0,nn_ce,2.2504740078131276,7,0,-1,500,501,0.03465539340793529,-2.215818614405192,nan,nan,0.08796518167396566,0.028284271247454407,0.009092981446571244,5.876241482754431,-0.00048753701010539885,nan,22.746894027992514,nan,0.9921875,0.3984375,9.993894082703886
2,msam,msam@per-layer,Momentum-SAM (MSAM) [per-layer Frob],per-layer,sgd,momentum_lookahead,frobenius,added,2.0,0.05,nominal,0.1,additive,1.0,nn_ce,2.2504740078131276,0,0,-1,500,501,0.015100915568442914,-2.235373092244685,nan,nan,0.05518423467231199,0.07071067811863976,0.033148201460893006,6.89672419106815,-0.0002958321568041558,nan,21.842780987367053,nan,1.0,0.390625,9.264908564374407
2,msam,msam@per-layer,Momentum-SAM (MSAM) [per-layer Frob],per-layer,sgd,momentum_lookahead,frobenius,added,2.0,0.05,nominal,0.1,additive,1.0,nn_ce,2.2504740078131276,1,0,-1,500,501,0.015913901229631138,-2.2345601065834964,nan,nan,0.07480837203829878,0.07071067811863646,0.023042602849841647,6.282904654929125,-0.000716054751349289,nan,21.727333847200335,nan,0.998046875,0.384765625,9.832146181874421
2,msam,msam@per-layer,Momentum-SAM (MSAM) [per-layer Frob],per-layer,sgd,momentum_lookahead,frobenius,added,2.0,0.05,nominal,0.1,additive,1.0,nn_ce,2.2504740078131276,2,0,-1,500,501,0.011867328119283507,-2.238606679693844,nan,nan,0.04349055426957122,0.07071067811863367,0.020756991751657874,5.165423835301665,-0.0002638830591813173,nan,23.127670745848455,nan,1.0,0.392578125,8.58592786572709
2,msam,msam@per-layer,Momentum-SAM (MSAM) [per-layer Frob],per-layer,sgd,momentum_lookahead,frobenius,added,2.0,0.05,nominal,0.1,additive,1.0,nn_ce,2.2504740078131276,3,0,-1,500,501,0.010702197623800515,-2.239771810189327,nan,nan,0.03577364136350078,0.07071067811863542,0.020929464539459413,5.793750200344293,-0.0001629681582118528,nan,22.800932461661624,nan,1.0,0.365234375,9.884866863431743
2,msam,msam@per-layer,Momentum-SAM (MSAM) [per-layer Frob],per-layer,sgd,momentum_lookahead,frobenius,added,2.0,0.05,nominal,0.1,additive,1.0,nn_ce,2.2504740078131276,4,0,-1,500,501,0.008352472090547467,-2.24212153572258,nan,nan,0.0295942483958607,0.07071067811864044,0.04296542403907891,6.704078164643481,-0.00010306618116319097,nan,22.465476326147996,nan,1.0,0.37890625,10.003168005852213
2,msam,msam@per-layer,Momentum-SAM (MSAM) [per-layer Frob],per-layer,sgd,momentum_lookahead,frobenius,added,2.0,0.05,nominal,0.1,additive,1.0,nn_ce,2.2504740078131276,5,0,-1,500,501,0.011756558369609652,-2.238717449443518,nan,nan,0.03758072632738135,0.07071067811863686,0.03324528083799044,5.623129874934706,-0.00021304332262592034,nan,23.1376424667555,nan,1.0,0.40234375,8.468641000253122
2,msam,msam@per-layer,Momentum-SAM (MSAM) [per-layer Frob],per-layer,sgd,momentum_lookahead,frobenius,added,2.0,0.05,nominal,0.1,additive,1.0,nn_ce,2.2504740078131276,6,0,-1,500,501,0.01923830203904329,-2.2312357057740844,nan,nan,0.04592964270227882,0.07071067811864305,0.04984392532408702,50.178393559644455,-0.00025597862089168574,nan,23.56137495323566,nan,0.99609375,0.36328125,11.619027522170274
2,msam,msam@per-layer,Momentum-SAM (MSAM) [per-layer Frob],per-layer,sgd,momentum_lookahead,frobenius,added,2.0,0.05,nominal,0.1,additive,1.0,nn_ce,2.2504740078131276,7,0,-1,500,501,0.033600238967666264,-2.216873768845461,nan,nan,0.09481106760461669,0.07071067811863617,0.02258043219972726,5.864432233941669,-0.001392562217055228,nan,22.70621826444375,nan,0.9921875,0.419921875,9.627612344081877
2,msam,msam@per-layer,Momentum-SAM (MSAM) [per-layer Frob],per-layer,sgd,momentum_lookahead,frobenius,added,2.0,0.1,nominal,0.1,additive,1.0,nn_ce,2.2504740078131276,0,0,-1,500,501,0.014928332050985349,-2.2355456757621424,nan,nan,0.05068324270616326,0.1414213562372795,0.06628711305441735,6.890688736624859,-0.0004180689426403171,nan,21.95038354358471,nan,1.0,0.37890625,9.358511556242991
2,msam,msam@per-layer,Momentum-SAM (MSAM) [per-layer Frob],per-layer,sgd,momentum_lookahead,frobenius,added,2.0,0.1,nominal,0.1,additive,1.0,nn_ce,2.2504740078131276,1,0,-1,500,501,0.03579006864261889,-2.214683939170509,nan,nan,0.1377561086063384,0.14142135623727425,0.043911915179748136,6.388582064436363,-0.004242481127155681,nan,21.917584241266454,nan,0.994140625,0.400390625,9.762515085548703
2,msam,msam@per-layer,Momentum-SAM (MSAM) [per-layer Frob],per-layer,sgd,momentum_lookahead,frobenius,added,2.0,0.1,nominal,0.1,additive,1.0,nn_ce,2.2504740078131276,2,0,-1,500,501,0.010288897773651318,-2.240185110039476,nan,nan,0.036828196728671624,0.14142135623726718,0.04146902324813859,5.160969140214879,-0.0003060711299099732,nan,23.195330848888453,nan,1.0,0.39453125,8.388018314208447
2,msam,msam@per-layer,Momentum-SAM (MSAM) [per-layer Frob],per-layer,sgd,momentum_lookahead,frobenius,added,2.0,0.1,nominal,0.1,additive,1.0,nn_ce,2.2504740078131276,3,0,-1,500,501,0.01196195033363922,-2.2385120574794883,nan,nan,0.03962228228814533,0.14142135623727078,0.041798435243540676,5.7867343750910925,-0.00022165345562815027,nan,22.781610818273528,nan,1.0,0.376953125,9.974731677536333
2,msam,msam@per-layer,Momentum-SAM (MSAM) [per-layer Frob],per-layer,sgd,momentum_lookahead,frobenius,added,2.0,0.1,nominal,0.1,additive,1.0,nn_ce,2.2504740078131276,4,0,-1,500,501,0.01003442012696771,-2.24043958768616,nan,nan,0.03606884435476492,0.14142135623728086,0.08586405424253002,6.704771604280683,-0.00023555414938688894,nan,22.255599344775902,nan,1.0,0.373046875,10.18817444039392
2,msam,msam@per-layer,Momentum-SAM (MSAM) [per-layer Frob],per-layer,sgd,momentum_lookahead,frobenius,added,2.0,0.1,nominal,0.1,additive,1.0,nn_ce,2.2504740078131276,5,0,-1,500,501,0.011599296784377301,-2.23887471102875,nan,nan,0.0370100619128051,0.14142135623727373,0.06666540406176787,5.622157534616297,-0.0004363715313871752,nan,23.061489299251733,nan,1.0,0.3984375,8.244312198188242
2,msam,msam@per-layer,Momentum-SAM (MSAM) [per-layer Frob],per-layer,sgd,momentum_lookahead,frobenius,added,2.0,0.1,nominal,0.1,additive,1.0,nn_ce,2.2504740078131276,6,0,-1,500,501,0.013876803516157905,-2.2365972042969697,nan,nan,0.043555375188764546,0.14142135623728602,0.09968839985348314,50.18265268716118,-0.00036212988182620677,nan,23.42554964503392,nan,0.998046875,0.35546875,11.655010045306998
2,msam,msam@per-layer,Momentum-SAM (MSAM) [per-layer Frob],per-layer,sgd,momentum_lookahead,frobenius,added,2.0,0.1,nominal,0.1,additive,1.0,nn_ce,2.2504740078131276,7,0,-1,500,501,0.03535418444886969,-2.2151198233642577,nan,nan,0.09599295423439842,0.14142135623727206,0.044739484784379425,5.851757216306082,-0.0023821208875286284,nan,22.87790712168469,nan,0.990234375,0.41015625,9.911063707326775
2,msam,msam@per-layer,Momentum-SAM (MSAM) [per-layer Frob],per-layer,sgd,momentum_lookahead,frobenius,added,2.0,0.2,nominal,0.1,additive,1.0,nn_ce,2.2504740078131276,0,0,-1,500,501,0.015866958747870894,-2.2346070490652568,nan,nan,0.054966875370520286,0.28284271247455905,0.1326964103110082,6.885420011127022,-0.0008026944685519989,nan,21.924021044659572,nan,1.0,0.37890625,9.683890949523501
2,msam,msam@per-layer,Momentum-SAM (MSAM) [per-layer Frob],per-layer,sgd,momentum_lookahead,frobenius,added,2.0,0.2,nominal,0.1,additive,1.0,nn_ce,2.2504740078131276,1,0,-1,500,501,0.03276718366829452,-2.217706824144833,nan,nan,0.14315124335434876,0.2828427124745489,0.08814724478777869,6.402553724042211,-0.00831650817719197,nan,22.06145162020671,nan,0.994140625,0.380859375,9.986424041311034
2,msam,msam@per-layer,Momentum-SAM (MSAM) [per-layer Frob],per-layer,sgd,momentum_lookahead,frobenius,added,2.0,0.2,nominal,0.1,additive,1.0,nn_ce,2.2504740078131276,2,0,-1,500,501,0.011353590416814741,-2.239120417396313,nan,nan,0.04211200098812259,0.28284271247453424,0.08305091691189201,5.15571122085495,-0.0006781363470781607,nan,23.247988518616786,nan,1.0,0.41015625,8.469398734318084
2,msam,msam@per-layer,Momentum-SAM (MSAM) [per-layer Frob],per-layer,sgd,momentum_lookahead,frobenius,added,2.0,0.2,nominal,0.1,additive,1.0,nn_ce,2.2504740078131276,3,0,-1,500,501,0.012098429225718734,-2.2383755785874087,nan,nan,0.03463582184176051,0.28284271247454135,0.08347296106373836,5.784710735737004,-0.000300923617278806,nan,22.81809454284875,nan,1.0,0.375,10.033361993904112
2,msam,msam@per-layer,Momentum-SAM (MSAM) [per-layer Frob],per-layer,sgd,momentum_lookahead,frobenius,added,2.0,0.2,nominal,0.1,additive,1.0,nn_ce,2.2504740078131276,4,0,-1,500,501,0.01256798293618279,-2.2379060248769447,nan,nan,0.039289253272923284,0.2828427124745618,0.1718375811628471,6.708114179505761,-0.0005660547387434864,nan,22.484051365249265,nan,1.0,0.3984375,9.326315497750107
2,msam,msam@per-layer,Momentum-SAM (MSAM) [per-layer Frob],per-layer,sgd,momentum_lookahead,frobenius,added,2.0,0.2,nominal,0.1,additive,1.0,nn_ce,2.2504740078131276,5,0,-1,500,501,0.0119092725672124,-2.238564735245915,nan,nan,0.034806547926067764,0.282842712474547,0.13343355213045585,5.602413609872091,-6.349784670586257e-05,nan,22.91818668767194,nan,1.0,0.3828125,8.413607044022463
2,msam,msam@per-layer,Momentum-SAM (MSAM) [per-layer Frob],per-layer,sgd,momentum_lookahead,frobenius,added,2.0,0.2,nominal,0.1,additive,1.0,nn_ce,2.2504740078131276,6,0,-1,500,501,0.014615658141400607,-2.235858349671727,nan,nan,0.0936976960390782,0.2828427124745724,0.19937898231426857,50.18005841953509,-0.0017086259482513456,nan,23.353535495129655,nan,0.998046875,0.365234375,11.381316973525722
2,msam,msam@per-layer,Momentum-SAM (MSAM) [per-layer Frob],per-layer,sgd,momentum_lookahead,frobenius,added,2.0,0.2,nominal,0.1,additive,1.0,nn_ce,2.2504740078131276,7,0,-1,500,501,0.03495957185724799,-2.2155144359558796,nan,nan,0.10963852714507424,0.2828427124745445,0.0896691366780553,5.858799587188555,-0.005161886402383169,nan,22.83607111241714,nan,0.9921875,0.44140625,9.295336008759069
2,msam,msam@per-layer,Momentum-SAM (MSAM) [per-layer Frob],per-layer,sgd,momentum_lookahead,frobenius,added,2.0,0.5,nominal,0.1,additive,1.0,nn_ce,2.2504740078131276,0,0,-1,500,501,0.01583121451970595,-2.2346427932934216,nan,nan,0.05270028584521342,0.7071067811863967,0.33164317337005356,6.875769679627937,-0.00047292811192878315,nan,22.005342339356325,nan,1.0,0.37890625,9.565594476538058
2,msam,msam@per-layer,Momentum-SAM (MSAM) [per-layer Frob],per-layer,sgd,momentum_lookahead,frobenius,added,2.0,0.5,nominal,0.1,additive,1.0,nn_ce,2.2504740078131276,1,0,-1,500,501,0.03825907051171622,-2.2122149373014115,nan,nan,0.190509556151462,0.7071067811863672,0.21826420900990276,6.34016151269342,-0.016745145863930742,nan,22.06384285823035,nan,0.990234375,0.380859375,8.93620671930049
2,msam,msam@per-layer,Momentum-SAM (MSAM) [per-layer Frob],per-layer,sgd,momentum_lookahead,frobenius,added,2.0,0.5,nominal,0.1,additive,1.0,nn_ce,2.2504740078131276,2,0,-1,500,501,0.012232789893825783,-2.2382412179193016,nan,nan,0.04729437746253068,0.7071067811863342,0.2079142622663125,5.138130452697812,-0.0007618269077980366,nan,23.382237583902196,nan,1.0,0.39453125,8.457259763345647
2,msam,msam@per-layer,Momentum-SAM (MSAM) [per-layer Frob],per-layer,sgd,momentum_lookahead,frobenius,added,2.0,0.5,nominal,0.1,additive,1.0,nn_ce,2.2504740078131276,3,0,-1,500,501,0.011414808802089269,-2.2390591990110384,nan,nan,0.03823131227423865,0.7071067811863535,0.20808970151943548,5.779080531523822,-0.0004226945995996455,nan,22.793346583603686,nan,1.0,0.35546875,9.752301502358891
2,msam,msam@per-layer,Momentum-SAM (MSAM) [per-layer Frob],per-layer,sgd,momentum_lookahead,frobenius,added,2.0,0.5,nominal,0.1,additive,1.0,nn_ce,2.2504740078131276,4,0,-1,500,501,0.012413667216152622,-2.238060340596975,nan,nan,0.038870029766698816,0.7071067811864041,0.4294368948417427,6.69494969562325,0.0005203734613411573,nan,22.437627369614727,nan,1.0,0.3828125,9.633615852847246
2,msam,msam@per-layer,Momentum-SAM (MSAM) [per-layer Frob],per-layer,sgd,momentum_lookahead,frobenius,added,2.0,0.5,nominal,0.1,additive,1.0,nn_ce,2.2504740078131276,5,0,-1,500,501,0.013353333482694118,-2.2371206743304333,nan,nan,0.03981843524153223,0.7071067811863676,0.33378804492666975,5.60084399948223,-0.0005676785993503995,nan,23.201865616058658,nan,1.0,0.3828125,8.41077819240342
2,msam,msam@per-layer,Momentum-SAM (MSAM) [per-layer Frob],per-layer,sgd,momentum_lookahead,frobenius,added,2.0,0.5,nominal,0.1,additive,1.0,nn_ce,2.2504740078131276,6,0,-1,500,501,0.021886757124001375,-2.228587250689126,nan,nan,0.10265239248058199,0.7071067811864308,0.49844237740718056,50.17548753396103,-0.006967001121406731,nan,23.489744852186092,nan,0.998046875,0.35546875,10.857781428747925
2,msam,msam@per-layer,Momentum-SAM (MSAM) [per-layer Frob],per-layer,sgd,momentum_lookahead,frobenius,added,2.0,0.5,nominal,0.1,additive,1.0,nn_ce,2.2504740078131276,7,0,-1,500,501,0.035587593848676165,-2.2148864139644515,nan,nan,0.1280780449955993,0.7071067811863608,0.225124138457594,5.8489567795178,-0.013801225599163587,nan,23.11026438782995,nan,0.9921875,0.412109375,9.337178620692733
2,msam,msam@per-layer,Momentum-SAM (MSAM) [per-layer Frob],per-layer,sgd,momentum_lookahead,frobenius,added,2.0,1.0,nominal,0.1,additive,1.0,nn_ce,2.2504740078131276,0,0,-1,500,501,0.012926606898264612,-2.237547400914863,nan,nan,0.04507659148302715,1.4142135623727932,0.6636941198666557,6.869161265513647,0.0007970620185271827,nan,22.157414696046978,nan,1.0,0.396484375,9.083300816749833
2,msam,msam@per-layer,Momentum-SAM (MSAM) [per-layer Frob],per-layer,sgd,momentum_lookahead,frobenius,added,2.0,1.0,nominal,0.1,additive,1.0,nn_ce,2.2504740078131276,1,0,-1,500,501,0.06597414574493739,-2.1844998620681904,nan,nan,0.2906218108910114,1.4142135623727394,0.42314948696994104,6.346141040943365,-0.042493802051369566,nan,22.105738451495625,nan,0.986328125,0.380859375,9.309010595480675
2,msam,msam@per-layer,Momentum-SAM (MSAM) [per-layer Frob],per-layer,sgd,momentum_lookahead,frobenius,added,2.0,1.0,nominal,0.1,additive,1.0,nn_ce,2.2504740078131276,2,0,-1,500,501,0.008865174355108531,-2.241608833458019,nan,nan,0.028798797737154824,1.4142135623726684,0.41608469246505103,5.135318074726712,0.0011471428825804986,nan,23.246851386149693,nan,1.0,0.388671875,9.074726755961306
2,msam,msam@per-layer,Momentum-SAM (MSAM) [per-layer Frob],per-layer,sgd,momentum_lookahead,frobenius,added,2.0,1.0,nominal,0.1,additive,1.0,nn_ce,2.2504740078131276,3,0,-1,500,501,0.009440931826885332,-2.241033075986242,nan,nan,0.030500484923820258,1.4142135623727061,0.41397893184623213,5.769114628026834,0.001228821355073793,nan,22.594180260076335,nan,1.0,0.373046875,9.63734921147739
2,msam,msam@per-layer,Momentum-SAM (MSAM) [per-layer Frob],per-layer,sgd,momentum_lookahead,frobenius,added,2.0,1.0,nominal,0.1,additive,1.0,nn_ce,2.2504740078131276,4,0,-1,500,501,0.009542984573591571,-2.240931023239536,nan,nan,0.033993103500222686,1.4142135623728078,0.8590821224751636,6.687785063967901,0.002573262487632247,nan,22.681796596936042,nan,1.0,0.400390625,9.04937034044164
2,msam,msam@per-layer,Momentum-SAM (MSAM) [per-layer Frob],per-layer,sgd,momentum_lookahead,frobenius,added,2.0,1.0,nominal,0.1,additive,1.0,nn_ce,2.2504740078131276,5,0,-1,500,501,0.011248111935166031,-2.2392258958779614,nan,nan,0.031103094714760755,1.4142135623727334,0.6680144084579214,5.584887539999061,0.0016907754377631038,nan,23.208537396492748,nan,1.0,0.384765625,8.060462602857038
2,msam,msam@per-layer,Momentum-SAM (MSAM) [per-layer Frob],per-layer,sgd,momentum_lookahead,frobenius,added,2.0,1.0,nominal,0.1,additive,1.0,nn_ce,2.2504740078131276,6,0,-1,500,501,0.016336463673189482,-2.234137544139938,nan,nan,0.13582639528893628,1.4142135623728587,0.996892728123631,50.17909731349027,-0.0011161601538375449,nan,23.16297689870824,nan,0.998046875,0.365234375,10.496668368809294
2,msam,msam@per-layer,Momentum-SAM (MSAM) [per-layer Frob],per-layer,sgd,momentum_lookahead,frobenius,added,2.0,1.0,nominal,0.1,additive,1.0,nn_ce,2.2504740078131276,7,0,-1,500,501,0.04773489856204852,-2.202739109251079,nan,nan,0.15439488460156156,1.4142135623727181,0.4486300034940419,5.820051542248145,-0.02031403047167977,nan,22.830855792952214,nan,0.9921875,0.419921875,9.184975113590822
2,msam,msam@global,Momentum-SAM (MSAM) [global Frob],global,sgd,momentum_lookahead,frobenius,added,3.0,0.01,nominal,0.1,additive,1.0,nn_ce,2.2504740078131276,0,0,-1,500,501,0.013462547932392942,-2.2370114598807347,nan,nan,0.026315473189169644,0.009999999999997046,0.0029140273265560266,3.346917888195648,-1.932032325343072e-05,nan,22.956292349633916,nan,1.0,0.423828125,5.402383145579315
2,msam,msam@global,Momentum-SAM (MSAM) [global Frob],global,sgd,momentum_lookahead,frobenius,added,3.0,0.01,nominal,0.1,additive,1.0,nn_ce,2.2504740078131276,1,0,-1,500,501,0.013791985067473806,-2.236682022745654,nan,nan,0.02604818016057475,0.009999999999997055,0.003104117518932095,3.4010163387873984,-2.2608534454736026e-05,nan,22.81110960107878,nan,1.0,0.380859375,5.1834726712022965
2,msam,msam@global,Momentum-SAM (MSAM) [global Frob],global,sgd,momentum_lookahead,frobenius,added,3.0,0.01,nominal,0.1,additive,1.0,nn_ce,2.2504740078131276,2,0,-1,500,501,0.01577205187557279,-2.2347019559375547,nan,nan,0.026323264632789008,0.009999999999997022,0.002998440978945369,3.3717223946492365,-1.8448745854694748e-05,nan,22.686991233671844,nan,1.0,0.4140625,4.663028308847473
2,msam,msam@global,Momentum-SAM (MSAM) [global Frob],global,sgd,momentum_lookahead,frobenius,added,3.0,0.01,nominal,0.1,additive,1.0,nn_ce,2.2504740078131276,3,0,-1,500,501,0.015311641626953691,-2.2351623661861737,nan,nan,0.026562479778308338,0.009999999999997107,0.003052436767183784,3.4113007818479653,-1.589774372123126e-05,nan,22.267665913876314,nan,1.0,0.396484375,4.981919383058152
2,msam,msam@global,Momentum-SAM (MSAM) [global Frob],global,sgd,momentum_lookahead,frobenius,added,3.0,0.01,nominal,0.1,additive,1.0,nn_ce,2.2504740078131276,4,0,-1,500,501,0.014164836689276832,-2.2363091711238505,nan,nan,0.025021062331370095,0.009999999999997032,0.0037865539001257875,3.3724485166268687,-1.5570898597680113e-05,nan,22.79947375747134,nan,1.0,0.4140625,4.989582400244154
2,msam,msam@global,Momentum-SAM (MSAM) [global Frob],global,sgd,momentum_lookahead,frobenius,added,3.0,0.01,nominal,0.1,additive,1.0,nn_ce,2.2504740078131276,5,0,-1,500,501,0.01602738154524618,-2.2344466262678813,nan,nan,0.026998305799182578,0.009999999999997053,0.0031999435051760796,3.3489598105328144,-1.9954403141519278e-05,nan,22.66501458215395,nan,1.0,0.416015625,5.053633600884481
2,msam,msam@global,Momentum-SAM (MSAM) [global Frob],global,sgd,momentum_lookahead,frobenius,added,3.0,0.01,nominal,0.1,additive,1.0,nn_ce,2.2504740078131276,6,0,-1,500,501,0.012339447798327954,-2.2381345600147995,nan,nan,0.021106642712678713,0.00999999999999695,0.0029467915087916,3.3080259259348423,-7.602123653790982e-06,nan,22.05759069377229,nan,1.0,0.453125,4.792545591335392
2,msam,msam@global,Momentum-SAM (MSAM) [global Frob],global,sgd,momentum_lookahead,frobenius,added,3.0,0.01,nominal,0.1,additive,1.0,nn_ce,2.2504740078131276,7,0,-1,500,501,0.01496745126527697,-2.2355065565478505,nan,nan,0.02498754547746301,0.009999999999997107,0.002818999691931506,3.3758479359533067,-1.1168632492116609e-05,nan,22.889036540324646,nan,1.0,0.44921875,4.948537798015195
2,msam,msam@global,Momentum-SAM (MSAM) [global Frob],global,sgd,momentum_lookahead,frobenius,added,3.0,0.02,nominal,0.1,additive,1.0,nn_ce,2.2504740078131276,0,0,-1,500,501,0.013534612965613337,-2.2369393948475143,nan,nan,0.02550339442218383,0.0199999999999941,0.005822247184210672,3.3477080984981753,-3.916056916546985e-05,nan,22.986610283843252,nan,1.0,0.416015625,5.395568834792413
2,msam,msam@global,Momentum-SAM (MSAM) [global Frob],global,sgd,momentum_lookahead,frobenius,added,3.0,0.02,nominal,0.1,additive,1.0,nn_ce,2.2504740078131276,1,0,-1,500,501,0.013884150704223405,-2.2365898571089042,nan,nan,0.0259717841925192,0.019999999999994095,0.006205834759962894,3.3957233108064058,-4.330693509925834e-05,nan,22.964382957921337,nan,1.0,0.392578125,5.132858302668482
2,msam,msam@global,Momentum-SAM (MSAM) [global Frob],global,sgd,momentum_lookahead,frobenius,added,3.0,0.02,nominal,0.1,additive,1.0,nn_ce,2.2504740078131276,2,0,-1,500,501,0.015324614549297526,-2.23514939326383,nan,nan,0.025565127816148944,0.019999999999994047,0.00599595809976254,3.3727940456392935,-3.715021364739113e-05,nan,22.81137559783009,nan,1.0,0.416015625,4.641097912651187
2,msam,msam@global,Momentum-SAM (MSAM) [global Frob],global,sgd,momentum_lookahead,frobenius,added,3.0,0.02,nominal,0.1,additive,1.0,nn_ce,2.2504740078131276,3,0,-1,500,501,0.01595865655651796,-2.2345153512566096,nan,nan,0.02759734820474818,0.019999999999994224,0.006085123706830429,3.4110417032171596,-2.987574348212174e-05,nan,22.25607969386007,nan,1.0,0.404296875,4.896921532094757
2,msam,msam@global,Momentum-SAM (MSAM) [global Frob],global,sgd,momentum_lookahead,frobenius,added,3.0,0.02,nominal,0.1,additive,1.0,nn_ce,2.2504740078131276,4,0,-1,500,501,0.014383855292662765,-2.2360901525204646,nan,nan,0.02458391464278623,0.019999999999994078,0.007587235277376933,3.373222981586943,-3.150161939993214e-05,nan,22.720926226817156,nan,1.0,0.4140625,5.00438694541325
2,msam,msam@global,Momentum-SAM (MSAM) [global Frob],global,sgd,momentum_lookahead,frobenius,added,3.0,0.02,nominal,0.1,additive,1.0,nn_ce,2.2504740078131276,5,0,-1,500,501,0.01568484353703537,-2.234789164276092,nan,nan,0.0266188726793034,0.019999999999994095,0.006414672505010488,3.345725214966759,-3.576647827662621e-05,nan,22.69225499835914,nan,1.0,0.400390625,4.992377398551277
2,msam,msam@global,Momentum-SAM (MSAM) [global Frob],global,sgd,momentum_lookahead,frobenius,added,3.0,0.02,nominal,0.1,additive,1.0,nn_ce,2.2504740078131276,6,0,-1,500,501,0.012623741911749958,-2.2378502659013777,nan,nan,0.021538595521739996,0.01999999999999391,0.005913849610148966,3.3066806765554695,-1.3609899047417606e-05,nan,22.167849430457686,nan,1.0,0.4453125,4.781804429314159
2,msam,msam@global,Momentum-SAM (MSAM) [global Frob],global,sgd,momentum_lookahead,frobenius,added,3.0,0.02,nominal,0.1,additive,1.0,nn_ce,2.2504740078131276,7,0,-1,500,501,0.015145376510958524,-2.235328631302169,nan,nan,0.025113615107725303,0.019999999999994217,0.005655288211698525,3.3735635300680444,-1.9456950452649904e-05,nan,22.868307680315606,nan,1.0,0.443359375,4.898760933369351
2,msam,msam@global,Momentum-SAM (MSAM) [global Frob],global,sgd,momentum_lookahead,frobenius,added,3.0,0.05,nominal,0.1,additive,1.0,nn_ce,2.2504740078131276,0,0,-1,500,501,0.013441811693541646,-2.237032196119586,nan,nan,0.026449584260348314,0.04999999999998526,0.01454048246456698,3.348302569044544,-9.927943326678429e-05,nan,22.985251654833988,nan,1.0,0.421875,5.389590826146845
2,msam,msam@global,Momentum-SAM (MSAM) [global Frob],global,sgd,momentum_lookahead,frobenius,added,3.0,0.05,nominal,0.1,additive,1.0,nn_ce,2.2504740078131276,1,0,-1,500,501,0.01399254798557934,-2.2364814598275484,nan,nan,0.02644559106147305,0.04999999999998525,0.015507783781507469,3.400196105638303,-0.00011983012870141196,nan,22.881281693965917,nan,1.0,0.404296875,4.956776734657837
2,msam,msam@global,Momentum-SAM (MSAM) [global Frob],global,sgd,momentum_lookahead,frobenius,added,3.0,0.05,nominal,0.1,additive,1.0,nn_ce,2.2504740078131276,2,0,-1,500,501,0.015915149813831568,-2.234558857999296,nan,nan,0.026065653706731987,0.049999999999985105,0.014979962677725101,3.3694962567210074,-9.291682323850012e-05,nan,22.634281095447783,nan,1.0,0.431640625,4.6365056440420895
2,msam,msam@global,Momentum-SAM (MSAM) [global Frob],global,sgd,momentum_lookahead,frobenius,added,3.0,0.05,nominal,0.1,additive,1.0,nn_ce,2.2504740078131276,3,0,-1,500,501,0.01564377812746825,-2.2348302296856595,nan,nan,0.02655366962845762,0.049999999999985535,0.015291914194772376,3.4063795840610704,-5.8448734666588856e-05,nan,22.232838649061023,nan,1.0,0.400390625,4.900249860617397
2,msam,msam@global,Momentum-SAM (MSAM) [global Frob],global,sgd,momentum_lookahead,frobenius,added,3.0,0.05,nominal,0.1,additive,1.0,nn_ce,2.2504740078131276,4,0,-1,500,501,0.014715000465784993,-2.2357590073473426,nan,nan,0.02465106834631746,0.049999999999985174,0.018972078421710368,3.373517738893776,-6.431303656623429e-05,nan,22.688250784060514,nan,1.0,0.421875,5.09297404463581
2,msam,msam@global,Momentum-SAM (MSAM) [global Frob],global,sgd,momentum_lookahead,frobenius,added,3.0,0.05,nominal,0.1,additive,1.0,nn_ce,2.2504740078131276,5,0,-1,500,501,0.016493153589620658,-2.233980854223507,nan,nan,0.027323331268792977,0.049999999999985244,0.015992049557714185,3.3439906445728353,-9.13912517652507e-05,nan,22.72981955054839,nan,1.0,0.4140625,5.078299354728324
2,msam,msam@global,Momentum-SAM (MSAM) [global Frob],global,sgd,momentum_lookahead,frobenius,added,3.0,0.05,nominal,0.1,additive,1.0,nn_ce,2.2504740078131276,6,0,-1,500,501,0.013085131602112682,-2.237388876211015,nan,nan,0.021536801607881143,0.04999999999998476,0.014775060508425293,3.306630181843861,-4.388192963640514e-05,nan,22.001705663387316,nan,1.0,0.44140625,4.659644089793234
2,msam,msam@global,Momentum-SAM (MSAM) [global Frob],global,sgd,momentum_lookahead,frobenius,added,3.0,0.05,nominal,0.1,additive,1.0,nn_ce,2.2504740078131276,7,0,-1,500,501,0.015573526539516158,-2.2349004812736113,nan,nan,0.02628914170097321,0.049999999999985556,0.014130146527350231,3.376903376695028,-7.272571909829398e-05,nan,22.87368676441807,nan,1.0,0.44921875,4.906292482820729
2,msam,msam@global,Momentum-SAM (MSAM) [global Frob],global,sgd,momentum_lookahead,frobenius,added,3.0,0.1,nominal,0.1,additive,1.0,nn_ce,2.2504740078131276,0,0,-1,500,501,0.014491920319724572,-2.235982087493403,nan,nan,0.027755635945530086,0.09999999999997045,0.029112775999257146,3.345998017672431,-0.0001785602990190191,nan,22.960548163574288,nan,1.0,0.423828125,5.220802133508049
2,msam,msam@global,Momentum-SAM (MSAM) [global Frob],global,sgd,momentum_lookahead,frobenius,added,3.0,0.1,nominal,0.1,additive,1.0,nn_ce,2.2504740078131276,1,0,-1,500,501,0.013902518133359304,-2.2365714896797684,nan,nan,0.02562566535211039,0.0999999999999705,0.030988912113722178,3.3947968920744467,-0.00018171855836981825,nan,22.835368066574574,nan,1.0,0.388671875,5.234485159977682
2,msam,msam@global,Momentum-SAM (MSAM) [global Frob],global,sgd,momentum_lookahead,frobenius,added,3.0,0.1,nominal,0.1,additive,1.0,nn_ce,2.2504740078131276,2,0,-1,500,501,0.016204132312245812,-2.234269875500882,nan,nan,0.026503617085027624,0.09999999999997024,0.03005596033776473,3.370473897549043,-0.00018821494799230523,nan,22.637108804112632,nan,1.0,0.421875,4.626762998339377
2,msam,msam@global,Momentum-SAM (MSAM) [global Frob],global,sgd,momentum_lookahead,frobenius,added,3.0,0.1,nominal,0.1,additive,1.0,nn_ce,2.2504740078131276,3,0,-1,500,501,0.015948859431336865,-2.2345251483817905,nan,nan,0.027108478855274582,0.09999999999997107,0.030567791419309813,3.4044184843789282,-0.00011012627572281469,nan,22.23770157374357,nan,1.0,0.404296875,4.932449084315756
2,msam,msam@global,Momentum-SAM (MSAM) [global Frob],global,sgd,momentum_lookahead,frobenius,added,3.0,0.1,nominal,0.1,additive,1.0,nn_ce,2.2504740078131276,4,0,-1,500,501,0.015030442648749677,-2.235443565164378,nan,nan,0.025641738148094118,0.09999999999997035,0.03792421229697069,3.371999340454877,-0.00015167709894842174,nan,22.683283530392846,nan,1.0,0.4140625,5.087688318645776
2,msam,msam@global,Momentum-SAM (MSAM) [global Frob],global,sgd,momentum_lookahead,frobenius,added,3.0,0.1,nominal,0.1,additive,1.0,nn_ce,2.2504740078131276,5,0,-1,500,501,0.016616474939420513,-2.233857532873707,nan,nan,0.028363467511374415,0.09999999999997047,0.032040464700923886,3.341796027538254,-0.0001726417194294859,nan,22.844246975192004,nan,1.0,0.41796875,5.005141952299205
2,msam,msam@global,Momentum-SAM (MSAM) [global Frob],global,sgd,momentum_lookahead,frobenius,added,3.0,0.1,nominal,0.1,additive,1.0,nn_ce,2.2504740078131276,6,0,-1,500,501,0.01239251980768483,-2.238081488005443,nan,nan,0.021497741436861294,0.09999999999996947,0.029613259269474845,3.3037150281167023,-5.673721838169582e-05,nan,22.060273518318308,nan,1.0,0.431640625,4.795117333915053
2,msam,msam@global,Momentum-SAM (MSAM) [global Frob],global,sgd,momentum_lookahead,frobenius,added,3.0,0.1,nominal,0.1,additive,1.0,nn_ce,2.2504740078131276,7,0,-1,500,501,0.014615303488902026,-2.2358587043242255,nan,nan,0.02514405711283797,0.09999999999997107,0.02825090315942123,3.3741932825758667,-9.016717911235379e-05,nan,22.912174129864876,nan,1.0,0.435546875,5.007067865808001
2,msam,msam@global,Momentum-SAM (MSAM) [global Frob],global,sgd,momentum_lookahead,frobenius,added,3.0,0.2,nominal,0.1,additive,1.0,nn_ce,2.2504740078131276,0,0,-1,500,501,0.014467766010591276,-2.2360062418025364,nan,nan,0.027180633068756645,0.19999999999994103,0.05826655066956337,3.3438771497511177,-0.0002844711146177802,nan,23.13178372674376,nan,1.0,0.416015625,5.343456942098504
2,msam,msam@global,Momentum-SAM (MSAM) [global Frob],global,sgd,momentum_lookahead,frobenius,added,3.0,0.2,nominal,0.1,additive,1.0,nn_ce,2.2504740078131276,1,0,-1,500,501,0.014298482239521633,-2.2361755255736058,nan,nan,0.025510150082399347,0.19999999999994092,0.061978875595632046,3.3940519445001756,-0.0003364754849166651,nan,22.976072631776304,nan,1.0,0.392578125,5.048301875098346
2,msam,msam@global,Momentum-SAM (MSAM) [global Frob],global,sgd,momentum_lookahead,frobenius,added,3.0,0.2,nominal,0.1,additive,1.0,nn_ce,2.2504740078131276,2,0,-1,500,501,0.016576819891835202,-2.2338971879212925,nan,nan,0.026580303000754316,0.19999999999994036,0.06000905453202368,3.3684767459388225,-0.00026964793463989806,nan,22.674266477939604,nan,1.0,0.42578125,4.7063162219005985
2,msam,msam@global,Momentum-SAM (MSAM) [global Frob],global,sgd,momentum_lookahead,frobenius,added,3.0,0.2,nominal,0.1,additive,1.0,nn_ce,2.2504740078131276,3,0,-1,500,501,0.015478677689789453,-2.234995330123338,nan,nan,0.026095600290633222,0.19999999999994214,0.06096550179434785,3.4049392563588174,-0.00020143639678460099,nan,22.192599745335066,nan,1.0,0.404296875,4.995343007962656
2,msam,msam@global,Momentum-SAM (MSAM) [global Frob],global,sgd,momentum_lookahead,frobenius,added,3.0,0.2,nominal,0.1,additive,1.0,nn_ce,2.2504740078131276,4,0,-1,500,501,0.015195757590155099,-2.2352782502229727,nan,nan,0.02535371340901177,0.19999999999994073,0.07580346756804354,3.3700889656942032,-0.00029575262055939536,nan,22.791855767585957,nan,1.0,0.40234375,5.091363369264055
2,msam,msam@global,Momentum-SAM (MSAM) [global Frob],global,sgd,momentum_lookahead,frobenius,added,3.0,0.2,nominal,0.1,additive,1.0,nn_ce,2.2504740078131276,5,0,-1,500,501,0.01630172245576367,-2.234172285357364,nan,nan,0.026991181592557853,0.1999999999999409,0.06434236339401535,3.340471781119875,-0.00030804896226555023,nan,22.721195765131917,nan,1.0,0.412109375,5.049576939805743
2,msam,msam@global,Momentum-SAM (MSAM) [global Frob],global,sgd,momentum_lookahead,frobenius,added,3.0,0.2,nominal,0.1,additive,1.0,nn_ce,2.2504740078131276,6,0,-1,500,501,0.013367787692781054,-2.2371062201203467,nan,nan,0.021849580339280816,0.19999999999993906,0.05926889842118522,3.3058169008395737,-0.00012213795666629092,nan,22.253772839430443,nan,1.0,0.451171875,4.880148061208693
2,msam,msam@global,Momentum-SAM (MSAM) [global Frob],global,sgd,momentum_lookahead,frobenius,added,3.0,0.2,nominal,0.1,additive,1.0,nn_ce,2.2504740078131276,7,0,-1,500,501,0.014385393813904475,-2.236088613999223,nan,nan,0.02464977137639581,0.1999999999999422,0.05664192241739461,3.3745817688395308,-0.0002123611216550917,nan,22.810213756385984,nan,1.0,0.4453125,4.9852509407812775
2,msam,msam@global,Momentum-SAM (MSAM) [global Frob],global,sgd,momentum_lookahead,frobenius,added,3.0,0.5,nominal,0.1,additive,1.0,nn_ce,2.2504740078131276,0,0,-1,500,501,0.015604936394215594,-2.234869071418912,nan,nan,0.02657215843062421,0.4999999999998522,0.14570755116719816,3.3398947330761235,-0.0003470094730904545,nan,22.882920078861016,nan,1.0,0.41015625,5.372617823643929
2,msam,msam@global,Momentum-SAM (MSAM) [global Frob],global,sgd,momentum_lookahead,frobenius,added,3.0,0.5,nominal,0.1,additive,1.0,nn_ce,2.2504740078131276,1,0,-1,500,501,0.014483481209736804,-2.235990526603391,nan,nan,0.025309019045546624,0.4999999999998517,0.15551652210239045,3.382041547878187,-0.000242975242282081,nan,23.141802480820967,nan,1.0,0.392578125,4.761588006051116
2,msam,msam@global,Momentum-SAM (MSAM) [global Frob],global,sgd,momentum_lookahead,frobenius,added,3.0,0.5,nominal,0.1,additive,1.0,nn_ce,2.2504740078131276,2,0,-1,500,501,0.01622459423498766,-2.23424941357814,nan,nan,0.026507659941441046,0.4999999999998507,0.14980998001779833,3.365188499858463,-0.00032325379341180405,nan,22.67715291560506,nan,1.0,0.421875,4.651089903670603
2,msam,msam@global,Momentum-SAM (MSAM) [global Frob],global,sgd,momentum_lookahead,frobenius,added,3.0,0.5,nominal,0.1,additive,1.0,nn_ce,2.2504740078131276,3,0,-1,500,501,0.016571384597543246,-2.2339026232155845,nan,nan,0.027216707422239316,0.4999999999998551,0.15312235391976478,3.4000065393067156,-0.00016111824136934988,nan,22.338230573429996,nan,1.0,0.392578125,4.9380029609442655
2,msam,msam@global,Momentum-SAM (MSAM) [global Frob],global,sgd,momentum_lookahead,frobenius,added,3.0,0.5,nominal,0.1,additive,1.0,nn_ce,2.2504740078131276,4,0,-1,500,501,0.015598267624292525,-2.234875740188835,nan,nan,0.025751844277652834,0.49999999999985156,0.1888462920851631,3.3661762999369613,-0.00012147404574121105,nan,22.917218610632872,nan,1.0,0.4140625,5.082448407042884
2,msam,msam@global,Momentum-SAM (MSAM) [global Frob],global,sgd,momentum_lookahead,frobenius,added,3.0,0.5,nominal,0.1,additive,1.0,nn_ce,2.2504740078131276,5,0,-1,500,501,0.016273665451786507,-2.234200342361341,nan,nan,0.026445603640132768,0.49999999999985184,0.16130585627911276,3.3362459631257,-0.000419675912890511,nan,22.55596128714861,nan,1.0,0.408203125,4.785789174934621
2,msam,msam@global,Momentum-SAM (MSAM) [global Frob],global,sgd,momentum_lookahead,frobenius,added,3.0,0.5,nominal,0.1,additive,1.0,nn_ce,2.2504740078131276,6,0,-1,500,501,0.014179880876492156,-2.2362941269366354,nan,nan,0.022441344298486435,0.499999999999847,0.14808017120712866,3.299978180069744,6.620880523334864e-05,nan,21.9520846083728,nan,1.0,0.4453125,4.751823321495829
2,msam,msam@global,Momentum-SAM (MSAM) [global Frob],global,sgd,momentum_lookahead,frobenius,added,3.0,0.5,nominal,0.1,additive,1.0,nn_ce,2.2504740078131276,7,0,-1,500,501,0.015498482553565868,-2.2349755252595616,nan,nan,0.025198154045955667,0.499999999999855,0.14141663735836324,3.367850801422787,-0.0002453765281954408,nan,22.94047557569402,nan,1.0,0.462890625,4.867764462285658
2,msam,msam@per-layer,Momentum-SAM (MSAM) [per-layer Frob],per-layer,sgd,momentum_lookahead,frobenius,added,3.0,0.01,nominal,0.1,additive,1.0,nn_ce,2.2504740078131276,0,0,-1,500,501,0.013671823771660787,-2.236802184041467,nan,nan,0.02702591842107114,0.01414213562372407,0.0032770851802834846,3.34950246650585,-3.520366302294485e-05,nan,23.00439773947384,nan,1.0,0.431640625,5.4126124808242375
2,msam,msam@per-layer,Momentum-SAM (MSAM) [per-layer Frob],per-layer,sgd,momentum_lookahead,frobenius,added,3.0,0.01,nominal,0.1,additive,1.0,nn_ce,2.2504740078131276,1,0,-1,500,501,0.014010788788687181,-2.2364632190244405,nan,nan,0.026513577901788783,0.014142135623724133,0.003515785953911988,3.400101973855067,-4.4147117550016185e-05,nan,22.91622005878418,nan,1.0,0.38671875,5.202501824835402
2,msam,msam@per-layer,Momentum-SAM (MSAM) [per-layer Frob],per-layer,sgd,momentum_lookahead,frobenius,added,3.0,0.01,nominal,0.1,additive,1.0,nn_ce,2.2504740078131276,2,0,-1,500,501,0.014979805353950893,-2.2354942024591766,nan,nan,0.02517435581814521,0.014142135623724033,0.003376837052431055,3.3736386172518493,-2.8336522352153184e-05,nan,22.75157423255327,nan,1.0,0.4140625,4.653600348087514
2,msam,msam@per-layer,Momentum-SAM (MSAM) [per-layer Frob],per-layer,sgd,momentum_lookahead,frobenius,added,3.0,0.01,nominal,0.1,additive,1.0,nn_ce,2.2504740078131276,3,0,-1,500,501,0.015869680508211113,-2.2346043273049165,nan,nan,0.02711766040237141,0.014142135623724328,0.003466932046436404,3.409706636319829,-2.2954042167306482e-05,nan,22.370955633977296,nan,1.0,0.40234375,5.0182623828122175
2,msam,msam@per-layer,Momentum-SAM (MSAM) [per-layer Frob],per-layer,sgd,momentum_lookahead,frobenius,added,3.0,0.01,nominal,0.1,additive,1.0,nn_ce,2.2504740078131276,4,0,-1,500,501,0.014329905137222203,-2.2361441026759055,nan,nan,0.02535070827176323,0.014142135623724187,0.004319479203279526,3.3739924718893297,-2.5465319992317922e-05,nan,22.756435581375207,nan,1.0,0.42578125,5.017589369784432
2,msam,msam@per-layer,Momentum-SAM (MSAM) [per-layer Frob],per-layer,sgd,momentum_lookahead,frobenius,added,3.0,0.01,nominal,0.1,additive,1.0,nn_ce,2.2504740078131276,5,0,-1,500,501,0.015715186612324863,-2.2347588212008027,nan,nan,0.026678567315257546,0.01414213562372416,0.0036306027368479734,3.3464530203103227,-3.430858219979904e-05,nan,22.696788823073017,nan,1.0,0.421875,5.0309971850775455
2,msam,msam@per-layer,Momentum-SAM (MSAM) [per-layer Frob],per-layer,sgd,momentum_lookahead,frobenius,added,3.0,0.01,nominal,0.1,additive,1.0,nn_ce,2.2504740078131276,6,0,-1,500,501,0.012408670209976547,-2.238065337603151,nan,nan,0.020812679053443108,0.01414213562372407,0.00339052280442008,3.3079425553393396,-1.8920325752081954e-05,nan,22.116758206913477,nan,1.0,0.453125,4.788372535983944
2,msam,msam@per-layer,Momentum-SAM (MSAM) [per-layer Frob],per-layer,sgd,momentum_lookahead,frobenius,added,3.0,0.01,nominal,0.1,additive,1.0,nn_ce,2.2504740078131276,7,0,-1,500,501,0.01478162532132674,-2.2356923824918007,nan,nan,0.02431492682008207,0.014142135623724275,0.0031963462212295127,3.373907974318795,-2.2841941655245973e-05,nan,22.889821243237837,nan,1.0,0.431640625,4.920375239725235
2,msam,msam@global,Momentum-SAM (MSAM) [global Frob],global,sgd,momentum_lookahead,frobenius,added,3.0,1.0,nominal,0.1,additive,1.0,nn_ce,2.2504740078131276,0,0,-1,500,501,0.014243205872283662,-2.236230801940844,nan,nan,0.02420742470866923,0.999999999999703,0.29145852045681064,3.325136314924341,0.0008146149169748589,nan,22.93046442437525,nan,1.0,0.435546875,5.275805599010373
2,msam,msam@global,Momentum-SAM (MSAM) [global Frob],global,sgd,momentum_lookahead,frobenius,added,3.0,1.0,nominal,0.1,additive,1.0,nn_ce,2.2504740078131276,1,0,-1,500,501,0.013921500478859228,-2.2365525073342685,nan,nan,0.023563999548446405,0.999999999999703,0.311873626926857,3.3754059483562324,0.000591286110936522,nan,23.207059676741526,nan,1.0,0.388671875,4.860945355737288
2,msam,msam@global,Momentum-SAM (MSAM) [global Frob],global,sgd,momentum_lookahead,frobenius,added,3.0,1.0,nominal,0.1,additive,1.0,nn_ce,2.2504740078131276,2,0,-1,500,501,0.015040181950104545,-2.235433825863023,nan,nan,0.024240050084270045,0.9999999999997012,0.3006280823906324,3.3598213151465313,0.0001808603016918483,nan,22.96100265183834,nan,1.0,0.416015625,4.808389263298201
2,msam,msam@global,Momentum-SAM (MSAM) [global Frob],global,sgd,momentum_lookahead,frobenius,added,3.0,1.0,nominal,0.1,additive,1.0,nn_ce,2.2504740078131276,3,0,-1,500,501,0.015002999498102104,-2.2354710083150255,nan,nan,0.025117861493658515,0.999999999999709,0.3060833434645379,3.3901131218100953,0.0007925889481522862,nan,22.401543277380995,nan,1.0,0.392578125,5.0714947846269816
2,msam,msam@global,Momentum-SAM (MSAM) [global Frob],global,sgd,momentum_lookahead,frobenius,added,3.0,1.0,nominal,0.1,additive,1.0,nn_ce,2.2504740078131276,4,0,-1,500,501,0.015151754435389412,-2.235322253377738,nan,nan,0.024704684511150158,0.999999999999702,0.3771025941571787,3.35954700050967,0.0013040786064034224,nan,22.716962998745988,nan,1.0,0.412109375,5.028120380677456
2,msam,msam@global,Momentum-SAM (MSAM) [global Frob],global,sgd,momentum_lookahead,frobenius,added,3.0,1.0,nominal,0.1,additive,1.0,nn_ce,2.2504740078131276,5,0,-1,500,501,0.015786780596476976,-2.2346872272166505,nan,nan,0.023460807702486708,0.9999999999997035,0.3222160639179761,3.332008384710522,0.0003993258436575456,nan,22.600384558512474,nan,1.0,0.390625,4.920115590458688
2,msam,msam@global,Momentum-SAM (MSAM) [global Frob],global,sgd,momentum_lookahead,frobenius,added,3.0,1.0,nominal,0.1,additive,1.0,nn_ce,2.2504740078131276,6,0,-1,500,501,0.013038869262443482,-2.237435138550684,nan,nan,0.02103368922115992,0.9999999999996937,0.2957820716050465,3.291422359535775,0.000730453271006128,nan,22.122261965216627,nan,1.0,0.43359375,4.840787321008546
2,msam,msam@global,Momentum-SAM (MSAM) [global Frob],global,sgd,momentum_lookahead,frobenius,added,3.0,1.0,nominal,0.1,additive,1.0,nn_ce,2.2504740078131276,7,0,-1,500,501,0.014659678902687762,-2.2358143289104397,nan,nan,0.022441020982190658,0.9999999999997096,0.2827070327403862,3.362019240524267,0.00047450612456364713,nan,22.930164225429206,nan,1.0,0.443359375,4.693796319875218
2,msam,msam@per-layer,Momentum-SAM (MSAM) [per-layer Frob],per-layer,sgd,momentum_lookahead,frobenius,added,3.0,0.02,nominal,0.1,additive,1.0,nn_ce,2.2504740078131276,0,0,-1,500,501,0.013234967980075334,-2.237239039833052,nan,nan,0.025153266836373166,0.02828427124744812,0.006559122915493667,3.3456280113543384,-5.7317539965528325e-05,nan,23.019091833248716,nan,1.0,0.421875,5.439441704573413
2,msam,msam@per-layer,Momentum-SAM (MSAM) [per-layer Frob],per-layer,sgd,momentum_lookahead,frobenius,added,3.0,0.02,nominal,0.1,additive,1.0,nn_ce,2.2504740078131276,1,0,-1,500,501,0.014071812310684906,-2.2364021955024427,nan,nan,0.025838880801434292,0.02828427124744824,0.007013709012168605,3.3983143660329302,-7.35030832600906e-05,nan,22.92886596387487,nan,1.0,0.384765625,5.040011960199788
2,msam,msam@per-layer,Momentum-SAM (MSAM) [per-layer Frob],per-layer,sgd,momentum_lookahead,frobenius,added,3.0,0.02,nominal,0.1,additive,1.0,nn_ce,2.2504740078131276,2,0,-1,500,501,0.015637218606818982,-2.234836789206309,nan,nan,0.025565883490268494,0.028284271247448076,0.006782003134543326,3.3723397437439564,-5.51719609103319e-05,nan,22.703670036870992,nan,1.0,0.404296875,4.648423830609185
2,msam,msam@per-layer,Momentum-SAM (MSAM) [per-layer Frob],per-layer,sgd,momentum_lookahead,frobenius,added,3.0,0.02,nominal,0.1,additive,1.0,nn_ce,2.2504740078131276,3,0,-1,500,501,0.015665189867106185,-2.2348088179460213,nan,nan,0.027111212417380428,0.028284271247448693,0.00693984093728748,3.4161153317365622,-5.9796254124130574e-05,nan,22.30981690426923,nan,1.0,0.38671875,4.95976670735644
2,msam,msam@per-layer,Momentum-SAM (MSAM) [per-layer Frob],per-layer,sgd,momentum_lookahead,frobenius,added,3.0,0.02,nominal,0.1,additive,1.0,nn_ce,2.2504740078131276,4,0,-1,500,501,0.014499651613248725,-2.235974356199879,nan,nan,0.02451319157987764,0.02828427124744836,0.00863884773517148,3.371257351043691,-4.918173418189467e-05,nan,22.69079840296408,nan,1.0,0.41015625,5.022938431538194
2,msam,msam@per-layer,Momentum-SAM (MSAM) [per-layer Frob],per-layer,sgd,momentum_lookahead,frobenius,added,3.0,0.02,nominal,0.1,additive,1.0,nn_ce,2.2504740078131276,5,0,-1,500,501,0.015872716138078724,-2.234601291675049,nan,nan,0.02696528672588566,0.028284271247448325,0.007248527999190533,3.3470075026571338,-7.499088790586736e-05,nan,22.75970664307858,nan,1.0,0.412109375,4.97556426011019
2,msam,msam@per-layer,Momentum-SAM (MSAM) [per-layer Frob],per-layer,sgd,momentum_lookahead,frobenius,added,3.0,0.02,nominal,0.1,additive,1.0,nn_ce,2.2504740078131276,6,0,-1,500,501,0.012577731538063835,-2.237896276275064,nan,nan,0.021318883030614088,0.028284271247448173,0.006754463505553307,3.3091951354036713,-4.4189940026952146e-05,nan,22.18323771073266,nan,1.0,0.439453125,4.763052373155983
2,msam,msam@per-layer,Momentum-SAM (MSAM) [per-layer Frob],per-layer,sgd,momentum_lookahead,frobenius,added,3.0,0.02,nominal,0.1,additive,1.0,nn_ce,2.2504740078131276,7,0,-1,500,501,0.015033273959351652,-2.235440733853776,nan,nan,0.02542578737221341,0.028284271247448575,0.006400856619526769,3.3774876701266794,-5.554186039227402e-05,nan,22.818958490445006,nan,1.0,0.453125,4.949166741853084
2,msam,msam@per-layer,Momentum-SAM (MSAM) [per-layer Frob],per-layer,sgd,momentum_lookahead,frobenius,added,3.0,0.05,nominal,0.1,additive,1.0,nn_ce,2.2504740078131276,0,0,-1,500,501,0.013435530580379105,-2.2370384772327485,nan,nan,0.025617987686168582,0.07071067811862032,0.01637830243808612,3.3457376391929854,-0.00013790580789415155,nan,22.99045613517816,nan,1.0,0.4296875,5.278500216905978
2,msam,msam@per-layer,Momentum-SAM (MSAM) [per-layer Frob],per-layer,sgd,momentum_lookahead,frobenius,added,3.0,0.05,nominal,0.1,additive,1.0,nn_ce,2.2504740078131276,1,0,-1,500,501,0.014509510187258719,-2.235964497625869,nan,nan,0.027345392758530394,0.07071067811862065,0.01754177189304594,3.396237960862724,-0.00019144854154750333,nan,22.967976179539324,nan,1.0,0.388671875,5.057067648100015
2,msam,msam@per-layer,Momentum-SAM (MSAM) [per-layer Frob],per-layer,sgd,momentum_lookahead,frobenius,added,3.0,0.05,nominal,0.1,additive,1.0,nn_ce,2.2504740078131276,2,0,-1,500,501,0.016031278290908377,-2.234442729522219,nan,nan,0.026675443838244457,0.07071067811862007,0.016894180822301864,3.3693160327874483,-0.00012100146097191247,nan,22.578882222252393,nan,1.0,0.41796875,4.639701524523173
2,msam,msam@per-layer,Momentum-SAM (MSAM) [per-layer Frob],per-layer,sgd,momentum_lookahead,frobenius,added,3.0,0.05,nominal,0.1,additive,1.0,nn_ce,2.2504740078131276,3,0,-1,500,501,0.01611450781235709,-2.2343595000007705,nan,nan,0.027118864948822076,0.07071067811862164,0.017355100303766555,3.406642462498774,-0.00011343443291191718,nan,22.241678053705375,nan,1.0,0.400390625,4.963897430229398
2,msam,msam@per-layer,Momentum-SAM (MSAM) [per-layer Frob],per-layer,sgd,momentum_lookahead,frobenius,added,3.0,0.05,nominal,0.1,additive,1.0,nn_ce,2.2504740078131276,4,0,-1,500,501,0.015284088626430926,-2.2351899191866966,nan,nan,0.026100180351426236,0.07071067811862092,0.021616469991923754,3.3725322688576074,-0.0001135721289220841,nan,22.71720648710566,nan,1.0,0.416015625,5.082968113676563
2,msam,msam@per-layer,Momentum-SAM (MSAM) [per-layer Frob],per-layer,sgd,momentum_lookahead,frobenius,added,3.0,0.05,nominal,0.1,additive,1.0,nn_ce,2.2504740078131276,5,0,-1,500,501,0.01612724191645283,-2.234346765896675,nan,nan,0.027118256082247116,0.07071067811862071,0.0182052075007489,3.3445027382819754,-0.00016578837674956562,nan,22.83106441307584,nan,1.0,0.42578125,4.962303390871115
2,msam,msam@per-layer,Momentum-SAM (MSAM) [per-layer Frob],per-layer,sgd,momentum_lookahead,frobenius,added,3.0,0.05,nominal,0.1,additive,1.0,nn_ce,2.2504740078131276,6,0,-1,500,501,0.012584846533901819,-2.2378891612792255,nan,nan,0.02145082764397,0.07071067811862036,0.01696327043452588,3.3043172882263647,-7.931035456650026e-05,nan,22.1557770193233,nan,1.0,0.462890625,4.744182232166629
2,msam,msam@per-layer,Momentum-SAM (MSAM) [per-layer Frob],per-layer,sgd,momentum_lookahead,frobenius,added,3.0,0.05,nominal,0.1,additive,1.0,nn_ce,2.2504740078131276,7,0,-1,500,501,0.014907886654770297,-2.235566121158357,nan,nan,0.02536011435547077,0.07071067811862132,0.015959941073989167,3.373919168212809,-0.00011019805554488699,nan,23.032336076308255,nan,1.0,0.455078125,4.920273303870978
2,msam,msam@per-layer,Momentum-SAM (MSAM) [per-layer Frob],per-layer,sgd,momentum_lookahead,frobenius,added,3.0,0.1,nominal,0.1,additive,1.0,nn_ce,2.2504740078131276,0,0,-1,500,501,0.013786877642384418,-2.236687130170743,nan,nan,0.025903499736938247,0.14142135623724064,0.03285187878986479,3.3448019661854977,-0.00023801365229887683,nan,23.06817244884367,nan,1.0,0.423828125,5.224649751138825
2,msam,msam@per-layer,Momentum-SAM (MSAM) [per-layer Frob],per-layer,sgd,momentum_lookahead,frobenius,added,3.0,0.1,nominal,0.1,additive,1.0,nn_ce,2.2504740078131276,1,0,-1,500,501,0.014343767277589618,-2.236130240535538,nan,nan,0.026346796406193137,0.14142135623724095,0.03503544862778804,3.392271331354219,-0.0002849932025785866,nan,22.930845626673673,nan,1.0,0.396484375,5.1756734659260735
2,msam,msam@per-layer,Momentum-SAM (MSAM) [per-layer Frob],per-layer,sgd,momentum_lookahead,frobenius,added,3.0,0.1,nominal,0.1,additive,1.0,nn_ce,2.2504740078131276,2,0,-1,500,501,0.01636989461250373,-2.234104113200624,nan,nan,0.026854506912022354,0.14142135623724023,0.03380674086335678,3.369765865359857,-0.00023656225899438416,nan,22.61926657441519,nan,1.0,0.404296875,4.658993640463064
2,msam,msam@per-layer,Momentum-SAM (MSAM) [per-layer Frob],per-layer,sgd,momentum_lookahead,frobenius,added,3.0,0.1,nominal,0.1,additive,1.0,nn_ce,2.2504740078131276,3,0,-1,500,501,0.01620863472728798,-2.2342653730858397,nan,nan,0.027488645551740073,0.1414213562372432,0.034680246123709166,3.4037216635555003,-0.00017276135330083,nan,22.27079613388913,nan,1.0,0.412109375,4.921771322677852
2,msam,msam@per-layer,Momentum-SAM (MSAM) [per-layer Frob],per-layer,sgd,momentum_lookahead,frobenius,added,3.0,0.1,nominal,0.1,additive,1.0,nn_ce,2.2504740078131276,4,0,-1,500,501,0.01512664817571036,-2.235347359637417,nan,nan,0.02545097409340207,0.1414213562372419,0.04323013621337501,3.371821875175063,-0.0002268760714777291,nan,22.711473194631477,nan,1.0,0.41015625,5.027049483235794
2,msam,msam@per-layer,Momentum-SAM (MSAM) [per-layer Frob],per-layer,sgd,momentum_lookahead,frobenius,added,3.0,0.1,nominal,0.1,additive,1.0,nn_ce,2.2504740078131276,5,0,-1,500,501,0.016557157290881305,-2.233916850522246,nan,nan,0.026817458817082612,0.1414213562372415,0.03643714984840996,3.3433081960374325,-0.00030831584497308107,nan,22.799967082791284,nan,1.0,0.40234375,5.0382829953578545
2,msam,msam@per-layer,Momentum-SAM (MSAM) [per-layer Frob],per-layer,sgd,momentum_lookahead,frobenius,added,3.0,0.1,nominal,0.1,additive,1.0,nn_ce,2.2504740078131276,6,0,-1,500,501,0.013114316651524733,-2.2373596911616027,nan,nan,0.022126415814124056,0.1414213562372406,0.033950482330636134,3.305637360390313,-0.00014404202918997383,nan,22.24493415110257,nan,1.0,0.451171875,4.6945641058015255
2,msam,msam@per-layer,Momentum-SAM (MSAM) [per-layer Frob],per-layer,sgd,momentum_lookahead,frobenius,added,3.0,0.1,nominal,0.1,additive,1.0,nn_ce,2.2504740078131276,7,0,-1,500,501,0.014950051229780178,-2.2355239565833473,nan,nan,0.025378741097887583,0.1414213562372427,0.03198103395652955,3.373678992127936,-0.0001943494020813681,nan,22.916939996416342,nan,1.0,0.44140625,4.981037061162546
2,msam,msam@per-layer,Momentum-SAM (MSAM) [per-layer Frob],per-layer,sgd,momentum_lookahead,frobenius,added,3.0,0.5,nominal,0.1,additive,1.0,nn_ce,2.2504740078131276,0,0,-1,500,501,0.014871676715409586,-2.2356023310977178,nan,nan,0.0253654027760752,0.7071067811862017,0.1643443771236889,3.337714362237661,-0.0002337660360398064,nan,22.966651928644296,nan,1.0,0.4296875,5.268142058446736
2,msam,msam@per-layer,Momentum-SAM (MSAM) [per-layer Frob],per-layer,sgd,momentum_lookahead,frobenius,added,3.0,0.5,nominal,0.1,additive,1.0,nn_ce,2.2504740078131276,1,0,-1,500,501,0.015219349074786712,-2.235254658738341,nan,nan,0.02649081614112355,0.7071067811862041,0.1755987157064287,3.3803781456295807,-0.00039646968818875424,nan,22.88875687774168,nan,1.0,0.41015625,4.831727893545536
2,msam,msam@per-layer,Momentum-SAM (MSAM) [per-layer Frob],per-layer,sgd,momentum_lookahead,frobenius,added,3.0,0.5,nominal,0.1,additive,1.0,nn_ce,2.2504740078131276,2,0,-1,500,501,0.016409786676058205,-2.234064221137069,nan,nan,0.026175358575291487,0.7071067811861996,0.169340959160773,3.3620931528102203,-0.00038186898545477035,nan,22.7914398192136,nan,1.0,0.4140625,4.772171451979739
2,msam,msam@per-layer,Momentum-SAM (MSAM) [per-layer Frob],per-layer,sgd,momentum_lookahead,frobenius,added,3.0,0.5,nominal,0.1,additive,1.0,nn_ce,2.2504740078131276,3,0,-1,500,501,0.015329596796388087,-2.2351444110167393,nan,nan,0.02609710796063414,0.7071067811862143,0.17400601315134148,3.394378806604565,0.0001411022558945249,nan,22.373455131958973,nan,1.0,0.392578125,4.91083719309231
2,msam,msam@per-layer,Momentum-SAM (MSAM) [per-layer Frob],per-layer,sgd,momentum_lookahead,frobenius,added,3.0,0.5,nominal,0.1,additive,1.0,nn_ce,2.2504740078131276,4,0,-1,500,501,0.014609752424205587,-2.235864255388922,nan,nan,0.024338403979495746,0.7071067811862081,0.2147098800180538,3.36008192022172,0.0003168962122648885,nan,22.73906439639052,nan,1.0,0.423828125,4.9796039163572186
2,msam,msam@per-layer,Momentum-SAM (MSAM) [per-layer Frob],per-layer,sgd,momentum_lookahead,frobenius,added,3.0,0.5,nominal,0.1,additive,1.0,nn_ce,2.2504740078131276,5,0,-1,500,501,0.015742872567551598,-2.234731135245576,nan,nan,0.02524854943084792,0.7071067811862055,0.18247214687351182,3.333118618651105,-0.0002852743564734986,nan,22.543322798941542,nan,1.0,0.3984375,4.840929598322004
2,msam,msam@per-layer,Momentum-SAM (MSAM) [per-layer Frob],per-layer,sgd,momentum_lookahead,frobenius,added,3.0,0.5,nominal,0.1,additive,1.0,nn_ce,2.2504740078131276,6,0,-1,500,501,0.013968072144244361,-2.236505935668883,nan,nan,0.02240767254506435,0.7071067811862017,0.17019973705226754,3.295202318352278,0.00011582814227890925,nan,22.107841761514088,nan,1.0,0.435546875,4.787993429736552
2,msam,msam@per-layer,Momentum-SAM (MSAM) [per-layer Frob],per-layer,sgd,momentum_lookahead,frobenius,added,3.0,0.5,nominal,0.1,additive,1.0,nn_ce,2.2504740078131276,7,0,-1,500,501,0.015633639740114176,-2.2348403680730136,nan,nan,0.02599969172162836,0.7071067811862112,0.1595355161270095,3.367126707032442,-0.0003949093014253575,nan,22.89682261328177,nan,1.0,0.466796875,4.724386423099535
2,msam,msam@per-layer,Momentum-SAM (MSAM) [per-layer Frob],per-layer,sgd,momentum_lookahead,frobenius,added,3.0,0.2,nominal,0.1,additive,1.0,nn_ce,2.2504740078131276,0,0,-1,500,501,0.014558402193278114,-2.2359156056198493,nan,nan,0.026518949817811693,0.2828427124744811,0.06568421720893403,3.3402717995181987,-0.0003740769301430885,nan,22.97943764073053,nan,1.0,0.4140625,5.223950443371259
2,msam,msam@per-layer,Momentum-SAM (MSAM) [per-layer Frob],per-layer,sgd,momentum_lookahead,frobenius,added,3.0,0.2,nominal,0.1,additive,1.0,nn_ce,2.2504740078131276,1,0,-1,500,501,0.014402804078371852,-2.2360712037347557,nan,nan,0.02599094136098074,0.28284271247448173,0.07035083172018348,3.387595788209557,-0.0005196043577502495,nan,23.137525748533285,nan,1.0,0.41015625,4.956902108846604
2,msam,msam@per-layer,Momentum-SAM (MSAM) [per-layer Frob],per-layer,sgd,momentum_lookahead,frobenius,added,3.0,0.2,nominal,0.1,additive,1.0,nn_ce,2.2504740078131276,2,0,-1,500,501,0.01686713774785885,-2.2336068700652687,nan,nan,0.02736720647723022,0.2828427124744806,0.06779278475234968,3.369355465352785,-0.0005046126340177808,nan,22.718734709920493,nan,1.0,0.43359375,4.621518130459854
2,msam,msam@per-layer,Momentum-SAM (MSAM) [per-layer Frob],per-layer,sgd,momentum_lookahead,frobenius,added,3.0,0.2,nominal,0.1,additive,1.0,nn_ce,2.2504740078131276,3,0,-1,500,501,0.016381130823720638,-2.234092876989407,nan,nan,0.026464783697639285,0.2828427124744859,0.06935273296926742,3.3998404285981105,-0.00022312042895256817,nan,22.29539599538348,nan,1.0,0.404296875,4.983621239832221
2,msam,msam@per-layer,Momentum-SAM (MSAM) [per-layer Frob],per-layer,sgd,momentum_lookahead,frobenius,added,3.0,0.2,nominal,0.1,additive,1.0,nn_ce,2.2504740078131276,4,0,-1,500,501,0.01634360251127113,-2.2341304053018565,nan,nan,0.026023729535956015,0.28284271247448384,0.08650781692343769,3.372971218747056,-0.0004172569471304344,nan,22.915368456230013,nan,1.0,0.412109375,5.026455740018903
2,msam,msam@per-layer,Momentum-SAM (MSAM) [per-layer Frob],per-layer,sgd,momentum_lookahead,frobenius,added,3.0,0.2,nominal,0.1,additive,1.0,nn_ce,2.2504740078131276,5,0,-1,500,501,0.015813972065521188,-2.2346600357476065,nan,nan,0.02674259099649754,0.2828427124744827,0.07310777359771273,3.3403781931497485,-0.0005186956191379748,nan,22.64045105322068,nan,1.0,0.40625,4.992991526699239
2,msam,msam@per-layer,Momentum-SAM (MSAM) [per-layer Frob],per-layer,sgd,momentum_lookahead,frobenius,added,3.0,0.2,nominal,0.1,additive,1.0,nn_ce,2.2504740078131276,6,0,-1,500,501,0.014087770263012608,-2.236386237550115,nan,nan,0.02235894839920783,0.2828427124744813,0.06797353049665991,3.3025328885094627,-0.0002564104944081172,nan,22.036027159303583,nan,1.0,0.439453125,4.79045129974995
2,msam,msam@per-layer,Momentum-SAM (MSAM) [per-layer Frob],per-layer,sgd,momentum_lookahead,frobenius,added,3.0,0.2,nominal,0.1,additive,1.0,nn_ce,2.2504740078131276,7,0,-1,500,501,0.014987075402477578,-2.23548693241065,nan,nan,0.025600177109436503,0.2828427124744853,0.06390883398988195,3.3724150720530357,-0.0003658358614150106,nan,22.935886185420745,nan,1.0,0.451171875,4.825972236644016
2,msam,msam@per-layer,Momentum-SAM (MSAM) [per-layer Frob],per-layer,sgd,momentum_lookahead,frobenius,added,3.0,1.0,nominal,0.1,additive,1.0,nn_ce,2.2504740078131276,0,0,-1,500,501,0.012770216703267449,-2.23770379110986,nan,nan,0.022312607913048562,1.4142135623723981,0.3297205300056884,3.3178920630322395,0.0023717418891236568,nan,22.884695569925157,nan,1.0,0.42578125,5.229327992727062
2,msam,msam@per-layer,Momentum-SAM (MSAM) [per-layer Frob],per-layer,sgd,momentum_lookahead,frobenius,added,3.0,1.0,nominal,0.1,additive,1.0,nn_ce,2.2504740078131276,1,0,-1,500,501,0.01293855112467901,-2.2375354566884487,nan,nan,0.022447909005845475,1.4142135623724021,0.352617437716885,3.3657556351689397,0.0016078784123336673,nan,23.2486651133346,nan,1.0,0.404296875,4.944922173892195
2,msam,msam@per-layer,Momentum-SAM (MSAM) [per-layer Frob],per-layer,sgd,momentum_lookahead,frobenius,added,3.0,1.0,nominal,0.1,additive,1.0,nn_ce,2.2504740078131276,2,0,-1,500,501,0.01605336310150583,-2.234420644711622,nan,nan,0.02430829641877408,1.4142135623723988,0.3377730155207981,3.36236662258372,0.0011833258606222322,nan,22.958306384698187,nan,1.0,0.40625,4.832949917758752
2,msam,msam@per-layer,Momentum-SAM (MSAM) [per-layer Frob],per-layer,sgd,momentum_lookahead,frobenius,added,3.0,1.0,nominal,0.1,additive,1.0,nn_ce,2.2504740078131276,3,0,-1,500,501,0.013697485647058518,-2.236776522166069,nan,nan,0.023019153987423747,1.4142135623724263,0.34851451699992375,3.3872169034141155,0.0016797630483910957,nan,22.2569140961965,nan,1.0,0.392578125,5.003722921962718
2,msam,msam@per-layer,Momentum-SAM (MSAM) [per-layer Frob],per-layer,sgd,momentum_lookahead,frobenius,added,3.0,1.0,nominal,0.1,additive,1.0,nn_ce,2.2504740078131276,4,0,-1,500,501,0.013230907860428319,-2.2372430999526993,nan,nan,0.022241731775481402,1.4142135623724124,0.4281433826970192,3.3506108409611572,0.002214841444097655,nan,22.715019252310377,nan,1.0,0.419921875,4.996409222428044
2,msam,msam@per-layer,Momentum-SAM (MSAM) [per-layer Frob],per-layer,sgd,momentum_lookahead,frobenius,added,3.0,1.0,nominal,0.1,additive,1.0,nn_ce,2.2504740078131276,5,0,-1,500,501,0.013570090466412589,-2.236903917346715,nan,nan,0.02200688104167458,1.414213562372407,0.3652258091452384,3.3246098223379694,0.0016973724328224575,nan,22.340273262906813,nan,1.0,0.384765625,4.988465994366873
2,msam,msam@per-layer,Momentum-SAM (MSAM) [per-layer Frob],per-layer,sgd,momentum_lookahead,frobenius,added,3.0,1.0,nominal,0.1,additive,1.0,nn_ce,2.2504740078131276,6,0,-1,500,501,0.01215950114742646,-2.2383145066657013,nan,nan,0.020576521252209864,1.4142135623724,0.33859361655129894,3.2848174771328407,0.0017373634114202872,nan,22.098028620092094,nan,1.0,0.44140625,4.776131596335913
2,msam,msam@per-layer,Momentum-SAM (MSAM) [per-layer Frob],per-layer,sgd,momentum_lookahead,frobenius,added,3.0,1.0,nominal,0.1,additive,1.0,nn_ce,2.2504740078131276,7,0,-1,500,501,0.013012184394444418,-2.237461823418683,nan,nan,0.020750456103629033,1.4142135623724184,0.3207833875498394,3.355145550734437,0.0016552988607971934,nan,22.89189140780815,nan,1.0,0.45703125,4.721931320382801
2,msam,msam@global,Momentum-SAM (MSAM) [global Frob],global,sgd,momentum_lookahead,frobenius,added,inf,0.01,nominal,0.1,additive,1.0,nn_ce,2.2504740078131276,0,0,-1,500,501,0.01170848954679103,-2.2387655182663364,nan,nan,0.02255873929735772,0.009999999999997282,0.002974328530621383,3.7646029854103,-3.947886605461595e-06,nan,22.39140984781615,nan,1.0,0.431640625,5.323874078370051
2,msam,msam@global,Momentum-SAM (MSAM) [global Frob],global,sgd,momentum_lookahead,frobenius,added,inf,0.01,nominal,0.1,additive,1.0,nn_ce,2.2504740078131276,1,0,-1,500,501,0.012980304026881393,-2.2374937037862463,nan,nan,0.024344245787627176,0.00999999999999725,0.0029836489913784405,3.6489702971499556,-1.8892458606560233e-05,nan,21.9274729682254,nan,1.0,0.416015625,5.4223095509482455
2,msam,msam@global,Momentum-SAM (MSAM) [global Frob],global,sgd,momentum_lookahead,frobenius,added,inf,0.01,nominal,0.1,additive,1.0,nn_ce,2.2504740078131276,2,0,-1,500,501,0.01347347266317599,-2.2370005351499516,nan,nan,0.024641440668986093,0.009999999999997301,0.0028261476143659364,3.699841607582547,-1.4256265421367861e-05,nan,22.641488250543908,nan,1.0,0.427734375,5.242939232679721
2,msam,msam@global,Momentum-SAM (MSAM) [global Frob],global,sgd,momentum_lookahead,frobenius,added,inf,0.01,nominal,0.1,additive,1.0,nn_ce,2.2504740078131276,3,0,-1,500,501,0.013061100357492026,-2.2374129074556355,nan,nan,0.026226042552898825,0.009999999999997245,0.0028238687755472477,3.6465786897945827,-2.1673801898797196e-05,nan,22.979332899489105,nan,1.0,0.44921875,5.304934944589739
2,msam,msam@global,Momentum-SAM (MSAM) [global Frob],global,sgd,momentum_lookahead,frobenius,added,inf,0.01,nominal,0.1,additive,1.0,nn_ce,2.2504740078131276,4,0,-1,500,501,0.014044650609377603,-2.23642935720375,nan,nan,0.02713111172786098,0.00999999999999732,0.0030607285791627906,3.6766720383052403,-1.759506824059072e-05,nan,21.89247160517063,nan,1.0,0.404296875,5.610863158137754
2,msam,msam@global,Momentum-SAM (MSAM) [global Frob],global,sgd,momentum_lookahead,frobenius,added,inf,0.01,nominal,0.1,additive,1.0,nn_ce,2.2504740078131276,5,0,-1,500,501,0.011957586603729378,-2.238516421209398,nan,nan,0.02287755155669682,0.00999999999999728,0.0030185929999831237,3.729467896933028,-1.4653605681919438e-05,nan,22.48474080622754,nan,1.0,0.41015625,5.558860102589284
2,msam,msam@global,Momentum-SAM (MSAM) [global Frob],global,sgd,momentum_lookahead,frobenius,added,inf,0.01,nominal,0.1,additive,1.0,nn_ce,2.2504740078131276,6,0,-1,500,501,0.013544848934711067,-2.2369291588784166,nan,nan,0.027542996178871307,0.009999999999997343,0.002916435592364181,3.7272253946983245,-1.7522254622967526e-05,nan,23.21898724391152,nan,1.0,0.39453125,5.601972537704757
2,msam,msam@global,Momentum-SAM (MSAM) [global Frob],global,sgd,momentum_lookahead,frobenius,added,inf,0.01,nominal,0.1,additive,1.0,nn_ce,2.2504740078131276,7,0,-1,500,501,0.012989033623500821,-2.2374849741896266,nan,nan,0.024574262724430113,0.009999999999997324,0.0031038984492921403,3.746475014659168,-1.6184084546289057e-05,nan,22.586208867177522,nan,1.0,0.412109375,5.375071725518611
2,msam,msam@global,Momentum-SAM (MSAM) [global Frob],global,sgd,momentum_lookahead,frobenius,added,inf,0.02,nominal,0.1,additive,1.0,nn_ce,2.2504740078131276,0,0,-1,500,501,0.011945763012900564,-2.238528244800227,nan,nan,0.02354818012817743,0.019999999999994567,0.0059545545334165565,3.764600047555527,-5.941498393535402e-06,nan,22.328615795167128,nan,1.0,0.4296875,5.378078021724046
2,msam,msam@global,Momentum-SAM (MSAM) [global Frob],global,sgd,momentum_lookahead,frobenius,added,inf,0.02,nominal,0.1,additive,1.0,nn_ce,2.2504740078131276,1,0,-1,500,501,0.012614209574375125,-2.2378597982387523,nan,nan,0.024351240360865955,0.01999999999999451,0.005973302944847117,3.650043824361008,-4.240918407988348e-05,nan,21.900670730249225,nan,1.0,0.412109375,5.392596032620544
2,msam,msam@global,Momentum-SAM (MSAM) [global Frob],global,sgd,momentum_lookahead,frobenius,added,inf,0.02,nominal,0.1,additive,1.0,nn_ce,2.2504740078131276,2,0,-1,500,501,0.01395042247545026,-2.2365235853376775,nan,nan,0.02530242118818932,0.019999999999994605,0.0056696778287813766,3.704997503819507,-3.927624369854006e-05,nan,22.60710775574522,nan,1.0,0.408203125,5.150790904316026
2,msam,msam@global,Momentum-SAM (MSAM) [global Frob],global,sgd,momentum_lookahead,frobenius,added,inf,0.02,nominal,0.1,additive,1.0,nn_ce,2.2504740078131276,3,0,-1,500,501,0.012781554846924923,-2.237692452966203,nan,nan,0.025269424646157394,0.019999999999994484,0.005632202250596455,3.6461740413648993,-3.837843551636293e-05,nan,22.999260779419618,nan,1.0,0.4453125,5.365193835021888
2,msam,msam@global,Momentum-SAM (MSAM) [global Frob],global,sgd,momentum_lookahead,frobenius,added,inf,0.02,nominal,0.1,additive,1.0,nn_ce,2.2504740078131276,4,0,-1,500,501,0.014942852586942043,-2.2355311552261856,nan,nan,0.028557558108713334,0.01999999999999464,0.00611679366310862,3.67876017217188,-4.081261026032436e-05,nan,21.72547149089309,nan,1.0,0.41796875,5.651185108024123
2,msam,msam@global,Momentum-SAM (MSAM) [global Frob],global,sgd,momentum_lookahead,frobenius,added,inf,0.02,nominal,0.1,additive,1.0,nn_ce,2.2504740078131276,5,0,-1,500,501,0.011944489366610992,-2.2385295184465166,nan,nan,0.02314708385851207,0.01999999999999458,0.006054139857632038,3.7311485811235903,-3.6416623277918045e-05,nan,22.549898115616855,nan,1.0,0.40625,5.548493479847471
2,msam,msam@global,Momentum-SAM (MSAM) [global Frob],global,sgd,momentum_lookahead,frobenius,added,inf,0.02,nominal,0.1,additive,1.0,nn_ce,2.2504740078131276,6,0,-1,500,501,0.013723776080375786,-2.236750231732752,nan,nan,0.02664461000736333,0.019999999999994685,0.00582737177475073,3.7257569785043545,-3.307679723623877e-05,nan,23.149577319423624,nan,1.0,0.419921875,5.496557964433391
2,msam,msam@global,Momentum-SAM (MSAM) [global Frob],global,sgd,momentum_lookahead,frobenius,added,inf,0.02,nominal,0.1,additive,1.0,nn_ce,2.2504740078131276,7,0,-1,500,501,0.013060242967262055,-2.2374137648458654,nan,nan,0.02432918706711533,0.01999999999999465,0.006194487386242547,3.746408569124492,-3.422246680227954e-05,nan,22.53995265108356,nan,1.0,0.439453125,5.391353931391793
2,msam,msam@global,Momentum-SAM (MSAM) [global Frob],global,sgd,momentum_lookahead,frobenius,added,inf,0.1,nominal,0.1,additive,1.0,nn_ce,2.2504740078131276,0,0,-1,500,501,0.01245275087939733,-2.23802125693373,nan,nan,0.02321818037407603,0.0999999999999728,0.02977406635237036,3.762215371364862,-2.8024830505974513e-05,nan,22.27696967404946,nan,1.0,0.4296875,5.426487528689833
2,msam,msam@global,Momentum-SAM (MSAM) [global Frob],global,sgd,momentum_lookahead,frobenius,added,inf,0.1,nominal,0.1,additive,1.0,nn_ce,2.2504740078131276,1,0,-1,500,501,0.013800452462288868,-2.236673555350839,nan,nan,0.0264579512271313,0.09999999999997246,0.02996443469080206,3.64297160343164,-0.00015923001843618466,nan,22.037616478545146,nan,1.0,0.416015625,5.397901301620658
2,msam,msam@global,Momentum-SAM (MSAM) [global Frob],global,sgd,momentum_lookahead,frobenius,added,inf,0.1,nominal,0.1,additive,1.0,nn_ce,2.2504740078131276,2,0,-1,500,501,0.01402158637695958,-2.236452421436168,nan,nan,0.024912160642921507,0.09999999999997301,0.028281761264127014,3.701319444942692,-0.00016270475647284406,nan,22.77700986016095,nan,1.0,0.421875,5.153897456377427
2,msam,msam@global,Momentum-SAM (MSAM) [global Frob],global,sgd,momentum_lookahead,frobenius,added,inf,0.1,nominal,0.1,additive,1.0,nn_ce,2.2504740078131276,3,0,-1,500,501,0.013570193491798882,-2.236903814321329,nan,nan,0.0269095301906279,0.09999999999997246,0.028170663443152572,3.6461779946543937,-0.00020652609353894597,nan,23.185530465196877,nan,1.0,0.443359375,5.264279658712461
2,msam,msam@global,Momentum-SAM (MSAM) [global Frob],global,sgd,momentum_lookahead,frobenius,added,inf,0.1,nominal,0.1,additive,1.0,nn_ce,2.2504740078131276,4,0,-1,500,501,0.015369646518105662,-2.235104361295022,nan,nan,0.027710740624961414,0.0999999999999732,0.030583872837516814,3.6753128821585195,-0.0001253519750824602,nan,22.00774720278466,nan,1.0,0.42578125,5.418711973590211
2,msam,msam@global,Momentum-SAM (MSAM) [global Frob],global,sgd,momentum_lookahead,frobenius,added,inf,0.1,nominal,0.1,additive,1.0,nn_ce,2.2504740078131276,5,0,-1,500,501,0.012252335101257682,-2.23822167271187,nan,nan,0.023527978247431827,0.09999999999997287,0.03022290047322356,3.729085821240493,-0.00015426190546663152,nan,22.40019988756556,nan,1.0,0.419921875,5.488321820070711
2,msam,msam@global,Momentum-SAM (MSAM) [global Frob],global,sgd,momentum_lookahead,frobenius,added,inf,0.1,nominal,0.1,additive,1.0,nn_ce,2.2504740078131276,6,0,-1,500,501,0.013974770099547347,-2.23649923771358,nan,nan,0.02721208064549429,0.09999999999997339,0.02920371859422865,3.7270327960955676,-0.00017709608799424542,nan,23.142661525785524,nan,1.0,0.412109375,5.5486694936616985
2,msam,msam@global,Momentum-SAM (MSAM) [global Frob],global,sgd,momentum_lookahead,frobenius,added,inf,0.1,nominal,0.1,additive,1.0,nn_ce,2.2504740078131276,7,0,-1,500,501,0.013188445091084054,-2.2372855627220436,nan,nan,0.02477331610950255,0.09999999999997326,0.030850833687604787,3.751293809201786,-0.0001751796922212865,nan,22.674049176870426,nan,1.0,0.40625,5.473854822045632
2,msam,msam@global,Momentum-SAM (MSAM) [global Frob],global,sgd,momentum_lookahead,frobenius,added,inf,0.05,nominal,0.1,additive,1.0,nn_ce,2.2504740078131276,0,0,-1,500,501,0.011399242229958712,-2.239074765583169,nan,nan,0.023198808590244348,0.04999999999998642,0.014875332627118125,3.7673932192520057,-2.314751141812947e-05,nan,22.162891369669,nan,1.0,0.458984375,5.487895705922396
2,msam,msam@global,Momentum-SAM (MSAM) [global Frob],global,sgd,momentum_lookahead,frobenius,added,inf,0.05,nominal,0.1,additive,1.0,nn_ce,2.2504740078131276,1,0,-1,500,501,0.012819989071820406,-2.237654018741307,nan,nan,0.024983984660789094,0.049999999999986236,0.014918523136456419,3.6462170147904467,-9.631516424484995e-05,nan,21.864003943250665,nan,1.0,0.40625,5.447517269008036
2,msam,msam@global,Momentum-SAM (MSAM) [global Frob],global,sgd,momentum_lookahead,frobenius,added,inf,0.05,nominal,0.1,additive,1.0,nn_ce,2.2504740078131276,2,0,-1,500,501,0.014012108972173146,-2.2364618988409544,nan,nan,0.024955163255467483,0.049999999999986514,0.014172970956959696,3.7046017756108083,-0.00010187941202342496,nan,22.683288851735444,nan,1.0,0.416015625,5.278768240141791
2,msam,msam@global,Momentum-SAM (MSAM) [global Frob],global,sgd,momentum_lookahead,frobenius,added,inf,0.05,nominal,0.1,additive,1.0,nn_ce,2.2504740078131276,3,0,-1,500,501,0.013063205672903644,-2.237410802140224,nan,nan,0.026630541326459246,0.049999999999986215,0.014063820468165502,3.646702885288087,-9.875413302716345e-05,nan,23.111036195169177,nan,1.0,0.439453125,5.170860413575472
2,msam,msam@global,Momentum-SAM (MSAM) [global Frob],global,sgd,momentum_lookahead,frobenius,added,inf,0.05,nominal,0.1,additive,1.0,nn_ce,2.2504740078131276,4,0,-1,500,501,0.015828129718051052,-2.2346458780950766,nan,nan,0.02838911685790987,0.04999999999998659,0.015346685620295378,3.6770786013378993,-9.151240536599617e-05,nan,21.77276765028606,nan,1.0,0.41796875,5.450562968454854
2,msam,msam@global,Momentum-SAM (MSAM) [global Frob],global,sgd,momentum_lookahead,frobenius,added,inf,0.05,nominal,0.1,additive,1.0,nn_ce,2.2504740078131276,5,0,-1,500,501,0.011876542776417708,-2.23859746503671,nan,nan,0.022257452946517303,0.049999999999986416,0.015094866719883016,3.727375573860607,-7.493519947161971e-05,nan,22.53313971898779,nan,1.0,0.40234375,5.5831822088956455
2,msam,msam@global,Momentum-SAM (MSAM) [global Frob],global,sgd,momentum_lookahead,frobenius,added,inf,0.05,nominal,0.1,additive,1.0,nn_ce,2.2504740078131276,6,0,-1,500,501,0.013404239416124102,-2.2370697683970033,nan,nan,0.02616932054063319,0.049999999999986694,0.014557983993336191,3.724003427751286,-7.563554258596845e-05,nan,23.170915229310996,nan,1.0,0.421875,5.531568510583443
2,msam,msam@global,Momentum-SAM (MSAM) [global Frob],global,sgd,momentum_lookahead,frobenius,added,inf,0.05,nominal,0.1,additive,1.0,nn_ce,2.2504740078131276,7,0,-1,500,501,0.012587867451548353,-2.2378861403615793,nan,nan,0.02381336078442184,0.04999999999998661,0.015509007848450515,3.742514872445551,-7.704251872057456e-05,nan,22.520963170252486,nan,1.0,0.4140625,5.525803662521047
2,msam,msam@global,Momentum-SAM (MSAM) [global Frob],global,sgd,momentum_lookahead,frobenius,added,inf,0.2,nominal,0.1,additive,1.0,nn_ce,2.2504740078131276,0,0,-1,500,501,0.013509087919236603,-2.236964919893891,nan,nan,0.024229547390093434,0.19999999999994567,0.059458807765738926,3.7658606606102856,-9.879942266156558e-05,nan,22.524356966611176,nan,1.0,0.44140625,5.302477161975124
2,msam,msam@global,Momentum-SAM (MSAM) [global Frob],global,sgd,momentum_lookahead,frobenius,added,inf,0.2,nominal,0.1,additive,1.0,nn_ce,2.2504740078131276,1,0,-1,500,501,0.014419489562182477,-2.236054518250945,nan,nan,0.027028619105062903,0.19999999999994497,0.059629161305895344,3.644146166689273,-0.00031728762404478923,nan,22.02621541289869,nan,1.0,0.392578125,5.616527803665537
2,msam,msam@global,Momentum-SAM (MSAM) [global Frob],global,sgd,momentum_lookahead,frobenius,added,inf,0.2,nominal,0.1,additive,1.0,nn_ce,2.2504740078131276,2,0,-1,500,501,0.015290092868253878,-2.235183914944874,nan,nan,0.0262969444439488,0.19999999999994597,0.05660893800946258,3.6990288957963227,-0.00028404992510901866,nan,22.808190193361266,nan,1.0,0.427734375,4.98250302930733
2,msam,msam@global,Momentum-SAM (MSAM) [global Frob],global,sgd,momentum_lookahead,frobenius,added,inf,0.2,nominal,0.1,additive,1.0,nn_ce,2.2504740078131276,3,0,-1,500,501,0.013405740718223954,-2.237068267094904,nan,nan,0.026359958983190244,0.1999999999999448,0.05636435966915712,3.643389170739083,-0.000357475163091708,nan,23.134895156584783,nan,1.0,0.416015625,5.400966419375067
2,msam,msam@global,Momentum-SAM (MSAM) [global Frob],global,sgd,momentum_lookahead,frobenius,added,inf,0.2,nominal,0.1,additive,1.0,nn_ce,2.2504740078131276,4,0,-1,500,501,0.016103284033196153,-2.2343707237799313,nan,nan,0.0285174029190046,0.19999999999994644,0.06132218292843597,3.678955923800817,-0.00028208181380747627,nan,21.926188416252,nan,1.0,0.4296875,5.407426509399725
2,msam,msam@global,Momentum-SAM (MSAM) [global Frob],global,sgd,momentum_lookahead,frobenius,added,inf,0.2,nominal,0.1,additive,1.0,nn_ce,2.2504740078131276,5,0,-1,500,501,0.012377780006054042,-2.2380962278070737,nan,nan,0.023270757485333558,0.19999999999994567,0.0601909377619269,3.7267164697107145,-0.00027481635287361986,nan,22.455264256604647,nan,1.0,0.408203125,5.464947289150306
2,msam,msam@global,Momentum-SAM (MSAM) [global Frob],global,sgd,momentum_lookahead,frobenius,added,inf,0.2,nominal,0.1,additive,1.0,nn_ce,2.2504740078131276,6,0,-1,500,501,0.014886053557697608,-2.23558795425543,nan,nan,0.027543790649660758,0.19999999999994683,0.05824897927056553,3.7244813402165353,-0.0003118214519532911,nan,23.177864426347526,nan,1.0,0.40234375,5.562647264913389
2,msam,msam@global,Momentum-SAM (MSAM) [global Frob],global,sgd,momentum_lookahead,frobenius,added,inf,0.2,nominal,0.1,additive,1.0,nn_ce,2.2504740078131276,7,0,-1,500,501,0.01374302391321995,-2.2367309838999074,nan,nan,0.02517238978978891,0.1999999999999465,0.061667108911462,3.7449797820322144,-0.00025271178799313523,nan,22.69801063895142,nan,1.0,0.4140625,5.630470335791911
2,msam,msam@global,Momentum-SAM (MSAM) [global Frob],global,sgd,momentum_lookahead,frobenius,added,inf,0.5,nominal,0.1,additive,1.0,nn_ce,2.2504740078131276,0,0,-1,500,501,0.01230267042929872,-2.238171337383829,nan,nan,0.021749390113096977,0.4999999999998638,0.14913784970980837,3.7537313466635878,0.00018517516412407467,nan,22.461597543218364,nan,1.0,0.443359375,5.336893020235681
2,msam,msam@global,Momentum-SAM (MSAM) [global Frob],global,sgd,momentum_lookahead,frobenius,added,inf,0.5,nominal,0.1,additive,1.0,nn_ce,2.2504740078131276,1,0,-1,500,501,0.014948220860520998,-2.2355257869526066,nan,nan,0.026654482406780387,0.49999999999986194,0.14946280910298038,3.632596802522658,-0.0003046165792435322,nan,22.17178166924485,nan,1.0,0.39453125,5.386371197159486
2,msam,msam@global,Momentum-SAM (MSAM) [global Frob],global,sgd,momentum_lookahead,frobenius,added,inf,0.5,nominal,0.1,additive,1.0,nn_ce,2.2504740078131276,2,0,-1,500,501,0.015052742150720444,-2.2354212656624073,nan,nan,0.026302878467941715,0.4999999999998647,0.14123381384364492,3.695294748825997,-0.0003740066056815497,nan,22.805368737761455,nan,1.0,0.43359375,5.027892374042068
2,msam,msam@global,Momentum-SAM (MSAM) [global Frob],global,sgd,momentum_lookahead,frobenius,added,inf,0.5,nominal,0.1,additive,1.0,nn_ce,2.2504740078131276,3,0,-1,500,501,0.014295418216122523,-2.236178589597005,nan,nan,0.02776174931350106,0.4999999999998619,0.14130277058168084,3.636125365880571,-0.0004986998177999719,nan,22.989625851284227,nan,1.0,0.419921875,5.382633393244312
2,msam,msam@global,Momentum-SAM (MSAM) [global Frob],global,sgd,momentum_lookahead,frobenius,added,inf,0.5,nominal,0.1,additive,1.0,nn_ce,2.2504740078131276,4,0,-1,500,501,0.015598101198763951,-2.2348759066143637,nan,nan,0.027858117060525125,0.4999999999998655,0.15343062711939073,3.6642168935385677,-7.807248785503436e-05,nan,22.149527900401832,nan,1.0,0.44140625,5.256941288945242
2,msam,msam@global,Momentum-SAM (MSAM) [global Frob],global,sgd,momentum_lookahead,frobenius,added,inf,0.5,nominal,0.1,additive,1.0,nn_ce,2.2504740078131276,5,0,-1,500,501,0.012398022262947592,-2.23807598555018,nan,nan,0.02259587486068052,0.49999999999986394,0.15098788342950803,3.719695713824784,-0.0002207599468574198,nan,22.588246150032532,nan,1.0,0.408203125,5.32124778073936
2,msam,msam@global,Momentum-SAM (MSAM) [global Frob],global,sgd,momentum_lookahead,frobenius,added,inf,0.5,nominal,0.1,additive,1.0,nn_ce,2.2504740078131276,6,0,-1,500,501,0.015018794754231539,-2.235455213058896,nan,nan,0.028160950245137345,0.49999999999986683,0.145331887707731,3.7193454349376895,-0.0005546385933794737,nan,23.11330500408198,nan,1.0,0.423828125,5.510545240426692
2,msam,msam@global,Momentum-SAM (MSAM) [global Frob],global,sgd,momentum_lookahead,frobenius,added,inf,0.5,nominal,0.1,additive,1.0,nn_ce,2.2504740078131276,7,0,-1,500,501,0.012868027337335811,-2.237605980475792,nan,nan,0.022522462037755226,0.4999999999998661,0.15508907386092463,3.736601320715407,-0.00022857334872325268,nan,22.754905636328058,nan,1.0,0.423828125,5.420972483767894
2,msam,msam@global,Momentum-SAM (MSAM) [global Frob],global,sgd,momentum_lookahead,frobenius,added,inf,1.0,nominal,0.1,additive,1.0,nn_ce,2.2504740078131276,0,0,-1,500,501,0.010358880455159035,-2.2401151273579685,nan,nan,0.019521970047815255,0.9999999999997272,0.2981480688150899,3.7470242354833143,0.0007844182492823329,nan,22.58629385219802,nan,1.0,0.41796875,5.465627239402931
2,msam,msam@global,Momentum-SAM (MSAM) [global Frob],global,sgd,momentum_lookahead,frobenius,added,inf,1.0,nominal,0.1,additive,1.0,nn_ce,2.2504740078131276,1,0,-1,500,501,0.013807407372815467,-2.236666600440312,nan,nan,0.024256416137256293,0.9999999999997222,0.2975577812770547,3.619312636863933,0.0006335123445008785,nan,22.13492008226761,nan,1.0,0.427734375,5.260498162591355
2,msam,msam@global,Momentum-SAM (MSAM) [global Frob],global,sgd,momentum_lookahead,frobenius,added,inf,1.0,nominal,0.1,additive,1.0,nn_ce,2.2504740078131276,2,0,-1,500,501,0.01455118183383727,-2.2359228259792903,nan,nan,0.02557375354619987,0.9999999999997288,0.2831209250521773,3.6845331405793127,0.00025238433679072164,nan,22.997070560493075,nan,1.0,0.408203125,4.925240768234031
2,msam,msam@global,Momentum-SAM (MSAM) [global Frob],global,sgd,momentum_lookahead,frobenius,added,inf,1.0,nominal,0.1,additive,1.0,nn_ce,2.2504740078131276,3,0,-1,500,501,0.013381357155069693,-2.2370926506580577,nan,nan,0.024920671194807783,0.9999999999997228,0.2835668907768768,3.6281111889898647,-0.000112576641309977,nan,23.088112827460783,nan,1.0,0.40625,5.357074075422336
2,msam,msam@global,Momentum-SAM (MSAM) [global Frob],global,sgd,momentum_lookahead,frobenius,added,inf,1.0,nominal,0.1,additive,1.0,nn_ce,2.2504740078131276,4,0,-1,500,501,0.014669463155629022,-2.2358045446574986,nan,nan,0.02635516303587599,0.9999999999997304,0.30763793934530786,3.662040513198686,0.00043380847408674983,nan,22.180157552633304,nan,1.0,0.427734375,5.2619947372991165
2,msam,msam@global,Momentum-SAM (MSAM) [global Frob],global,sgd,momentum_lookahead,frobenius,added,inf,1.0,nominal,0.1,additive,1.0,nn_ce,2.2504740078131276,5,0,-1,500,501,0.011763834016586311,-2.2387101737965414,nan,nan,0.020882751143320232,0.9999999999997273,0.3017078828286264,3.715159577455851,0.0001558425504540016,nan,22.81247187644187,nan,1.0,0.40234375,5.353453641608202
2,msam,msam@global,Momentum-SAM (MSAM) [global Frob],global,sgd,momentum_lookahead,frobenius,added,inf,1.0,nominal,0.1,additive,1.0,nn_ce,2.2504740078131276,6,0,-1,500,501,0.013211928002024989,-2.2372620798111025,nan,nan,0.02450162430345331,0.9999999999997328,0.2917027274348472,3.707525710013637,4.124174324750783e-05,nan,22.983187367520316,nan,1.0,0.4140625,5.3584416782204345
2,msam,msam@global,Momentum-SAM (MSAM) [global Frob],global,sgd,momentum_lookahead,frobenius,added,inf,1.0,nominal,0.1,additive,1.0,nn_ce,2.2504740078131276,7,0,-1,500,501,0.013314568056725307,-2.237159439756402,nan,nan,0.02246500417321883,0.999999999999731,0.31046638994847064,3.7239054569423513,0.0008455804585809495,nan,22.71003218044312,nan,1.0,0.416015625,5.210610468014947
2,msam,msam@per-layer,Momentum-SAM (MSAM) [per-layer Frob],per-layer,sgd,momentum_lookahead,frobenius,added,inf,0.05,nominal,0.1,additive,1.0,nn_ce,2.2504740078131276,0,0,-1,500,501,0.012088057463195388,-2.238385950349932,nan,nan,0.02377366965286449,0.07071067811862358,0.0169234497083175,3.7667706424607013,-6.231877017704758e-05,nan,22.16914387883743,nan,1.0,0.453125,5.539655387498571
2,msam,msam@per-layer,Momentum-SAM (MSAM) [per-layer Frob],per-layer,sgd,momentum_lookahead,frobenius,added,inf,0.05,nominal,0.1,additive,1.0,nn_ce,2.2504740078131276,1,0,-1,500,501,0.01373866448816245,-2.2367353433249653,nan,nan,0.026266726790469663,0.07071067811862354,0.01712430462055281,3.646187415580706,-0.00015998632846214722,nan,22.01095165709498,nan,1.0,0.419921875,5.388478401503705
2,msam,msam@per-layer,Momentum-SAM (MSAM) [per-layer Frob],per-layer,sgd,momentum_lookahead,frobenius,added,inf,0.05,nominal,0.1,additive,1.0,nn_ce,2.2504740078131276,2,0,-1,500,501,0.01483384416302331,-2.235640163650104,nan,nan,0.02548461839400857,0.07071067811862392,0.016161509307703437,3.7056635540839777,-0.0001501585508084137,nan,22.664468124692757,nan,1.0,0.4296875,5.069201258127139
2,msam,msam@per-layer,Momentum-SAM (MSAM) [per-layer Frob],per-layer,sgd,momentum_lookahead,frobenius,added,inf,0.05,nominal,0.1,additive,1.0,nn_ce,2.2504740078131276,3,0,-1,500,501,0.013154365243878108,-2.2373196425692496,nan,nan,0.026539320653969665,0.0707106781186235,0.016075154377519336,3.6461081595528952,-0.00017565439688145383,nan,23.160918082584526,nan,1.0,0.439453125,5.239590862368526
2,msam,msam@per-layer,Momentum-SAM (MSAM) [per-layer Frob],per-layer,sgd,momentum_lookahead,frobenius,added,inf,0.05,nominal,0.1,additive,1.0,nn_ce,2.2504740078131276,4,0,-1,500,501,0.015897934005544005,-2.2345760738075837,nan,nan,0.027806111394964167,0.07071067811862389,0.01732882533200496,3.6830503063545508,-0.00019265120230581995,nan,21.87935909618427,nan,1.0,0.40625,5.386679572518255
2,msam,msam@per-layer,Momentum-SAM (MSAM) [per-layer Frob],per-layer,sgd,momentum_lookahead,frobenius,added,inf,0.05,nominal,0.1,additive,1.0,nn_ce,2.2504740078131276,5,0,-1,500,501,0.011969145202348342,-2.238504862610779,nan,nan,0.022442603037371264,0.07071067811862389,0.01721415694788513,3.7293445055490695,-0.00013446463782591268,nan,22.439792713633476,nan,1.0,0.404296875,5.527078695616724
2,msam,msam@per-layer,Momentum-SAM (MSAM) [per-layer Frob],per-layer,sgd,momentum_lookahead,frobenius,added,inf,0.05,nominal,0.1,additive,1.0,nn_ce,2.2504740078131276,6,0,-1,500,501,0.013431670440726516,-2.237042337372401,nan,nan,0.026996005561972077,0.07071067811862403,0.016531945821573638,3.7259903653223487,-0.00016362114749582206,nan,23.187522912091115,nan,1.0,0.40234375,5.515037023710204
2,msam,msam@per-layer,Momentum-SAM (MSAM) [per-layer Frob],per-layer,sgd,momentum_lookahead,frobenius,added,inf,0.05,nominal,0.1,additive,1.0,nn_ce,2.2504740078131276,7,0,-1,500,501,0.013522832001229723,-2.236951175811898,nan,nan,0.02555626506923623,0.07071067811862354,0.017421772539784667,3.749748324794655,-0.00015665907058724608,nan,22.592922820817748,nan,1.0,0.41015625,5.447487314987805
2,msam,msam@per-layer,Momentum-SAM (MSAM) [per-layer Frob],per-layer,sgd,momentum_lookahead,frobenius,added,inf,0.02,nominal,0.1,additive,1.0,nn_ce,2.2504740078131276,0,0,-1,500,501,0.011335127442098542,-2.239138880371029,nan,nan,0.0212394692583097,0.02828427124744944,0.00676804390496464,3.768878625994223,-2.027168024703631e-05,nan,22.30854093780856,nan,1.0,0.42578125,5.56919245972745
2,msam,msam@per-layer,Momentum-SAM (MSAM) [per-layer Frob],per-layer,sgd,momentum_lookahead,frobenius,added,inf,0.02,nominal,0.1,additive,1.0,nn_ce,2.2504740078131276,1,0,-1,500,501,0.012734790598280848,-2.237739217214847,nan,nan,0.024647845434269976,0.02828427124744943,0.006829213823961966,3.650077467926167,-7.340559737789229e-05,nan,21.826431313356036,nan,1.0,0.4140625,5.454750965624868
2,msam,msam@per-layer,Momentum-SAM (MSAM) [per-layer Frob],per-layer,sgd,momentum_lookahead,frobenius,added,inf,0.02,nominal,0.1,additive,1.0,nn_ce,2.2504740078131276,2,0,-1,500,501,0.0137402719476349,-2.2367337358654926,nan,nan,0.024571560836509878,0.028284271247449574,0.006464847413424889,3.7052090249090486,-7.03572263891835e-05,nan,22.57126286554532,nan,1.0,0.42578125,5.166236658377204
2,msam,msam@per-layer,Momentum-SAM (MSAM) [per-layer Frob],per-layer,sgd,momentum_lookahead,frobenius,added,inf,0.02,nominal,0.1,additive,1.0,nn_ce,2.2504740078131276,3,0,-1,500,501,0.013597548396256043,-2.2368764594168713,nan,nan,0.02668173324415969,0.028284271247449384,0.006445518296858931,3.64640172460482,-7.480552481513823e-05,nan,23.044954428399453,nan,1.0,0.4453125,5.2236333857321995
2,msam,msam@per-layer,Momentum-SAM (MSAM) [per-layer Frob],per-layer,sgd,momentum_lookahead,frobenius,added,inf,0.02,nominal,0.1,additive,1.0,nn_ce,2.2504740078131276,4,0,-1,500,501,0.014989946440089889,-2.235484061373038,nan,nan,0.027234636858164265,0.0282842712474495,0.0069371457011263415,3.6762847267402856,-6.79133785172828e-05,nan,21.721827281005343,nan,1.0,0.42578125,5.579426393111434
2,msam,msam@per-layer,Momentum-SAM (MSAM) [per-layer Frob],per-layer,sgd,momentum_lookahead,frobenius,added,inf,0.02,nominal,0.1,additive,1.0,nn_ce,2.2504740078131276,5,0,-1,500,501,0.012441055323200865,-2.2380329524899265,nan,nan,0.023238338147506282,0.028284271247449543,0.006913112901468177,3.727051795606058,-4.81344410476342e-05,nan,22.496489282438272,nan,1.0,0.421875,5.4755597255664785
2,msam,msam@per-layer,Momentum-SAM (MSAM) [per-layer Frob],per-layer,sgd,momentum_lookahead,frobenius,added,inf,0.02,nominal,0.1,additive,1.0,nn_ce,2.2504740078131276,6,0,-1,500,501,0.013712536162770789,-2.236761471650357,nan,nan,0.027091731240701567,0.028284271247449644,0.006605229132415787,3.7272656828743562,-6.801734438241155e-05,nan,23.230932288831447,nan,1.0,0.423828125,5.468934678963424
2,msam,msam@per-layer,Momentum-SAM (MSAM) [per-layer Frob],per-layer,sgd,momentum_lookahead,frobenius,added,inf,0.02,nominal,0.1,additive,1.0,nn_ce,2.2504740078131276,7,0,-1,500,501,0.01301549854794815,-2.2374585092651795,nan,nan,0.024867870002194682,0.028284271247449443,0.006986638964635074,3.7487332362830603,-6.919967753263312e-05,nan,22.651264617467305,nan,1.0,0.40625,5.535308189307142
2,msam,msam@per-layer,Momentum-SAM (MSAM) [per-layer Frob],per-layer,sgd,momentum_lookahead,frobenius,added,inf,0.01,nominal,0.1,additive,1.0,nn_ce,2.2504740078131276,0,0,-1,500,501,0.012610585212636688,-2.237863422600491,nan,nan,0.023431433605919993,0.014142135623724716,0.00337699234760702,3.7671294891676106,-1.3215714981853685e-05,nan,22.392184385272127,nan,1.0,0.427734375,5.306503266724837
2,msam,msam@per-layer,Momentum-SAM (MSAM) [per-layer Frob],per-layer,sgd,momentum_lookahead,frobenius,added,inf,0.01,nominal,0.1,additive,1.0,nn_ce,2.2504740078131276,1,0,-1,500,501,0.012856716715317415,-2.23761729109781,nan,nan,0.0246536347400027,0.014142135623724716,0.0034148280948386933,3.652869778009021,-4.10586347004277e-05,nan,21.918230497554386,nan,1.0,0.41796875,5.379271716363844
2,msam,msam@per-layer,Momentum-SAM (MSAM) [per-layer Frob],per-layer,sgd,momentum_lookahead,frobenius,added,inf,0.01,nominal,0.1,additive,1.0,nn_ce,2.2504740078131276,2,0,-1,500,501,0.01367475174716264,-2.236799256065965,nan,nan,0.024706378638119274,0.014142135623724787,0.0032280032223865438,3.705421612620913,-3.3308547014370554e-05,nan,22.59604702387527,nan,1.0,0.41796875,5.216957765191703
2,msam,msam@per-layer,Momentum-SAM (MSAM) [per-layer Frob],per-layer,sgd,momentum_lookahead,frobenius,added,inf,0.01,nominal,0.1,additive,1.0,nn_ce,2.2504740078131276,3,0,-1,500,501,0.013067325316717546,-2.23740668249641,nan,nan,0.025889265584481323,0.01414213562372469,0.003217482746043927,3.6429505660366583,-3.582423132475823e-05,nan,22.93765933471575,nan,1.0,0.431640625,5.201259466456067
2,msam,msam@per-layer,Momentum-SAM (MSAM) [per-layer Frob],per-layer,sgd,momentum_lookahead,frobenius,added,inf,0.01,nominal,0.1,additive,1.0,nn_ce,2.2504740078131276,4,0,-1,500,501,0.014899122620446275,-2.235574885192681,nan,nan,0.027080271836140795,0.014142135623724763,0.003467272897711616,3.67649755627481,-3.3181592444133864e-05,nan,21.74858319443347,nan,1.0,0.419921875,5.473216964472869
2,msam,msam@per-layer,Momentum-SAM (MSAM) [per-layer Frob],per-layer,sgd,momentum_lookahead,frobenius,added,inf,0.01,nominal,0.1,additive,1.0,nn_ce,2.2504740078131276,5,0,-1,500,501,0.012256261812002905,-2.2382177460011246,nan,nan,0.024124906242726007,0.014142135623724785,0.0034502762300024016,3.7319125485309796,-3.0715707675123965e-05,nan,22.576494009611583,nan,1.0,0.416015625,5.524646607467799
2,msam,msam@per-layer,Momentum-SAM (MSAM) [per-layer Frob],per-layer,sgd,momentum_lookahead,frobenius,added,inf,0.01,nominal,0.1,additive,1.0,nn_ce,2.2504740078131276,6,0,-1,500,501,0.013571981162576501,-2.2369020266505513,nan,nan,0.026467549214223077,0.014142135623724813,0.003297044367728506,3.7259238262880254,-2.8974865450389492e-05,nan,23.212952352322056,nan,1.0,0.419921875,5.420683993403772
2,msam,msam@per-layer,Momentum-SAM (MSAM) [per-layer Frob],per-layer,sgd,momentum_lookahead,frobenius,added,inf,0.01,nominal,0.1,additive,1.0,nn_ce,2.2504740078131276,7,0,-1,500,501,0.013113266055777078,-2.2373607417573504,nan,nan,0.025083055177608657,0.014142135623724716,0.003495631293143462,3.7498038489805374,-3.44029444991692e-05,nan,22.589302051613082,nan,1.0,0.412109375,5.435262161540508
2,msam,msam@per-layer,Momentum-SAM (MSAM) [per-layer Frob],per-layer,sgd,momentum_lookahead,frobenius,added,inf,0.2,nominal,0.1,additive,1.0,nn_ce,2.2504740078131276,0,0,-1,500,501,0.014661420953725956,-2.2358125868594017,nan,nan,0.023450653660851518,0.2828427124744941,0.06746580007439974,3.7606177125403515,-9.939549602571568e-05,nan,22.504622935028117,nan,0.998046875,0.435546875,5.393883029690133
2,msam,msam@per-layer,Momentum-SAM (MSAM) [per-layer Frob],per-layer,sgd,momentum_lookahead,frobenius,added,inf,0.2,nominal,0.1,additive,1.0,nn_ce,2.2504740078131276,1,0,-1,500,501,0.01456143436561174,-2.235912573447516,nan,nan,0.02723959351581631,0.28284271247449355,0.06824113938995778,3.633016705793447,-0.00033656676369385637,nan,22.161101862862058,nan,1.0,0.40234375,5.489975740241508
2,msam,msam@per-layer,Momentum-SAM (MSAM) [per-layer Frob],per-layer,sgd,momentum_lookahead,frobenius,added,inf,0.2,nominal,0.1,additive,1.0,nn_ce,2.2504740078131276,2,0,-1,500,501,0.015642647563362783,-2.234831360249765,nan,nan,0.02628433689093902,0.28284271247449544,0.0643751224697603,3.6959176512173597,-0.00039983357108781814,nan,22.73195222260763,nan,1.0,0.39453125,5.047215841821632
2,msam,msam@per-layer,Momentum-SAM (MSAM) [per-layer Frob],per-layer,sgd,momentum_lookahead,frobenius,added,inf,0.2,nominal,0.1,additive,1.0,nn_ce,2.2504740078131276,3,0,-1,500,501,0.014141273419330259,-2.2363327343937973,nan,nan,0.02758822086495144,0.2828427124744935,0.06469696242090207,3.641371355739694,-0.0005176814924431963,nan,23.11852773396563,nan,1.0,0.435546875,5.228280076291833
2,msam,msam@per-layer,Momentum-SAM (MSAM) [per-layer Frob],per-layer,sgd,momentum_lookahead,frobenius,added,inf,0.2,nominal,0.1,additive,1.0,nn_ce,2.2504740078131276,4,0,-1,500,501,0.016078789566437317,-2.23439521824669,nan,nan,0.028591177146755,0.28284271247449516,0.06946496498250168,3.675311916603837,-0.0004724867009703558,nan,21.798111486335177,nan,1.0,0.408203125,5.419298478246212
2,msam,msam@per-layer,Momentum-SAM (MSAM) [per-layer Frob],per-layer,sgd,momentum_lookahead,frobenius,added,inf,0.2,nominal,0.1,additive,1.0,nn_ce,2.2504740078131276,5,0,-1,500,501,0.01320012662930881,-2.237273881183819,nan,nan,0.024206870490547393,0.2828427124744955,0.06895542403958659,3.725083837291631,-0.00047331912630418395,nan,22.484424248577216,nan,1.0,0.41015625,5.482082501746172
2,msam,msam@per-layer,Momentum-SAM (MSAM) [per-layer Frob],per-layer,sgd,momentum_lookahead,frobenius,added,inf,0.2,nominal,0.1,additive,1.0,nn_ce,2.2504740078131276,6,0,-1,500,501,0.014505437329410297,-2.2359685704837173,nan,nan,0.02813852335328044,0.28284271247449616,0.06575019876450239,3.7243012299126277,-0.0005079307474044753,nan,23.129240195493896,nan,1.0,0.40625,5.412735422961713
2,msam,msam@per-layer,Momentum-SAM (MSAM) [per-layer Frob],per-layer,sgd,momentum_lookahead,frobenius,added,inf,0.2,nominal,0.1,additive,1.0,nn_ce,2.2504740078131276,7,0,-1,500,501,0.013237487285944123,-2.2372365205271834,nan,nan,0.023479836187500523,0.2828427124744939,0.06958005507401409,3.7434842253582974,-0.0003999450874258171,nan,22.727127176204327,nan,1.0,0.42578125,5.5432745338203935
2,msam,msam@per-layer,Momentum-SAM (MSAM) [per-layer Frob],per-layer,sgd,momentum_lookahead,frobenius,added,inf,0.1,nominal,0.1,additive,1.0,nn_ce,2.2504740078131276,0,0,-1,500,501,0.01337568549417635,-2.237098322318951,nan,nan,0.02384403335990306,0.1414213562372471,0.03377592187424196,3.763192363327063,-8.681064917625582e-05,nan,22.37679279313155,nan,1.0,0.44140625,5.306624281177102
2,msam,msam@per-layer,Momentum-SAM (MSAM) [per-layer Frob],per-layer,sgd,momentum_lookahead,frobenius,added,inf,0.1,nominal,0.1,additive,1.0,nn_ce,2.2504740078131276,1,0,-1,500,501,0.014969447356608693,-2.2355045604565187,nan,nan,0.027724673604803445,0.14142135623724705,0.03414383194954066,3.645519524769364,-0.00030776259763470697,nan,22.06926920757231,nan,1.0,0.41796875,5.431683431643986
2,msam,msam@per-layer,Momentum-SAM (MSAM) [per-layer Frob],per-layer,sgd,momentum_lookahead,frobenius,added,inf,0.1,nominal,0.1,additive,1.0,nn_ce,2.2504740078131276,2,0,-1,500,501,0.015206743596448073,-2.2352672642166795,nan,nan,0.02603100963309882,0.14142135623724772,0.03228723691951346,3.69908083754088,-0.00025056007121589986,nan,22.68713715393927,nan,1.0,0.42578125,5.044448175368915
2,msam,msam@per-layer,Momentum-SAM (MSAM) [per-layer Frob],per-layer,sgd,momentum_lookahead,frobenius,added,inf,0.1,nominal,0.1,additive,1.0,nn_ce,2.2504740078131276,3,0,-1,500,501,0.013199717871327931,-2.2372742899417997,nan,nan,0.02641304014099711,0.14142135623724686,0.03222335460042659,3.6467703401686373,-0.00031212576085147374,nan,23.161680912204652,nan,1.0,0.41796875,5.232454455530951
2,msam,msam@per-layer,Momentum-SAM (MSAM) [per-layer Frob],per-layer,sgd,momentum_lookahead,frobenius,added,inf,0.1,nominal,0.1,additive,1.0,nn_ce,2.2504740078131276,4,0,-1,500,501,0.015588027559798616,-2.234885980253329,nan,nan,0.028187044456819223,0.14142135623724764,0.03457176831343217,3.674382509634475,-0.00029211133728863047,nan,21.851002478266302,nan,1.0,0.427734375,5.368433769787664
2,msam,msam@per-layer,Momentum-SAM (MSAM) [per-layer Frob],per-layer,sgd,momentum_lookahead,frobenius,added,inf,0.1,nominal,0.1,additive,1.0,nn_ce,2.2504740078131276,5,0,-1,500,501,0.0125801313933744,-2.2378938764197533,nan,nan,0.02372937642731189,0.14142135623724789,0.03437461362482293,3.7289155349840044,-0.0002914289657091375,nan,22.52521481988313,nan,1.0,0.41796875,5.570761040573186
2,msam,msam@per-layer,Momentum-SAM (MSAM) [per-layer Frob],per-layer,sgd,momentum_lookahead,frobenius,added,inf,0.1,nominal,0.1,additive,1.0,nn_ce,2.2504740078131276,6,0,-1,500,501,0.014741374250194344,-2.2357326335629333,nan,nan,0.028855147831124313,0.14142135623724825,0.033084116078759204,3.72645758805263,-0.000345291955990909,nan,23.25083527203722,nan,1.0,0.388671875,5.552252797831704
2,msam,msam@per-layer,Momentum-SAM (MSAM) [per-layer Frob],per-layer,sgd,momentum_lookahead,frobenius,added,inf,0.1,nominal,0.1,additive,1.0,nn_ce,2.2504740078131276,7,0,-1,500,501,0.012844098813776381,-2.237629908999351,nan,nan,0.02376537524176058,0.14142135623724697,0.03476669154507036,3.7457124562468134,-0.0002245204500660146,nan,22.77016690893864,nan,1.0,0.404296875,5.597441289680131
2,msam,msam@per-layer,Momentum-SAM (MSAM) [per-layer Frob],per-layer,sgd,momentum_lookahead,frobenius,added,inf,1.0,nominal,0.1,additive,1.0,nn_ce,2.2504740078131276,0,0,-1,500,501,0.011137506138573214,-2.2393365016745546,nan,nan,0.020133022124424638,1.4142135623724668,0.3390889981922374,3.7435128941759945,0.0018793160640277057,nan,22.532395361851908,nan,1.0,0.43359375,5.341349608290836
2,msam,msam@per-layer,Momentum-SAM (MSAM) [per-layer Frob],per-layer,sgd,momentum_lookahead,frobenius,added,inf,1.0,nominal,0.1,additive,1.0,nn_ce,2.2504740078131276,1,0,-1,500,501,0.013006412749018804,-2.2374675950641087,nan,nan,0.02382322927565046,1.4142135623724608,0.34047659569640815,3.6144987256288976,0.0018610291896810887,nan,22.081012766463672,nan,1.0,0.423828125,5.307069102299823
2,msam,msam@per-layer,Momentum-SAM (MSAM) [per-layer Frob],per-layer,sgd,momentum_lookahead,frobenius,added,inf,1.0,nominal,0.1,additive,1.0,nn_ce,2.2504740078131276,2,0,-1,500,501,0.012545567196064481,-2.237928440617063,nan,nan,0.023611650469312066,1.414213562372472,0.3213141957044966,3.6829871164844215,0.0011423482197734005,nan,23.20391071614545,nan,1.0,0.416015625,5.082104808373913
2,msam,msam@per-layer,Momentum-SAM (MSAM) [per-layer Frob],per-layer,sgd,momentum_lookahead,frobenius,added,inf,1.0,nominal,0.1,additive,1.0,nn_ce,2.2504740078131276,3,0,-1,500,501,0.01252831965523637,-2.2379456881578914,nan,nan,0.023801979223878753,1.4142135623724628,0.3232569045990343,3.622500787615651,0.001898774155796824,nan,23.10449628074032,nan,1.0,0.435546875,5.354075521915802
2,msam,msam@per-layer,Momentum-SAM (MSAM) [per-layer Frob],per-layer,sgd,momentum_lookahead,frobenius,added,inf,1.0,nominal,0.1,additive,1.0,nn_ce,2.2504740078131276,4,0,-1,500,501,0.012945421159206811,-2.2375285866539207,nan,nan,0.02430809347199191,1.4142135623724683,0.349384155438349,3.6577610226611212,0.0018020390008691711,nan,22.405300532609033,nan,1.0,0.4453125,5.175430168140438
2,msam,msam@per-layer,Momentum-SAM (MSAM) [per-layer Frob],per-layer,sgd,momentum_lookahead,frobenius,added,inf,1.0,nominal,0.1,additive,1.0,nn_ce,2.2504740078131276,5,0,-1,500,501,0.010263372312901711,-2.240210635500226,nan,nan,0.01893902973131816,1.4142135623724743,0.3445945776190434,3.7099389667734934,0.0007868413149040108,nan,22.785130542756754,nan,1.0,0.408203125,5.467688288819534
2,msam,msam@per-layer,Momentum-SAM (MSAM) [per-layer Frob],per-layer,sgd,momentum_lookahead,frobenius,added,inf,1.0,nominal,0.1,additive,1.0,nn_ce,2.2504740078131276,6,0,-1,500,501,0.012121595651359503,-2.238352412161768,nan,nan,0.02371429922771311,1.4142135623724752,0.3290494778906483,3.703994290748803,0.0007507448015520897,nan,23.120813551854187,nan,1.0,0.3984375,5.401147483435964
2,msam,msam@per-layer,Momentum-SAM (MSAM) [per-layer Frob],per-layer,sgd,momentum_lookahead,frobenius,added,inf,1.0,nominal,0.1,additive,1.0,nn_ce,2.2504740078131276,7,0,-1,500,501,0.011882534590722018,-2.2385914732224057,nan,nan,0.022377975679705422,1.414213562372463,0.35065743585209647,3.7210903299502,0.0016113411991688538,nan,22.759228940228752,nan,1.0,0.3984375,5.101403690133335
2,msam,msam@per-layer,Momentum-SAM (MSAM) [per-layer Frob],per-layer,sgd,momentum_lookahead,frobenius,added,inf,0.5,nominal,0.1,additive,1.0,nn_ce,2.2504740078131276,0,0,-1,500,501,0.011943199354044101,-2.2385308084590836,nan,nan,0.022398550672465833,0.7071067811862342,0.16916437745866073,3.7520935805934017,0.000279233211937931,nan,22.599997352442116,nan,1.0,0.43359375,5.2911678808653875
2,msam,msam@per-layer,Momentum-SAM (MSAM) [per-layer Frob],per-layer,sgd,momentum_lookahead,frobenius,added,inf,0.5,nominal,0.1,additive,1.0,nn_ce,2.2504740078131276,1,0,-1,500,501,0.014651170943012368,-2.235822836870115,nan,nan,0.026208014086379898,0.7071067811862326,0.1701639549739632,3.624284815467639,6.430396274909739e-05,nan,22.138133371014945,nan,1.0,0.404296875,5.485877902564465
2,msam,msam@per-layer,Momentum-SAM (MSAM) [per-layer Frob],per-layer,sgd,momentum_lookahead,frobenius,added,inf,0.5,nominal,0.1,additive,1.0,nn_ce,2.2504740078131276,2,0,-1,500,501,0.015035111131666449,-2.235438896681461,nan,nan,0.025950161161977386,0.707106781186237,0.16048062504833122,3.6887474771581847,-0.0001788016287301384,nan,22.718985864030024,nan,1.0,0.4140625,4.928640196304226
2,msam,msam@per-layer,Momentum-SAM (MSAM) [per-layer Frob],per-layer,sgd,momentum_lookahead,frobenius,added,inf,0.5,nominal,0.1,additive,1.0,nn_ce,2.2504740078131276,3,0,-1,500,501,0.014520748424245175,-2.2359532593888822,nan,nan,0.02733620115027655,0.7071067811862326,0.1614313309524095,3.632518889863925,-0.0005875611713265332,nan,23.176959513019415,nan,1.0,0.396484375,5.486814468435263
2,msam,msam@per-layer,Momentum-SAM (MSAM) [per-layer Frob],per-layer,sgd,momentum_lookahead,frobenius,added,inf,0.5,nominal,0.1,additive,1.0,nn_ce,2.2504740078131276,4,0,-1,500,501,0.015530851861228727,-2.234943155951899,nan,nan,0.02863902852596968,0.7071067811862354,0.17433813592710015,3.6643150557453947,-0.00035537092251075944,nan,22.093116512682236,nan,1.0,0.43359375,5.136384515822677
2,msam,msam@per-layer,Momentum-SAM (MSAM) [per-layer Frob],per-layer,sgd,momentum_lookahead,frobenius,added,inf,0.5,nominal,0.1,additive,1.0,nn_ce,2.2504740078131276,5,0,-1,500,501,0.012610061601499377,-2.237863946211628,nan,nan,0.023190016655759753,0.7071067811862375,0.17223799215099383,3.718453869634438,-0.0002566450778728538,nan,22.64992831597323,nan,1.0,0.396484375,5.288616894784191
2,msam,msam@per-layer,Momentum-SAM (MSAM) [per-layer Frob],per-layer,sgd,momentum_lookahead,frobenius,added,inf,0.5,nominal,0.1,additive,1.0,nn_ce,2.2504740078131276,6,0,-1,500,501,0.014156858008875449,-2.2363171498042522,nan,nan,0.027192034799867763,0.7071067811862384,0.16478870641492308,3.7114930888872246,-0.0004264999382572014,nan,23.027319434573908,nan,1.0,0.404296875,5.502110172104404
2,msam,msam@per-layer,Momentum-SAM (MSAM) [per-layer Frob],per-layer,sgd,momentum_lookahead,frobenius,added,inf,0.5,nominal,0.1,additive,1.0,nn_ce,2.2504740078131276,7,0,-1,500,501,0.013500914902301351,-2.236973092910826,nan,nan,0.02339809724404545,0.707106781186233,0.17484269809202643,3.730386766436916,9.728403088129361e-06,nan,22.692965273578253,nan,1.0,0.431640625,5.220220758687366
