model,optimizer,dataset,domain,lr,ft_loss,pt_loss,ft_loss_base,pt_loss_base,delta_pt,delta_ft,delta_norm,base_norm,final_train_loss,status,time_s
pythia70m_s44,adam,codeparrot,far,0.0,3.0336099464132826,3.5273807660007663,3.0336099464132826,3.5273807660007663,0.0,0.0,0.0,1731.6158962198042,,base,5.5
pythia70m_s44,adam,codeparrot,far,1e-06,2.5660220778851595,3.535804685081288,3.0336099464132826,3.5273807660007663,0.008423919080521536,-0.4675878685281232,0.14768107531747726,1731.6158962198042,2.4870238304138184,ok,21.0
pythia70m_s44,adam,codeparrot,far,1.78e-06,2.4768671382896588,3.5460488642265187,3.0336099464132826,3.5273807660007663,0.018668098225752328,-0.5567428081236239,0.2409272690739846,1731.6158962198042,2.406229257583618,ok,20.9
pythia70m_s44,adam,codeparrot,far,3.16e-06,2.3774859657959464,3.569817089521255,3.0336099464132826,3.5273807660007663,0.04243632352048854,-0.6561239806173362,0.3987021622628086,1731.6158962198042,2.314333915710449,ok,20.9
pythia70m_s44,adam,codeparrot,far,5.62e-06,2.291282034200232,3.6204222027802886,3.0336099464132826,3.5273807660007663,0.09304143677952226,-0.7423279122130508,0.6695156743690126,1731.6158962198042,2.234229803085327,ok,20.9
pythia70m_s44,adam,codeparrot,far,1e-05,2.233603557728508,3.727764159499316,3.0336099464132826,3.5273807660007663,0.20038339349854972,-0.8000063886847748,1.1107388075896956,1731.6158962198042,2.179245948791504,ok,20.9
pythia70m_s44,adam,codeparrot,far,1.78e-05,2.202807573889566,3.908806642207614,3.0336099464132826,3.5273807660007663,0.38142587620684765,-0.8308023725237166,1.7787895799674438,1731.6158962198042,2.1421386003494263,ok,20.8
pythia70m_s44,adam,codeparrot,far,3.16e-05,2.193789435459443,4.137567919527714,3.0336099464132826,3.5273807660007663,0.6101871535269479,-0.8398205109538397,2.665365454826802,1731.6158962198042,2.1244986057281494,ok,20.9
pythia70m_s44,adam,codeparrot,far,5.62e-05,2.1932015167057166,4.358097524325675,3.0336099464132826,3.5273807660007663,0.8307167583249089,-0.840408429707566,3.740869622169983,1731.6158962198042,2.113291382789612,ok,20.8
pythia70m_s44,adam,codeparrot,far,0.0001,2.2039055684308018,4.607529948135645,3.0336099464132826,3.5273807660007663,1.0801491821348788,-0.8297043779824809,5.144688045869217,1731.6158962198042,2.112454891204834,ok,20.8
pythia70m_s44,adam,codeparrot,far,0.000178,2.2482281440391465,5.012137485810222,3.0336099464132826,3.5273807660007663,1.484756719809456,-0.7853818023741361,7.231999975629021,1731.6158962198042,2.134982943534851,ok,20.8
pythia70m_s44,adam,codeparrot,far,0.000316,2.384356795458411,5.852569229215558,3.0336099464132826,3.5273807660007663,2.325188463214792,-0.6492531509548716,10.80466658381885,1731.6158962198042,2.234916567802429,ok,20.9
pythia70m_s44,adam,codeparrot,far,0.000562,2.666087238289372,7.4829990140612574,3.0336099464132826,3.5273807660007663,3.955618248060491,-0.36752270812391075,16.130910550958752,1731.6158962198042,2.4781603813171387,ok,20.9
pythia70m_s44,adam,codeparrot,far,0.001,3.233978256554053,6.411513946294318,3.0336099464132826,3.5273807660007663,2.8841331802935515,0.2003683101407705,31.945276199919828,1731.6158962198042,3.0998291969299316,ok,20.9
pythia70m_s44,adam,codeparrot,far,0.00178,5.51662585413386,9.044396895018576,3.0336099464132826,3.5273807660007663,5.51701612901781,2.4830159077205773,58.881381142689335,1731.6158962198042,5.3914031982421875,ok,20.9
pythia70m_s44,adam,codeparrot,far,0.00316,6.30740699842718,10.247861231376513,3.0336099464132826,3.5273807660007663,6.720480465375747,3.2737970520138977,102.8032731564908,1731.6158962198042,6.138826847076416,ok,20.9
pythia70m_s44,adam,codeparrot,far,0.00562,13.503947905598322,19.336081667189028,3.0336099464132826,3.5273807660007663,15.808700901188262,10.47033795918504,190.13507899521173,1731.6158962198042,13.341275691986084,ok,21.0
pythia70m_s44,adam,codeparrot,far,0.01,18.60857037508791,30.579739475436874,3.0336099464132826,3.5273807660007663,27.052358709436106,15.574960428674629,342.26493231392647,1731.6158962198042,18.146431922912598,ok,20.9
pythia70m_s44,sgd,codeparrot,far,0.0,2.270982126433789,3.6312716907717713,2.270982126433789,3.6312716907717713,0.0,0.0,0.0,1745.3622505409705,,base,7.8
pythia70m_s44,sgd,codeparrot,far,1e-06,2.1889889039638692,3.6356001142886285,2.270982126433789,3.6312716907717713,0.004328423516857249,-0.08199322246991958,0.12957057258780483,1745.3622505409705,2.1426483392715454,ok,30.6
pythia70m_s44,sgd,codeparrot,far,1.78e-06,2.1727356434801552,3.6443846529010693,2.270982126433789,3.6312716907717713,0.013112962129298023,-0.09824648295363358,0.22040632205441701,1745.3622505409705,2.1268160343170166,ok,31.2
pythia70m_s44,sgd,codeparrot,far,3.16e-06,2.160711027171514,3.6655066503237372,2.270982126433789,3.6312716907717713,0.03423495955196598,-0.11027109926227485,0.3709162889182653,1745.3622505409705,2.114287853240967,ok,31.3
pythia70m_s44,sgd,codeparrot,far,5.62e-06,2.15265179240307,3.7159113165450424,2.270982126433789,3.6312716907717713,0.08463962577327111,-0.11833033403071891,0.6239648145842617,1745.3622505409705,2.104027032852173,ok,31.2
pythia70m_s44,sgd,codeparrot,far,1e-05,2.1515761970773837,3.817697525024414,2.270982126433789,3.6312716907717713,0.1864258342526428,-0.11940592935640515,1.024731863078114,1745.3622505409705,2.0976845622062683,ok,31.6
pythia70m_s44,sgd,codeparrot,far,1.78e-05,2.155407784269747,3.9803618339643085,2.270982126433789,3.6312716907717713,0.3490901431925373,-0.11557434216404161,1.5927665440475882,1745.3622505409705,2.0966843366622925,ok,31.6
pythia70m_s44,sgd,codeparrot,far,3.16e-05,2.1651623794943853,4.177016387013773,2.270982126433789,3.6312716907717713,0.5457446962420018,-0.10581974693940355,2.3679311432061425,1745.3622505409705,2.0975719690322876,ok,31.1
pythia70m_s44,sgd,codeparrot,far,5.62e-05,2.176911863562179,4.404601214683219,2.270982126433789,3.6312716907717713,0.7733295239114479,-0.09407026287160969,3.373011043511019,1745.3622505409705,2.098848521709442,ok,30.8
pythia70m_s44,sgd,codeparrot,far,0.0001,2.2006579023984547,4.704850706335616,2.270982126433789,3.6312716907717713,1.073579015563845,-0.07032422403533412,4.875747598379444,1745.3622505409705,2.1095380783081055,ok,30.9
pythia70m_s44,sgd,codeparrot,far,0.000178,2.251196568259521,5.112807839350691,2.270982126433789,3.6312716907717713,1.48153614857892,-0.01978555817426786,6.962264003521304,1745.3622505409705,2.1400851011276245,ok,30.6
pythia70m_s44,sgd,codeparrot,far,0.000316,2.3758293495252873,5.795769155841985,2.270982126433789,3.6312716907717713,2.1644974650702133,0.10484722309149852,10.24931317798657,1745.3622505409705,2.2310338020324707,ok,30.7
pythia70m_s44,sgd,codeparrot,far,0.000562,2.76431134815552,7.9199129392022956,2.270982126433789,3.6312716907717713,4.288641248430524,0.4933292217217313,16.160130058978197,1745.3622505409705,2.554408073425293,ok,30.4
pythia70m_s44,sgd,codeparrot,far,0.001,3.1349916327489566,6.454823518219293,2.270982126433789,3.6312716907717713,2.8235518274475213,0.8640095063151678,32.36091042209096,1745.3622505409705,2.9880796670913696,ok,30.8
pythia70m_s44,sgd,codeparrot,far,0.00178,6.520639109751483,10.960864669889387,2.270982126433789,3.6312716907717713,7.329592979117616,4.249656983317694,58.152298889606016,1745.3622505409705,6.233885049819946,ok,30.8
pythia70m_s44,sgd,codeparrot,far,0.00316,8.316364474959103,13.556385286633516,2.270982126433789,3.6312716907717713,9.925113595861745,6.045382348525314,104.75764445560874,1745.3622505409705,8.13331413269043,ok,30.6
pythia70m_s44,sgd,codeparrot,far,0.00562,13.073629300888271,19.584237533539476,2.270982126433789,3.6312716907717713,15.952965842767703,10.802647174454481,191.90958664292893,1745.3622505409705,12.944715023040771,ok,31.2
pythia70m_s44,sgd,codeparrot,far,0.01,24.337002808333843,39.0938295487555,2.270982126433789,3.6312716907717713,35.46255785798373,22.066020681900053,337.4773437875455,1745.3622505409705,24.174671173095703,ok,30.9
pythia70m_s44,sam,codeparrot,far,0.0,2.2691181653166472,3.6324881723482316,2.2691181653166472,3.6324881723482316,0.0,0.0,0.0,1745.362708341052,,base,5.5
pythia70m_s44,sam,codeparrot,far,1e-06,2.1881086793664384,3.6370670706791888,2.2691181653166472,3.6324881723482316,0.0045788983309571485,-0.08100948595020885,0.12979741195626057,1745.362708341052,2.142380118370056,ok,21.0
pythia70m_s44,sam,codeparrot,far,1.78e-06,2.172336417868179,3.6459169033222234,2.2691181653166472,3.6324881723482316,0.013428730973991776,-0.09678174744846801,0.22016237784621542,1745.362708341052,2.126686215400696,ok,20.9
pythia70m_s44,sam,codeparrot,far,3.16e-06,2.159972547318371,3.6670770514501285,2.2691181653166472,3.6324881723482316,0.0345888791018969,-0.10914561799827638,0.3717342338009697,1745.362708341052,2.113746762275696,ok,20.8
pythia70m_s44,sam,codeparrot,far,5.62e-06,2.1526335923405777,3.7172179212775482,2.2691181653166472,3.6324881723482316,0.08472974892931662,-0.11648457297606951,0.6266872348198571,1745.362708341052,2.1030651330947876,ok,20.9
pythia70m_s44,sam,codeparrot,far,1e-05,2.150852524371063,3.820804999065959,2.2691181653166472,3.6324881723482316,0.18831682671772754,-0.11826564094558423,1.0314935457979724,1745.362708341052,2.0959680676460266,ok,20.9
pythia70m_s44,sam,codeparrot,far,1.78e-05,2.1554272720725103,3.9788288034338306,2.2691181653166472,3.6324881723482316,0.346340631085599,-0.11369089324413695,1.5898874636564329,1745.362708341052,2.09578013420105,ok,20.8
pythia70m_s44,sam,codeparrot,far,3.16e-05,2.165516418486892,4.17319792730701,2.2691181653166472,3.6324881723482316,0.5407097549587783,-0.1036017468297552,2.337388323188126,1745.362708341052,2.0995770692825317,ok,20.9
pythia70m_s44,sam,codeparrot,far,5.62e-05,2.179117478969746,4.396547970706469,2.2691181653166472,3.6324881723482316,0.7640597983582373,-0.09000068634690139,3.3552695926074914,1745.362708341052,2.102567493915558,ok,20.9
pythia70m_s44,sam,codeparrot,far,0.0001,2.199609148059106,4.675581497222243,2.2691181653166472,3.6324881723482316,1.0430933248740115,-0.06950901725754122,4.802309696885221,1745.362708341052,2.107394576072693,ok,20.9
pythia70m_s44,sam,codeparrot,far,0.000178,2.2502792492771335,5.1280244502536005,2.2691181653166472,3.6324881723482316,1.495536277905369,-0.01883891603951371,6.979133869052556,1745.362708341052,2.1382977962493896,ok,20.8
pythia70m_s44,sam,codeparrot,far,0.000316,2.3782344900232006,5.801884391769738,2.2691181653166472,3.6324881723482316,2.169396219421506,0.10911632470655341,10.132706827182936,1745.362708341052,2.2382683753967285,ok,20.9
pythia70m_s44,sam,codeparrot,far,0.000562,2.7550201117409183,8.033052754262188,2.2691181653166472,3.6324881723482316,4.400564581913956,0.4859019464242711,16.127338217171047,1745.362708341052,2.544403314590454,ok,20.9
pythia70m_s44,sam,codeparrot,far,0.001,3.4141325456055642,6.709470879541684,2.2691181653166472,3.6324881723482316,3.076982707193453,1.145014380288917,31.64884436572303,1745.362708341052,3.2543678283691406,ok,20.9
pythia70m_s44,sam,codeparrot,far,0.00178,5.609348050768828,9.04043507436017,2.2691181653166472,3.6324881723482316,5.407946902011938,3.340229885452181,58.49032500180681,1745.362708341052,5.482353687286377,ok,20.9
pythia70m_s44,sam,codeparrot,far,0.00316,7.352792415133661,11.931869118647565,2.2691181653166472,3.6324881723482316,8.299380946299333,5.0836742498170135,105.31485636509356,1745.362708341052,7.306344747543335,ok,20.9
pythia70m_s44,sam,codeparrot,far,0.00562,14.020480908059794,20.484138354396634,2.2691181653166472,3.6324881723482316,16.851650182048402,11.751362742743147,190.09271696519576,1745.362708341052,13.902592658996582,ok,21.1
pythia70m_s44,sam,codeparrot,far,0.01,29.40330484468643,45.222250264684746,2.2691181653166472,3.6324881723482316,41.589762092336514,27.134186679369783,342.14356735879926,1745.362708341052,29.08362102508545,ok,20.9
pythia70m_s44,fsam,codeparrot,far,0.0,2.269056271666883,3.632438738052159,2.269056271666883,3.632438738052159,0.0,0.0,0.0,1745.362489609106,,base,5.5
pythia70m_s44,fsam,codeparrot,far,1e-06,2.188166903889576,3.637337679032477,2.269056271666883,3.632438738052159,0.004898940980317956,-0.08088936777730726,0.13000902250188806,1745.362489609106,2.142397165298462,ok,21.0
pythia70m_s44,fsam,codeparrot,far,1.78e-06,2.1722442977815692,3.6462564188440254,2.269056271666883,3.632438738052159,0.013817680791866405,-0.09681197388531393,0.22075406620995364,1745.362489609106,2.126454472541809,ok,20.9
pythia70m_s44,fsam,codeparrot,far,3.16e-06,2.160209521388821,3.66742448750774,2.269056271666883,3.632438738052159,0.03498574945558097,-0.10884675027806212,0.3726044828148108,1745.362489609106,2.1138687133789062,ok,20.9
pythia70m_s44,fsam,codeparrot,far,5.62e-06,2.1521362409199756,3.7174928146332444,2.269056271666883,3.632438738052159,0.08505407658108544,-0.1169200307469076,0.625986502026806,1745.362489609106,2.1026257276535034,ok,20.9
pythia70m_s44,fsam,codeparrot,far,1e-05,2.1516593589708064,3.8181612346970173,2.269056271666883,3.632438738052159,0.1857224966448583,-0.11739691269607677,1.0213130272377002,1745.362489609106,2.098903775215149,ok,20.9
pythia70m_s44,fsam,codeparrot,far,1.78e-05,2.1558237691681446,3.9743038782168276,2.269056271666883,3.632438738052159,0.3418651401646686,-0.11323250249873862,1.579265428047822,1745.362489609106,2.097067177295685,ok,20.8
pythia70m_s44,fsam,codeparrot,far,3.16e-05,2.1640631979925526,4.1712410771916755,2.269056271666883,3.632438738052159,0.5388023391395165,-0.10499307367433053,2.3360503008195006,1745.362489609106,2.098412036895752,ok,20.9
pythia70m_s44,fsam,codeparrot,far,5.62e-05,2.176030851390264,4.3987182273790095,2.269056271666883,3.632438738052159,0.7662794893268505,-0.0930254202766192,3.3742926833247804,1745.362489609106,2.1008134484291077,ok,20.8
pythia70m_s44,fsam,codeparrot,far,0.0001,2.199216435800093,4.691210364175636,2.269056271666883,3.632438738052159,1.0587716261234772,-0.06983983586678999,4.8219252591766715,1745.362489609106,2.1116762161254883,ok,20.8
pythia70m_s44,fsam,codeparrot,far,0.000178,2.251180398720818,5.103282473091976,2.269056271666883,3.632438738052159,1.4708437350398174,-0.017875872946065297,6.970115100656397,1745.362489609106,2.1416800022125244,ok,20.9
pythia70m_s44,fsam,codeparrot,far,0.000316,2.371606106394191,5.7881092511977705,2.269056271666883,3.632438738052159,2.1556705131456115,0.10254983472730794,10.131072439522566,1745.362489609106,2.23243510723114,ok,20.9
pythia70m_s44,fsam,codeparrot,far,0.000562,2.7324325725756977,7.9182962242171255,2.269056271666883,3.632438738052159,4.285857486164966,0.46337630090881454,16.12872502500938,1745.362489609106,2.5170921087265015,ok,20.9
pythia70m_s44,fsam,codeparrot,far,0.001,3.1298604991338026,6.516479215976544,2.269056271666883,3.632438738052159,2.8840404779243847,0.8608042274669194,31.771474394516332,1745.362489609106,2.987908720970154,ok,20.9
pythia70m_s44,fsam,codeparrot,far,0.00178,5.635711445967045,9.018032066509448,2.269056271666883,3.632438738052159,5.38559332845729,3.366655174300162,58.652586873646555,1745.362489609106,5.504568815231323,ok,20.8
pythia70m_s44,fsam,codeparrot,far,0.00316,8.826627249820358,13.653267474090516,2.269056271666883,3.632438738052159,10.020828736038357,6.557570978153475,106.5581947337928,1745.362489609106,8.732036113739014,ok,20.9
pythia70m_s44,fsam,codeparrot,far,0.00562,14.304639872272887,21.813137703912364,2.269056271666883,3.632438738052159,18.180698965860206,12.035583600606003,189.84225786501818,1745.362489609106,14.359862804412842,ok,21.1
pythia70m_s44,fsam,codeparrot,far,0.01,26.60963896809259,45.59619307844606,2.269056271666883,3.632438738052159,41.963754340393905,24.340582696425706,342.02229456942695,1745.362489609106,26.71168613433838,ok,20.9
pythia70m_s44,muon_sam,codeparrot,far,0.0,3.4906244669875055,3.516389600451445,3.4906244669875055,3.516389600451445,0.0,0.0,0.0,1744.467521441233,,base,5.5
pythia70m_s44,muon_sam,codeparrot,far,1e-06,2.855339684831653,3.5253715179204472,3.4906244669875055,3.516389600451445,0.00898191746900201,-0.6352847821558525,0.15193579976247495,1744.467521441233,2.758084535598755,ok,21.1
pythia70m_s44,muon_sam,codeparrot,far,1.78e-06,2.7113551682922004,3.537641043765671,3.4906244669875055,3.516389600451445,0.021251443314225682,-0.7792692986953051,0.2504815973168396,1744.467521441233,2.61772084236145,ok,20.9
pythia70m_s44,muon_sam,codeparrot,far,3.16e-06,2.5785424368722096,3.562615762251464,3.4906244669875055,3.516389600451445,0.046226161800018595,-0.9120820301152959,0.4090962323631768,1744.467521441233,2.4961421489715576,ok,20.9
pythia70m_s44,muon_sam,codeparrot,far,5.62e-06,2.4328212402104863,3.622470195046143,3.4906244669875055,3.516389600451445,0.10608059459469787,-1.0578032267770192,0.6836919449566528,1744.467521441233,2.3615282773971558,ok,20.9
pythia70m_s44,muon_sam,codeparrot,far,1e-05,2.334166106879128,3.7330304125283797,3.4906244669875055,3.516389600451445,0.21664081207693453,-1.1564583601083775,1.1360227881643872,1744.467521441233,2.270071506500244,ok,20.9
pythia70m_s44,muon_sam,codeparrot,far,1.78e-05,2.2709077958258166,3.9163561259230524,3.4906244669875055,3.516389600451445,0.39996652547160716,-1.219716671161689,1.8154149290278607,1744.467521441233,2.2081700563430786,ok,20.9
pythia70m_s44,muon_sam,codeparrot,far,3.16e-05,2.241471923260773,4.138499493235011,3.4906244669875055,3.516389600451445,0.6221098927835662,-1.2491525437267326,2.6970401143505263,1744.467521441233,2.171325445175171,ok,20.9
pythia70m_s44,muon_sam,codeparrot,far,5.62e-05,2.229715813862601,4.360809960710559,3.4906244669875055,3.516389600451445,0.8444203602591136,-1.2609086531249045,3.792379207863226,1744.467521441233,2.149069666862488,ok,20.9
pythia70m_s44,muon_sam,codeparrot,far,0.0001,2.2340979678756803,4.586131945048293,3.4906244669875055,3.516389600451445,1.0697423445968477,-1.2565264991118252,5.164338999312697,1744.467521441233,2.1422404050827026,ok,20.9
pythia70m_s44,muon_sam,codeparrot,far,0.000178,2.2748196372313974,5.035786854544265,3.4906244669875055,3.516389600451445,1.5193972540928193,-1.2158048297561082,7.31892590600973,1744.467521441233,2.1607556343078613,ok,20.9
pythia70m_s44,muon_sam,codeparrot,far,0.000316,2.4120763491277826,5.699569037749109,3.4906244669875055,3.516389600451445,2.183179437297664,-1.078548117859723,10.44848044766317,1744.467521441233,2.2570958137512207,ok,20.9
pythia70m_s44,muon_sam,codeparrot,far,0.000562,2.7167441784285753,7.433068710297288,3.4906244669875055,3.516389600451445,3.916679109845843,-0.7738802885589302,16.41235564845239,1744.467521441233,2.527496814727783,ok,20.9
pythia70m_s44,muon_sam,codeparrot,far,0.001,3.180690175633141,6.448475570828014,3.4906244669875055,3.516389600451445,2.932085970376569,-0.30993429135436434,31.91299064445241,1744.467521441233,3.0603058338165283,ok,20.9
pythia70m_s44,muon_sam,codeparrot,far,0.00178,5.483857425458277,8.894010883488066,3.4906244669875055,3.516389600451445,5.377621283036621,1.9932329584707715,58.33083824621706,1744.467521441233,5.344714164733887,ok,20.9
pythia70m_s44,muon_sam,codeparrot,far,0.00316,7.597748549250474,11.301511730933143,3.4906244669875055,3.516389600451445,7.785122130481698,4.107124082262969,106.70043304174156,1744.467521441233,7.390241384506226,ok,20.9
pythia70m_s44,muon_sam,codeparrot,far,0.00562,10.436699884045147,16.36707886697728,3.4906244669875055,3.516389600451445,12.850689266525835,6.946075417057642,188.11768467346047,1744.467521441233,10.49343729019165,ok,21.1
pythia70m_s44,muon_sam,codeparrot,far,0.01,21.467027876941657,35.325267455815805,3.4906244669875055,3.516389600451445,31.808877855364358,17.976403409954152,344.5848664465098,1744.467521441233,20.810462951660156,ok,20.9
pythia70m_s44,fsam_ortho_muon,codeparrot,far,0.0,3.483373078348119,3.5154415100754592,3.483373078348119,3.5154415100754592,0.0,0.0,0.0,1744.380992051456,,base,5.5
pythia70m_s44,fsam_ortho_muon,codeparrot,far,1e-06,2.8470077514648438,3.5255069583362797,3.483373078348119,3.5154415100754592,0.010065448260820453,-0.6363653268832752,0.15158793600815293,1744.380992051456,2.744112253189087,ok,21.1
pythia70m_s44,fsam_ortho_muon,codeparrot,far,1.78e-06,2.7084432777359995,3.5376956850115335,3.483373078348119,3.5154415100754592,0.02225417493607429,-0.7749298006121195,0.24924970256518017,1744.380992051456,2.6116608381271362,ok,20.9
pythia70m_s44,fsam_ortho_muon,codeparrot,far,3.16e-06,2.573433758461312,3.5628746204413546,3.483373078348119,3.5154415100754592,0.04743311036589537,-0.9099393198868069,0.40817946003293193,1744.380992051456,2.4896929264068604,ok,20.9
pythia70m_s44,fsam_ortho_muon,codeparrot,far,5.62e-06,2.4324364111614787,3.622260834606193,3.483373078348119,3.5154415100754592,0.10681932453073362,-1.0509366671866402,0.6829101148536458,1744.380992051456,2.3600704669952393,ok,20.9
pythia70m_s44,fsam_ortho_muon,codeparrot,far,1e-05,2.3347136092512577,3.7326267339478734,3.483373078348119,3.5154415100754592,0.21718522387241412,-1.1486594690968612,1.1347317694377346,1744.380992051456,2.2696350812911987,ok,20.8
pythia70m_s44,fsam_ortho_muon,codeparrot,far,1.78e-05,2.271994715800724,3.9163184268600553,3.483373078348119,3.5154415100754592,0.400876916784596,-1.211378362547395,1.8143169413121625,1744.380992051456,2.209089756011963,ok,20.9
pythia70m_s44,fsam_ortho_muon,codeparrot,far,3.16e-05,2.242292034649336,4.138066416850529,3.483373078348119,3.5154415100754592,0.6226249067750693,-1.2410810436987831,2.6945085631552708,1744.380992051456,2.1712944507598877,ok,20.9
pythia70m_s44,fsam_ortho_muon,codeparrot,far,5.62e-05,2.230096895400792,4.360727075028093,3.483373078348119,3.5154415100754592,0.8452855649526336,-1.2532761829473271,3.797436014245066,1744.380992051456,2.147467851638794,ok,20.9
pythia70m_s44,fsam_ortho_muon,codeparrot,far,0.0001,2.2337905226854895,4.584246790339102,3.483373078348119,3.5154415100754592,1.0688052802636427,-1.2495825556626294,5.14103430675314,1744.380992051456,2.1413806676864624,ok,20.9
pythia70m_s44,fsam_ortho_muon,codeparrot,far,0.000178,2.2710714918759938,5.004338303657427,3.483373078348119,3.5154415100754592,1.4888967935819677,-1.2123015864721252,7.332805811088995,1744.380992051456,2.15838885307312,ok,20.9
pythia70m_s44,fsam_ortho_muon,codeparrot,far,0.000316,2.409950554954096,5.7016957352072755,3.483373078348119,3.5154415100754592,2.186254225131816,-1.073422523394023,10.340017961563964,1744.380992051456,2.2589107751846313,ok,20.9
pythia70m_s44,fsam_ortho_muon,codeparrot,far,0.000562,2.6763905639051226,7.3918482039539315,3.483373078348119,3.5154415100754592,3.8764066938784723,-0.8069825144429963,16.28030913549905,1744.380992051456,2.4929243326187134,ok,20.9
pythia70m_s44,fsam_ortho_muon,codeparrot,far,0.001,3.0875217564651876,6.319994976842473,3.483373078348119,3.5154415100754592,2.804553466767014,-0.3958513218829314,32.097313477126946,1744.380992051456,2.956801176071167,ok,20.8
pythia70m_s44,fsam_ortho_muon,codeparrot,far,0.00178,5.452639555511176,8.967294801237998,3.483373078348119,3.5154415100754592,5.451853291162538,1.9692664771630572,58.46971604272574,1744.380992051456,5.313140869140625,ok,20.9
pythia70m_s44,fsam_ortho_muon,codeparrot,far,0.00316,6.125832410241293,9.983712407240896,3.483373078348119,3.5154415100754592,6.468270897165437,2.6424593318931744,103.82123859199729,1744.380992051456,5.998136520385742,ok,20.9
pythia70m_s44,fsam_ortho_muon,codeparrot,far,0.00562,12.981709250731944,20.456291094218216,3.483373078348119,3.5154415100754592,16.940849584142757,9.498336172383825,189.1242642521493,1744.380992051456,12.85455846786499,ok,21.0
pythia70m_s44,fsam_ortho_muon,codeparrot,far,0.01,30.686862355808923,53.82846738214362,3.483373078348119,3.5154415100754592,50.31302587206816,27.203489277460804,349.1847127617473,1744.380992051456,30.476287841796875,ok,20.9
pythia70m_s44,muon,codeparrot,far,0.0,3.48870465153584,3.514651990916631,3.48870465153584,3.514651990916631,0.0,0.0,0.0,1744.4680895179094,,base,9.0
pythia70m_s44,muon,codeparrot,far,1e-06,2.851739842364466,3.525836257785267,3.48870465153584,3.514651990916631,0.011184266868635717,-0.6369648091713742,0.1510458426220219,1744.4680895179094,2.7527469396591187,ok,37.7
pythia70m_s44,muon,codeparrot,far,1.78e-06,2.715603778040339,3.5382967275182793,3.48870465153584,3.514651990916631,0.02364473660164812,-0.7731008734955012,0.24786575134256328,1744.4680895179094,2.6215829849243164,ok,37.2
pythia70m_s44,muon,codeparrot,far,3.16e-06,2.5830526034659367,3.5638575395259373,3.48870465153584,3.514651990916631,0.04920554860930615,-0.9056520480699035,0.4056484354843958,1744.4680895179094,2.5004138946533203,ok,37.4
pythia70m_s44,muon,codeparrot,far,5.62e-06,2.4373044426427195,3.6236299413990833,3.48870465153584,3.514651990916631,0.10897795048245218,-1.0514002088931207,0.6795587058988893,1744.4680895179094,2.366059184074402,ok,37.5
pythia70m_s44,muon,codeparrot,far,1e-05,2.3392027016955113,3.7319248483139007,3.48870465153584,3.514651990916631,0.21727285739726954,-1.149501949840329,1.1256061256314702,1744.4680895179094,2.2752774953842163,ok,34.9
pythia70m_s44,muon,codeparrot,far,1.78e-05,2.2739525139915036,3.914707056930154,3.48870465153584,3.514651990916631,0.4000550660135227,-1.2147521375443366,1.8078732808170017,1744.4680895179094,2.2103012800216675,ok,30.1
pythia70m_s44,muon,codeparrot,far,3.16e-05,2.2434816752394586,4.138260425186904,3.48870465153584,3.514651990916631,0.623608434270273,-1.2452229762963816,2.6900353712080145,1744.4680895179094,2.170750141143799,ok,30.5
pythia70m_s44,muon,codeparrot,far,5.62e-05,2.23049688992435,4.359418159828261,3.48870465153584,3.514651990916631,0.8447661689116295,-1.2582077616114904,3.79750177597194,1744.4680895179094,2.147364616394043,ok,29.8
pythia70m_s44,muon,codeparrot,far,0.0001,2.234613437242004,4.584893571887231,3.48870465153584,3.514651990916631,1.0702415809705998,-1.2540912142938363,5.1663053258866825,1744.4680895179094,2.143488049507141,ok,29.9
pythia70m_s44,muon,codeparrot,far,0.000178,2.276403923557229,5.013212371945614,3.48870465153584,3.514651990916631,1.498560381028983,-1.212300727978611,7.260894790422118,1744.4680895179094,2.161843776702881,ok,29.8
pythia70m_s44,muon,codeparrot,far,0.000316,2.4040644696080755,5.663043669758477,3.48870465153584,3.514651990916631,2.148391678841846,-1.0846401819277647,10.359991793293732,1744.4680895179094,2.2561466693878174,ok,29.8
pythia70m_s44,muon,codeparrot,far,0.000562,2.703233871907871,7.395894746724407,3.48870465153584,3.514651990916631,3.881242755807776,-0.7854707796279694,16.308588650777228,1744.4680895179094,2.5228700637817383,ok,29.5
pythia70m_s44,muon,codeparrot,far,0.001,3.0305915653355666,6.183796832239558,3.48870465153584,3.514651990916631,2.669144841322927,-0.4581130862002736,31.798829402232947,1744.4680895179094,2.90401828289032,ok,31.9
pythia70m_s44,muon,codeparrot,far,0.00178,5.507793239884647,9.047835243658078,3.48870465153584,3.514651990916631,5.533183252741447,2.0190885883488066,58.4883130720167,1744.4680895179094,5.37218976020813,ok,37.5
pythia70m_s44,muon,codeparrot,far,0.00316,7.0960300841210175,11.63327030846284,3.48870465153584,3.514651990916631,8.11861831754621,3.6073254325851773,104.30441769789384,1744.4680895179094,6.9429566860198975,ok,37.7
pythia70m_s44,muon,codeparrot,far,0.00562,16.35594735640136,21.943657861997004,3.48870465153584,3.514651990916631,18.42900587108037,12.867242704865518,190.501263042015,1744.4680895179094,16.003004550933838,ok,37.4
pythia70m_s44,muon,codeparrot,far,0.01,28.85745603557669,47.579214674619315,3.48870465153584,3.514651990916631,44.06456268370268,25.36875138404085,343.9120821227356,1744.4680895179094,27.909626007080078,ok,37.2
pythia70m_s44,fsam_ortho_muon_stale_momentum,codeparrot,far,0.0,3.4420674542391603,3.5170139491908006,3.4420674542391603,3.5170139491908006,0.0,0.0,0.0,1744.414128078862,,base,8.4
pythia70m_s44,fsam_ortho_muon_stale_momentum,codeparrot,far,1e-06,2.836401795687741,3.525993078422173,3.4420674542391603,3.5170139491908006,0.00897912923137234,-0.6056656585514193,0.1510437242610786,1744.414128078862,2.7359960079193115,ok,30.0
pythia70m_s44,fsam_ortho_muon_stale_momentum,codeparrot,far,1.78e-06,2.6964398363565047,3.5380157612541185,3.4420674542391603,3.5170139491908006,0.02100181206331797,-0.7456276178826555,0.2490998707908696,1744.414128078862,2.601673126220703,ok,33.2
pythia70m_s44,fsam_ortho_muon_stale_momentum,codeparrot,far,3.16e-06,2.564164842878069,3.56314332144601,3.4420674542391603,3.5170139491908006,0.04612937225520941,-0.8779026113610913,0.4077922467433231,1744.414128078862,2.480774998664856,ok,34.5
pythia70m_s44,fsam_ortho_muon_stale_momentum,codeparrot,far,5.62e-06,2.4250822944417156,3.622072757340224,3.4420674542391603,3.5170139491908006,0.10505880814942348,-1.0169851597974446,0.682359210283232,1744.414128078862,2.3524399995803833,ok,30.4
pythia70m_s44,fsam_ortho_muon_stale_momentum,codeparrot,far,1e-05,2.329472946794066,3.7312658164365886,3.4420674542391603,3.5170139491908006,0.21425186724578804,-1.1125945074450945,1.1318436214400138,1744.414128078862,2.2648528814315796,ok,32.3
pythia70m_s44,fsam_ortho_muon_stale_momentum,codeparrot,far,1.78e-05,2.2684565131678274,3.91565945097145,3.4420674542391603,3.5170139491908006,0.3986455017806496,-1.173610941071333,1.809810667025227,1744.414128078862,2.2061991691589355,ok,34.7
pythia70m_s44,fsam_ortho_muon_stale_momentum,codeparrot,far,3.16e-05,2.241465928736498,4.1356315986051015,3.4420674542391603,3.5170139491908006,0.618617649414301,-1.200601525502662,2.6828805731050744,1744.414128078862,2.1711673736572266,ok,31.2
pythia70m_s44,fsam_ortho_muon_stale_momentum,codeparrot,far,5.62e-05,2.230474244358488,4.355915446570708,3.4420674542391603,3.5170139491908006,0.8389014973799074,-1.211593209880672,3.783015009261851,1744.414128078862,2.148101806640625,ok,30.5
pythia70m_s44,fsam_ortho_muon_stale_momentum,codeparrot,far,0.0001,2.23300891286473,4.5792351142301015,3.4420674542391603,3.5170139491908006,1.062221165039301,-1.2090585413744304,5.1288248680454585,1744.414128078862,2.1400697231292725,ok,34.8
pythia70m_s44,fsam_ortho_muon_stale_momentum,codeparrot,far,0.000178,2.274745582834382,5.006360839724308,3.4420674542391603,3.5170139491908006,1.4893468905335072,-1.1673218714047784,7.270072319740829,1744.414128078862,2.1630136966705322,ok,32.9
pythia70m_s44,fsam_ortho_muon_stale_momentum,codeparrot,far,0.000316,2.405152890080342,5.722451749379855,3.4420674542391603,3.5170139491908006,2.205437800189054,-1.0369145641588182,10.508164737703105,1744.414128078862,2.2520720958709717,ok,30.0
pythia70m_s44,fsam_ortho_muon_stale_momentum,codeparrot,far,0.000562,2.7030304985270344,7.423806714918282,3.4420674542391603,3.5170139491908006,3.9067927657274812,-0.7390369557121259,16.429497011368333,1744.414128078862,2.517549157142639,ok,34.3
pythia70m_s44,fsam_ortho_muon_stale_momentum,codeparrot,far,0.001,3.0522777758932396,6.260411921312665,3.4420674542391603,3.5170139491908006,2.743397972121864,-0.3897896783459207,32.02370935921528,1744.414128078862,2.927079916000366,ok,34.6
pythia70m_s44,fsam_ortho_muon_stale_momentum,codeparrot,far,0.00178,5.4956117394852315,9.0554941703662,3.4420674542391603,3.5170139491908006,5.5384802211754,2.0535442852460712,58.79705924793242,1744.414128078862,5.349614381790161,ok,31.1
pythia70m_s44,fsam_ortho_muon_stale_momentum,codeparrot,far,0.00316,6.941493338568104,11.856522532125275,3.4420674542391603,3.5170139491908006,8.339508582934474,3.4994258843289434,105.30434301396976,1744.414128078862,6.800707101821899,ok,27.2
pythia70m_s44,fsam_ortho_muon_stale_momentum,codeparrot,far,0.00562,11.568290785100828,18.571306769861867,3.4420674542391603,3.5170139491908006,15.054292820671066,8.126223330861668,188.62208796451708,1744.414128078862,11.45475435256958,ok,36.2
pythia70m_s44,fsam_ortho_muon_stale_momentum,codeparrot,far,0.01,21.779716894817913,36.416255644856136,3.4420674542391603,3.5170139491908006,32.89924169566534,18.33764944057875,343.6781412790382,1744.414128078862,21.518550872802734,ok,33.7
pythia70m_s44,adam,stackmathqa,math,0.0,3.1590807965123724,3.5273807660007663,3.1590807965123724,3.5273807660007663,0.0,0.0,0.0,1731.6158962198042,,base,5.5
pythia70m_s44,adam,stackmathqa,math,1e-06,2.8123379761458844,3.5398586407566257,3.1590807965123724,3.5273807660007663,0.012477874755859375,-0.34674282036648796,0.1545397902368781,1731.6158962198042,2.8319493532180786,ok,21.0
pythia70m_s44,adam,stackmathqa,math,1.78e-06,2.713750887756945,3.555344680517387,3.1590807965123724,3.5273807660007663,0.027963914516620836,-0.44532990875542744,0.2581604798383668,1731.6158962198042,2.7230441570281982,ok,20.9
pythia70m_s44,adam,stackmathqa,math,3.16e-06,2.6230126994929903,3.584679179928774,3.1590807965123724,3.5273807660007663,0.05729841392800772,-0.5360680970193821,0.4278906223766772,1731.6158962198042,2.6226439476013184,ok,20.9
pythia70m_s44,adam,stackmathqa,math,5.62e-06,2.5457051719471435,3.6438925569538037,3.1590807965123724,3.5273807660007663,0.11651179095303732,-0.6133756245652289,0.7109684334891476,1731.6158962198042,2.538293242454529,ok,20.9
pythia70m_s44,adam,stackmathqa,math,1e-05,2.4899102974311247,3.7514616262656135,3.1590807965123724,3.5273807660007663,0.2240808602648472,-0.6691704990812477,1.1677293038432321,1731.6158962198042,2.4798110723495483,ok,20.8
pythia70m_s44,adam,stackmathqa,math,1.78e-05,2.4584113119166426,3.916078560039722,3.1590807965123724,3.5273807660007663,0.38869779403895555,-0.7006694845957298,1.8382833944869732,1731.6158962198042,2.4475592374801636,ok,20.8
pythia70m_s44,adam,stackmathqa,math,3.16e-05,2.443221963781667,4.11142258541458,3.1590807965123724,3.5273807660007663,0.5840418194138137,-0.7158588327307056,2.6780125800181147,1731.6158962198042,2.431803584098816,ok,20.6
pythia70m_s44,adam,stackmathqa,math,5.62e-05,2.4382044275212893,4.3180127713078384,3.1590807965123724,3.5273807660007663,0.7906320053070721,-0.7208763689910831,3.701397809013372,1731.6158962198042,2.426347017288208,ok,20.8
pythia70m_s44,adam,stackmathqa,math,0.0001,2.439594261333667,4.53231392727906,3.1590807965123724,3.5273807660007663,1.0049331612782937,-0.7194865351787052,5.047888116370246,1731.6158962198042,2.4295599460601807,ok,20.9
pythia70m_s44,adam,stackmathqa,math,0.000178,2.458767989843559,4.84909219611181,3.1590807965123724,3.5273807660007663,1.3217114301110438,-0.7003128066688133,6.852577048446324,1731.6158962198042,2.450089454650879,ok,20.9
pythia70m_s44,adam,stackmathqa,math,0.000316,2.5232355897907177,5.486715648972125,3.1590807965123724,3.5273807660007663,1.9593348829713588,-0.6358452067216547,9.697113513484323,1731.6158962198042,2.5155646800994873,ok,20.9
pythia70m_s44,adam,stackmathqa,math,0.000562,2.723231097256834,7.142542956626579,3.1590807965123724,3.5273807660007663,3.6151621906258122,-0.4358496992555385,15.124433564615527,1731.6158962198042,2.7356821298599243,ok,20.9
pythia70m_s44,adam,stackmathqa,math,0.001,3.089475448817423,6.215748953026101,3.1590807965123724,3.5273807660007663,2.688368187025335,-0.06960534769494942,30.84692155046316,1731.6158962198042,3.115416169166565,ok,20.9
pythia70m_s44,adam,stackmathqa,math,0.00178,4.66916251882415,8.38161880582746,3.1590807965123724,3.5273807660007663,4.8542380398266936,1.5100817223117775,56.14217644191284,1731.6158962198042,4.745896339416504,ok,20.9
pythia70m_s44,adam,stackmathqa,math,0.00316,5.951890964097473,10.16555827937714,3.1590807965123724,3.5273807660007663,6.638177513376375,2.7928101675851003,98.01590258146872,1731.6158962198042,6.029963254928589,ok,20.9
pythia70m_s44,adam,stackmathqa,math,0.00562,9.977756328545437,14.98436640013454,3.1590807965123724,3.5273807660007663,11.456985634133774,6.818675532033065,181.4659678573699,1731.6158962198042,10.212101459503174,ok,21.0
pythia70m_s44,adam,stackmathqa,math,0.01,25.448768332046537,36.48291875611546,3.1590807965123724,3.5273807660007663,32.95553799011469,22.289687535534163,326.30176178469065,1731.6158962198042,25.559876441955566,ok,20.8
pythia70m_s44,sgd,stackmathqa,math,0.0,2.606424723585991,3.6312716907717713,2.606424723585991,3.6312716907717713,0.0,0.0,0.0,1745.3622505409705,,base,5.5
pythia70m_s44,sgd,stackmathqa,math,1e-06,2.5194896317274837,3.643534710729192,2.606424723585991,3.6312716907717713,0.012263019957420962,-0.08693509185850745,0.13693662001874993,1745.3622505409705,2.508986234664917,ok,21.0
pythia70m_s44,sgd,stackmathqa,math,1.78e-06,2.4977752252567536,3.657640975982009,2.606424723585991,3.6312716907717713,0.026369285210237958,-0.10864949832923765,0.23324603834112384,1745.3622505409705,2.4859195947647095,ok,20.9
pythia70m_s44,sgd,stackmathqa,math,3.16e-06,2.478079637202731,3.6852034290709375,2.606424723585991,3.6312716907717713,0.0539317382991662,-0.12834508638326003,0.3946865581166425,1745.3622505409705,2.4653689861297607,ok,20.9
pythia70m_s44,sgd,stackmathqa,math,5.62e-06,2.46123188862362,3.742543562051135,2.606424723585991,3.6312716907717713,0.11127187127936367,-0.145192834962371,0.6649759518077579,1745.3622505409705,2.4473220109939575,ok,20.9
pythia70m_s44,sgd,stackmathqa,math,1e-05,2.450155344028062,3.843068699547456,2.606424723585991,3.6312716907717713,0.21179700877568486,-0.15626937955792908,1.0738893248732913,1745.3622505409705,2.436437249183655,ok,20.9
pythia70m_s44,sgd,stackmathqa,math,1.78e-05,2.4428735572531264,4.00002557190897,2.606424723585991,3.6312716907717713,0.36875388113719865,-0.16355116633286482,1.675956429904804,1745.3622505409705,2.427084803581238,ok,20.8
pythia70m_s44,sgd,stackmathqa,math,3.16e-05,2.4403070796959088,4.180223692653231,2.606424723585991,3.6312716907717713,0.5489520018814593,-0.16611764389008243,2.420317725095123,1745.3622505409705,2.4286681413650513,ok,20.9
pythia70m_s44,sgd,stackmathqa,math,5.62e-05,2.441066323894344,4.394762946201631,2.606424723585991,3.6312716907717713,0.7634912554298596,-0.16535839969164723,3.462838879129425,1745.3622505409705,2.430689215660095,ok,20.9
pythia70m_s44,sgd,stackmathqa,math,0.0001,2.449992379563662,4.650534598094843,2.606424723585991,3.6312716907717713,1.0192629073230721,-0.15643234402232942,4.851719573395545,1745.3622505409705,2.4404906034469604,ok,20.9
pythia70m_s44,sgd,stackmathqa,math,0.000178,2.477379972454153,4.988935571360728,2.606424723585991,3.6312716907717713,1.357663880588957,-0.129044751131838,6.723892320134304,1745.3622505409705,2.4735615253448486,ok,20.9
pythia70m_s44,sgd,stackmathqa,math,0.000316,2.5533196062957706,5.570578476220894,2.606424723585991,3.6312716907717713,1.9393067854491228,-0.053105117290220605,9.36887297439033,1745.3622505409705,2.547871232032776,ok,20.9
pythia70m_s44,sgd,stackmathqa,math,0.000562,2.778470645912006,7.6565226724703015,2.606424723585991,3.6312716907717713,4.02525098169853,0.1720459223260149,15.327662092603434,1745.3622505409705,2.802070379257202,ok,20.8
pythia70m_s44,sgd,stackmathqa,math,0.001,2.9742451647256454,6.099904069695221,2.606424723585991,3.6312716907717713,2.4686323789234494,0.3678204411396542,31.18459029610382,1745.3622505409705,2.9896135330200195,ok,20.9
pythia70m_s44,sgd,stackmathqa,math,0.00178,4.69930385283528,8.367114781866801,2.606424723585991,3.6312716907717713,4.73584309109503,2.092879129249289,57.214919856164684,1745.3622505409705,4.758375644683838,ok,20.8
pythia70m_s44,sgd,stackmathqa,math,0.00316,5.158978680575197,8.939314646263645,2.606424723585991,3.6312716907717713,5.3080429554918735,2.552553956989206,99.51154661792621,1745.3622505409705,5.2318713665008545,ok,20.8
pythia70m_s44,sgd,stackmathqa,math,0.00562,11.614582248396603,19.000201021855126,2.606424723585991,3.6312716907717713,15.368929331083354,9.008157524810612,186.2434066791923,1745.3622505409705,11.627166271209717,ok,21.1
pythia70m_s44,sgd,stackmathqa,math,0.01,25.102212267612526,37.84534575281311,2.606424723585991,3.6312716907717713,34.21407406204134,22.495787544026534,338.66085978941067,1745.3622505409705,25.611169815063477,ok,20.9
pythia70m_s44,muon,stackmathqa,math,0.0,3.5218436806635847,3.514651990916631,3.5218436806635847,3.514651990916631,0.0,0.0,0.0,1744.4680895179094,,base,5.5
pythia70m_s44,muon,stackmathqa,math,1e-06,3.0592709968701266,3.528614051654614,3.5218436806635847,3.514651990916631,0.013962060737982895,-0.46257268379345806,0.15688122462438744,1744.4680895179094,3.110462784767151,ok,21.0
pythia70m_s44,muon,stackmathqa,math,1.78e-06,2.915851010735021,3.5463245638196015,3.5218436806635847,3.514651990916631,0.03167257290297032,-0.6059926699285638,0.26193338218475315,1744.4680895179094,2.947613835334778,ok,20.8
pythia70m_s44,muon,stackmathqa,math,3.16e-06,2.787027661347809,3.577487404332469,3.5218436806635847,3.514651990916631,0.06283541341583776,-0.7348160193157756,0.43148813641137784,1744.4680895179094,2.8044846057891846,ok,20.8
pythia70m_s44,muon,stackmathqa,math,5.62e-06,2.6707845415387834,3.6387606394967453,3.5218436806635847,3.514651990916631,0.12410864858011417,-0.8510591391248012,0.7155957603521178,1744.4680895179094,2.6742005348205566,ok,20.9
pythia70m_s44,muon,stackmathqa,math,1e-05,2.5734412684132675,3.7518984091025276,3.5218436806635847,3.514651990916631,0.23724641818589642,-0.9484024122503172,1.1783235947059114,1744.4680895179094,2.5677387714385986,ok,20.9
pythia70m_s44,muon,stackmathqa,math,1.78e-05,2.5101728868577813,3.9160472474219516,3.5218436806635847,3.514651990916631,0.4013952565053205,-1.0116707938058034,1.8575460447542702,1744.4680895179094,2.5019603967666626,ok,20.8
pythia70m_s44,muon,stackmathqa,math,3.16e-05,2.476166577721762,4.108365590791646,3.5218436806635847,3.514651990916631,0.5937135998750147,-1.0456771029418226,2.7166417585589655,1744.4680895179094,2.466538906097412,ok,20.9
pythia70m_s44,muon,stackmathqa,math,5.62e-05,2.4625036459846275,4.296696164603336,3.5218436806635847,3.514651990916631,0.782044173686705,-1.0593400346789572,3.7386391934084577,1744.4680895179094,2.450781464576721,ok,20.8
pythia70m_s44,muon,stackmathqa,math,0.0001,2.4591505121578208,4.452416145638244,3.5218436806635847,3.514651990916631,0.9377641547216129,-1.062693168505764,4.905112323573254,1744.4680895179094,2.4513484239578247,ok,20.9
pythia70m_s44,muon,stackmathqa,math,0.000178,2.473569851332215,4.727782195328267,3.5218436806635847,3.514651990916631,1.2131302044116357,-1.0482738293313698,6.63245792908271,1744.4680895179094,2.4665662050247192,ok,20.9
pythia70m_s44,muon,stackmathqa,math,0.000316,2.5467419484356846,5.43508877539588,3.5218436806635847,3.514651990916631,1.9204367844792491,-0.9751017322279001,9.540279357073013,1744.4680895179094,2.5348845720291138,ok,20.9
pythia70m_s44,muon,stackmathqa,math,0.000562,2.734781015175896,7.233685674499393,3.5218436806635847,3.514651990916631,3.7190336835827615,-0.7870626654876887,15.063514857637642,1744.4680895179094,2.7494049072265625,ok,20.9
pythia70m_s44,muon,stackmathqa,math,0.001,3.1543823510933295,6.198959917938173,3.5218436806635847,3.514651990916631,2.6843079270215418,-0.3674613295702551,31.11405735232508,1744.4680895179094,3.190020442008972,ok,20.8
pythia70m_s44,muon,stackmathqa,math,0.00178,4.786449036719515,8.781356662220217,3.5218436806635847,3.514651990916631,5.266704671303586,1.26460535605593,55.99676487609968,1744.4680895179094,4.855504751205444,ok,20.8
pythia70m_s44,muon,stackmathqa,math,0.00316,6.006560159522727,10.345777866191826,3.5218436806635847,3.514651990916631,6.831125875275195,2.4847164788591423,99.58143967811259,1744.4680895179094,6.080193996429443,ok,20.8
pythia70m_s44,muon,stackmathqa,math,0.00562,8.773513435617584,15.429621926025868,3.5218436806635847,3.514651990916631,11.914969935109237,5.2516697549539995,179.03254270503047,1744.4680895179094,8.937672138214111,ok,21.1
pythia70m_s44,muon,stackmathqa,math,0.01,26.660195546607447,38.9255692394279,3.5218436806635847,3.514651990916631,35.41091724851127,23.13835186594386,327.8326654378412,1744.4680895179094,27.41309928894043,ok,20.9
pythia70m_s44,sam,stackmathqa,math,0.0,2.6041177424899287,3.6324881723482316,2.6041177424899287,3.6324881723482316,0.0,0.0,0.0,1745.362708341052,,base,5.5
pythia70m_s44,sam,stackmathqa,math,1e-06,2.518951318968532,3.6449142500845655,2.6041177424899287,3.6324881723482316,0.012426077736333863,-0.0851664235213967,0.1367347968466263,1745.362708341052,2.508174419403076,ok,21.0
pythia70m_s44,sam,stackmathqa,math,1.78e-06,2.4975391619359444,3.659111590301454,2.6041177424899287,3.6324881723482316,0.02662341795322254,-0.10657858055398428,0.23364024126278912,1745.362708341052,2.485834240913391,ok,20.8
pythia70m_s44,sam,stackmathqa,math,3.16e-06,2.4778167067675207,3.687015626761778,2.6041177424899287,3.6324881723482316,0.05452745441354656,-0.12630103572240792,0.39649038589807367,1745.362708341052,2.464387059211731,ok,20.9
pythia70m_s44,sam,stackmathqa,math,5.62e-06,2.4606631478684755,3.7436952833560113,2.6041177424899287,3.6324881723482316,0.11120711100777969,-0.14345459462145316,0.6651299859251201,1745.362708341052,2.447089433670044,ok,20.9
pythia70m_s44,sam,stackmathqa,math,1e-05,2.44923700978378,3.846901708852988,2.6041177424899287,3.6324881723482316,0.21441353650475659,-0.15488073270614855,1.0810669210004444,1745.362708341052,2.4343689680099487,ok,20.9
pythia70m_s44,sam,stackmathqa,math,1.78e-05,2.441831950805425,4.000275068786979,2.6041177424899287,3.6324881723482316,0.3677868964387474,-0.16228579168450352,1.684324804609007,1745.362708341052,2.428531050682068,ok,20.8
pythia70m_s44,sam,stackmathqa,math,3.16e-05,2.4412498623424312,4.182134766401377,2.6041177424899287,3.6324881723482316,0.549646594053145,-0.16286788014749742,2.428084069815124,1745.362708341052,2.4281316995620728,ok,20.8
pythia70m_s44,sam,stackmathqa,math,5.62e-05,2.441672405384758,4.387801534275719,2.6041177424899287,3.6324881723482316,0.7553133619274877,-0.16244533710517084,3.442147544371536,1745.362708341052,2.4338890314102173,ok,20.9
pythia70m_s44,sam,stackmathqa,math,0.0001,2.4512275053796935,4.645818773781017,2.6041177424899287,3.6324881723482316,1.0133306014327856,-0.1528902371102352,4.8172728653779595,1745.362708341052,2.4433329105377197,ok,20.9
pythia70m_s44,sam,stackmathqa,math,0.000178,2.4801826775657223,4.972867409543748,2.6041177424899287,3.6324881723482316,1.3403792371955165,-0.12393506492420636,6.675627013729719,1745.362708341052,2.4759000539779663,ok,20.9
pythia70m_s44,sam,stackmathqa,math,0.000316,2.546507415472878,5.545658298201291,2.6041177424899287,3.6324881723482316,1.9131701258530591,-0.05761032701705071,9.34939805491502,1745.362708341052,2.5449756383895874,ok,20.9
pythia70m_s44,sam,stackmathqa,math,0.000562,2.7982132420847794,7.665719362620972,2.6041177424899287,3.6324881723482316,4.0332311902727405,0.19409549959485073,15.439580700460054,1745.362708341052,2.820616364479065,ok,20.9
pythia70m_s44,sam,stackmathqa,math,0.001,3.0436760889340753,6.1887997741102,2.6041177424899287,3.6324881723482316,2.5563116017619687,0.4395583464441466,30.90173715335919,1745.362708341052,3.0550715923309326,ok,20.8
pythia70m_s44,sam,stackmathqa,math,0.00178,4.694738190234757,8.361197439891718,2.6041177424899287,3.6324881723482316,4.728709267543486,2.0906204477448282,57.29398535940307,1745.362708341052,4.758738040924072,ok,20.9
pythia70m_s44,sam,stackmathqa,math,0.00316,5.4709236309253075,9.483617689278262,2.6041177424899287,3.6324881723482316,5.85112951693003,2.866805888435379,101.64849997770597,1745.362708341052,5.544215679168701,ok,20.9
pythia70m_s44,sam,stackmathqa,math,0.00562,13.63444196548014,18.951220279103858,2.6041177424899287,3.6324881723482316,15.318732106755625,11.03032422299021,183.49316606676052,1745.362708341052,13.367463111877441,ok,21.0
pythia70m_s44,sam,stackmathqa,math,0.01,32.06621323079746,47.219265932206305,2.6041177424899287,3.6324881723482316,43.58677775985807,29.46209548830753,326.5005436450235,1745.362708341052,33.16289138793945,ok,20.9
pythia70m_s44,randsam_muon,codeparrot,far,0.0,3.4754568574013307,3.5142166227277243,3.4754568574013307,3.5142166227277243,0.0,0.0,0.0,1744.4637765488055,,base,8.5
pythia70m_s44,randsam_muon,codeparrot,far,1e-06,2.8440220528619395,3.5257528756695953,3.4754568574013307,3.5142166227277243,0.011536252941870995,-0.6314348045393912,0.15087531869420623,1744.4637765488055,2.7457921504974365,ok,30.9
pythia70m_s44,randsam_muon,codeparrot,far,1.78e-06,2.7057200765889684,3.5382146965967465,3.4754568574013307,3.5142166227277243,0.023998073869022196,-0.7697367808123623,0.24794650353071257,1744.4637765488055,2.613427996635437,ok,30.5
pythia70m_s44,randsam_muon,codeparrot,far,3.16e-06,2.5735683851745965,3.5639008411922566,3.4754568574013307,3.5142166227277243,0.049684218464532304,-0.9018884722267342,0.4061486849293468,1744.4637765488055,2.492764472961426,ok,29.9
pythia70m_s44,randsam_muon,codeparrot,far,5.62e-06,2.4313257893004296,3.623515489283373,3.4754568574013307,3.5142166227277243,0.10929886655564891,-1.044131068100901,0.6800545134543121,1744.4637765488055,2.36047625541687,ok,30.3
pythia70m_s44,randsam_muon,codeparrot,far,1e-05,2.334588836550479,3.732725106106812,3.4754568574013307,3.5142166227277243,0.2185084833790878,-1.1408680208508515,1.1288641334059286,1744.4637765488055,2.2717214822769165,ok,31.2
pythia70m_s44,randsam_muon,codeparrot,far,1.78e-05,2.2714384269341097,3.91523846441519,3.4754568574013307,3.5142166227277243,0.4010218416874656,-1.204018430467221,1.8106726586975508,1744.4637765488055,2.209474205970764,ok,31.2
pythia70m_s44,randsam_muon,codeparrot,far,3.16e-05,2.242503171797601,4.134917238687116,3.4754568574013307,3.5142166227277243,0.6207006159593917,-1.2329536856037295,2.6855415725127347,1744.4637765488055,2.1723344326019287,ok,31.2
pythia70m_s44,randsam_muon,codeparrot,far,5.62e-05,2.2302645554514546,4.362304903989669,3.4754568574013307,3.5142166227277243,0.8480882812619446,-1.245192301949876,3.8138064329603845,1744.4637765488055,2.1482656002044678,ok,31.3
pythia70m_s44,randsam_muon,codeparrot,far,0.0001,2.234198001032939,4.586048454687787,3.4754568574013307,3.5142166227277243,1.0718318319600626,-1.2412588563683915,5.168979642522671,1744.4637765488055,2.1414413452148438,ok,31.1
pythia70m_s44,randsam_muon,codeparrot,far,0.000178,2.2748880181060613,5.012845616051362,3.4754568574013307,3.5142166227277243,1.498628993323638,-1.2005688392952694,7.332529189394875,1744.4637765488055,2.1600635051727295,ok,31.1
pythia70m_s44,randsam_muon,codeparrot,far,0.000316,2.4100351576235894,5.65737066250258,3.4754568574013307,3.5142166227277243,2.143154039774856,-1.0654216997777413,10.438871160934317,1744.4637765488055,2.2585216760635376,ok,31.0
pythia70m_s44,randsam_muon,codeparrot,far,0.000562,2.6785004274252575,7.405904430232636,3.4754568574013307,3.5142166227277243,3.8916878075049115,-0.7969564299760732,16.183021641364725,1744.4637765488055,2.488161563873291,ok,31.5
pythia70m_s44,randsam_muon,codeparrot,far,0.001,3.0013603464264693,6.229408786721425,3.4754568574013307,3.5142166227277243,2.715192163993701,-0.4740965109748614,32.22905229044414,1744.4637765488055,2.867437720298767,ok,30.9
pythia70m_s44,randsam_muon,codeparrot,far,0.00178,5.5361744979589655,8.965722638333613,3.4754568574013307,3.5142166227277243,5.451506015605888,2.060717640557635,57.63392541876259,1744.4637765488055,5.389563798904419,ok,31.1
pythia70m_s44,randsam_muon,codeparrot,far,0.00316,6.212524996345057,9.8562414538837,3.4754568574013307,3.5142166227277243,6.342024831155975,2.7370681389437266,103.94209485949688,1744.4637765488055,6.0742270946502686,ok,30.6
pythia70m_s44,randsam_muon,codeparrot,far,0.00562,11.134039981491178,18.05428623266649,3.4754568574013307,3.5142166227277243,14.540069609938767,7.658583124089847,190.77785793720903,1744.4637765488055,11.035440444946289,ok,30.9
pythia70m_s44,randsam_muon,codeparrot,far,0.01,20.76142044216686,34.33848264212711,3.4754568574013307,3.5142166227277243,30.82426601939939,17.28596358476553,348.1202348675761,1744.4637765488055,20.331165313720703,ok,30.7
pythia70m_s44,fsam,stackmathqa,math,0.0,2.6043456389246153,3.632438738052159,2.6043456389246153,3.632438738052159,0.0,0.0,0.0,1745.362489609106,,base,9.1
pythia70m_s44,fsam,stackmathqa,math,1e-06,2.5190274860061077,3.6453767727965714,2.6043456389246153,3.632438738052159,0.012938034744412352,-0.08531815291850764,0.13706683800212813,1745.362489609106,2.5086193084716797,ok,37.8
pythia70m_s44,fsam,stackmathqa,math,1.78e-06,2.497878610271297,3.659126106306998,2.6043456389246153,3.632438738052159,0.026687368254838972,-0.10646702865331825,0.23322664233391044,1745.362489609106,2.4858518838882446,ok,37.4
pythia70m_s44,fsam,stackmathqa,math,3.16e-06,2.4777820012340808,3.687529188779469,2.6043456389246153,3.632438738052159,0.05509045072731,-0.12656363769053458,0.3978409248994935,1745.362489609106,2.464113235473633,ok,37.5
pythia70m_s44,fsam,stackmathqa,math,5.62e-06,2.460298273194793,3.744074778547492,2.6043456389246153,3.632438738052159,0.11163604049533316,-0.14404736572982246,0.6671883253373541,1745.362489609106,2.4468531608581543,ok,34.9
pythia70m_s44,fsam,stackmathqa,math,1e-05,2.4500942864763293,3.8439731933832637,2.6043456389246153,3.632438738052159,0.2115344553311047,-0.15425135244828603,1.0738701161966162,1745.362489609106,2.4353538751602173,ok,29.9
pythia70m_s44,fsam,stackmathqa,math,1.78e-05,2.4425087646962145,4.001798028815283,2.6043456389246153,3.632438738052159,0.36935929076312357,-0.16183687422840087,1.6788436271076779,1745.362489609106,2.4275389909744263,ok,30.6
pythia70m_s44,fsam,stackmathqa,math,3.16e-05,2.440696440097637,4.183099276398959,2.6043456389246153,3.632438738052159,0.5506605383468002,-0.16364919882697837,2.442332923820442,1745.362489609106,2.43043851852417,ok,31.2
pythia70m_s44,fsam,stackmathqa,math,5.62e-05,2.439692876110338,4.39358079316798,2.6043456389246153,3.632438738052159,0.7611420551158212,-0.16465276281427732,3.4664735839559517,1745.362489609106,2.4302515983581543,ok,31.2
pythia70m_s44,fsam,stackmathqa,math,0.0001,2.455366526564507,4.660259112453274,2.6043456389246153,3.632438738052159,1.0278203744011152,-0.14897911236010852,4.842781067201779,1745.362489609106,2.4424803256988525,ok,30.5
pythia70m_s44,fsam,stackmathqa,math,0.000178,2.4764876692262416,4.958677168694961,2.6043456389246153,3.632438738052159,1.326238430642802,-0.1278579696983737,6.660244717809641,1745.362489609106,2.467177391052246,ok,29.7
pythia70m_s44,fsam,stackmathqa,math,0.000316,2.5455369968003723,5.553943238379671,2.6043456389246153,3.632438738052159,1.921504500327512,-0.05880864212424308,9.3748597245883,1745.362489609106,2.5455195903778076,ok,29.7
pythia70m_s44,fsam,stackmathqa,math,0.000562,2.779645826485292,7.604115271521641,2.6043456389246153,3.632438738052159,3.971676533469482,0.17530018756067678,15.234147991829719,1745.362489609106,2.797632336616516,ok,31.8
pythia70m_s44,fsam,stackmathqa,math,0.001,2.974928040327158,6.067506487822112,2.6043456389246153,3.632438738052159,2.4350677497699533,0.3705824014025425,30.873376002364,1745.362489609106,2.9900753498077393,ok,37.7
pythia70m_s44,fsam,stackmathqa,math,0.00178,4.796273591700365,8.545466204678709,2.6043456389246153,3.632438738052159,4.91302746662655,2.19192795277575,56.607566808813075,1745.362489609106,4.853609323501587,ok,37.9
pythia70m_s44,fsam,stackmathqa,math,0.00316,5.213002020132285,8.990197945014371,2.6043456389246153,3.632438738052159,5.357759206962212,2.6086563812076693,100.57738188597149,1745.362489609106,5.2905638217926025,ok,37.4
pythia70m_s44,fsam,stackmathqa,math,0.00562,12.294150962754939,17.915186305335357,2.6043456389246153,3.632438738052159,14.282747567283199,9.689805323830324,185.80595578314694,1745.362489609106,12.180171966552734,ok,37.9
pythia70m_s44,fsam,stackmathqa,math,0.01,30.839598653834393,38.82617623465402,2.6043456389246153,3.632438738052159,35.19373749660186,28.235253014909777,331.3810506104693,1745.362489609106,31.31173038482666,ok,37.5
pythia70m_s44,fsam_ortho_muon,stackmathqa,math,0.0,3.5093387820249435,3.5154415100754592,3.5093387820249435,3.5154415100754592,0.0,0.0,0.0,1744.380992051456,,base,5.5
pythia70m_s44,fsam_ortho_muon,stackmathqa,math,1e-06,3.0493583305941168,3.527823662804531,3.5093387820249435,3.5154415100754592,0.012382152729071727,-0.4599804514308268,0.1573516846070445,1744.380992051456,3.103207588195801,ok,21.1
pythia70m_s44,fsam_ortho_muon,stackmathqa,math,1.78e-06,2.9108183201978353,3.544404509482785,3.5093387820249435,3.5154415100754592,0.028962999407325718,-0.5985204618271083,0.261974658913029,1744.380992051456,2.942673444747925,ok,20.9
pythia70m_s44,fsam_ortho_muon,stackmathqa,math,3.16e-06,2.7837923501569,3.5749035105546625,3.5093387820249435,3.5154415100754592,0.05946200047920325,-0.7255464318680436,0.43271981431343903,1744.380992051456,2.7997387647628784,ok,20.9
pythia70m_s44,fsam_ortho_muon,stackmathqa,math,5.62e-06,2.6679337458601204,3.6363995509138314,3.5093387820249435,3.5154415100754592,0.12095804083837214,-0.8414050361648231,0.7188103474080854,1744.380992051456,2.669900417327881,ok,20.9
pythia70m_s44,fsam_ortho_muon,stackmathqa,math,1e-05,2.5720482768377915,3.747921755169236,3.5093387820249435,3.5154415100754592,0.23248024509377663,-0.9372905051871521,1.1792494317124798,1744.380992051456,2.5649516582489014,ok,20.8
pythia70m_s44,fsam_ortho_muon,stackmathqa,math,1.78e-05,2.50959164942314,3.9138661326727524,3.5093387820249435,3.5154415100754592,0.39842462259729317,-0.9997471326018035,1.8589512564902526,1744.380992051456,2.498757481575012,ok,20.9
pythia70m_s44,fsam_ortho_muon,stackmathqa,math,3.16e-05,2.4766514847189947,4.107936194731531,3.5093387820249435,3.5154415100754592,0.5924946846560717,-1.0326872973059489,2.7225265202836106,1744.380992051456,2.46481454372406,ok,20.9
pythia70m_s44,fsam_ortho_muon,stackmathqa,math,5.62e-05,2.4619158914644426,4.298270828336652,3.5093387820249435,3.5154415100754592,0.782829318261193,-1.047422890560501,3.744336871930574,1744.380992051456,2.449123740196228,ok,20.6
pythia70m_s44,fsam_ortho_muon,stackmathqa,math,0.0001,2.4589015863646266,4.479947913182925,3.5093387820249435,3.5154415100754592,0.9645064031074657,-1.050437195660317,4.9723218453864515,1744.380992051456,2.4504865407943726,ok,20.9
pythia70m_s44,fsam_ortho_muon,stackmathqa,math,0.000178,2.471835895993705,4.730911441511838,3.5093387820249435,3.5154415100754592,1.2154699314363784,-1.0375028860312385,6.637134292414373,1744.380992051456,2.4650200605392456,ok,20.9
pythia70m_s44,fsam_ortho_muon,stackmathqa,math,0.000316,2.536741566518048,5.456744013000607,3.5093387820249435,3.5154415100754592,1.941302502925148,-0.9725972155068954,9.59477848979918,1744.380992051456,2.5357083082199097,ok,20.9
pythia70m_s44,fsam_ortho_muon,stackmathqa,math,0.000562,2.7272301690685774,7.154906047067064,3.5093387820249435,3.5154415100754592,3.6394645369916043,-0.7821086129563661,15.055770038980521,1744.380992051456,2.7360942363739014,ok,20.9
pythia70m_s44,fsam_ortho_muon,stackmathqa,math,0.001,3.119198703952498,6.219012266035882,3.5093387820249435,3.5154415100754592,2.703570755960423,-0.39014007807244555,31.125710803678786,1744.380992051456,3.149657726287842,ok,20.8
pythia70m_s44,fsam_ortho_muon,stackmathqa,math,0.00178,4.7356001523609494,8.41048647886153,3.5093387820249435,3.5154415100754592,4.895044968786071,1.226261370336006,56.741290892866104,1744.380992051456,4.807424545288086,ok,20.9
pythia70m_s44,fsam_ortho_muon,stackmathqa,math,0.00316,6.358049844342435,10.83328424741144,3.5093387820249435,3.5154415100754592,7.3178427373359805,2.848711062317492,102.19850801076336,1744.380992051456,6.449683666229248,ok,20.9
pythia70m_s44,fsam_ortho_muon,stackmathqa,math,0.00562,11.83132274650081,17.79635094569854,3.5093387820249435,3.5154415100754592,14.28090943562308,8.321983964475866,182.39173224176878,1744.380992051456,12.19581937789917,ok,21.0
pythia70m_s44,fsam_ortho_muon,stackmathqa,math,0.01,21.25634658126682,34.958836863418846,3.5093387820249435,3.5154415100754592,31.443395353343387,17.747007799241874,330.8116561407544,1744.380992051456,21.389400482177734,ok,20.9
pythia70m_s44,fsam_ortho_muon_stale_momentum,stackmathqa,math,0.0,3.4852906691818086,3.5170139491908006,3.4852906691818086,3.5170139491908006,0.0,0.0,0.0,1744.414128078862,,base,5.5
pythia70m_s44,fsam_ortho_muon_stale_momentum,stackmathqa,math,1e-06,3.026502724962925,3.5286622541991233,3.4852906691818086,3.5170139491908006,0.011648305008322701,-0.4587879442188836,0.15716671018904388,1744.414128078862,3.073492407798767,ok,21.0
pythia70m_s44,fsam_ortho_muon_stale_momentum,stackmathqa,math,1.78e-06,2.893462358388882,3.5452150990585056,3.4852906691818086,3.5170139491908006,0.028201149867705055,-0.5918283107929265,0.26150043158327263,1744.414128078862,2.921271800994873,ok,20.9
pythia70m_s44,fsam_ortho_muon_stale_momentum,stackmathqa,math,3.16e-06,2.7719481406613107,3.575515676151283,3.4852906691818086,3.5170139491908006,0.058501726960482614,-0.713342528520498,0.43151209891984604,1744.414128078862,2.7857388257980347,ok,20.7
pythia70m_s44,fsam_ortho_muon_stale_momentum,stackmathqa,math,5.62e-06,2.661026859470076,3.6368586807101675,3.4852906691818086,3.5170139491908006,0.11984473151936692,-0.8242638097117325,0.7164345023532507,1744.414128078862,2.662497401237488,ok,20.8
pythia70m_s44,fsam_ortho_muon_stale_momentum,stackmathqa,math,1e-05,2.5676136726035996,3.7493498628620068,3.4852906691818086,3.5170139491908006,0.2323359136712062,-0.917676996578209,1.1797341098927314,1744.414128078862,2.560251474380493,ok,20.9
pythia70m_s44,fsam_ortho_muon_stale_momentum,stackmathqa,math,1.78e-05,2.5069248177067407,3.914823823245771,3.4852906691818086,3.5170139491908006,0.39780987405497026,-0.9783658514750679,1.8596676208546128,1744.414128078862,2.4970821142196655,ok,20.8
pythia70m_s44,fsam_ortho_muon_stale_momentum,stackmathqa,math,3.16e-05,2.475080710334554,4.107274404477233,3.4852906691818086,3.5170139491908006,0.5902604552864328,-1.0102099588472546,2.7145809965398118,1744.414128078862,2.464656352996826,ok,20.9
pythia70m_s44,fsam_ortho_muon_stale_momentum,stackmathqa,math,5.62e-05,2.4622563625268508,4.298258689984883,3.4852906691818086,3.5170139491908006,0.7812447407940826,-1.0230343066549579,3.724426962223218,1744.414128078862,2.45154345035553,ok,20.9
pythia70m_s44,fsam_ortho_muon_stale_momentum,stackmathqa,math,0.0001,2.4576562631386834,4.496321310502442,3.4852906691818086,3.5170139491908006,0.9793073613116419,-1.0276344060431253,4.995446400721129,1744.414128078862,2.4490087032318115,ok,20.9
pythia70m_s44,fsam_ortho_muon_stale_momentum,stackmathqa,math,0.000178,2.4702230554270885,4.730708321946475,3.4852906691818086,3.5170139491908006,1.2136943727556742,-1.01506761375472,6.65215903125931,1744.414128078862,2.4640976190567017,ok,20.9
pythia70m_s44,fsam_ortho_muon_stale_momentum,stackmathqa,math,0.000316,2.5374049207235734,5.439784496031162,3.4852906691818086,3.5170139491908006,1.9227705468403617,-0.9478857484582353,9.549352913823228,1744.414128078862,2.5371625423431396,ok,20.9
pythia70m_s44,fsam_ortho_muon_stale_momentum,stackmathqa,math,0.000562,2.719676351827185,7.161336051507939,3.4852906691818086,3.5170139491908006,3.644322102317138,-0.7656143173546237,14.96680886933128,1744.414128078862,2.7291767597198486,ok,20.9
pythia70m_s44,fsam_ortho_muon_stale_momentum,stackmathqa,math,0.001,3.0262433404791844,5.975319483508803,3.4852906691818086,3.5170139491908006,2.458305534318002,-0.4590473287026242,30.88438669041876,1744.414128078862,3.0490187406539917,ok,20.9
pythia70m_s44,fsam_ortho_muon_stale_momentum,stackmathqa,math,0.00178,4.677329808065336,8.35655846941028,3.4852906691818086,3.5170139491908006,4.839544520219478,1.1920391388835272,56.843985606645575,1744.414128078862,4.745223045349121,ok,20.8
pythia70m_s44,fsam_ortho_muon_stale_momentum,stackmathqa,math,0.00316,5.6211248200000385,9.865081697527444,3.4852906691818086,3.5170139491908006,6.348067748336643,2.13583415081823,99.06541395743328,1744.414128078862,5.714717864990234,ok,20.9
pythia70m_s44,fsam_ortho_muon_stale_momentum,stackmathqa,math,0.00562,8.204426297003042,13.886099589547532,3.4852906691818086,3.5170139491908006,10.369085640356731,4.719135627821234,180.34230040673438,1744.414128078862,8.244612693786621,ok,21.1
pythia70m_s44,fsam_ortho_muon_stale_momentum,stackmathqa,math,0.01,21.397232802180163,29.563938267776877,3.4852906691818086,3.5170139491908006,26.046924318586075,17.911942132998355,325.5015143247177,1744.414128078862,21.763046264648438,ok,20.8
pythia70m_s44,randsam_muon,stackmathqa,math,0.0,3.51116007974703,3.5142166227277243,3.51116007974703,3.5142166227277243,0.0,0.0,0.0,1744.4637765488055,,base,5.4
pythia70m_s44,randsam_muon,stackmathqa,math,1e-06,3.0490691153270624,3.528502451230402,3.51116007974703,3.5142166227277243,0.014285828502677678,-0.4620909644199678,0.1565877524848018,1744.4637765488055,3.1010502576828003,ok,21.0
pythia70m_s44,randsam_muon,stackmathqa,math,1.78e-06,2.909564210477407,3.5458313630285097,3.51116007974703,3.5142166227277243,0.03161474030078537,-0.601595869269623,0.26098371247022606,1744.4637765488055,2.940817356109619,ok,20.9
pythia70m_s44,randsam_muon,stackmathqa,math,3.16e-06,2.782829777368594,3.5765508476302115,3.51116007974703,3.5142166227277243,0.06233422490248719,-0.7283303023784362,0.43051969669303225,1744.4637765488055,2.799770951271057,ok,20.8
pythia70m_s44,randsam_muon,stackmathqa,math,5.62e-06,2.668843241353791,3.637950001397478,3.51116007974703,3.5142166227277243,0.12373337866975387,-0.8423168383932391,0.7143556651169984,1744.4637765488055,2.6722452640533447,ok,20.8
pythia70m_s44,randsam_muon,stackmathqa,math,1e-05,2.5722664834935136,3.7506301379717026,3.51116007974703,3.5142166227277243,0.23641351524397836,-0.9388935962535165,1.1770786758791523,1744.4637765488055,2.566497802734375,ok,20.9
pythia70m_s44,randsam_muon,stackmathqa,math,1.78e-05,2.509171607209745,3.915387174154681,3.51116007974703,3.5142166227277243,0.40117055142695657,-1.0019884725372852,1.858135742981991,1744.4637765488055,2.5005316734313965,ok,20.9
pythia70m_s44,randsam_muon,stackmathqa,math,3.16e-05,2.4765248084021643,4.105010314463636,3.51116007974703,3.5142166227277243,0.5907936917359113,-1.0346352713448659,2.7183874989033354,1744.4637765488055,2.466477394104004,ok,20.9
pythia70m_s44,randsam_muon,stackmathqa,math,5.62e-05,2.4625504973349974,4.300386873010087,3.51116007974703,3.5142166227277243,0.7861702502823626,-1.0486095824120327,3.7472616963470355,1744.4637765488055,2.45209538936615,ok,20.8
pythia70m_s44,randsam_muon,stackmathqa,math,0.0001,2.458878138293959,4.463904774585582,3.51116007974703,3.5142166227277243,0.9496881518578575,-1.0522819414530713,4.955269763940532,1744.4637765488055,2.4505430459976196,ok,20.8
pythia70m_s44,randsam_muon,stackmathqa,math,0.000178,2.4729753259110123,4.733015452345756,3.51116007974703,3.5142166227277243,1.218798829618032,-1.0381847538360178,6.675765326998327,1744.4637765488055,2.4682024717330933,ok,20.9
pythia70m_s44,randsam_muon,stackmathqa,math,0.000316,2.5381160594245924,5.420009605571948,3.51116007974703,3.5142166227277243,1.9057929828442242,-0.9730440203224378,9.616115013482624,1744.4637765488055,2.537882089614868,ok,20.8
pythia70m_s44,randsam_muon,stackmathqa,math,0.000562,2.733132856932638,7.198122244758382,3.51116007974703,3.5142166227277243,3.683905622030658,-0.7780272228143921,15.06116003028152,1744.4637765488055,2.746072292327881,ok,20.8
pythia70m_s44,randsam_muon,stackmathqa,math,0.001,3.1086384797516167,6.143411386269646,3.51116007974703,3.5142166227277243,2.6291947635419217,-0.4025215999954135,31.21533826911241,1744.4637765488055,3.1368062496185303,ok,20.8
pythia70m_s44,randsam_muon,stackmathqa,math,0.00178,4.691635176626903,8.478711376451466,3.51116007974703,3.5142166227277243,4.964494753723741,1.180475096879873,56.680914995788164,1744.4637765488055,4.755159616470337,ok,20.8
pythia70m_s44,randsam_muon,stackmathqa,math,0.00316,6.095315683144646,10.353431373193073,3.51116007974703,3.5142166227277243,6.839214750465349,2.584155603397616,99.41049089768538,1744.4637765488055,6.151903390884399,ok,20.9
pythia70m_s44,randsam_muon,stackmathqa,math,0.00562,9.040868859934946,14.969942171279698,3.51116007974703,3.5142166227277243,11.455725548551973,5.5297087801879155,182.25725654671945,1744.4637765488055,9.25674057006836,ok,21.0
pythia70m_s44,randsam_muon,stackmathqa,math,0.01,23.693696203063844,39.52388212498853,3.51116007974703,3.5142166227277243,36.00966550226081,20.182536123316815,324.1314309177691,1744.4637765488055,24.040465354919434,ok,20.9
pythia70m_s44,adam,musicpile,far,0.0,3.7022630277211888,3.5273807660007663,3.7022630277211888,3.5273807660007663,0.0,0.0,0.0,1731.6158962198042,,base,5.5
pythia70m_s44,adam,musicpile,far,1e-06,3.6123957549989107,3.5336143732537497,3.7022630277211888,3.5273807660007663,0.006233607252983386,-0.08986727272227801,0.11383678222971476,1731.6158962198042,3.489739418029785,ok,21.1
pythia70m_s44,adam,musicpile,far,1.78e-06,3.5715451175219393,3.540620684390432,3.7022630277211888,3.5273807660007663,0.01323991838966565,-0.1307179101992495,0.19599563483355875,1731.6158962198042,3.44158935546875,ok,20.9
pythia70m_s44,adam,musicpile,far,3.16e-06,3.5233909845818747,3.5516159483131364,3.7022630277211888,3.5273807660007663,0.024235182312370096,-0.17887204313931404,0.3321394943372161,1731.6158962198042,3.3860450983047485,ok,20.8
pythia70m_s44,adam,musicpile,far,5.62e-06,3.4701499416403574,3.5696246003451413,3.7022630277211888,3.5273807660007663,0.04224383434437495,-0.23211308608083137,0.5545532414703823,1731.6158962198042,3.3236618041992188,ok,20.8
pythia70m_s44,adam,musicpile,far,1e-05,3.419461752337252,3.5988127228798463,3.7022630277211888,3.5273807660007663,0.07143195687908,-0.2828012753839366,0.9043026714188491,1731.6158962198042,3.264630913734436,ok,20.9
pythia70m_s44,adam,musicpile,far,1.78e-05,3.3830966240272597,3.639568063844207,3.7022630277211888,3.5273807660007663,0.11218729784344061,-0.319166403693929,1.4053879532794618,1731.6158962198042,3.2165380716323853,ok,20.9
pythia70m_s44,adam,musicpile,far,3.16e-05,3.3591426319338806,3.686193988747793,3.7022630277211888,3.5273807660007663,0.15881322274702647,-0.34312039578730813,2.084898025622977,1731.6158962198042,3.1814191341400146,ok,20.9
pythia70m_s44,adam,musicpile,far,5.62e-05,3.3496409078400196,3.742808836546896,3.7022630277211888,3.5273807660007663,0.21542807054612956,-0.3526221198811692,3.032129125535716,1731.6158962198042,3.1580759286880493,ok,20.9
pythia70m_s44,adam,musicpile,far,0.0001,3.362722699189606,3.8237734680772992,3.7022630277211888,3.5273807660007663,0.2963927020765329,-0.3395403285315828,4.473104367556952,1731.6158962198042,3.1519625186920166,ok,20.8
pythia70m_s44,adam,musicpile,far,0.000178,3.4421638369326955,3.9624373478898796,3.7022630277211888,3.5273807660007663,0.4350565818891132,-0.2600991907884933,6.638122545606219,1731.6158962198042,3.211858630180359,ok,20.9
pythia70m_s44,adam,musicpile,far,0.000316,3.600906894631582,4.207377584946365,3.7022630277211888,3.5273807660007663,0.6799968189455989,-0.10135613308960689,10.176293494784309,1731.6158962198042,3.345497488975525,ok,20.9
pythia70m_s44,adam,musicpile,far,0.000562,3.7144185717558442,4.295277948248876,3.7022630277211888,3.5273807660007663,0.76789718224811,0.012155544034655463,17.652445140782365,1731.6158962198042,3.4927029609680176,ok,20.9
pythia70m_s44,adam,musicpile,far,0.001,4.16675981196872,4.7805902962581985,3.7022630277211888,3.5273807660007663,1.2532095302574322,0.46449678424753094,34.64320289377753,1731.6158962198042,3.8826833963394165,ok,20.8
pythia70m_s44,adam,musicpile,far,0.00178,6.91480594045262,7.750433173431576,3.7022630277211888,3.5273807660007663,4.22305240743081,3.2125429127314313,63.62830490253136,1731.6158962198042,6.650043249130249,ok,20.9
pythia70m_s44,adam,musicpile,far,0.00316,7.558183942522321,8.218601316388572,3.7022630277211888,3.5273807660007663,4.691220550387806,3.8559209148011324,112.06445050151052,1731.6158962198042,7.232372760772705,ok,20.8
pythia70m_s44,adam,musicpile,far,0.00562,12.071074304748654,12.483169555664062,3.7022630277211888,3.5273807660007663,8.955788789663297,8.368811277027465,203.51057760704768,1731.6158962198042,11.621958255767822,ok,21.0
pythia70m_s44,adam,musicpile,far,0.01,34.09714288580908,37.26426126439044,3.7022630277211888,3.5273807660007663,33.736880498389674,30.39487985808789,374.4218641051971,1731.6158962198042,34.15680694580078,ok,20.8
pythia70m_s44,muon_sam,stackmathqa,math,0.0,3.5138115630924354,3.516389600451445,3.5138115630924354,3.516389600451445,0.0,0.0,0.0,1744.467521441233,,base,8.5
pythia70m_s44,muon_sam,stackmathqa,math,1e-06,3.052731075398843,3.527756524879172,3.5138115630924354,3.516389600451445,0.011366924427726577,-0.46108048769359256,0.15773016384979868,1744.467521441233,3.1044719219207764,ok,36.2
pythia70m_s44,muon_sam,stackmathqa,math,1.78e-06,2.909365428170579,3.5448447897476227,3.5138115630924354,3.516389600451445,0.02845518929617752,-0.6044461349218562,0.2636304540088181,1744.467521441233,2.9387446641921997,ok,33.5
pythia70m_s44,muon_sam,stackmathqa,math,3.16e-06,2.781266430819338,3.5752452842876634,3.5138115630924354,3.516389600451445,0.0588556838362182,-0.7325451322730974,0.43361289883177545,1744.467521441233,2.7963013648986816,ok,31.1
pythia70m_s44,muon_sam,stackmathqa,math,5.62e-06,2.666271299298729,3.636504313250577,3.5138115630924354,3.516389600451445,0.12011471279913177,-0.8475402637937064,0.7184779868979649,1744.467521441233,2.6685577630996704,ok,36.3
pythia70m_s44,muon_sam,stackmathqa,math,1e-05,2.5708180332370465,3.748061066271041,3.5138115630924354,3.516389600451445,0.23167146581959575,-0.9429935298553889,1.180244619523358,1744.467521441233,2.5645262002944946,ok,35.0
pythia70m_s44,muon_sam,stackmathqa,math,1.78e-05,2.5086049044435503,3.914329902066643,3.5138115630924354,3.516389600451445,0.3979403016151979,-1.005206658648885,1.8593657287350047,1744.467521441233,2.4995206594467163,ok,30.0
pythia70m_s44,muon_sam,stackmathqa,math,3.16e-05,2.4754187402893186,4.104915182184566,3.5138115630924354,3.516389600451445,0.588525581733121,-1.0383928228031167,2.7175859719451423,1744.467521441233,2.4651753902435303,ok,33.2
pythia70m_s44,muon_sam,stackmathqa,math,5.62e-05,2.4627248834957114,4.291569110698663,3.5138115630924354,3.516389600451445,0.7751795102472174,-1.051086679596724,3.718559970777849,1744.467521441233,2.4520909786224365,ok,35.9
pythia70m_s44,muon_sam,stackmathqa,math,0.0001,2.4591715639118115,4.494432087280512,3.5138115630924354,3.516389600451445,0.9780424868290671,-1.054639999180624,4.999278507237726,1744.467521441233,2.4500768184661865,ok,32.3
pythia70m_s44,muon_sam,stackmathqa,math,0.000178,2.4728900364467075,4.727681990472305,3.5138115630924354,3.516389600451445,1.2112923900208594,-1.040921526645728,6.644119785218818,1744.467521441233,2.466935634613037,ok,30.7
pythia70m_s44,muon_sam,stackmathqa,math,0.000316,2.538496312329914,5.41197863017043,3.5138115630924354,3.516389600451445,1.8955890297189848,-0.9753152507625216,9.516972760372411,1744.467521441233,2.537341833114624,ok,36.3
pythia70m_s44,muon_sam,stackmathqa,math,0.000562,2.7085306126544153,7.058821653899848,3.5138115630924354,3.516389600451445,3.542432053448403,-0.8052809504380201,15.092759499686897,1744.467521441233,2.7233117818832397,ok,35.2
pythia70m_s44,muon_sam,stackmathqa,math,0.001,3.063973346568367,6.115691728088021,3.5138115630924354,3.516389600451445,2.5993021276365758,-0.4498382165240682,30.992515416016886,1744.467521441233,3.0910812616348267,ok,29.8
pythia70m_s44,muon_sam,stackmathqa,math,0.00178,4.6572831484203006,8.343143970765713,3.5138115630924354,3.516389600451445,4.8267543703142675,1.1434715853278652,56.68713093311404,1744.467521441233,4.727895498275757,ok,25.6
pythia70m_s44,muon_sam,stackmathqa,math,0.00316,6.1306859145192485,10.489509627310497,3.5138115630924354,3.516389600451445,6.973120026859052,2.616874351426813,100.08414636226651,1744.467521441233,6.251156330108643,ok,32.8
pythia70m_s44,muon_sam,stackmathqa,math,0.00562,10.079670825816414,15.244726177297693,3.5138115630924354,3.516389600451445,11.728336576846248,6.565859262723979,182.43599368978388,1744.467521441233,10.217336177825928,ok,35.2
pythia70m_s44,muon_sam,stackmathqa,math,0.01,23.382265393281404,36.74027134247722,3.5138115630924354,3.516389600451445,33.223881742025775,19.86845383018897,327.82070240108385,1744.467521441233,23.0414400100708,ok,30.0
pythia70m_s44,sgd,musicpile,far,0.0,3.614492054321528,3.6312716907717713,3.614492054321528,3.6312716907717713,0.0,0.0,0.0,1745.3622505409705,,base,7.4
pythia70m_s44,sgd,musicpile,far,1e-06,3.5415318259521005,3.6358424968682157,3.614492054321528,3.6312716907717713,0.004570806096444446,-0.0729602283694275,0.11012272053711761,1745.3622505409705,3.4136462211608887,ok,31.6
pythia70m_s44,sgd,musicpile,far,1.78e-06,3.511743056564182,3.6419828232020546,3.614492054321528,3.6312716907717713,0.010711132430283321,-0.10274899775734614,0.18895360952005516,1745.3622505409705,3.37899911403656,ok,31.3
pythia70m_s44,sgd,musicpile,far,3.16e-06,3.4775487074879985,3.6516349143011464,3.614492054321528,3.6312716907717713,0.02036322352937514,-0.1369433468335295,0.3222156351862547,1745.3622505409705,3.339579939842224,ok,31.3
pythia70m_s44,sgd,musicpile,far,5.62e-06,3.443703810062894,3.670424664790383,3.614492054321528,3.6312716907717713,0.03915297401861162,-0.17078824425863415,0.5382505649492813,1745.3622505409705,3.2985984086990356,ok,31.1
pythia70m_s44,sgd,musicpile,far,1e-05,3.41286314723543,3.702052073469367,3.614492054321528,3.6312716907717713,0.0707803826975959,-0.20162890708609815,0.884517672104826,1745.3622505409705,3.2614856958389282,ok,30.7
pythia70m_s44,sgd,musicpile,far,1.78e-05,3.3938895149007,3.7454742200220634,3.614492054321528,3.6312716907717713,0.11420252925029217,-0.22060253942082797,1.3784260997453877,1745.3622505409705,3.2322356700897217,ok,31.1
pythia70m_s44,sgd,musicpile,far,3.16e-05,3.379562079323248,3.7984046674754524,3.614492054321528,3.6312716907717713,0.1671329767036811,-0.23492997499828006,2.0696371022195397,1745.3622505409705,3.206448793411255,ok,30.9
pythia70m_s44,sgd,musicpile,far,5.62e-05,3.3791351094404547,3.861877986363002,3.614492054321528,3.6312716907717713,0.23060629559123091,-0.23535694488107328,3.0242948938806564,1745.3622505409705,3.19056499004364,ok,31.0
pythia70m_s44,sgd,musicpile,far,0.0001,3.4009841575547908,3.951730086145569,3.614492054321528,3.6312716907717713,0.3204583953737976,-0.2135078967667372,4.51792107711044,1745.3622505409705,3.1998395919799805,ok,31.0
pythia70m_s44,sgd,musicpile,far,0.000178,3.4855789065127736,4.1057900617267284,3.614492054321528,3.6312716907717713,0.4745183709549572,-0.1289131478087544,6.814621308487703,1745.3622505409705,3.2545300722122192,ok,30.9
pythia70m_s44,sgd,musicpile,far,0.000316,3.6546505817928425,4.386989227712971,3.614492054321528,3.6312716907717713,0.7557175369411997,0.04015852747131454,10.59553026772705,1745.3622505409705,3.391631245613098,ok,31.2
pythia70m_s44,sgd,musicpile,far,0.000562,3.9933605007462774,4.885892797122962,3.614492054321528,3.6312716907717713,1.2546211063511912,0.37886844642474937,17.20813862077535,1745.3622505409705,3.6901373863220215,ok,30.5
pythia70m_s44,sgd,musicpile,far,0.001,4.7248765381814914,5.18903176891827,3.614492054321528,3.6312716907717713,1.557760078146499,1.1103844838599635,34.53800871751753,1745.3622505409705,4.437000513076782,ok,30.5
pythia70m_s44,sgd,musicpile,far,0.00178,6.743294837190214,7.375403738301794,3.614492054321528,3.6312716907717713,3.744132047530023,3.1288027828686857,62.45371326152066,1745.3622505409705,6.4632408618927,ok,30.4
pythia70m_s44,sgd,musicpile,far,0.00316,7.835277639489818,8.508073780634632,3.614492054321528,3.6312716907717713,4.876802089862861,4.22078558516829,115.56965772707233,1745.3622505409705,7.560780048370361,ok,31.5
pythia70m_s44,sgd,musicpile,far,0.00562,14.640602873262827,14.918607857362632,3.614492054321528,3.6312716907717713,11.287336166590862,11.026110818941298,212.2003986981083,1745.3622505409705,14.421597003936768,ok,31.4
pythia70m_s44,sgd,musicpile,far,0.01,42.99427463957009,45.828356479711964,3.614492054321528,3.6312716907717713,42.197084788940195,39.379782585248556,381.98173015872703,1745.3622505409705,41.59042549133301,ok,31.5
pythia70m_s44,sam,musicpile,far,0.0,3.6152739104926,3.6324881723482316,3.6152739104926,3.6324881723482316,0.0,0.0,0.0,1745.362708341052,,base,5.5
pythia70m_s44,sam,musicpile,far,1e-06,3.5422623516762095,3.637103739549969,3.6152739104926,3.6324881723482316,0.004615567201737392,-0.07301155881639065,0.11002277614128302,1745.362708341052,3.4142483472824097,ok,21.0
pythia70m_s44,sam,musicpile,far,1.78e-06,3.5120780481984237,3.643206213785011,3.6152739104926,3.6324881723482316,0.010718041436779568,-0.10319586229417643,0.18938775820759304,1745.362708341052,3.379736065864563,ok,20.9
pythia70m_s44,sam,musicpile,far,3.16e-06,3.4778823106022965,3.653264928470619,3.6152739104926,3.6324881723482316,0.020776756122387496,-0.1373915998903037,0.32212227151473194,1745.362708341052,3.3404957056045532,ok,20.9
pythia70m_s44,sam,musicpile,far,5.62e-06,3.4430197549659445,3.6715216701977873,3.6152739104926,3.6324881723482316,0.039033497849555676,-0.17225415552665568,0.5411862939964047,1745.362708341052,3.2996479272842407,ok,20.9
pythia70m_s44,sam,musicpile,far,1e-05,3.413151966848952,3.703143069422175,3.6152739104926,3.6324881723482316,0.07065489707394335,-0.2021219436436481,0.882994708032355,1745.362708341052,3.2622398138046265,ok,20.9
pythia70m_s44,sam,musicpile,far,1.78e-05,3.3926168094642475,3.7469120996105696,3.6152739104926,3.6324881723482316,0.11442392726233797,-0.22265710102835268,1.3832082849329277,1745.362708341052,3.230593681335449,ok,20.9
pythia70m_s44,sam,musicpile,far,3.16e-05,3.380008331716877,3.8002701328225332,3.6152739104926,3.6324881723482316,0.1677819604743016,-0.23526557877572296,2.061575286288172,1745.362708341052,3.2070144414901733,ok,20.8
pythia70m_s44,sam,musicpile,far,5.62e-05,3.3754772328117357,3.862664101408419,3.6152739104926,3.6324881723482316,0.23017592906018747,-0.23979667768086443,3.04594738102864,1745.362708341052,3.188740611076355,ok,20.9
pythia70m_s44,sam,musicpile,far,0.0001,3.3984675472729826,3.951308860704157,3.6152739104926,3.6324881723482316,0.31882068835592525,-0.21680636321961755,4.536369910654002,1745.362708341052,3.1950961351394653,ok,20.9
pythia70m_s44,sam,musicpile,far,0.000178,3.4830594669349506,4.1106799026758,3.6152739104926,3.6324881723482316,0.47819173032756845,-0.13221444355764955,6.822119871984835,1745.362708341052,3.25654935836792,ok,20.9
pythia70m_s44,sam,musicpile,far,0.000316,3.6535056948428517,4.374505209129617,3.6152739104926,3.6324881723482316,0.7420170367813852,0.03823178435025154,10.553532228355921,1745.362708341052,3.388097882270813,ok,20.9
pythia70m_s44,sam,musicpile,far,0.000562,4.104848111445657,4.844179814109131,3.6152739104926,3.6324881723482316,1.2116916417608992,0.4895742009530566,17.59315527029253,1745.362708341052,3.8305028676986694,ok,20.8
pythia70m_s44,sam,musicpile,far,0.001,5.096638046832001,5.580765748443902,3.6152739104926,3.6324881723482316,1.9482775760956703,1.4813641363394008,35.07959663203002,1745.362708341052,4.784728050231934,ok,20.8
pythia70m_s44,sam,musicpile,far,0.00178,6.401573778365223,7.093679446763488,3.6152739104926,3.6324881723482316,3.4611912744152566,2.7862998678726227,62.65113073390151,1745.362708341052,6.105692148208618,ok,20.9
pythia70m_s44,sam,musicpile,far,0.00316,8.04636181497294,8.661620242721646,3.6152739104926,3.6324881723482316,5.029132070373414,4.431087904480339,116.80417769541324,1745.362708341052,7.7407331466674805,ok,20.9
pythia70m_s44,sam,musicpile,far,0.00562,13.325379134624205,13.645695964417579,3.6152739104926,3.6324881723482316,10.013207792069347,9.710105224131604,211.76967270694615,1745.362708341052,12.844711303710938,ok,21.0
pythia70m_s44,sam,musicpile,far,0.01,25.92800974985858,28.586805548919855,3.6152739104926,3.6324881723482316,24.954317376571623,22.31273583936598,379.20573168910244,1745.362708341052,25.85721206665039,ok,20.9
pythia70m_s44,fsam,musicpile,far,0.0,3.6145010125147152,3.632438738052159,3.6145010125147152,3.632438738052159,0.0,0.0,0.0,1745.362489609106,,base,5.5
pythia70m_s44,fsam,musicpile,far,1e-06,3.541797869359444,3.637368129424153,3.6145010125147152,3.632438738052159,0.004929391371994107,-0.07270314315527138,0.1102650509056501,1745.362489609106,3.4147645235061646,ok,21.1
pythia70m_s44,fsam,musicpile,far,1.78e-06,3.5119949684217717,3.6435285631691174,3.6145010125147152,3.632438738052159,0.01108982511695844,-0.1025060440929435,0.18976958218324003,1745.362489609106,3.3800532817840576,ok,20.9
pythia70m_s44,fsam,musicpile,far,3.16e-06,3.4778068602201757,3.6533052888635087,3.6145010125147152,3.632438738052159,0.020866550811349693,-0.13669415229453952,0.3223038775776745,1745.362489609106,3.3412848711013794,ok,20.8
pythia70m_s44,fsam,musicpile,far,5.62e-06,3.443776550591575,3.671382605446295,3.6145010125147152,3.632438738052159,0.0389438673941358,-0.17072446192314006,0.5391435171857473,1745.362489609106,3.3010454177856445,ok,20.8
pythia70m_s44,fsam,musicpile,far,1e-05,3.4130908122501262,3.7027469567823315,3.6145010125147152,3.632438738052159,0.07030821873017246,-0.201410200264589,0.883315096480295,1745.362489609106,3.2644259929656982,ok,20.9
pythia70m_s44,fsam,musicpile,far,1.78e-05,3.393150650591766,3.7477315951233505,3.6145010125147152,3.632438738052159,0.11529285707119152,-0.2213503619229491,1.3778004404293114,1745.362489609106,3.2308789491653442,ok,20.8
pythia70m_s44,fsam,musicpile,far,3.16e-05,3.380255525592722,3.798234256512965,3.6145010125147152,3.632438738052159,0.16579551846080598,-0.23424548692199343,2.0653531951371105,1745.362489609106,3.208248019218445,ok,20.6
pythia70m_s44,fsam,musicpile,far,5.62e-05,3.376891156698626,3.8637258675233723,3.6145010125147152,3.632438738052159,0.23128712947121333,-0.23760985581608907,3.041064267091835,1745.362489609106,3.1911944150924683,ok,20.8
pythia70m_s44,fsam,musicpile,far,0.0001,3.4006434774678747,3.9529588217837937,3.6145010125147152,3.632438738052159,0.32052008373163465,-0.21385753504684057,4.545164727940817,1745.362489609106,3.195648670196533,ok,20.9
pythia70m_s44,fsam,musicpile,far,0.000178,3.474580014521828,4.108215369357055,3.6145010125147152,3.632438738052159,0.47577663130489567,-0.13992099799288704,6.866434920299399,1745.362489609106,3.2458385229110718,ok,20.9
pythia70m_s44,fsam,musicpile,far,0.000316,3.641655348984929,4.368538298485563,3.6145010125147152,3.632438738052159,0.7360995604334044,0.027154336470213813,10.655972876485322,1745.362489609106,3.3858842849731445,ok,20.9
pythia70m_s44,fsam,musicpile,far,0.000562,3.9911992022669245,4.780502304405616,3.6145010125147152,3.632438738052159,1.1480635663534566,0.37669818975220926,17.38975198024375,1745.362489609106,3.7170664072036743,ok,20.9
pythia70m_s44,fsam,musicpile,far,0.001,4.744155615043267,5.251118938050391,3.6145010125147152,3.632438738052159,1.618680199998232,1.1296546025285519,35.08858772438571,1745.362489609106,4.453660726547241,ok,20.9
pythia70m_s44,fsam,musicpile,far,0.00178,6.501207818257132,7.197268961926962,3.6145010125147152,3.632438738052159,3.5648302238748033,2.886706805742417,62.64722647919414,1745.362489609106,6.200639486312866,ok,20.9
pythia70m_s44,fsam,musicpile,far,0.00316,7.873205181203943,8.598290012307363,3.6145010125147152,3.632438738052159,4.965851274255204,4.258704168689228,117.41862079786785,1745.362489609106,7.62246036529541,ok,20.9
pythia70m_s44,fsam,musicpile,far,0.00562,14.133568332619863,15.009816119348933,3.6145010125147152,3.632438738052159,11.377377381296775,10.519067320105147,214.70088088315612,1745.362489609106,13.812682151794434,ok,21.1
pythia70m_s44,fsam,musicpile,far,0.01,28.113510101975294,32.47563434160386,3.6145010125147152,3.632438738052159,28.8431956035517,24.49900908946058,378.70639989478593,1745.362489609106,27.16105842590332,ok,20.8
pythia70m_s44,muon_sam,musicpile,far,0.0,3.7482089361799207,3.516389600451445,3.7482089361799207,3.516389600451445,0.0,0.0,0.0,1744.467521441233,,base,5.5
pythia70m_s44,muon_sam,musicpile,far,1e-06,3.655282783881559,3.5216247461546657,3.7482089361799207,3.516389600451445,0.0052351457032204785,-0.09292615229836176,0.11616950598766156,1744.467521441233,3.5327517986297607,ok,21.1
pythia70m_s44,muon_sam,musicpile,far,1.78e-06,3.614115026365754,3.5289056968315706,3.7482089361799207,3.516389600451445,0.012516096380125408,-0.1340939098141667,0.1990212200620149,1744.467521441233,3.484126329421997,ok,20.9
pythia70m_s44,muon_sam,musicpile,far,3.16e-06,3.564964130200052,3.5403192337245155,3.7482089361799207,3.516389600451445,0.023929633273070294,-0.1832448059798688,0.3364788556489136,1744.467521441233,3.42728328704834,ok,20.9
pythia70m_s44,muon_sam,musicpile,far,5.62e-06,3.5087886892419506,3.5588670570089858,3.7482089361799207,3.516389600451445,0.04247745655754054,-0.23942024693797004,0.5612989687769017,1744.467521441233,3.3622535467147827,ok,20.9
pythia70m_s44,muon_sam,musicpile,far,1e-05,3.4526257524285064,3.5891774358581423,3.7482089361799207,3.516389600451445,0.07278783540669709,-0.29558318375141424,0.9165206592397201,1744.467521441233,3.2940096855163574,ok,20.8
pythia70m_s44,muon_sam,musicpile,far,1.78e-05,3.4109792018823195,3.630225250632329,3.7482089361799207,3.516389600451445,0.11383565018088371,-0.33722973429760117,1.4242606784595309,1744.467521441233,3.2418545484542847,ok,20.9
pythia70m_s44,muon_sam,musicpile,far,3.16e-05,3.381755881113549,3.6759035517324907,3.7482089361799207,3.516389600451445,0.1595139512810455,-0.3664530550663718,2.0913480976685945,1744.467521441233,3.2007856369018555,ok,20.8
pythia70m_s44,muon_sam,musicpile,far,5.62e-05,3.3664461572576174,3.7335675383267337,3.7482089361799207,3.516389600451445,0.2171779378752885,-0.38176277892230326,3.068283287621021,1744.467521441233,3.1742531061172485,ok,20.9
pythia70m_s44,muon_sam,musicpile,far,0.0001,3.3751885251756284,3.808791393869777,3.7482089361799207,3.516389600451445,0.29240179341833183,-0.3730204110042923,4.494163660404258,1744.467521441233,3.166828989982605,ok,20.8
pythia70m_s44,muon_sam,musicpile,far,0.000178,3.448282708393851,3.9497356601423945,3.7482089361799207,3.516389600451445,0.4333460596909493,-0.2999262277860697,6.723427672362242,1744.467521441233,3.217091202735901,ok,20.9
pythia70m_s44,muon_sam,musicpile,far,0.000316,3.572821256932447,4.169115320343794,3.7482089361799207,3.516389600451445,0.6527257198923486,-0.17538767924747356,10.184157905727936,1744.467521441233,3.3147681951522827,ok,20.9
pythia70m_s44,muon_sam,musicpile,far,0.000562,3.7733434837624986,4.319603040960204,3.7482089361799207,3.516389600451445,0.8032134405087588,0.025134547582577937,17.20400783779613,1744.467521441233,3.523101329803467,ok,20.9
pythia70m_s44,muon_sam,musicpile,far,0.001,4.884276029881666,5.33688637421789,3.7482089361799207,3.516389600451445,1.820496773766445,1.1360670937017452,35.404772549942244,1744.467521441233,4.578387498855591,ok,20.9
pythia70m_s44,muon_sam,musicpile,far,0.00178,6.463962846072919,7.160638409817989,3.7482089361799207,3.516389600451445,3.6442488093665437,2.715753909892998,61.85217171846054,1744.467521441233,6.179363012313843,ok,20.9
pythia70m_s44,muon_sam,musicpile,far,0.00316,7.757733234920614,8.407610824196773,3.7482089361799207,3.516389600451445,4.891221223745328,4.009524298740693,113.77184908417254,1744.467521441233,7.448622941970825,ok,20.9
pythia70m_s44,muon_sam,musicpile,far,0.00562,15.421819190456443,15.363329863128364,3.7482089361799207,3.516389600451445,11.846940262676918,11.673610254276522,214.03300020608856,1744.467521441233,15.236487865447998,ok,21.1
pythia70m_s44,muon_sam,musicpile,far,0.01,27.007957383844484,29.410286293104438,3.7482089361799207,3.516389600451445,25.893896692652994,23.259748447664563,375.3569375740154,1744.467521441233,26.90299415588379,ok,20.7
pythia70m_s44,fsam_ortho_muon,musicpile,far,0.0,3.7480820359082605,3.5154415100754592,3.7480820359082605,3.5154415100754592,0.0,0.0,0.0,1744.380992051456,,base,5.5
pythia70m_s44,fsam_ortho_muon,musicpile,far,1e-06,3.656668735810222,3.5213742638754053,3.7480820359082605,3.5154415100754592,0.005932753799946067,-0.09141330009803861,0.1155665527931877,1744.380992051456,3.533608913421631,ok,21.0
pythia70m_s44,fsam_ortho_muon,musicpile,far,1.78e-06,3.6158208156518508,3.5287073176434363,3.7480820359082605,3.5154415100754592,0.013265807567977017,-0.13226122025640974,0.1983494701511986,1744.380992051456,3.485628128051758,ok,20.9
pythia70m_s44,fsam_ortho_muon,musicpile,far,3.16e-06,3.5670788236793474,3.5398679871381846,3.7480820359082605,3.5154415100754592,0.024426477062725382,-0.18100321222891314,0.3355407324880034,1744.380992051456,3.42958664894104,ok,20.8
pythia70m_s44,fsam_ortho_muon,musicpile,far,5.62e-06,3.5115374361698874,3.558506392686101,3.7480820359082605,3.5154415100754592,0.043064882610641675,-0.23654459973837305,0.5600190484145007,1744.380992051456,3.3657597303390503,ok,20.9
pythia70m_s44,fsam_ortho_muon,musicpile,far,1e-05,3.455347796475584,3.588741089733146,3.7480820359082605,3.5154415100754592,0.07329957965768674,-0.2927342394326766,0.913966558816348,1744.380992051456,3.297976851463318,ok,20.8
pythia70m_s44,fsam_ortho_muon,musicpile,far,1.78e-05,3.412718233530302,3.6298731152558745,3.7480820359082605,3.5154415100754592,0.11443160518041529,-0.3353638023779584,1.4225208265519216,1744.380992051456,3.2433252334594727,ok,20.9
pythia70m_s44,fsam_ortho_muon,musicpile,far,3.16e-05,3.3826581204707376,3.676642274203366,3.7480820359082605,3.5154415100754592,0.16120076412790674,-0.36542391543752295,2.101842868361208,1744.380992051456,3.201650619506836,ok,20.9
pythia70m_s44,fsam_ortho_muon,musicpile,far,5.62e-05,3.366646163850848,3.7338005185360545,3.7480820359082605,3.5154415100754592,0.2183590084605953,-0.3814358720574127,3.0757493834907383,1744.380992051456,3.174501895904541,ok,20.9
pythia70m_s44,fsam_ortho_muon,musicpile,far,0.0001,3.3832527504041936,3.8100088645800687,3.7480820359082605,3.5154415100754592,0.29456735450460947,-0.3648292855040669,4.45428316242738,1744.380992051456,3.173835277557373,ok,20.9
pythia70m_s44,fsam_ortho_muon,musicpile,far,0.000178,3.4502773396889523,3.948386907110942,3.7480820359082605,3.5154415100754592,0.43294539703548285,-0.29780469621930816,6.725264981182149,1744.380992051456,3.221045970916748,ok,20.9
pythia70m_s44,fsam_ortho_muon,musicpile,far,0.000316,3.594305079510534,4.193639437979681,3.7480820359082605,3.5154415100754592,0.6781979279042218,-0.15377695639772648,10.266568516778193,1744.380992051456,3.3257116079330444,ok,20.9
pythia70m_s44,fsam_ortho_muon,musicpile,far,0.000562,3.7935452619877346,4.482618746225614,3.7480820359082605,3.5154415100754592,0.9671772361501549,0.04546322607947406,16.76872534844094,1744.380992051456,3.5189236402511597,ok,20.9
pythia70m_s44,fsam_ortho_muon,musicpile,far,0.001,5.022224829388224,5.502182611513978,3.7480820359082605,3.5154415100754592,1.9867411014385183,1.2741427934799638,35.09921691213006,1744.380992051456,4.700633525848389,ok,20.9
pythia70m_s44,fsam_ortho_muon,musicpile,far,0.00178,6.13452570965612,6.852896927387514,3.7480820359082605,3.5154415100754592,3.3374554173120545,2.386443673747859,63.03840341145441,1744.380992051456,5.848982334136963,ok,20.9
pythia70m_s44,fsam_ortho_muon,musicpile,far,0.00316,7.833699474595997,8.567550494946145,3.7480820359082605,3.5154415100754592,5.052108984870686,4.085617438687737,112.61154972851003,1744.380992051456,7.553514242172241,ok,20.9
pythia70m_s44,fsam_ortho_muon,musicpile,far,0.00562,13.958270018814595,13.719864817281525,3.7480820359082605,3.5154415100754592,10.204423307206067,10.210187982906334,208.7184980519515,1744.380992051456,13.516124725341797,ok,21.1
pythia70m_s44,fsam_ortho_muon,musicpile,far,0.01,29.377831923751682,30.918503703436507,3.7480820359082605,3.5154415100754592,27.40306219336105,25.62974988784342,382.2656488337101,1744.380992051456,29.244937896728516,ok,20.9
pythia70m_s44,muon,musicpile,far,0.0,3.7470942458061325,3.514651990916631,3.7470942458061325,3.514651990916631,0.0,0.0,0.0,1744.4680895179094,,base,9.0
pythia70m_s44,muon,musicpile,far,1e-06,3.6554428220028514,3.5215024630850773,3.7470942458061325,3.514651990916631,0.006850472168446142,-0.09165142380328106,0.11492261529885762,1744.4680895179094,3.531739592552185,ok,37.3
pythia70m_s44,muon,musicpile,far,1.78e-06,3.6147602551603972,3.5287959179066397,3.7470942458061325,3.514651990916631,0.014143926990008548,-0.13233399064573526,0.19723276384139912,1744.4680895179094,3.4845293760299683,ok,37.4
pythia70m_s44,muon,musicpile,far,3.16e-06,3.566507925492677,3.5399952009466062,3.7470942458061325,3.514651990916631,0.025343210029975083,-0.18058632031345567,0.33302377031174313,1744.4680895179094,3.429464817047119,ok,34.6
pythia70m_s44,muon,musicpile,far,5.62e-06,3.510901143172949,3.5586533294498572,3.7470942458061325,3.514651990916631,0.044001338533226075,-0.23619310263318338,0.5561682624195405,1744.4680895179094,3.365796208381653,ok,29.9
pythia70m_s44,muon,musicpile,far,1e-05,3.4548363806916775,3.5884716086191673,3.7470942458061325,3.514651990916631,0.07381961770253609,-0.29225786511445495,0.9062333252969333,1744.4680895179094,3.298890709877014,ok,29.8
pythia70m_s44,muon,musicpile,far,1.78e-05,3.4127895780738786,3.6290450273427943,3.7470942458061325,3.514651990916631,0.11439303642616316,-0.33430466773225387,1.4091698762359244,1744.4680895179094,3.2458194494247437,ok,29.6
pythia70m_s44,muon,musicpile,far,3.16e-05,3.3829185799376607,3.675324986825484,3.7470942458061325,3.514651990916631,0.16067299590885264,-0.36417566586847183,2.079971057646807,1744.4680895179094,3.204299569129944,ok,29.7
pythia70m_s44,muon,musicpile,far,5.62e-05,3.3693787487052425,3.7309470465971764,3.7470942458061325,3.514651990916631,0.2162950556805452,-0.37771549710089003,3.0322768600877144,1744.4680895179094,3.179524540901184,ok,29.8
pythia70m_s44,muon,musicpile,far,0.0001,3.3806433033803205,3.809038236883055,3.7470942458061325,3.514651990916631,0.29438624596642393,-0.366450942425812,4.451620766450919,1744.4680895179094,3.1731139421463013,ok,29.8
pythia70m_s44,muon,musicpile,far,0.000178,3.4553108588590082,3.948374787422076,3.7470942458061325,3.514651990916631,0.43372279650544465,-0.29178338694712425,6.619754294553927,1744.4680895179094,3.2202463150024414,ok,29.8
pythia70m_s44,muon,musicpile,far,0.000316,3.5832082520725677,4.166100306053684,3.7470942458061325,3.514651990916631,0.6514483151370527,-0.16388599373356483,10.127024753153158,1744.4680895179094,3.320022463798523,ok,33.6
pythia70m_s44,muon,musicpile,far,0.000562,3.908146367380997,4.5387709481375555,3.7470942458061325,3.514651990916631,1.0241189572209244,0.1610521215748646,17.314379959767432,1744.4680895179094,3.6362719535827637,ok,37.5
pythia70m_s44,muon,musicpile,far,0.001,4.344952428410898,4.8852007841643985,3.7470942458061325,3.514651990916631,1.3705487932477673,0.5978581826047655,35.20765839173647,1744.4680895179094,4.071532964706421,ok,37.4
pythia70m_s44,muon,musicpile,far,0.00178,6.529216325912923,7.254040458664269,3.7470942458061325,3.514651990916631,3.739388467747638,2.7821220801067907,61.781269083553155,1744.4680895179094,6.2370851039886475,ok,37.4
pythia70m_s44,muon,musicpile,far,0.00316,7.325184099828194,8.026494080306499,3.7470942458061325,3.514651990916631,4.511842089389868,3.5780898540220614,113.97607713528403,1744.4680895179094,7.022213459014893,ok,37.3
pythia70m_s44,muon,musicpile,far,0.00562,11.988061356217894,12.75009831617023,3.7470942458061325,3.514651990916631,9.2354463252536,8.240967110411763,203.52999724228516,1744.4680895179094,11.432151317596436,ok,37.6
pythia70m_s44,muon,musicpile,far,0.01,22.55278734778238,21.760689334160194,3.7470942458061325,3.514651990916631,18.246037343243565,18.80569310197625,371.6528947591824,1744.4680895179094,22.7568359375,ok,37.4
pythia70m_s44,fsam_ortho_muon_stale_momentum,musicpile,far,0.0,3.7441402368116283,3.5170139491908006,3.7441402368116283,3.5170139491908006,0.0,0.0,0.0,1744.414128078862,,base,8.5
pythia70m_s44,fsam_ortho_muon_stale_momentum,musicpile,far,1e-06,3.65223593814499,3.522585512374012,3.7441402368116283,3.5170139491908006,0.005571563183211392,-0.09190429866663852,0.11561090699327733,1744.414128078862,3.5285556316375732,ok,32.9
pythia70m_s44,fsam_ortho_muon_stale_momentum,musicpile,far,1.78e-06,3.6114155345700256,3.5298914414795877,3.7441402368116283,3.5170139491908006,0.012877492288787096,-0.1327247022416027,0.19836124053896073,1744.414128078862,3.4809274673461914,ok,30.4
pythia70m_s44,fsam_ortho_muon_stale_momentum,musicpile,far,3.16e-06,3.5629346888592566,3.5411680971806296,3.7441402368116283,3.5170139491908006,0.024154147989829067,-0.18120554795237176,0.33513527871489524,1744.414128078862,3.4255871772766113,ok,35.2
pythia70m_s44,fsam_ortho_muon_stale_momentum,musicpile,far,5.62e-06,3.5074679454945303,3.559474067911943,3.7441402368116283,3.5170139491908006,0.042460118721142415,-0.236672291317098,0.5589899467360291,1744.414128078862,3.361021041870117,ok,32.9
pythia70m_s44,fsam_ortho_muon_stale_momentum,musicpile,far,1e-05,3.452634068617849,3.5895284999839947,3.7441402368116283,3.5170139491908006,0.07251455079319413,-0.2915061681937794,0.9110784376396988,1744.414128078862,3.294282555580139,ok,30.5
pythia70m_s44,fsam_ortho_muon_stale_momentum,musicpile,far,1.78e-05,3.411843831758443,3.6305837612562684,3.7441402368116283,3.5170139491908006,0.11356981206546779,-0.33229640505318514,1.4170517071374038,1744.414128078862,3.2420642375946045,ok,34.4
pythia70m_s44,fsam_ortho_muon_stale_momentum,musicpile,far,3.16e-05,3.382440130304684,3.677149065320039,3.7441402368116283,3.5170139491908006,0.16013511612923859,-0.3617001065069445,2.0925280037467338,1744.414128078862,3.200520634651184,ok,33.3
pythia70m_s44,fsam_ortho_muon_stale_momentum,musicpile,far,5.62e-05,3.368047165544066,3.733328809943451,3.7441402368116283,3.5170139491908006,0.2163148607526506,-0.37609307126756253,3.044406033027367,1744.414128078862,3.175440549850464,ok,30.0
pythia70m_s44,fsam_ortho_muon_stale_momentum,musicpile,far,0.0001,3.380879314445003,3.8132261026162224,3.7441402368116283,3.5170139491908006,0.29621215342542184,-0.3632609223666252,4.473389132638573,1744.414128078862,3.1703696250915527,ok,34.7
pythia70m_s44,fsam_ortho_muon_stale_momentum,musicpile,far,0.000178,3.453905139184045,3.954434463889165,3.7441402368116283,3.5170139491908006,0.4374205146983643,-0.29023509762758337,6.671498805238313,1744.414128078862,3.2243919372558594,ok,34.5
pythia70m_s44,fsam_ortho_muon_stale_momentum,musicpile,far,0.000316,3.5819550531017805,4.176751422322193,3.7441402368116283,3.5170139491908006,0.6597374731313921,-0.1621851837098478,10.220146440962997,1744.414128078862,3.3186241388320923,ok,29.8
pythia70m_s44,fsam_ortho_muon_stale_momentum,musicpile,far,0.000562,3.7406605162499234,4.27113476658054,3.7441402368116283,3.5170139491908006,0.7541208173897398,-0.00347972056170498,17.445223200352228,1744.414128078862,3.4852771759033203,ok,24.9
pythia70m_s44,fsam_ortho_muon_stale_momentum,musicpile,far,0.001,5.614232505604246,6.211594195281923,3.7441402368116283,3.5170139491908006,2.6945802460911223,1.8700922687926176,35.23188280613826,1744.414128078862,5.328448295593262,ok,33.3
pythia70m_s44,fsam_ortho_muon_stale_momentum,musicpile,far,0.00178,6.42580425762617,7.180051486319525,3.7441402368116283,3.5170139491908006,3.6630375371287243,2.6816640208145412,61.87272475552619,1744.414128078862,6.140524387359619,ok,34.0
pythia70m_s44,fsam_ortho_muon_stale_momentum,musicpile,far,0.00316,7.082623640385159,7.825387159672268,3.7441402368116283,3.5170139491908006,4.308373210481468,3.3384834035735307,112.40747310599293,1744.414128078862,6.7640674114227295,ok,31.7
pythia70m_s44,fsam_ortho_muon_stale_momentum,musicpile,far,0.00562,15.437300232291921,15.340457804282352,3.7441402368116283,3.5170139491908006,11.82344385509155,11.693159995480293,205.271854592925,1744.414128078862,15.055670738220215,ok,35.2
pythia70m_s44,fsam_ortho_muon_stale_momentum,musicpile,far,0.01,25.726054092675973,26.461838753955938,3.7441402368116283,3.5170139491908006,22.944824804765137,21.981913855864345,377.25983536038575,1744.414128078862,25.39901065826416,ok,31.1
pythia70m_s44,sgd,tulu3,near,0.0,2.746168431470539,3.6312716907717713,2.746168431470539,3.6312716907717713,0.0,0.0,0.0,1745.3622505409705,,base,5.5
pythia70m_s44,sgd,tulu3,near,1e-06,2.6334017176917386,3.6438262178006706,2.746168431470539,3.6312716907717713,0.012554527028899365,-0.11276671377880021,0.1208608230512199,1745.3622505409705,2.5950088500976562,ok,21.0
pythia70m_s44,sgd,tulu3,near,1.78e-06,2.598732151397287,3.6556907586622143,2.746168431470539,3.6312716907717713,0.024419067890443014,-0.1474362800732516,0.20359473816344584,1745.3622505409705,2.557976245880127,ok,20.8
pythia70m_s44,sgd,tulu3,near,3.16e-06,2.561965360100255,3.672459178708071,2.746168431470539,3.6312716907717713,0.04118748793629967,-0.18420307137028358,0.3415347824023452,1745.3622505409705,2.518742561340332,ok,20.9
pythia70m_s44,sgd,tulu3,near,5.62e-06,2.5258393931528826,3.7006462082237648,2.746168431470539,3.6312716907717713,0.06937451745199352,-0.22032903831765616,0.5719536553371202,1745.3622505409705,2.4792038202285767,ok,20.8
pythia70m_s44,sgd,tulu3,near,1e-05,2.4991693067457343,3.7484037619514243,2.746168431470539,3.6312716907717713,0.11713207117965307,-0.24699912472480445,0.9250630429794133,1745.3622505409705,2.4463160037994385,ok,20.9
pythia70m_s44,sgd,tulu3,near,1.78e-05,2.4788068409301998,3.813562318536867,2.746168431470539,3.6312716907717713,0.18229062776509553,-0.26736159054033903,1.4491257268274085,1745.3622505409705,2.4192018508911133,ok,20.8
pythia70m_s44,sgd,tulu3,near,3.16e-05,2.468105450535007,3.8863385680137084,2.746168431470539,3.6312716907717713,0.2550668772419371,-0.2780629809355317,2.1466467703797893,1745.3622505409705,2.404025077819824,ok,20.9
pythia70m_s44,sgd,tulu3,near,5.62e-05,2.4655048795875505,3.9843419965232654,2.746168431470539,3.6312716907717713,0.3530703057514941,-0.2806635518829883,3.164070964691456,1745.3622505409705,2.392961025238037,ok,20.9
pythia70m_s44,sgd,tulu3,near,0.0001,2.4816073288889546,4.108981500166503,2.746168431470539,3.6312716907717713,0.4777098093947316,-0.26456110258158416,4.66678918804939,1745.3622505409705,2.403088092803955,ok,20.8
pythia70m_s44,sgd,tulu3,near,0.000178,2.581451960972377,4.390907966927307,2.746168431470539,3.6312716907717713,0.7596362761555353,-0.16471647049816163,7.1480000115100015,1745.3622505409705,2.4919570684432983,ok,20.9
pythia70m_s44,sgd,tulu3,near,0.000316,2.7837936565600727,4.764688980789334,2.746168431470539,3.6312716907717713,1.1334172900175625,0.03762522508953392,10.889560601844865,1745.3622505409705,2.6401782035827637,ok,20.9
pythia70m_s44,sgd,tulu3,near,0.000562,2.9194069655207504,4.814107965816491,2.746168431470539,3.6312716907717713,1.1828362750447194,0.1732385340502116,17.6557296536869,1745.3622505409705,2.8147000074386597,ok,20.8
pythia70m_s44,sgd,tulu3,near,0.001,3.328035418068126,5.225062980577204,2.746168431470539,3.6312716907717713,1.5937912898054325,0.5818669865975874,34.05703048308375,1745.3622505409705,3.2463093996047974,ok,20.8
pythia70m_s44,sgd,tulu3,near,0.00178,5.40086284122355,7.143156966117964,2.746168431470539,3.6312716907717713,3.5118852753461924,2.6546944097530116,62.34233928071164,1745.3622505409705,5.332236289978027,ok,20.9
pythia70m_s44,sgd,tulu3,near,0.00316,6.823233856380336,8.347380307789185,2.746168431470539,3.6312716907717713,4.716108617017414,4.077065424909797,110.54059689905512,1745.3622505409705,6.784298419952393,ok,20.9
pythia70m_s44,sgd,tulu3,near,0.00562,12.308936221725553,14.655135914304251,2.746168431470539,3.6312716907717713,11.023864223532481,9.562767790255014,203.4303285931535,1745.3622505409705,12.459743976593018,ok,21.0
pythia70m_s44,sgd,tulu3,near,0.01,29.824033793171324,32.31952838935031,2.746168431470539,3.6312716907717713,28.688256698578538,27.077865361700784,376.2150679945301,1745.3622505409705,29.990273475646973,ok,20.8
pythia70m_s44,adam,tulu3,near,0.0,3.0862656460816145,3.5273807660007663,3.0862656460816145,3.5273807660007663,0.0,0.0,0.0,1731.6158962198042,,base,5.5
pythia70m_s44,adam,tulu3,near,1e-06,2.822163897251196,3.542246036566867,3.0862656460816145,3.5273807660007663,0.014865270566100541,-0.26410174883041826,0.13422242376018984,1731.6158962198042,2.7720330953598022,ok,21.1
pythia70m_s44,adam,tulu3,near,1.78e-06,2.74069926790062,3.5547266696997117,3.0862656460816145,3.5273807660007663,0.027345903698945406,-0.34556637818099434,0.22414493991088805,1731.6158962198042,2.688802719116211,ok,20.8
pythia70m_s44,adam,tulu3,near,3.16e-06,2.6667839617645206,3.5698326431841765,3.0862656460816145,3.5273807660007663,0.04245187718341015,-0.4194816843170939,0.368776733900508,1731.6158962198042,2.6133402585983276,ok,20.6
pythia70m_s44,adam,tulu3,near,5.62e-06,2.596792635385771,3.5976851924291564,3.0862656460816145,3.5273807660007663,0.07030442642839008,-0.4894730106958436,0.6072146956468695,1731.6158962198042,2.5398013591766357,ok,20.9
pythia70m_s44,adam,tulu3,near,1e-05,2.5351231196155286,3.644527181487261,3.0862656460816145,3.5273807660007663,0.11714641548649452,-0.5511425264660859,0.9907597652590046,1731.6158962198042,2.474415898323059,ok,20.9
pythia70m_s44,adam,tulu3,near,1.78e-05,2.4896451498431,3.7096096158260936,3.0862656460816145,3.5273807660007663,0.18222884982532728,-0.5966204962385144,1.5631157245442633,1731.6158962198042,2.428707718849182,ok,20.9
pythia70m_s44,adam,tulu3,near,3.16e-05,2.4640070995472647,3.785820951667084,3.0862656460816145,3.5273807660007663,0.25844018566631766,-0.6222585465343498,2.322672247154781,1731.6158962198042,2.397775173187256,ok,20.9
pythia70m_s44,adam,tulu3,near,5.62e-05,2.4531815112686903,3.870854749138341,3.0862656460816145,3.5273807660007663,0.3434739831375748,-0.6330841348129241,3.3307099143322967,1731.6158962198042,2.3777862787246704,ok,20.9
pythia70m_s44,adam,tulu3,near,0.0001,2.4604631114146014,3.984506607055664,3.0862656460816145,3.5273807660007663,0.45712584105489773,-0.6258025346670131,4.796190681035236,1731.6158962198042,2.3790968656539917,ok,20.8
pythia70m_s44,adam,tulu3,near,0.000178,2.537150620014467,4.213945299212013,3.0862656460816145,3.5273807660007663,0.6865645332112469,-0.5491150260671476,7.170704143735281,1731.6158962198042,2.4414966106414795,ok,20.9
pythia70m_s44,adam,tulu3,near,0.000316,2.6887727576925795,4.592592108739566,3.0862656460816145,3.5273807660007663,1.0652113427387992,-0.39749288838903496,10.992848769008074,1731.6158962198042,2.570070266723633,ok,20.8
pythia70m_s44,adam,tulu3,near,0.000562,2.7258822148093507,4.374709030420113,3.0862656460816145,3.5273807660007663,0.8473282644193465,-0.3603834312722638,19.242689638926386,1731.6158962198042,2.6403489112854004,ok,20.9
pythia70m_s44,adam,tulu3,near,0.001,3.198603501291891,5.00821077380395,3.0862656460816145,3.5273807660007663,1.4808300078031835,0.1123378552102765,34.051006231791966,1731.6158962198042,3.1061078310012817,ok,20.9
pythia70m_s44,adam,tulu3,near,0.00178,5.635224717470531,7.339719358022433,3.0862656460816145,3.5273807660007663,3.8123385920216664,2.5489590713889165,61.58636367317221,1731.6158962198042,5.562111139297485,ok,20.9
pythia70m_s44,adam,tulu3,near,0.00316,7.627063251054917,9.002478060190459,3.0862656460816145,3.5273807660007663,5.475097294189693,4.540797604973303,113.64853712194761,1731.6158962198042,7.561899900436401,ok,20.8
pythia70m_s44,adam,tulu3,near,0.00562,14.640573072340157,16.793261145425635,3.0862656460816145,3.5273807660007663,13.26588037942487,11.554307426258543,208.07127146270193,1731.6158962198042,14.22952127456665,ok,21.0
pythia70m_s44,adam,tulu3,near,0.01,25.993237280798986,32.35372034957498,3.0862656460816145,3.5273807660007663,28.82633958357421,22.906971634717372,364.80119750169854,1731.6158962198042,25.95077133178711,ok,20.9
pythia70m_s44,muon,tulu3,near,0.0,3.2716232493898874,3.514651990916631,3.2716232493898874,3.514651990916631,0.0,0.0,0.0,1744.4680895179094,,base,5.5
pythia70m_s44,muon,tulu3,near,1e-06,2.9592198485730914,3.531760799908125,3.2716232493898874,3.514651990916631,0.017108808991493696,-0.31240340081679596,0.13673664714044229,1744.4680895179094,2.9162790775299072,ok,21.0
pythia70m_s44,muon,tulu3,near,1.78e-06,2.8553604454443646,3.545340610810222,3.2716232493898874,3.514651990916631,0.03068861989359073,-0.41626280394552273,0.22816556479799607,1744.4680895179094,2.8036632537841797,ok,20.9
pythia70m_s44,muon,tulu3,near,3.16e-06,2.7606161158612097,3.5604048540447555,3.2716232493898874,3.514651990916631,0.04575286312812432,-0.5110071335286777,0.37387122482476787,1744.4680895179094,2.7032277584075928,ok,20.8
pythia70m_s44,muon,tulu3,near,5.62e-06,2.676533648645808,3.5873902464566165,3.2716232493898874,3.514651990916631,0.07273825553998536,-0.5950896007440796,0.611684618438525,1744.4680895179094,2.6121788024902344,ok,20.8
pythia70m_s44,muon,tulu3,near,1e-05,2.6033063168161767,3.6353144636359467,3.2716232493898874,3.514651990916631,0.12066247271931552,-0.6683169325737106,0.9951405864020698,1744.4680895179094,2.5337181091308594,ok,20.9
pythia70m_s44,muon,tulu3,near,1.78e-05,2.5431010625133776,3.7001032969256435,3.2716232493898874,3.514651990916631,0.18545130600901238,-0.7285221868765097,1.5633217507219848,1744.4680895179094,2.4722076654434204,ok,20.9
pythia70m_s44,muon,tulu3,near,3.16e-05,2.503607673421065,3.7745206500686077,3.2716232493898874,3.514651990916631,0.25986865915197654,-0.7680155759688225,2.3178519093336445,1744.4680895179094,2.431942343711853,ok,20.8
pythia70m_s44,muon,tulu3,near,5.62e-05,2.4877308511454066,3.8520608853453995,3.2716232493898874,3.514651990916631,0.3374088944287683,-0.7838923982444808,3.2669694764805963,1744.4680895179094,2.4095377922058105,ok,20.9
pythia70m_s44,muon,tulu3,near,0.0001,2.4880053899059558,3.9578127142501205,3.2716232493898874,3.514651990916631,0.4431607233334893,-0.7836178594839316,4.677868388363402,1744.4680895179094,2.403334617614746,ok,20.9
pythia70m_s44,muon,tulu3,near,0.000178,2.543606983938796,4.172173998360531,3.2716232493898874,3.514651990916631,0.6575220074438999,-0.7280162654510915,7.040859959691686,1744.4680895179094,2.4491416215896606,ok,20.9
pythia70m_s44,muon,tulu3,near,0.000316,2.7235693213057846,4.574378504445175,3.2716232493898874,3.514651990916631,1.0597265135285436,-0.5480539280841028,10.86266265694568,1744.4680895179094,2.607184410095215,ok,20.9
pythia70m_s44,muon,tulu3,near,0.000562,2.7842269121084193,4.4867233679485885,3.2716232493898874,3.514651990916631,0.9720713770319573,-0.48739633728146803,17.888581303735545,1744.4680895179094,2.696506381034851,ok,20.9
pythia70m_s44,muon,tulu3,near,0.001,3.2804938239827313,5.077028061779044,3.2716232493898874,3.514651990916631,1.5623760708624133,0.008870574592843905,34.600458983279964,1744.4680895179094,3.183511734008789,ok,20.9
pythia70m_s44,muon,tulu3,near,0.00178,5.651018041920522,7.31533892607269,3.2716232493898874,3.514651990916631,3.800686935156059,2.3793947925306345,63.3089741237002,1744.4680895179094,5.577126502990723,ok,20.9
pythia70m_s44,muon,tulu3,near,0.00316,6.663773702781961,8.240821838378906,3.2716232493898874,3.514651990916631,4.726169847462275,3.392150453392073,112.06826370140902,1744.4680895179094,6.589435815811157,ok,20.6
pythia70m_s44,muon,tulu3,near,0.00562,12.315658300590142,15.060443930429955,3.2716232493898874,3.514651990916631,11.545791939513323,9.044035051200254,206.28221949911654,1744.4680895179094,12.249835014343262,ok,21.0
pythia70m_s44,muon,tulu3,near,0.01,21.238214660763973,24.150286769680314,3.2716232493898874,3.514651990916631,20.63563477876368,17.966591411374086,369.6333321048925,1744.4680895179094,21.27031421661377,ok,20.9
pythia70m_s44,sam,tulu3,near,0.0,2.7428661727158756,3.6324881723482316,2.7428661727158756,3.6324881723482316,0.0,0.0,0.0,1745.362708341052,,base,5.5
pythia70m_s44,sam,tulu3,near,1e-06,2.6331903864492876,3.645187344336463,2.7428661727158756,3.6324881723482316,0.012699171988231228,-0.10967578626658803,0.12064013188002769,1745.362708341052,2.594771981239319,ok,21.0
pythia70m_s44,sam,tulu3,near,1.78e-06,2.598569030164506,3.657093484807621,2.7428661727158756,3.6324881723482316,0.02460531245938924,-0.14429714255136972,0.2038682446559074,1745.362708341052,2.5573697090148926,ok,20.9
pythia70m_s44,sam,tulu3,near,3.16e-06,2.5625486429890074,3.6734066457431145,2.7428661727158756,3.6324881723482316,0.04091847339488286,-0.1803175297268682,0.3411698098210894,1745.362708341052,2.5188366174697876,ok,20.9
pythia70m_s44,sam,tulu3,near,5.62e-06,2.526857835206034,3.701293825869924,2.7428661727158756,3.6324881723482316,0.06880565352169254,-0.21600833750984183,0.5689737311754844,1745.362708341052,2.4801902770996094,ok,20.8
pythia70m_s44,sam,tulu3,near,1e-05,2.4991111307461433,3.750355632804378,2.7428661727158756,3.6324881723482316,0.11786746045614649,-0.2437550419697323,0.9289089618909927,1745.362708341052,2.446290135383606,ok,20.9
pythia70m_s44,sam,tulu3,near,1.78e-05,2.481200462684706,3.8131013485783467,2.7428661727158756,3.6324881723482316,0.18061317623011508,-0.2616657100311697,1.4363032272814866,1745.362708341052,2.4220296144485474,ok,20.9
pythia70m_s44,sam,tulu3,near,3.16e-05,2.4689674750699457,3.8864498362382562,2.7428661727158756,3.6324881723482316,0.2539616638900246,-0.2738986976459299,2.1305210049430787,1745.362708341052,2.4027708768844604,ok,20.8
pythia70m_s44,sam,tulu3,near,5.62e-05,2.4681967718493913,3.9851106468245474,2.7428661727158756,3.6324881723482316,0.3526224744763158,-0.2746694008664843,3.1640120623197623,1745.362708341052,2.398252844810486,ok,20.9
pythia70m_s44,sam,tulu3,near,0.0001,2.485675214554699,4.115864595088474,2.7428661727158756,3.6324881723482316,0.4833764227402422,-0.25719095816117665,4.6574296330319855,1745.362708341052,2.4060964584350586,ok,20.9
pythia70m_s44,sam,tulu3,near,0.000178,2.580507961504613,4.380164017649313,2.7428661727158756,3.6324881723482316,0.7476758453010812,-0.16235821121126248,7.120480802966969,1745.362708341052,2.490897536277771,ok,20.6
pythia70m_s44,sam,tulu3,near,0.000316,2.758451189313616,4.7531673483652614,2.7428661727158756,3.6324881723482316,1.1206791760170298,0.015585016597740253,10.872631828740904,1745.362708341052,2.6226768493652344,ok,20.9
pythia70m_s44,sam,tulu3,near,0.000562,2.8295701207946657,4.61008411564239,2.7428661727158756,3.6324881723482316,0.9775959432941588,0.08670394807879012,18.659187548152158,1745.362708341052,2.7419097423553467,ok,20.9
pythia70m_s44,sam,tulu3,near,0.001,3.3095004609886214,5.179859280819529,2.7428661727158756,3.6324881723482316,1.5473711084712973,0.5666342882727458,33.87560507612715,1745.362708341052,3.228450059890747,ok,20.9
pythia70m_s44,sam,tulu3,near,0.00178,5.560067641525119,7.279226821929274,2.7428661727158756,3.6324881723482316,3.6467386495810428,2.8172014688092437,62.32952699301647,1745.362708341052,5.483209609985352,ok,20.8
pythia70m_s44,sam,tulu3,near,0.00316,8.060553563784246,9.771119015090854,2.7428661727158756,3.6324881723482316,6.1386308427426215,5.317687391068371,114.11990867647731,1745.362708341052,7.905621767044067,ok,20.9
pythia70m_s44,sam,tulu3,near,0.00562,13.285788011644218,15.71325011729261,2.7428661727158756,3.6324881723482316,12.080761944944378,10.542921838928343,210.43083967934737,1745.362708341052,13.086716651916504,ok,21.0
pythia70m_s44,sam,tulu3,near,0.01,28.639850534338308,33.341148779583534,2.7428661727158756,3.6324881723482316,29.708660607235302,25.896984361622433,365.7710615110366,1745.362708341052,28.471938133239746,ok,20.8
pythia70m_s44,randsam_muon,musicpile,far,0.0,3.74386457081177,3.5142166227277243,3.74386457081177,3.5142166227277243,0.0,0.0,0.0,1744.4637765488055,,base,8.7
pythia70m_s44,randsam_muon,musicpile,far,1e-06,3.652306073332486,3.521288347337577,3.74386457081177,3.5142166227277243,0.007071724609852836,-0.09155849747928402,0.1142248137775043,1744.4637765488055,3.5302408933639526,ok,31.4
pythia70m_s44,randsam_muon,musicpile,far,1.78e-06,3.611403336496969,3.528577640331888,3.74386457081177,3.5142166227277243,0.014361017604163528,-0.13246123431480106,0.19628319896534652,1744.4637765488055,3.4825589656829834,ok,30.8
pythia70m_s44,randsam_muon,musicpile,far,3.16e-06,3.5626051542576977,3.539945859965046,3.74386457081177,3.5142166227277243,0.0257292372373219,-0.1812594165540724,0.3324506779341961,1744.4637765488055,3.4265917539596558,ok,30.6
pythia70m_s44,randsam_muon,musicpile,far,5.62e-06,3.5064884417211006,3.558640455779731,3.74386457081177,3.5142166227277243,0.04442383305200659,-0.23737612909066952,0.5560687080073997,1744.4637765488055,3.361948609352112,ok,31.3
pythia70m_s44,randsam_muon,musicpile,far,1e-05,3.4516669719419832,3.588624842246218,3.74386457081177,3.5142166227277243,0.07440821951849363,-0.2921975988697869,0.9064722221360875,1744.4637765488055,3.2956337928771973,ok,31.2
pythia70m_s44,randsam_muon,musicpile,far,1.78e-05,3.4110958898137462,3.6291314888373747,3.74386457081177,3.5142166227277243,0.1149148661096504,-0.3327686809980239,1.4080140069085099,1744.4637765488055,3.244887590408325,ok,31.3
pythia70m_s44,randsam_muon,musicpile,far,3.16e-05,3.382672737255955,3.6757764499014836,3.74386457081177,3.5142166227277243,0.16155982717375927,-0.3611918335558153,2.0830895477375257,1744.4637765488055,3.2049074172973633,ok,31.6
pythia70m_s44,randsam_muon,musicpile,far,5.62e-05,3.367139491549677,3.731555983511669,3.74386457081177,3.5142166227277243,0.2173393607839449,-0.3767250792620933,3.041266345531044,1744.4637765488055,3.1762022972106934,ok,31.0
pythia70m_s44,randsam_muon,musicpile,far,0.0001,3.37653357548723,3.8111423895550334,3.74386457081177,3.5142166227277243,0.2969257668273091,-0.36733099532454005,4.4686903659010175,1744.4637765488055,3.172714114189148,ok,31.3
pythia70m_s44,randsam_muon,musicpile,far,0.000178,3.4493567658963737,3.9500095233058743,3.74386457081177,3.5142166227277243,0.43579290057815,-0.2945078049153964,6.661231938827935,1744.4637765488055,3.2185148000717163,ok,30.7
pythia70m_s44,randsam_muon,musicpile,far,0.000316,3.590661894318642,4.173778436888454,3.74386457081177,3.5142166227277243,0.6595618141607296,-0.15320267649312802,10.209281851271058,1744.4637765488055,3.327413320541382,ok,31.2
pythia70m_s44,randsam_muon,musicpile,far,0.000562,3.8674075804111308,4.47334174587302,3.74386457081177,3.5142166227277243,0.9591251231452955,0.1235430095993606,17.002116971463042,1744.4637765488055,3.6129202842712402,ok,32.0
pythia70m_s44,randsam_muon,musicpile,far,0.001,4.491163055957413,5.020460789450928,3.74386457081177,3.5142166227277243,1.5062441667232034,0.747298485145643,35.00536973360908,1744.4637765488055,4.194628953933716,ok,31.7
pythia70m_s44,randsam_muon,musicpile,far,0.00178,6.524191287165752,7.201369634579772,3.74386457081177,3.5142166227277243,3.687153011852048,2.7803267163539815,62.69291324628174,1744.4637765488055,6.201251983642578,ok,31.8
pythia70m_s44,randsam_muon,musicpile,far,0.00316,9.701512793972068,9.86319004066303,3.74386457081177,3.5142166227277243,6.348973417935305,5.957648223160298,113.38157723787316,1744.4637765488055,9.464939594268799,ok,31.2
pythia70m_s44,randsam_muon,musicpile,far,0.00562,12.840012880687377,13.269826064137797,3.74386457081177,3.5142166227277243,9.755609441410073,9.096148309875607,203.62103334272632,1744.4637765488055,12.527249813079834,ok,31.6
pythia70m_s44,randsam_muon,musicpile,far,0.01,29.564321140953705,33.14336110094522,3.74386457081177,3.5142166227277243,29.629144478217498,25.820456570141936,374.2326432372336,1744.4637765488055,29.621109008789062,ok,31.4
pythia70m_s44,fsam,tulu3,near,0.0,2.7423857074894316,3.632438738052159,2.7423857074894316,3.632438738052159,0.0,0.0,0.0,1745.362489609106,,base,9.1
pythia70m_s44,fsam,tulu3,near,1e-06,2.63300194339043,3.645512537946906,2.7423857074894316,3.632438738052159,0.013073799894747218,-0.10938376409900163,0.12077957595666199,1745.362489609106,2.5941425561904907,ok,37.7
pythia70m_s44,fsam,tulu3,near,1.78e-06,2.5990270252563716,3.6575402597625195,2.7423857074894316,3.632438738052159,0.025101521710360508,-0.14335868223305992,0.20367923269885505,1745.362489609106,2.55775249004364,ok,33.6
pythia70m_s44,fsam,tulu3,near,3.16e-06,2.562073522817832,3.6739609115511005,2.7423857074894316,3.632438738052159,0.041522173498941495,-0.1803121846715996,0.3416227817187607,1745.362489609106,2.5181468725204468,ok,29.4
pythia70m_s44,fsam,tulu3,near,5.62e-06,2.5265840131009396,3.701546013938471,2.7423857074894316,3.632438738052159,0.06910727588631183,-0.21580169438849195,0.569381634494888,1745.362489609106,2.4780852794647217,ok,29.7
pythia70m_s44,fsam,tulu3,near,1e-05,2.498383344736118,3.751191032842647,2.7423857074894316,3.632438738052159,0.11875229479048821,-0.24400236275331366,0.9307150275121747,1745.362489609106,2.4458612203598022,ok,29.9
pythia70m_s44,fsam,tulu3,near,1.78e-05,2.478519798024993,3.8128553752563237,2.7423857074894316,3.632438738052159,0.18041663720416468,-0.26386590946443844,1.4433408754140216,1745.362489609106,2.419991612434387,ok,30.0
pythia70m_s44,fsam,tulu3,near,3.16e-05,2.4683918439712076,3.8902208735098345,2.7423857074894316,3.632438738052159,0.2577821354576755,-0.27399386351822397,2.142313186666907,1745.362489609106,2.403583288192749,ok,29.9
pythia70m_s44,fsam,tulu3,near,5.62e-05,2.4643451145717075,3.9835217880876095,2.7423857074894316,3.632438738052159,0.3510830500354505,-0.2780405929177241,3.153528983357971,1745.362489609106,2.3930362462997437,ok,29.6
pythia70m_s44,fsam,tulu3,near,0.0001,2.480684358779698,4.112194281501546,2.7423857074894316,3.632438738052159,0.4797555434493872,-0.2617013487097335,4.670878673133983,1745.362489609106,2.403014302253723,ok,29.8
pythia70m_s44,fsam,tulu3,near,0.000178,2.571839864473287,4.383829553533207,2.7423857074894316,3.632438738052159,0.7513908154810482,-0.17054584301614462,7.182333190055091,1745.362489609106,2.4803154468536377,ok,33.6
pythia70m_s44,fsam,tulu3,near,0.000316,2.7819571373747287,4.782885183793458,2.7423857074894316,3.632438738052159,1.150446445741299,0.03957142988529716,10.92291928775259,1745.362489609106,2.6550726890563965,ok,37.6
pythia70m_s44,fsam,tulu3,near,0.000562,2.8534599498293405,4.699480575591384,2.7423857074894316,3.632438738052159,1.0670418375392248,0.11107424233990892,17.78434766159319,1745.362489609106,2.754062294960022,ok,37.3
pythia70m_s44,fsam,tulu3,near,0.001,3.3022088799224676,5.171980505120264,2.7423857074894316,3.632438738052159,1.5395417670681053,0.559823172433036,34.23111717232438,1745.362489609106,3.2129918336868286,ok,37.5
pythia70m_s44,fsam,tulu3,near,0.00178,5.464456890427203,7.155736247620704,2.7423857074894316,3.632438738052159,3.5232975095685446,2.7220711829377717,62.70694790627693,1745.362489609106,5.40069055557251,ok,37.4
pythia70m_s44,fsam,tulu3,near,0.00316,7.087891132630947,8.696951043115904,2.7423857074894316,3.632438738052159,5.0645123050637455,4.345505425141516,111.57369396836341,1745.362489609106,7.0050647258758545,ok,37.5
pythia70m_s44,fsam,tulu3,near,0.00562,12.429761464815083,13.961280897405516,2.7423857074894316,3.632438738052159,10.328842159353357,9.687375757325652,205.09127445040522,1745.362489609106,12.481451034545898,ok,37.8
pythia70m_s44,fsam,tulu3,near,0.01,25.75656139873945,28.81050853393316,2.7423857074894316,3.632438738052159,25.178069795881,23.014175691250017,369.26031143099954,1745.362489609106,25.731149673461914,ok,37.4
pythia70m_s44,fsam_ortho_muon_stale_momentum,tulu3,near,0.0,3.2583871531626483,3.5170139491908006,3.2583871531626483,3.5170139491908006,0.0,0.0,0.0,1744.414128078862,,base,5.5
pythia70m_s44,fsam_ortho_muon_stale_momentum,tulu3,near,1e-06,2.9515535164252653,3.5311369625322975,3.2583871531626483,3.5170139491908006,0.014123013341496904,-0.30683363673738295,0.1368154230016699,1744.414128078862,2.9048324823379517,ok,21.0
pythia70m_s44,fsam_ortho_muon_stale_momentum,tulu3,near,1.78e-06,2.8491768062464646,3.5450498390571012,3.2583871531626483,3.5170139491908006,0.02803588986630068,-0.40921034691618363,0.2287603328328554,1744.414128078862,2.796299695968628,ok,20.8
pythia70m_s44,fsam_ortho_muon_stale_momentum,tulu3,near,3.16e-06,2.7541236578834964,3.5611665692114784,3.2583871531626483,3.5170139491908006,0.04415262002067788,-0.5042634952791518,0.37611619791424916,1744.414128078862,2.6962244510650635,ok,20.8
pythia70m_s44,fsam_ortho_muon_stale_momentum,tulu3,near,5.62e-06,2.6695681756723184,3.5887581289631045,3.2583871531626483,3.5170139491908006,0.07174417977230396,-0.5888189774903299,0.6159800838720141,1744.414128078862,2.6050673723220825,ok,20.9
pythia70m_s44,fsam_ortho_muon_stale_momentum,tulu3,near,1e-05,2.597424210400964,3.6363245073829846,3.2583871531626483,3.5170139491908006,0.11931055819218406,-0.6609629427616843,0.999215560276193,1744.414128078862,2.527695894241333,ok,20.8
pythia70m_s44,fsam_ortho_muon_stale_momentum,tulu3,near,1.78e-05,2.5389393770998003,3.701996196739361,3.2583871531626483,3.5170139491908006,0.18498224754856052,-0.7194477760628479,1.5745158171996712,1744.414128078862,2.467415452003479,ok,20.9
pythia70m_s44,fsam_ortho_muon_stale_momentum,tulu3,near,3.16e-05,2.5021286234697016,3.775347909348818,3.2583871531626483,3.5170139491908006,0.25833396015801746,-0.7562585296929467,2.3203872224853455,1744.414128078862,2.4280625581741333,ok,20.9
pythia70m_s44,fsam_ortho_muon_stale_momentum,tulu3,near,5.62e-05,2.4872526851885475,3.8509702887787043,3.2583871531626483,3.5170139491908006,0.3339563395879037,-0.7711344679741008,3.254258594970061,1744.414128078862,2.408481478691101,ok,20.9
pythia70m_s44,fsam_ortho_muon_stale_momentum,tulu3,near,0.0001,2.493476501882893,3.9631846552958927,3.2583871531626483,3.5170139491908006,0.44617070610509213,-0.7649106512797554,4.669720861229815,1744.414128078862,2.4138585329055786,ok,20.9
pythia70m_s44,fsam_ortho_muon_stale_momentum,tulu3,near,0.000178,2.578245689257717,4.207721702739917,3.2583871531626483,3.5170139491908006,0.6907077535491166,-0.6801414639049312,7.073296923930333,1744.414128078862,2.483368396759033,ok,20.9
pythia70m_s44,fsam_ortho_muon_stale_momentum,tulu3,near,0.000316,2.698360779047479,4.579215010551557,3.2583871531626483,3.5170139491908006,1.0622010613607569,-0.5600263741151692,10.970156840053033,1744.414128078862,2.578458070755005,ok,20.9
pythia70m_s44,fsam_ortho_muon_stale_momentum,tulu3,near,0.000562,2.7799035014471665,4.399152774400207,3.2583871531626483,3.5170139491908006,0.8821388252094065,-0.4784836517154818,19.031211537837482,1744.414128078862,2.6947141885757446,ok,20.8
pythia70m_s44,fsam_ortho_muon_stale_momentum,tulu3,near,0.001,3.4000460033080815,5.156145487746147,3.2583871531626483,3.5170139491908006,1.6391315385553464,0.14165885014543322,34.22628486002359,1744.414128078862,3.309603691101074,ok,20.8
pythia70m_s44,fsam_ortho_muon_stale_momentum,tulu3,near,0.00178,5.56578608921596,7.277335956371927,3.2583871531626483,3.5170139491908006,3.7603220071811267,2.307398936053312,62.734637994366395,1744.414128078862,5.489286661148071,ok,20.9
pythia70m_s44,fsam_ortho_muon_stale_momentum,tulu3,near,0.00316,6.677473676647925,8.19971985639658,3.2583871531626483,3.5170139491908006,4.682705907205779,3.419086523485277,111.95517050108285,1744.414128078862,6.608788013458252,ok,20.9
pythia70m_s44,fsam_ortho_muon_stale_momentum,tulu3,near,0.00562,13.062310146025716,15.700569391717183,3.2583871531626483,3.5170139491908006,12.183555442526382,9.803922992863068,207.09791672000904,1744.414128078862,12.910674095153809,ok,21.0
pythia70m_s44,fsam_ortho_muon_stale_momentum,tulu3,near,0.01,25.76224083349896,29.788981577654873,3.2583871531626483,3.5170139491908006,26.271967628464072,22.503853680336313,371.2199973523689,1744.414128078862,25.969059944152832,ok,20.8
pythia70m_s44,fsam_ortho_muon,tulu3,near,0.0,3.266961950611928,3.5154415100754592,3.266961950611928,3.5154415100754592,0.0,0.0,0.0,1744.380992051456,,base,5.5
pythia70m_s44,fsam_ortho_muon,tulu3,near,1e-06,2.9576447145346325,3.530880049016844,3.266961950611928,3.5154415100754592,0.015438538941384916,-0.30931723607729555,0.13736091795625385,1744.380992051456,2.908486247062683,ok,21.1
pythia70m_s44,fsam_ortho_muon,tulu3,near,1.78e-06,2.8552188612010383,3.5444158901207135,3.266961950611928,3.5154415100754592,0.02897438004525421,-0.4117430894108898,0.22883729385524418,1744.380992051456,2.8007800579071045,ok,20.9
pythia70m_s44,fsam_ortho_muon,tulu3,near,3.16e-06,2.760924427010075,3.5598823860900044,3.266961950611928,3.5154415100754592,0.04444087601454516,-0.5060375236018531,0.3755017158999681,1744.380992051456,2.701460838317871,ok,20.8
pythia70m_s44,fsam_ortho_muon,tulu3,near,5.62e-06,2.677372523716518,3.587232809943929,3.266961950611928,3.5154415100754592,0.07179129986846977,-0.5895894268954103,0.6135332570327596,1744.380992051456,2.611583709716797,ok,20.9
pythia70m_s44,fsam_ortho_muon,tulu3,near,1e-05,2.6036978869055583,3.635092281781997,3.266961950611928,3.5154415100754592,0.11965077170653782,-0.6632640637063698,0.997582443577753,1744.380992051456,2.5335428714752197,ok,20.8
pythia70m_s44,fsam_ortho_muon,tulu3,near,1.78e-05,2.54463073372141,3.6993763656765513,3.266961950611928,3.5154415100754592,0.18393485560109202,-0.722331216890518,1.5647378275865538,1744.380992051456,2.4717968702316284,ok,20.9
pythia70m_s44,fsam_ortho_muon,tulu3,near,3.16e-05,2.5032193357463917,3.774460406219423,3.266961950611928,3.5154415100754592,0.2590188961439637,-0.7637426148655364,2.32626870415769,1744.380992051456,2.4297986030578613,ok,20.9
pythia70m_s44,fsam_ortho_muon,tulu3,near,5.62e-05,2.4905804076073452,3.8524829954083883,3.266961950611928,3.5154415100754592,0.3370414853329291,-0.7763815430045828,3.278772533094585,1744.380992051456,2.4081043004989624,ok,20.9
pythia70m_s44,fsam_ortho_muon,tulu3,near,0.0001,2.4912927332689616,3.954282663573024,3.266961950611928,3.5154415100754592,0.4388411534975649,-0.7756692173429665,4.640526876195395,1744.380992051456,2.413295030593872,ok,20.9
pythia70m_s44,fsam_ortho_muon,tulu3,near,0.000178,2.5696329538602884,4.19553234899114,3.266961950611928,3.5154415100754592,0.6800908389156808,-0.6973289967516396,6.977787625428081,1744.380992051456,2.4795849323272705,ok,20.9
pythia70m_s44,fsam_ortho_muon,tulu3,near,0.000316,2.7013318011438776,4.549996116623253,3.266961950611928,3.5154415100754592,1.0345546065477942,-0.5656301494680505,10.78946893760514,1744.380992051456,2.5865213871002197,ok,20.9
pythia70m_s44,fsam_ortho_muon,tulu3,near,0.000562,2.7918206978217497,4.456599756229647,3.266961950611928,3.5154415100754592,0.9411582461541874,-0.4751412527901784,17.990046727409588,1744.380992051456,2.7034411430358887,ok,20.8
pythia70m_s44,fsam_ortho_muon,tulu3,near,0.001,3.273455170036062,5.039714596742753,3.266961950611928,3.5154415100754592,1.5242730866672938,0.006493219424133834,35.20277840279379,1744.380992051456,3.175990343093872,ok,20.8
pythia70m_s44,fsam_ortho_muon,tulu3,near,0.00178,5.921454218735667,7.520789249069304,3.266961950611928,3.5154415100754592,4.005347738993844,2.6544922681237386,62.13637507150806,1744.380992051456,5.838908433914185,ok,20.9
pythia70m_s44,fsam_ortho_muon,tulu3,near,0.00316,7.991386906274844,9.751453078656281,3.266961950611928,3.5154415100754592,6.236011568580822,4.724424955662916,114.88000337160224,1744.380992051456,7.858422040939331,ok,20.9
pythia70m_s44,fsam_ortho_muon,tulu3,near,0.00562,10.66452716148063,12.78874576814954,3.266961950611928,3.5154415100754592,9.27330425807408,7.397565210868701,205.2295661720839,1744.380992051456,10.357971668243408,ok,21.1
pythia70m_s44,fsam_ortho_muon,tulu3,near,0.01,26.499941055088826,31.521136767243686,3.266961950611928,3.5154415100754592,28.005695257168227,23.232979104476897,366.1963007993788,1744.380992051456,26.489962577819824,ok,20.8
pythia70m_s44,randsam_muon,tulu3,near,0.0,3.2659105498730088,3.5142166227277243,3.2659105498730088,3.5142166227277243,0.0,0.0,0.0,1744.4637765488055,,base,5.5
pythia70m_s44,randsam_muon,tulu3,near,1e-06,2.9526661016236546,3.5315441273429857,3.2659105498730088,3.5142166227277243,0.017327504615261446,-0.31324444824935416,0.13690965569124497,1744.4637765488055,2.908382534980774,ok,21.0
pythia70m_s44,randsam_muon,tulu3,near,1.78e-06,2.8519049194694266,3.544798755832381,3.2659105498730088,3.5142166227277243,0.030582133104656517,-0.4140056304035822,0.22766259142932632,1744.4637765488055,2.800885796546936,ok,20.8
pythia70m_s44,randsam_muon,tulu3,near,3.16e-06,2.758061634817702,3.5602913201438473,3.2659105498730088,3.5142166227277243,0.04607469741612302,-0.5078489150553067,0.37296961716387755,1744.4637765488055,2.7015016078948975,ok,20.9
pythia70m_s44,randsam_muon,tulu3,near,5.62e-06,2.6742160819514624,3.5875056989038994,3.2659105498730088,3.5142166227277243,0.07328907617617508,-0.5916944679215463,0.6102553041132394,1744.4637765488055,2.6111098527908325,ok,20.9
pythia70m_s44,randsam_muon,tulu3,near,1e-05,2.600478073388863,3.635413048551974,3.2659105498730088,3.5142166227277243,0.1211964258242495,-0.6654324764841459,0.9936325417477364,1744.4637765488055,2.532124876976013,ok,20.9
pythia70m_s44,randsam_muon,tulu3,near,1.78e-05,2.541168832498987,3.699866251936164,3.2659105498730088,3.5142166227277243,0.18564962920843975,-0.7247417173740218,1.5637957521847035,1744.4637765488055,2.47011935710907,ok,20.9
pythia70m_s44,randsam_muon,tulu3,near,3.16e-05,2.5028322372884433,3.7740293193003436,3.2659105498730088,3.5142166227277243,0.2598126965726193,-0.7630783125845655,2.3232214411512873,1744.4637765488055,2.4316039085388184,ok,20.6
pythia70m_s44,randsam_muon,tulu3,near,5.62e-05,2.4828609608390795,3.8581273215157643,3.2659105498730088,3.5142166227277243,0.34391069878804004,-0.7830495890339293,3.3373646938621397,1744.4637765488055,2.403434634208679,ok,21.0
pythia70m_s44,randsam_muon,tulu3,near,0.0001,2.4936540383415444,3.9569419480116634,3.2659105498730088,3.5142166227277243,0.44272532528393915,-0.7722565115314644,4.639811989544403,1744.4637765488055,2.4145203828811646,ok,20.8
pythia70m_s44,randsam_muon,tulu3,near,0.000178,2.557123120750233,4.2031549987494365,3.2659105498730088,3.5142166227277243,0.6889383760217123,-0.7087874291227756,7.099083268369061,1744.4637765488055,2.4609100818634033,ok,20.9
pythia70m_s44,randsam_muon,tulu3,near,0.000316,2.7303917692598763,4.569685374220756,3.2659105498730088,3.5142166227277243,1.055468751493032,-0.5355187806131325,10.772877225482443,1744.4637765488055,2.624800682067871,ok,20.9
pythia70m_s44,randsam_muon,tulu3,near,0.000562,2.7679799895463857,4.394278449788252,3.2659105498730088,3.5142166227277243,0.8800618270605276,-0.4979305603266231,18.633296538636166,1744.4637765488055,2.6719831228256226,ok,20.9
pythia70m_s44,randsam_muon,tulu3,near,0.001,3.3374232760614144,5.099928831634223,3.2659105498730088,3.5142166227277243,1.5857122089064988,0.07151272618840565,34.522716188177775,1744.4637765488055,3.250584125518799,ok,21.0
pythia70m_s44,randsam_muon,tulu3,near,0.00178,5.7712503869939455,7.408229648716995,3.2659105498730088,3.5142166227277243,3.894013025989271,2.5053398371209368,61.94738188517784,1744.4637765488055,5.721258640289307,ok,20.9
pythia70m_s44,randsam_muon,tulu3,near,0.00316,6.473952112365842,7.934352382055234,3.2659105498730088,3.5142166227277243,4.4201357593275095,3.208041562492833,111.49177778213976,1744.4637765488055,6.406412601470947,ok,20.8
pythia70m_s44,randsam_muon,tulu3,near,0.00562,10.291266305106026,12.343105786467252,3.2659105498730088,3.5142166227277243,8.828889163739527,7.025355755233017,205.39055176363973,1744.4637765488055,10.34393310546875,ok,21.0
pythia70m_s44,randsam_muon,tulu3,near,0.01,35.33530767929764,38.20801533738228,3.2659105498730088,3.5142166227277243,34.693798714654555,32.06939712942464,384.5007220847904,1744.4637765488055,35.28215026855469,ok,20.9
pythia70m_s44,muon_sam,tulu3,near,0.0,3.272013139818046,3.516389600451445,3.272013139818046,3.516389600451445,0.0,0.0,0.0,1744.467521441233,,base,8.6
pythia70m_s44,muon_sam,tulu3,near,1e-06,2.9618791778026963,3.5311152538441397,3.272013139818046,3.516389600451445,0.014725653392694493,-0.3101339620153496,0.13778471154156682,1744.467521441233,2.916075348854065,ok,32.4
pythia70m_s44,muon_sam,tulu3,near,1.78e-06,2.856810926224621,3.54475302798874,3.272013139818046,3.516389600451445,0.028363427537294594,-0.415202213593425,0.23000075435299455,1744.467521441233,2.804634213447571,ok,32.5
pythia70m_s44,muon_sam,tulu3,near,3.16e-06,2.759999090444785,3.5605082427918795,3.272013139818046,3.516389600451445,0.04411864234043428,-0.5120140493732608,0.3770291590024595,1744.467521441233,2.7030959129333496,ok,34.8
pythia70m_s44,muon_sam,tulu3,near,5.62e-06,2.6748597132016534,3.587461236405046,3.272013139818046,3.516389600451445,0.07107163595360078,-0.5971534266163925,0.6155613563283112,1744.467521441233,2.611222505569458,ok,30.4
pythia70m_s44,muon_sam,tulu3,near,1e-05,2.600916457502809,3.635114852696249,3.272013139818046,3.516389600451445,0.11872525224480368,-0.6710966823152367,0.9984285136876753,1744.467521441233,2.5329535007476807,ok,33.7
pythia70m_s44,muon_sam,tulu3,near,1.78e-05,2.54046910056396,3.699889177445563,3.272013139818046,3.516389600451445,0.18349957699411767,-0.7315440392540857,1.5684222016038696,1744.467521441233,2.4701801538467407,ok,34.5
pythia70m_s44,muon_sam,tulu3,near,3.16e-05,2.501444120463093,3.7744168208769855,3.272013139818046,3.516389600451445,0.25802722042554027,-0.7705690193549528,2.3248450232572933,1744.467521441233,2.4303425550460815,ok,29.2
pythia70m_s44,muon_sam,tulu3,near,5.62e-05,2.485662576037144,3.8512569808213444,3.272013139818046,3.516389600451445,0.33486738036989916,-0.7863505637809021,3.2625938925597358,1744.467521441233,2.409613609313965,ok,27.1
pythia70m_s44,muon_sam,tulu3,near,0.0001,2.4819858424117656,3.9623368630903806,3.272013139818046,3.516389600451445,0.44594726263893536,-0.7900272974062803,4.731199043273844,1744.467521441233,2.399680495262146,ok,36.2
pythia70m_s44,muon_sam,tulu3,near,0.000178,2.554831346187106,4.184808749742004,3.272013139818046,3.516389600451445,0.6684191492905587,-0.7171817936309397,7.077957527932747,1744.467521441233,2.4607419967651367,ok,32.7
pythia70m_s44,muon_sam,tulu3,near,0.000316,2.7126581300261434,4.568466029755057,3.272013139818046,3.516389600451445,1.0520764293036118,-0.5593550097919024,10.878563558309434,1744.467521441233,2.5994096994400024,ok,30.5
pythia70m_s44,muon_sam,tulu3,near,0.000562,2.76815135978206,4.381221629402176,3.272013139818046,3.516389600451445,0.8648320289507305,-0.5038617800359857,19.300094728882556,1744.467521441233,2.682774066925049,ok,35.8
pythia70m_s44,muon_sam,tulu3,near,0.001,3.2036058982057813,4.948692836873452,3.272013139818046,3.516389600451445,1.4323032364220065,-0.06840724161226452,34.333886128824204,1744.467521441233,3.0942832231521606,ok,34.5
pythia70m_s44,muon_sam,tulu3,near,0.00178,5.646079479598252,7.310041662764876,3.272013139818046,3.516389600451445,3.7936520623134307,2.374066339780206,61.70773350458573,1744.467521441233,5.575729846954346,ok,29.7
pythia70m_s44,muon_sam,tulu3,near,0.00316,8.234540293594629,9.682401772814487,3.272013139818046,3.516389600451445,6.166012172363041,4.962527153776582,114.42199002669982,1744.467521441233,8.16575002670288,ok,33.3
pythia70m_s44,muon_sam,tulu3,near,0.00562,12.827904658308235,14.957873081274462,3.272013139818046,3.516389600451445,11.441483480823017,9.555891518490188,206.89421971565127,1744.467521441233,12.70729923248291,ok,35.7
pythia70m_s44,muon_sam,tulu3,near,0.01,40.2806944725798,51.39349645924428,3.272013139818046,3.516389600451445,47.877106858792835,37.00868133276176,374.5461080614987,1744.467521441233,40.24074363708496,ok,32.3
pythia70m_s44,soma_prens5,codeparrot,far,0.0,3.455246270286127,3.5159606597661504,3.455246270286127,3.5159606597661504,0.0,0.0,0.0,1744.433065406981,,base,5.5
pythia70m_s44,soma_prens5,codeparrot,far,1e-06,2.834652350140178,3.5254516638888305,3.455246270286127,3.5159606597661504,0.009491004122680113,-0.6205939201459492,0.15059012787165232,1744.433065406981,2.7326443195343018,ok,21.1
pythia70m_s44,soma_prens5,codeparrot,far,1.78e-06,2.7035008335300152,3.5376437200258857,3.455246270286127,3.5159606597661504,0.02168306025973532,-0.7517454367561118,0.2471810870517412,1744.433065406981,2.6073105335235596,ok,20.9
pythia70m_s44,soma_prens5,codeparrot,far,3.16e-06,2.572841114260679,3.5628720897517794,3.455246270286127,3.5159606597661504,0.04691142998562903,-0.882405156025448,0.40511685314369167,1744.433065406981,2.4901769161224365,ok,20.8
pythia70m_s44,soma_prens5,codeparrot,far,5.62e-06,2.4312858208284918,3.6221136067011583,3.455246270286127,3.5159606597661504,0.10615294693500799,-1.0239604494576353,0.67939549680138,1744.433065406981,2.361456513404846,ok,20.9
pythia70m_s44,soma_prens5,codeparrot,far,1e-05,2.335244061195687,3.7318970853801807,3.455246270286127,3.5159606597661504,0.21593642561403037,-1.12000220909044,1.12711109673533,1744.433065406981,2.2702683210372925,ok,20.8
pythia70m_s44,soma_prens5,codeparrot,far,1.78e-05,2.27116682944699,3.915345051983798,3.455246270286127,3.5159606597661504,0.39938439221764765,-1.1840794408391369,1.805583934519028,1744.433065406981,2.2079917192459106,ok,20.9
pythia70m_s44,soma_prens5,codeparrot,far,3.16e-05,2.2423194205924255,4.141050118522868,3.455246270286127,3.5159606597661504,0.6250894587567175,-1.2129268496937016,2.6949172392730736,1744.433065406981,2.170748710632324,ok,20.9
pythia70m_s44,soma_prens5,codeparrot,far,5.62e-05,2.229944300045006,4.360583128061314,3.455246270286127,3.5159606597661504,0.8446224682951633,-1.2253019702411212,3.8041926598628573,1744.433065406981,2.1476004123687744,ok,20.8
pythia70m_s44,soma_prens5,codeparrot,far,0.0001,2.2340169036924955,4.592501257730324,3.455246270286127,3.5159606597661504,1.0765405979641733,-1.2212293665936316,5.14377680640167,1744.433065406981,2.141047239303589,ok,20.8
pythia70m_s44,soma_prens5,codeparrot,far,0.000178,2.2816712888952804,5.024063259654782,3.455246270286127,3.5159606597661504,1.5081025998886317,-1.1735749813908467,7.2571263561860375,1744.433065406981,2.1678799390792847,ok,20.8
pythia70m_s44,soma_prens5,codeparrot,far,0.000316,2.401728889480262,5.643609280222316,3.455246270286127,3.5159606597661504,2.1276486204561658,-1.0535173808058649,10.415363899809643,1744.433065406981,2.2567014694213867,ok,20.8
pythia70m_s44,soma_prens5,codeparrot,far,0.000562,2.6641186604061238,7.321223354152971,3.455246270286127,3.5159606597661504,3.8052626943868204,-0.7911276098800033,16.2450261559688,1744.433065406981,2.4698466062545776,ok,20.8
pythia70m_s44,soma_prens5,codeparrot,far,0.001,3.0715609436632367,6.3083233544038,3.455246270286127,3.5159606597661504,2.79236269463765,-0.38368532662289034,32.40646451052946,1744.433065406981,2.9454139471054077,ok,20.8
pythia70m_s44,soma_prens5,codeparrot,far,0.00178,5.7627985556764845,9.350349217245023,3.455246270286127,3.5159606597661504,5.8343885574788725,2.3075522853903574,57.5968547728092,1744.433065406981,5.6134278774261475,ok,20.8
pythia70m_s44,soma_prens5,codeparrot,far,0.00316,6.232575209406724,9.98777893424734,3.455246270286127,3.5159606597661504,6.471818274481189,2.7773289391205966,102.8444812962952,1744.433065406981,6.106613874435425,ok,20.9
pythia70m_s44,soma_prens5,codeparrot,far,0.00562,12.914998183278422,21.172725251976058,3.455246270286127,3.5159606597661504,17.656764592209907,9.459751912992296,188.75101469782425,1744.433065406981,12.73503065109253,ok,21.0
pythia70m_s44,soma_prens5,codeparrot,far,0.01,28.07647812576443,46.95450372565283,3.455246270286127,3.5159606597661504,43.43854306588668,24.621231855478303,346.7713122230864,1744.433065406981,27.304672241210938,ok,20.8
pythia70m_s44,op_soma_postns5,codeparrot,far,0.0,3.480191329687309,3.5148952357223124,3.480191329687309,3.5148952357223124,0.0,0.0,0.0,1744.3738242488112,,base,5.5
pythia70m_s44,op_soma_postns5,codeparrot,far,1e-06,2.8506737651190415,3.525114835824985,3.480191329687309,3.5148952357223124,0.010219600102672644,-0.6295175645682676,0.15091432492398868,1744.3738242488112,2.7500301599502563,ok,21.0
pythia70m_s44,op_soma_postns5,codeparrot,far,1.78e-06,2.709795046692492,3.5375322017184443,3.480191329687309,3.5148952357223124,0.022636965996131853,-0.7703962829948172,0.24843165037132514,1744.3738242488112,2.615910291671753,ok,20.8
pythia70m_s44,op_soma_postns5,codeparrot,far,3.16e-06,2.5771509607244143,3.563063380769554,3.480191329687309,3.5148952357223124,0.04816814504724176,-0.9030403689628947,0.4065733117419911,1744.3738242488112,2.4954800605773926,ok,20.8
pythia70m_s44,op_soma_postns5,codeparrot,far,5.62e-06,2.433789598498559,3.6224943149813003,3.480191329687309,3.5148952357223124,0.10759907925898782,-1.04640173118875,0.6809755706536491,1744.3738242488112,2.3631205558776855,ok,20.8
pythia70m_s44,op_soma_postns5,codeparrot,far,1e-05,2.3360784049136765,3.731595250258474,3.480191329687309,3.5148952357223124,0.2167000145361615,-1.1441129247736326,1.129770846747014,1744.3738242488112,2.272289752960205,ok,20.8
pythia70m_s44,op_soma_postns5,codeparrot,far,1.78e-05,2.2713654400551158,3.9177535667344783,3.480191329687309,3.5148952357223124,0.40285833101216584,-1.2088258896321933,1.818797323827538,1744.3738242488112,2.2078670263290405,ok,20.9
pythia70m_s44,op_soma_postns5,codeparrot,far,3.16e-05,2.242614723698267,4.137970564183424,3.480191329687309,3.5148952357223124,0.6230753284611112,-1.2375766059890418,2.695749417742136,1744.3738242488112,2.1707059144973755,ok,20.8
pythia70m_s44,op_soma_postns5,codeparrot,far,5.62e-05,2.230754135639467,4.364037926183054,3.480191329687309,3.5148952357223124,0.849142690460742,-1.2494371940478421,3.8077557412449488,1744.3738242488112,2.147490620613098,ok,20.8
pythia70m_s44,op_soma_postns5,codeparrot,far,0.0001,2.2329993387957607,4.590476616488044,3.480191329687309,3.5148952357223124,1.075581380765732,-1.2471919908915483,5.193168233120304,1744.3738242488112,2.1383683681488037,ok,20.8
pythia70m_s44,op_soma_postns5,codeparrot,far,0.000178,2.272578155457857,5.00463965727625,3.480191329687309,3.5148952357223124,1.489744421553938,-1.207613174229452,7.317847629700001,1744.3738242488112,2.158369541168213,ok,20.8
pythia70m_s44,op_soma_postns5,codeparrot,far,0.000316,2.39737311734612,5.644607178152424,3.480191329687309,3.5148952357223124,2.1297119424301116,-1.0828182123411891,10.389325947975108,1744.3738242488112,2.247730851173401,ok,20.8
pythia70m_s44,op_soma_postns5,codeparrot,far,0.000562,2.745242072178193,7.573927347440776,3.480191329687309,3.5148952357223124,4.059032111718464,-0.7349492575091161,16.371855394333725,1744.3738242488112,2.555443525314331,ok,20.8
pythia70m_s44,op_soma_postns5,codeparrot,far,0.001,3.1159162428047793,6.405778911015759,3.480191329687309,3.5148952357223124,2.890883675293446,-0.36427508688252974,32.3652835149152,1744.3738242488112,2.9858663082122803,ok,20.8
pythia70m_s44,op_soma_postns5,codeparrot,far,0.00178,5.426567122427684,9.04053028502343,3.480191329687309,3.5148952357223124,5.525635049301117,1.9463757927403753,58.832615282878535,1744.3738242488112,5.287079572677612,ok,20.8
pythia70m_s44,op_soma_postns5,codeparrot,far,0.00316,6.688875231957482,10.752928239258768,3.480191329687309,3.5148952357223124,7.238033003536456,3.208683902270173,104.5704407196698,1744.3738242488112,6.541503429412842,ok,20.8
pythia70m_s44,op_soma_postns5,codeparrot,far,0.00562,9.733797077096838,15.866914663296157,3.480191329687309,3.5148952357223124,12.352019427573845,6.253605747409529,185.310079458705,1744.3738242488112,9.57114553451538,ok,21.0
pythia70m_s44,op_soma_postns5,codeparrot,far,0.01,24.36320188040836,36.5056686252064,3.480191329687309,3.5148952357223124,32.99077338948408,20.883010550721053,344.3147504017677,1744.3738242488112,23.91580581665039,ok,20.8
pythia70m_s44,soma_prens5,stackmathqa,math,0.0,3.5032572512990576,3.5159606597661504,3.5032572512990576,3.5159606597661504,0.0,0.0,0.0,1744.433065406981,,base,5.5
pythia70m_s44,soma_prens5,stackmathqa,math,1e-06,3.041164763986248,3.5283526926357918,3.5032572512990576,3.5159606597661504,0.012392032869641412,-0.46209248731280983,0.15704761804901476,1744.433065406981,3.090766668319702,ok,21.1
pythia70m_s44,soma_prens5,stackmathqa,math,1.78e-06,2.906363373399947,3.545202176864833,3.5032572512990576,3.5159606597661504,0.029241517098682834,-0.5968938778991104,0.2608752739445879,1744.433065406981,2.9351022243499756,ok,20.9
pythia70m_s44,soma_prens5,stackmathqa,math,3.16e-06,2.782222299893075,3.5756011298491295,3.5032572512990576,3.5159606597661504,0.059640470082979125,-0.7210349514059828,0.42986867101464793,1744.433065406981,2.7974528074264526,ok,20.8
pythia70m_s44,soma_prens5,stackmathqa,math,5.62e-06,2.6680941423091404,3.637099308976922,3.5032572512990576,3.5159606597661504,0.12113864921077155,-0.8351631089899172,0.7143489349148765,1744.433065406981,2.6698464155197144,ok,20.8
pythia70m_s44,soma_prens5,stackmathqa,math,1e-05,2.5723682634984444,3.7491790637111477,3.5032572512990576,3.5159606597661504,0.23321840394499738,-0.9308889878006132,1.1739704658661563,1744.433065406981,2.5655895471572876,ok,20.8
pythia70m_s44,soma_prens5,stackmathqa,math,1.78e-05,2.5094058191706288,3.9154050457500897,3.5032572512990576,3.5159606597661504,0.3994443859839394,-0.9938514321284289,1.8529016238500886,1744.433065406981,2.500760555267334,ok,20.9
pythia70m_s44,soma_prens5,stackmathqa,math,3.16e-05,2.4759957449776784,4.10602229168737,3.5032572512990576,3.5159606597661504,0.5900616319212193,-1.0272615063213792,2.714728842245917,1744.433065406981,2.4662742614746094,ok,20.9
pythia70m_s44,soma_prens5,stackmathqa,math,5.62e-05,2.4618400304984673,4.300679089271859,3.5032572512990576,3.5159606597661504,0.7847184295057086,-1.0414172208005903,3.738155341924322,1744.433065406981,2.450948476791382,ok,20.8
pythia70m_s44,soma_prens5,stackmathqa,math,0.0001,2.45819114192358,4.4946976454523915,3.5032572512990576,3.5159606597661504,0.9787369856862411,-1.0450661093754778,5.026176953623201,1744.433065406981,2.449607253074646,ok,20.8
pythia70m_s44,soma_prens5,stackmathqa,math,0.000178,2.473023991295503,4.712723980211232,3.5032572512990576,3.5159606597661504,1.1967633204450814,-1.0302332600035546,6.603637776370911,1744.433065406981,2.4654288291931152,ok,20.8
pythia70m_s44,soma_prens5,stackmathqa,math,0.000316,2.5407677368641832,5.431423470931977,3.5032572512990576,3.5159606597661504,1.9154628111658263,-0.9624895144348744,9.52877803762497,1744.433065406981,2.540134072303772,ok,20.8
pythia70m_s44,soma_prens5,stackmathqa,math,0.000562,2.7165174017680367,7.096067880231107,3.5032572512990576,3.5159606597661504,3.580107220464957,-0.7867398495310209,14.970231512569718,1744.433065406981,2.7265310287475586,ok,20.8
pythia70m_s44,soma_prens5,stackmathqa,math,0.001,3.1455712215774447,6.223061623172051,3.5032572512990576,3.5159606597661504,2.707100963405901,-0.3576860297216129,30.721671130963017,1744.433065406981,3.178595185279846,ok,20.8
pythia70m_s44,soma_prens5,stackmathqa,math,0.00178,4.628491485655425,8.286637800780294,3.5032572512990576,3.5159606597661504,4.7706771410141435,1.125234234356367,56.3930997861211,1744.433065406981,4.696061611175537,ok,20.8
pythia70m_s44,soma_prens5,stackmathqa,math,0.00316,5.927112452437966,10.193638527230041,3.5032572512990576,3.5159606597661504,6.67767786746389,2.4238552011389087,99.76113710951223,1744.433065406981,5.973464488983154,ok,20.9
pythia70m_s44,soma_prens5,stackmathqa,math,0.00562,9.476695678472053,15.573579523194793,3.5032572512990576,3.5159606597661504,12.057618863428642,5.9734384271729954,180.1729851667342,1744.433065406981,9.489572048187256,ok,21.0
pythia70m_s44,soma_prens5,stackmathqa,math,0.01,22.701688643304337,32.43154378693164,3.5032572512990576,3.5159606597661504,28.91558312716549,19.19843139200528,327.0493070126439,1744.433065406981,23.255602836608887,ok,20.8
pythia70m_s44,op_soma_postns5,stackmathqa,math,0.0,3.512569875399894,3.5148952357223124,3.512569875399894,3.5148952357223124,0.0,0.0,0.0,1744.3738242488112,,base,5.5
pythia70m_s44,op_soma_postns5,stackmathqa,math,1e-06,3.0475060524539237,3.528050439465069,3.512569875399894,3.5148952357223124,0.013155203742756694,-0.46506382294597026,0.15728529678861428,1744.3738242488112,3.097949266433716,ok,21.0
pythia70m_s44,op_soma_postns5,stackmathqa,math,1.78e-06,2.9080954400527266,3.5456203639857224,3.512569875399894,3.5148952357223124,0.030725128263410006,-0.6044744353471674,0.2625045058178716,1744.3738242488112,2.938387632369995,ok,20.9
pythia70m_s44,op_soma_postns5,stackmathqa,math,3.16e-06,2.7821659752534096,3.5764325770846552,3.512569875399894,3.5148952357223124,0.06153734136234279,-0.7304039001464844,0.4320555056518634,1744.3738242488112,2.7984206676483154,ok,20.8
pythia70m_s44,op_soma_postns5,stackmathqa,math,5.62e-06,2.6674344161718557,3.6373578573626313,3.512569875399894,3.5148952357223124,0.12246262164031885,-0.8451354592280382,0.7161219077090362,1744.3738242488112,2.6710171699523926,ok,20.8
pythia70m_s44,op_soma_postns5,stackmathqa,math,1e-05,2.5713858109864236,3.7499751671419683,3.512569875399894,3.5148952357223124,0.23507993141965589,-0.9411840644134704,1.1778911952598214,1744.3738242488112,2.565439462661743,ok,20.8
pythia70m_s44,op_soma_postns5,stackmathqa,math,1.78e-05,2.509165329009353,3.9146122867113924,3.512569875399894,3.5148952357223124,0.39971705098907995,-1.003404546390541,1.8567822039139525,1744.3738242488112,2.5010833740234375,ok,20.8
pythia70m_s44,op_soma_postns5,stackmathqa,math,3.16e-05,2.4759793365538236,4.10559541885167,3.512569875399894,3.5148952357223124,0.5907001831293575,-1.0365905388460703,2.710055184406373,1744.3738242488112,2.4659215211868286,ok,20.8
pythia70m_s44,op_soma_postns5,stackmathqa,math,5.62e-05,2.4614516778934723,4.293057966138985,3.512569875399894,3.5148952357223124,0.7781627304166725,-1.0511181975064217,3.728512842007574,1744.3738242488112,2.450667977333069,ok,20.8
pythia70m_s44,op_soma_postns5,stackmathqa,math,0.0001,2.4575743852529506,4.483270447314835,3.512569875399894,3.5148952357223124,0.9683752115925226,-1.0549954901469434,4.98524135906715,1744.3738242488112,2.4491238594055176,ok,20.8
pythia70m_s44,op_soma_postns5,stackmathqa,math,0.000178,2.4719439318035445,4.721085035171061,3.512569875399894,3.5148952357223124,1.2061897994487487,-1.0406259435963494,6.633011069315141,1744.3738242488112,2.4662649631500244,ok,20.8
pythia70m_s44,op_soma_postns5,stackmathqa,math,0.000316,2.53676662706349,5.40109037933051,3.512569875399894,3.5148952357223124,1.8861951436081976,-0.9758032483364039,9.524525438848226,1744.3738242488112,2.534860849380493,ok,20.8
pythia70m_s44,op_soma_postns5,stackmathqa,math,0.000562,2.7183613413234045,7.110374055030062,3.512569875399894,3.5148952357223124,3.595478819307749,-0.7942085340764895,14.94739350800672,1744.3738242488112,2.733065128326416,ok,20.8
pythia70m_s44,op_soma_postns5,stackmathqa,math,0.001,3.052183416258332,6.040394165277948,3.512569875399894,3.5148952357223124,2.5254989295556354,-0.46038645914156184,31.25512912762245,1744.3738242488112,3.073546051979065,ok,20.8
pythia70m_s44,op_soma_postns5,stackmathqa,math,0.00178,4.877693848134021,8.654153738003188,3.512569875399894,3.5148952357223124,5.139258502280876,1.3651239727341267,56.15825388519057,1744.3738242488112,4.9415223598480225,ok,20.8
pythia70m_s44,op_soma_postns5,stackmathqa,math,0.00316,6.189493496590631,11.085427241316047,3.512569875399894,3.5148952357223124,7.570532005593735,2.6769236211907375,100.89092633526715,1744.3738242488112,6.255100727081299,ok,20.9
pythia70m_s44,op_soma_postns5,stackmathqa,math,0.00562,9.833611803745336,15.829893899757101,3.512569875399894,3.5148952357223124,12.314998664034789,6.321041928345442,180.11385207884223,1744.3738242488112,9.895718574523926,ok,21.0
pythia70m_s44,op_soma_postns5,stackmathqa,math,0.01,26.411731757296508,38.7093120657068,3.512569875399894,3.5148952357223124,35.19441682998448,22.899161881896614,334.03023891463687,1744.3738242488112,26.650168418884277,ok,20.8
pythia70m_s44,soma_prens5,musicpile,far,0.0,3.745557079576466,3.5159606597661504,3.745557079576466,3.5159606597661504,0.0,0.0,0.0,1744.433065406981,,base,5.5
pythia70m_s44,soma_prens5,musicpile,far,1e-06,3.653086190121048,3.5218640194947004,3.745557079576466,3.5159606597661504,0.0059033597285500505,-0.09247088945541826,0.11538079110063032,1744.433065406981,3.5287891626358032,ok,21.0
pythia70m_s44,soma_prens5,musicpile,far,1.78e-06,3.612213739443665,3.5292086144016213,3.745557079576466,3.5159606597661504,0.013247954635470904,-0.13334334013280102,0.19795070341110144,1744.433065406981,3.4807411432266235,ok,20.8
pythia70m_s44,soma_prens5,musicpile,far,3.16e-06,3.5636253282281984,3.5405220136250537,3.745557079576466,3.5159606597661504,0.024561353858903345,-0.18193175134826767,0.3344755950451877,1744.433065406981,3.42498517036438,ok,20.9
pythia70m_s44,soma_prens5,musicpile,far,5.62e-06,3.508116197679374,3.558922594074167,3.745557079576466,3.5159606597661504,0.04296193430801676,-0.23744088189709212,0.5581307852273854,1744.433065406981,3.3604423999786377,ok,20.8
pythia70m_s44,soma_prens5,musicpile,far,1e-05,3.4524070082811926,3.58927428885682,3.745557079576466,3.5159606597661504,0.07331362909066952,-0.2931500712952735,0.9120198147161108,1744.433065406981,3.2934056520462036,ok,20.9
pythia70m_s44,soma_prens5,musicpile,far,1.78e-05,3.41158284226509,3.6301631703535406,3.745557079576466,3.5159606597661504,0.11420251058739028,-0.3339742373113763,1.4181073186627575,1744.433065406981,3.242191195487976,ok,20.9
pythia70m_s44,soma_prens5,musicpile,far,3.16e-05,3.3828006378591877,3.676032911774697,3.745557079576466,3.5159606597661504,0.16007225200854647,-0.3627564417172784,2.087297919790446,1744.433065406981,3.200772285461426,ok,20.8
pythia70m_s44,soma_prens5,musicpile,far,5.62e-05,3.3669576850189387,3.7332519411807423,3.745557079576466,3.5159606597661504,0.21729128141459197,-0.37859939455752745,3.0545759196286206,1744.433065406981,3.175671935081482,ok,20.9
pythia70m_s44,soma_prens5,musicpile,far,0.0001,3.379644882888943,3.8089832858330115,3.745557079576466,3.5159606597661504,0.29302262606686114,-0.36591219668752295,4.45640435805196,1744.433065406981,3.169671893119812,ok,20.9
pythia70m_s44,soma_prens5,musicpile,far,0.000178,3.4516651877685067,3.9478496096138853,3.745557079576466,3.5159606597661504,0.43188894984773496,-0.2938918918079594,6.6611860523229645,1744.433065406981,3.228957772254944,ok,20.8
pythia70m_s44,soma_prens5,musicpile,far,0.000316,3.58468639127429,4.154698403614141,3.745557079576466,3.5159606597661504,0.6387377438479906,-0.1608706883021762,10.133997523894717,1744.433065406981,3.3304632902145386,ok,20.8
pythia70m_s44,soma_prens5,musicpile,far,0.000562,3.7578237425324503,4.35704019624893,3.745557079576466,3.5159606597661504,0.8410795364827792,0.01226666295598422,17.160449112274726,1744.433065406981,3.508349299430847,ok,20.8
pythia70m_s44,soma_prens5,musicpile,far,0.001,4.320021000393683,4.863089186338063,3.745557079576466,3.5159606597661504,1.3471285265719124,0.5744639208172169,35.19366276442707,1744.433065406981,4.050262928009033,ok,20.9
pythia70m_s44,soma_prens5,musicpile,far,0.00178,6.695240849384823,7.353172376897704,3.745557079576466,3.5159606597661504,3.8372117171315536,2.949683769808357,62.20787871484174,1744.433065406981,6.412605285644531,ok,20.8
pythia70m_s44,soma_prens5,musicpile,far,0.00316,7.635945239878914,8.301079736997004,3.745557079576466,3.5159606597661504,4.785119077230853,3.8903881603024475,114.04758326498938,1744.433065406981,7.3941099643707275,ok,20.8
pythia70m_s44,soma_prens5,musicpile,far,0.00562,16.13791598265885,17.13940823848,3.745557079576466,3.5159606597661504,13.62344757871385,12.392358903082384,206.79715854674336,1744.433065406981,15.89280080795288,ok,21.0
pythia70m_s44,soma_prens5,musicpile,far,0.01,26.056692403356625,27.396425161343032,3.745557079576466,3.5159606597661504,23.88046450157688,22.311135323780157,375.1368302069887,1744.433065406981,25.912348747253418,ok,20.8
pythia70m_s44,op_soma_postns5,musicpile,far,0.0,3.7463022892722413,3.5148952357223124,3.7463022892722413,3.5148952357223124,0.0,0.0,0.0,1744.3738242488112,,base,5.5
pythia70m_s44,op_soma_postns5,musicpile,far,1e-06,3.6542435140292473,3.5215724862951587,3.7463022892722413,3.5148952357223124,0.006677250572846294,-0.092058775242994,0.11514951728288085,1744.3738242488112,3.531521439552307,ok,21.1
pythia70m_s44,op_soma_postns5,musicpile,far,1.78e-06,3.6133321922585924,3.5288482636154983,3.7463022892722413,3.5148952357223124,0.013953027893185865,-0.13297009701364892,0.19745810230654895,1744.3738242488112,3.483649969100952,ok,20.8
pythia70m_s44,op_soma_postns5,musicpile,far,3.16e-06,3.564378398738495,3.5402776639755458,3.7463022892722413,3.5148952357223124,0.025382428253233336,-0.18192389053374614,0.333995161726309,1744.3738242488112,3.427281975746155,ok,20.8
pythia70m_s44,op_soma_postns5,musicpile,far,5.62e-06,3.5083664149454195,3.558633856577416,3.7463022892722413,3.5148952357223124,0.043738620855103605,-0.23793587432682184,0.557572777405033,1744.3738242488112,3.363380193710327,ok,20.9
pythia70m_s44,op_soma_postns5,musicpile,far,1e-05,3.4530401061892277,3.5887345539847,3.7463022892722413,3.5148952357223124,0.07383931826238754,-0.29326218308301355,0.9093875091059975,1744.3738242488112,3.2963534593582153,ok,20.8
pythia70m_s44,op_soma_postns5,musicpile,far,1.78e-05,3.4120165979792225,3.6299492934911917,3.7463022892722413,3.5148952357223124,0.11505405776887923,-0.33428569129301877,1.4123086072142432,1744.3738242488112,3.2441506385803223,ok,20.9
pythia70m_s44,op_soma_postns5,musicpile,far,3.16e-05,3.3821230102658504,3.676428737005842,3.7463022892722413,3.5148952357223124,0.16153350128352972,-0.3641792790063909,2.090692317305701,1744.3738242488112,3.2022769451141357,ok,20.9
pythia70m_s44,op_soma_postns5,musicpile,far,5.62e-05,3.369492025058097,3.7328352284291486,3.7463022892722413,3.5148952357223124,0.21793999270683617,-0.3768102642141442,3.0467733180453975,1744.3738242488112,3.17791485786438,ok,20.9
pythia70m_s44,op_soma_postns5,musicpile,far,0.0001,3.381957395669299,3.812686502117,3.7463022892722413,3.5148952357223124,0.2977912663946878,-0.3643448936029423,4.469672257801146,1744.3738242488112,3.173203945159912,ok,20.9
pythia70m_s44,op_soma_postns5,musicpile,far,0.000178,3.453091623265216,3.9498662631339054,3.7463022892722413,3.5148952357223124,0.434971027411593,-0.2932106660070253,6.650745306790402,1744.3738242488112,3.2248759269714355,ok,20.9
pythia70m_s44,op_soma_postns5,musicpile,far,0.000316,3.6112213284068844,4.208785241830606,3.7463022892722413,3.5148952357223124,0.6938900061082935,-0.13508096086535692,10.214902640455108,1744.3738242488112,3.3520413637161255,ok,20.8
pythia70m_s44,op_soma_postns5,musicpile,far,0.000562,3.715508141862903,4.266734278132071,3.7463022892722413,3.5148952357223124,0.7518390424097583,-0.03079414740933828,17.492828025737676,1744.3738242488112,3.484528064727783,ok,20.8
pythia70m_s44,op_soma_postns5,musicpile,far,0.001,4.503474211272895,5.041368674858676,3.7463022892722413,3.5148952357223124,1.5264734391363635,0.7571719220006536,34.79529082173335,1744.3738242488112,4.219959259033203,ok,20.9
pythia70m_s44,op_soma_postns5,musicpile,far,0.00178,6.582354551192132,7.286000626894359,3.7463022892722413,3.5148952357223124,3.7711053911720467,2.836052261919891,62.54836665249049,1744.3738242488112,6.290123701095581,ok,20.8
pythia70m_s44,op_soma_postns5,musicpile,far,0.00316,8.784032683549794,9.684892359545087,3.7463022892722413,3.5148952357223124,6.169997123822775,5.037730394277553,115.01970311578084,1744.3738242488112,8.412554740905762,ok,20.8
pythia70m_s44,op_soma_postns5,musicpile,far,0.00562,13.413439875712834,14.143279252920133,3.7463022892722413,3.5148952357223124,10.62838401719782,9.667137586440592,205.81903595419,1744.3738242488112,13.123459815979004,ok,21.0
pythia70m_s44,op_soma_postns5,musicpile,far,0.01,24.45400809868441,27.91191692314969,3.7463022892722413,3.5148952357223124,24.397021687427376,20.70770580941217,373.4315697379474,1744.3738242488112,23.211158752441406,ok,20.8
pythia70m_s44,soma_prens5,tulu3,near,0.0,3.2616178284885833,3.5159606597661504,3.2616178284885833,3.5159606597661504,0.0,0.0,0.0,1744.433065406981,,base,5.5
pythia70m_s44,soma_prens5,tulu3,near,1e-06,2.948917306799245,3.531111920649758,3.2616178284885833,3.5159606597661504,0.01515126088360752,-0.3127005216893384,0.13704107966166174,1744.433065406981,2.902664303779602,ok,21.0
pythia70m_s44,soma_prens5,tulu3,near,1.78e-06,2.8476295844449457,3.5447531325009938,3.2616178284885833,3.5159606597661504,0.02879247273484342,-0.41398824404363754,0.22850760082062582,1744.433065406981,2.7945713996887207,ok,20.8
pythia70m_s44,soma_prens5,tulu3,near,3.16e-06,2.7564922041622393,3.5601203082359,3.2616178284885833,3.5159606597661504,0.04415964846974951,-0.505125624326344,0.37353539959933546,1744.433065406981,2.6987411975860596,ok,20.9
pythia70m_s44,soma_prens5,tulu3,near,5.62e-06,2.6732835788316223,3.5877022341972693,3.2616178284885833,3.5159606597661504,0.07174157443111895,-0.588334249656961,0.6117767323202595,1744.433065406981,2.6086411476135254,ok,20.8
pythia70m_s44,soma_prens5,tulu3,near,1e-05,2.6005634225744556,3.635492705552312,3.2616178284885833,3.5159606597661504,0.1195320457861615,-0.6610544059141277,0.9964661031964263,1744.433065406981,2.5317572355270386,ok,20.8
pythia70m_s44,soma_prens5,tulu3,near,1.78e-05,2.5410629093297072,3.700748816861565,3.2616178284885833,3.5159606597661504,0.18478815709541463,-0.720554919158876,1.5689989134443099,1744.433065406981,2.469604015350342,ok,20.8
pythia70m_s44,soma_prens5,tulu3,near,3.16e-05,2.5018725833780846,3.7747482217687915,3.2616178284885833,3.5159606597661504,0.2587875620026412,-0.7597452451104987,2.319620035967453,1744.433065406981,2.4289779663085938,ok,20.8
pythia70m_s44,soma_prens5,tulu3,near,5.62e-05,2.482938800072717,3.857564414783933,3.2616178284885833,3.5159606597661504,0.3416037550177826,-0.7786790284158664,3.3311270887153692,1744.433065406981,2.4020479917526245,ok,20.8
pythia70m_s44,soma_prens5,tulu3,near,0.0001,2.4972281633291225,3.970365938608427,3.2616178284885833,3.5159606597661504,0.45440527884227677,-0.7643896651594608,4.69107472482539,1744.433065406981,2.4113534688949585,ok,20.8
pythia70m_s44,soma_prens5,tulu3,near,0.000178,2.5532246718434672,4.184744791975227,3.2616178284885833,3.5159606597661504,0.6687841322090766,-0.708393156645116,7.034435917769621,1744.433065406981,2.460779905319214,ok,20.8
pythia70m_s44,soma_prens5,tulu3,near,0.000316,2.6981206994700573,4.568721808566039,3.2616178284885833,3.5159606597661504,1.0527611487998887,-0.563497129018526,10.920295865080774,1744.433065406981,2.582628846168518,ok,20.8
pythia70m_s44,soma_prens5,tulu3,near,0.000562,2.7359048876977012,4.360988743851096,3.2616178284885833,3.5159606597661504,0.8450280840849458,-0.525712940790882,19.07671438522141,1744.433065406981,2.6545177698135376,ok,20.8
pythia70m_s44,soma_prens5,tulu3,near,0.001,3.3973740280957605,5.15763042024437,3.2616178284885833,3.5159606597661504,1.6416697604782198,0.13575619960717722,34.0877330047783,1744.433065406981,3.3176275491714478,ok,20.9
pythia70m_s44,soma_prens5,tulu3,near,0.00178,5.635558678912557,7.3532343601294,3.2616178284885833,3.5159606597661504,3.8372737003632493,2.3739408504239736,62.8858038704344,1744.433065406981,5.5626914501190186,ok,20.8
pythia70m_s44,soma_prens5,tulu3,near,0.00316,7.148729626679841,8.81188384054225,3.2616178284885833,3.5159606597661504,5.2959231807761,3.8871117981912575,113.17570605785879,1744.433065406981,7.02966570854187,ok,20.8
pythia70m_s44,soma_prens5,tulu3,near,0.00562,12.384283017272352,14.303443460781747,3.2616178284885833,3.5159606597661504,10.787482801015596,9.122665188783769,203.75178854667794,1744.433065406981,12.217447280883789,ok,21.0
pythia70m_s44,soma_prens5,tulu3,near,0.01,25.522532125275195,31.440378207749816,3.2616178284885833,3.5159606597661504,27.924417547983666,22.260914296786613,364.26020427076116,1744.433065406981,25.801384925842285,ok,20.8
pythia70m_s44,op_soma_postns5,tulu3,near,0.0,3.274231778198959,3.5148952357223124,3.274231778198959,3.5148952357223124,0.0,0.0,0.0,1744.3738242488112,,base,5.5
pythia70m_s44,op_soma_postns5,tulu3,near,1e-06,2.9581359370580627,3.5309337907108076,3.274231778198959,3.5148952357223124,0.016038554988495157,-0.3160958411408963,0.13736050787564633,1744.3738242488112,2.9120137691497803,ok,21.0
pythia70m_s44,op_soma_postns5,tulu3,near,1.78e-06,2.854199814469847,3.5446554060784803,3.274231778198959,3.5148952357223124,0.029760170356167848,-0.4200319637291119,0.22895471102021772,1744.3738242488112,2.802147626876831,ok,20.8
pythia70m_s44,op_soma_postns5,tulu3,near,3.16e-06,2.75927372314692,3.5605669189572566,3.274231778198959,3.5148952357223124,0.045671683234944194,-0.514958055052039,0.3752690480172927,1744.3738242488112,2.702088236808777,ok,20.8
pythia70m_s44,op_soma_postns5,tulu3,near,5.62e-06,2.6744722489508166,3.588020608383149,3.274231778198959,3.5148952357223124,0.07312537266083652,-0.5997595292481424,0.6142990466614617,1744.3738242488112,2.610045909881592,ok,20.8
pythia70m_s44,op_soma_postns5,tulu3,near,1e-05,2.600917360787289,3.6359045398211993,3.274231778198959,3.5148952357223124,0.12100930409888688,-0.6733144174116701,0.9985705129010983,1744.3738242488112,2.532997965812683,ok,20.8
pythia70m_s44,op_soma_postns5,tulu3,near,1.78e-05,2.542484806008535,3.70144241989942,3.274231778198959,3.5148952357223124,0.18654718417710736,-0.731746972190424,1.569350290325395,1744.3738242488112,2.4713213443756104,ok,20.8
pythia70m_s44,op_soma_postns5,tulu3,near,3.16e-05,2.502092223344717,3.776404942551704,3.274231778198959,3.5148952357223124,0.2615097068293917,-0.7721395548542418,2.3295675708715358,1744.3738242488112,2.429771304130554,ok,20.8
pythia70m_s44,op_soma_postns5,tulu3,near,5.62e-05,2.4828743981288603,3.858624493772503,3.274231778198959,3.5148952357223124,0.3437292580501907,-0.7913573800700986,3.3285648396197693,1744.3738242488112,2.4049359560012817,ok,20.8
pythia70m_s44,op_soma_postns5,tulu3,near,0.0001,2.483665339400857,3.96689359362578,3.274231778198959,3.5148952357223124,0.45199835790346743,-0.790566438798102,4.761650750414294,1744.3738242488112,2.4024113416671753,ok,20.8
pythia70m_s44,op_soma_postns5,tulu3,near,0.000178,2.5529532609853725,4.1816649129012795,3.274231778198959,3.5148952357223124,0.6667696771789671,-0.7212785172135865,7.0421737728342055,1744.3738242488112,2.4610595703125,ok,20.8
pythia70m_s44,op_soma_postns5,tulu3,near,0.000316,2.736090919509559,4.587076549194097,3.274231778198959,3.5148952357223124,1.0721813134717846,-0.5381408586893999,10.899869539903028,1744.3738242488112,2.6177440881729126,ok,20.8
pythia70m_s44,op_soma_postns5,tulu3,near,0.000562,2.7646068565532884,4.383289374484008,3.274231778198959,3.5148952357223124,0.8683941387616954,-0.5096249216456705,19.117190870341542,1744.3738242488112,2.6784956455230713,ok,20.8
pythia70m_s44,op_soma_postns5,tulu3,near,0.001,3.3290737099843484,5.123522973107265,3.274231778198959,3.5148952357223124,1.608627737384953,0.05484193178538943,34.46865624099282,1744.3738242488112,3.229367256164551,ok,20.7
pythia70m_s44,op_soma_postns5,tulu3,near,0.00178,5.840208318602082,7.474681324221617,3.274231778198959,3.5148952357223124,3.9597860884993046,2.565976540403123,62.54676554877206,1744.3738242488112,5.761685371398926,ok,20.8
pythia70m_s44,op_soma_postns5,tulu3,near,0.00316,6.636471309773842,8.006137183501062,3.274231778198959,3.5148952357223124,4.49124194777875,3.3622395315748834,110.33793631641112,1744.3738242488112,6.5223548412323,ok,20.8
pythia70m_s44,op_soma_postns5,tulu3,near,0.00562,12.310145697248425,15.253983111297547,3.274231778198959,3.5148952357223124,11.739087875575235,9.035913919049467,204.9403717848884,1744.3738242488112,12.193148136138916,ok,21.1
pythia70m_s44,op_soma_postns5,tulu3,near,0.01,26.840752170510488,30.85422821940741,3.274231778198959,3.5148952357223124,27.339332983685097,23.566520392311528,374.56759806731617,1744.3738242488112,26.686338424682617,ok,20.8
