variant,label,algorithm,outer,origin,alpha,rho,median,q25,q75,mean_finite,divergence_rate,perturbation,oracle_calls
friendly-sam-adam@global,Friendly SAM + AdamW [global Frob],friendly-sam-adam,adam,added,1.1,0.01,2.2758893952308057,2.2611743623678136,2.2829857161191773,2.2711535307720547,0.0,0.00999999999999975,1500
friendly-sam-adam@global,Friendly SAM + AdamW [global Frob],friendly-sam-adam,adam,added,1.1,0.02,2.2757064430984952,2.261730514353239,2.2828859686202225,2.271234684913166,0.0,0.0199999999999995,1500
friendly-sam-adam@global,Friendly SAM + AdamW [global Frob],friendly-sam-adam,adam,added,1.1,0.05,2.275530637039479,2.2620994253805566,2.2831840791707196,2.2713702945513106,0.0,0.0499999999999989,1500
friendly-sam-adam@global,Friendly SAM + AdamW [global Frob],friendly-sam-adam,adam,added,1.1,0.1,2.275280932531508,2.26144470368444,2.283304866978095,2.271230889537825,0.0,0.0999999999999978,1500
friendly-sam-adam@global,Friendly SAM + AdamW [global Frob],friendly-sam-adam,adam,added,1.1,0.2,2.275265080801071,2.2615721693244613,2.282564788623653,2.2709750156986255,0.0,0.19999999999999568,1500
friendly-sam-adam@global,Friendly SAM + AdamW [global Frob],friendly-sam-adam,adam,added,1.1,0.5,2.2745194608388934,2.2620370613857426,2.28117456703895,2.270418925651243,0.0,0.4999999999999893,1500
friendly-sam-adam@global,Friendly SAM + AdamW [global Frob],friendly-sam-adam,adam,added,1.1,1.0,2.2764774569818984,2.2625273147840312,2.2813485870528663,2.2710641419856277,0.0,0.9999999999999787,1500
friendly-sam-adam@global,Friendly SAM + AdamW [global Frob],friendly-sam-adam,adam,added,1.6,0.01,2.028750378646249,2.0189149192047515,2.0458855039150294,2.028379476068767,0.0,0.009999999999997199,1500
friendly-sam-adam@global,Friendly SAM + AdamW [global Frob],friendly-sam-adam,adam,added,1.6,0.02,2.0288566794339786,2.0185929330165178,2.0453211687595356,2.0281656529817713,0.0,0.01999999999999445,1500
friendly-sam-adam@global,Friendly SAM + AdamW [global Frob],friendly-sam-adam,adam,added,1.6,0.05,2.029619108968941,2.0188738993292015,2.0455796273886895,2.0282155293981807,0.0,0.049999999999986194,1500
friendly-sam-adam@global,Friendly SAM + AdamW [global Frob],friendly-sam-adam,adam,added,1.6,0.1,2.030618185985295,2.0176566492736647,2.0453418238968206,2.0282515042006093,0.0,0.09999999999997244,1500
friendly-sam-adam@global,Friendly SAM + AdamW [global Frob],friendly-sam-adam,adam,added,1.6,0.2,2.0300115194940287,2.0192057061930866,2.0464092946861796,2.0279462114224915,0.0,0.19999999999994506,1500
friendly-sam-adam@global,Friendly SAM + AdamW [global Frob],friendly-sam-adam,adam,added,1.6,0.5,2.0297693555166205,2.020655055663081,2.0448537142321004,2.027102056240923,0.0,0.49999999999986267,1500
friendly-sam-adam@global,Friendly SAM + AdamW [global Frob],friendly-sam-adam,adam,added,1.6,1.0,2.0304706563432466,2.0201405388290428,2.0437416348160844,2.0274573029845455,0.0,0.999999999999725,1500
friendly-sam-adam@global,Friendly SAM + AdamW [global Frob],friendly-sam-adam,adam,added,2.0,0.01,1.9674005413240434,1.9599384992894588,1.9832254917418304,1.9713281008468166,0.0,0.0099999999999954,1500
friendly-sam-adam@global,Friendly SAM + AdamW [global Frob],friendly-sam-adam,adam,added,2.0,0.02,1.9659816225572022,1.9601890501772137,1.9827931654159963,1.9708170658106425,0.0,0.0199999999999909,1500
friendly-sam-adam@global,Friendly SAM + AdamW [global Frob],friendly-sam-adam,adam,added,2.0,0.05,1.9654361974614956,1.9617615556936647,1.9827596006015336,1.970140176025984,0.0,0.049999999999977354,1500
friendly-sam-adam@global,Friendly SAM + AdamW [global Frob],friendly-sam-adam,adam,added,2.0,0.1,1.9645754963302702,1.960422831041477,1.9829869972451644,1.969494368228332,0.0,0.09999999999995475,1500
friendly-sam-adam@global,Friendly SAM + AdamW [global Frob],friendly-sam-adam,adam,added,2.0,0.2,1.9644466185987777,1.9584605104236048,1.9798747180733913,1.968557011058395,0.0,0.1999999999999095,1500
friendly-sam-adam@global,Friendly SAM + AdamW [global Frob],friendly-sam-adam,adam,added,2.0,0.5,1.963509879794893,1.957316191399331,1.9777741129800055,1.9673575630238682,0.0,0.49999999999977346,1500
friendly-sam-adam@global,Friendly SAM + AdamW [global Frob],friendly-sam-adam,adam,added,2.0,1.0,1.9629605746820373,1.9559592432310093,1.9826633848911235,1.9672067766157033,0.0,0.9999999999995461,1500
friendly-sam-adam@global,Friendly SAM + AdamW [global Frob],friendly-sam-adam,adam,added,3.0,0.01,1.9432329900756113,1.9394660254544949,1.9480820647999604,1.942436272137316,0.0,0.0099999999999933,1500
friendly-sam-adam@global,Friendly SAM + AdamW [global Frob],friendly-sam-adam,adam,added,3.0,0.02,1.9429255359629014,1.9394217600075752,1.9496136672586992,1.9427841122282579,0.0,0.01999999999998665,1500
friendly-sam-adam@global,Friendly SAM + AdamW [global Frob],friendly-sam-adam,adam,added,3.0,0.05,1.9441084569669678,1.9354043511767838,1.9464212663809646,1.941519332638262,0.0,0.0499999999999666,1500
friendly-sam-adam@global,Friendly SAM + AdamW [global Frob],friendly-sam-adam,adam,added,3.0,0.1,1.9434006941653053,1.935190937390392,1.9477018966325237,1.9410059521974035,0.0,0.09999999999993306,1500
friendly-sam-adam@global,Friendly SAM + AdamW [global Frob],friendly-sam-adam,adam,added,3.0,0.2,1.939105100207016,1.9346423233958974,1.9449299813599632,1.938242956091184,0.0,0.19999999999986584,1500
friendly-sam-adam@global,Friendly SAM + AdamW [global Frob],friendly-sam-adam,adam,added,3.0,0.5,1.9339209076600312,1.928807273931589,1.9356227657855183,1.9316158676980977,0.0,0.4999999999996632,1500
friendly-sam-adam@global,Friendly SAM + AdamW [global Frob],friendly-sam-adam,adam,added,3.0,1.0,1.9261688571427293,1.9202622027222043,1.9335471085953169,1.9270515827142911,0.0,0.9999999999993228,1500
friendly-sam-adam@per-layer,Friendly SAM + AdamW [per-layer Frob],friendly-sam-adam,adam,added,1.1,0.01,2.2756743315116763,2.2613732949526275,2.282955347648577,2.2711547391873976,0.0,0.01414213562373005,1500
friendly-sam-adam@per-layer,Friendly SAM + AdamW [per-layer Frob],friendly-sam-adam,adam,added,1.1,0.02,2.2754717336464667,2.2619443201572476,2.2829790485140364,2.271259913373348,0.0,0.02828427124746015,1500
friendly-sam-adam@per-layer,Friendly SAM + AdamW [per-layer Frob],friendly-sam-adam,adam,added,1.1,0.05,2.2754115428572863,2.26176655994257,2.282945974169575,2.271219460290771,0.0,0.07071067811865045,1500
friendly-sam-adam@per-layer,Friendly SAM + AdamW [per-layer Frob],friendly-sam-adam,adam,added,1.1,0.1,2.275365644416893,2.261488041579623,2.282807774060141,2.2711545331798133,0.0,0.14142135623730084,1500
friendly-sam-adam@per-layer,Friendly SAM + AdamW [per-layer Frob],friendly-sam-adam,adam,added,1.1,0.2,2.2754974453935697,2.261761596113195,2.281962616664906,2.270864572388889,0.0,0.2828427124746018,1500
friendly-sam-adam@per-layer,Friendly SAM + AdamW [per-layer Frob],friendly-sam-adam,adam,added,1.1,0.5,2.274955545201074,2.26056721406535,2.2800327123403443,2.2698051965791906,0.0,0.7071067811865046,1500
friendly-sam-adam@per-layer,Friendly SAM + AdamW [per-layer Frob],friendly-sam-adam,adam,added,1.1,1.0,2.2748264668083453,2.262920522563087,2.282439190698959,2.270535961285889,0.0,1.4142135623730088,1500
friendly-sam-adam@per-layer,Friendly SAM + AdamW [per-layer Frob],friendly-sam-adam,adam,added,1.6,0.01,2.028966138851029,2.0193889689408895,2.0456505268931853,2.0283419633561577,0.0,0.01414213562372485,1500
friendly-sam-adam@per-layer,Friendly SAM + AdamW [per-layer Frob],friendly-sam-adam,adam,added,1.6,0.02,2.0297474918050566,2.018432059600955,2.045490055636569,2.028073578280409,0.0,0.028284271247449748,1500
friendly-sam-adam@per-layer,Friendly SAM + AdamW [per-layer Frob],friendly-sam-adam,adam,added,1.6,0.05,2.029984309160775,2.0191775175701516,2.0445430959667346,2.027947668391399,0.0,0.07071067811862444,1500
friendly-sam-adam@per-layer,Friendly SAM + AdamW [per-layer Frob],friendly-sam-adam,adam,added,1.6,0.1,2.0293822453517634,2.019666363551951,2.046276964731916,2.0279419276783215,0.0,0.14142135623724889,1500
friendly-sam-adam@per-layer,Friendly SAM + AdamW [per-layer Frob],friendly-sam-adam,adam,added,1.6,0.2,2.030147337398291,2.0197552197596855,2.0453997966683963,2.0273944869592606,0.0,0.28284271247449777,1500
friendly-sam-adam@per-layer,Friendly SAM + AdamW [per-layer Frob],friendly-sam-adam,adam,added,1.6,0.5,2.028233037035627,2.0209864821182806,2.042248749531442,2.0255724655609324,0.0,0.7071067811862445,1500
friendly-sam-adam@per-layer,Friendly SAM + AdamW [per-layer Frob],friendly-sam-adam,adam,added,1.6,1.0,2.0300126202282147,2.0210152847420675,2.0425694056529182,2.0265204444013367,0.0,1.4142135623724883,1500
friendly-sam-adam@per-layer,Friendly SAM + AdamW [per-layer Frob],friendly-sam-adam,adam,added,2.0,0.01,1.966625461164042,1.9605900837421126,1.9822774694388337,1.9711446000953088,0.0,0.01414213562372095,1500
friendly-sam-adam@per-layer,Friendly SAM + AdamW [per-layer Frob],friendly-sam-adam,adam,added,2.0,0.02,1.967061448616055,1.9615134309924078,1.9831431037693554,1.9712135841650862,0.0,0.028284271247442,1500
friendly-sam-adam@per-layer,Friendly SAM + AdamW [per-layer Frob],friendly-sam-adam,adam,added,2.0,0.05,1.9657066445498526,1.9611734175612876,1.9821027162527936,1.9697635669682647,0.0,0.07071067811860515,1500
friendly-sam-adam@per-layer,Friendly SAM + AdamW [per-layer Frob],friendly-sam-adam,adam,added,2.0,0.1,1.965510096924663,1.9594617410453687,1.9814993231498341,1.9694412916987327,0.0,0.14142135623721014,1500
friendly-sam-adam@per-layer,Friendly SAM + AdamW [per-layer Frob],friendly-sam-adam,adam,added,2.0,0.2,1.9646314161096914,1.957630261253607,1.9794536132748974,1.9679695771745873,0.0,0.28284271247442017,1500
friendly-sam-adam@per-layer,Friendly SAM + AdamW [per-layer Frob],friendly-sam-adam,adam,added,2.0,0.5,1.9613562933917503,1.9543523253101611,1.9795598761729518,1.9656268559194765,0.0,0.7071067811860485,1500
friendly-sam-adam@per-layer,Friendly SAM + AdamW [per-layer Frob],friendly-sam-adam,adam,added,2.0,1.0,1.966253780199118,1.9559729520844313,1.9849819242261904,1.9694418287082902,0.0,1.4142135623720942,1500
friendly-sam-adam@per-layer,Friendly SAM + AdamW [per-layer Frob],friendly-sam-adam,adam,added,3.0,0.01,1.9439752068792306,1.939535863016444,1.948486020348005,1.942887014953604,0.0,0.01414213562371655,1500
friendly-sam-adam@per-layer,Friendly SAM + AdamW [per-layer Frob],friendly-sam-adam,adam,added,3.0,0.02,1.9441985015479022,1.9379878642653523,1.9477182361339702,1.9424420473940631,0.0,0.028284271247433,1500
friendly-sam-adam@per-layer,Friendly SAM + AdamW [per-layer Frob],friendly-sam-adam,adam,added,3.0,0.05,1.9431064611543518,1.9353424781469855,1.9466155226283732,1.9413122832787644,0.0,0.0707106781185826,1500
friendly-sam-adam@per-layer,Friendly SAM + AdamW [per-layer Frob],friendly-sam-adam,adam,added,3.0,0.1,1.9416712037087511,1.9348458016287735,1.9445148471094253,1.9387849729927653,0.0,0.14142135623716479,1500
friendly-sam-adam@per-layer,Friendly SAM + AdamW [per-layer Frob],friendly-sam-adam,adam,added,3.0,0.2,1.9372838940617578,1.9312594195434094,1.9396824361372733,1.9345481551127666,0.0,0.2828427124743268,1500
friendly-sam-adam@per-layer,Friendly SAM + AdamW [per-layer Frob],friendly-sam-adam,adam,added,3.0,0.5,1.9289110898554596,1.9216025402594146,1.9335085479101057,1.9270882774394749,0.0,0.7071067811858097,1500
friendly-sam-adam@per-layer,Friendly SAM + AdamW [per-layer Frob],friendly-sam-adam,adam,added,3.0,1.0,1.9325242840553254,1.9276948219245582,1.9375877630200384,1.932816615311727,0.0,1.4142135623716117,1500
friendly-sam-sgd@global,Friendly SAM + SGD [global Frob],friendly-sam-sgd,sgd,both,1.1,0.01,581.5136650260675,552.1657456522606,611.433823157693,580.5607277563638,0.0,0.00999999999999975,1500
friendly-sam-sgd@global,Friendly SAM + SGD [global Frob],friendly-sam-sgd,sgd,both,1.1,0.02,560.0543670371082,534.5661982755043,608.0077804664656,567.535933664725,0.0,0.0199999999999995,1500
friendly-sam-sgd@global,Friendly SAM + SGD [global Frob],friendly-sam-sgd,sgd,both,1.1,0.05,570.1504975728425,557.9011759060047,586.0388215377083,567.2409844529227,0.0,0.04999999999999895,1500
friendly-sam-sgd@global,Friendly SAM + SGD [global Frob],friendly-sam-sgd,sgd,both,1.1,0.1,555.8154605997249,541.9191344549541,586.4788184972508,557.1445597496529,0.0,0.09999999999999784,1500
friendly-sam-sgd@global,Friendly SAM + SGD [global Frob],friendly-sam-sgd,sgd,both,1.1,0.2,556.1185435291353,534.7414224745506,599.1213130619103,561.1789295967528,0.0,0.19999999999999585,1500
friendly-sam-sgd@global,Friendly SAM + SGD [global Frob],friendly-sam-sgd,sgd,both,1.1,0.5,533.7914381547935,503.1776986686583,574.0549557945344,545.1089607300728,0.0,0.49999999999998934,1500
friendly-sam-sgd@global,Friendly SAM + SGD [global Frob],friendly-sam-sgd,sgd,both,1.1,1.0,552.7211320278675,530.5952703640568,575.6999355724464,554.5622277320219,0.0,0.9999999999999795,1500
friendly-sam-sgd@global,Friendly SAM + SGD [global Frob],friendly-sam-sgd,sgd,both,1.6,0.01,60.316704439762745,52.761879078550855,64.38791913144463,58.91647840750895,0.0,0.00999999999999725,1500
friendly-sam-sgd@global,Friendly SAM + SGD [global Frob],friendly-sam-sgd,sgd,both,1.6,0.02,58.254329485369695,52.457857950342216,65.59467895832873,58.95243735380438,0.0,0.01999999999999435,1500
friendly-sam-sgd@global,Friendly SAM + SGD [global Frob],friendly-sam-sgd,sgd,both,1.6,0.05,56.107355405701384,52.42219009578674,64.02128904926323,57.375009597235945,0.0,0.0499999999999859,1500
friendly-sam-sgd@global,Friendly SAM + SGD [global Frob],friendly-sam-sgd,sgd,both,1.6,0.1,55.59676928693408,51.57821761582548,63.688623952754085,57.22431302882755,0.0,0.09999999999997256,1500
friendly-sam-sgd@global,Friendly SAM + SGD [global Frob],friendly-sam-sgd,sgd,both,1.6,0.2,56.23730165592944,49.54409476883069,57.91754651675048,54.70117461831168,0.0,0.19999999999994356,1500
friendly-sam-sgd@global,Friendly SAM + SGD [global Frob],friendly-sam-sgd,sgd,both,1.6,0.5,52.82267253516058,43.288958736075585,56.27815804358192,50.427680539691316,0.0,0.4999999999998592,1500
friendly-sam-sgd@global,Friendly SAM + SGD [global Frob],friendly-sam-sgd,sgd,both,1.6,1.0,48.60411162048733,43.997715633799714,51.44492482350561,48.10742462487676,0.0,0.9999999999997187,1500
friendly-sam-sgd@global,Friendly SAM + SGD [global Frob],friendly-sam-sgd,sgd,both,2.0,0.01,10.706049837788164,9.695939205446374,11.157028817363065,10.718551526480779,0.0,0.0099999999999952,1500
friendly-sam-sgd@global,Friendly SAM + SGD [global Frob],friendly-sam-sgd,sgd,both,2.0,0.02,10.994401763374253,9.666392514491344,11.522651901425576,10.779511056069628,0.0,0.0199999999999904,1500
friendly-sam-sgd@global,Friendly SAM + SGD [global Frob],friendly-sam-sgd,sgd,both,2.0,0.05,10.439165518919177,9.940319664363363,10.717214300622796,10.472177421032194,0.0,0.04999999999997605,1500
friendly-sam-sgd@global,Friendly SAM + SGD [global Frob],friendly-sam-sgd,sgd,both,2.0,0.1,10.706873644019264,9.524064719158432,11.054200320109118,10.701084462546245,0.0,0.0999999999999522,1500
friendly-sam-sgd@global,Friendly SAM + SGD [global Frob],friendly-sam-sgd,sgd,both,2.0,0.2,10.046463880004715,9.688462663491483,10.562356731118957,10.336130452012547,0.0,0.19999999999990442,1500
friendly-sam-sgd@global,Friendly SAM + SGD [global Frob],friendly-sam-sgd,sgd,both,2.0,0.5,9.23174727403739,9.035517178060166,9.730148216193435,9.439243660658608,0.0,0.4999999999997612,1500
friendly-sam-sgd@global,Friendly SAM + SGD [global Frob],friendly-sam-sgd,sgd,both,2.0,1.0,7.704454500000638,7.373867311612647,7.876935311907987,7.7227870613501555,0.0,0.999999999999523,1500
friendly-sam-sgd@global,Friendly SAM + SGD [global Frob],friendly-sam-sgd,sgd,both,3.0,0.01,5.027460050667648,4.806020223625994,5.181412676336789,5.010801810211737,0.0,0.0099999999999924,1500
friendly-sam-sgd@global,Friendly SAM + SGD [global Frob],friendly-sam-sgd,sgd,both,3.0,0.02,4.930522778201997,4.783277224675963,5.036148147013352,4.942242912933018,0.0,0.01999999999998485,1500
friendly-sam-sgd@global,Friendly SAM + SGD [global Frob],friendly-sam-sgd,sgd,both,3.0,0.05,5.018975965905142,4.818910768251539,5.173766896989417,5.026133274466517,0.0,0.04999999999996225,1500
friendly-sam-sgd@global,Friendly SAM + SGD [global Frob],friendly-sam-sgd,sgd,both,3.0,0.1,4.810871044232057,4.65608034294876,5.15601241727502,4.92076677742628,0.0,0.09999999999992451,1500
friendly-sam-sgd@global,Friendly SAM + SGD [global Frob],friendly-sam-sgd,sgd,both,3.0,0.2,4.989292536883637,4.838860436831415,5.152362056940211,5.014465711501723,0.0,0.19999999999984905,1500
friendly-sam-sgd@global,Friendly SAM + SGD [global Frob],friendly-sam-sgd,sgd,both,3.0,0.5,4.575869786621009,4.5444526156709815,4.744184269637806,4.701658941378218,0.0,0.49999999999962264,1500
friendly-sam-sgd@global,Friendly SAM + SGD [global Frob],friendly-sam-sgd,sgd,both,3.0,1.0,4.0433330084995,3.897514605406117,4.133924493132734,4.021687020031026,0.0,0.9999999999992457,1500
friendly-sam-sgd@per-layer,Friendly SAM + SGD [per-layer Frob],friendly-sam-sgd,sgd,both,1.1,0.01,557.0202672369323,543.2491874754277,595.5911906527792,568.0828372099431,0.0,0.0141421356237302,1500
friendly-sam-sgd@per-layer,Friendly SAM + SGD [per-layer Frob],friendly-sam-sgd,sgd,both,1.1,0.02,565.3386441553101,542.541426558392,587.5729907589416,570.7311142223513,0.0,0.0282842712474604,1500
friendly-sam-sgd@per-layer,Friendly SAM + SGD [per-layer Frob],friendly-sam-sgd,sgd,both,1.1,0.05,561.8407502925762,539.3981820058737,583.1715940344781,566.5111467632316,0.0,0.07071067811865125,1500
friendly-sam-sgd@per-layer,Friendly SAM + SGD [per-layer Frob],friendly-sam-sgd,sgd,both,1.1,0.1,571.670921219214,547.4428247967332,594.2008419202953,572.111100362813,0.0,0.14142135623730206,1500
friendly-sam-sgd@per-layer,Friendly SAM + SGD [per-layer Frob],friendly-sam-sgd,sgd,both,1.1,0.2,560.4736719875185,525.5291226986641,585.3233654799749,558.2655837205917,0.0,0.282842712474606,1500
friendly-sam-sgd@per-layer,Friendly SAM + SGD [per-layer Frob],friendly-sam-sgd,sgd,both,1.1,0.5,540.0563854364486,529.1588814944996,568.8628680262079,549.6920785857956,0.0,0.7071067811865115,1500
friendly-sam-sgd@per-layer,Friendly SAM + SGD [per-layer Frob],friendly-sam-sgd,sgd,both,1.1,1.0,524.8476031748207,516.1623809483594,583.3650497305297,544.3283733029731,0.0,1.4142135623730185,1500
friendly-sam-sgd@per-layer,Friendly SAM + SGD [per-layer Frob],friendly-sam-sgd,sgd,both,1.6,0.01,58.25624794126915,50.817530050936305,65.09606848968626,58.44712235801264,0.0,0.014142135623724648,1500
friendly-sam-sgd@per-layer,Friendly SAM + SGD [per-layer Frob],friendly-sam-sgd,sgd,both,1.6,0.02,57.951805310872246,52.34535951223569,64.06515948189902,58.13536816410276,0.0,0.0282842712474494,1500
friendly-sam-sgd@per-layer,Friendly SAM + SGD [per-layer Frob],friendly-sam-sgd,sgd,both,1.6,0.05,58.289314403012106,52.16351735758382,63.41181131447516,58.56546111568136,0.0,0.0707106781186237,1500
friendly-sam-sgd@per-layer,Friendly SAM + SGD [per-layer Frob],friendly-sam-sgd,sgd,both,1.6,0.1,59.99212532710705,48.62467588975656,62.79217024083454,57.37723773894709,0.0,0.1414213562372473,1500
friendly-sam-sgd@per-layer,Friendly SAM + SGD [per-layer Frob],friendly-sam-sgd,sgd,both,1.6,0.2,56.07589341646194,49.95163702798538,59.526998827803524,54.78544709918319,0.0,0.28284271247449466,1500
friendly-sam-sgd@per-layer,Friendly SAM + SGD [per-layer Frob],friendly-sam-sgd,sgd,both,1.6,0.5,49.021379573133224,45.10211087320555,50.85026074101658,48.290324285707825,0.0,0.7071067811862369,1500
friendly-sam-sgd@per-layer,Friendly SAM + SGD [per-layer Frob],friendly-sam-sgd,sgd,both,1.6,1.0,43.16676278302707,40.59352269123173,44.103546525122724,41.550070524762816,0.0,1.414213562372474,1500
friendly-sam-sgd@per-layer,Friendly SAM + SGD [per-layer Frob],friendly-sam-sgd,sgd,both,2.0,0.01,10.366261709336392,10.083868328620369,10.845995188984462,10.565888550251586,0.0,0.0141421356237202,1500
friendly-sam-sgd@per-layer,Friendly SAM + SGD [per-layer Frob],friendly-sam-sgd,sgd,both,2.0,0.02,10.80800985336298,9.468967497007089,11.039301143980838,10.717019324945003,0.0,0.02828427124744045,1500
friendly-sam-sgd@per-layer,Friendly SAM + SGD [per-layer Frob],friendly-sam-sgd,sgd,both,2.0,0.05,10.883429857432901,9.563130702163708,11.046508090396813,10.843326825291456,0.0,0.0707106781186012,1500
friendly-sam-sgd@per-layer,Friendly SAM + SGD [per-layer Frob],friendly-sam-sgd,sgd,both,2.0,0.1,10.222017463534273,9.723287057110321,10.575590274300774,10.512205137277245,0.0,0.14142135623720245,1500
friendly-sam-sgd@per-layer,Friendly SAM + SGD [per-layer Frob],friendly-sam-sgd,sgd,both,2.0,0.2,10.035968595330196,9.447671655461756,10.285814533761922,9.941138890418657,0.0,0.28284271247440496,1500
friendly-sam-sgd@per-layer,Friendly SAM + SGD [per-layer Frob],friendly-sam-sgd,sgd,both,2.0,0.5,8.763613381194496,8.219039123200226,9.203957415496767,8.677657096887291,0.0,0.7071067811860122,1500
friendly-sam-sgd@per-layer,Friendly SAM + SGD [per-layer Frob],friendly-sam-sgd,sgd,both,2.0,1.0,6.340360740916148,6.0658724833402395,6.638508758183646,6.251590681072516,0.0,1.4142135623720242,1500
friendly-sam-sgd@per-layer,Friendly SAM + SGD [per-layer Frob],friendly-sam-sgd,sgd,both,3.0,0.01,4.949285697059079,4.800549492146996,5.078665392538848,4.963802034884969,0.0,0.014142135623713699,1500
friendly-sam-sgd@per-layer,Friendly SAM + SGD [per-layer Frob],friendly-sam-sgd,sgd,both,3.0,0.02,4.8424189932457455,4.761309559102776,5.027245322891234,4.93083758050442,0.0,0.02828427124742745,1500
friendly-sam-sgd@per-layer,Friendly SAM + SGD [per-layer Frob],friendly-sam-sgd,sgd,both,3.0,0.05,4.951176299286004,4.788118555264164,5.143847696089415,4.98975407361051,0.0,0.07071067811856879,1500
friendly-sam-sgd@per-layer,Friendly SAM + SGD [per-layer Frob],friendly-sam-sgd,sgd,both,3.0,0.1,4.960891809561314,4.880757566905279,5.151691318932457,5.018997928279028,0.0,0.14142135623713742,1500
friendly-sam-sgd@per-layer,Friendly SAM + SGD [per-layer Frob],friendly-sam-sgd,sgd,both,3.0,0.2,4.849162501197006,4.742331428117335,4.991265566936574,4.880805824303093,0.0,0.28284271247427506,1500
friendly-sam-sgd@per-layer,Friendly SAM + SGD [per-layer Frob],friendly-sam-sgd,sgd,both,3.0,0.5,4.432571692755879,4.3643730985235365,4.508063504442124,4.4703052766355,0.0,0.7071067811856877,1500
friendly-sam-sgd@per-layer,Friendly SAM + SGD [per-layer Frob],friendly-sam-sgd,sgd,both,3.0,1.0,3.41534611429672,3.333370971637381,3.457461998285009,3.4481062346908105,0.0,1.4142135623713772,1500
full-spectral-sam-muon,Full Spectral SAM-Muon,full-spectral-sam-muon,muon,both,1.1,0.01,2.583433705972295,2.5396665129388865,2.6612150675124795,2.5817471136526065,0.0,0.07226037930763024,1000
full-spectral-sam-muon,Full Spectral SAM-Muon,full-spectral-sam-muon,muon,both,1.1,0.02,2.579604993721926,2.537110985019947,2.6569675782143642,2.5785652449082064,0.0,0.1445437519403284,1000
full-spectral-sam-muon,Full Spectral SAM-Muon,full-spectral-sam-muon,muon,both,1.1,0.05,2.5718255649515234,2.53257398431979,2.64753415594395,2.5709837780941625,0.0,0.3609936934426194,1000
full-spectral-sam-muon,Full Spectral SAM-Muon,full-spectral-sam-muon,muon,both,1.1,0.1,2.559551763108412,2.5170143629275383,2.633021168039261,2.55725630827681,0.0,0.722519401689355,1000
full-spectral-sam-muon,Full Spectral SAM-Muon,full-spectral-sam-muon,muon,both,1.1,0.2,2.5358598154585557,2.4909550775352742,2.6028313438369723,2.5313873962785873,0.0,1.446731938677099,1000
full-spectral-sam-muon,Full Spectral SAM-Muon,full-spectral-sam-muon,muon,both,1.1,0.5,2.4731122810967827,2.434389275540983,2.5429794151821477,2.47583501149736,0.0,3.613371659265132,1000
full-spectral-sam-muon,Full Spectral SAM-Muon,full-spectral-sam-muon,muon,both,1.1,1.0,2.42684663124002,2.3816208429897046,2.492433979034142,2.4347708603792313,0.0,7.220473861320825,1000
full-spectral-sam-muon,Full Spectral SAM-Muon,full-spectral-sam-muon,muon,both,1.6,0.01,2.2400215037087348,2.222608621310731,2.2567840267469967,2.240492021015431,0.0,0.07152905684193556,1000
full-spectral-sam-muon,Full Spectral SAM-Muon,full-spectral-sam-muon,muon,both,1.6,0.02,2.2277501187987694,2.2094072985737996,2.24806540122637,2.231614807861253,0.0,0.1428434016731451,1000
full-spectral-sam-muon,Full Spectral SAM-Muon,full-spectral-sam-muon,muon,both,1.6,0.05,2.218355363613309,2.1859005180159823,2.2348191582449135,2.2136477366465064,0.0,0.35663873026905785,1000
full-spectral-sam-muon,Full Spectral SAM-Muon,full-spectral-sam-muon,muon,both,1.6,0.1,2.185928930523415,2.1507640089077262,2.2187021392083657,2.1849985007041126,0.0,0.7125102584620558,1000
full-spectral-sam-muon,Full Spectral SAM-Muon,full-spectral-sam-muon,muon,both,1.6,0.2,2.120918567599962,2.0912373552528933,2.167798996516778,2.1251245079354684,0.0,1.423072929057482,1000
full-spectral-sam-muon,Full Spectral SAM-Muon,full-spectral-sam-muon,muon,both,1.6,0.5,2.007824596325886,1.987313990949212,2.023142117318923,2.002751020154145,0.0,3.561917622740659,1000
full-spectral-sam-muon,Full Spectral SAM-Muon,full-spectral-sam-muon,muon,both,1.6,1.0,2.127971405862971,2.107460325010182,2.1381291986626483,2.124280784848443,0.0,7.16307760669638,1000
full-spectral-sam-muon,Full Spectral SAM-Muon,full-spectral-sam-muon,muon,both,2.0,0.01,2.357379982427005,2.3388908919219253,2.4537074906578433,2.3854638680079603,0.0,0.07033804460470436,1000
full-spectral-sam-muon,Full Spectral SAM-Muon,full-spectral-sam-muon,muon,both,2.0,0.02,2.3528650638134354,2.320795453138322,2.432295066797476,2.3732124426718966,0.0,0.14042163801342605,1000
full-spectral-sam-muon,Full Spectral SAM-Muon,full-spectral-sam-muon,muon,both,2.0,0.05,2.334362663569272,2.3099944420072784,2.4077538452655567,2.349682630873649,0.0,0.3508873390887577,1000
full-spectral-sam-muon,Full Spectral SAM-Muon,full-spectral-sam-muon,muon,both,2.0,0.1,2.2714754891290836,2.2540583880707517,2.3368852584501796,2.2953769497692758,0.0,0.7075724074785699,1000
full-spectral-sam-muon,Full Spectral SAM-Muon,full-spectral-sam-muon,muon,both,2.0,0.2,2.192905697400387,2.168430504205724,2.2381145523975454,2.2003608716672027,0.0,1.4142617290338184,1000
full-spectral-sam-muon,Full Spectral SAM-Muon,full-spectral-sam-muon,muon,both,2.0,0.5,1.969175777261635,1.9464635144872346,1.991027115304488,1.969804530448792,0.0,3.537104495201887,1000
full-spectral-sam-muon,Full Spectral SAM-Muon,full-spectral-sam-muon,muon,both,2.0,1.0,2.1871250610363853,2.1764392474001313,2.208464492814656,2.196910625681024,0.0,7.035146140347907,1000
full-spectral-sam-muon,Full Spectral SAM-Muon,full-spectral-sam-muon,muon,both,3.0,0.01,2.6239271443388175,2.540723586302868,2.6567663915190427,2.6018162551239357,0.0,0.06935018142712934,1000
full-spectral-sam-muon,Full Spectral SAM-Muon,full-spectral-sam-muon,muon,both,3.0,0.02,2.5886339186987337,2.535099921357493,2.646658221421873,2.5854261152086075,0.0,0.13891913388093005,1000
full-spectral-sam-muon,Full Spectral SAM-Muon,full-spectral-sam-muon,muon,both,3.0,0.05,2.5481222657245066,2.5095113745739996,2.6249457863250467,2.5543152269876304,0.0,0.3475256268060771,1000
full-spectral-sam-muon,Full Spectral SAM-Muon,full-spectral-sam-muon,muon,both,3.0,0.1,2.484189305670368,2.4394994203388762,2.5105123933286353,2.474398332252198,0.0,0.6931675238276152,1000
full-spectral-sam-muon,Full Spectral SAM-Muon,full-spectral-sam-muon,muon,both,3.0,0.2,2.306299348615807,2.2715194989336975,2.344972980441943,2.301721126750868,0.0,1.3871537462641257,1000
full-spectral-sam-muon,Full Spectral SAM-Muon,full-spectral-sam-muon,muon,both,3.0,0.5,1.946312202799103,1.9079629545126906,1.9581381995994147,1.9363634998085462,0.0,3.4763464987780184,1000
full-spectral-sam-muon,Full Spectral SAM-Muon,full-spectral-sam-muon,muon,both,3.0,1.0,2.372229178114364,2.347946536388697,2.3990642056931644,2.3799884700966816,0.0,6.928535246927771,1000
lazy-spectral-sam-muon,Lazy Spectral SAM-Muon (Atlas),lazy-spectral-sam-muon,muon,both,1.1,0.01,2.5862493315542467,2.542756253641243,2.666543246752511,2.58570194734443,0.0,0.0721892487004721,1001
lazy-spectral-sam-muon,Lazy Spectral SAM-Muon (Atlas),lazy-spectral-sam-muon,muon,both,1.1,0.02,2.587090414983788,2.543961588544543,2.6659752403642214,2.5866252439301904,0.0,0.1443878539613557,1001
lazy-spectral-sam-muon,Lazy Spectral SAM-Muon (Atlas),lazy-spectral-sam-muon,muon,both,1.1,0.05,2.5910537035370496,2.544286263934939,2.669156485649653,2.588884377078893,0.0,0.3608891814685069,1001
lazy-spectral-sam-muon,Lazy Spectral SAM-Muon (Atlas),lazy-spectral-sam-muon,muon,both,1.1,0.1,2.5947092404576733,2.547221177095508,2.6747169899604755,2.5934817674047923,0.0,0.7213567007475146,1001
lazy-spectral-sam-muon,Lazy Spectral SAM-Muon (Atlas),lazy-spectral-sam-muon,muon,both,1.1,0.2,2.6059664599075205,2.551662199916049,2.68703703407976,2.6017648629365855,0.0,1.4405712247592874,1001
lazy-spectral-sam-muon,Lazy Spectral SAM-Muon (Atlas),lazy-spectral-sam-muon,muon,both,1.1,0.5,2.6479910534996973,2.588407400341401,2.7217612857452336,2.645878996546811,0.0,3.603419475350873,1001
lazy-spectral-sam-muon,Lazy Spectral SAM-Muon (Atlas),lazy-spectral-sam-muon,muon,both,1.1,1.0,2.8142393009692395,2.674100263084611,2.9183150731459877,2.830272323305273,0.0,7.18506522113422,1001
lazy-spectral-sam-muon,Lazy Spectral SAM-Muon (Atlas),lazy-spectral-sam-muon,muon,both,1.6,0.01,2.2454411171441317,2.2299134808542416,2.2674292298571257,2.2459307213082997,0.0,0.07076208182496485,1001
lazy-spectral-sam-muon,Lazy Spectral SAM-Muon (Atlas),lazy-spectral-sam-muon,muon,both,1.6,0.02,2.2439037721730704,2.219220846548611,2.255796821468596,2.240647017827536,0.0,0.14156560620527955,1001
lazy-spectral-sam-muon,Lazy Spectral SAM-Muon (Atlas),lazy-spectral-sam-muon,muon,both,1.6,0.05,2.228637138471309,2.207855585562281,2.246301908685678,2.230268722449597,0.0,0.3558146213036128,1001
lazy-spectral-sam-muon,Lazy Spectral SAM-Muon (Atlas),lazy-spectral-sam-muon,muon,both,1.6,0.1,2.219559881460866,2.1918828810239077,2.2270619997011982,2.2148315066731907,0.0,0.7061217667520344,1001
lazy-spectral-sam-muon,Lazy Spectral SAM-Muon (Atlas),lazy-spectral-sam-muon,muon,both,1.6,0.2,2.1865280056431335,2.167384079228184,2.2204110044374397,2.1910313198556914,0.0,1.4315202888690481,1001
lazy-spectral-sam-muon,Lazy Spectral SAM-Muon (Atlas),lazy-spectral-sam-muon,muon,both,1.6,0.5,2.14427081748634,2.1282986984442402,2.1618218166710097,2.13987794984678,0.0,3.636285539637838,1001
lazy-spectral-sam-muon,Lazy Spectral SAM-Muon (Atlas),lazy-spectral-sam-muon,muon,both,1.6,1.0,2.429456262326272,2.3963569235905475,2.474552210313074,2.4486352189885117,0.0,7.305424466713948,1001
lazy-spectral-sam-muon,Lazy Spectral SAM-Muon (Atlas),lazy-spectral-sam-muon,muon,both,2.0,0.01,2.376541499980921,2.335423971280945,2.458269870659528,2.3952662443463435,0.0,0.0700739699222038,1001
lazy-spectral-sam-muon,Lazy Spectral SAM-Muon (Atlas),lazy-spectral-sam-muon,muon,both,2.0,0.02,2.3669664643473487,2.335384034619511,2.446502139292525,2.3836360113137296,0.0,0.1395867487667126,1001
lazy-spectral-sam-muon,Lazy Spectral SAM-Muon (Atlas),lazy-spectral-sam-muon,muon,both,2.0,0.05,2.371623805004916,2.299611238220268,2.4243228446423095,2.3671961190813393,0.0,0.3511313617674191,1001
lazy-spectral-sam-muon,Lazy Spectral SAM-Muon (Atlas),lazy-spectral-sam-muon,muon,both,2.0,0.1,2.3025806713202286,2.2520809351163873,2.3624260458837285,2.3067412131480145,0.0,0.7018650971809831,1001
lazy-spectral-sam-muon,Lazy Spectral SAM-Muon (Atlas),lazy-spectral-sam-muon,muon,both,2.0,0.2,2.2270702050774256,2.1912846646093014,2.26702544310742,2.220279929571815,0.0,1.4397650131366202,1001
lazy-spectral-sam-muon,Lazy Spectral SAM-Muon (Atlas),lazy-spectral-sam-muon,muon,both,2.0,0.5,2.156359278018229,2.141549880495481,2.197365315379925,2.1625579742712393,0.0,3.652699586036068,1001
lazy-spectral-sam-muon,Lazy Spectral SAM-Muon (Atlas),lazy-spectral-sam-muon,muon,both,2.0,1.0,2.5162870260189862,2.454618330878712,2.5384612017524595,2.4968062075288495,0.0,7.201043607026326,1001
lazy-spectral-sam-muon,Lazy Spectral SAM-Muon (Atlas),lazy-spectral-sam-muon,muon,both,3.0,0.01,2.636741095389327,2.5289831063009447,2.6677303883950954,2.607498648614703,0.0,0.06941551694882,1001
lazy-spectral-sam-muon,Lazy Spectral SAM-Muon (Atlas),lazy-spectral-sam-muon,muon,both,3.0,0.02,2.6277667738673887,2.5394854745347186,2.63063656478525,2.593922764095176,0.0,0.13893851416986447,1001
lazy-spectral-sam-muon,Lazy Spectral SAM-Muon (Atlas),lazy-spectral-sam-muon,muon,both,3.0,0.05,2.566685309223347,2.479806884072214,2.5947366805362657,2.5488304470118424,0.0,0.3506386867212181,1001
lazy-spectral-sam-muon,Lazy Spectral SAM-Muon (Atlas),lazy-spectral-sam-muon,muon,both,3.0,0.1,2.439253253377235,2.377637927740306,2.4826358113167015,2.4359335415995567,0.0,0.7102964582031088,1001
lazy-spectral-sam-muon,Lazy Spectral SAM-Muon (Atlas),lazy-spectral-sam-muon,muon,both,3.0,0.2,2.2955343878281074,2.2522541422461195,2.342547490935752,2.2881111316650333,0.0,1.463257077916337,1001
lazy-spectral-sam-muon,Lazy Spectral SAM-Muon (Atlas),lazy-spectral-sam-muon,muon,both,3.0,0.5,2.2489296267161794,2.1874323493170085,2.289216997654812,2.243790811196959,0.0,3.6089079524949685,1001
lazy-spectral-sam-muon,Lazy Spectral SAM-Muon (Atlas),lazy-spectral-sam-muon,muon,both,3.0,1.0,2.5048073524157872,2.4496273519435925,2.5594603528627546,2.5030546150421458,0.0,7.062945295795819,1001
msam@global,Momentum-SAM (MSAM) [global Frob],msam,sgd,added,1.1,0.01,602.9021212780137,589.4726684492138,626.6858854704653,602.125217228941,0.0,0.0099999999999999,1001
msam@global,Momentum-SAM (MSAM) [global Frob],msam,sgd,added,1.1,0.02,606.3576278565985,581.3352341141681,633.3410194590672,612.0880131569925,0.0,0.0199999999999998,1001
msam@global,Momentum-SAM (MSAM) [global Frob],msam,sgd,added,1.1,0.05,580.8053593186302,539.241183666522,658.0933154251483,603.72841693647,0.0,0.0499999999999997,1001
msam@global,Momentum-SAM (MSAM) [global Frob],msam,sgd,added,1.1,0.1,604.1083000760375,553.6713851684294,658.3471566196065,608.8149564418916,0.0,0.0999999999999994,1001
msam@global,Momentum-SAM (MSAM) [global Frob],msam,sgd,added,1.1,0.2,585.799407853372,564.5877340184876,615.4659209510655,596.238217260048,0.0,0.19999999999999896,1001
msam@global,Momentum-SAM (MSAM) [global Frob],msam,sgd,added,1.1,0.5,592.1671983442459,579.7093616724986,640.4452540917232,606.2443863188811,0.0,0.49999999999999745,1001
msam@global,Momentum-SAM (MSAM) [global Frob],msam,sgd,added,1.1,1.0,587.7321939110564,561.7492212795582,601.1891405092432,592.3109002020278,0.0,0.9999999999999949,1001
msam@global,Momentum-SAM (MSAM) [global Frob],msam,sgd,added,1.6,0.01,53.395007939209634,47.488230873970956,66.42566973657983,61.59767215949896,0.0,0.0099999999999992,1001
msam@global,Momentum-SAM (MSAM) [global Frob],msam,sgd,added,1.6,0.02,56.14672516895819,46.83215614152495,67.1163994086603,60.12870649513914,0.0,0.01999999999999845,1001
msam@global,Momentum-SAM (MSAM) [global Frob],msam,sgd,added,1.6,0.05,52.62602382704899,46.38219187372976,60.71520320887717,58.75572067711899,0.0,0.04999999999999625,1001
msam@global,Momentum-SAM (MSAM) [global Frob],msam,sgd,added,1.6,0.1,53.23975001306563,45.0884868703604,69.91288486959465,62.401713441816085,0.0,0.0999999999999925,1001
msam@global,Momentum-SAM (MSAM) [global Frob],msam,sgd,added,1.6,0.2,52.51465874769764,48.20695901487839,63.69613929249344,60.712438073511606,0.0,0.1999999999999851,1001
msam@global,Momentum-SAM (MSAM) [global Frob],msam,sgd,added,1.6,0.5,48.559301534890295,45.18647323886086,54.91715556376021,56.05793370519887,0.0,0.4999999999999628,1001
msam@global,Momentum-SAM (MSAM) [global Frob],msam,sgd,added,1.6,1.0,46.99551978910141,44.398523055770056,56.834787667045504,55.151232001318874,0.0,0.9999999999999258,1001
msam@global,Momentum-SAM (MSAM) [global Frob],msam,sgd,added,2.0,0.01,9.938864284740715,9.208735295449003,10.128245677546614,9.854856665531408,0.0,0.009999999999998399,1001
msam@global,Momentum-SAM (MSAM) [global Frob],msam,sgd,added,2.0,0.02,9.69745424407569,9.183406515924517,10.112103048849328,9.738148670019676,0.0,0.01999999999999675,1001
msam@global,Momentum-SAM (MSAM) [global Frob],msam,sgd,added,2.0,0.05,9.830381493818741,9.262434011467969,10.047700935500805,9.697267953917104,0.0,0.0499999999999921,1001
msam@global,Momentum-SAM (MSAM) [global Frob],msam,sgd,added,2.0,0.1,9.43363325579353,9.007337819886038,9.726522621643031,9.532775944082648,0.0,0.09999999999998416,1001
msam@global,Momentum-SAM (MSAM) [global Frob],msam,sgd,added,2.0,0.2,9.537382027566757,8.883038306060877,9.821700275737433,9.460678278156202,0.0,0.1999999999999684,1001
msam@global,Momentum-SAM (MSAM) [global Frob],msam,sgd,added,2.0,0.5,9.382629758232419,8.939446047507769,9.859181964958138,9.441025342231434,0.0,0.4999999999999209,1001
msam@global,Momentum-SAM (MSAM) [global Frob],msam,sgd,added,2.0,1.0,9.258855869079156,8.745751252736056,9.6429643308594,9.333370655125501,0.0,0.9999999999998385,1001
msam@global,Momentum-SAM (MSAM) [global Frob],msam,sgd,added,3.0,0.01,4.985750891651152,4.909539746345244,5.086093368463935,5.001887862395807,0.0,0.009999999999997,1001
msam@global,Momentum-SAM (MSAM) [global Frob],msam,sgd,added,3.0,0.02,4.945569165960314,4.868142256399607,5.036504784727058,4.967972036106859,0.0,0.019999999999994,1001
msam@global,Momentum-SAM (MSAM) [global Frob],msam,sgd,added,3.0,0.05,4.931534608739283,4.840098417911356,5.081968027205196,4.952541629680283,0.0,0.0499999999999852,1001
msam@global,Momentum-SAM (MSAM) [global Frob],msam,sgd,added,3.0,0.1,5.006104909053603,4.89811614671558,5.120966772361345,4.988689355851113,0.0,0.0999999999999704,1001
msam@global,Momentum-SAM (MSAM) [global Frob],msam,sgd,added,3.0,0.2,5.021822441530501,4.9589752208881315,5.060023547170321,5.012469669764984,0.0,0.1999999999999409,1001
msam@global,Momentum-SAM (MSAM) [global Frob],msam,sgd,added,3.0,0.5,4.826776818610139,4.759146834912294,4.97411432246892,4.901390507508614,0.0,0.49999999999985173,1001
msam@global,Momentum-SAM (MSAM) [global Frob],msam,sgd,added,3.0,1.0,4.8905304730979875,4.832687806580959,5.038963981664837,4.937431826836594,0.0,0.999999999999703,1001
msam@per-layer,Momentum-SAM (MSAM) [per-layer Frob],msam,sgd,added,1.1,0.01,610.1393898519486,568.6647196554171,657.5958597914793,620.7794827316852,0.0,0.0141421356237308,1001
msam@per-layer,Momentum-SAM (MSAM) [per-layer Frob],msam,sgd,added,1.1,0.02,576.3257940472843,555.4317266627747,630.775313644567,594.5747470819477,0.0,0.0282842712474616,1001
msam@per-layer,Momentum-SAM (MSAM) [per-layer Frob],msam,sgd,added,1.1,0.05,591.7405215801575,570.307206159505,623.3445012547016,599.9797997693155,0.0,0.0707106781186541,1001
msam@per-layer,Momentum-SAM (MSAM) [per-layer Frob],msam,sgd,added,1.1,0.1,605.1498125600037,571.0779628192363,622.697815155118,601.0060540628044,0.0,0.1414213562373082,1001
msam@per-layer,Momentum-SAM (MSAM) [per-layer Frob],msam,sgd,added,1.1,0.2,590.3007966732682,557.3580268531812,624.8149491223492,594.7175678794467,0.0,0.2828427124746165,1001
msam@per-layer,Momentum-SAM (MSAM) [per-layer Frob],msam,sgd,added,1.1,0.5,585.1710664175677,550.229529427102,656.1978952252667,600.4074056706834,0.0,0.707106781186541,1001
msam@per-layer,Momentum-SAM (MSAM) [per-layer Frob],msam,sgd,added,1.1,1.0,563.1351419555932,556.4581619972071,624.3312535795808,592.1282112102635,0.0,1.414213562373082,1001
msam@per-layer,Momentum-SAM (MSAM) [per-layer Frob],msam,sgd,added,1.6,0.01,53.836342033459886,48.57170695780145,58.12656548420891,60.53217296779453,0.0,0.0141421356237292,1001
msam@per-layer,Momentum-SAM (MSAM) [per-layer Frob],msam,sgd,added,1.6,0.02,51.29097921705273,46.32274088447903,67.86308871453063,59.28481729566061,0.0,0.0282842712474584,1001
msam@per-layer,Momentum-SAM (MSAM) [per-layer Frob],msam,sgd,added,1.6,0.05,51.776337448407915,49.196561426084635,66.3733942741227,62.47538648814023,0.0,0.07071067811864615,1001
msam@per-layer,Momentum-SAM (MSAM) [per-layer Frob],msam,sgd,added,1.6,0.1,52.5864098575582,50.126783355925326,62.75503369630176,59.48023799391719,0.0,0.1414213562372924,1001
msam@per-layer,Momentum-SAM (MSAM) [per-layer Frob],msam,sgd,added,1.6,0.2,52.37976470794871,48.37515531511173,60.65709274714136,58.20524418746247,0.0,0.2828427124745847,1001
msam@per-layer,Momentum-SAM (MSAM) [per-layer Frob],msam,sgd,added,1.6,0.5,50.4230030631975,45.74090459521365,61.95918777875268,56.962602330409354,0.0,0.7071067811864618,1001
msam@per-layer,Momentum-SAM (MSAM) [per-layer Frob],msam,sgd,added,1.6,1.0,45.4695656506852,43.16236786772039,51.206418208047,52.964190758003255,0.0,1.414213562372924,1001
msam@per-layer,Momentum-SAM (MSAM) [per-layer Frob],msam,sgd,added,2.0,0.01,9.930488765339025,9.3279576964097,10.282396579035131,9.954640122694645,0.0,0.014142135623727351,1001
msam@per-layer,Momentum-SAM (MSAM) [per-layer Frob],msam,sgd,added,2.0,0.02,9.979620311521325,9.291543998259643,10.137375092197576,9.825793917894766,0.0,0.028284271247454848,1001
msam@per-layer,Momentum-SAM (MSAM) [per-layer Frob],msam,sgd,added,2.0,0.05,9.729879262978148,9.095163389712578,9.914442149036862,9.660787293470644,0.0,0.0707106781186366,1001
msam@per-layer,Momentum-SAM (MSAM) [per-layer Frob],msam,sgd,added,2.0,0.1,9.83678939643774,9.115888245734356,10.028092368250729,9.685292128094051,0.0,0.14142135623727395,1001
msam@per-layer,Momentum-SAM (MSAM) [per-layer Frob],msam,sgd,added,2.0,0.2,9.505103223636805,9.088851690148822,9.998158529459303,9.573706405389261,0.0,0.28284271247454795,1001
msam@per-layer,Momentum-SAM (MSAM) [per-layer Frob],msam,sgd,added,2.0,0.5,9.451386548615396,8.81646998031178,9.663287265225158,9.3688395695293,0.0,0.7071067811863674,1001
msam@per-layer,Momentum-SAM (MSAM) [per-layer Frob],msam,sgd,added,2.0,1.0,9.134137965170327,9.06838765208139,9.391095249479854,9.236982975671,0.0,1.4142135623727365,1001
msam@per-layer,Momentum-SAM (MSAM) [per-layer Frob],msam,sgd,added,3.0,0.01,5.0179258762983245,4.887374563789912,5.0738733450170095,5.005538920891316,0.0,0.0141421356237241,1001
msam@per-layer,Momentum-SAM (MSAM) [per-layer Frob],msam,sgd,added,3.0,0.02,4.967665483733315,4.9026381496788085,5.027206813703593,4.974795751174534,0.0,0.02828427124744825,1001
msam@per-layer,Momentum-SAM (MSAM) [per-layer Frob],msam,sgd,added,3.0,0.05,4.963100410550257,4.876250535944891,5.063542764494152,4.956111732542981,0.0,0.07071067811862064,1001
msam@per-layer,Momentum-SAM (MSAM) [per-layer Frob],msam,sgd,added,3.0,0.1,5.00404327219917,4.8649695184587705,5.07263061299991,4.965252728220442,0.0,0.1414213562372412,1001
msam@per-layer,Momentum-SAM (MSAM) [per-layer Frob],msam,sgd,added,3.0,0.2,4.970261674339413,4.817092002420499,5.001357580029155,4.927732840702756,0.0,0.2828427124744822,1001
msam@per-layer,Momentum-SAM (MSAM) [per-layer Frob],msam,sgd,added,3.0,0.5,4.83632874593377,4.7840379352973486,4.928028873908537,4.8894739955724535,0.0,0.7071067811862048,1001
msam@per-layer,Momentum-SAM (MSAM) [per-layer Frob],msam,sgd,added,3.0,1.0,4.966694084129534,4.818745337403042,4.998237647311712,4.936732642481795,0.0,1.4142135623724044,1001
msoma@global,MSOMA (Momentum-SAM + Muon) [global Frob],msoma,muon,added,1.1,0.01,2.585950827564322,2.54202037502299,2.664278713724078,2.584829663489331,0.0,0.0099999999999999,1001
msoma@global,MSOMA (Momentum-SAM + Muon) [global Frob],msoma,muon,added,1.1,0.02,2.586292640006679,2.5418681965518912,2.6640445424966224,2.5848025667272214,0.0,0.0199999999999999,1001
msoma@global,MSOMA (Momentum-SAM + Muon) [global Frob],msoma,muon,added,1.1,0.05,2.585969509880614,2.541875159004351,2.6632660215748185,2.5844871097636615,0.0,0.0499999999999998,1001
msoma@global,MSOMA (Momentum-SAM + Muon) [global Frob],msoma,muon,added,1.1,0.1,2.585968455107099,2.542945102100026,2.66284492951618,2.5844776808266445,0.0,0.09999999999999964,1001
msoma@global,MSOMA (Momentum-SAM + Muon) [global Frob],msoma,muon,added,1.1,0.2,2.585104491266568,2.5419399176365336,2.6613469051758414,2.583242076946485,0.0,0.19999999999999934,1001
msoma@global,MSOMA (Momentum-SAM + Muon) [global Frob],msoma,muon,added,1.1,0.5,2.5826848638371103,2.5414682064052805,2.656235479703419,2.5808549125516724,0.0,0.49999999999999845,1001
msoma@global,MSOMA (Momentum-SAM + Muon) [global Frob],msoma,muon,added,1.1,1.0,2.5802895082635624,2.54079572162742,2.6530102640695734,2.5778881798143436,0.0,0.9999999999999969,1001
msoma@global,MSOMA (Momentum-SAM + Muon) [global Frob],msoma,muon,added,1.6,0.01,2.2475849690644636,2.2211974969839545,2.2617095640315723,2.2452747106184168,0.0,0.0099999999999994,1001
msoma@global,MSOMA (Momentum-SAM + Muon) [global Frob],msoma,muon,added,1.6,0.02,2.246052949684475,2.2299308402436977,2.26476713123669,2.24825036104556,0.0,0.0199999999999989,1001
msoma@global,MSOMA (Momentum-SAM + Muon) [global Frob],msoma,muon,added,1.6,0.05,2.2481057504510105,2.224744263858538,2.2668415271482347,2.249757864554586,0.0,0.0499999999999973,1001
msoma@global,MSOMA (Momentum-SAM + Muon) [global Frob],msoma,muon,added,1.6,0.1,2.2490756941891714,2.236473347513991,2.273085566591289,2.2507753177942043,0.0,0.09999999999999465,1001
msoma@global,MSOMA (Momentum-SAM + Muon) [global Frob],msoma,muon,added,1.6,0.2,2.25372567638063,2.2365943556481453,2.269209764312709,2.2520637380841846,0.0,0.19999999999998935,1001
msoma@global,MSOMA (Momentum-SAM + Muon) [global Frob],msoma,muon,added,1.6,0.5,2.261583676744148,2.2447811152832955,2.2800148541316,2.2600190303138863,0.0,0.49999999999997347,1001
msoma@global,MSOMA (Momentum-SAM + Muon) [global Frob],msoma,muon,added,1.6,1.0,2.27295667632663,2.2579228778696487,2.2943810547625416,2.274592359148473,0.0,0.9999999999999465,1001
msoma@global,MSOMA (Momentum-SAM + Muon) [global Frob],msoma,muon,added,2.0,0.01,2.367042103841286,2.343723542048486,2.463252503682744,2.399483165058669,0.0,0.00999999999999885,1001
msoma@global,MSOMA (Momentum-SAM + Muon) [global Frob],msoma,muon,added,2.0,0.02,2.3683278163109436,2.3449285461284224,2.461963499474172,2.4013380197999328,0.0,0.01999999999999775,1001
msoma@global,MSOMA (Momentum-SAM + Muon) [global Frob],msoma,muon,added,2.0,0.05,2.3680489067133594,2.34993470265728,2.4550117655606547,2.4025859057941243,0.0,0.0499999999999945,1001
msoma@global,MSOMA (Momentum-SAM + Muon) [global Frob],msoma,muon,added,2.0,0.1,2.372261571564618,2.345311503513285,2.4593815045570415,2.4036319741937264,0.0,0.099999999999989,1001
msoma@global,MSOMA (Momentum-SAM + Muon) [global Frob],msoma,muon,added,2.0,0.2,2.386261156891216,2.3669495050751905,2.4725818726979787,2.4159655789128776,0.0,0.199999999999978,1001
msoma@global,MSOMA (Momentum-SAM + Muon) [global Frob],msoma,muon,added,2.0,0.5,2.4275016004760595,2.380371374668322,2.485854961620528,2.44184560839741,0.0,0.49999999999994454,1001
msoma@global,MSOMA (Momentum-SAM + Muon) [global Frob],msoma,muon,added,2.0,1.0,2.442531515106789,2.4231706934838484,2.504580686143071,2.4624761490075073,0.0,0.9999999999998879,1001
msoma@global,MSOMA (Momentum-SAM + Muon) [global Frob],msoma,muon,added,3.0,0.01,2.646450686545121,2.552508599334717,2.6737828825764582,2.6193555883069823,0.0,0.00999999999999795,1001
msoma@global,MSOMA (Momentum-SAM + Muon) [global Frob],msoma,muon,added,3.0,0.02,2.648345183013186,2.566456575934005,2.6874368107157243,2.626295539093667,0.0,0.01999999999999595,1001
msoma@global,MSOMA (Momentum-SAM + Muon) [global Frob],msoma,muon,added,3.0,0.05,2.647646381708121,2.569156923961539,2.674555551644522,2.6247358080870966,0.0,0.04999999999998985,1001
msoma@global,MSOMA (Momentum-SAM + Muon) [global Frob],msoma,muon,added,3.0,0.1,2.6539214908240796,2.5784188162669133,2.6725641312614536,2.6341396054182202,0.0,0.0999999999999797,1001
msoma@global,MSOMA (Momentum-SAM + Muon) [global Frob],msoma,muon,added,3.0,0.2,2.6437212317927,2.6131351367044826,2.676678033944804,2.6436711324377478,0.0,0.19999999999995904,1001
msoma@global,MSOMA (Momentum-SAM + Muon) [global Frob],msoma,muon,added,3.0,0.5,2.655985255044884,2.5846343580325555,2.7266213421434613,2.6538717380117225,0.0,0.4999999999998961,1001
msoma@global,MSOMA (Momentum-SAM + Muon) [global Frob],msoma,muon,added,3.0,1.0,2.701703394583679,2.5977420220942316,2.7412648041604624,2.6811683852980273,0.0,0.9999999999997897,1001
msoma@per-layer,MSOMA (Momentum-SAM + Muon) [per-layer Frob],msoma,muon,added,1.1,0.01,2.585913854765945,2.542045520416698,2.6641928491065587,2.584823809937551,0.0,0.0141421356237308,1001
msoma@per-layer,MSOMA (Momentum-SAM + Muon) [per-layer Frob],msoma,muon,added,1.1,0.02,2.586109690948435,2.5421150414253773,2.663862738381715,2.5847283266966965,0.0,0.0282842712474617,1001
msoma@per-layer,MSOMA (Momentum-SAM + Muon) [per-layer Frob],msoma,muon,added,1.1,0.05,2.585593010665224,2.541765782802382,2.663471845712441,2.584068101544312,0.0,0.0707106781186543,1001
msoma@per-layer,MSOMA (Momentum-SAM + Muon) [per-layer Frob],msoma,muon,added,1.1,0.1,2.5857904835117793,2.5412392817395126,2.6612379354902806,2.5834088972645612,0.0,0.1414213562373087,1001
msoma@per-layer,MSOMA (Momentum-SAM + Muon) [per-layer Frob],msoma,muon,added,1.1,0.2,2.5837594651439426,2.541298034288407,2.6613376737312295,2.5827881249049667,0.0,0.2828427124746173,1001
msoma@per-layer,MSOMA (Momentum-SAM + Muon) [per-layer Frob],msoma,muon,added,1.1,0.5,2.5811218138208623,2.5413083604974354,2.6567273570719037,2.579670219298439,0.0,0.7071067811865434,1001
msoma@per-layer,MSOMA (Momentum-SAM + Muon) [per-layer Frob],msoma,muon,added,1.1,1.0,2.5785311295122613,2.5394417932146762,2.646921467316628,2.573301242256863,0.0,1.414213562373087,1001
msoma@per-layer,MSOMA (Momentum-SAM + Muon) [per-layer Frob],msoma,muon,added,1.6,0.01,2.244859730092948,2.2240545925380353,2.2604866035596602,2.2459690899481326,0.0,0.01414213562372975,1001
msoma@per-layer,MSOMA (Momentum-SAM + Muon) [per-layer Frob],msoma,muon,added,1.6,0.02,2.245664710239174,2.2203138857276974,2.265767440446512,2.2470549989519117,0.0,0.0282842712474596,1001
msoma@per-layer,MSOMA (Momentum-SAM + Muon) [per-layer Frob],msoma,muon,added,1.6,0.05,2.2471912353359116,2.2330221434472306,2.272147938278771,2.251381346503658,0.0,0.07071067811864905,1001
msoma@per-layer,MSOMA (Momentum-SAM + Muon) [per-layer Frob],msoma,muon,added,1.6,0.1,2.2511548827081795,2.2324500227156707,2.271522487711786,2.251014750116112,0.0,0.1414213562372981,1001
msoma@per-layer,MSOMA (Momentum-SAM + Muon) [per-layer Frob],msoma,muon,added,1.6,0.2,2.256229396644418,2.238203796130085,2.2751824843856028,2.2548687756453023,0.0,0.2828427124745962,1001
msoma@per-layer,MSOMA (Momentum-SAM + Muon) [per-layer Frob],msoma,muon,added,1.6,0.5,2.2742000905381214,2.261558175115819,2.288998454193887,2.2735168708609708,0.0,0.7071067811864898,1001
msoma@per-layer,MSOMA (Momentum-SAM + Muon) [per-layer Frob],msoma,muon,added,1.6,1.0,2.2978578307031254,2.274159727311403,2.3162958617776166,2.2973700311006278,0.0,1.4142135623729788,1001
msoma@per-layer,MSOMA (Momentum-SAM + Muon) [per-layer Frob],msoma,muon,added,2.0,0.01,2.3687624603688455,2.346224693494862,2.456488855976808,2.399805508879658,0.0,0.0141421356237285,1001
msoma@per-layer,MSOMA (Momentum-SAM + Muon) [per-layer Frob],msoma,muon,added,2.0,0.02,2.3683800808589894,2.342905827637438,2.4490678536710297,2.3959288563663863,0.0,0.028284271247457,1001
msoma@per-layer,MSOMA (Momentum-SAM + Muon) [per-layer Frob],msoma,muon,added,2.0,0.05,2.3681886778564145,2.356294054391989,2.4669363197634993,2.4059613881749686,0.0,0.07071067811864255,1001
msoma@per-layer,MSOMA (Momentum-SAM + Muon) [per-layer Frob],msoma,muon,added,2.0,0.1,2.3891345331230758,2.37046170078768,2.46247207137304,2.413820948675512,0.0,0.14142135623728505,1001
msoma@per-layer,MSOMA (Momentum-SAM + Muon) [per-layer Frob],msoma,muon,added,2.0,0.2,2.4034905248943126,2.3849077344563363,2.4946823041692046,2.436421488804322,0.0,0.2828427124745696,1001
msoma@per-layer,MSOMA (Momentum-SAM + Muon) [per-layer Frob],msoma,muon,added,2.0,0.5,2.4513996253206836,2.41261422620271,2.509805781700345,2.465180183043963,0.0,0.7071067811864221,1001
msoma@per-layer,MSOMA (Momentum-SAM + Muon) [per-layer Frob],msoma,muon,added,2.0,1.0,2.485620733665467,2.4371965552806123,2.523427089145678,2.4876203272790303,0.0,1.4142135623728382,1001
msoma@per-layer,MSOMA (Momentum-SAM + Muon) [per-layer Frob],msoma,muon,added,3.0,0.01,2.6394731929674857,2.5710976039288087,2.673876745189537,2.621597175538075,0.0,0.0141421356237264,1001
msoma@per-layer,MSOMA (Momentum-SAM + Muon) [per-layer Frob],msoma,muon,added,3.0,0.02,2.6453456271806433,2.5622836285992463,2.6864840996638377,2.62730576690074,0.0,0.02828427124745285,1001
msoma@per-layer,MSOMA (Momentum-SAM + Muon) [per-layer Frob],msoma,muon,added,3.0,0.05,2.6459669701277075,2.569754471608782,2.675067974406523,2.6244229233672143,0.0,0.07071067811863205,1001
msoma@per-layer,MSOMA (Momentum-SAM + Muon) [per-layer Frob],msoma,muon,added,3.0,0.1,2.653282638918302,2.610577601114795,2.684670107609401,2.646308598438215,0.0,0.1414213562372639,1001
msoma@per-layer,MSOMA (Momentum-SAM + Muon) [per-layer Frob],msoma,muon,added,3.0,0.2,2.636074561117605,2.5939527015297017,2.6858969274262656,2.643805954605818,0.0,0.28284271247452664,1001
msoma@per-layer,MSOMA (Momentum-SAM + Muon) [per-layer Frob],msoma,muon,added,3.0,0.5,2.679509920205434,2.6094690888558763,2.71697279340837,2.6737689135312754,0.0,0.7071067811863117,1001
msoma@per-layer,MSOMA (Momentum-SAM + Muon) [per-layer Frob],msoma,muon,added,3.0,1.0,2.686495748944532,2.644001303328055,2.7432673908618472,2.6780385841089656,0.0,1.4142135623726155,1001
op-soma-postns5,OP-SOMA-PostNS5,op-soma-postns5,muon,added,1.1,0.01,2.584752219137349,2.5414405463554273,2.663961725311805,2.5845104072411322,0.0,0.0533651644026137,1001
op-soma-postns5,OP-SOMA-PostNS5,op-soma-postns5,muon,added,1.1,0.02,2.5857786124640274,2.540195345092811,2.662940950154269,2.58420280001624,0.0,0.1067409200742282,1001
op-soma-postns5,OP-SOMA-PostNS5,op-soma-postns5,muon,added,1.1,0.05,2.5856082540726124,2.5378717521438654,2.661175190695131,2.5822667976349916,0.0,0.26709314495221664,1001
op-soma-postns5,OP-SOMA-PostNS5,op-soma-postns5,muon,added,1.1,0.1,2.5826663972220274,2.537108836456308,2.6547285110892216,2.579086004119088,0.0,0.5344669700162703,1001
op-soma-postns5,OP-SOMA-PostNS5,op-soma-postns5,muon,added,1.1,0.2,2.5747027059275625,2.5301539218786413,2.643997333080605,2.5704214261253955,0.0,1.07059872757692,1001
op-soma-postns5,OP-SOMA-PostNS5,op-soma-postns5,muon,added,1.1,0.5,2.551106192800469,2.4994685220659565,2.6093810104439084,2.542134719287334,0.0,2.6891231363583694,1001
op-soma-postns5,OP-SOMA-PostNS5,op-soma-postns5,muon,added,1.1,1.0,2.493891904074575,2.4587541593302533,2.5463241883025796,2.4918009245717583,0.0,5.416635363367325,1001
op-soma-postns5,OP-SOMA-PostNS5,op-soma-postns5,muon,added,1.6,0.01,2.246958989909375,2.234819838701812,2.262241148693516,2.247238296877353,0.0,0.060218978972724296,1001
op-soma-postns5,OP-SOMA-PostNS5,op-soma-postns5,muon,added,1.6,0.02,2.241940718025459,2.2273446106997956,2.2681544611475752,2.2469247785954076,0.0,0.120587071763503,1001
op-soma-postns5,OP-SOMA-PostNS5,op-soma-postns5,muon,added,1.6,0.05,2.246426407576293,2.22343133669801,2.268942816218953,2.248032631152093,0.0,0.30281069315479886,1001
op-soma-postns5,OP-SOMA-PostNS5,op-soma-postns5,muon,added,1.6,0.1,2.2391221507189942,2.2065885009779826,2.2722443421707887,2.241648015036514,0.0,0.606219203521025,1001
op-soma-postns5,OP-SOMA-PostNS5,op-soma-postns5,muon,added,1.6,0.2,2.2209723383004514,2.1937059897530173,2.277897499263958,2.236013990591596,0.0,1.2037858835836275,1001
op-soma-postns5,OP-SOMA-PostNS5,op-soma-postns5,muon,added,1.6,0.5,2.1535237537383054,2.1437066816610457,2.205561165133834,2.1687962695361716,0.0,2.9798575812889343,1001
op-soma-postns5,OP-SOMA-PostNS5,op-soma-postns5,muon,added,1.6,1.0,2.0746979339421965,2.062096940471392,2.0803052567518723,2.0780387252803076,0.0,5.9539753395427075,1001
op-soma-postns5,OP-SOMA-PostNS5,op-soma-postns5,muon,added,2.0,0.01,2.3781752781212298,2.33940663220206,2.453522415318462,2.3985130999547994,0.0,0.0558083708517688,1001
op-soma-postns5,OP-SOMA-PostNS5,op-soma-postns5,muon,added,2.0,0.02,2.3746053199737345,2.344263260265156,2.4513151118492003,2.398106530963143,0.0,0.111771476636914,1001
op-soma-postns5,OP-SOMA-PostNS5,op-soma-postns5,muon,added,2.0,0.05,2.389293455398651,2.3495203106726565,2.452070787256267,2.401227356631364,0.0,0.27922981416595904,1001
op-soma-postns5,OP-SOMA-PostNS5,op-soma-postns5,muon,added,2.0,0.1,2.370684301105837,2.335936918745111,2.4666948004170175,2.40105405157862,0.0,0.5620576725816466,1001
op-soma-postns5,OP-SOMA-PostNS5,op-soma-postns5,muon,added,2.0,0.2,2.361973142872423,2.3159153979921556,2.4323725257349404,2.3826397138274666,0.0,1.1196834652709935,1001
op-soma-postns5,OP-SOMA-PostNS5,op-soma-postns5,muon,added,2.0,0.5,2.2245914884259577,2.1765831737265757,2.3429152841392313,2.2566388084215836,0.0,2.822212543333024,1001
op-soma-postns5,OP-SOMA-PostNS5,op-soma-postns5,muon,added,2.0,1.0,2.0713944510432354,2.0224450044561144,2.099019183719953,2.064321295873972,0.0,5.656109447703722,1001
op-soma-postns5,OP-SOMA-PostNS5,op-soma-postns5,muon,added,3.0,0.01,2.651629517635754,2.549971315353284,2.6883512693069203,2.624535659032091,0.0,0.05317884540443895,1001
op-soma-postns5,OP-SOMA-PostNS5,op-soma-postns5,muon,added,3.0,0.02,2.6382328934525985,2.543725342680295,2.6784234591314955,2.6152010658438316,0.0,0.10667398881861695,1001
op-soma-postns5,OP-SOMA-PostNS5,op-soma-postns5,muon,added,3.0,0.05,2.6334880528318836,2.545170685321263,2.6676509580287124,2.614636412688348,0.0,0.2683120400468185,1001
op-soma-postns5,OP-SOMA-PostNS5,op-soma-postns5,muon,added,3.0,0.1,2.620545809555562,2.5492344733245416,2.659362207044138,2.606585968326359,0.0,0.5339847558293042,1001
op-soma-postns5,OP-SOMA-PostNS5,op-soma-postns5,muon,added,3.0,0.2,2.5763696493243495,2.532999492232066,2.6329278293106237,2.584160599497346,0.0,1.0688841198394508,1001
op-soma-postns5,OP-SOMA-PostNS5,op-soma-postns5,muon,added,3.0,0.5,2.385861694290547,2.339312491399954,2.4460912465253735,2.391020054244957,0.0,2.684379342508107,1001
op-soma-postns5,OP-SOMA-PostNS5,op-soma-postns5,muon,added,3.0,1.0,2.1092418211534523,2.035465437838335,2.1287600571141283,2.0851937445800286,0.0,5.486881538598724,1001
op-soma-prens5,OP-SOMA-PreNS5,op-soma-prens5,muon,added,1.1,0.01,2.585210300214242,2.5416059115813563,2.6635956608825326,2.584692691724058,0.0,0.07174168319317581,1001
op-soma-prens5,OP-SOMA-PreNS5,op-soma-prens5,muon,added,1.1,0.02,2.5852976701038415,2.5401110649039476,2.663500219623626,2.5837768665402123,0.0,0.1434805127507995,1001
op-soma-prens5,OP-SOMA-PreNS5,op-soma-prens5,muon,added,1.1,0.05,2.5845811856978154,2.537695426739101,2.6600927893656934,2.5810255325491185,0.0,0.3589028326964021,1001
op-soma-prens5,OP-SOMA-PreNS5,op-soma-prens5,muon,added,1.1,0.1,2.579393621276761,2.5331382555630597,2.652273077515308,2.575542424007166,0.0,0.7174929897135945,1001
op-soma-prens5,OP-SOMA-PreNS5,op-soma-prens5,muon,added,1.1,0.2,2.5674071787222434,2.5253726255208577,2.635697414406968,2.564057340128005,0.0,1.4397978458254812,1001
op-soma-prens5,OP-SOMA-PreNS5,op-soma-prens5,muon,added,1.1,0.5,2.5265664153260894,2.485317077708374,2.5954268764115063,2.524626710955998,0.0,3.601788264124755,1001
op-soma-prens5,OP-SOMA-PreNS5,op-soma-prens5,muon,added,1.1,1.0,2.485131487469592,2.432625698147387,2.5564598109554413,2.4828364932883003,0.0,7.242592297439048,1001
op-soma-prens5,OP-SOMA-PreNS5,op-soma-prens5,muon,added,1.6,0.01,2.2443039657197508,2.2313915693932516,2.267603268533714,2.249292894496825,0.0,0.07123398174256496,1001
op-soma-prens5,OP-SOMA-PreNS5,op-soma-prens5,muon,added,1.6,0.02,2.2454024950340874,2.2302013024012326,2.2695888273341387,2.248673119049978,0.0,0.14245988554433886,1001
op-soma-prens5,OP-SOMA-PreNS5,op-soma-prens5,muon,added,1.6,0.05,2.2411375925950843,2.219811151828974,2.26433744439343,2.2450118120471108,0.0,0.3574404681965734,1001
op-soma-prens5,OP-SOMA-PreNS5,op-soma-prens5,muon,added,1.6,0.1,2.2386082437705075,2.2120383470042873,2.2808066169263816,2.2441885958533345,0.0,0.7151741073109232,1001
op-soma-prens5,OP-SOMA-PreNS5,op-soma-prens5,muon,added,1.6,0.2,2.2120963852449096,2.2022703812034643,2.261368773059519,2.2258690025617085,0.0,1.4292657878451571,1001
op-soma-prens5,OP-SOMA-PreNS5,op-soma-prens5,muon,added,1.6,0.5,2.119612028756153,2.1120082564849385,2.1619191527845416,2.1348279375792525,0.0,3.572269356885627,1001
op-soma-prens5,OP-SOMA-PreNS5,op-soma-prens5,muon,added,1.6,1.0,2.0861035967928148,2.0468406498611382,2.1089751690005034,2.0817067963276936,0.0,7.096155587477313,1001
op-soma-prens5,OP-SOMA-PreNS5,op-soma-prens5,muon,added,2.0,0.01,2.3760429643189824,2.338761960704559,2.4598881356128732,2.39800361417308,0.0,0.07038662333510526,1001
op-soma-prens5,OP-SOMA-PreNS5,op-soma-prens5,muon,added,2.0,0.02,2.3853799722991127,2.3509472543523016,2.4492075994343603,2.4033935616702946,0.0,0.14050173620329026,1001
op-soma-prens5,OP-SOMA-PreNS5,op-soma-prens5,muon,added,2.0,0.05,2.3788445399830076,2.343880589610036,2.4543375593817096,2.3971876551903106,0.0,0.3527403328812969,1001
op-soma-prens5,OP-SOMA-PreNS5,op-soma-prens5,muon,added,2.0,0.1,2.3686474854560498,2.3359313703918665,2.4526689305884064,2.3929578735226755,0.0,0.7015045557021256,1001
op-soma-prens5,OP-SOMA-PreNS5,op-soma-prens5,muon,added,2.0,0.2,2.3407947707847008,2.2897247058493178,2.4197021121966986,2.3604160562406262,0.0,1.403190602664441,1001
op-soma-prens5,OP-SOMA-PreNS5,op-soma-prens5,muon,added,2.0,0.5,2.1523678958438617,2.1122921500291425,2.2432691535003615,2.1755918618351693,0.0,3.5477716377440447,1001
op-soma-prens5,OP-SOMA-PreNS5,op-soma-prens5,muon,added,2.0,1.0,2.062481474522087,2.0312197869010116,2.0935453569107065,2.0572581827789977,0.0,7.136611871987023,1001
op-soma-prens5,OP-SOMA-PreNS5,op-soma-prens5,muon,added,3.0,0.01,2.6543920854627965,2.545982650170682,2.6593540437811876,2.618006214745138,0.0,0.0693017810248095,1001
op-soma-prens5,OP-SOMA-PreNS5,op-soma-prens5,muon,added,3.0,0.02,2.646863684062761,2.5442554098024894,2.6692343208056757,2.6126446068998592,0.0,0.13852797881912937,1001
op-soma-prens5,OP-SOMA-PreNS5,op-soma-prens5,muon,added,3.0,0.05,2.6192078629787474,2.5372544817676577,2.6601242621825456,2.607217013744061,0.0,0.34713345748546187,1001
op-soma-prens5,OP-SOMA-PreNS5,op-soma-prens5,muon,added,3.0,0.1,2.595888564105562,2.526744758791547,2.639261967650479,2.589872179122519,0.0,0.6965826712072725,1001
op-soma-prens5,OP-SOMA-PreNS5,op-soma-prens5,muon,added,3.0,0.2,2.5127635192907523,2.48656186648836,2.5931611482062307,2.534359759536434,0.0,1.3981291171458756,1001
op-soma-prens5,OP-SOMA-PreNS5,op-soma-prens5,muon,added,3.0,0.5,2.2296045558374353,2.213528379516773,2.319674242761859,2.259565364416123,0.0,3.5144339561056803,1001
op-soma-prens5,OP-SOMA-PreNS5,op-soma-prens5,muon,added,3.0,1.0,2.0357032364716963,2.0159575646752623,2.053601929861346,2.039030612767476,0.0,7.087872693642405,1001
random-sam-muon@global,Random SAM-Muon [global Frob],random-sam-muon,muon,both,1.1,0.01,2.5858917496874456,2.542196795049555,2.6648412322569093,2.5850799293686895,0.0,0.0099999999999998,1000
random-sam-muon@global,Random SAM-Muon [global Frob],random-sam-muon,muon,both,1.1,0.02,2.5860947075793037,2.541795195978145,2.6647214311845357,2.584966204625843,0.0,0.0199999999999996,1000
random-sam-muon@global,Random SAM-Muon [global Frob],random-sam-muon,muon,both,1.1,0.05,2.5862734148412283,2.5421313189096053,2.6644609676575515,2.5851033413659077,0.0,0.049999999999999,1000
random-sam-muon@global,Random SAM-Muon [global Frob],random-sam-muon,muon,both,1.1,0.1,2.585550806039752,2.5430581977974804,2.665357417621195,2.5850418062181837,0.0,0.0999999999999981,1000
random-sam-muon@global,Random SAM-Muon [global Frob],random-sam-muon,muon,both,1.1,0.2,2.5841699642261386,2.543103111731873,2.665820814583922,2.584490823507537,0.0,0.1999999999999963,1000
random-sam-muon@global,Random SAM-Muon [global Frob],random-sam-muon,muon,both,1.1,0.5,2.5834929220113994,2.542550559779323,2.664665698017793,2.5837572996040006,0.0,0.49999999999999084,1000
random-sam-muon@global,Random SAM-Muon [global Frob],random-sam-muon,muon,both,1.1,1.0,2.579343502056805,2.5413238218870955,2.6587465577734015,2.580817776935505,0.0,0.9999999999999817,1000
random-sam-muon@global,Random SAM-Muon [global Frob],random-sam-muon,muon,both,1.6,0.01,2.2479565516262356,2.2236542397258106,2.261341588879185,2.2442042736142076,0.0,0.0099999999999998,1000
random-sam-muon@global,Random SAM-Muon [global Frob],random-sam-muon,muon,both,1.6,0.02,2.244250665426829,2.2277712935871072,2.2606678444288058,2.2452354229727174,0.0,0.0199999999999996,1000
random-sam-muon@global,Random SAM-Muon [global Frob],random-sam-muon,muon,both,1.6,0.05,2.24613469125249,2.234286536871915,2.2683774520350353,2.249766934162845,0.0,0.049999999999999,1000
random-sam-muon@global,Random SAM-Muon [global Frob],random-sam-muon,muon,both,1.6,0.1,2.2485221786230363,2.2330637172513477,2.2708898535800803,2.2495919084502263,0.0,0.0999999999999981,1000
random-sam-muon@global,Random SAM-Muon [global Frob],random-sam-muon,muon,both,1.6,0.2,2.244905527925285,2.230256161482217,2.2656613908821983,2.2465977005816216,0.0,0.1999999999999963,1000
random-sam-muon@global,Random SAM-Muon [global Frob],random-sam-muon,muon,both,1.6,0.5,2.2477751946878253,2.2346128670679093,2.2770948527979,2.2522897320709423,0.0,0.499999999999991,1000
random-sam-muon@global,Random SAM-Muon [global Frob],random-sam-muon,muon,both,1.6,1.0,2.2477040911117356,2.2301268110967394,2.269465919846451,2.2488696914939963,0.0,0.999999999999982,1000
random-sam-muon@global,Random SAM-Muon [global Frob],random-sam-muon,muon,both,2.0,0.01,2.370306523258905,2.344447675760877,2.4554695011323138,2.397671799593315,0.0,0.0099999999999998,1000
random-sam-muon@global,Random SAM-Muon [global Frob],random-sam-muon,muon,both,2.0,0.02,2.3760985484830046,2.3491220917051225,2.4578746031922143,2.398053358758463,0.0,0.0199999999999996,1000
random-sam-muon@global,Random SAM-Muon [global Frob],random-sam-muon,muon,both,2.0,0.05,2.3794705362549635,2.3445141489554064,2.4530466786725804,2.397147049544706,0.0,0.0499999999999991,1000
random-sam-muon@global,Random SAM-Muon [global Frob],random-sam-muon,muon,both,2.0,0.1,2.380599366287151,2.3573201807376,2.4562151417426317,2.4026410383636847,0.0,0.0999999999999982,1000
random-sam-muon@global,Random SAM-Muon [global Frob],random-sam-muon,muon,both,2.0,0.2,2.38543802991229,2.350029840848463,2.4524385037944136,2.397081686196869,0.0,0.1999999999999964,1000
random-sam-muon@global,Random SAM-Muon [global Frob],random-sam-muon,muon,both,2.0,0.5,2.37614734428901,2.3518435867695526,2.4648085277907517,2.3995570569561426,0.0,0.499999999999991,1000
random-sam-muon@global,Random SAM-Muon [global Frob],random-sam-muon,muon,both,2.0,1.0,2.3650720027119974,2.347145864621579,2.451858934100967,2.389836270203131,0.0,0.999999999999982,1000
random-sam-muon@global,Random SAM-Muon [global Frob],random-sam-muon,muon,both,3.0,0.01,2.6473651834681826,2.554389899198881,2.682938263414659,2.6226664916986193,0.0,0.0099999999999998,1000
random-sam-muon@global,Random SAM-Muon [global Frob],random-sam-muon,muon,both,3.0,0.02,2.645416823256829,2.548686607922847,2.673931004033467,2.614457067523931,0.0,0.0199999999999996,1000
random-sam-muon@global,Random SAM-Muon [global Frob],random-sam-muon,muon,both,3.0,0.05,2.639830216765908,2.551938144826533,2.6683122469955802,2.6125783396162507,0.0,0.049999999999999045,1000
random-sam-muon@global,Random SAM-Muon [global Frob],random-sam-muon,muon,both,3.0,0.1,2.6431779332684466,2.5530047446383337,2.673414026702104,2.621970505248495,0.0,0.09999999999999815,1000
random-sam-muon@global,Random SAM-Muon [global Frob],random-sam-muon,muon,both,3.0,0.2,2.6258760025681473,2.5781484700515866,2.6577197317638777,2.616762109941968,0.0,0.19999999999999635,1000
random-sam-muon@global,Random SAM-Muon [global Frob],random-sam-muon,muon,both,3.0,0.5,2.645549345745808,2.5762529426035434,2.6649650117282766,2.619082050394825,0.0,0.4999999999999909,1000
random-sam-muon@global,Random SAM-Muon [global Frob],random-sam-muon,muon,both,3.0,1.0,2.618087895920757,2.541963339806603,2.6671657882207422,2.615049940416819,0.0,0.9999999999999818,1000
random-sam-muon@per-layer,Random SAM-Muon [per-layer Frob],random-sam-muon,muon,both,1.1,0.01,2.5858860725540023,2.542127647078001,2.664590828995602,2.5849857503320326,0.0,0.0141421356237305,1000
random-sam-muon@per-layer,Random SAM-Muon [per-layer Frob],random-sam-muon,muon,both,1.1,0.02,2.585976792772855,2.541957974138698,2.663100755502832,2.584656290938286,0.0,0.0282842712474611,1000
random-sam-muon@per-layer,Random SAM-Muon [per-layer Frob],random-sam-muon,muon,both,1.1,0.05,2.5862791085449937,2.542695302184804,2.664633921245983,2.585103460755305,0.0,0.0707106781186528,1000
random-sam-muon@per-layer,Random SAM-Muon [per-layer Frob],random-sam-muon,muon,both,1.1,0.1,2.5855078931024216,2.542982625280011,2.6653832368416306,2.584906051649224,0.0,0.14142135623730565,1000
random-sam-muon@per-layer,Random SAM-Muon [per-layer Frob],random-sam-muon,muon,both,1.1,0.2,2.584986850014115,2.5440531761334904,2.6664762552501005,2.5854526243478526,0.0,0.28284271247461135,1000
random-sam-muon@per-layer,Random SAM-Muon [per-layer Frob],random-sam-muon,muon,both,1.1,0.5,2.58308264711318,2.541922149732744,2.6630160003981063,2.582974643006942,0.0,0.7071067811865284,1000
random-sam-muon@per-layer,Random SAM-Muon [per-layer Frob],random-sam-muon,muon,both,1.1,1.0,2.5754426765458613,2.5393485554404065,2.657043647012541,2.5788469078876783,0.0,1.4142135623730567,1000
random-sam-muon@per-layer,Random SAM-Muon [per-layer Frob],random-sam-muon,muon,both,1.6,0.01,2.2461067853964183,2.2289086866421983,2.2586494149016607,2.2450908673600063,0.0,0.0141421356237305,1000
random-sam-muon@per-layer,Random SAM-Muon [per-layer Frob],random-sam-muon,muon,both,1.6,0.02,2.243694891913322,2.2295335225553368,2.264720468623282,2.248364336403192,0.0,0.0282842712474611,1000
random-sam-muon@per-layer,Random SAM-Muon [per-layer Frob],random-sam-muon,muon,both,1.6,0.05,2.243948803803052,2.233204271514996,2.262324452442678,2.2477893080797826,0.0,0.0707106781186528,1000
random-sam-muon@per-layer,Random SAM-Muon [per-layer Frob],random-sam-muon,muon,both,1.6,0.1,2.246781746897052,2.234871343131184,2.2736945074971224,2.2503777784451957,0.0,0.1414213562373057,1000
random-sam-muon@per-layer,Random SAM-Muon [per-layer Frob],random-sam-muon,muon,both,1.6,0.2,2.2478352559025976,2.230869250088758,2.2684509253062415,2.2487531881877265,0.0,0.2828427124746115,1000
random-sam-muon@per-layer,Random SAM-Muon [per-layer Frob],random-sam-muon,muon,both,1.6,0.5,2.2437332440116755,2.2306339882032176,2.276784151115022,2.247929895314086,0.0,0.7071067811865288,1000
random-sam-muon@per-layer,Random SAM-Muon [per-layer Frob],random-sam-muon,muon,both,1.6,1.0,2.24601961382967,2.2151564111328264,2.2745899219846564,2.2443190839566567,0.0,1.4142135623730576,1000
random-sam-muon@per-layer,Random SAM-Muon [per-layer Frob],random-sam-muon,muon,both,2.0,0.01,2.3751029919766933,2.3423418473969955,2.455002443237242,2.39851575779086,0.0,0.0141421356237305,1000
random-sam-muon@per-layer,Random SAM-Muon [per-layer Frob],random-sam-muon,muon,both,2.0,0.02,2.3738312006572766,2.348953507408406,2.4579266505588295,2.398876920000382,0.0,0.0282842712474611,1000
random-sam-muon@per-layer,Random SAM-Muon [per-layer Frob],random-sam-muon,muon,both,2.0,0.05,2.385015082615552,2.345274606393042,2.4590198474563394,2.4041005134996607,0.0,0.0707106781186528,1000
random-sam-muon@per-layer,Random SAM-Muon [per-layer Frob],random-sam-muon,muon,both,2.0,0.1,2.3837325753267757,2.3476438635218355,2.4464020654649676,2.400397417885717,0.0,0.1414213562373057,1000
random-sam-muon@per-layer,Random SAM-Muon [per-layer Frob],random-sam-muon,muon,both,2.0,0.2,2.39010916150159,2.3526445759325334,2.4513976836405074,2.3993273736307055,0.0,0.2828427124746114,1000
random-sam-muon@per-layer,Random SAM-Muon [per-layer Frob],random-sam-muon,muon,both,2.0,0.5,2.3622217604466504,2.3472617261195716,2.4511950301238374,2.3910083248039533,0.0,0.7071067811865286,1000
random-sam-muon@per-layer,Random SAM-Muon [per-layer Frob],random-sam-muon,muon,both,2.0,1.0,2.3593123710946147,2.3307457375474785,2.4435084710924713,2.384898568302729,0.0,1.4142135623730572,1000
random-sam-muon@per-layer,Random SAM-Muon [per-layer Frob],random-sam-muon,muon,both,3.0,0.01,2.6467381495578914,2.561066229670586,2.666002195684796,2.617691665269536,0.0,0.0141421356237305,1000
random-sam-muon@per-layer,Random SAM-Muon [per-layer Frob],random-sam-muon,muon,both,3.0,0.02,2.63583090849355,2.5692190876289454,2.6632746977559725,2.6179248367508734,0.0,0.0282842712474611,1000
random-sam-muon@per-layer,Random SAM-Muon [per-layer Frob],random-sam-muon,muon,both,3.0,0.05,2.6401084560212404,2.5439162408702174,2.6600524597358532,2.6129751106161634,0.0,0.0707106781186528,1000
random-sam-muon@per-layer,Random SAM-Muon [per-layer Frob],random-sam-muon,muon,both,3.0,0.1,2.630790293485701,2.56674535094528,2.653407408246531,2.612270854056111,0.0,0.1414213562373057,1000
random-sam-muon@per-layer,Random SAM-Muon [per-layer Frob],random-sam-muon,muon,both,3.0,0.2,2.636760674500265,2.5667324459806466,2.6487429504589945,2.6148153387527535,0.0,0.2828427124746115,1000
random-sam-muon@per-layer,Random SAM-Muon [per-layer Frob],random-sam-muon,muon,both,3.0,0.5,2.634103962982557,2.5651633725146854,2.666800965194277,2.617954463439127,0.0,0.7071067811865287,1000
random-sam-muon@per-layer,Random SAM-Muon [per-layer Frob],random-sam-muon,muon,both,3.0,1.0,2.578096007100081,2.541901458879763,2.672440004104402,2.6027183816777413,0.0,1.4142135623730574,1000
sam-adam@global,SAM + AdamW [global Frob],sam-adam,adam,added,1.1,0.01,2.2756863560805938,2.2611551620474044,2.2830342741095504,2.2711532426614136,0.0,0.00999999999999975,1000
sam-adam@global,SAM + AdamW [global Frob],sam-adam,adam,added,1.1,0.02,2.2756618699362408,2.26156390840585,2.2829741338281453,2.2712469751432627,0.0,0.0199999999999995,1000
sam-adam@global,SAM + AdamW [global Frob],sam-adam,adam,added,1.1,0.05,2.2752890649242596,2.26213076981666,2.2832162636588245,2.2714110753231997,0.0,0.04999999999999895,1000
sam-adam@global,SAM + AdamW [global Frob],sam-adam,adam,added,1.1,0.1,2.275513865934582,2.2616330221696543,2.283313451513549,2.2713018575221398,0.0,0.0999999999999979,1000
sam-adam@global,SAM + AdamW [global Frob],sam-adam,adam,added,1.1,0.2,2.2760299565217865,2.261554866587034,2.283705147164196,2.2715149945407695,0.0,0.19999999999999596,1000
sam-adam@global,SAM + AdamW [global Frob],sam-adam,adam,added,1.1,0.5,2.2757611346911633,2.26181505986667,2.2837923423937485,2.2714224266435696,0.0,0.49999999999998973,1000
sam-adam@global,SAM + AdamW [global Frob],sam-adam,adam,added,1.1,1.0,2.2772662022984966,2.2625159019809407,2.2838005989629178,2.2721372282036123,0.0,0.9999999999999793,1000
sam-adam@global,SAM + AdamW [global Frob],sam-adam,adam,added,1.6,0.01,2.0286431322800116,2.0192000938462087,2.0453734057816284,2.0282710295215063,0.0,0.0099999999999973,1000
sam-adam@global,SAM + AdamW [global Frob],sam-adam,adam,added,1.6,0.02,2.0288086092990945,2.018816217367971,2.0460848711855206,2.028420446231433,0.0,0.019999999999994703,1000
sam-adam@global,SAM + AdamW [global Frob],sam-adam,adam,added,1.6,0.05,2.029384233496833,2.018577729257374,2.0453303820630255,2.0280324487460466,0.0,0.049999999999986805,1000
sam-adam@global,SAM + AdamW [global Frob],sam-adam,adam,added,1.6,0.1,2.0299548443235382,2.0191817513825896,2.045333606595036,2.028236484782324,0.0,0.09999999999997361,1000
sam-adam@global,SAM + AdamW [global Frob],sam-adam,adam,added,1.6,0.2,2.029803756052998,2.0210411532143566,2.045384780946029,2.0280651794753894,0.0,0.19999999999994736,1000
sam-adam@global,SAM + AdamW [global Frob],sam-adam,adam,added,1.6,0.5,2.028973206469753,2.020852020254897,2.0466181959816376,2.0273726302685864,0.0,0.4999999999998683,1000
sam-adam@global,SAM + AdamW [global Frob],sam-adam,adam,added,1.6,1.0,2.0314627753690697,2.020409558639548,2.043238872478721,2.0277154431456723,0.0,0.9999999999997364,1000
sam-adam@global,SAM + AdamW [global Frob],sam-adam,adam,added,2.0,0.01,1.967235518963602,1.9603549736598138,1.9825526224480658,1.9712386735417942,0.0,0.00999999999999575,1000
sam-adam@global,SAM + AdamW [global Frob],sam-adam,adam,added,2.0,0.02,1.9665602677925906,1.9596959979934405,1.982421763608078,1.9709520451267188,0.0,0.019999999999991552,1000
sam-adam@global,SAM + AdamW [global Frob],sam-adam,adam,added,2.0,0.05,1.9659723325758887,1.9620540309758012,1.9830145104945618,1.970639296554773,0.0,0.049999999999979006,1000
sam-adam@global,SAM + AdamW [global Frob],sam-adam,adam,added,2.0,0.1,1.9645036202098214,1.959917019170247,1.981891666243033,1.9693520924894135,0.0,0.09999999999995796,1000
sam-adam@global,SAM + AdamW [global Frob],sam-adam,adam,added,2.0,0.2,1.9664818286867927,1.9581470976165232,1.9803792461445724,1.9690683747727054,0.0,0.19999999999991594,1000
sam-adam@global,SAM + AdamW [global Frob],sam-adam,adam,added,2.0,0.5,1.9631892066180563,1.959166718349896,1.9797816443703575,1.9690007918089591,0.0,0.4999999999997897,1000
sam-adam@global,SAM + AdamW [global Frob],sam-adam,adam,added,2.0,1.0,1.9671111462671578,1.9628068743187004,1.985960101649654,1.9733605823826785,0.0,0.9999999999995783,1000
sam-adam@global,SAM + AdamW [global Frob],sam-adam,adam,added,3.0,0.01,1.9437560238875622,1.940002317299435,1.9468464782382287,1.9422516505336236,0.0,0.0099999999999939,1000
sam-adam@global,SAM + AdamW [global Frob],sam-adam,adam,added,3.0,0.02,1.9449614171668288,1.939573880625721,1.9493574655505979,1.943360168846176,0.0,0.0199999999999878,1000
sam-adam@global,SAM + AdamW [global Frob],sam-adam,adam,added,3.0,0.05,1.9450670483452446,1.9318364140010458,1.9486838319573585,1.941741692836298,0.0,0.0499999999999695,1000
sam-adam@global,SAM + AdamW [global Frob],sam-adam,adam,added,3.0,0.1,1.9443137723408428,1.9383513947293127,1.9484651708216012,1.9423908337085214,0.0,0.099999999999939,1000
sam-adam@global,SAM + AdamW [global Frob],sam-adam,adam,added,3.0,0.2,1.9414637511895068,1.936564600973612,1.9447024940506934,1.9401256172744286,0.0,0.1999999999998779,1000
sam-adam@global,SAM + AdamW [global Frob],sam-adam,adam,added,3.0,0.5,1.9392018777235966,1.932814021260615,1.9415463829382078,1.9373462834060275,0.0,0.4999999999996931,1000
sam-adam@global,SAM + AdamW [global Frob],sam-adam,adam,added,3.0,1.0,1.9370274108197587,1.9333726674512974,1.9449858324371614,1.9377284247985358,0.0,0.9999999999993825,1000
sam-adam@per-layer,SAM + AdamW [per-layer Frob],sam-adam,adam,added,1.1,0.01,2.2756160382994026,2.2616065507947356,2.2830632220777227,2.2712417952935744,0.0,0.014142135623729499,1000
sam-adam@per-layer,SAM + AdamW [per-layer Frob],sam-adam,adam,added,1.1,0.02,2.2755361413873283,2.2619830358852844,2.2831645305325132,2.2713207476570436,0.0,0.02828427124745905,1000
sam-adam@per-layer,SAM + AdamW [per-layer Frob],sam-adam,adam,added,1.1,0.05,2.2753367755861333,2.2614864068843206,2.2831723736542826,2.271323352331337,0.0,0.0707106781186478,1000
sam-adam@per-layer,SAM + AdamW [per-layer Frob],sam-adam,adam,added,1.1,0.1,2.2759093770316756,2.26138939278253,2.283696083169791,2.2714212601537236,0.0,0.14142135623729554,1000
sam-adam@per-layer,SAM + AdamW [per-layer Frob],sam-adam,adam,added,1.1,0.2,2.275842230289661,2.2614442863402378,2.2835996750207532,2.2713819278814333,0.0,0.28284271247459125,1000
sam-adam@per-layer,SAM + AdamW [per-layer Frob],sam-adam,adam,added,1.1,0.5,2.276138915751509,2.260560125603343,2.283550432889805,2.2711636786723584,0.0,0.707106781186478,1000
sam-adam@per-layer,SAM + AdamW [per-layer Frob],sam-adam,adam,added,1.1,1.0,2.2769257108116747,2.261451814689953,2.2854678469693086,2.271782798146857,0.0,1.414213562372956,1000
sam-adam@per-layer,SAM + AdamW [per-layer Frob],sam-adam,adam,added,1.6,0.01,2.028590368481029,2.0187206861242304,2.0461663222137734,2.028218458990737,0.0,0.014142135623725152,1000
sam-adam@per-layer,SAM + AdamW [per-layer Frob],sam-adam,adam,added,1.6,0.02,2.029940806094336,2.018320483512407,2.045615430450142,2.0282636619353394,0.0,0.028284271247450303,1000
sam-adam@per-layer,SAM + AdamW [per-layer Frob],sam-adam,adam,added,1.6,0.05,2.03000131379864,2.02069244768677,2.0450105420972484,2.028366662884062,0.0,0.07071067811862586,1000
sam-adam@per-layer,SAM + AdamW [per-layer Frob],sam-adam,adam,added,1.6,0.1,2.029746327385892,2.02042294327028,2.044767386180705,2.0279013327450146,0.0,0.1414213562372518,1000
sam-adam@per-layer,SAM + AdamW [per-layer Frob],sam-adam,adam,added,1.6,0.2,2.0306306246704615,2.0198379822814565,2.0444809856709307,2.0273697031640916,0.0,0.2828427124745036,1000
sam-adam@per-layer,SAM + AdamW [per-layer Frob],sam-adam,adam,added,1.6,0.5,2.028943093474248,2.0197029280364536,2.0433324460246647,2.025946139194992,0.0,0.7071067811862588,1000
sam-adam@per-layer,SAM + AdamW [per-layer Frob],sam-adam,adam,added,1.6,1.0,2.0338971606550675,2.024682895485532,2.043916531347906,2.030134272513936,0.0,1.4142135623725163,1000
sam-adam@per-layer,SAM + AdamW [per-layer Frob],sam-adam,adam,added,2.0,0.01,1.9664797453920786,1.9600029216599,1.9828614224684646,1.9710074859856543,0.0,0.014142135623721599,1000
sam-adam@per-layer,SAM + AdamW [per-layer Frob],sam-adam,adam,added,2.0,0.02,1.9664992428871106,1.9620146430686152,1.9832992532349112,1.9711404471404868,0.0,0.0282842712474433,1000
sam-adam@per-layer,SAM + AdamW [per-layer Frob],sam-adam,adam,added,2.0,0.05,1.9656707310093295,1.9625417772199545,1.9826313593455938,1.9701413564342884,0.0,0.07071067811860829,1000
sam-adam@per-layer,SAM + AdamW [per-layer Frob],sam-adam,adam,added,2.0,0.1,1.9663134770543205,1.9584457921889968,1.9805771756022164,1.9686417081792769,0.0,0.14142135623721658,1000
sam-adam@per-layer,SAM + AdamW [per-layer Frob],sam-adam,adam,added,2.0,0.2,1.9651502028091303,1.9586940460491804,1.9804022828008674,1.9688289005517303,0.0,0.28284271247443254,1000
sam-adam@per-layer,SAM + AdamW [per-layer Frob],sam-adam,adam,added,2.0,0.5,1.9661291315550473,1.957857817403335,1.9828722377223285,1.9696782901399361,0.0,0.70710678118608,1000
sam-adam@per-layer,SAM + AdamW [per-layer Frob],sam-adam,adam,added,2.0,1.0,1.9754405099748353,1.9677138214799896,1.9850511327744873,1.9769929985340182,0.0,1.4142135623721594,1000
sam-adam@per-layer,SAM + AdamW [per-layer Frob],sam-adam,adam,added,3.0,0.01,1.9445956050693112,1.9402151562800285,1.9489163753304264,1.9432068265007292,0.0,0.0141421356237177,1000
sam-adam@per-layer,SAM + AdamW [per-layer Frob],sam-adam,adam,added,3.0,0.02,1.945065464370211,1.9391782139093021,1.9483452074020267,1.9428175777140373,0.0,0.0282842712474354,1000
sam-adam@per-layer,SAM + AdamW [per-layer Frob],sam-adam,adam,added,3.0,0.05,1.9427436584918911,1.9381796326435348,1.947780510016281,1.941591554576514,0.0,0.07071067811858844,1000
sam-adam@per-layer,SAM + AdamW [per-layer Frob],sam-adam,adam,added,3.0,0.1,1.9409064622436074,1.937085549796095,1.944741857093655,1.9396739940403476,0.0,0.1414213562371765,1000
sam-adam@per-layer,SAM + AdamW [per-layer Frob],sam-adam,adam,added,3.0,0.2,1.9393755405484812,1.9333537907460037,1.943899337088439,1.9373192459051327,0.0,0.2828427124743518,1000
sam-adam@per-layer,SAM + AdamW [per-layer Frob],sam-adam,adam,added,3.0,0.5,1.9355834821485742,1.9302259942171371,1.9397815003745487,1.9338548698433455,0.0,0.7071067811858743,1000
sam-adam@per-layer,SAM + AdamW [per-layer Frob],sam-adam,adam,added,3.0,1.0,1.949614791676162,1.9431190801617078,1.9547753310005709,1.9486658682866271,0.0,1.414213562371745,1000
sam-sgd@global,SAM + SGD [global Frob],sam-sgd,sgd,both,1.1,0.01,571.4398972458829,551.9767352060636,589.3685794101466,571.4064301155862,0.0,0.00999999999999975,1000
sam-sgd@global,SAM + SGD [global Frob],sam-sgd,sgd,both,1.1,0.02,578.3525088840045,569.1202406190519,592.4348548165835,577.0084555515397,0.0,0.019999999999999553,1000
sam-sgd@global,SAM + SGD [global Frob],sam-sgd,sgd,both,1.1,0.05,567.4592544499229,534.8889376587158,578.1687553401779,556.4922628913905,0.0,0.04999999999999895,1000
sam-sgd@global,SAM + SGD [global Frob],sam-sgd,sgd,both,1.1,0.1,554.6794022249476,548.7651639741837,569.773483619346,562.6533263461881,0.0,0.0999999999999979,1000
sam-sgd@global,SAM + SGD [global Frob],sam-sgd,sgd,both,1.1,0.2,559.8112230309082,544.2256905712629,578.3713209646432,559.2121807156045,0.0,0.19999999999999601,1000
sam-sgd@global,SAM + SGD [global Frob],sam-sgd,sgd,both,1.1,0.5,545.750276759449,526.1680448763786,590.5213950716437,552.1382690285875,0.0,0.4999999999999901,1000
sam-sgd@global,SAM + SGD [global Frob],sam-sgd,sgd,both,1.1,1.0,540.2153572693643,527.4533493602698,587.2876917738033,551.6391836825783,0.0,0.9999999999999796,1000
sam-sgd@global,SAM + SGD [global Frob],sam-sgd,sgd,both,1.6,0.01,57.17807137932758,55.39953599881589,61.0451785086575,58.59517034310081,0.0,0.00999999999999725,1000
sam-sgd@global,SAM + SGD [global Frob],sam-sgd,sgd,both,1.6,0.02,57.3071477135384,53.715790981550214,63.35531734866789,58.08546030891816,0.0,0.01999999999999455,1000
sam-sgd@global,SAM + SGD [global Frob],sam-sgd,sgd,both,1.6,0.05,59.91935878344259,51.990056540091885,62.774977066338884,58.01770215194932,0.0,0.04999999999998645,1000
sam-sgd@global,SAM + SGD [global Frob],sam-sgd,sgd,both,1.6,0.1,58.626379226573015,48.69829204310942,62.98336375216593,56.799478435633354,0.0,0.0999999999999729,1000
sam-sgd@global,SAM + SGD [global Frob],sam-sgd,sgd,both,1.6,0.2,54.691524640899424,52.18600964877663,67.03581345684891,58.3498309658337,0.0,0.19999999999994586,1000
sam-sgd@global,SAM + SGD [global Frob],sam-sgd,sgd,both,1.6,0.5,52.42401414496339,46.16436843596317,54.751876307982705,50.7282202003197,0.0,0.49999999999986455,1000
sam-sgd@global,SAM + SGD [global Frob],sam-sgd,sgd,both,1.6,1.0,48.04568784128874,45.67662680849668,48.91618219207846,46.03440433249558,0.0,0.999999999999733,1000
sam-sgd@global,SAM + SGD [global Frob],sam-sgd,sgd,both,2.0,0.01,10.798819046331289,10.154390964334159,11.163654713909555,10.723961437804798,0.0,0.0099999999999955,1000
sam-sgd@global,SAM + SGD [global Frob],sam-sgd,sgd,both,2.0,0.02,10.230473801927303,9.454283102349242,10.706761567838573,10.527008269190308,0.0,0.019999999999991053,1000
sam-sgd@global,SAM + SGD [global Frob],sam-sgd,sgd,both,2.0,0.05,10.327846402209902,9.3449874562458,10.883576488271352,10.339550454131809,0.0,0.049999999999977646,1000
sam-sgd@global,SAM + SGD [global Frob],sam-sgd,sgd,both,2.0,0.1,10.419365170374142,9.750848717272811,11.201458251001068,10.54582681741028,0.0,0.0999999999999554,1000
sam-sgd@global,SAM + SGD [global Frob],sam-sgd,sgd,both,2.0,0.2,10.248919392889219,9.102173781147236,10.484402937508808,10.168167634283964,0.0,0.1999999999999108,1000
sam-sgd@global,SAM + SGD [global Frob],sam-sgd,sgd,both,2.0,0.5,9.251490010663439,8.798903537938918,9.76203360401696,9.248540344919931,0.0,0.49999999999977707,1000
sam-sgd@global,SAM + SGD [global Frob],sam-sgd,sgd,both,2.0,1.0,7.809998208704915,7.071677284352139,8.324819606113234,7.68451318721601,0.0,0.9999999999995538,1000
sam-sgd@global,SAM + SGD [global Frob],sam-sgd,sgd,both,3.0,0.01,4.897071342130422,4.781973074724603,5.128169226240641,4.966621542024772,0.0,0.009999999999993,1000
sam-sgd@global,SAM + SGD [global Frob],sam-sgd,sgd,both,3.0,0.02,4.95904434633037,4.730160423649828,5.122694596772275,4.938858333429025,0.0,0.01999999999998605,1000
sam-sgd@global,SAM + SGD [global Frob],sam-sgd,sgd,both,3.0,0.05,4.9569287610242725,4.854623691006797,5.121679508320976,4.982766618343293,0.0,0.0499999999999652,1000
sam-sgd@global,SAM + SGD [global Frob],sam-sgd,sgd,both,3.0,0.1,4.974103732303869,4.819292597981854,5.126832861201969,5.026338871686786,0.0,0.0999999999999305,1000
sam-sgd@global,SAM + SGD [global Frob],sam-sgd,sgd,both,3.0,0.2,4.962127195547358,4.720918064356757,5.160369091746151,4.966608883378166,0.0,0.1999999999998609,1000
sam-sgd@global,SAM + SGD [global Frob],sam-sgd,sgd,both,3.0,0.5,4.568671677352068,4.4867552647359705,4.8144792806771814,4.652608006015399,0.0,0.49999999999965244,1000
sam-sgd@global,SAM + SGD [global Frob],sam-sgd,sgd,both,3.0,1.0,4.073861895792336,3.9385005920569722,4.153881802593789,4.079593271740667,0.0,0.9999999999993046,1000
sam-sgd@per-layer,SAM + SGD [per-layer Frob],sam-sgd,sgd,both,1.1,0.01,576.4499331631685,560.629939767794,609.5251744242627,575.8880337838605,0.0,0.01414213562373,1000
sam-sgd@per-layer,SAM + SGD [per-layer Frob],sam-sgd,sgd,both,1.1,0.02,571.6963863570229,540.9416098693999,604.8238955113305,569.4981220191492,0.0,0.028284271247460052,1000
sam-sgd@per-layer,SAM + SGD [per-layer Frob],sam-sgd,sgd,both,1.1,0.05,557.0152171000128,539.9979903219806,585.6932106906638,562.7717855558215,0.0,0.0707106781186502,1000
sam-sgd@per-layer,SAM + SGD [per-layer Frob],sam-sgd,sgd,both,1.1,0.1,565.0626687273234,536.4174547424898,612.7397334479634,574.9993057366964,0.0,0.14142135623730046,1000
sam-sgd@per-layer,SAM + SGD [per-layer Frob],sam-sgd,sgd,both,1.1,0.2,552.874968337705,526.3543599056412,604.4567139878404,564.4384139026874,0.0,0.2828427124746023,1000
sam-sgd@per-layer,SAM + SGD [per-layer Frob],sam-sgd,sgd,both,1.1,0.5,562.6130534341056,546.6023892736266,607.2191951096182,569.9554059605314,0.0,0.7071067811865028,1000
sam-sgd@per-layer,SAM + SGD [per-layer Frob],sam-sgd,sgd,both,1.1,1.0,529.1373934250636,498.2670974989594,580.590228142007,539.4782118307176,0.0,1.4142135623730165,1000
sam-sgd@per-layer,SAM + SGD [per-layer Frob],sam-sgd,sgd,both,1.6,0.01,56.29563657902851,52.587132325121964,63.51396693765868,58.23822757529261,0.0,0.01414213562372495,1000
sam-sgd@per-layer,SAM + SGD [per-layer Frob],sam-sgd,sgd,both,1.6,0.02,60.3074987385135,53.575413771808364,64.57921421012587,60.71238503771933,0.0,0.028284271247449998,1000
sam-sgd@per-layer,SAM + SGD [per-layer Frob],sam-sgd,sgd,both,1.6,0.05,58.83268569635783,54.109871965976275,64.21241103434173,59.44886131087377,0.0,0.0707106781186249,1000
sam-sgd@per-layer,SAM + SGD [per-layer Frob],sam-sgd,sgd,both,1.6,0.1,54.82942156245106,48.19301386776834,62.208800963366855,55.48676501479718,0.0,0.14142135623724994,1000
sam-sgd@per-layer,SAM + SGD [per-layer Frob],sam-sgd,sgd,both,1.6,0.2,53.5890804264515,49.18586382788044,60.03413077020007,54.613370968796474,0.0,0.2828427124744999,1000
sam-sgd@per-layer,SAM + SGD [per-layer Frob],sam-sgd,sgd,both,1.6,0.5,48.91552943904064,46.29610807161863,50.75423393779556,47.63219114480519,0.0,0.7071067811862499,1000
sam-sgd@per-layer,SAM + SGD [per-layer Frob],sam-sgd,sgd,both,1.6,1.0,41.243626603998855,37.511619296607705,43.669121599097444,40.69671228910405,0.0,1.4142135623724998,1000
sam-sgd@per-layer,SAM + SGD [per-layer Frob],sam-sgd,sgd,both,2.0,0.01,10.649689794311016,9.945423014184033,11.141821834733168,10.652338040932499,0.0,0.0141421356237208,1000
sam-sgd@per-layer,SAM + SGD [per-layer Frob],sam-sgd,sgd,both,2.0,0.02,10.211443535315233,9.748175886184551,10.924269361867331,10.41702002055616,0.0,0.0282842712474416,1000
sam-sgd@per-layer,SAM + SGD [per-layer Frob],sam-sgd,sgd,both,2.0,0.05,10.465751501797962,9.832171086321281,10.775182115351125,10.519697310842353,0.0,0.07071067811860404,1000
sam-sgd@per-layer,SAM + SGD [per-layer Frob],sam-sgd,sgd,both,2.0,0.1,10.41493441052449,9.695505137258825,10.725999308880525,10.55917948364624,0.0,0.1414213562372082,1000
sam-sgd@per-layer,SAM + SGD [per-layer Frob],sam-sgd,sgd,both,2.0,0.2,9.668673008067385,9.282582961948307,9.953863749046906,9.924964672066128,0.0,0.28284271247441656,1000
sam-sgd@per-layer,SAM + SGD [per-layer Frob],sam-sgd,sgd,both,2.0,0.5,8.695496056578218,7.352595234979041,8.980426304099122,8.40410947464694,0.0,0.7071067811860416,1000
sam-sgd@per-layer,SAM + SGD [per-layer Frob],sam-sgd,sgd,both,2.0,1.0,6.190952719048493,5.792695239959157,6.745311101741994,6.182181335522397,0.0,1.4142135623720848,1000
sam-sgd@per-layer,SAM + SGD [per-layer Frob],sam-sgd,sgd,both,3.0,0.01,5.006168679357156,4.7843668619663715,5.168315049138748,4.987810134457262,0.0,0.014142135623715,1000
sam-sgd@per-layer,SAM + SGD [per-layer Frob],sam-sgd,sgd,both,3.0,0.02,4.9267023423757275,4.799889599333358,5.121291565025427,4.975027953794845,0.0,0.02828427124743005,1000
sam-sgd@per-layer,SAM + SGD [per-layer Frob],sam-sgd,sgd,both,3.0,0.05,4.964808357404959,4.812705109428146,5.134305254794309,4.997850022416962,0.0,0.0707106781185753,1000
sam-sgd@per-layer,SAM + SGD [per-layer Frob],sam-sgd,sgd,both,3.0,0.1,5.055274852733945,4.915376108415646,5.141862461130563,5.034911732334544,0.0,0.14142135623715058,1000
sam-sgd@per-layer,SAM + SGD [per-layer Frob],sam-sgd,sgd,both,3.0,0.2,4.751637248552501,4.620663025090628,4.98941305427941,4.836034376745076,0.0,0.28284271247430115,1000
sam-sgd@per-layer,SAM + SGD [per-layer Frob],sam-sgd,sgd,both,3.0,0.5,4.412581525306209,4.268169141466266,4.505659102377548,4.370795979287547,0.0,0.7071067811857524,1000
sam-sgd@per-layer,SAM + SGD [per-layer Frob],sam-sgd,sgd,both,3.0,1.0,3.487568298972641,3.4309911297430076,3.645971744814192,3.520978704463415,0.0,1.4142135623715126,1000
spectral-friendly-sam-muon,Spectral Friendly SAM-Muon,spectral-friendly-sam-muon,muon,both,1.1,0.01,2.585179443182386,2.5406379988985703,2.6606283290401773,2.582488567363978,0.0,0.07197366931820531,1500
spectral-friendly-sam-muon,Spectral Friendly SAM-Muon,spectral-friendly-sam-muon,muon,both,1.1,0.02,2.583262848397334,2.5387227450732874,2.6581549598851786,2.5805194974252297,0.0,0.14394752072675981,1500
spectral-friendly-sam-muon,Spectral Friendly SAM-Muon,spectral-friendly-sam-muon,muon,both,1.1,0.05,2.575817211690852,2.53484819521172,2.649991387438118,2.573682450762377,0.0,0.35985609614696645,1500
spectral-friendly-sam-muon,Spectral Friendly SAM-Muon,spectral-friendly-sam-muon,muon,both,1.1,0.1,2.566191881996037,2.5246260866160264,2.639902417481622,2.5633093397098206,0.0,0.7202102488988151,1500
spectral-friendly-sam-muon,Spectral Friendly SAM-Muon,spectral-friendly-sam-muon,muon,both,1.1,0.2,2.547097544643993,2.503189256287741,2.6142053358216906,2.541238997425485,0.0,1.4408154971041678,1500
spectral-friendly-sam-muon,Spectral Friendly SAM-Muon,spectral-friendly-sam-muon,muon,both,1.1,0.5,2.479876522350234,2.445356117979613,2.543878406056171,2.4784507230545905,0.0,3.600779842203792,1500
spectral-friendly-sam-muon,Spectral Friendly SAM-Muon,spectral-friendly-sam-muon,muon,both,1.1,1.0,2.3960773431395648,2.374944500310689,2.4727089569336247,2.4094246693366155,0.0,7.198007529031746,1500
spectral-friendly-sam-muon,Spectral Friendly SAM-Muon,spectral-friendly-sam-muon,muon,both,1.6,0.01,2.245439134679328,2.220585059619023,2.2618937432928847,2.2430444637524465,0.0,0.0708623564246008,1500
spectral-friendly-sam-muon,Spectral Friendly SAM-Muon,spectral-friendly-sam-muon,muon,both,1.6,0.02,2.2365168075733983,2.2178371230162446,2.2562338261577586,2.237467206588473,0.0,0.1417004352575083,1500
spectral-friendly-sam-muon,Spectral Friendly SAM-Muon,spectral-friendly-sam-muon,muon,both,1.6,0.05,2.22259658824261,2.1975300197914702,2.2432740988298883,2.221040502518475,0.0,0.35429098916458984,1500
spectral-friendly-sam-muon,Spectral Friendly SAM-Muon,spectral-friendly-sam-muon,muon,both,1.6,0.1,2.2059478708435805,2.166047403063858,2.2280058369078932,2.1995586093750585,0.0,0.708162773413749,1500
spectral-friendly-sam-muon,Spectral Friendly SAM-Muon,spectral-friendly-sam-muon,muon,both,1.6,0.2,2.1407871189009198,2.1234441854450345,2.1788029574876244,2.149863465290014,0.0,1.4183171598140953,1500
spectral-friendly-sam-muon,Spectral Friendly SAM-Muon,spectral-friendly-sam-muon,muon,both,1.6,0.5,2.0190749209322787,1.9836952010293318,2.0298530412622533,2.0073403530686393,0.0,3.532830988637963,1500
spectral-friendly-sam-muon,Spectral Friendly SAM-Muon,spectral-friendly-sam-muon,muon,both,1.6,1.0,2.0289557640504627,2.0214222748775597,2.0381719798380713,2.02947491737845,0.0,7.08152185345987,1500
spectral-friendly-sam-muon,Spectral Friendly SAM-Muon,spectral-friendly-sam-muon,muon,both,2.0,0.01,2.355213659475041,2.3421516139613243,2.4476601118523655,2.3880559254674063,0.0,0.07028646398500235,1500
spectral-friendly-sam-muon,Spectral Friendly SAM-Muon,spectral-friendly-sam-muon,muon,both,2.0,0.02,2.3631035043101773,2.330156444000402,2.4308298168497084,2.3795749605296095,0.0,0.14058253339721144,1500
spectral-friendly-sam-muon,Spectral Friendly SAM-Muon,spectral-friendly-sam-muon,muon,both,2.0,0.05,2.353266443222322,2.317829625288394,2.4154863817333054,2.364966726541863,0.0,0.35146651505184223,1500
spectral-friendly-sam-muon,Spectral Friendly SAM-Muon,spectral-friendly-sam-muon,muon,both,2.0,0.1,2.2890293890429874,2.272453035498336,2.3595530367365223,2.317692950625835,0.0,0.7046262491846429,1500
spectral-friendly-sam-muon,Spectral Friendly SAM-Muon,spectral-friendly-sam-muon,muon,both,2.0,0.2,2.200410719551331,2.183846030848396,2.28123541535267,2.2269207440552576,0.0,1.4091170335412038,1500
spectral-friendly-sam-muon,Spectral Friendly SAM-Muon,spectral-friendly-sam-muon,muon,both,2.0,0.5,1.9678513017224042,1.9505842953002253,2.0030320291051105,1.9755112872098315,0.0,3.5167381492591234,1500
spectral-friendly-sam-muon,Spectral Friendly SAM-Muon,spectral-friendly-sam-muon,muon,both,2.0,1.0,2.0470621545703764,2.0390342556447862,2.0713775210536807,2.0513823586467135,0.0,7.099774467506621,1500
spectral-friendly-sam-muon,Spectral Friendly SAM-Muon,spectral-friendly-sam-muon,muon,both,3.0,0.01,2.629800256943036,2.5500845109807777,2.6608922033013775,2.6058977508721286,0.0,0.06957980827401106,1500
spectral-friendly-sam-muon,Spectral Friendly SAM-Muon,spectral-friendly-sam-muon,muon,both,3.0,0.02,2.602176397759159,2.5490441649640982,2.6581233511572657,2.597658334566757,0.0,0.13896499693042536,1500
spectral-friendly-sam-muon,Spectral Friendly SAM-Muon,spectral-friendly-sam-muon,muon,both,3.0,0.05,2.564036696656764,2.52738295663848,2.622063673908694,2.566601524395702,0.0,0.34706276031212246,1500
spectral-friendly-sam-muon,Spectral Friendly SAM-Muon,spectral-friendly-sam-muon,muon,both,3.0,0.1,2.523477328255776,2.483993327197422,2.542217038376226,2.512056241853646,0.0,0.6972880872680896,1500
spectral-friendly-sam-muon,Spectral Friendly SAM-Muon,spectral-friendly-sam-muon,muon,both,3.0,0.2,2.3698159655304316,2.3329463226439273,2.3981718804989116,2.357230514986288,0.0,1.3950844160046993,1500
spectral-friendly-sam-muon,Spectral Friendly SAM-Muon,spectral-friendly-sam-muon,muon,both,3.0,0.5,1.9521740869325699,1.9408746304310796,1.9844837907141175,1.9559422653928227,0.0,3.48794796509792,1500
spectral-friendly-sam-muon,Spectral Friendly SAM-Muon,spectral-friendly-sam-muon,muon,both,3.0,1.0,2.1232704108505813,2.1195168169286926,2.1348664939252195,2.130216949777293,0.0,6.970093543619157,1500
stale-momentum-friendly-spectral-sam-muon,Stale Momentum-Friendly Spectral SAM-Muon,stale-momentum-friendly-spectral-sam-muon,muon,mnist,1.1,0.01,2.584667396822897,2.541106409954296,2.662837246372045,2.5840101052364783,0.0,0.0709361095528622,1001
stale-momentum-friendly-spectral-sam-muon,Stale Momentum-Friendly Spectral SAM-Muon,stale-momentum-friendly-spectral-sam-muon,muon,mnist,1.1,0.02,2.585888313569731,2.5403866563511714,2.662362841990289,2.5835496989812583,0.0,0.14186969668525196,1001
stale-momentum-friendly-spectral-sam-muon,Stale Momentum-Friendly Spectral SAM-Muon,stale-momentum-friendly-spectral-sam-muon,muon,mnist,1.1,0.05,2.5843202611749416,2.535586635751993,2.656972549534508,2.5796676228018995,0.0,0.35465788325999664,1001
stale-momentum-friendly-spectral-sam-muon,Stale Momentum-Friendly Spectral SAM-Muon,stale-momentum-friendly-spectral-sam-muon,muon,mnist,1.1,0.1,2.578128824379747,2.5328810254267813,2.649687214988691,2.5744872832781485,0.0,0.7094965003047344,1001
stale-momentum-friendly-spectral-sam-muon,Stale Momentum-Friendly Spectral SAM-Muon,stale-momentum-friendly-spectral-sam-muon,muon,mnist,1.1,0.2,2.568514119998512,2.5205919032475306,2.6307726760587418,2.5611894189101774,0.0,1.4202000034959417,1001
stale-momentum-friendly-spectral-sam-muon,Stale Momentum-Friendly Spectral SAM-Muon,stale-momentum-friendly-spectral-sam-muon,muon,mnist,1.1,0.5,2.5236325088547265,2.478789854951937,2.5809458468834254,2.5154794608540123,0.0,3.5534904107557574,1001
stale-momentum-friendly-spectral-sam-muon,Stale Momentum-Friendly Spectral SAM-Muon,stale-momentum-friendly-spectral-sam-muon,muon,mnist,1.1,1.0,2.4525601202162335,2.4186102621456658,2.5075917428434757,2.460208689953671,0.0,7.113224424146965,1001
stale-momentum-friendly-spectral-sam-muon,Stale Momentum-Friendly Spectral SAM-Muon,stale-momentum-friendly-spectral-sam-muon,muon,mnist,1.6,0.01,2.245555267872165,2.2307268678864336,2.2722715296418694,2.2484819232804982,0.0,0.07203284771939444,1001
stale-momentum-friendly-spectral-sam-muon,Stale Momentum-Friendly Spectral SAM-Muon,stale-momentum-friendly-spectral-sam-muon,muon,mnist,1.6,0.02,2.2379900540922675,2.2278682408824215,2.277778622859841,2.2466797773588096,0.0,0.14407927567407855,1001
stale-momentum-friendly-spectral-sam-muon,Stale Momentum-Friendly Spectral SAM-Muon,stale-momentum-friendly-spectral-sam-muon,muon,mnist,1.6,0.05,2.2351284979334674,2.212232328894622,2.2685029172486932,2.2411458200526613,0.0,0.360377835105488,1001
stale-momentum-friendly-spectral-sam-muon,Stale Momentum-Friendly Spectral SAM-Muon,stale-momentum-friendly-spectral-sam-muon,muon,mnist,1.6,0.1,2.2253741107416234,2.2057352730065265,2.266210484799851,2.2351898484944983,0.0,0.7165291545825814,1001
stale-momentum-friendly-spectral-sam-muon,Stale Momentum-Friendly Spectral SAM-Muon,stale-momentum-friendly-spectral-sam-muon,muon,mnist,1.6,0.2,2.2071615006124365,2.1807395055380523,2.2575255570175283,2.2201416149544806,0.0,1.4336092364104176,1001
stale-momentum-friendly-spectral-sam-muon,Stale Momentum-Friendly Spectral SAM-Muon,stale-momentum-friendly-spectral-sam-muon,muon,mnist,1.6,0.5,2.120928153962761,2.103431647505139,2.164353205601267,2.1277405559833467,0.0,3.5813309630706867,1001
stale-momentum-friendly-spectral-sam-muon,Stale Momentum-Friendly Spectral SAM-Muon,stale-momentum-friendly-spectral-sam-muon,muon,mnist,1.6,1.0,2.0789140755673543,2.0609501579474685,2.1058670902023677,2.0897353928994162,0.0,7.177068892479548,1001
stale-momentum-friendly-spectral-sam-muon,Stale Momentum-Friendly Spectral SAM-Muon,stale-momentum-friendly-spectral-sam-muon,muon,mnist,2.0,0.01,2.371711047684853,2.339177755962058,2.4647809667589096,2.394839981424969,0.0,0.07081918729308065,1001
stale-momentum-friendly-spectral-sam-muon,Stale Momentum-Friendly Spectral SAM-Muon,stale-momentum-friendly-spectral-sam-muon,muon,mnist,2.0,0.02,2.3856067700086587,2.3530706744107786,2.450662754442318,2.3987384289044673,0.0,0.141574648639484,1001
stale-momentum-friendly-spectral-sam-muon,Stale Momentum-Friendly Spectral SAM-Muon,stale-momentum-friendly-spectral-sam-muon,muon,mnist,2.0,0.05,2.3792968465421365,2.343294151492544,2.4471205624448626,2.3935395628631353,0.0,0.35632417009628253,1001
stale-momentum-friendly-spectral-sam-muon,Stale Momentum-Friendly Spectral SAM-Muon,stale-momentum-friendly-spectral-sam-muon,muon,mnist,2.0,0.1,2.3623323679524892,2.3204576307314975,2.4466916340865152,2.382632778112053,0.0,0.711239046221948,1001
stale-momentum-friendly-spectral-sam-muon,Stale Momentum-Friendly Spectral SAM-Muon,stale-momentum-friendly-spectral-sam-muon,muon,mnist,2.0,0.2,2.324982863751185,2.271794991388475,2.4312027843184083,2.3476739593613365,0.0,1.4155080926168622,1001
stale-momentum-friendly-spectral-sam-muon,Stale Momentum-Friendly Spectral SAM-Muon,stale-momentum-friendly-spectral-sam-muon,muon,mnist,2.0,0.5,2.1040374229994585,2.092169413172744,2.2143783298786,2.141640010219171,0.0,3.569515214771629,1001
stale-momentum-friendly-spectral-sam-muon,Stale Momentum-Friendly Spectral SAM-Muon,stale-momentum-friendly-spectral-sam-muon,muon,mnist,2.0,1.0,2.035046787217242,2.015753131126101,2.0544687306613727,2.0352008489577917,0.0,7.1010271663492865,1001
stale-momentum-friendly-spectral-sam-muon,Stale Momentum-Friendly Spectral SAM-Muon,stale-momentum-friendly-spectral-sam-muon,muon,mnist,3.0,0.01,2.6359991042935107,2.5699678207404957,2.668220321455862,2.620927033548673,0.0,0.06981898526352195,1001
stale-momentum-friendly-spectral-sam-muon,Stale Momentum-Friendly Spectral SAM-Muon,stale-momentum-friendly-spectral-sam-muon,muon,mnist,3.0,0.02,2.640039884722931,2.5463834713269726,2.66149258406296,2.6110183643688494,0.0,0.1397245587212779,1001
stale-momentum-friendly-spectral-sam-muon,Stale Momentum-Friendly Spectral SAM-Muon,stale-momentum-friendly-spectral-sam-muon,muon,mnist,3.0,0.05,2.6167335646651346,2.530656218557204,2.6574010779844732,2.599145808954262,0.0,0.34837623574379567,1001
stale-momentum-friendly-spectral-sam-muon,Stale Momentum-Friendly Spectral SAM-Muon,stale-momentum-friendly-spectral-sam-muon,muon,mnist,3.0,0.1,2.583842138845969,2.526687177157348,2.6192210218398304,2.578507395912461,0.0,0.6945132464189598,1001
stale-momentum-friendly-spectral-sam-muon,Stale Momentum-Friendly Spectral SAM-Muon,stale-momentum-friendly-spectral-sam-muon,muon,mnist,3.0,0.2,2.5126756795697798,2.4329410763494317,2.5707561487976585,2.501697459279936,0.0,1.3919936458990545,1001
stale-momentum-friendly-spectral-sam-muon,Stale Momentum-Friendly Spectral SAM-Muon,stale-momentum-friendly-spectral-sam-muon,muon,mnist,3.0,0.5,2.2020148588979005,2.1467169783883584,2.314811466972882,2.219722701789512,0.0,3.520128672990864,1001
stale-momentum-friendly-spectral-sam-muon,Stale Momentum-Friendly Spectral SAM-Muon,stale-momentum-friendly-spectral-sam-muon,muon,mnist,3.0,1.0,2.038997422349033,2.014638971981265,2.0797532222032595,2.045478577174743,0.0,7.169237697392662,1001
