depth,algorithm,variant,label,frobenius_mode,outer,source,geometry,origin,alpha,rho,rho_units,lr,noise_model,noise_scale,loss_type,F_star,seed,diverged,death_step,steps,oracle_calls,final_objective,final_gap,final_excess_risk,final_dist_to_opt,final_grad_norm,final_perturbation_frob,final_perturbation_op,final_update_frob,final_sharpness_gap,final_balancedness,final_effective_rank,final_lambda_max,final_train_acc,final_val_acc,final_val_loss
2,sgd,sgd,SGD,,sgd,,,both,1.1,nan,nominal,1.0,additive,1.0,nn_ce,2.2504740078131276,0,0,-1,500,500,24.549385501411184,22.298911493598055,nan,nan,4.3446976290341075,0.0,0.0,14.734739416590601,0.0,nan,25.75365193473941,nan,0.8671875,0.33203125,564.5325322288749
2,sgd,sgd,SGD,,sgd,,,both,1.1,nan,nominal,1.0,additive,1.0,nn_ce,2.2504740078131276,1,0,-1,500,500,77.28763441030202,75.0371604024889,nan,nan,10.563785424397516,0.0,0.0,86.52264127948628,0.0,nan,25.623086437003344,nan,0.818359375,0.3671875,627.6094202269185
2,sgd,sgd,SGD,,sgd,,,both,1.1,nan,nominal,1.0,additive,1.0,nn_ce,2.2504740078131276,2,0,-1,500,500,19.24302147202281,16.992547464209682,nan,nan,4.353378747446618,0.0,0.0,28.139139559547573,0.0,nan,25.323576719477803,nan,0.921875,0.291015625,582.8923721229141
2,sgd,sgd,SGD,,sgd,,,both,1.1,nan,nominal,1.0,additive,1.0,nn_ce,2.2504740078131276,3,0,-1,500,500,14.456122843938934,12.205648836125807,nan,nan,4.163923592624939,0.0,0.0,20.646841007902516,0.0,nan,25.160416909436936,nan,0.904296875,0.3203125,632.7388183468076
2,sgd,sgd,SGD,,sgd,,,both,1.1,nan,nominal,1.0,additive,1.0,nn_ce,2.2504740078131276,4,0,-1,500,500,4.60478225829523,2.3543082504821022,nan,nan,3.240168509371323,0.0,0.0,289.776543273531,0.0,nan,25.596734076606143,nan,0.951171875,0.349609375,559.9962782366349
2,sgd,sgd,SGD,,sgd,,,both,1.1,nan,nominal,1.0,additive,1.0,nn_ce,2.2504740078131276,5,0,-1,500,500,7.323772746392378,5.0732987385792505,nan,nan,2.9865560758778105,0.0,0.0,66.62094614280849,0.0,nan,25.52652809855957,nan,0.9375,0.341796875,610.5157770738876
2,sgd,sgd,SGD,,sgd,,,both,1.1,nan,nominal,1.0,additive,1.0,nn_ce,2.2504740078131276,6,0,-1,500,500,10.136726144370066,7.886252136556938,nan,nan,3.439200152145127,0.0,0.0,177.13797457795025,0.0,nan,25.529712434933305,nan,0.93359375,0.3828125,592.2435684825098
2,sgd,sgd,SGD,,sgd,,,both,1.1,nan,nominal,1.0,additive,1.0,nn_ce,2.2504740078131276,7,0,-1,500,500,15.426400103994727,13.175926096181598,nan,nan,2.9282732135919307,0.0,0.0,39.61285245077483,0.0,nan,25.187095939877782,nan,0.908203125,0.341796875,520.3965980274261
2,muon,muon,Muon,,muon,,,both,1.1,nan,nominal,0.02,additive,1.0,nn_ce,2.2504740078131276,0,0,-1,500,500,1.6912177842192186,-0.5592562235939089,nan,nan,0.47814883339646486,0.0,0.0,7.451904867398774,0.0,nan,24.20920712682621,nan,0.517578125,0.34765625,2.659498860930147
2,muon,muon,Muon,,muon,,,both,1.1,nan,nominal,0.02,additive,1.0,nn_ce,2.2504740078131276,1,0,-1,500,500,1.4556153239400387,-0.7948586838730889,nan,nan,0.4170492145456272,0.0,0.0,7.161186867181523,0.0,nan,24.29788134468815,nan,0.58984375,0.380859375,2.4948680047208254
2,muon,muon,Muon,,muon,,,both,1.1,nan,nominal,0.02,additive,1.0,nn_ce,2.2504740078131276,2,0,-1,500,500,1.6616169898786333,-0.5888570179344943,nan,nan,0.47609429963256095,0.0,0.0,7.138185155670393,0.0,nan,24.54604919927471,nan,0.515625,0.333984375,2.5818566303745767
2,muon,muon,Muon,,muon,,,both,1.1,nan,nominal,0.02,additive,1.0,nn_ce,2.2504740078131276,3,0,-1,500,500,1.5941036377741233,-0.6563703700390042,nan,nan,0.44144936599604945,0.0,0.0,7.35047630317257,0.0,nan,24.006012113800868,nan,0.53125,0.357421875,2.4314406281411434
2,muon,muon,Muon,,muon,,,both,1.1,nan,nominal,0.02,additive,1.0,nn_ce,2.2504740078131276,4,0,-1,500,500,1.5626556662892521,-0.6878183415238754,nan,nan,0.40543724883571175,0.0,0.0,7.165817125294327,0.0,nan,24.369905829562974,nan,0.546875,0.369140625,2.59048258040203
2,muon,muon,Muon,,muon,,,both,1.1,nan,nominal,0.02,additive,1.0,nn_ce,2.2504740078131276,5,0,-1,500,500,1.5659408701265023,-0.6845331376866253,nan,nan,0.42795598692173875,0.0,0.0,7.367029406815248,0.0,nan,23.926024253856543,nan,0.552734375,0.3359375,2.68100019877482
2,muon,muon,Muon,,muon,,,both,1.1,nan,nominal,0.02,additive,1.0,nn_ce,2.2504740078131276,6,0,-1,500,500,1.5155978555870917,-0.7348761522260359,nan,nan,0.4312829210648101,0.0,0.0,7.067743790446528,0.0,nan,23.84036782518904,nan,0.564453125,0.3671875,2.558141240923731
2,muon,muon,Muon,,muon,,,both,1.1,nan,nominal,0.02,additive,1.0,nn_ce,2.2504740078131276,7,0,-1,500,500,1.68823131411457,-0.5622426936985576,nan,nan,0.4780975899795055,0.0,0.0,7.168789594108132,0.0,nan,24.43377457467292,nan,0.5078125,0.365234375,2.683369158571068
2,full-spectral-sam-muon,full-spectral-sam-muon,Full Spectral SAM-Muon,,muon,grad,spectral,both,1.1,0.02,nominal,0.02,additive,1.0,nn_ce,2.2504740078131276,0,0,-1,500,1000,1.6887837727871795,-0.5616902350259481,nan,nan,0.47446215086768356,0.14554024564666604,0.02397578024193974,7.461675366487579,0.004323964607396036,nan,24.20577531744027,nan,0.509765625,0.353515625,2.652256762108136
2,full-spectral-sam-muon,full-spectral-sam-muon,Full Spectral SAM-Muon,,muon,grad,spectral,both,1.1,0.02,nominal,0.02,additive,1.0,nn_ce,2.2504740078131276,1,0,-1,500,1000,1.4531363913825746,-0.797337616430553,nan,nan,0.41305085014797494,0.14661590311502723,0.024026720971623245,7.160066319364214,0.004990411194575994,nan,24.295419340975066,nan,0.5859375,0.376953125,2.490194384422244
2,full-spectral-sam-muon,full-spectral-sam-muon,Full Spectral SAM-Muon,,muon,grad,spectral,both,1.1,0.02,nominal,0.02,additive,1.0,nn_ce,2.2504740078131276,2,0,-1,500,1000,1.6599341187590109,-0.5905398890541167,nan,nan,0.4722299152109685,0.144746152746884,0.0226434325209314,7.144877757092301,0.0034839219199411797,nan,24.53227610196214,nan,0.517578125,0.33203125,2.5750438682805115
2,full-spectral-sam-muon,full-spectral-sam-muon,Full Spectral SAM-Muon,,muon,grad,spectral,both,1.1,0.02,nominal,0.02,additive,1.0,nn_ce,2.2504740078131276,3,0,-1,500,1000,1.5939535192248508,-0.6565204885882767,nan,nan,0.43755361657135544,0.14434135113377283,0.02385623302469156,7.352849863753394,0.0038278437451342295,nan,23.998298750314973,nan,0.52734375,0.361328125,2.426765039811996
2,full-spectral-sam-muon,full-spectral-sam-muon,Full Spectral SAM-Muon,,muon,grad,spectral,both,1.1,0.02,nominal,0.02,additive,1.0,nn_ce,2.2504740078131276,4,0,-1,500,1000,1.5645007890758273,-0.6859732187373002,nan,nan,0.40434210402365334,0.13507729938756285,0.024031676419495628,7.1661501344612075,0.00413036835177194,nan,24.369415322551408,nan,0.544921875,0.373046875,2.5841661191633403
2,full-spectral-sam-muon,full-spectral-sam-muon,Full Spectral SAM-Muon,,muon,grad,spectral,both,1.1,0.02,nominal,0.02,additive,1.0,nn_ce,2.2504740078131276,5,0,-1,500,1000,1.5668892494035744,-0.6835847584095531,nan,nan,0.42517826537657605,0.13941248895134942,0.024034355180761822,7.367527535715624,0.002585644882028282,nan,23.91661261966353,nan,0.55859375,0.3359375,2.6711000265330496
2,full-spectral-sam-muon,full-spectral-sam-muon,Full Spectral SAM-Muon,,muon,grad,spectral,both,1.1,0.02,nominal,0.02,additive,1.0,nn_ce,2.2504740078131276,6,0,-1,500,1000,1.5135423744993328,-0.7369316333137947,nan,nan,0.42821940210491455,0.1363386737454239,0.023875898891856314,7.068786205640746,0.006418688968216513,nan,23.840626562144433,nan,0.5703125,0.359375,2.5527498518858476
2,full-spectral-sam-muon,full-spectral-sam-muon,Full Spectral SAM-Muon,,muon,grad,spectral,both,1.1,0.02,nominal,0.02,additive,1.0,nn_ce,2.2504740078131276,7,0,-1,500,1000,1.6859321265248222,-0.5645418812883054,nan,nan,0.4750799862475665,0.1464371375528668,0.023951479781273845,7.165703644596632,0.004805918386285635,nan,24.441379063310965,nan,0.509765625,0.3671875,2.676245907060528
2,random-spectral-sam-muon,random-spectral-sam-muon,Random Spectral SAM-Muon,,muon,random,spectral,mnist,1.1,0.02,nominal,0.02,additive,1.0,nn_ce,2.2504740078131276,0,0,-1,500,500,1.6911254034463927,-0.5593486043667348,nan,nan,0.4786259238301157,0.13782913542638947,0.022623040600379726,7.454259939800056,-0.0006232380236501633,nan,24.207618124590283,nan,0.51953125,0.349609375,2.6600737407257746
2,random-spectral-sam-muon,random-spectral-sam-muon,Random Spectral SAM-Muon,,muon,random,spectral,mnist,1.1,0.02,nominal,0.02,additive,1.0,nn_ce,2.2504740078131276,1,0,-1,500,500,1.4555929563915244,-0.7948810514216031,nan,nan,0.41674827631312833,0.1372620331739916,0.022676568566510263,7.164762953172818,0.0018686131266170136,nan,24.295243242663457,nan,0.5859375,0.376953125,2.4944585438081397
2,random-spectral-sam-muon,random-spectral-sam-muon,Random Spectral SAM-Muon,,muon,random,spectral,mnist,1.1,0.02,nominal,0.02,additive,1.0,nn_ce,2.2504740078131276,2,0,-1,500,500,1.662607822848193,-0.5878661849649345,nan,nan,0.47672399260944737,0.13820238573568555,0.022653040984969026,7.140882373945949,0.0016748849666716747,nan,24.539634742755666,nan,0.517578125,0.330078125,2.582053771077811
2,random-spectral-sam-muon,random-spectral-sam-muon,Random Spectral SAM-Muon,,muon,random,spectral,mnist,1.1,0.02,nominal,0.02,additive,1.0,nn_ce,2.2504740078131276,3,0,-1,500,500,1.5937981979917657,-0.6566758098213619,nan,nan,0.4405681551990146,0.1400990683742406,0.023831335877129912,7.352091375149531,-0.0005593123901619368,nan,24.003633134474505,nan,0.52734375,0.357421875,2.429893285360737
2,random-spectral-sam-muon,random-spectral-sam-muon,Random Spectral SAM-Muon,,muon,random,spectral,mnist,1.1,0.02,nominal,0.02,additive,1.0,nn_ce,2.2504740078131276,4,0,-1,500,500,1.562879906056613,-0.6875941017565146,nan,nan,0.407578545984424,0.13923812345217607,0.023432381559336204,7.168330298344959,-0.00014000022094706743,nan,24.370582613580513,nan,0.546875,0.373046875,2.5893367069634463
2,random-spectral-sam-muon,random-spectral-sam-muon,Random Spectral SAM-Muon,,muon,random,spectral,mnist,1.1,0.02,nominal,0.02,additive,1.0,nn_ce,2.2504740078131276,5,0,-1,500,500,1.566970157990474,-0.6835038498226536,nan,nan,0.42822768182510523,0.13774925746987282,0.02366453702007835,7.367396809497884,0.0003119266520161812,nan,23.921507838472063,nan,0.556640625,0.3359375,2.6786558619152423
2,random-spectral-sam-muon,random-spectral-sam-muon,Random Spectral SAM-Muon,,muon,random,spectral,mnist,1.1,0.02,nominal,0.02,additive,1.0,nn_ce,2.2504740078131276,6,0,-1,500,500,1.5149327687737772,-0.7355412390393503,nan,nan,0.43097988651888525,0.1393354828574262,0.0226686802486577,7.070853327528342,0.001035760008511133,nan,23.84069102418016,nan,0.568359375,0.37109375,2.5572497451609664
2,random-spectral-sam-muon,random-spectral-sam-muon,Random Spectral SAM-Muon,,muon,random,spectral,mnist,1.1,0.02,nominal,0.02,additive,1.0,nn_ce,2.2504740078131276,7,0,-1,500,500,1.687577762738333,-0.5628962450747945,nan,nan,0.47636325273347346,0.13803901430509477,0.022669580188969977,7.166027041817642,-0.0016355391193814128,nan,24.437444241563515,nan,0.509765625,0.365234375,2.68337452688082
2,full-spectral-sam-muon,full-spectral-sam-muon,Full Spectral SAM-Muon,,muon,grad,spectral,both,1.1,0.2,nominal,0.02,additive,1.0,nn_ce,2.2504740078131276,0,0,-1,500,1000,1.684064535393468,-0.5664094724196596,nan,nan,0.4479322776594763,1.4550877316485722,0.239033932773196,7.477036667092495,0.06686990793261849,nan,24.139914753961893,nan,0.515625,0.35546875,2.6000339845447273
2,full-spectral-sam-muon,full-spectral-sam-muon,Full Spectral SAM-Muon,,muon,grad,spectral,both,1.1,0.2,nominal,0.02,additive,1.0,nn_ce,2.2504740078131276,1,0,-1,500,1000,1.4655316050705713,-0.7849424027425562,nan,nan,0.3907144957161435,1.4625543232479026,0.2403924050450245,7.170451063475383,0.08064088558883098,nan,24.268679064227868,nan,0.595703125,0.37890625,2.449900389211955
2,full-spectral-sam-muon,full-spectral-sam-muon,Full Spectral SAM-Muon,,muon,grad,spectral,both,1.1,0.2,nominal,0.02,additive,1.0,nn_ce,2.2504740078131276,2,0,-1,500,1000,1.6605519487300116,-0.589922059083116,nan,nan,0.44126257624815735,1.4490458336146985,0.2266087073337539,7.138082785733398,0.06250741857580433,nan,24.500139002000605,nan,0.521484375,0.333984375,2.529107380245858
2,full-spectral-sam-muon,full-spectral-sam-muon,Full Spectral SAM-Muon,,muon,grad,spectral,both,1.1,0.2,nominal,0.02,additive,1.0,nn_ce,2.2504740078131276,3,0,-1,500,1000,1.6125523080851547,-0.6379216997279729,nan,nan,0.42435398743016767,1.4444180437394998,0.23696888390836274,7.357645550447056,0.06073761649827647,nan,23.917069400565683,nan,0.533203125,0.3671875,2.382659701081878
2,full-spectral-sam-muon,full-spectral-sam-muon,Full Spectral SAM-Muon,,muon,grad,spectral,both,1.1,0.2,nominal,0.02,additive,1.0,nn_ce,2.2504740078131276,4,0,-1,500,1000,1.5809545743295164,-0.6695194334836112,nan,nan,0.39262587605016563,1.3523115354317217,0.2403283695179861,7.159739411625153,0.06929720864260758,nan,24.32709211966786,nan,0.552734375,0.3828125,2.542612250671253
2,full-spectral-sam-muon,full-spectral-sam-muon,Full Spectral SAM-Muon,,muon,grad,spectral,both,1.1,0.2,nominal,0.02,additive,1.0,nn_ce,2.2504740078131276,5,0,-1,500,1000,1.5752333589160485,-0.675240648897079,nan,nan,0.4062171382622,1.3957871915423914,0.24031238103848168,7.356864753854819,0.05186659543636041,nan,23.90456863513902,nan,0.572265625,0.33984375,2.611223421713706
2,full-spectral-sam-muon,full-spectral-sam-muon,Full Spectral SAM-Muon,,muon,grad,spectral,both,1.1,0.2,nominal,0.02,additive,1.0,nn_ce,2.2504740078131276,6,0,-1,500,1000,1.515268753884452,-0.7352052539286755,nan,nan,0.4095340860207871,1.3618628914463917,0.23861444614670158,7.063737169361009,0.09066515534071251,nan,23.857900571969743,nan,0.57421875,0.365234375,2.504639973643047
2,full-spectral-sam-muon,full-spectral-sam-muon,Full Spectral SAM-Muon,,muon,grad,spectral,both,1.1,0.2,nominal,0.02,additive,1.0,nn_ce,2.2504740078131276,7,0,-1,500,1000,1.6969628141866473,-0.5535111936264803,nan,nan,0.4493723500423405,1.4674404208971845,0.23969619965352312,7.1818382827740805,0.07876705547686114,nan,24.412535937688602,nan,0.5234375,0.373046875,2.630922069116272
2,random-spectral-sam-muon,random-spectral-sam-muon,Random Spectral SAM-Muon,,muon,random,spectral,mnist,1.1,0.01,nominal,0.02,additive,1.0,nn_ce,2.2504740078131276,0,0,-1,500,500,1.6904447541876135,-0.560029253625514,nan,nan,0.47842382600464406,0.06891456771319474,0.011311520300189863,7.45524832989716,-0.00040475707609721745,nan,24.20920949198952,nan,0.51953125,0.349609375,2.6596439510392846
2,random-spectral-sam-muon,random-spectral-sam-muon,Random Spectral SAM-Muon,,muon,random,spectral,mnist,1.1,0.01,nominal,0.02,additive,1.0,nn_ce,2.2504740078131276,1,0,-1,500,500,1.4559848997929377,-0.7944891080201899,nan,nan,0.41700261148813234,0.0686310165869958,0.011338284283255132,7.165050930749493,0.0008894919681015079,nan,24.296383842282133,nan,0.587890625,0.376953125,2.4957119534173398
2,random-spectral-sam-muon,random-spectral-sam-muon,Random Spectral SAM-Muon,,muon,random,spectral,mnist,1.1,0.01,nominal,0.02,additive,1.0,nn_ce,2.2504740078131276,2,0,-1,500,500,1.6629899052416048,-0.5874841025715227,nan,nan,0.47618475215717626,0.06910119286784278,0.011326520492484513,7.141861287909453,0.0008145890158783864,nan,24.54134730649155,nan,0.517578125,0.33203125,2.5819063365575428
2,random-spectral-sam-muon,random-spectral-sam-muon,Random Spectral SAM-Muon,,muon,random,spectral,mnist,1.1,0.01,nominal,0.02,additive,1.0,nn_ce,2.2504740078131276,3,0,-1,500,500,1.5939527046655853,-0.6565213031475423,nan,nan,0.44137316575231134,0.0700495341871203,0.011915667938564956,7.350061996095336,-0.00036409022480365927,nan,24.00547681314844,nan,0.52734375,0.361328125,2.431663292324103
2,random-spectral-sam-muon,random-spectral-sam-muon,Random Spectral SAM-Muon,,muon,random,spectral,mnist,1.1,0.01,nominal,0.02,additive,1.0,nn_ce,2.2504740078131276,4,0,-1,500,500,1.5627342099290609,-0.6877397978840667,nan,nan,0.4071205353118394,0.06961906172608803,0.011716190779668102,7.168860362548773,-0.00014470189769233421,nan,24.37173841088193,nan,0.548828125,0.369140625,2.589256722033468
2,random-spectral-sam-muon,random-spectral-sam-muon,Random Spectral SAM-Muon,,muon,random,spectral,mnist,1.1,0.01,nominal,0.02,additive,1.0,nn_ce,2.2504740078131276,5,0,-1,500,500,1.5668325385447117,-0.6836414692684158,nan,nan,0.4285154936924897,0.06887462873493641,0.011832268510039176,7.366258422092276,0.00010997019870728764,nan,23.920797374427085,nan,0.556640625,0.337890625,2.6782017021242743
2,random-spectral-sam-muon,random-spectral-sam-muon,Random Spectral SAM-Muon,,muon,random,spectral,mnist,1.1,0.01,nominal,0.02,additive,1.0,nn_ce,2.2504740078131276,6,0,-1,500,500,1.5146482967292065,-0.735825711083921,nan,nan,0.43262929350781554,0.0696677414287131,0.01133434012432885,7.067444201701841,0.00044069342719965654,nan,23.844123648858385,nan,0.56640625,0.369140625,2.559349726252031
2,random-spectral-sam-muon,random-spectral-sam-muon,Random Spectral SAM-Muon,,muon,random,spectral,mnist,1.1,0.01,nominal,0.02,additive,1.0,nn_ce,2.2504740078131276,7,0,-1,500,500,1.6866908178202777,-0.5637831899928498,nan,nan,0.4774667563390102,0.06901950715254739,0.011334790094484988,7.1660434954910555,-0.000885438700853669,nan,24.434186951963742,nan,0.5078125,0.3671875,2.682811146453159
2,full-spectral-sam-muon,full-spectral-sam-muon,Full Spectral SAM-Muon,,muon,grad,spectral,both,1.1,0.01,nominal,0.02,additive,1.0,nn_ce,2.2504740078131276,0,0,-1,500,1000,1.6902122439297567,-0.5602617638833709,nan,nan,0.4766826227148059,0.0727932745685466,0.012015904344393032,7.456467910384605,0.0019781163650760547,nan,24.205506629279164,nan,0.513671875,0.3515625,2.6564680405048993
2,full-spectral-sam-muon,full-spectral-sam-muon,Full Spectral SAM-Muon,,muon,grad,spectral,both,1.1,0.01,nominal,0.02,additive,1.0,nn_ce,2.2504740078131276,1,0,-1,500,1000,1.454257745461013,-0.7962162623521145,nan,nan,0.41493365191724274,0.07333045461343368,0.012009550096948107,7.161043612129271,0.002393254789512911,nan,24.298642234757803,nan,0.587890625,0.380859375,2.4923060596203808
2,full-spectral-sam-muon,full-spectral-sam-muon,Full Spectral SAM-Muon,,muon,grad,spectral,both,1.1,0.01,nominal,0.02,additive,1.0,nn_ce,2.2504740078131276,2,0,-1,500,1000,1.660287772150558,-0.5901862356625696,nan,nan,0.47398170142101986,0.07237105314339114,0.011321687575392638,7.141329212573069,0.0016663676254340398,nan,24.539626441373816,nan,0.515625,0.330078125,2.579539515998644
2,full-spectral-sam-muon,full-spectral-sam-muon,Full Spectral SAM-Muon,,muon,grad,spectral,both,1.1,0.01,nominal,0.02,additive,1.0,nn_ce,2.2504740078131276,3,0,-1,500,1000,1.5950755440454283,-0.6553984637676993,nan,nan,0.43919874085470384,0.07214970547186947,0.011916459326169637,7.35360582658067,0.0018010564963877318,nan,24.00551261651502,nan,0.52734375,0.357421875,2.4287151312372126
2,full-spectral-sam-muon,full-spectral-sam-muon,Full Spectral SAM-Muon,,muon,grad,spectral,both,1.1,0.01,nominal,0.02,additive,1.0,nn_ce,2.2504740078131276,4,0,-1,500,1000,1.5622795308128121,-0.6881944770003154,nan,nan,0.4057232303466884,0.06752572170428907,0.012011502271270503,7.1684763827790645,0.0019635902225996205,nan,24.372654072064428,nan,0.548828125,0.37109375,2.587327895945946
2,full-spectral-sam-muon,full-spectral-sam-muon,Full Spectral SAM-Muon,,muon,grad,spectral,both,1.1,0.01,nominal,0.02,additive,1.0,nn_ce,2.2504740078131276,5,0,-1,500,1000,1.566172254660052,-0.6843017531530755,nan,nan,0.42657927525203243,0.06969070643774108,0.01201819131848751,7.365183611753505,0.0012042490120403038,nan,23.916233880723503,nan,0.552734375,0.337890625,2.6754561485352184
2,full-spectral-sam-muon,full-spectral-sam-muon,Full Spectral SAM-Muon,,muon,grad,spectral,both,1.1,0.01,nominal,0.02,additive,1.0,nn_ce,2.2504740078131276,6,0,-1,500,1000,1.5143280729241697,-0.7361459348889579,nan,nan,0.43040294801883594,0.06815603757731957,0.011937963731074303,7.0713636376552795,0.0030720989894479356,nan,23.836239838665392,nan,0.5703125,0.36328125,2.555453330711722
2,full-spectral-sam-muon,full-spectral-sam-muon,Full Spectral SAM-Muon,,muon,grad,spectral,both,1.1,0.01,nominal,0.02,additive,1.0,nn_ce,2.2504740078131276,7,0,-1,500,1000,1.6865193268388101,-0.5639546809743174,nan,nan,0.4768058279080191,0.07316398044510278,0.011974794109856579,7.167788430690302,0.002391003036324557,nan,24.439207019056017,nan,0.509765625,0.369140625,2.6787107866668283
2,full-spectral-sam-muon,full-spectral-sam-muon,Full Spectral SAM-Muon,,muon,grad,spectral,both,1.1,0.05,nominal,0.02,additive,1.0,nn_ce,2.2504740078131276,0,0,-1,500,1000,1.6868505556263962,-0.5636234521867314,nan,nan,0.47015666946878876,0.3638244082723888,0.05996986563391216,7.470895406198243,0.01158564361877712,nan,24.201497332944324,nan,0.521484375,0.3515625,2.6427043105287487
2,full-spectral-sam-muon,full-spectral-sam-muon,Full Spectral SAM-Muon,,muon,grad,spectral,both,1.1,0.05,nominal,0.02,additive,1.0,nn_ce,2.2504740078131276,1,0,-1,500,1000,1.4516222306730433,-0.7988517771400843,nan,nan,0.407113761549219,0.3657815677141581,0.060069878793587134,7.164505456614265,0.01437534201071533,nan,24.29010993941512,nan,0.591796875,0.380859375,2.485411128609317
2,full-spectral-sam-muon,full-spectral-sam-muon,Full Spectral SAM-Muon,,muon,grad,spectral,both,1.1,0.05,nominal,0.02,additive,1.0,nn_ce,2.2504740078131276,2,0,-1,500,1000,1.6592027221588788,-0.5912712856542488,nan,nan,0.4650266694032768,0.3617133889607097,0.056656583032362776,7.138842205678196,0.009657609763656039,nan,24.527210088192202,nan,0.515625,0.33203125,2.5665050275646952
2,full-spectral-sam-muon,full-spectral-sam-muon,Full Spectral SAM-Muon,,muon,grad,spectral,both,1.1,0.05,nominal,0.02,additive,1.0,nn_ce,2.2504740078131276,3,0,-1,500,1000,1.5942645079755657,-0.6562094998375618,nan,nan,0.4344764784535642,0.3602739979245291,0.05939844687298659,7.354014434477269,0.010197927935538864,nan,23.99073000963367,nan,0.529296875,0.361328125,2.418665835530825
2,full-spectral-sam-muon,full-spectral-sam-muon,Full Spectral SAM-Muon,,muon,grad,spectral,both,1.1,0.05,nominal,0.02,additive,1.0,nn_ce,2.2504740078131276,4,0,-1,500,1000,1.565474929386633,-0.6849990784264945,nan,nan,0.4032069766304934,0.33757161893521515,0.060091551079372356,7.166023259241946,0.011589714677071372,nan,24.362357543378394,nan,0.546875,0.373046875,2.577146102338351
2,full-spectral-sam-muon,full-spectral-sam-muon,Full Spectral SAM-Muon,,muon,grad,spectral,both,1.1,0.05,nominal,0.02,additive,1.0,nn_ce,2.2504740078131276,5,0,-1,500,1000,1.5667866995815347,-0.6836873082315928,nan,nan,0.41987379612120235,0.34841844722644816,0.06008302875222447,7.366499429832505,0.007668519720169575,nan,23.917950386197383,nan,0.5625,0.3359375,2.662023692189554
2,full-spectral-sam-muon,full-spectral-sam-muon,Full Spectral SAM-Muon,,muon,grad,spectral,both,1.1,0.05,nominal,0.02,additive,1.0,nn_ce,2.2504740078131276,6,0,-1,500,1000,1.510692843664887,-0.7397811641482406,nan,nan,0.4243087127365628,0.34044696944772346,0.059685801058033325,7.059962614960275,0.017252211771775494,nan,23.85034352094726,nan,0.5703125,0.36328125,2.548294936223281
2,full-spectral-sam-muon,full-spectral-sam-muon,Full Spectral SAM-Muon,,muon,grad,spectral,both,1.1,0.05,nominal,0.02,additive,1.0,nn_ce,2.2504740078131276,7,0,-1,500,1000,1.6853958826097077,-0.5650781252034198,nan,nan,0.46965683002649744,0.3662839586994819,0.05988850739230544,7.170034655512269,0.01334338803571633,nan,24.443761077296674,nan,0.517578125,0.369140625,2.667119191768526
2,random-spectral-sam-muon,random-spectral-sam-muon,Random Spectral SAM-Muon,,muon,random,spectral,mnist,1.1,0.2,nominal,0.02,additive,1.0,nn_ce,2.2504740078131276,0,0,-1,500,500,1.6914969006599239,-0.5589771071532037,nan,nan,0.4792316006955344,1.3782913542638944,0.22623040600379735,7.436932730121751,0.021756862937520882,nan,24.215903726492,nan,0.51953125,0.353515625,2.654020902265557
2,random-spectral-sam-muon,random-spectral-sam-muon,Random Spectral SAM-Muon,,muon,random,spectral,mnist,1.1,0.2,nominal,0.02,additive,1.0,nn_ce,2.2504740078131276,1,0,-1,500,500,1.4588596728572785,-0.7916143349558491,nan,nan,0.4169293125692769,1.3726203317399155,0.2267656856651026,7.159200401081659,0.04136955159511735,nan,24.28251364841012,nan,0.58984375,0.390625,2.492131579999935
2,random-spectral-sam-muon,random-spectral-sam-muon,Random Spectral SAM-Muon,,muon,random,spectral,mnist,1.1,0.2,nominal,0.02,additive,1.0,nn_ce,2.2504740078131276,2,0,-1,500,500,1.6665050379920257,-0.5839689698211019,nan,nan,0.4822501885548765,1.3820238573568555,0.22653040984969028,7.1401211338053345,0.03639942916465544,nan,24.543297192983918,nan,0.51953125,0.330078125,2.5778230121631505
2,random-spectral-sam-muon,random-spectral-sam-muon,Random Spectral SAM-Muon,,muon,random,spectral,mnist,1.1,0.2,nominal,0.02,additive,1.0,nn_ce,2.2504740078131276,3,0,-1,500,500,1.5998007911175498,-0.6506732166955778,nan,nan,0.4395824861959543,1.400990683742406,0.2383133587712991,7.350657522522326,0.019495194194329324,nan,23.973738098638133,nan,0.52734375,0.357421875,2.4292686610131438
2,random-spectral-sam-muon,random-spectral-sam-muon,Random Spectral SAM-Muon,,muon,random,spectral,mnist,1.1,0.2,nominal,0.02,additive,1.0,nn_ce,2.2504740078131276,4,0,-1,500,500,1.5688399860910365,-0.6816340217220911,nan,nan,0.40769250079790564,1.392381234521761,0.23432381559336207,7.171298986889594,0.01978985538307243,nan,24.369702808878102,nan,0.55078125,0.375,2.577962681052976
2,random-spectral-sam-muon,random-spectral-sam-muon,Random Spectral SAM-Muon,,muon,random,spectral,mnist,1.1,0.2,nominal,0.02,additive,1.0,nn_ce,2.2504740078131276,5,0,-1,500,500,1.5753215313056805,-0.675152476507447,nan,nan,0.43151494690600983,1.377492574698728,0.23664537020078358,7.3597728956239195,0.02900366837205781,nan,23.908049531281804,nan,0.56640625,0.333984375,2.6663904477656115
2,random-spectral-sam-muon,random-spectral-sam-muon,Random Spectral SAM-Muon,,muon,random,spectral,mnist,1.1,0.2,nominal,0.02,additive,1.0,nn_ce,2.2504740078131276,6,0,-1,500,500,1.5156771223501,-0.7347968854630276,nan,nan,0.43318684519433426,1.393354828574262,0.22668680248657694,7.059565881644986,0.03821779027782202,nan,23.868094500642894,nan,0.57421875,0.357421875,2.552381328983372
2,random-spectral-sam-muon,random-spectral-sam-muon,Random Spectral SAM-Muon,,muon,random,spectral,mnist,1.1,0.2,nominal,0.02,additive,1.0,nn_ce,2.2504740078131276,7,0,-1,500,500,1.691451046161572,-0.5590229616515556,nan,nan,0.4747367700001728,1.3803901430509475,0.22669580188969973,7.166122668575535,0.004444781029726341,nan,24.426774813495282,nan,0.509765625,0.365234375,2.683169886831866
2,full-spectral-sam-muon,full-spectral-sam-muon,Full Spectral SAM-Muon,,muon,grad,spectral,both,1.1,0.5,nominal,0.02,additive,1.0,nn_ce,2.2504740078131276,0,0,-1,500,1000,1.7266708144676493,-0.5238031933454783,nan,nan,0.42884546647077815,3.6158178297213346,0.6011503783619192,7.493264377499909,0.2582928354228504,nan,24.039517960484922,nan,0.494140625,0.37109375,2.54146086576992
2,full-spectral-sam-muon,full-spectral-sam-muon,Full Spectral SAM-Muon,,muon,grad,spectral,both,1.1,0.5,nominal,0.02,additive,1.0,nn_ce,2.2504740078131276,1,0,-1,500,1000,1.5321545825128664,-0.7183194253002612,nan,nan,0.37623167444504474,3.662713888662896,0.6011776828612292,7.18041165587836,0.28919322062101793,nan,24.233320960584148,nan,0.5703125,0.3828125,2.3972954333832757
2,full-spectral-sam-muon,full-spectral-sam-muon,Full Spectral SAM-Muon,,muon,grad,spectral,both,1.1,0.5,nominal,0.02,additive,1.0,nn_ce,2.2504740078131276,2,0,-1,500,1000,1.70937211503615,-0.5411018927769775,nan,nan,0.41367596029062254,3.615131871977064,0.5727374281872655,7.150527030995112,0.24438379107567165,nan,24.393573267302195,nan,0.51953125,0.34765625,2.4704968607244924
2,full-spectral-sam-muon,full-spectral-sam-muon,Full Spectral SAM-Muon,,muon,grad,spectral,both,1.1,0.5,nominal,0.02,additive,1.0,nn_ce,2.2504740078131276,3,0,-1,500,1000,1.678174270921164,-0.5722997368919636,nan,nan,0.41372080684308726,3.6116114465532,0.5926407774657046,7.35388898083328,0.24886630760190176,nan,23.800607134017465,nan,0.513671875,0.365234375,2.3442556862432875
2,full-spectral-sam-muon,full-spectral-sam-muon,Full Spectral SAM-Muon,,muon,grad,spectral,both,1.1,0.5,nominal,0.02,additive,1.0,nn_ce,2.2504740078131276,4,0,-1,500,1000,1.6588156314625087,-0.5916583763506189,nan,nan,0.39174151303081245,3.3701506435405335,0.6000719310206336,7.147149348197754,0.24245419968314774,nan,24.25612477495758,nan,0.537109375,0.365234375,2.475727701469073
2,full-spectral-sam-muon,full-spectral-sam-muon,Full Spectral SAM-Muon,,muon,grad,spectral,both,1.1,0.5,nominal,0.02,additive,1.0,nn_ce,2.2504740078131276,5,0,-1,500,1000,1.643085330684922,-0.6073886771282055,nan,nan,0.39195884454507623,3.4864291365746785,0.6004720908685564,7.360193369307661,0.21656035852596367,nan,23.800823531328227,nan,0.54296875,0.36328125,2.5475350634188305
2,full-spectral-sam-muon,full-spectral-sam-muon,Full Spectral SAM-Muon,,muon,grad,spectral,both,1.1,0.5,nominal,0.02,additive,1.0,nn_ce,2.2504740078131276,6,0,-1,500,1000,1.5671566011384006,-0.683317406674727,nan,nan,0.3888208501047495,3.4141332409701417,0.5967990988372306,7.056686859543132,0.3209434485761995,nan,23.808051762527647,nan,0.568359375,0.375,2.446753889593552
2,full-spectral-sam-muon,full-spectral-sam-muon,Full Spectral SAM-Muon,,muon,grad,spectral,both,1.1,0.5,nominal,0.02,additive,1.0,nn_ce,2.2504740078131276,7,0,-1,500,1000,1.7535909470241995,-0.4968830607889281,nan,nan,0.4266927526164699,3.6791612412190418,0.5996493234796085,7.173745462105217,0.3304198294831773,nan,24.308947574024785,nan,0.4921875,0.36328125,2.5831545913764478
2,random-spectral-sam-muon,random-spectral-sam-muon,Random Spectral SAM-Muon,,muon,random,spectral,mnist,1.1,0.5,nominal,0.02,additive,1.0,nn_ce,2.2504740078131276,0,0,-1,500,500,1.7031686797906536,-0.547305328022474,nan,nan,0.48085429352604325,3.4457283856597356,0.5655760150094932,7.421314228344951,0.16078444436248884,nan,24.161256796538,nan,0.51171875,0.357421875,2.6342215047724737
2,random-spectral-sam-muon,random-spectral-sam-muon,Random Spectral SAM-Muon,,muon,random,spectral,mnist,1.1,0.5,nominal,0.02,additive,1.0,nn_ce,2.2504740078131276,1,0,-1,500,500,1.4781008624006042,-0.7723731454125233,nan,nan,0.4219893892045575,3.4315508293497885,0.5669142141627564,7.161815299237319,0.1895128855730237,nan,24.253201967070616,nan,0.58203125,0.380859375,2.4745332881848565
2,random-spectral-sam-muon,random-spectral-sam-muon,Random Spectral SAM-Muon,,muon,random,spectral,mnist,1.1,0.5,nominal,0.02,additive,1.0,nn_ce,2.2504740078131276,2,0,-1,500,500,1.6817566659968184,-0.5687173418163092,nan,nan,0.4886275427917461,3.455059643392139,0.5663260246242258,7.14269862296507,0.16164495934904255,nan,24.52039745148062,nan,0.521484375,0.33203125,2.556807523106631
2,random-spectral-sam-muon,random-spectral-sam-muon,Random Spectral SAM-Muon,,muon,random,spectral,mnist,1.1,0.5,nominal,0.02,additive,1.0,nn_ce,2.2504740078131276,3,0,-1,500,500,1.6131952481455927,-0.6372787596675349,nan,nan,0.4404003014563825,3.5024767093560145,0.5957833969282476,7.34947509259787,0.14982535802313457,nan,23.89667849750418,nan,0.52734375,0.36328125,2.4113379271909814
2,random-spectral-sam-muon,random-spectral-sam-muon,Random Spectral SAM-Muon,,muon,random,spectral,mnist,1.1,0.5,nominal,0.02,additive,1.0,nn_ce,2.2504740078131276,4,0,-1,500,500,1.5741322607717443,-0.6763417470413833,nan,nan,0.4089756835692008,3.4809530863044014,0.585809538983405,7.173523102484733,0.13213604436627446,nan,24.326552011214492,nan,0.544921875,0.37109375,2.5547467820548997
2,random-spectral-sam-muon,random-spectral-sam-muon,Random Spectral SAM-Muon,,muon,random,spectral,mnist,1.1,0.5,nominal,0.02,additive,1.0,nn_ce,2.2504740078131276,5,0,-1,500,500,1.5920137275663975,-0.6584602802467301,nan,nan,0.4310169404207739,3.4437314367468206,0.5916134255019587,7.358811746015893,0.16967036880235264,nan,23.873244611235826,nan,0.560546875,0.345703125,2.6484968105925093
2,random-spectral-sam-muon,random-spectral-sam-muon,Random Spectral SAM-Muon,,muon,random,spectral,mnist,1.1,0.5,nominal,0.02,additive,1.0,nn_ce,2.2504740078131276,6,0,-1,500,500,1.5327589223820661,-0.7177150854310614,nan,nan,0.435636030131254,3.483387071435654,0.5667170062164424,7.0615114088065045,0.18717129228505325,nan,23.868136139878438,nan,0.564453125,0.3671875,2.536255467145342
2,random-spectral-sam-muon,random-spectral-sam-muon,Random Spectral SAM-Muon,,muon,random,spectral,mnist,1.1,0.5,nominal,0.02,additive,1.0,nn_ce,2.2504740078131276,7,0,-1,500,500,1.7049385662643428,-0.5455354415487847,nan,nan,0.46946210420279305,3.450975357627369,0.5667395047242494,7.153630795823787,0.09491982899449924,nan,24.38490503779008,nan,0.505859375,0.36328125,2.6748160472784352
2,random-spectral-sam-muon,random-spectral-sam-muon,Random Spectral SAM-Muon,,muon,random,spectral,mnist,1.1,0.1,nominal,0.02,additive,1.0,nn_ce,2.2504740078131276,0,0,-1,500,500,1.6923529582727634,-0.5581210495403641,nan,nan,0.48096436433703343,0.6891456771319472,0.11311520300189867,7.445003584491576,0.0029712040722915667,nan,24.2115803723662,nan,0.515625,0.349609375,2.657355821837399
2,random-spectral-sam-muon,random-spectral-sam-muon,Random Spectral SAM-Muon,,muon,random,spectral,mnist,1.1,0.1,nominal,0.02,additive,1.0,nn_ce,2.2504740078131276,1,0,-1,500,500,1.4544365731226339,-0.7960374346904937,nan,nan,0.4167432233265236,0.6863101658699577,0.1133828428325513,7.162955645562113,0.015214078524337538,nan,24.290318644929155,nan,0.587890625,0.384765625,2.4923126926307644
2,random-spectral-sam-muon,random-spectral-sam-muon,Random Spectral SAM-Muon,,muon,random,spectral,mnist,1.1,0.1,nominal,0.02,additive,1.0,nn_ce,2.2504740078131276,2,0,-1,500,500,1.6659540094629726,-0.584519998350155,nan,nan,0.48075110162684426,0.6910119286784278,0.11326520492484514,7.138294887837113,0.01312038520194525,nan,24.53457787415117,nan,0.515625,0.330078125,2.581607151933565
2,random-spectral-sam-muon,random-spectral-sam-muon,Random Spectral SAM-Muon,,muon,random,spectral,mnist,1.1,0.1,nominal,0.02,additive,1.0,nn_ce,2.2504740078131276,3,0,-1,500,500,1.5957368912075107,-0.6547371166056168,nan,nan,0.43937371985621904,0.700495341871203,0.11915667938564956,7.350459837412522,0.002893436605517996,nan,23.992848958554553,nan,0.5234375,0.357421875,2.42843660980387
2,random-spectral-sam-muon,random-spectral-sam-muon,Random Spectral SAM-Muon,,muon,random,spectral,mnist,1.1,0.1,nominal,0.02,additive,1.0,nn_ce,2.2504740078131276,4,0,-1,500,500,1.5658658047951541,-0.6846082030179734,nan,nan,0.40727980475606523,0.6961906172608805,0.11716190779668104,7.168256956393834,0.0046533946530284975,nan,24.378883056966497,nan,0.544921875,0.376953125,2.5879402274017465
2,random-spectral-sam-muon,random-spectral-sam-muon,Random Spectral SAM-Muon,,muon,random,spectral,mnist,1.1,0.1,nominal,0.02,additive,1.0,nn_ce,2.2504740078131276,5,0,-1,500,500,1.5685228582127206,-0.6819511496004069,nan,nan,0.43005901465584084,0.688746287349364,0.11832268510039179,7.36268383938502,0.008120037619114395,nan,23.90713840886011,nan,0.556640625,0.337890625,2.676131792412283
2,random-spectral-sam-muon,random-spectral-sam-muon,Random Spectral SAM-Muon,,muon,random,spectral,mnist,1.1,0.1,nominal,0.02,additive,1.0,nn_ce,2.2504740078131276,6,0,-1,500,500,1.513538049040309,-0.7369359587728186,nan,nan,0.4312111674097691,0.696677414287131,0.11334340124328847,7.062635803150385,0.01198720666337838,nan,23.85591002366683,nan,0.572265625,0.361328125,2.5578548907714227
2,random-spectral-sam-muon,random-spectral-sam-muon,Random Spectral SAM-Muon,,muon,random,spectral,mnist,1.1,0.1,nominal,0.02,additive,1.0,nn_ce,2.2504740078131276,7,0,-1,500,500,1.6900550820368183,-0.5604189257763093,nan,nan,0.4773168155838545,0.6901950715254738,0.11334790094484987,7.170168115553993,-0.0034453114226007386,nan,24.434520403758732,nan,0.509765625,0.365234375,2.6826791266858034
2,random-spectral-sam-muon,random-spectral-sam-muon,Random Spectral SAM-Muon,,muon,random,spectral,mnist,1.1,0.05,nominal,0.02,additive,1.0,nn_ce,2.2504740078131276,0,0,-1,500,500,1.6915123308959927,-0.5589616769171348,nan,nan,0.47720476129886896,0.3445728385659736,0.05655760150094934,7.447789023690289,-0.00043824417349869194,nan,24.205790692205603,nan,0.517578125,0.34765625,2.661627295411144
2,random-spectral-sam-muon,random-spectral-sam-muon,Random Spectral SAM-Muon,,muon,random,spectral,mnist,1.1,0.05,nominal,0.02,additive,1.0,nn_ce,2.2504740078131276,1,0,-1,500,500,1.4543188562199072,-0.7961551515932204,nan,nan,0.4156476666319711,0.3431550829349789,0.05669142141627565,7.165933891103002,0.0058396520655059625,nan,24.294824444453656,nan,0.5859375,0.3828125,2.4933089019137515
2,random-spectral-sam-muon,random-spectral-sam-muon,Random Spectral SAM-Muon,,muon,random,spectral,mnist,1.1,0.05,nominal,0.02,additive,1.0,nn_ce,2.2504740078131276,2,0,-1,500,500,1.6648101797156132,-0.5856638280975144,nan,nan,0.4783480459124745,0.3455059643392139,0.05663260246242257,7.1390422971777365,0.005256545982626815,nan,24.536193841992112,nan,0.517578125,0.328125,2.5830920688403864
2,random-spectral-sam-muon,random-spectral-sam-muon,Random Spectral SAM-Muon,,muon,random,spectral,mnist,1.1,0.05,nominal,0.02,additive,1.0,nn_ce,2.2504740078131276,3,0,-1,500,500,1.5945545414045683,-0.6559194664085592,nan,nan,0.43964889585350003,0.3502476709356015,0.05957833969282478,7.352405577334239,-0.0005719841541791393,nan,23.998258500767488,nan,0.521484375,0.359375,2.4291385540610855
2,random-spectral-sam-muon,random-spectral-sam-muon,Random Spectral SAM-Muon,,muon,random,spectral,mnist,1.1,0.05,nominal,0.02,additive,1.0,nn_ce,2.2504740078131276,4,0,-1,500,500,1.563750318098761,-0.6867236897143665,nan,nan,0.4074034027655703,0.34809530863044025,0.05858095389834052,7.166512056111605,0.00048145880950345443,nan,24.368796760116847,nan,0.54296875,0.373046875,2.5885965869958403
2,random-spectral-sam-muon,random-spectral-sam-muon,Random Spectral SAM-Muon,,muon,random,spectral,mnist,1.1,0.05,nominal,0.02,additive,1.0,nn_ce,2.2504740078131276,5,0,-1,500,500,1.568600854287348,-0.6818731535257796,nan,nan,0.43020492186074594,0.344373143674682,0.059161342550195894,7.366033855578894,0.0020329084195305214,nan,23.90520387640126,nan,0.560546875,0.33984375,2.6781128177678903
2,random-spectral-sam-muon,random-spectral-sam-muon,Random Spectral SAM-Muon,,muon,random,spectral,mnist,1.1,0.05,nominal,0.02,additive,1.0,nn_ce,2.2504740078131276,6,0,-1,500,500,1.5143841173432715,-0.7360898904698561,nan,nan,0.4324028462874616,0.3483387071435655,0.056671700621644235,7.070277883727184,0.003727952234456877,nan,23.83975685056703,nan,0.5703125,0.3671875,2.5578369381740087
2,random-spectral-sam-muon,random-spectral-sam-muon,Random Spectral SAM-Muon,,muon,random,spectral,mnist,1.1,0.05,nominal,0.02,additive,1.0,nn_ce,2.2504740078131276,7,0,-1,500,500,1.6896744812329094,-0.5607995265802181,nan,nan,0.4777938525424673,0.3450975357627369,0.05667395047242493,7.169193867083468,-0.0031503981857525787,nan,24.434052084736802,nan,0.5078125,0.36328125,2.6838703606167242
2,lazy-spectral-sam-muon,lazy-spectral-sam-muon,Lazy Spectral SAM-Muon (Atlas),,muon,stale_update,raw,both,1.1,0.02,nominal,0.02,additive,1.0,nn_ce,2.2504740078131276,0,0,-1,500,501,1.6954513758555945,-0.5550226319575331,nan,nan,0.4811536980711936,0.14256278349134413,0.02340608346670058,7.45326095271791,0.006600562990890069,nan,24.207924100967833,nan,0.513671875,0.3515625,2.6607389976925067
2,lazy-spectral-sam-muon,lazy-spectral-sam-muon,Lazy Spectral SAM-Muon (Atlas),,muon,stale_update,raw,both,1.1,0.02,nominal,0.02,additive,1.0,nn_ce,2.2504740078131276,1,0,-1,500,501,1.460245489762649,-0.7902285180504787,nan,nan,0.416900060445206,0.14483131850882075,0.023940611295649398,7.16238970967242,0.007252691513694565,nan,24.297407436451916,nan,0.5859375,0.376953125,2.4969469798380364
2,lazy-spectral-sam-muon,lazy-spectral-sam-muon,Lazy Spectral SAM-Muon (Atlas),,muon,stale_update,raw,both,1.1,0.02,nominal,0.02,additive,1.0,nn_ce,2.2504740078131276,2,0,-1,500,501,1.665932905246661,-0.5845411025664666,nan,nan,0.481021798301234,0.1420977804570427,0.02404318821423556,7.135300165861456,0.006687177802458866,nan,24.53229992980388,nan,0.517578125,0.33203125,2.5852124212206755
2,lazy-spectral-sam-muon,lazy-spectral-sam-muon,Lazy Spectral SAM-Muon (Atlas),,muon,stale_update,raw,both,1.1,0.02,nominal,0.02,additive,1.0,nn_ce,2.2504740078131276,3,0,-1,500,501,1.5995724624667058,-0.6509015453464218,nan,nan,0.4419795495855122,0.14624739477237017,0.023814526807877913,7.348562819923619,0.007549266972477042,nan,23.999657370211825,nan,0.51953125,0.357421875,2.43435460631864
2,lazy-spectral-sam-muon,lazy-spectral-sam-muon,Lazy Spectral SAM-Muon (Atlas),,muon,stale_update,raw,both,1.1,0.02,nominal,0.02,additive,1.0,nn_ce,2.2504740078131276,4,0,-1,500,501,1.5674616424189007,-0.6830123653942268,nan,nan,0.4069745534582275,0.1449752489874105,0.023946698548683094,7.167590256366281,0.006540284418555586,nan,24.369741389606222,nan,0.548828125,0.375,2.5889684087469007
2,lazy-spectral-sam-muon,lazy-spectral-sam-muon,Lazy Spectral SAM-Muon (Atlas),,muon,stale_update,raw,both,1.1,0.02,nominal,0.02,additive,1.0,nn_ce,2.2504740078131276,5,0,-1,500,501,1.5720411113592478,-0.6784328964538797,nan,nan,0.4305678364592246,0.14394438941389076,0.024035870371653882,7.362566511802208,0.006945358505472177,nan,23.92066947252315,nan,0.5546875,0.3359375,2.681683968379365
2,lazy-spectral-sam-muon,lazy-spectral-sam-muon,Lazy Spectral SAM-Muon (Atlas),,muon,stale_update,raw,both,1.1,0.02,nominal,0.02,additive,1.0,nn_ce,2.2504740078131276,6,0,-1,500,501,1.5201144461680276,-0.7303595616451,nan,nan,0.43311997223868554,0.14305804637138275,0.023982301146385082,7.071563691343118,0.011489315306284276,nan,23.840805799727665,nan,0.564453125,0.3671875,2.559633124780045
2,lazy-spectral-sam-muon,lazy-spectral-sam-muon,Lazy Spectral SAM-Muon (Atlas),,muon,stale_update,raw,both,1.1,0.02,nominal,0.02,additive,1.0,nn_ce,2.2504740078131276,7,0,-1,500,501,1.6935602228344522,-0.5569137849786754,nan,nan,0.4796496763192845,0.1456426530570451,0.023955906576746507,7.166861845099212,0.006154453816120897,nan,24.42965436707207,nan,0.5078125,0.36328125,2.685463444465354
2,random-spectral-sam-muon,random-spectral-sam-muon,Random Spectral SAM-Muon,,muon,random,spectral,mnist,1.1,1.0,nominal,0.02,additive,1.0,nn_ce,2.2504740078131276,0,0,-1,500,500,1.7503581131428056,-0.5001158946703219,nan,nan,0.5087123497740952,6.891456771319471,1.1311520300189863,7.444175613290267,0.6243875981718923,nan,24.068187282602086,nan,0.51171875,0.359375,2.6087435703394535
2,random-spectral-sam-muon,random-spectral-sam-muon,Random Spectral SAM-Muon,,muon,random,spectral,mnist,1.1,1.0,nominal,0.02,additive,1.0,nn_ce,2.2504740078131276,1,0,-1,500,500,1.5265278034665142,-0.7239462043466134,nan,nan,0.4317918191541398,6.863101658699577,1.133828428325513,7.159013853863435,0.6451197234928165,nan,24.121175317469277,nan,0.556640625,0.376953125,2.460231029706673
2,random-spectral-sam-muon,random-spectral-sam-muon,Random Spectral SAM-Muon,,muon,random,spectral,mnist,1.1,1.0,nominal,0.02,additive,1.0,nn_ce,2.2504740078131276,2,0,-1,500,500,1.7243598657614574,-0.5261141420516702,nan,nan,0.5167558137026005,6.910119286784278,1.1326520492484515,7.126357582884626,0.564113806606755,nan,24.362905335333632,nan,0.50390625,0.353515625,2.5302324675011065
2,random-spectral-sam-muon,random-spectral-sam-muon,Random Spectral SAM-Muon,,muon,random,spectral,mnist,1.1,1.0,nominal,0.02,additive,1.0,nn_ce,2.2504740078131276,3,0,-1,500,500,1.6569710512547393,-0.5935029565583883,nan,nan,0.4567469996667415,7.004953418712029,1.191566793856495,7.339543949983845,0.6572201974446565,nan,23.742799214217676,nan,0.513671875,0.37109375,2.394862483076336
2,random-spectral-sam-muon,random-spectral-sam-muon,Random Spectral SAM-Muon,,muon,random,spectral,mnist,1.1,1.0,nominal,0.02,additive,1.0,nn_ce,2.2504740078131276,4,0,-1,500,500,1.6210287681133657,-0.6294452396997618,nan,nan,0.42752632284289915,6.961906172608803,1.17161907796681,7.178113538926453,0.5628446606576447,nan,24.178597031104797,nan,0.541015625,0.3671875,2.511356555251817
2,random-spectral-sam-muon,random-spectral-sam-muon,Random Spectral SAM-Muon,,muon,random,spectral,mnist,1.1,1.0,nominal,0.02,additive,1.0,nn_ce,2.2504740078131276,5,0,-1,500,500,1.6663783979994162,-0.5840956098137113,nan,nan,0.44784585854976605,6.887462873493641,1.1832268510039174,7.353645159539594,0.6007158399022186,nan,23.736304081245013,nan,0.52734375,0.365234375,2.626182763232678
2,random-spectral-sam-muon,random-spectral-sam-muon,Random Spectral SAM-Muon,,muon,random,spectral,mnist,1.1,1.0,nominal,0.02,additive,1.0,nn_ce,2.2504740078131276,6,0,-1,500,500,1.5880305261309766,-0.662443481682151,nan,nan,0.46984185376451215,6.966774142871308,1.1334340124328848,7.070291848327693,0.6374089964631637,nan,23.751623289071944,nan,0.544921875,0.38671875,2.5034410384564625
2,random-spectral-sam-muon,random-spectral-sam-muon,Random Spectral SAM-Muon,,muon,random,spectral,mnist,1.1,1.0,nominal,0.02,additive,1.0,nn_ce,2.2504740078131276,7,0,-1,500,500,1.7606497026264316,-0.48982430518669595,nan,nan,0.47839585021978825,6.901950715254738,1.1334790094484988,7.129337711976141,0.44449924967433274,nan,24.199763197198703,nan,0.494140625,0.3671875,2.653563054372082
2,lazy-spectral-sam-muon,lazy-spectral-sam-muon,Lazy Spectral SAM-Muon (Atlas),,muon,stale_update,raw,both,1.1,0.01,nominal,0.02,additive,1.0,nn_ce,2.2504740078131276,0,0,-1,500,501,1.6935833875089774,-0.5568906203041502,nan,nan,0.4801628895607767,0.07126461230917067,0.011709727864269352,7.449674083352506,0.003206902982613613,nan,24.20788667057022,nan,0.517578125,0.3515625,2.6619803914606925
2,lazy-spectral-sam-muon,lazy-spectral-sam-muon,Lazy Spectral SAM-Muon (Atlas),,muon,stale_update,raw,both,1.1,0.01,nominal,0.02,additive,1.0,nn_ce,2.2504740078131276,1,0,-1,500,501,1.4578392543218992,-0.7926347534912284,nan,nan,0.41722581267371606,0.07241049692811743,0.011973813177595351,7.1635887216264456,0.0035645392902619033,nan,24.297975925088537,nan,0.587890625,0.37890625,2.495503905967473
2,lazy-spectral-sam-muon,lazy-spectral-sam-muon,Lazy Spectral SAM-Muon (Atlas),,muon,stale_update,raw,both,1.1,0.01,nominal,0.02,additive,1.0,nn_ce,2.2504740078131276,2,0,-1,500,501,1.6636153266250058,-0.5868586811881218,nan,nan,0.4776966870363993,0.07107864845557889,0.012023484243244327,7.1348613824872125,0.003189015087318836,nan,24.537042872551098,nan,0.515625,0.333984375,2.5829634704263786
2,lazy-spectral-sam-muon,lazy-spectral-sam-muon,Lazy Spectral SAM-Muon (Atlas),,muon,stale_update,raw,both,1.1,0.01,nominal,0.02,additive,1.0,nn_ce,2.2504740078131276,3,0,-1,500,501,1.5970889382593352,-0.6533850695537924,nan,nan,0.44203929051492247,0.07313359041119549,0.011933963577314381,7.35003865509242,0.00367638309903473,nan,24.00475175210704,nan,0.513671875,0.359375,2.4322096537831284
2,lazy-spectral-sam-muon,lazy-spectral-sam-muon,Lazy Spectral SAM-Muon (Atlas),,muon,stale_update,raw,both,1.1,0.01,nominal,0.02,additive,1.0,nn_ce,2.2504740078131276,4,0,-1,500,501,1.56544147007986,-0.6850325377332676,nan,nan,0.40771143660134473,0.0725181594246033,0.011976799156887605,7.166969009441622,0.003118655733739706,nan,24.371549961134342,nan,0.548828125,0.369140625,2.5895351926821153
2,lazy-spectral-sam-muon,lazy-spectral-sam-muon,Lazy Spectral SAM-Muon (Atlas),,muon,stale_update,raw,both,1.1,0.01,nominal,0.02,additive,1.0,nn_ce,2.2504740078131276,5,0,-1,500,501,1.5687481949443987,-0.6817258128687289,nan,nan,0.42893752775034916,0.07196800047282684,0.012018685164268716,7.364136031178976,0.0033619993679572246,nan,23.922505733743595,nan,0.552734375,0.337890625,2.6802318126279667
2,lazy-spectral-sam-muon,lazy-spectral-sam-muon,Lazy Spectral SAM-Muon (Atlas),,muon,stale_update,raw,both,1.1,0.01,nominal,0.02,additive,1.0,nn_ce,2.2504740078131276,6,0,-1,500,501,1.5172940596018964,-0.7331799482112311,nan,nan,0.4322048766150303,0.0714887478113251,0.011990417404171049,7.0692871842479645,0.005603953074838408,nan,23.83887106796589,nan,0.56640625,0.3671875,2.5585070361991664
2,lazy-spectral-sam-muon,lazy-spectral-sam-muon,Lazy Spectral SAM-Muon (Atlas),,muon,stale_update,raw,both,1.1,0.01,nominal,0.02,additive,1.0,nn_ce,2.2504740078131276,7,0,-1,500,501,1.6918375005254824,-0.5586365072876451,nan,nan,0.47891065762573176,0.07284163763749828,0.011978416605330298,7.16789957059404,0.002965496856148331,nan,24.431005212614814,nan,0.509765625,0.365234375,2.6846841156085164
2,lazy-spectral-sam-muon,lazy-spectral-sam-muon,Lazy Spectral SAM-Muon (Atlas),,muon,stale_update,raw,both,1.1,0.05,nominal,0.02,additive,1.0,nn_ce,2.2504740078131276,0,0,-1,500,501,1.7024988278589677,-0.5479751799541599,nan,nan,0.48364769733260105,0.35629936333304396,0.05852567651467851,7.447759891318848,0.01792015070860642,nan,24.210128195387473,nan,0.513671875,0.349609375,2.6649488068374865
2,lazy-spectral-sam-muon,lazy-spectral-sam-muon,Lazy Spectral SAM-Muon (Atlas),,muon,stale_update,raw,both,1.1,0.05,nominal,0.02,additive,1.0,nn_ce,2.2504740078131276,1,0,-1,500,501,1.4667324800969475,-0.7837415277161801,nan,nan,0.42099398109635955,0.36197794315421683,0.059761551649174224,7.15787089818979,0.019487273372210456,nan,24.291935005864516,nan,0.580078125,0.37890625,2.5010948257846386
2,lazy-spectral-sam-muon,lazy-spectral-sam-muon,Lazy Spectral SAM-Muon (Atlas),,muon,stale_update,raw,both,1.1,0.05,nominal,0.02,additive,1.0,nn_ce,2.2504740078131276,2,0,-1,500,501,1.6753965165537101,-0.5750774912594174,nan,nan,0.4876793423438182,0.35515136919892565,0.06006846995259397,7.134202192936735,0.01812288297845499,nan,24.512360245424308,nan,0.51953125,0.33203125,2.590266394183282
2,lazy-spectral-sam-muon,lazy-spectral-sam-muon,Lazy Spectral SAM-Muon (Atlas),,muon,stale_update,raw,both,1.1,0.05,nominal,0.02,additive,1.0,nn_ce,2.2504740078131276,3,0,-1,500,501,1.6065900414044088,-0.6438839664087188,nan,nan,0.44237844006098814,0.3657795916750412,0.05951787486249209,7.348574488461692,0.020578535205311166,nan,23.98382213350509,nan,0.51953125,0.361328125,2.4350967097436964
2,lazy-spectral-sam-muon,lazy-spectral-sam-muon,Lazy Spectral SAM-Muon (Atlas),,muon,stale_update,raw,both,1.1,0.05,nominal,0.02,additive,1.0,nn_ce,2.2504740078131276,4,0,-1,500,501,1.5744377769353914,-0.6760362308777361,nan,nan,0.4082065723412199,0.3623432666086831,0.05983451440645807,7.164037520563439,0.01735224262936108,nan,24.368387795252694,nan,0.54296875,0.376953125,2.5918410128908165
2,lazy-spectral-sam-muon,lazy-spectral-sam-muon,Lazy Spectral SAM-Muon (Atlas),,muon,stale_update,raw,both,1.1,0.05,nominal,0.02,additive,1.0,nn_ce,2.2504740078131276,5,0,-1,500,501,1.5814344861524328,-0.6690395216606948,nan,nan,0.4315694981937218,0.35980041978279703,0.060059590110605694,7.360526533077488,0.018851568953119457,nan,23.912573021406306,nan,0.552734375,0.337890625,2.6817795220861527
2,lazy-spectral-sam-muon,lazy-spectral-sam-muon,Lazy Spectral SAM-Muon (Atlas),,muon,stale_update,raw,both,1.1,0.05,nominal,0.02,additive,1.0,nn_ce,2.2504740078131276,6,0,-1,500,501,1.525416842455706,-0.7250571653574216,nan,nan,0.4338631789877118,0.357996239398843,0.05998102459671172,7.06900311374211,0.030454627426808933,nan,23.842922059729045,nan,0.55859375,0.3671875,2.558683409985039
2,lazy-spectral-sam-muon,lazy-spectral-sam-muon,Lazy Spectral SAM-Muon (Atlas),,muon,stale_update,raw,both,1.1,0.05,nominal,0.02,additive,1.0,nn_ce,2.2504740078131276,7,0,-1,500,501,1.705396706577167,-0.5450773012359607,nan,nan,0.48394870677325763,0.3642648645961277,0.05981298962494057,7.171655967786335,0.017224404906062363,nan,24.4302089727115,nan,0.501953125,0.365234375,2.6873643351200336
2,lazy-spectral-sam-muon,lazy-spectral-sam-muon,Lazy Spectral SAM-Muon (Atlas),,muon,stale_update,raw,both,1.1,1.0,nominal,0.02,additive,1.0,nn_ce,2.2504740078131276,0,0,-1,500,501,2.3914473370211815,0.14097332920805394,nan,nan,1.0889618938489403,7.230736100531513,1.1968869412929999,7.447594291770582,2.811579517634102,nan,23.9011868059695,nan,0.4296875,0.3359375,3.2034004186401663
2,lazy-spectral-sam-muon,lazy-spectral-sam-muon,Lazy Spectral SAM-Muon (Atlas),,muon,stale_update,raw,both,1.1,1.0,nominal,0.02,additive,1.0,nn_ce,2.2504740078131276,1,0,-1,500,501,1.9053816989858097,-0.3450923088273179,nan,nan,0.5887167591393072,7.189846712832358,1.2022597508168111,7.118389620417236,1.664859038502125,nan,24.139235289332756,nan,0.474609375,0.3828125,2.663670469041179
2,lazy-spectral-sam-muon,lazy-spectral-sam-muon,Lazy Spectral SAM-Muon (Atlas),,muon,stale_update,raw,both,1.1,1.0,nominal,0.02,additive,1.0,nn_ce,2.2504740078131276,2,0,-1,500,501,2.1076932996729414,-0.14278070814018617,nan,nan,0.5554287968650381,7.23517377265312,1.202178110038576,7.065651851805825,2.3781815997544893,nan,24.102699240322746,nan,0.423828125,0.3046875,2.677576861099088
2,lazy-spectral-sam-muon,lazy-spectral-sam-muon,Lazy Spectral SAM-Muon (Atlas),,muon,stale_update,raw,both,1.1,1.0,nominal,0.02,additive,1.0,nn_ce,2.2504740078131276,3,0,-1,500,501,2.080484292855836,-0.16998971495729176,nan,nan,0.6518203320204071,7.180283729436082,1.2001539119660725,7.252593333228003,2.336702975524961,nan,23.578927660411512,nan,0.416015625,0.345703125,2.6057784282730583
2,lazy-spectral-sam-muon,lazy-spectral-sam-muon,Lazy Spectral SAM-Muon (Atlas),,muon,stale_update,raw,both,1.1,1.0,nominal,0.02,additive,1.0,nn_ce,2.2504740078131276,4,0,-1,500,501,2.0516501932086872,-0.19882381460444032,nan,nan,0.5587320295960577,7.166197076745035,1.2019954125911383,7.022432297660684,2.3102247998291086,nan,24.23901902038841,nan,0.4453125,0.349609375,2.7278764512805216
2,lazy-spectral-sam-muon,lazy-spectral-sam-muon,Lazy Spectral SAM-Muon (Atlas),,muon,stale_update,raw,both,1.1,1.0,nominal,0.02,additive,1.0,nn_ce,2.2504740078131276,5,0,-1,500,501,2.1258078881286138,-0.1246661196845138,nan,nan,0.6248257480433617,7.125141694790983,1.1580899951164072,7.302885369685908,2.0430655556007613,nan,23.38058683188127,nan,0.42578125,0.33203125,2.904993242566869
2,lazy-spectral-sam-muon,lazy-spectral-sam-muon,Lazy Spectral SAM-Muon (Atlas),,muon,stale_update,raw,both,1.1,1.0,nominal,0.02,additive,1.0,nn_ce,2.2504740078131276,6,0,-1,500,501,2.127151696828906,-0.12332231098422142,nan,nan,0.9166601964172975,7.111488419325374,1.194037193736339,7.200795012289196,3.1636159219191793,nan,23.478728837944693,nan,0.44921875,0.369140625,2.9006021506579573
2,lazy-spectral-sam-muon,lazy-spectral-sam-muon,Lazy Spectral SAM-Muon (Atlas),,muon,stale_update,raw,both,1.1,1.0,nominal,0.02,additive,1.0,nn_ce,2.2504740078131276,7,0,-1,500,501,2.3244107853472524,0.07393677753412486,nan,nan,0.7274238320313972,7.197035902914846,1.1488862126188089,7.17783125082081,1.890088175929451,nan,24.34235378642222,nan,0.427734375,0.3515625,2.9582805648833443
2,full-spectral-sam-muon,full-spectral-sam-muon,Full Spectral SAM-Muon,,muon,grad,spectral,both,1.1,0.1,nominal,0.02,additive,1.0,nn_ce,2.2504740078131276,0,0,-1,500,1000,1.6835337687552405,-0.566940239057887,nan,nan,0.4614279561230795,0.7278947749107281,0.11972357147069905,7.467947376879567,0.02651370054507307,nan,24.189689978824358,nan,0.521484375,0.357421875,2.6282958045850915
2,full-spectral-sam-muon,full-spectral-sam-muon,Full Spectral SAM-Muon,,muon,grad,spectral,both,1.1,0.1,nominal,0.02,additive,1.0,nn_ce,2.2504740078131276,1,0,-1,500,1000,1.4533826303716304,-0.7970913774414972,nan,nan,0.40075351467455544,0.7314601229732972,0.1201590045581383,7.164189207701517,0.03287068438560348,nan,24.2868233355745,nan,0.599609375,0.380859375,2.4717471647879234
2,full-spectral-sam-muon,full-spectral-sam-muon,Full Spectral SAM-Muon,,muon,grad,spectral,both,1.1,0.1,nominal,0.02,additive,1.0,nn_ce,2.2504740078131276,2,0,-1,500,1000,1.6546790214918445,-0.595794986321283,nan,nan,0.45696938051437946,0.7237784123428237,0.11320321221087584,7.140871584268027,0.023320289762894575,nan,24.520230722509893,nan,0.5234375,0.330078125,2.5546006577296487
2,full-spectral-sam-muon,full-spectral-sam-muon,Full Spectral SAM-Muon,,muon,grad,spectral,both,1.1,0.1,nominal,0.02,additive,1.0,nn_ce,2.2504740078131276,3,0,-1,500,1000,1.5987527719322325,-0.651721235880895,nan,nan,0.43009724265378624,0.7212603910358862,0.11863737887467012,7.356962206949544,0.02360530413953077,nan,23.96969949299306,nan,0.52734375,0.359375,2.4040336896404764
2,full-spectral-sam-muon,full-spectral-sam-muon,Full Spectral SAM-Muon,,muon,grad,spectral,both,1.1,0.1,nominal,0.02,additive,1.0,nn_ce,2.2504740078131276,4,0,-1,500,1000,1.566821293881905,-0.6836527139312225,nan,nan,0.3986956879958021,0.6749936574449201,0.12017421243137218,7.161933263149793,0.027323488607687407,nan,24.353113214596615,nan,0.544921875,0.376953125,2.5645028684871747
2,full-spectral-sam-muon,full-spectral-sam-muon,Full Spectral SAM-Muon,,muon,grad,spectral,both,1.1,0.1,nominal,0.02,additive,1.0,nn_ce,2.2504740078131276,5,0,-1,500,1000,1.56482811398531,-0.6856458938278176,nan,nan,0.41573760878569177,0.6962632305329794,0.1201727517721585,7.35704898498713,0.01942478174928386,nan,23.899782322085382,nan,0.56640625,0.341796875,2.647197258401769
2,full-spectral-sam-muon,full-spectral-sam-muon,Full Spectral SAM-Muon,,muon,grad,spectral,both,1.1,0.1,nominal,0.02,additive,1.0,nn_ce,2.2504740078131276,6,0,-1,500,1000,1.5086294689663617,-0.7418445388467658,nan,nan,0.41579954656424967,0.6803033353011201,0.11938985788227925,7.063936718486554,0.03808391206339934,nan,23.851271051848396,nan,0.5703125,0.361328125,2.532103428974077
2,full-spectral-sam-muon,full-spectral-sam-muon,Full Spectral SAM-Muon,,muon,grad,spectral,both,1.1,0.1,nominal,0.02,additive,1.0,nn_ce,2.2504740078131276,7,0,-1,500,1000,1.6862370196261416,-0.564236988186986,nan,nan,0.46296252264722093,0.7324801741016593,0.11981245323162,7.179609434145375,0.031368495417949394,nan,24.445385755280093,nan,0.515625,0.37109375,2.6555695936083215
2,lazy-spectral-sam-muon,lazy-spectral-sam-muon,Lazy Spectral SAM-Muon (Atlas),,muon,stale_update,raw,both,1.1,0.5,nominal,0.02,additive,1.0,nn_ce,2.2504740078131276,0,0,-1,500,501,1.8823421925086405,-0.368131815304487,nan,nan,0.6061041670752851,3.5854687205957467,0.5980140633890001,7.4385354491952915,0.9145810702854407,nan,24.09495521896661,nan,0.45703125,0.333984375,2.709754163456359
2,lazy-spectral-sam-muon,lazy-spectral-sam-muon,Lazy Spectral SAM-Muon (Atlas),,muon,stale_update,raw,both,1.1,0.5,nominal,0.02,additive,1.0,nn_ce,2.2504740078131276,1,0,-1,500,501,1.6432601327731793,-0.6072138750399483,nan,nan,0.5111670337233591,3.610863623062401,0.5911909521238294,7.128517100645959,0.4656296010151568,nan,24.272849150488554,nan,0.533203125,0.349609375,2.542781102861957
2,lazy-spectral-sam-muon,lazy-spectral-sam-muon,Lazy Spectral SAM-Muon (Atlas),,muon,stale_update,raw,both,1.1,0.5,nominal,0.02,additive,1.0,nn_ce,2.2504740078131276,2,0,-1,500,501,1.8830062189098093,-0.3674677889033182,nan,nan,0.7300585784078791,3.5811049892849334,0.5945462498855081,7.07251416612108,0.4829569266736149,nan,24.336729314772086,nan,0.484375,0.35546875,2.6893105581863566
2,lazy-spectral-sam-muon,lazy-spectral-sam-muon,Lazy Spectral SAM-Muon (Atlas),,muon,stale_update,raw,both,1.1,0.5,nominal,0.02,additive,1.0,nn_ce,2.2504740078131276,3,0,-1,500,501,1.7849380035693458,-0.4655360042437817,nan,nan,0.5066225191093802,3.645519434860235,0.5987303730529233,7.305247010260091,0.46954164124832687,nan,23.874041418051796,nan,0.474609375,0.35546875,2.4580096461364023
2,lazy-spectral-sam-muon,lazy-spectral-sam-muon,Lazy Spectral SAM-Muon (Atlas),,muon,stale_update,raw,both,1.1,0.5,nominal,0.02,additive,1.0,nn_ce,2.2504740078131276,4,0,-1,500,501,1.770541218946728,-0.47993278886639956,nan,nan,0.4968154517273106,3.622784442636168,0.5994193033101707,7.162460829749892,0.5352277789550439,nan,24.313812615906645,nan,0.517578125,0.365234375,2.606671548813038
2,lazy-spectral-sam-muon,lazy-spectral-sam-muon,Lazy Spectral SAM-Muon (Atlas),,muon,stale_update,raw,both,1.1,0.5,nominal,0.02,additive,1.0,nn_ce,2.2504740078131276,5,0,-1,500,501,1.7739979672494224,-0.4764760405637052,nan,nan,0.48440690012661763,3.6108144490277048,0.6011606721525274,7.370191261019455,0.5501687316900152,nan,23.71568588207216,nan,0.51171875,0.326171875,2.757782652611857
2,lazy-spectral-sam-muon,lazy-spectral-sam-muon,Lazy Spectral SAM-Muon (Atlas),,muon,stale_update,raw,both,1.1,0.5,nominal,0.02,additive,1.0,nn_ce,2.2504740078131276,6,0,-1,500,501,1.6929448106601541,-0.5575291971529734,nan,nan,0.5632917571519823,3.526982480903758,0.5967444030196483,7.0707269312365595,0.8139873360056948,nan,23.76126318549698,nan,0.52734375,0.37109375,2.6036161661678823
2,lazy-spectral-sam-muon,lazy-spectral-sam-muon,Lazy Spectral SAM-Muon (Atlas),,muon,stale_update,raw,both,1.1,0.5,nominal,0.02,additive,1.0,nn_ce,2.2504740078131276,7,0,-1,500,501,1.9477381144063888,-0.3027358934067388,nan,nan,0.7080686732716215,3.596024501674041,0.5935772518054797,7.1634566219005515,0.8124349117345289,nan,24.403807731207856,nan,0.453125,0.326171875,2.7991061341406365
2,lazy-spectral-sam-muon,lazy-spectral-sam-muon,Lazy Spectral SAM-Muon (Atlas),,muon,stale_update,raw,both,1.1,0.2,nominal,0.02,additive,1.0,nn_ce,2.2504740078131276,0,0,-1,500,501,1.7444366605770711,-0.5060373472360564,nan,nan,0.5012580378047333,1.4261723116979614,0.23750040191574756,7.410098296889999,0.10428021470003301,nan,24.176333121994002,nan,0.501953125,0.349609375,2.6891094954070596
2,lazy-spectral-sam-muon,lazy-spectral-sam-muon,Lazy Spectral SAM-Muon (Atlas),,muon,stale_update,raw,both,1.1,0.2,nominal,0.02,additive,1.0,nn_ce,2.2504740078131276,1,0,-1,500,501,1.5110596908929912,-0.7394143169201364,nan,nan,0.4328858575916075,1.4440085616182796,0.23665931770264115,7.157256290682552,0.11122451595605054,nan,24.285795597228734,nan,0.572265625,0.375,2.509741881706378
2,lazy-spectral-sam-muon,lazy-spectral-sam-muon,Lazy Spectral SAM-Muon (Atlas),,muon,stale_update,raw,both,1.1,0.2,nominal,0.02,additive,1.0,nn_ce,2.2504740078131276,2,0,-1,500,501,1.7342265371127785,-0.516247470700349,nan,nan,0.5606078464737282,1.4214309178928872,0.23207811627024855,7.126243191395524,0.1036714808570065,nan,24.443736827767975,nan,0.5078125,0.34375,2.618701558335287
2,lazy-spectral-sam-muon,lazy-spectral-sam-muon,Lazy Spectral SAM-Muon (Atlas),,muon,stale_update,raw,both,1.1,0.2,nominal,0.02,additive,1.0,nn_ce,2.2504740078131276,3,0,-1,500,501,1.6502136111167003,-0.6002603966964273,nan,nan,0.4566975109837895,1.4639154380350394,0.23864499379434473,7.347873257453759,0.11391274191793621,nan,23.96285770966545,nan,0.5078125,0.3671875,2.448464126362005
2,lazy-spectral-sam-muon,lazy-spectral-sam-muon,Lazy Spectral SAM-Muon (Atlas),,muon,stale_update,raw,both,1.1,0.2,nominal,0.02,additive,1.0,nn_ce,2.2504740078131276,4,0,-1,500,501,1.6178341193409174,-0.6326398884722102,nan,nan,0.4185015811244173,1.4485124476456286,0.23955963641289954,7.132432223420724,0.10158935460482077,nan,24.370210443610087,nan,0.537109375,0.37109375,2.593231361479754
2,lazy-spectral-sam-muon,lazy-spectral-sam-muon,Lazy Spectral SAM-Muon (Atlas),,muon,stale_update,raw,both,1.1,0.2,nominal,0.02,additive,1.0,nn_ce,2.2504740078131276,5,0,-1,500,501,1.6324871477996785,-0.617986860013449,nan,nan,0.444567631592053,1.4371338879002955,0.23974554789273378,7.346607604225495,0.11747400345451808,nan,23.87322282803403,nan,0.537109375,0.3359375,2.686346213637327
2,lazy-spectral-sam-muon,lazy-spectral-sam-muon,Lazy Spectral SAM-Muon (Atlas),,muon,stale_update,raw,both,1.1,0.2,nominal,0.02,additive,1.0,nn_ce,2.2504740078131276,6,0,-1,500,501,1.5613634373378047,-0.6891105704753229,nan,nan,0.43701894741757513,1.4342695513529504,0.23891598226052255,7.054978871527967,0.1633232666198623,nan,23.84519561646263,nan,0.556640625,0.353515625,2.5656356393192725
2,lazy-spectral-sam-muon,lazy-spectral-sam-muon,Lazy Spectral SAM-Muon (Atlas),,muon,stale_update,raw,both,1.1,0.2,nominal,0.02,additive,1.0,nn_ce,2.2504740078131276,7,0,-1,500,501,1.75032531155421,-0.5001486962589177,nan,nan,0.4982171607763928,1.4603274242547108,0.23516784023416804,7.181665345783029,0.11133727798916015,nan,24.41416315371888,nan,0.494140625,0.353515625,2.7028886272455974
2,lazy-spectral-sam-muon,lazy-spectral-sam-muon,Lazy Spectral SAM-Muon (Atlas),,muon,stale_update,raw,both,1.1,0.1,nominal,0.02,additive,1.0,nn_ce,2.2504740078131276,0,0,-1,500,501,1.7148879817789004,-0.5355860260342271,nan,nan,0.48765996576752807,0.7128339314091178,0.11747742882754154,7.447326886226667,0.040637216628157,nan,24.20413836269577,nan,0.5078125,0.349609375,2.671324188591938
2,lazy-spectral-sam-muon,lazy-spectral-sam-muon,Lazy Spectral SAM-Muon (Atlas),,muon,stale_update,raw,both,1.1,0.1,nominal,0.02,additive,1.0,nn_ce,2.2504740078131276,1,0,-1,500,501,1.4788329490128862,-0.7716410588002414,nan,nan,0.42349597406235556,0.7233752992417419,0.11924637175725918,7.156247788419132,0.04404331871099343,nan,24.283152677661935,nan,0.580078125,0.375,2.504174540164724
2,lazy-spectral-sam-muon,lazy-spectral-sam-muon,Lazy Spectral SAM-Muon (Atlas),,muon,stale_update,raw,both,1.1,0.1,nominal,0.02,additive,1.0,nn_ce,2.2504740078131276,2,0,-1,500,501,1.6941339855366109,-0.5563400222765167,nan,nan,0.5029806992168862,0.7101585566277068,0.11984471956508452,7.1312559999508585,0.04038196502294533,nan,24.486987296692476,nan,0.51171875,0.3359375,2.595384349054184
2,lazy-spectral-sam-muon,lazy-spectral-sam-muon,Lazy Spectral SAM-Muon (Atlas),,muon,stale_update,raw,both,1.1,0.1,nominal,0.02,additive,1.0,nn_ce,2.2504740078131276,3,0,-1,500,501,1.6205694954344985,-0.6299045123786291,nan,nan,0.4454591844573627,0.7316973712636631,0.11921493567448,7.345146142519955,0.04624899944620808,nan,23.980304779050584,nan,0.515625,0.357421875,2.441580064623884
2,lazy-spectral-sam-muon,lazy-spectral-sam-muon,Lazy Spectral SAM-Muon (Atlas),,muon,stale_update,raw,both,1.1,0.1,nominal,0.02,additive,1.0,nn_ce,2.2504740078131276,4,0,-1,500,501,1.5884223099114716,-0.662051697901656,nan,nan,0.41022156323528525,0.7242673055471693,0.11970690876268524,7.1587441592420715,0.03958699298459156,nan,24.371244425353442,nan,0.54296875,0.375,2.5940341318611626
2,lazy-spectral-sam-muon,lazy-spectral-sam-muon,Lazy Spectral SAM-Muon (Atlas),,muon,stale_update,raw,both,1.1,0.1,nominal,0.02,additive,1.0,nn_ce,2.2504740078131276,5,0,-1,500,501,1.5926835611077848,-0.6577904467053428,nan,nan,0.43448872618625534,0.7193381022532872,0.12004516155777437,7.358852691472076,0.04400904178305609,nan,23.902031293939793,nan,0.548828125,0.337890625,2.6848953940660882
2,lazy-spectral-sam-muon,lazy-spectral-sam-muon,Lazy Spectral SAM-Muon (Atlas),,muon,stale_update,raw,both,1.1,0.1,nominal,0.02,additive,1.0,nn_ce,2.2504740078131276,6,0,-1,500,501,1.5361003132688942,-0.7143736945442334,nan,nan,0.43413882658413444,0.7169342533453191,0.12001382166897966,7.063704981996583,0.06646328713983007,nan,23.84578522276009,nan,0.560546875,0.361328125,2.561570056072436
2,lazy-spectral-sam-muon,lazy-spectral-sam-muon,Lazy Spectral SAM-Muon (Atlas),,muon,stale_update,raw,both,1.1,0.1,nominal,0.02,additive,1.0,nn_ce,2.2504740078131276,7,0,-1,500,501,1.7187980510164333,-0.5316759567966942,nan,nan,0.48775740041749577,0.729111906882324,0.11929102524733502,7.174687074410454,0.039683931815504,nan,24.42546484223376,nan,0.5,0.359375,2.6948914148039247
2,full-spectral-sam-muon,full-spectral-sam-muon,Full Spectral SAM-Muon,,muon,grad,spectral,both,1.1,1.0,nominal,0.02,additive,1.0,nn_ce,2.2504740078131276,0,0,-1,500,1000,1.8378686495746315,-0.4126053582384961,nan,nan,0.4224343345056561,7.19368121912076,1.2020957673876507,7.472234396545212,0.8367200629381992,nan,23.907156681848203,nan,0.49609375,0.365234375,2.485295441580041
2,full-spectral-sam-muon,full-spectral-sam-muon,Full Spectral SAM-Muon,,muon,grad,spectral,both,1.1,1.0,nominal,0.02,additive,1.0,nn_ce,2.2504740078131276,1,0,-1,500,1000,1.6900777876898716,-0.560396220123256,nan,nan,0.3764289501769282,7.320007495549512,1.2020438137286775,7.159910221724692,0.7568640473775847,nan,24.094148286999516,nan,0.53125,0.373046875,2.364822434936687
2,full-spectral-sam-muon,full-spectral-sam-muon,Full Spectral SAM-Muon,,muon,grad,spectral,both,1.1,1.0,nominal,0.02,additive,1.0,nn_ce,2.2504740078131276,2,0,-1,500,1000,1.8187734693826771,-0.4317005384304504,nan,nan,0.4026005277408413,7.24847207608383,1.1587615381694898,7.120072623096973,0.8026559453396407,nan,24.138655036583444,nan,0.482421875,0.34375,2.422955676172326
2,full-spectral-sam-muon,full-spectral-sam-muon,Full Spectral SAM-Muon,,muon,grad,spectral,both,1.1,1.0,nominal,0.02,additive,1.0,nn_ce,2.2504740078131276,3,0,-1,500,1000,1.814791988208622,-0.4356820196045055,nan,nan,0.4111793667259071,7.2472665035208905,1.1919483879835862,7.316235269499218,0.7908736015144804,nan,23.677784896091115,nan,0.478515625,0.36328125,2.3333571800580035
2,full-spectral-sam-muon,full-spectral-sam-muon,Full Spectral SAM-Muon,,muon,grad,spectral,both,1.1,1.0,nominal,0.02,additive,1.0,nn_ce,2.2504740078131276,4,0,-1,500,1000,1.789985079733145,-0.46048892807998265,nan,nan,0.4158245428996583,6.717232215878831,1.1988578178477414,7.1472784926355475,0.6442911216819664,nan,24.031319964750196,nan,0.517578125,0.359375,2.430737586307714
2,full-spectral-sam-muon,full-spectral-sam-muon,Full Spectral SAM-Muon,,muon,grad,spectral,both,1.1,1.0,nominal,0.02,additive,1.0,nn_ce,2.2504740078131276,5,0,-1,500,1000,1.800418365205901,-0.45005564260722664,nan,nan,0.39006264805945046,6.983919223256175,1.200855589626069,7.353719256804629,0.6282538587232211,nan,23.493986645040597,nan,0.50390625,0.373046875,2.5138495913964443
2,full-spectral-sam-muon,full-spectral-sam-muon,Full Spectral SAM-Muon,,muon,grad,spectral,both,1.1,1.0,nominal,0.02,additive,1.0,nn_ce,2.2504740078131276,6,0,-1,500,1000,1.6833563465886567,-0.5671176612244708,nan,nan,0.3809466761151465,6.82838153776863,1.19523121997353,7.018683889548198,0.9118822043673158,nan,23.62944606092047,nan,0.541015625,0.376953125,2.3872203123407107
2,full-spectral-sam-muon,full-spectral-sam-muon,Full Spectral SAM-Muon,,muon,grad,spectral,both,1.1,1.0,nominal,0.02,additive,1.0,nn_ce,2.2504740078131276,7,0,-1,500,1000,1.8664007094401323,-0.3840732983729953,nan,nan,0.40279942452303397,7.328699419042025,1.199312468066227,7.146813769202724,1.047777521034352,nan,24.01305651493117,nan,0.474609375,0.359375,2.5399286602419227
2,spectral-friendly-sam-muon,spectral-friendly-sam-muon,Spectral Friendly SAM-Muon,,muon,friendly,spectral,both,1.1,0.01,nominal,0.02,additive,1.0,nn_ce,2.2504740078131276,0,0,-1,500,1000,1.6893458818151759,-0.5611281259979517,nan,nan,0.47730156098938015,0.07287171520000674,0.011427140745149191,7.460003665213882,-0.0005693840260951877,nan,24.208189394271283,nan,0.513671875,0.3515625,2.655842666536146
2,spectral-friendly-sam-muon,spectral-friendly-sam-muon,Spectral Friendly SAM-Muon,,muon,friendly,spectral,both,1.1,0.01,nominal,0.02,additive,1.0,nn_ce,2.2504740078131276,1,0,-1,500,1000,1.453320687298497,-0.7971533205146306,nan,nan,0.4154410310538073,0.07510685805998885,0.012022156277843565,7.1615520571615985,0.0001888824941862488,nan,24.293039718701568,nan,0.587890625,0.376953125,2.4926081681719094
2,spectral-friendly-sam-muon,spectral-friendly-sam-muon,Spectral Friendly SAM-Muon,,muon,friendly,spectral,both,1.1,0.01,nominal,0.02,additive,1.0,nn_ce,2.2504740078131276,2,0,-1,500,1000,1.6599478718246992,-0.5905261359884284,nan,nan,0.4735399592439989,0.0725400183921848,0.012021206117979816,7.138735361181063,-0.0005455927324709009,nan,24.53984972473089,nan,0.515625,0.33203125,2.581815184699481
2,spectral-friendly-sam-muon,spectral-friendly-sam-muon,Spectral Friendly SAM-Muon,,muon,friendly,spectral,both,1.1,0.01,nominal,0.02,additive,1.0,nn_ce,2.2504740078131276,3,0,-1,500,1000,1.5934255504773782,-0.6570484573357493,nan,nan,0.43939383096301887,0.07173028305902068,0.011807730944881328,7.352337327398626,-3.506225192162482e-05,nan,24.00433184419695,nan,0.53125,0.359375,2.4293230174896605
2,spectral-friendly-sam-muon,spectral-friendly-sam-muon,Spectral Friendly SAM-Muon,,muon,friendly,spectral,both,1.1,0.01,nominal,0.02,additive,1.0,nn_ce,2.2504740078131276,4,0,-1,500,1000,1.563003419910245,-0.6874705879028826,nan,nan,0.40556257826086173,0.07037556950851409,0.01202029338389434,7.1687238706297824,1.7337060690403305e-05,nan,24.37333254610333,nan,0.548828125,0.37109375,2.588543701665291
2,spectral-friendly-sam-muon,spectral-friendly-sam-muon,Spectral Friendly SAM-Muon,,muon,friendly,spectral,both,1.1,0.01,nominal,0.02,additive,1.0,nn_ce,2.2504740078131276,5,0,-1,500,1000,1.5655919465536672,-0.6848820612594604,nan,nan,0.4270945660209732,0.07186990410988736,0.011956629094716453,7.366431594970509,-0.0008538769031369853,nan,23.91683309228455,nan,0.556640625,0.33984375,2.674985316552271
2,spectral-friendly-sam-muon,spectral-friendly-sam-muon,Spectral Friendly SAM-Muon,,muon,friendly,spectral,both,1.1,0.01,nominal,0.02,additive,1.0,nn_ce,2.2504740078131276,6,0,-1,500,1000,1.5134004870510973,-0.7370735207620303,nan,nan,0.43107156802857033,0.07167490734732154,0.01201490582884237,7.066623000204062,0.0003756418920761728,nan,23.837748369509317,nan,0.56640625,0.3671875,2.556647942474124
2,spectral-friendly-sam-muon,spectral-friendly-sam-muon,Spectral Friendly SAM-Muon,,muon,friendly,spectral,both,1.1,0.01,nominal,0.02,additive,1.0,nn_ce,2.2504740078131276,7,0,-1,500,1000,1.6856852537551656,-0.5647887540579619,nan,nan,0.47665107171869997,0.07207743452652338,0.011957632142314543,7.168159742789958,0.0009345490080154839,nan,24.43697091808038,nan,0.509765625,0.3671875,2.6801425413229456
2,spectral-friendly-sam-muon,spectral-friendly-sam-muon,Spectral Friendly SAM-Muon,,muon,friendly,spectral,both,1.1,0.02,nominal,0.02,additive,1.0,nn_ce,2.2504740078131276,0,0,-1,500,1000,1.687239120013551,-0.5632348877995765,nan,nan,0.47665509022732233,0.14576244116815548,0.022838785732851166,7.463658287519824,-0.0008742593753980898,nan,24.20864711090935,nan,0.517578125,0.349609375,2.6534028153436715
2,spectral-friendly-sam-muon,spectral-friendly-sam-muon,Spectral Friendly SAM-Muon,,muon,friendly,spectral,both,1.1,0.02,nominal,0.02,additive,1.0,nn_ce,2.2504740078131276,1,0,-1,500,1000,1.4516875083190612,-0.7987864994940663,nan,nan,0.4142985355675015,0.15021640860317764,0.024044966413027134,7.162035420479331,0.0006050176625733705,nan,24.29371045713057,nan,0.587890625,0.376953125,2.491615370196482
2,spectral-friendly-sam-muon,spectral-friendly-sam-muon,Spectral Friendly SAM-Muon,,muon,friendly,spectral,both,1.1,0.02,nominal,0.02,additive,1.0,nn_ce,2.2504740078131276,2,0,-1,500,1000,1.6575548500999493,-0.5929191577131783,nan,nan,0.47119196961571624,0.14501042552221555,0.024044036590871752,7.145847789694579,-0.0009381040921090378,nan,24.542514236103123,nan,0.517578125,0.33203125,2.5791919979946623
2,spectral-friendly-sam-muon,spectral-friendly-sam-muon,Spectral Friendly SAM-Muon,,muon,friendly,spectral,both,1.1,0.02,nominal,0.02,additive,1.0,nn_ce,2.2504740078131276,3,0,-1,500,1000,1.5910144004586555,-0.6594596073544721,nan,nan,0.43845870135494797,0.1434252574755546,0.023575348039984116,7.352491097967173,0.00014470979138292428,nan,24.003784646209812,nan,0.525390625,0.365234375,2.4285463727525514
2,spectral-friendly-sam-muon,spectral-friendly-sam-muon,Spectral Friendly SAM-Muon,,muon,friendly,spectral,both,1.1,0.02,nominal,0.02,additive,1.0,nn_ce,2.2504740078131276,4,0,-1,500,1000,1.562486206654808,-0.6879878011583196,nan,nan,0.40380242770242736,0.14073916615340396,0.024042149240388593,7.168026021413093,0.0002847954685398779,nan,24.366898874171024,nan,0.546875,0.37109375,2.5873336988000064
2,spectral-friendly-sam-muon,spectral-friendly-sam-muon,Spectral Friendly SAM-Muon,,muon,friendly,spectral,both,1.1,0.02,nominal,0.02,additive,1.0,nn_ce,2.2504740078131276,5,0,-1,500,1000,1.564824189036488,-0.6856498187766396,nan,nan,0.4257325977130349,0.14370149195269072,0.023913913120927884,7.370032846576151,-0.0014241219396535776,nan,23.9134779909713,nan,0.55859375,0.337890625,2.6724113935097
2,spectral-friendly-sam-muon,spectral-friendly-sam-muon,Spectral Friendly SAM-Muon,,muon,friendly,spectral,both,1.1,0.02,nominal,0.02,additive,1.0,nn_ce,2.2504740078131276,6,0,-1,500,1000,1.5123809695991457,-0.7380930382139819,nan,nan,0.42956805049716645,0.14338632078181465,0.02402996135009881,7.0667762413846775,0.0010741280743029602,nan,23.840913985383768,nan,0.5703125,0.369140625,2.554425203365556
2,spectral-friendly-sam-muon,spectral-friendly-sam-muon,Spectral Friendly SAM-Muon,,muon,friendly,spectral,both,1.1,0.02,nominal,0.02,additive,1.0,nn_ce,2.2504740078131276,7,0,-1,500,1000,1.6841700464538922,-0.5663039613592353,nan,nan,0.47571599931941094,0.14419354950082897,0.023925447288951997,7.16657994064466,0.0019403767209744682,nan,24.438993767582257,nan,0.5078125,0.369140625,2.6772291274392073
2,spectral-friendly-sam-muon,spectral-friendly-sam-muon,Spectral Friendly SAM-Muon,,muon,friendly,spectral,both,1.1,0.1,nominal,0.02,additive,1.0,nn_ce,2.2504740078131276,0,0,-1,500,1000,1.6741614390883606,-0.576312568724767,nan,nan,0.46741169496211205,0.730087675726366,0.11431521961237248,7.467552995978078,0.0023047472001862523,nan,24.20416538670282,nan,0.525390625,0.357421875,2.6348670832039516
2,spectral-friendly-sam-muon,spectral-friendly-sam-muon,Spectral Friendly SAM-Muon,,muon,friendly,spectral,both,1.1,0.1,nominal,0.02,additive,1.0,nn_ce,2.2504740078131276,1,0,-1,500,1000,1.442138266793044,-0.8083357410200835,nan,nan,0.40380628891815334,0.7511318737166808,0.1202313446434023,7.1653508512584105,0.010072696093124778,nan,24.28900940820587,nan,0.595703125,0.3828125,2.474719467463713
2,spectral-friendly-sam-muon,spectral-friendly-sam-muon,Spectral Friendly SAM-Muon,,muon,friendly,spectral,both,1.1,0.1,nominal,0.02,additive,1.0,nn_ce,2.2504740078131276,2,0,-1,500,1000,1.6455337430022097,-0.6049402648109179,nan,nan,0.4571033695388168,0.7251517909239924,0.1202116658516718,7.148397959365998,0.0023378738830632795,nan,24.539822937883578,nan,0.5234375,0.33203125,2.5630053910191504
2,spectral-friendly-sam-muon,spectral-friendly-sam-muon,Spectral Friendly SAM-Muon,,muon,friendly,spectral,both,1.1,0.1,nominal,0.02,additive,1.0,nn_ce,2.2504740078131276,3,0,-1,500,1000,1.5864295133126591,-0.6640444945004684,nan,nan,0.4310038496541217,0.7170153527179239,0.11828621702750802,7.357697612311543,0.008615481201574626,nan,23.989984678037654,nan,0.53515625,0.36328125,2.408671922335415
2,spectral-friendly-sam-muon,spectral-friendly-sam-muon,Spectral Friendly SAM-Muon,,muon,friendly,spectral,both,1.1,0.1,nominal,0.02,additive,1.0,nn_ce,2.2504740078131276,4,0,-1,500,1000,1.5528246227118268,-0.6976493851013008,nan,nan,0.3991733724505628,0.7042048277276607,0.12017428496099973,7.168481676729198,0.009698110478153055,nan,24.360869813597137,nan,0.546875,0.373046875,2.5693783729729236
2,spectral-friendly-sam-muon,spectral-friendly-sam-muon,Spectral Friendly SAM-Muon,,muon,friendly,spectral,both,1.1,0.1,nominal,0.02,additive,1.0,nn_ce,2.2504740078131276,5,0,-1,500,1000,1.5528852243388043,-0.6975887834743233,nan,nan,0.4188650161478981,0.718988119073951,0.11951123023851955,7.362162297336353,0.0003218531773383493,nan,23.920001062631798,nan,0.5703125,0.33984375,2.6550084203146307
2,spectral-friendly-sam-muon,spectral-friendly-sam-muon,Spectral Friendly SAM-Muon,,muon,friendly,spectral,both,1.1,0.1,nominal,0.02,additive,1.0,nn_ce,2.2504740078131276,6,0,-1,500,1000,1.4990913760836735,-0.7513826317294541,nan,nan,0.4215009576637741,0.7163901616990768,0.12014992284199022,7.061712462279763,0.013948396888305625,nan,23.84646219963515,nan,0.572265625,0.35546875,2.5412616263334638
2,spectral-friendly-sam-muon,spectral-friendly-sam-muon,Spectral Friendly SAM-Muon,,muon,friendly,spectral,both,1.1,0.1,nominal,0.02,additive,1.0,nn_ce,2.2504740078131276,7,0,-1,500,1000,1.6729183743339746,-0.577555633479153,nan,nan,0.4627778429850475,0.7214323787236792,0.1196212892981453,7.169695656119904,0.017458572554472918,nan,24.441285663739926,nan,0.51171875,0.37109375,2.6595624340353163
2,spectral-friendly-sam-muon,spectral-friendly-sam-muon,Spectral Friendly SAM-Muon,,muon,friendly,spectral,both,1.1,0.2,nominal,0.02,additive,1.0,nn_ce,2.2504740078131276,0,0,-1,500,1000,1.6613288740441365,-0.589145133768991,nan,nan,0.4537919323751826,1.4598581508372708,0.2278665267343341,7.477751744686032,0.022972172058418838,nan,24.1868277157181,nan,0.5234375,0.359375,2.609517918622089
2,spectral-friendly-sam-muon,spectral-friendly-sam-muon,Spectral Friendly SAM-Muon,,muon,friendly,spectral,both,1.1,0.2,nominal,0.02,additive,1.0,nn_ce,2.2504740078131276,1,0,-1,500,1000,1.439872563149815,-0.8106014446633125,nan,nan,0.39347438868622087,1.5022635555646193,0.24046338029721281,7.16727204903138,0.03419347182045662,nan,24.278208526691625,nan,0.603515625,0.38671875,2.455863629999463
2,spectral-friendly-sam-muon,spectral-friendly-sam-muon,Spectral Friendly SAM-Muon,,muon,friendly,spectral,both,1.1,0.2,nominal,0.02,additive,1.0,nn_ce,2.2504740078131276,2,0,-1,500,1000,1.6380840151689835,-0.6123899926441441,nan,nan,0.4417968110490888,1.4515636182713856,0.24045120681427024,7.152582182493841,0.01901053796186769,nan,24.521540015673697,nan,0.525390625,0.330078125,2.544980357172152
2,spectral-friendly-sam-muon,spectral-friendly-sam-muon,Spectral Friendly SAM-Muon,,muon,friendly,spectral,both,1.1,0.2,nominal,0.02,additive,1.0,nn_ce,2.2504740078131276,3,0,-1,500,1000,1.580494901925878,-0.6699791058872495,nan,nan,0.42001411454105025,1.434580110519669,0.2373820975236673,7.3611233499515105,0.03878536016350487,nan,23.95564783562624,nan,0.533203125,0.369140625,2.384544437407667
2,spectral-friendly-sam-muon,spectral-friendly-sam-muon,Spectral Friendly SAM-Muon,,muon,friendly,spectral,both,1.1,0.2,nominal,0.02,additive,1.0,nn_ce,2.2504740078131276,4,0,-1,500,1000,1.5528543040701037,-0.6976197037430238,nan,nan,0.39318017990404847,1.4070459080131101,0.24038008573696076,7.1684334239900664,0.034248829859177876,nan,24.337852801990852,nan,0.548828125,0.376953125,2.549214732115834
2,spectral-friendly-sam-muon,spectral-friendly-sam-muon,Spectral Friendly SAM-Muon,,muon,friendly,spectral,both,1.1,0.2,nominal,0.02,additive,1.0,nn_ce,2.2504740078131276,5,0,-1,500,1000,1.5477556826759469,-0.7027183251371807,nan,nan,0.4097836679069089,1.438504697973123,0.2390053759429676,7.356353787012314,0.019067277736576127,nan,23.90719523837433,nan,0.576171875,0.345703125,2.6282675874204946
2,spectral-friendly-sam-muon,spectral-friendly-sam-muon,Spectral Friendly SAM-Muon,,muon,friendly,spectral,both,1.1,0.2,nominal,0.02,additive,1.0,nn_ce,2.2504740078131276,6,0,-1,500,1000,1.4938256241834627,-0.7566483836296649,nan,nan,0.4145197897169888,1.4331487495264743,0.24034233163288415,7.060785131755408,0.04687399243425383,nan,23.845774997198546,nan,0.580078125,0.361328125,2.5189644650505003
2,spectral-friendly-sam-muon,spectral-friendly-sam-muon,Spectral Friendly SAM-Muon,,muon,friendly,spectral,both,1.1,0.2,nominal,0.02,additive,1.0,nn_ce,2.2504740078131276,7,0,-1,500,1000,1.6701694007657333,-0.5803046070473943,nan,nan,0.45094891094783074,1.4431262962352127,0.23912871416122394,7.170491568056426,0.0512265072531517,nan,24.429106823757238,nan,0.525390625,0.37109375,2.63855885161568
2,spectral-friendly-sam-muon,spectral-friendly-sam-muon,Spectral Friendly SAM-Muon,,muon,friendly,spectral,both,1.1,0.05,nominal,0.02,additive,1.0,nn_ce,2.2504740078131276,0,0,-1,500,1000,1.6824614373605393,-0.5680125704525882,nan,nan,0.47205245307308213,0.36495201125585564,0.05698052452960046,7.466298485244385,-0.0010291131734598835,nan,24.203543518042462,nan,0.51953125,0.353515625,2.6455514674313876
2,spectral-friendly-sam-muon,spectral-friendly-sam-muon,Spectral Friendly SAM-Muon,,muon,friendly,spectral,both,1.1,0.05,nominal,0.02,additive,1.0,nn_ce,2.2504740078131276,1,0,-1,500,1000,1.4478918355233328,-0.8025821722897948,nan,nan,0.4105978960235523,0.3754645442130163,0.06011674946050447,7.165349716228565,0.0029341468610586396,nan,24.28732209905694,nan,0.591796875,0.380859375,2.486302539065395
2,spectral-friendly-sam-muon,spectral-friendly-sam-muon,Spectral Friendly SAM-Muon,,muon,friendly,spectral,both,1.1,0.05,nominal,0.02,additive,1.0,nn_ce,2.2504740078131276,2,0,-1,500,1000,1.655644155115271,-0.5948298526978566,nan,nan,0.4664443507765059,0.3627322001733043,0.06009930115666083,7.14437844766804,-0.0011691182300870295,nan,24.5448188807732,nan,0.517578125,0.33203125,2.5708324791138946
2,spectral-friendly-sam-muon,spectral-friendly-sam-muon,Spectral Friendly SAM-Muon,,muon,friendly,spectral,both,1.1,0.05,nominal,0.02,additive,1.0,nn_ce,2.2504740078131276,3,0,-1,500,1000,1.5881458735012246,-0.662328134311903,nan,nan,0.4351493931534622,0.3586238336081644,0.058980483587994424,7.3520572036672345,0.0021919981842384306,nan,24.000788873579225,nan,0.529296875,0.361328125,2.4207602775368544
2,spectral-friendly-sam-muon,spectral-friendly-sam-muon,Spectral Friendly SAM-Muon,,muon,friendly,spectral,both,1.1,0.05,nominal,0.02,additive,1.0,nn_ce,2.2504740078131276,4,0,-1,500,1000,1.560484365596683,-0.6899896422164447,nan,nan,0.40380094310445147,0.35184389296852014,0.060092486490834957,7.166320683682975,0.002428840159705903,nan,24.36947728385154,nan,0.544921875,0.375,2.58080194426781
2,spectral-friendly-sam-muon,spectral-friendly-sam-muon,Spectral Friendly SAM-Muon,,muon,friendly,spectral,both,1.1,0.05,nominal,0.02,additive,1.0,nn_ce,2.2504740078131276,5,0,-1,500,1000,1.5620184608097538,-0.6884555470033737,nan,nan,0.42097139796163524,0.3592323114978693,0.059769198611686565,7.369663355618521,-0.002406610531908049,nan,23.92416165538718,nan,0.55859375,0.33984375,2.6633111474583075
2,spectral-friendly-sam-muon,spectral-friendly-sam-muon,Spectral Friendly SAM-Muon,,muon,friendly,spectral,both,1.1,0.05,nominal,0.02,additive,1.0,nn_ce,2.2504740078131276,6,0,-1,500,1000,1.5052629079863178,-0.7452110998268098,nan,nan,0.42681776422983775,0.3583760868283217,0.060076326544256334,7.0673726704164315,0.004605098200961777,nan,23.850813948867245,nan,0.57421875,0.361328125,2.551030080593828
2,spectral-friendly-sam-muon,spectral-friendly-sam-muon,Spectral Friendly SAM-Muon,,muon,friendly,spectral,both,1.1,0.05,nominal,0.02,additive,1.0,nn_ce,2.2504740078131276,7,0,-1,500,1000,1.6789921586710452,-0.5714818491420823,nan,nan,0.47054306394704104,0.3604798807960636,0.0597967465427112,7.1678996317448,0.006318361983581378,nan,24.439871646617494,nan,0.513671875,0.37109375,2.6708696706315402
2,stale-friendly-spectral-sam-muon,stale-friendly-spectral-sam-muon,Stale Friendly Spectral SAM-Muon,,muon,stale_friendly,spectral,mnist,1.1,0.02,nominal,0.02,additive,1.0,nn_ce,2.2504740078131276,0,0,-1,500,501,1.6880711943851978,-0.5624028134279297,nan,nan,0.47679369249556597,0.14419870142217775,0.024032183983512475,7.4521785726906575,0.00036332973938368873,nan,24.205174909728022,nan,0.515625,0.3515625,2.6563724466964675
2,stale-friendly-spectral-sam-muon,stale-friendly-spectral-sam-muon,Stale Friendly Spectral SAM-Muon,,muon,stale_friendly,spectral,mnist,1.1,0.02,nominal,0.02,additive,1.0,nn_ce,2.2504740078131276,1,0,-1,500,501,1.4523269379206925,-0.7981470698924351,nan,nan,0.41580288846359426,0.14603274853368828,0.024047291749893392,7.1646664102049655,-0.0017970157820794697,nan,24.296617424332155,nan,0.58984375,0.376953125,2.492049312447837
2,stale-friendly-spectral-sam-muon,stale-friendly-spectral-sam-muon,Stale Friendly Spectral SAM-Muon,,muon,stale_friendly,spectral,mnist,1.1,0.02,nominal,0.02,additive,1.0,nn_ce,2.2504740078131276,2,0,-1,500,501,1.6602903833422564,-0.5901836244708711,nan,nan,0.4740827497366993,0.1458470198625749,0.024019804774072652,7.144933634571689,0.0014506468081851853,nan,24.542767667978254,nan,0.517578125,0.330078125,2.5806320881596108
2,stale-friendly-spectral-sam-muon,stale-friendly-spectral-sam-muon,Stale Friendly Spectral SAM-Muon,,muon,stale_friendly,spectral,mnist,1.1,0.02,nominal,0.02,additive,1.0,nn_ce,2.2504740078131276,3,0,-1,500,501,1.5929494332257421,-0.6575245745873854,nan,nan,0.4401707030926155,0.14242469175057906,0.023978989778754314,7.351968431502809,-0.00021327719025832081,nan,24.000267355828406,nan,0.52734375,0.361328125,2.4319364468383258
2,stale-friendly-spectral-sam-muon,stale-friendly-spectral-sam-muon,Stale Friendly Spectral SAM-Muon,,muon,stale_friendly,spectral,mnist,1.1,0.02,nominal,0.02,additive,1.0,nn_ce,2.2504740078131276,4,0,-1,500,501,1.5627530935634348,-0.6877209142496927,nan,nan,0.4059956293828118,0.14506891282762208,0.02379459507493385,7.166498270592409,-0.0004195278680336756,nan,24.372697109197166,nan,0.546875,0.37109375,2.58875680012074
2,stale-friendly-spectral-sam-muon,stale-friendly-spectral-sam-muon,Stale Friendly Spectral SAM-Muon,,muon,stale_friendly,spectral,mnist,1.1,0.02,nominal,0.02,additive,1.0,nn_ce,2.2504740078131276,5,0,-1,500,501,1.5656186790094693,-0.6848553288036583,nan,nan,0.4276982160860902,0.1387689770838925,0.02400615859805596,7.3676458117662085,0.002312970010579063,nan,23.919688131150146,nan,0.5546875,0.33984375,2.6782301798183115
2,stale-friendly-spectral-sam-muon,stale-friendly-spectral-sam-muon,Stale Friendly Spectral SAM-Muon,,muon,stale_friendly,spectral,mnist,1.1,0.02,nominal,0.02,additive,1.0,nn_ce,2.2504740078131276,6,0,-1,500,501,1.5135425819496713,-0.7369314258634563,nan,nan,0.43164006968304547,0.14379798114909337,0.022687136419478064,7.067887910845485,-0.0007401555749224631,nan,23.846420570247464,nan,0.568359375,0.3671875,2.5562181794306262
2,stale-friendly-spectral-sam-muon,stale-friendly-spectral-sam-muon,Stale Friendly Spectral SAM-Muon,,muon,stale_friendly,spectral,mnist,1.1,0.02,nominal,0.02,additive,1.0,nn_ce,2.2504740078131276,7,0,-1,500,501,1.6864666198991394,-0.5640073879139882,nan,nan,0.4744118088481027,0.1412021422099034,0.024026842831639812,7.16502488523271,0.00048557298947815575,nan,24.432543196164765,nan,0.5078125,0.365234375,2.683437421770859
2,stale-friendly-spectral-sam-muon,stale-friendly-spectral-sam-muon,Stale Friendly Spectral SAM-Muon,,muon,stale_friendly,spectral,mnist,1.1,0.01,nominal,0.02,additive,1.0,nn_ce,2.2504740078131276,0,0,-1,500,501,1.6896619038150678,-0.5608121039980598,nan,nan,0.4777518131600382,0.07211863531893026,0.012016370980551609,7.453697558787033,5.123724544131569e-05,nan,24.20809806402654,nan,0.51953125,0.349609375,2.6572738367327973
2,stale-friendly-spectral-sam-muon,stale-friendly-spectral-sam-muon,Stale Friendly Spectral SAM-Muon,,muon,stale_friendly,spectral,mnist,1.1,0.01,nominal,0.02,additive,1.0,nn_ce,2.2504740078131276,1,0,-1,500,501,1.4539969588006216,-0.7964770490125059,nan,nan,0.4160313390171593,0.07308427381668008,0.012023102471585318,7.168153705684738,-0.0010034917759222939,nan,24.297751209692613,nan,0.58984375,0.380859375,2.4929946665968457
2,stale-friendly-spectral-sam-muon,stale-friendly-spectral-sam-muon,Stale Friendly Spectral SAM-Muon,,muon,stale_friendly,spectral,mnist,1.1,0.01,nominal,0.02,additive,1.0,nn_ce,2.2504740078131276,2,0,-1,500,501,1.6617803287269246,-0.588693679086203,nan,nan,0.47468461026654385,0.07293131310332755,0.012010960681369533,7.142879402345439,0.0005919114729859842,nan,24.541799583929038,nan,0.51953125,0.33203125,2.5823125321830793
2,stale-friendly-spectral-sam-muon,stale-friendly-spectral-sam-muon,Stale Friendly Spectral SAM-Muon,,muon,stale_friendly,spectral,mnist,1.1,0.01,nominal,0.02,additive,1.0,nn_ce,2.2504740078131276,3,0,-1,500,501,1.5935642316295788,-0.6569097761835487,nan,nan,0.4403495482722756,0.07119012102196681,0.011989682505528561,7.3519408850294115,-0.00020766474639444255,nan,24.006944283129908,nan,0.5234375,0.359375,2.4300116988269047
2,stale-friendly-spectral-sam-muon,stale-friendly-spectral-sam-muon,Stale Friendly Spectral SAM-Muon,,muon,stale_friendly,spectral,mnist,1.1,0.01,nominal,0.02,additive,1.0,nn_ce,2.2504740078131276,4,0,-1,500,501,1.5619260496785905,-0.6885479581345371,nan,nan,0.40422141117068,0.07258417348308448,0.011947730187972449,7.168844397521288,-0.00029149530512473376,nan,24.374305768447076,nan,0.546875,0.369140625,2.5878723395325407
2,stale-friendly-spectral-sam-muon,stale-friendly-spectral-sam-muon,Stale Friendly Spectral SAM-Muon,,muon,stale_friendly,spectral,mnist,1.1,0.01,nominal,0.02,additive,1.0,nn_ce,2.2504740078131276,5,0,-1,500,501,1.5658114207735228,-0.6846625870396048,nan,nan,0.4280788913350379,0.06936578809586616,0.01200162287852922,7.367619955359796,0.0010434260108491689,nan,23.918256498466135,nan,0.5546875,0.337890625,2.6805272211388704
2,stale-friendly-spectral-sam-muon,stale-friendly-spectral-sam-muon,Stale Friendly Spectral SAM-Muon,,muon,stale_friendly,spectral,mnist,1.1,0.01,nominal,0.02,additive,1.0,nn_ce,2.2504740078131276,6,0,-1,500,501,1.5144900282730478,-0.7359839795400798,nan,nan,0.4316614507322768,0.07190231824883558,0.011343558228234534,7.068534057163193,-0.0004440683611537377,nan,23.84035026310293,nan,0.56640625,0.365234375,2.557953717679464
2,stale-friendly-spectral-sam-muon,stale-friendly-spectral-sam-muon,Stale Friendly Spectral SAM-Muon,,muon,stale_friendly,spectral,mnist,1.1,0.01,nominal,0.02,additive,1.0,nn_ce,2.2504740078131276,7,0,-1,500,501,1.6877547728611453,-0.5627192349519823,nan,nan,0.47724936874910195,0.07059481581017388,0.012011451464805093,7.169089178405194,0.00016799749232720984,nan,24.43283946571047,nan,0.509765625,0.3671875,2.684596354807005
2,spectral-friendly-sam-muon,spectral-friendly-sam-muon,Spectral Friendly SAM-Muon,,muon,friendly,spectral,both,1.1,0.5,nominal,0.02,additive,1.0,nn_ce,2.2504740078131276,0,0,-1,500,1000,1.6533694973673752,-0.5971045104457524,nan,nan,0.43367410461606865,3.6562735526897714,0.5669868573231837,7.469400593284236,0.1707552298421664,nan,24.11250576557837,nan,0.521484375,0.369140625,2.5406967860013223
2,spectral-friendly-sam-muon,spectral-friendly-sam-muon,Spectral Friendly SAM-Muon,,muon,friendly,spectral,both,1.1,0.5,nominal,0.02,additive,1.0,nn_ce,2.2504740078131276,1,0,-1,500,1000,1.4528368704667414,-0.7976371373463862,nan,nan,0.37225323460533466,3.7582517651972904,0.6011688005694686,7.179565097109595,0.17316221826293043,nan,24.240757074828892,nan,0.591796875,0.390625,2.3949314781283317
2,spectral-friendly-sam-muon,spectral-friendly-sam-muon,Spectral Friendly SAM-Muon,,muon,friendly,spectral,both,1.1,0.5,nominal,0.02,additive,1.0,nn_ce,2.2504740078131276,2,0,-1,500,1000,1.6398922160159808,-0.6105817917971468,nan,nan,0.4170843159133402,3.629905555397872,0.6011124078389943,7.144973125977296,0.13158519884821218,nan,24.469369398832175,nan,0.533203125,0.345703125,2.481662672869488
2,spectral-friendly-sam-muon,spectral-friendly-sam-muon,Spectral Friendly SAM-Muon,,muon,friendly,spectral,both,1.1,0.5,nominal,0.02,additive,1.0,nn_ce,2.2504740078131276,3,0,-1,500,1000,1.5872183765817802,-0.6632556312313473,nan,nan,0.4035137717146994,3.581225063912379,0.5891469419220285,7.38075421954148,0.2356220837944325,nan,23.844089633959832,nan,0.533203125,0.37109375,2.334606733101895
2,spectral-friendly-sam-muon,spectral-friendly-sam-muon,Spectral Friendly SAM-Muon,,muon,friendly,spectral,both,1.1,0.5,nominal,0.02,additive,1.0,nn_ce,2.2504740078131276,4,0,-1,500,1000,1.5690534880921392,-0.6814205197209884,nan,nan,0.3818771384167742,3.5173899310514334,0.6011279876347971,7.165624041977877,0.1811974546036179,nan,24.27787073278759,nan,0.548828125,0.37109375,2.47809037183098
2,spectral-friendly-sam-muon,spectral-friendly-sam-muon,Spectral Friendly SAM-Muon,,muon,friendly,spectral,both,1.1,0.5,nominal,0.02,additive,1.0,nn_ce,2.2504740078131276,5,0,-1,500,1000,1.5627184385980488,-0.6877555692150787,nan,nan,0.3916562947954692,3.589746326688594,0.597730449786926,7.369098314556545,0.18239821702974734,nan,23.850517241170444,nan,0.564453125,0.353515625,2.553423266220719
2,spectral-friendly-sam-muon,spectral-friendly-sam-muon,Spectral Friendly SAM-Muon,,muon,friendly,spectral,both,1.1,0.5,nominal,0.02,additive,1.0,nn_ce,2.2504740078131276,6,0,-1,500,1000,1.5032879374977992,-0.7471860703153284,nan,nan,0.3960999844139061,3.591396515689677,0.6010736742564795,7.061469154658696,0.24154306422308802,nan,23.839516986756845,nan,0.578125,0.376953125,2.4621643312633736
2,spectral-friendly-sam-muon,spectral-friendly-sam-muon,Spectral Friendly SAM-Muon,,muon,friendly,spectral,both,1.1,0.5,nominal,0.02,additive,1.0,nn_ce,2.2504740078131276,7,0,-1,500,1000,1.679607662689066,-0.5708663451240616,nan,nan,0.4274506257709706,3.610163168717907,0.5972534746511128,7.16139592512911,0.24469387164185608,nan,24.369154624392753,nan,0.521484375,0.373046875,2.582030145020614
2,stale-friendly-spectral-sam-muon,stale-friendly-spectral-sam-muon,Stale Friendly Spectral SAM-Muon,,muon,stale_friendly,spectral,mnist,1.1,0.05,nominal,0.02,additive,1.0,nn_ce,2.2504740078131276,0,0,-1,500,501,1.6853175035124814,-0.5651565043006461,nan,nan,0.4748183100524876,0.3604963583284641,0.06007887403342619,7.448698909457857,0.0024461502478994035,nan,24.197563966684452,nan,0.51953125,0.349609375,2.653850865686312
2,stale-friendly-spectral-sam-muon,stale-friendly-spectral-sam-muon,Stale Friendly Spectral SAM-Muon,,muon,stale_friendly,spectral,mnist,1.1,0.05,nominal,0.02,additive,1.0,nn_ce,2.2504740078131276,1,0,-1,500,501,1.4482628095487238,-0.8022111982644038,nan,nan,0.4137151662323879,0.3653430975549302,0.06009667979548241,7.1617254497427085,-0.002886085734185695,nan,24.292782756075706,nan,0.58984375,0.37890625,2.48850449455761
2,stale-friendly-spectral-sam-muon,stale-friendly-spectral-sam-muon,Stale Friendly Spectral SAM-Muon,,muon,stale_friendly,spectral,mnist,1.1,0.05,nominal,0.02,additive,1.0,nn_ce,2.2504740078131276,2,0,-1,500,501,1.658238109685429,-0.5922358981276985,nan,nan,0.47166299667255945,0.3647002257010017,0.060044532094222995,7.144898456874618,0.004602695556404246,nan,24.540365918119498,nan,0.517578125,0.330078125,2.582251723008301
2,stale-friendly-spectral-sam-muon,stale-friendly-spectral-sam-muon,Stale Friendly Spectral SAM-Muon,,muon,stale_friendly,spectral,mnist,1.1,0.05,nominal,0.02,additive,1.0,nn_ce,2.2504740078131276,3,0,-1,500,501,1.5911118571129652,-0.6593621507001624,nan,nan,0.43757325269968994,0.3560371732518496,0.05995525648799584,7.353962884520604,0.000856671559398503,nan,23.994270182863563,nan,0.52734375,0.361328125,2.42804958519627
2,stale-friendly-spectral-sam-muon,stale-friendly-spectral-sam-muon,Stale Friendly Spectral SAM-Muon,,muon,stale_friendly,spectral,mnist,1.1,0.05,nominal,0.02,additive,1.0,nn_ce,2.2504740078131276,4,0,-1,500,501,1.5621994593633999,-0.6882745484497277,nan,nan,0.40410908445646637,0.3625895932394065,0.059448930083350386,7.167369926875466,0.0005809620426782125,nan,24.369113164893733,nan,0.546875,0.373046875,2.58934992779839
2,stale-friendly-spectral-sam-muon,stale-friendly-spectral-sam-muon,Stale Friendly Spectral SAM-Muon,,muon,stale_friendly,spectral,mnist,1.1,0.05,nominal,0.02,additive,1.0,nn_ce,2.2504740078131276,5,0,-1,500,501,1.5608942721206784,-0.6895797356924491,nan,nan,0.42851327907536213,0.34695330694831816,0.06001302435254053,7.363035556921335,0.007411693631036442,nan,23.91143531833847,nan,0.556640625,0.33984375,2.6770458228441503
2,stale-friendly-spectral-sam-muon,stale-friendly-spectral-sam-muon,Stale Friendly Spectral SAM-Muon,,muon,stale_friendly,spectral,mnist,1.1,0.05,nominal,0.02,additive,1.0,nn_ce,2.2504740078131276,6,0,-1,500,501,1.5098561743315018,-0.7406178334816258,nan,nan,0.4295066399680729,0.35944674423827905,0.05671786257098814,7.071555597838858,-0.000512960833611853,nan,23.84905983710407,nan,0.568359375,0.359375,2.554714642838256
2,stale-friendly-spectral-sam-muon,stale-friendly-spectral-sam-muon,Stale Friendly Spectral SAM-Muon,,muon,stale_friendly,spectral,mnist,1.1,0.05,nominal,0.02,additive,1.0,nn_ce,2.2504740078131276,7,0,-1,500,501,1.6834742992181881,-0.5669997085949394,nan,nan,0.47189350933381535,0.3529766268710074,0.06010748516674446,7.167537487976372,0.0020424566409711353,nan,24.443707726185327,nan,0.509765625,0.369140625,2.6798714950398765
2,spectral-friendly-sam-muon,spectral-friendly-sam-muon,Spectral Friendly SAM-Muon,,muon,friendly,spectral,both,1.1,1.0,nominal,0.02,additive,1.0,nn_ce,2.2504740078131276,0,0,-1,500,1000,1.7084162230860318,-0.5420577847270958,nan,nan,0.43837490931379375,7.318045414450616,1.1341479306797766,7.449342180343739,0.6968608678012616,nan,23.941311583471414,nan,0.521484375,0.37890625,2.4684665778337753
2,spectral-friendly-sam-muon,spectral-friendly-sam-muon,Spectral Friendly SAM-Muon,,muon,friendly,spectral,both,1.1,1.0,nominal,0.02,additive,1.0,nn_ce,2.2504740078131276,1,0,-1,500,1000,1.5300216931127473,-0.7204523147003803,nan,nan,0.3631809434391535,7.544130768338674,1.2021897311480336,7.196093386476228,0.5688370020186861,nan,24.094635502869572,nan,0.56640625,0.40625,2.3305676740866086
2,spectral-friendly-sam-muon,spectral-friendly-sam-muon,Spectral Friendly SAM-Muon,,muon,friendly,spectral,both,1.1,1.0,nominal,0.02,additive,1.0,nn_ce,2.2504740078131276,2,0,-1,500,1000,1.683636906677476,-0.5668371011356517,nan,nan,0.40715563675411204,7.249615459833915,1.2011419087578934,7.082551479271401,0.4904196723676053,nan,24.291838177321583,nan,0.513671875,0.357421875,2.389736775718716
2,spectral-friendly-sam-muon,spectral-friendly-sam-muon,Spectral Friendly SAM-Muon,,muon,friendly,spectral,both,1.1,1.0,nominal,0.02,additive,1.0,nn_ce,2.2504740078131276,3,0,-1,500,1000,1.6569006094338175,-0.5935733983793101,nan,nan,0.4080122249202759,7.16575739355282,1.1578136948664113,7.3411227940983785,0.9028736082991575,nan,23.771141490429162,nan,0.509765625,0.376953125,2.2991997309655563
2,spectral-friendly-sam-muon,spectral-friendly-sam-muon,Spectral Friendly SAM-Muon,,muon,friendly,spectral,both,1.1,1.0,nominal,0.02,additive,1.0,nn_ce,2.2504740078131276,4,0,-1,500,1000,1.6413648335385052,-0.6091091742746224,nan,nan,0.3989379686202114,7.035968279113556,1.2023648958515598,7.172862570350681,0.6081836315122857,nan,24.03956290492395,nan,0.5390625,0.369140625,2.3935293896620204
2,spectral-friendly-sam-muon,spectral-friendly-sam-muon,Spectral Friendly SAM-Muon,,muon,friendly,spectral,both,1.1,1.0,nominal,0.02,additive,1.0,nn_ce,2.2504740078131276,5,0,-1,500,1000,1.6534854296070765,-0.5969885782060511,nan,nan,0.391184582678403,7.1808585783342265,1.1960006450526404,7.377318383024591,0.6545851583862377,nan,23.611216456789023,nan,0.544921875,0.380859375,2.485436094233172
2,spectral-friendly-sam-muon,spectral-friendly-sam-muon,Spectral Friendly SAM-Muon,,muon,friendly,spectral,both,1.1,1.0,nominal,0.02,additive,1.0,nn_ce,2.2504740078131276,6,0,-1,500,1000,1.563512567224107,-0.6869614405890205,nan,nan,0.3884702273921197,7.17648990008557,1.2023650076871666,7.07560419629085,0.8023347417285414,nan,23.57693439396388,nan,0.5703125,0.38671875,2.3986252966171095
2,spectral-friendly-sam-muon,spectral-friendly-sam-muon,Spectral Friendly SAM-Muon,,muon,friendly,spectral,both,1.1,1.0,nominal,0.02,additive,1.0,nn_ce,2.2504740078131276,7,0,-1,500,1000,1.7330446517153337,-0.5174293560977938,nan,nan,0.42148902004812133,7.2151564797292655,1.188128707988403,7.1314303689064635,0.8902568162143714,nan,24.135709764053097,nan,0.50390625,0.376953125,2.5098358155759666
2,stale-friendly-spectral-sam-muon,stale-friendly-spectral-sam-muon,Stale Friendly Spectral SAM-Muon,,muon,stale_friendly,spectral,mnist,1.1,0.1,nominal,0.02,additive,1.0,nn_ce,2.2504740078131276,0,0,-1,500,501,1.6812042346302536,-0.569269773182874,nan,nan,0.4712241087011236,0.7206837585750024,0.1201457950582768,7.4440500440828705,0.009046901028927357,nan,24.194150125609173,nan,0.521484375,0.353515625,2.6477001909149243
2,stale-friendly-spectral-sam-muon,stale-friendly-spectral-sam-muon,Stale Friendly Spectral SAM-Muon,,muon,stale_friendly,spectral,mnist,1.1,0.1,nominal,0.02,additive,1.0,nn_ce,2.2504740078131276,1,0,-1,500,501,1.4449676059070748,-0.8055064019060527,nan,nan,0.4093717248041302,0.7313399162935396,0.11984722746494751,7.164829350798737,-0.0007932382474420407,nan,24.283450144446867,nan,0.587890625,0.384765625,2.4878583542489916
2,stale-friendly-spectral-sam-muon,stale-friendly-spectral-sam-muon,Stale Friendly Spectral SAM-Muon,,muon,stale_friendly,spectral,mnist,1.1,0.1,nominal,0.02,additive,1.0,nn_ce,2.2504740078131276,2,0,-1,500,501,1.6538844674396262,-0.5965895403735013,nan,nan,0.4667682197444145,0.7294851290578118,0.12004558229909033,7.148539061567052,0.013730448655796312,nan,24.54451418586523,nan,0.517578125,0.330078125,2.5757054937084507
2,stale-friendly-spectral-sam-muon,stale-friendly-spectral-sam-muon,Stale Friendly Spectral SAM-Muon,,muon,stale_friendly,spectral,mnist,1.1,0.1,nominal,0.02,additive,1.0,nn_ce,2.2504740078131276,3,0,-1,500,501,1.589215361338783,-0.6612586464743446,nan,nan,0.4377415104101928,0.712195842504933,0.11992253390865665,7.357279755388733,0.004854173031316744,nan,23.995208478153394,nan,0.53125,0.359375,2.4226076187515235
2,stale-friendly-spectral-sam-muon,stale-friendly-spectral-sam-muon,Stale Friendly Spectral SAM-Muon,,muon,stale_friendly,spectral,mnist,1.1,0.1,nominal,0.02,additive,1.0,nn_ce,2.2504740078131276,4,0,-1,500,501,1.5573185722594833,-0.6931554355536442,nan,nan,0.4026506012142948,0.7237616119595845,0.11876258988815838,7.16579309559816,0.006481226896923875,nan,24.365196947472548,nan,0.54296875,0.380859375,2.587709226046181
2,stale-friendly-spectral-sam-muon,stale-friendly-spectral-sam-muon,Stale Friendly Spectral SAM-Muon,,muon,stale_friendly,spectral,mnist,1.1,0.1,nominal,0.02,additive,1.0,nn_ce,2.2504740078131276,5,0,-1,500,501,1.5573274283156875,-0.6931465794974401,nan,nan,0.4267630313976682,0.6930521887642683,0.12001203193977632,7.361088022545105,0.01838474594625561,nan,23.907639957792654,nan,0.564453125,0.345703125,2.6731369274415204
2,stale-friendly-spectral-sam-muon,stale-friendly-spectral-sam-muon,Stale Friendly Spectral SAM-Muon,,muon,stale_friendly,spectral,mnist,1.1,0.1,nominal,0.02,additive,1.0,nn_ce,2.2504740078131276,6,0,-1,500,501,1.5057209277783656,-0.7447530800347619,nan,nan,0.42548416834953323,0.7181237596328484,0.11343527716158212,7.072046600318641,0.0034815633955886938,nan,23.862540831203386,nan,0.568359375,0.357421875,2.5551349731051425
2,stale-friendly-spectral-sam-muon,stale-friendly-spectral-sam-muon,Stale Friendly Spectral SAM-Muon,,muon,stale_friendly,spectral,mnist,1.1,0.1,nominal,0.02,additive,1.0,nn_ce,2.2504740078131276,7,0,-1,500,501,1.6789094153017543,-0.5715645925113733,nan,nan,0.46866733577149167,0.7062541220589367,0.12023685922295996,7.167930249755554,0.007866244052431748,nan,24.44068028423439,nan,0.51171875,0.369140625,2.6779659854708378
2,stale-friendly-spectral-sam-muon,stale-friendly-spectral-sam-muon,Stale Friendly Spectral SAM-Muon,,muon,stale_friendly,spectral,mnist,1.1,1.0,nominal,0.02,additive,1.0,nn_ce,2.2504740078131276,0,0,-1,500,501,1.687750064009622,-0.5627239438035057,nan,nan,0.48465447128843364,7.149130249819116,1.1926616202207958,7.426734774055336,0.8830241792902318,nan,23.863039646099388,nan,0.51953125,0.37109375,2.5225694529436087
2,stale-friendly-spectral-sam-muon,stale-friendly-spectral-sam-muon,Stale Friendly Spectral SAM-Muon,,muon,stale_friendly,spectral,mnist,1.1,1.0,nominal,0.02,additive,1.0,nn_ce,2.2504740078131276,1,0,-1,500,501,1.4971448767253528,-0.7533291310877748,nan,nan,0.400627472184243,7.303955964248876,1.1989171548673463,7.1664382350210385,0.8280249347935627,nan,23.982979254085155,nan,0.5703125,0.388671875,2.399990030900015
2,stale-friendly-spectral-sam-muon,stale-friendly-spectral-sam-muon,Stale Friendly Spectral SAM-Muon,,muon,stale_friendly,spectral,mnist,1.1,1.0,nominal,0.02,additive,1.0,nn_ce,2.2504740078131276,2,0,-1,500,501,1.6781952421515105,-0.5722787656616171,nan,nan,0.48201244504471547,7.2772856915338915,1.1700918430420961,7.141801601721985,0.7720558389818475,nan,24.291070202378062,nan,0.51953125,0.361328125,2.4695691786950533
2,stale-friendly-spectral-sam-muon,stale-friendly-spectral-sam-muon,Stale Friendly Spectral SAM-Muon,,muon,stale_friendly,spectral,mnist,1.1,1.0,nominal,0.02,additive,1.0,nn_ce,2.2504740078131276,3,0,-1,500,501,1.6410305845349114,-0.6094434232782162,nan,nan,0.45329513871867555,7.130363323361215,1.1992760329784045,7.345093199950469,0.6209104699282231,nan,23.781408006964273,nan,0.517578125,0.388671875,2.353719735515664
2,stale-friendly-spectral-sam-muon,stale-friendly-spectral-sam-muon,Stale Friendly Spectral SAM-Muon,,muon,stale_friendly,spectral,mnist,1.1,1.0,nominal,0.02,additive,1.0,nn_ce,2.2504740078131276,4,0,-1,500,501,1.5766010271587756,-0.673872980654352,nan,nan,0.42273725054256867,7.185643358370912,1.1875535717989711,7.161559367112078,0.7095464138208878,nan,24.11722566546333,nan,0.5546875,0.37890625,2.469570363148849
2,stale-friendly-spectral-sam-muon,stale-friendly-spectral-sam-muon,Stale Friendly Spectral SAM-Muon,,muon,stale_friendly,spectral,mnist,1.1,1.0,nominal,0.02,additive,1.0,nn_ce,2.2504740078131276,5,0,-1,500,501,1.6342154112140772,-0.6162585965990504,nan,nan,0.44511296790784555,6.944056182978909,1.2004448056573775,7.3328210144798485,0.982387439356192,nan,23.628494336737667,nan,0.560546875,0.373046875,2.5953004388764076
2,stale-friendly-spectral-sam-muon,stale-friendly-spectral-sam-muon,Stale Friendly Spectral SAM-Muon,,muon,stale_friendly,spectral,mnist,1.1,1.0,nominal,0.02,additive,1.0,nn_ce,2.2504740078131276,6,0,-1,500,501,1.562195470482271,-0.6882785373308566,nan,nan,0.44301105855640016,7.159455493583336,1.1343374673293458,7.071045969739163,0.7613452488131667,nan,23.650399857758085,nan,0.57421875,0.384765625,2.4848317117234995
2,stale-friendly-spectral-sam-muon,stale-friendly-spectral-sam-muon,Stale Friendly Spectral SAM-Muon,,muon,stale_friendly,spectral,mnist,1.1,1.0,nominal,0.02,additive,1.0,nn_ce,2.2504740078131276,7,0,-1,500,501,1.7200339377855949,-0.5304400700275327,nan,nan,0.43952460167294194,7.0935528900343785,1.1989047570698486,7.163264017022801,0.8450353159050783,nan,24.22177775030669,nan,0.521484375,0.390625,2.5970213992995883
2,stale-friendly-spectral-sam-muon,stale-friendly-spectral-sam-muon,Stale Friendly Spectral SAM-Muon,,muon,stale_friendly,spectral,mnist,1.1,0.2,nominal,0.02,additive,1.0,nn_ce,2.2504740078131276,0,0,-1,500,501,1.6720916440685105,-0.578382363744617,nan,nan,0.4684449857819477,1.4430589244253067,0.24018571715673515,7.437564170887037,0.035715309712705645,nan,24.183395981576442,nan,0.529296875,0.357421875,2.630323255146548
2,stale-friendly-spectral-sam-muon,stale-friendly-spectral-sam-muon,Stale Friendly Spectral SAM-Muon,,muon,stale_friendly,spectral,mnist,1.1,0.2,nominal,0.02,additive,1.0,nn_ce,2.2504740078131276,1,0,-1,500,501,1.4392356726965663,-0.8112383351165613,nan,nan,0.40330275790586345,1.464143779873018,0.2378017329384411,7.165319331180904,0.019793121824616344,nan,24.267014523914714,nan,0.59375,0.390625,2.4752708888914166
2,stale-friendly-spectral-sam-muon,stale-friendly-spectral-sam-muon,Stale Friendly Spectral SAM-Muon,,muon,stale_friendly,spectral,mnist,1.1,0.2,nominal,0.02,additive,1.0,nn_ce,2.2504740078131276,2,0,-1,500,501,1.6450858841148266,-0.605388123698301,nan,nan,0.45884892633671437,1.4596312739196349,0.23981853812143047,7.15787062593196,0.044522263392003936,nan,24.545317997143865,nan,0.51953125,0.326171875,2.5681701694072028
2,stale-friendly-spectral-sam-muon,stale-friendly-spectral-sam-muon,Stale Friendly Spectral SAM-Muon,,muon,stale_friendly,spectral,mnist,1.1,0.2,nominal,0.02,additive,1.0,nn_ce,2.2504740078131276,3,0,-1,500,501,1.5834637340524964,-0.6670102737606312,nan,nan,0.4324474199040158,1.4257183725568119,0.23984459909166486,7.353486252957533,0.025357386092465406,nan,23.979924594904087,nan,0.533203125,0.361328125,2.4117872748836158
2,stale-friendly-spectral-sam-muon,stale-friendly-spectral-sam-muon,Stale Friendly Spectral SAM-Muon,,muon,stale_friendly,spectral,mnist,1.1,0.2,nominal,0.02,additive,1.0,nn_ce,2.2504740078131276,4,0,-1,500,501,1.548711343065693,-0.7017626647474347,nan,nan,0.4000634536451533,1.443165616009942,0.238652413681364,7.162054883239203,0.029768584830678346,nan,24.363658641826053,nan,0.544921875,0.37890625,2.5798430252161797
2,stale-friendly-spectral-sam-muon,stale-friendly-spectral-sam-muon,Stale Friendly Spectral SAM-Muon,,muon,stale_friendly,spectral,mnist,1.1,0.2,nominal,0.02,additive,1.0,nn_ce,2.2504740078131276,5,0,-1,500,501,1.550789766807768,-0.6996842410053596,nan,nan,0.42050960397507586,1.383925162117647,0.23996045892490364,7.3565138187174695,0.053420304021492226,nan,23.914273498416975,nan,0.56640625,0.34375,2.6624780492001143
2,stale-friendly-spectral-sam-muon,stale-friendly-spectral-sam-muon,Stale Friendly Spectral SAM-Muon,,muon,stale_friendly,spectral,mnist,1.1,0.2,nominal,0.02,additive,1.0,nn_ce,2.2504740078131276,6,0,-1,500,501,1.502210694111854,-0.7482633137012735,nan,nan,0.42017208052751714,1.4338886025145745,0.226871451661047,7.071736429366251,0.023695482566483905,nan,23.866037214709156,nan,0.576171875,0.361328125,2.545997166990184
2,stale-friendly-spectral-sam-muon,stale-friendly-spectral-sam-muon,Stale Friendly Spectral SAM-Muon,,muon,stale_friendly,spectral,mnist,1.1,0.2,nominal,0.02,additive,1.0,nn_ce,2.2504740078131276,7,0,-1,500,501,1.675402805105132,-0.5750712027079956,nan,nan,0.46094040160304584,1.4126165221545681,0.24046211574086998,7.174198157399193,0.030343269170038045,nan,24.431435612895026,nan,0.515625,0.376953125,2.672734313654662
2,stale-friendly-spectral-sam-muon,stale-friendly-spectral-sam-muon,Stale Friendly Spectral SAM-Muon,,muon,stale_friendly,spectral,mnist,1.1,0.5,nominal,0.02,additive,1.0,nn_ce,2.2504740078131276,0,0,-1,500,501,1.6557335349122377,-0.5947404729008898,nan,nan,0.46186799681954993,3.607351291596717,0.5979928255539235,7.408012635721058,0.18992444731762603,nan,24.1019028445682,nan,0.515625,0.3671875,2.585658876089491
2,stale-friendly-spectral-sam-muon,stale-friendly-spectral-sam-muon,Stale Friendly Spectral SAM-Muon,,muon,stale_friendly,spectral,mnist,1.1,0.5,nominal,0.02,additive,1.0,nn_ce,2.2504740078131276,1,0,-1,500,501,1.4365852728263104,-0.8138887349868171,nan,nan,0.3891628807744156,3.6645686149039194,0.6011762870859978,7.173541948425555,0.19194119157640976,nan,24.210089988798774,nan,0.583984375,0.3828125,2.4358087585390935
2,stale-friendly-spectral-sam-muon,stale-friendly-spectral-sam-muon,Stale Friendly Spectral SAM-Muon,,muon,stale_friendly,spectral,mnist,1.1,0.5,nominal,0.02,additive,1.0,nn_ce,2.2504740078131276,2,0,-1,500,501,1.6314409430273158,-0.6190330647858118,nan,nan,0.4494998769810104,3.6392439353767014,0.590708386096539,7.153949401962507,0.20726860544699943,nan,24.503694920363774,nan,0.525390625,0.337890625,2.5341676852724144
2,stale-friendly-spectral-sam-muon,stale-friendly-spectral-sam-muon,Stale Friendly Spectral SAM-Muon,,muon,stale_friendly,spectral,mnist,1.1,0.5,nominal,0.02,additive,1.0,nn_ce,2.2504740078131276,3,0,-1,500,501,1.5825305643847785,-0.6679434434283491,nan,nan,0.42180778098206584,3.567004725874662,0.5996488177304824,7.355938276364247,0.16659304246133733,nan,23.90773106442039,nan,0.5390625,0.36328125,2.3785757251047817
2,stale-friendly-spectral-sam-muon,stale-friendly-spectral-sam-muon,Stale Friendly Spectral SAM-Muon,,muon,stale_friendly,spectral,mnist,1.1,0.5,nominal,0.02,additive,1.0,nn_ce,2.2504740078131276,4,0,-1,500,501,1.5357047829945614,-0.7147692248185662,nan,nan,0.39330515834005586,3.591727742872374,0.5972134513851983,7.156179495978809,0.18477139408721266,nan,24.329003193485146,nan,0.55859375,0.373046875,2.532126691799995
2,stale-friendly-spectral-sam-muon,stale-friendly-spectral-sam-muon,Stale Friendly Spectral SAM-Muon,,muon,stale_friendly,spectral,mnist,1.1,0.5,nominal,0.02,additive,1.0,nn_ce,2.2504740078131276,5,0,-1,500,501,1.5548496096558744,-0.6956243981572532,nan,nan,0.4124241756231165,3.469429334265991,0.5996783507789772,7.349844702105973,0.30115168284547233,nan,23.866221939147305,nan,0.564453125,0.349609375,2.624390126849448
2,stale-friendly-spectral-sam-muon,stale-friendly-spectral-sam-muon,Stale Friendly Spectral SAM-Muon,,muon,stale_friendly,spectral,mnist,1.1,0.5,nominal,0.02,additive,1.0,nn_ce,2.2504740078131276,6,0,-1,500,501,1.504409242955059,-0.7460647648580685,nan,nan,0.4117987323852136,3.5715548961028265,0.5671689023798622,7.082655684560043,0.1785836376719967,nan,23.85032189682744,nan,0.56640625,0.373046875,2.513674534557336
2,stale-friendly-spectral-sam-muon,stale-friendly-spectral-sam-muon,Stale Friendly Spectral SAM-Muon,,muon,stale_friendly,spectral,mnist,1.1,0.5,nominal,0.02,additive,1.0,nn_ce,2.2504740078131276,7,0,-1,500,501,1.6760685900553471,-0.5744054177577804,nan,nan,0.4444095467308914,3.5338347622864643,0.5958693116917922,7.16347804863073,0.18094791740655447,nan,24.38889831014048,nan,0.517578125,0.38671875,2.637936499807368
2,stale-momentum-friendly-spectral-sam-muon,stale-momentum-friendly-spectral-sam-muon,Stale Momentum-Friendly Spectral SAM-Muon,,muon,stale_momentum_friendly,spectral,mnist,1.1,0.02,nominal,0.02,additive,1.0,nn_ce,2.2504740078131276,0,0,-1,500,501,1.6871969060808483,-0.5632771017322793,nan,nan,0.47549675615959136,0.14209663415800025,0.024044315246780294,7.448539758464602,0.0012097092635350304,nan,24.204992927474343,nan,0.5234375,0.349609375,2.656881706876713
2,stale-momentum-friendly-spectral-sam-muon,stale-momentum-friendly-spectral-sam-muon,Stale Momentum-Friendly Spectral SAM-Muon,,muon,stale_momentum_friendly,spectral,mnist,1.1,0.02,nominal,0.02,additive,1.0,nn_ce,2.2504740078131276,1,0,-1,500,501,1.4522051450706615,-0.7982688627424661,nan,nan,0.4152283934405281,0.1452843073470938,0.023645425336525625,7.162171481620447,-0.0018773977906934025,nan,24.293719553433114,nan,0.58984375,0.376953125,2.4919042537654073
2,stale-momentum-friendly-spectral-sam-muon,stale-momentum-friendly-spectral-sam-muon,Stale Momentum-Friendly Spectral SAM-Muon,,muon,stale_momentum_friendly,spectral,mnist,1.1,0.02,nominal,0.02,additive,1.0,nn_ce,2.2504740078131276,2,0,-1,500,501,1.6589806103191869,-0.5914933974939407,nan,nan,0.47326003088406915,0.14088461906469943,0.023361426616164173,7.1460517997456465,0.001569970665524112,nan,24.541379774548727,nan,0.51953125,0.33203125,2.5815674168578515
2,stale-momentum-friendly-spectral-sam-muon,stale-momentum-friendly-spectral-sam-muon,Stale Momentum-Friendly Spectral SAM-Muon,,muon,stale_momentum_friendly,spectral,mnist,1.1,0.02,nominal,0.02,additive,1.0,nn_ce,2.2504740078131276,3,0,-1,500,501,1.5920390107713103,-0.6584349970418173,nan,nan,0.44044676028565777,0.14164275921250374,0.024041997517956396,7.353527339237055,-4.0192206061773206e-05,nan,23.999067055575775,nan,0.529296875,0.361328125,2.4297710108713444
2,stale-momentum-friendly-spectral-sam-muon,stale-momentum-friendly-spectral-sam-muon,Stale Momentum-Friendly Spectral SAM-Muon,,muon,stale_momentum_friendly,spectral,mnist,1.1,0.02,nominal,0.02,additive,1.0,nn_ce,2.2504740078131276,4,0,-1,500,501,1.56259006813553,-0.6878839396775975,nan,nan,0.40563501713976435,0.143420408160209,0.024039213077349846,7.167488263747164,0.0007673522462914306,nan,24.370242797493482,nan,0.548828125,0.369140625,2.5902092102816106
2,stale-momentum-friendly-spectral-sam-muon,stale-momentum-friendly-spectral-sam-muon,Stale Momentum-Friendly Spectral SAM-Muon,,muon,stale_momentum_friendly,spectral,mnist,1.1,0.02,nominal,0.02,additive,1.0,nn_ce,2.2504740078131276,5,0,-1,500,501,1.5645647938568792,-0.6859092139562484,nan,nan,0.42701723537191266,0.14019060547538292,0.024046313071517424,7.36794713662452,0.0024481086582475164,nan,23.91524283122852,nan,0.560546875,0.33984375,2.678806247331017
2,stale-momentum-friendly-spectral-sam-muon,stale-momentum-friendly-spectral-sam-muon,Stale Momentum-Friendly Spectral SAM-Muon,,muon,stale_momentum_friendly,spectral,mnist,1.1,0.02,nominal,0.02,additive,1.0,nn_ce,2.2504740078131276,6,0,-1,500,501,1.512798356797472,-0.7376756510156555,nan,nan,0.4303507723259456,0.14306477410104618,0.023130333753078335,7.0681359819484495,-0.000893183912103579,nan,23.84678692627963,nan,0.56640625,0.359375,2.556547457213093
2,stale-momentum-friendly-spectral-sam-muon,stale-momentum-friendly-spectral-sam-muon,Stale Momentum-Friendly Spectral SAM-Muon,,muon,stale_momentum_friendly,spectral,mnist,1.1,0.02,nominal,0.02,additive,1.0,nn_ce,2.2504740078131276,7,0,-1,500,501,1.6855480027468879,-0.5649260050662397,nan,nan,0.47366897843787314,0.14121265282600476,0.022686257380080243,7.1670771296259055,0.00018035638869262627,nan,24.434861577856502,nan,0.509765625,0.365234375,2.682710288653027
2,stale-momentum-friendly-spectral-sam-muon,stale-momentum-friendly-spectral-sam-muon,Stale Momentum-Friendly Spectral SAM-Muon,,muon,stale_momentum_friendly,spectral,mnist,1.1,0.1,nominal,0.02,additive,1.0,nn_ce,2.2504740078131276,0,0,-1,500,501,1.6755679107683477,-0.5749060970447799,nan,nan,0.46707260016710644,0.7110095755808462,0.1202233836854676,7.453959573266313,0.012701176777220713,nan,24.20021446303114,nan,0.521484375,0.359375,2.643325158066806
2,stale-momentum-friendly-spectral-sam-muon,stale-momentum-friendly-spectral-sam-muon,Stale Momentum-Friendly Spectral SAM-Muon,,muon,stale_momentum_friendly,spectral,mnist,1.1,0.1,nominal,0.02,additive,1.0,nn_ce,2.2504740078131276,1,0,-1,500,501,1.4427839540325262,-0.8076900537806013,nan,nan,0.40789908239111344,0.7271695952840183,0.11815838273825532,7.163116250256033,-0.0015867659358421715,nan,24.286281070018152,nan,0.59375,0.380859375,2.4836033194140974
2,stale-momentum-friendly-spectral-sam-muon,stale-momentum-friendly-spectral-sam-muon,Stale Momentum-Friendly Spectral SAM-Muon,,muon,stale_momentum_friendly,spectral,mnist,1.1,0.1,nominal,0.02,additive,1.0,nn_ce,2.2504740078131276,2,0,-1,500,501,1.6503212855756129,-0.6001527222375147,nan,nan,0.45860128714301235,0.7052659821262662,0.11605447439037953,7.148283356401092,0.01476727120347121,nan,24.54724221717157,nan,0.517578125,0.328125,2.572832083888362
2,stale-momentum-friendly-spectral-sam-muon,stale-momentum-friendly-spectral-sam-muon,Stale Momentum-Friendly Spectral SAM-Muon,,muon,stale_momentum_friendly,spectral,mnist,1.1,0.1,nominal,0.02,additive,1.0,nn_ce,2.2504740078131276,3,0,-1,500,501,1.5856561703806873,-0.6648178374324403,nan,nan,0.4330987168892964,0.7079834250286225,0.12021970883023501,7.361271571070674,0.005846809320990687,nan,23.99741085667684,nan,0.53515625,0.361328125,2.420129773959813
2,stale-momentum-friendly-spectral-sam-muon,stale-momentum-friendly-spectral-sam-muon,Stale Momentum-Friendly Spectral SAM-Muon,,muon,stale_momentum_friendly,spectral,mnist,1.1,0.1,nominal,0.02,additive,1.0,nn_ce,2.2504740078131276,4,0,-1,500,501,1.5584983733969358,-0.6919756344161918,nan,nan,0.4022215520012415,0.7139963591310577,0.12023685679826215,7.164688213158687,0.0116124564765554,nan,24.365276816612074,nan,0.541015625,0.3828125,2.5834255648711313
2,stale-momentum-friendly-spectral-sam-muon,stale-momentum-friendly-spectral-sam-muon,Stale Momentum-Friendly Spectral SAM-Muon,,muon,stale_momentum_friendly,spectral,mnist,1.1,0.1,nominal,0.02,additive,1.0,nn_ce,2.2504740078131276,5,0,-1,500,501,1.552876998420138,-0.6975970093929895,nan,nan,0.4253629459045202,0.7003112397471467,0.12022987734424477,7.360735850648208,0.01940268666183531,nan,23.91147103151173,nan,0.56640625,0.34765625,2.6687733857543465
2,stale-momentum-friendly-spectral-sam-muon,stale-momentum-friendly-spectral-sam-muon,Stale Momentum-Friendly Spectral SAM-Muon,,muon,stale_momentum_friendly,spectral,mnist,1.1,0.1,nominal,0.02,additive,1.0,nn_ce,2.2504740078131276,6,0,-1,500,501,1.5028695541063424,-0.7476044537067852,nan,nan,0.42270243562894466,0.7146755769504619,0.11635380644713533,7.070058334419994,0.003212633377648988,nan,23.856975036278737,nan,0.5703125,0.359375,2.549306927431009
2,stale-momentum-friendly-spectral-sam-muon,stale-momentum-friendly-spectral-sam-muon,Stale Momentum-Friendly Spectral SAM-Muon,,muon,stale_momentum_friendly,spectral,mnist,1.1,0.1,nominal,0.02,additive,1.0,nn_ce,2.2504740078131276,7,0,-1,500,501,1.676691124807825,-0.5737828830053027,nan,nan,0.46541139533410947,0.7048301021001974,0.11343285520731172,7.17059672863282,0.006268569940793389,nan,24.442626780811565,nan,0.5078125,0.369140625,2.674502052839622
2,stale-momentum-friendly-spectral-sam-muon,stale-momentum-friendly-spectral-sam-muon,Stale Momentum-Friendly Spectral SAM-Muon,,muon,stale_momentum_friendly,spectral,mnist,1.1,0.01,nominal,0.02,additive,1.0,nn_ce,2.2504740078131276,0,0,-1,500,501,1.688511977674084,-0.5619620301390436,nan,nan,0.47667839565935555,0.07104805912862487,0.012022108374118214,7.453641254913895,0.0004632502142647432,nan,24.20705799132309,nan,0.517578125,0.349609375,2.656981984591056
2,stale-momentum-friendly-spectral-sam-muon,stale-momentum-friendly-spectral-sam-muon,Stale Momentum-Friendly Spectral SAM-Muon,,muon,stale_momentum_friendly,spectral,mnist,1.1,0.01,nominal,0.02,additive,1.0,nn_ce,2.2504740078131276,1,0,-1,500,501,1.4540370386220651,-0.7964369691910624,nan,nan,0.4161326401245355,0.07262910926970773,0.011819069182214264,7.162627861267798,-0.001050645049833987,nan,24.29800504571354,nan,0.58984375,0.380859375,2.4929492975681926
2,stale-momentum-friendly-spectral-sam-muon,stale-momentum-friendly-spectral-sam-muon,Stale Momentum-Friendly Spectral SAM-Muon,,muon,stale_momentum_friendly,spectral,mnist,1.1,0.01,nominal,0.02,additive,1.0,nn_ce,2.2504740078131276,2,0,-1,500,501,1.66132286035417,-0.5891511474589575,nan,nan,0.47464897292731206,0.0704488546183123,0.011692099126045635,7.1420356202681425,0.000713865274903247,nan,24.544518955810023,nan,0.515625,0.330078125,2.5814525108652506
2,stale-momentum-friendly-spectral-sam-muon,stale-momentum-friendly-spectral-sam-muon,Stale Momentum-Friendly Spectral SAM-Muon,,muon,stale_momentum_friendly,spectral,mnist,1.1,0.01,nominal,0.02,additive,1.0,nn_ce,2.2504740078131276,3,0,-1,500,501,1.5935949414226156,-0.656879066390512,nan,nan,0.4407613254127572,0.07082415997709968,0.012020995792224279,7.35232721948646,-0.00015399483243339063,nan,24.00309835069199,nan,0.525390625,0.361328125,2.4307899405618674
2,stale-momentum-friendly-spectral-sam-muon,stale-momentum-friendly-spectral-sam-muon,Stale Momentum-Friendly Spectral SAM-Muon,,muon,stale_momentum_friendly,spectral,mnist,1.1,0.01,nominal,0.02,additive,1.0,nn_ce,2.2504740078131276,4,0,-1,500,501,1.5610689718823882,-0.6894050359307393,nan,nan,0.40567878170295735,0.07169400201744586,0.012012749027520407,7.168835768385555,0.0002907943920449352,nan,24.37083200202675,nan,0.546875,0.369140625,2.5878822827805434
2,stale-momentum-friendly-spectral-sam-muon,stale-momentum-friendly-spectral-sam-muon,Stale Momentum-Friendly Spectral SAM-Muon,,muon,stale_momentum_friendly,spectral,mnist,1.1,0.01,nominal,0.02,additive,1.0,nn_ce,2.2504740078131276,5,0,-1,500,501,1.5657436729527532,-0.6847303348603744,nan,nan,0.42745221011816903,0.07008608369926028,0.01202311028032792,7.3689421501921855,0.001089854039521887,nan,23.91896197320819,nan,0.552734375,0.33984375,2.6804030317150134
2,stale-momentum-friendly-spectral-sam-muon,stale-momentum-friendly-spectral-sam-muon,Stale Momentum-Friendly Spectral SAM-Muon,,muon,stale_momentum_friendly,spectral,mnist,1.1,0.01,nominal,0.02,additive,1.0,nn_ce,2.2504740078131276,6,0,-1,500,501,1.5141045805514146,-0.736369427261713,nan,nan,0.4315092978093478,0.07154159173288571,0.011575701369016885,7.068899526024434,-0.0005846436970531332,nan,23.843979116130487,nan,0.56640625,0.3671875,2.557158780749664
2,stale-momentum-friendly-spectral-sam-muon,stale-momentum-friendly-spectral-sam-muon,Stale Momentum-Friendly Spectral SAM-Muon,,muon,stale_momentum_friendly,spectral,mnist,1.1,0.01,nominal,0.02,additive,1.0,nn_ce,2.2504740078131276,7,0,-1,500,501,1.687028021129406,-0.5634459866837216,nan,nan,0.47651950100192925,0.07060984758563213,0.011343446655854078,7.168666681380573,-1.1630709992438426e-05,nan,24.432842161185373,nan,0.5078125,0.3671875,2.684463013060238
2,stale-momentum-friendly-spectral-sam-muon,stale-momentum-friendly-spectral-sam-muon,Stale Momentum-Friendly Spectral SAM-Muon,,muon,stale_momentum_friendly,spectral,mnist,1.1,0.05,nominal,0.02,additive,1.0,nn_ce,2.2504740078131276,0,0,-1,500,501,1.6829996065502126,-0.5674744012629149,nan,nan,0.4725605831166128,0.3552297342252424,0.06011156526196641,7.453344094112822,0.004226240815174087,nan,24.20058883731276,nan,0.521484375,0.3515625,2.651016184595476
2,stale-momentum-friendly-spectral-sam-muon,stale-momentum-friendly-spectral-sam-muon,Stale Momentum-Friendly Spectral SAM-Muon,,muon,stale_momentum_friendly,spectral,mnist,1.1,0.05,nominal,0.02,additive,1.0,nn_ce,2.2504740078131276,1,0,-1,500,501,1.4471448665891962,-0.8033291412239314,nan,nan,0.4110602965001433,0.36328594386154683,0.05910576622556162,7.162539455685069,-0.002951539190240826,nan,24.291106838873848,nan,0.58984375,0.37890625,2.4879523440247358
2,stale-momentum-friendly-spectral-sam-muon,stale-momentum-friendly-spectral-sam-muon,Stale Momentum-Friendly Spectral SAM-Muon,,muon,stale_momentum_friendly,spectral,mnist,1.1,0.05,nominal,0.02,additive,1.0,nn_ce,2.2504740078131276,2,0,-1,500,501,1.6556585781128228,-0.5948154297003048,nan,nan,0.4687587913919308,0.3522030704803071,0.05834396383774579,7.145631847656339,0.0049669768538622705,nan,24.541545012283837,nan,0.51953125,0.33203125,2.578652016818435
2,stale-momentum-friendly-spectral-sam-muon,stale-momentum-friendly-spectral-sam-muon,Stale Momentum-Friendly Spectral SAM-Muon,,muon,stale_momentum_friendly,spectral,mnist,1.1,0.05,nominal,0.02,additive,1.0,nn_ce,2.2504740078131276,3,0,-1,500,501,1.5893150069168285,-0.6611590008962991,nan,nan,0.4367244369874257,0.3540860322947509,0.060108723500771434,7.357271799367447,0.0012418533380609276,nan,23.99531838955919,nan,0.525390625,0.36328125,2.4259214600514616
2,stale-momentum-friendly-spectral-sam-muon,stale-momentum-friendly-spectral-sam-muon,Stale Momentum-Friendly Spectral SAM-Muon,,muon,stale_momentum_friendly,spectral,mnist,1.1,0.05,nominal,0.02,additive,1.0,nn_ce,2.2504740078131276,4,0,-1,500,501,1.5621141866992323,-0.6883598211138953,nan,nan,0.4030070054294615,0.35764642722092543,0.06011012994409204,7.166705844286822,0.003468237092157933,nan,24.370723905463155,nan,0.544921875,0.375,2.5899885055314478
2,stale-momentum-friendly-spectral-sam-muon,stale-momentum-friendly-spectral-sam-muon,Stale Momentum-Friendly Spectral SAM-Muon,,muon,stale_momentum_friendly,spectral,mnist,1.1,0.05,nominal,0.02,additive,1.0,nn_ce,2.2504740078131276,5,0,-1,500,501,1.5599998659439338,-0.6904741418691938,nan,nan,0.42669770955896114,0.35053142396259057,0.06011490887637078,7.3646381549014475,0.007665240179418387,nan,23.915902629347336,nan,0.5546875,0.341796875,2.674841644351603
2,stale-momentum-friendly-spectral-sam-muon,stale-momentum-friendly-spectral-sam-muon,Stale Momentum-Friendly Spectral SAM-Muon,,muon,stale_momentum_friendly,spectral,mnist,1.1,0.05,nominal,0.02,additive,1.0,nn_ce,2.2504740078131276,6,0,-1,500,501,1.5083646589884874,-0.7421093488246402,nan,nan,0.42722318390879055,0.3575532579637255,0.05783625451164715,7.071460193745395,-0.0008358714436957904,nan,23.849586709153098,nan,0.572265625,0.359375,2.551464732994412
2,stale-momentum-friendly-spectral-sam-muon,stale-momentum-friendly-spectral-sam-muon,Stale Momentum-Friendly Spectral SAM-Muon,,muon,stale_momentum_friendly,spectral,mnist,1.1,0.05,nominal,0.02,additive,1.0,nn_ce,2.2504740078131276,7,0,-1,500,501,1.6814302073109495,-0.5690438005021781,nan,nan,0.4705006948993575,0.3529401099933606,0.056714532164875174,7.167353912152067,0.0014577985950692263,nan,24.440730092000454,nan,0.5078125,0.37109375,2.6775040940476216
2,stale-momentum-friendly-spectral-sam-muon,stale-momentum-friendly-spectral-sam-muon,Stale Momentum-Friendly Spectral SAM-Muon,,muon,stale_momentum_friendly,spectral,mnist,1.1,0.2,nominal,0.02,additive,1.0,nn_ce,2.2504740078131276,0,0,-1,500,501,1.6639989660599646,-0.586475041753163,nan,nan,0.45924065805575975,1.42460474894994,0.24043577250690784,7.4543478374887275,0.041577266051872064,nan,24.19162464134352,nan,0.53125,0.357421875,2.6238400609677344
2,stale-momentum-friendly-spectral-sam-muon,stale-momentum-friendly-spectral-sam-muon,Stale Momentum-Friendly Spectral SAM-Muon,,muon,stale_momentum_friendly,spectral,mnist,1.1,0.2,nominal,0.02,additive,1.0,nn_ce,2.2504740078131276,1,0,-1,500,501,1.4348722578238733,-0.8156017499892543,nan,nan,0.39815454272182293,1.4572691895105883,0.23696224728514975,7.159188673756434,0.020469846029826044,nan,24.261439060850705,nan,0.59375,0.388671875,2.4685429134348023
2,stale-momentum-friendly-spectral-sam-muon,stale-momentum-friendly-spectral-sam-muon,Stale Momentum-Friendly Spectral SAM-Muon,,muon,stale_momentum_friendly,spectral,mnist,1.1,0.2,nominal,0.02,additive,1.0,nn_ce,2.2504740078131276,2,0,-1,500,501,1.63670872876485,-0.6137652790482775,nan,nan,0.4464860350803077,1.4130619434309881,0.22922710382217243,7.158112017888519,0.043816252403690026,nan,24.55121510087824,nan,0.525390625,0.326171875,2.556504242208008
2,stale-momentum-friendly-spectral-sam-muon,stale-momentum-friendly-spectral-sam-muon,Stale Momentum-Friendly Spectral SAM-Muon,,muon,stale_momentum_friendly,spectral,mnist,1.1,0.2,nominal,0.02,additive,1.0,nn_ce,2.2504740078131276,3,0,-1,500,501,1.5758156623337438,-0.6746583454793837,nan,nan,0.4263509626813008,1.4157952580419435,0.24042621804169986,7.367033049004736,0.0271071337407085,nan,23.985298341732918,nan,0.53515625,0.357421875,2.4070231226073386
2,stale-momentum-friendly-spectral-sam-muon,stale-momentum-friendly-spectral-sam-muon,Stale Momentum-Friendly Spectral SAM-Muon,,muon,stale_momentum_friendly,spectral,mnist,1.1,0.2,nominal,0.02,additive,1.0,nn_ce,2.2504740078131276,4,0,-1,500,501,1.5455991309553512,-0.7048748768577764,nan,nan,0.39896032674093895,1.4258415683128771,0.24045035539325635,7.160787157274148,0.03531506976498666,nan,24.361117549122003,nan,0.54296875,0.380859375,2.5805239977890153
2,stale-momentum-friendly-spectral-sam-muon,stale-momentum-friendly-spectral-sam-muon,Stale Momentum-Friendly Spectral SAM-Muon,,muon,stale_momentum_friendly,spectral,mnist,1.1,0.2,nominal,0.02,additive,1.0,nn_ce,2.2504740078131276,5,0,-1,500,501,1.546752723904307,-0.7037212839088205,nan,nan,0.4184786191816019,1.3994744666375452,0.24045451695036926,7.357583893534341,0.05621936882940126,nan,23.907749206701336,nan,0.56640625,0.34375,2.651570521331765
2,stale-momentum-friendly-spectral-sam-muon,stale-momentum-friendly-spectral-sam-muon,Stale Momentum-Friendly Spectral SAM-Muon,,muon,stale_momentum_friendly,spectral,mnist,1.1,0.2,nominal,0.02,additive,1.0,nn_ce,2.2504740078131276,6,0,-1,500,501,1.495368346847751,-0.7551056609653766,nan,nan,0.41646208514743516,1.4317989008647987,0.23507575355488441,7.07163301673249,0.025425399235752932,nan,23.85659761378154,nan,0.57421875,0.3671875,2.53794156651844
2,stale-momentum-friendly-spectral-sam-muon,stale-momentum-friendly-spectral-sam-muon,Stale Momentum-Friendly Spectral SAM-Muon,,muon,stale_momentum_friendly,spectral,mnist,1.1,0.2,nominal,0.02,additive,1.0,nn_ce,2.2504740078131276,7,0,-1,500,501,1.66809358180412,-0.5823804260090075,nan,nan,0.4545047835915961,1.4079656173466744,0.2268224804650739,7.180455372213095,0.02942852415999786,nan,24.43713895869398,nan,0.513671875,0.376953125,2.663568926424313
2,muon,muon,Muon,,muon,,,both,1.3,nan,nominal,0.02,additive,1.0,nn_ce,2.2504740078131276,0,0,-1,500,500,0.9516251076625518,-1.2988489001505759,nan,nan,0.27390851788511067,0.0,0.0,7.403479731365697,0.0,nan,24.1625775588262,nan,0.71484375,0.4296875,2.204907557618113
2,muon,muon,Muon,,muon,,,both,1.3,nan,nominal,0.02,additive,1.0,nn_ce,2.2504740078131276,1,0,-1,500,500,0.9573280669430049,-1.2931459408701227,nan,nan,0.26161556199063696,0.0,0.0,7.06642552723632,0.0,nan,23.648991137706577,nan,0.71875,0.40625,2.3570378385226336
2,muon,muon,Muon,,muon,,,both,1.3,nan,nominal,0.02,additive,1.0,nn_ce,2.2504740078131276,2,0,-1,500,500,0.9674652531215366,-1.283008754691591,nan,nan,0.2579875594921463,0.0,0.0,7.385391758503865,0.0,nan,24.18137485068148,nan,0.732421875,0.423828125,2.2128372499455002
2,muon,muon,Muon,,muon,,,both,1.3,nan,nominal,0.02,additive,1.0,nn_ce,2.2504740078131276,3,0,-1,500,500,0.9425041122001699,-1.3079698956129575,nan,nan,0.27886498808834737,0.0,0.0,7.226737360226821,0.0,nan,23.903088674165975,nan,0.732421875,0.392578125,2.3312266289000134
2,muon,muon,Muon,,muon,,,both,1.3,nan,nominal,0.02,additive,1.0,nn_ce,2.2504740078131276,4,0,-1,500,500,0.9031183740256172,-1.3473556337875103,nan,nan,0.2674384297375569,0.0,0.0,7.507321911971966,0.0,nan,24.134009678971452,nan,0.73828125,0.392578125,2.272117220435013
2,muon,muon,Muon,,muon,,,both,1.3,nan,nominal,0.02,additive,1.0,nn_ce,2.2504740078131276,5,0,-1,500,500,1.0067789795320659,-1.2436950282810617,nan,nan,0.2750439081399142,0.0,0.0,7.402204574984049,0.0,nan,23.985744568418568,nan,0.6953125,0.404296875,2.2468762188143914
2,muon,muon,Muon,,muon,,,both,1.3,nan,nominal,0.02,additive,1.0,nn_ce,2.2504740078131276,6,0,-1,500,500,0.9550492577072536,-1.295424750105874,nan,nan,0.27063337615827604,0.0,0.0,7.162290908559778,0.0,nan,23.282305870792356,nan,0.708984375,0.40625,2.20805651118819
2,muon,muon,Muon,,muon,,,both,1.3,nan,nominal,0.02,additive,1.0,nn_ce,2.2504740078131276,7,0,-1,500,500,0.9812290139441452,-1.2692449938689823,nan,nan,0.28691262511303894,0.0,0.0,7.1634966626098535,0.0,nan,23.75158073439232,nan,0.71484375,0.41796875,2.4052248252500847
2,stale-momentum-friendly-spectral-sam-muon,stale-momentum-friendly-spectral-sam-muon,Stale Momentum-Friendly Spectral SAM-Muon,,muon,stale_momentum_friendly,spectral,mnist,1.1,0.5,nominal,0.02,additive,1.0,nn_ce,2.2504740078131276,0,0,-1,500,501,1.6361274627615594,-0.6143465450515682,nan,nan,0.44541890108303983,3.585401964841091,0.6008841568669818,7.4285076225770075,0.2112894153830498,nan,24.1143886398733,nan,0.5234375,0.37109375,2.5709823654753454
2,stale-momentum-friendly-spectral-sam-muon,stale-momentum-friendly-spectral-sam-muon,Stale Momentum-Friendly Spectral SAM-Muon,,muon,stale_momentum_friendly,spectral,mnist,1.1,0.5,nominal,0.02,additive,1.0,nn_ce,2.2504740078131276,1,0,-1,500,501,1.4301560513707026,-0.820317956442425,nan,nan,0.38291697604004876,3.6508271283644866,0.5943499973417418,7.163801109360073,0.17629661171197575,nan,24.20289817511257,nan,0.591796875,0.388671875,2.422227127979407
2,stale-momentum-friendly-spectral-sam-muon,stale-momentum-friendly-spectral-sam-muon,Stale Momentum-Friendly Spectral SAM-Muon,,muon,stale_momentum_friendly,spectral,mnist,1.1,0.5,nominal,0.02,additive,1.0,nn_ce,2.2504740078131276,2,0,-1,500,501,1.619182805097973,-0.6312912027151545,nan,nan,0.4336890221471456,3.5569396833393143,0.5702288998334937,7.142957338109878,0.215861584741474,nan,24.499651479143623,nan,0.53125,0.3515625,2.515028332582833
2,stale-momentum-friendly-spectral-sam-muon,stale-momentum-friendly-spectral-sam-muon,Stale Momentum-Friendly Spectral SAM-Muon,,muon,stale_momentum_friendly,spectral,mnist,1.1,0.5,nominal,0.02,additive,1.0,nn_ce,2.2504740078131276,3,0,-1,500,501,1.565330531911925,-0.6851434759012025,nan,nan,0.40965976532529375,3.5500411381722006,0.6009321701816245,7.390288977578772,0.17078042606458177,nan,23.921492722874444,nan,0.541015625,0.373046875,2.3577450325009783
2,stale-momentum-friendly-spectral-sam-muon,stale-momentum-friendly-spectral-sam-muon,Stale Momentum-Friendly Spectral SAM-Muon,,muon,stale_momentum_friendly,spectral,mnist,1.1,0.5,nominal,0.02,additive,1.0,nn_ce,2.2504740078131276,4,0,-1,500,501,1.5324745574356164,-0.7179994503775111,nan,nan,0.3927996318762623,3.545506016707037,0.6011361079019591,7.154578427367767,0.1713712276577577,nan,24.32932559098428,nan,0.552734375,0.375,2.5322366851266205
2,stale-momentum-friendly-spectral-sam-muon,stale-momentum-friendly-spectral-sam-muon,Stale Momentum-Friendly Spectral SAM-Muon,,muon,stale_momentum_friendly,spectral,mnist,1.1,0.5,nominal,0.02,additive,1.0,nn_ce,2.2504740078131276,5,0,-1,500,501,1.5465964627528876,-0.7038775450602399,nan,nan,0.4120781628711354,3.4910100362111987,0.6009908751995422,7.337039819541887,0.2845494307236518,nan,23.855940008095843,nan,0.564453125,0.357421875,2.6108362911076664
2,stale-momentum-friendly-spectral-sam-muon,stale-momentum-friendly-spectral-sam-muon,Stale Momentum-Friendly Spectral SAM-Muon,,muon,stale_momentum_friendly,spectral,mnist,1.1,0.5,nominal,0.02,additive,1.0,nn_ce,2.2504740078131276,6,0,-1,500,501,1.488720494221233,-0.7617535135918945,nan,nan,0.4022741161321095,3.593078811225592,0.5977039853700783,7.07139283381554,0.1953965327322713,nan,23.83958328878086,nan,0.56640625,0.380859375,2.497644097276114
2,stale-momentum-friendly-spectral-sam-muon,stale-momentum-friendly-spectral-sam-muon,Stale Momentum-Friendly Spectral SAM-Muon,,muon,stale_momentum_friendly,spectral,mnist,1.1,0.5,nominal,0.02,additive,1.0,nn_ce,2.2504740078131276,7,0,-1,500,501,1.661905232804719,-0.5885687750084085,nan,nan,0.4334271585847903,3.535001517837665,0.5770411900810293,7.16731337787076,0.19766657430827395,nan,24.369894379812997,nan,0.52734375,0.38671875,2.617135754783134
2,random-spectral-sam-muon,random-spectral-sam-muon,Random Spectral SAM-Muon,,muon,random,spectral,mnist,1.3,0.02,nominal,0.02,additive,1.0,nn_ce,2.2504740078131276,0,0,-1,500,500,0.9502787923300663,-1.3001952154830612,nan,nan,0.2753196719553707,0.13584107199512502,0.02265752267465368,7.407964814672687,-0.00024883227699856736,nan,24.161725495581916,nan,0.71484375,0.4296875,2.2061263309687567
2,random-spectral-sam-muon,random-spectral-sam-muon,Random Spectral SAM-Muon,,muon,random,spectral,mnist,1.3,0.02,nominal,0.02,additive,1.0,nn_ce,2.2504740078131276,1,0,-1,500,500,0.9577752412299614,-1.2926987665831662,nan,nan,0.26301314201727616,0.137321552592339,0.022595153661929462,7.056547395834278,5.7155265260400157e-05,nan,23.64096065603659,nan,0.71484375,0.40234375,2.355009557003505
2,random-spectral-sam-muon,random-spectral-sam-muon,Random Spectral SAM-Muon,,muon,random,spectral,mnist,1.3,0.02,nominal,0.02,additive,1.0,nn_ce,2.2504740078131276,2,0,-1,500,500,0.9690623167078071,-1.2814116911053204,nan,nan,0.2573720490970274,0.13640028206847318,0.022413286166242247,7.397488140961313,8.674881904213727e-05,nan,24.186257785305074,nan,0.73046875,0.416015625,2.212663005405413
2,random-spectral-sam-muon,random-spectral-sam-muon,Random Spectral SAM-Muon,,muon,random,spectral,mnist,1.3,0.02,nominal,0.02,additive,1.0,nn_ce,2.2504740078131276,3,0,-1,500,500,0.941701802752934,-1.3087722050601935,nan,nan,0.28063018081613555,0.1353244373915863,0.022676019162065363,7.222147654175579,-5.3027507775471605e-05,nan,23.905382373966358,nan,0.740234375,0.392578125,2.328111601299899
2,random-spectral-sam-muon,random-spectral-sam-muon,Random Spectral SAM-Muon,,muon,random,spectral,mnist,1.3,0.02,nominal,0.02,additive,1.0,nn_ce,2.2504740078131276,4,0,-1,500,500,0.9041930549804301,-1.3462809528326973,nan,nan,0.26715544374846334,0.13563283903928186,0.022530558208288216,7.4944169755319106,0.001256536574325784,nan,24.14092253951908,nan,0.734375,0.388671875,2.2730825588963017
2,random-spectral-sam-muon,random-spectral-sam-muon,Random Spectral SAM-Muon,,muon,random,spectral,mnist,1.3,0.02,nominal,0.02,additive,1.0,nn_ce,2.2504740078131276,5,0,-1,500,500,1.0067653560783638,-1.2437086517347637,nan,nan,0.27524450502778974,0.13630613575786066,0.022680515328161975,7.389898220183062,0.0005136634467501899,nan,23.980912293042213,nan,0.68359375,0.40625,2.243759835126228
2,random-spectral-sam-muon,random-spectral-sam-muon,Random Spectral SAM-Muon,,muon,random,spectral,mnist,1.3,0.02,nominal,0.02,additive,1.0,nn_ce,2.2504740078131276,6,0,-1,500,500,0.9561289757446862,-1.2943450320684413,nan,nan,0.269381759905977,0.13849853236358237,0.02268630966788661,7.1756870464472575,-0.00033799479924356834,nan,23.280637928690606,nan,0.712890625,0.40625,2.209969225625289
2,random-spectral-sam-muon,random-spectral-sam-muon,Random Spectral SAM-Muon,,muon,random,spectral,mnist,1.3,0.02,nominal,0.02,additive,1.0,nn_ce,2.2504740078131276,7,0,-1,500,500,0.981608329233101,-1.2688656785800265,nan,nan,0.2880360438825194,0.1358359179909971,0.02264045320221957,7.1683680871107915,0.0007581825697366984,nan,23.747393901248287,nan,0.71484375,0.416015625,2.402919652140824
2,stale-momentum-friendly-spectral-sam-muon,stale-momentum-friendly-spectral-sam-muon,Stale Momentum-Friendly Spectral SAM-Muon,,muon,stale_momentum_friendly,spectral,mnist,1.1,1.0,nominal,0.02,additive,1.0,nn_ce,2.2504740078131276,0,0,-1,500,501,1.664871859085079,-0.5856021487280485,nan,nan,0.4723225249596863,7.107103219576874,1.1979304739930057,7.466492108572339,1.002681430250223,nan,23.86311451369031,nan,0.53515625,0.375,2.4926714792811406
2,stale-momentum-friendly-spectral-sam-muon,stale-momentum-friendly-spectral-sam-muon,Stale Momentum-Friendly Spectral SAM-Muon,,muon,stale_momentum_friendly,spectral,mnist,1.1,1.0,nominal,0.02,additive,1.0,nn_ce,2.2504740078131276,1,0,-1,500,501,1.4859670875760433,-0.7645069202370842,nan,nan,0.4108681775534169,7.28055114980135,1.1567404027142238,7.171624355497684,0.7233669627844648,nan,23.970912432942523,nan,0.587890625,0.388671875,2.384637010005971
2,stale-momentum-friendly-spectral-sam-muon,stale-momentum-friendly-spectral-sam-muon,Stale Momentum-Friendly Spectral SAM-Muon,,muon,stale_momentum_friendly,spectral,mnist,1.1,1.0,nominal,0.02,additive,1.0,nn_ce,2.2504740078131276,2,0,-1,500,501,1.6584606210624824,-0.5920133867506452,nan,nan,0.4567104229349803,7.1193456287170545,1.1936695018369332,7.076035369985218,0.8552763853650118,nan,24.250164780990772,nan,0.517578125,0.36328125,2.429934679525564
2,stale-momentum-friendly-spectral-sam-muon,stale-momentum-friendly-spectral-sam-muon,Stale Momentum-Friendly Spectral SAM-Muon,,muon,stale_momentum_friendly,spectral,mnist,1.1,1.0,nominal,0.02,additive,1.0,nn_ce,2.2504740078131276,3,0,-1,500,501,1.61828260011335,-0.6321914076997777,nan,nan,0.4289705263041495,7.126451977126916,1.1967487753378179,7.329581743626244,0.8599947661340908,nan,23.797982350525135,nan,0.5234375,0.392578125,2.3284753920697465
2,stale-momentum-friendly-spectral-sam-muon,stale-momentum-friendly-spectral-sam-muon,Stale Momentum-Friendly Spectral SAM-Muon,,muon,stale_momentum_friendly,spectral,mnist,1.1,1.0,nominal,0.02,additive,1.0,nn_ce,2.2504740078131276,4,0,-1,500,501,1.5751315982808152,-0.6753424095323124,nan,nan,0.4111606801377756,7.061022395308033,1.1982326698648385,7.173018082104452,0.647963206875213,nan,24.080751028998463,nan,0.5546875,0.373046875,2.4595692173961643
2,stale-momentum-friendly-spectral-sam-muon,stale-momentum-friendly-spectral-sam-muon,Stale Momentum-Friendly Spectral SAM-Muon,,muon,stale_momentum_friendly,spectral,mnist,1.1,1.0,nominal,0.02,additive,1.0,nn_ce,2.2504740078131276,5,0,-1,500,501,1.621387618791207,-0.6290863890219205,nan,nan,0.4392153511600632,7.001611676689795,1.2001430238986202,7.321803056971042,0.9078403206648586,nan,23.58950464210683,nan,0.546875,0.373046875,2.552352533530481
2,stale-momentum-friendly-spectral-sam-muon,stale-momentum-friendly-spectral-sam-muon,Stale Momentum-Friendly Spectral SAM-Muon,,muon,stale_momentum_friendly,spectral,mnist,1.1,1.0,nominal,0.02,additive,1.0,nn_ce,2.2504740078131276,6,0,-1,500,501,1.5443599439808888,-0.7061140638322387,nan,nan,0.41619895880096924,7.216461126262218,1.164456443562029,7.044540131001967,0.7896928528103135,nan,23.57893598174233,nan,0.576171875,0.39453125,2.445551023036303
2,stale-momentum-friendly-spectral-sam-muon,stale-momentum-friendly-spectral-sam-muon,Stale Momentum-Friendly Spectral SAM-Muon,,muon,stale_momentum_friendly,spectral,mnist,1.1,1.0,nominal,0.02,additive,1.0,nn_ce,2.2504740078131276,7,0,-1,500,501,1.703659911041021,-0.5468140967721065,nan,nan,0.4374815382297469,7.099469163506456,1.1343326348587044,7.128017005329556,0.9223220257696423,nan,24.20781197632682,nan,0.513671875,0.390625,2.588478184783993
2,sgd,sgd,SGD,,sgd,,,both,1.3,nan,nominal,1.0,additive,1.0,nn_ce,2.2504740078131276,0,0,-1,500,500,0.3725846838991863,-1.8778893239139411,nan,nan,0.518443711728153,0.0,0.0,11.054743646875632,0.0,nan,22.69711892292982,nan,0.986328125,0.369140625,394.823308616339
2,sgd,sgd,SGD,,sgd,,,both,1.3,nan,nominal,1.0,additive,1.0,nn_ce,2.2504740078131276,1,0,-1,500,500,0.19316388586494243,-2.057310121948185,nan,nan,0.41664650606913106,0.0,0.0,50.63501764842158,0.0,nan,20.985071176499105,nan,0.994140625,0.400390625,288.0994790674558
2,sgd,sgd,SGD,,sgd,,,both,1.3,nan,nominal,1.0,additive,1.0,nn_ce,2.2504740078131276,2,0,-1,500,500,0.24877715600860117,-2.0016968518045264,nan,nan,0.18354924143599946,0.0,0.0,8.173592575533036,0.0,nan,22.16601168617236,nan,0.99609375,0.359375,402.7391195457367
2,sgd,sgd,SGD,,sgd,,,both,1.3,nan,nominal,1.0,additive,1.0,nn_ce,2.2504740078131276,3,0,-1,500,500,1.2537154249180185,-0.9967585828951091,nan,nan,1.0300332894358526,0.0,0.0,6.846016333826614,0.0,nan,22.020807007642023,nan,0.98046875,0.361328125,309.9976832615762
2,sgd,sgd,SGD,,sgd,,,both,1.3,nan,nominal,1.0,additive,1.0,nn_ce,2.2504740078131276,4,0,-1,500,500,0.06868303992447507,-2.1817909678886527,nan,nan,0.1286170207251899,0.0,0.0,8.076427730791519,0.0,nan,21.733591474901672,nan,0.99609375,0.400390625,305.9775850084527
2,sgd,sgd,SGD,,sgd,,,both,1.3,nan,nominal,1.0,additive,1.0,nn_ce,2.2504740078131276,5,0,-1,500,500,3.8503289784958996,1.599854970682772,nan,nan,2.034800436366364,0.0,0.0,6.433696568094163,0.0,nan,22.579774504061085,nan,0.962890625,0.392578125,258.3915542504103
2,sgd,sgd,SGD,,sgd,,,both,1.3,nan,nominal,1.0,additive,1.0,nn_ce,2.2504740078131276,6,0,-1,500,500,3.615751823820519,1.3652778160073913,nan,nan,1.5297386155113148,0.0,0.0,9.355420460624194,0.0,nan,21.940989730331715,nan,0.953125,0.3984375,296.16416769303464
2,sgd,sgd,SGD,,sgd,,,both,1.3,nan,nominal,1.0,additive,1.0,nn_ce,2.2504740078131276,7,0,-1,500,500,0.0522570188585376,-2.19821698895459,nan,nan,0.7646873400330637,0.0,0.0,13.433226493803275,0.0,nan,22.71571922573498,nan,0.9921875,0.375,373.1237445296759
2,random-spectral-sam-muon,random-spectral-sam-muon,Random Spectral SAM-Muon,,muon,random,spectral,mnist,1.3,0.05,nominal,0.02,additive,1.0,nn_ce,2.2504740078131276,0,0,-1,500,500,0.9524921187110414,-1.2979818891020862,nan,nan,0.2749378581438068,0.3396026799878126,0.05664380668663421,7.422273475889114,0.00076431442498337,nan,24.161622497556557,nan,0.7109375,0.427734375,2.20571365010961
2,random-spectral-sam-muon,random-spectral-sam-muon,Random Spectral SAM-Muon,,muon,random,spectral,mnist,1.3,0.05,nominal,0.02,additive,1.0,nn_ce,2.2504740078131276,1,0,-1,500,500,0.9566847519422724,-1.293789255870855,nan,nan,0.26306343146155275,0.34330388148084745,0.056487884154823656,7.06383989340452,0.0014809493422146547,nan,23.62888502813141,nan,0.724609375,0.40625,2.354414999391355
2,random-spectral-sam-muon,random-spectral-sam-muon,Random Spectral SAM-Muon,,muon,random,spectral,mnist,1.3,0.05,nominal,0.02,additive,1.0,nn_ce,2.2504740078131276,2,0,-1,500,500,0.9686327002767563,-1.2818413075363713,nan,nan,0.25911064904193654,0.3410007051711829,0.05603321541560562,7.386895886772689,0.0015376232433402803,nan,24.194262435704754,nan,0.728515625,0.41796875,2.21072525856782
2,random-spectral-sam-muon,random-spectral-sam-muon,Random Spectral SAM-Muon,,muon,random,spectral,mnist,1.3,0.05,nominal,0.02,additive,1.0,nn_ce,2.2504740078131276,3,0,-1,500,500,0.9426372145312589,-1.3078367932818686,nan,nan,0.27948713014730003,0.33831109347896565,0.05669004790516339,7.223934142573683,0.0008484623830107285,nan,23.898780030831677,nan,0.734375,0.39453125,2.326093010237135
2,random-spectral-sam-muon,random-spectral-sam-muon,Random Spectral SAM-Muon,,muon,random,spectral,mnist,1.3,0.05,nominal,0.02,additive,1.0,nn_ce,2.2504740078131276,4,0,-1,500,500,0.9036948426169125,-1.346779165196215,nan,nan,0.26661747406569575,0.3390820975982046,0.05632639552072053,7.506127863107791,0.003757805878721099,nan,24.14788957519615,nan,0.748046875,0.39453125,2.274739567803107
2,random-spectral-sam-muon,random-spectral-sam-muon,Random Spectral SAM-Muon,,muon,random,spectral,mnist,1.3,0.05,nominal,0.02,additive,1.0,nn_ce,2.2504740078131276,5,0,-1,500,500,1.0079188477213419,-1.2425551600917857,nan,nan,0.27403683794281136,0.34076533939465165,0.056701288320404955,7.4084046298113675,0.002173262537456422,nan,23.967914974047396,nan,0.6875,0.408203125,2.245869069603936
2,random-spectral-sam-muon,random-spectral-sam-muon,Random Spectral SAM-Muon,,muon,random,spectral,mnist,1.3,0.05,nominal,0.02,additive,1.0,nn_ce,2.2504740078131276,6,0,-1,500,500,0.9550225923621478,-1.2954514154509797,nan,nan,0.2689007069305852,0.3462463309089559,0.056715774169716515,7.1695310282237035,0.0003203110218499283,nan,23.286543560007566,nan,0.705078125,0.404296875,2.2059059931979452
2,random-spectral-sam-muon,random-spectral-sam-muon,Random Spectral SAM-Muon,,muon,random,spectral,mnist,1.3,0.05,nominal,0.02,additive,1.0,nn_ce,2.2504740078131276,7,0,-1,500,500,0.9817489737027205,-1.268725034110407,nan,nan,0.28558845613743483,0.3395897949774928,0.05660113300554894,7.176169948799642,0.0029707001082514006,nan,23.747407776614157,nan,0.716796875,0.4140625,2.3953483201598873
2,random-spectral-sam-muon,random-spectral-sam-muon,Random Spectral SAM-Muon,,muon,random,spectral,mnist,1.3,0.01,nominal,0.02,additive,1.0,nn_ce,2.2504740078131276,0,0,-1,500,500,0.9508683081785574,-1.2996056996345702,nan,nan,0.27421636167251034,0.06792053599756251,0.01132876133732684,7.406088375286153,-0.0001790681237207048,nan,24.160745574685627,nan,0.716796875,0.43359375,2.202601440010639
2,random-spectral-sam-muon,random-spectral-sam-muon,Random Spectral SAM-Muon,,muon,random,spectral,mnist,1.3,0.01,nominal,0.02,additive,1.0,nn_ce,2.2504740078131276,1,0,-1,500,500,0.9558962718850788,-1.2945777359280488,nan,nan,0.2618741274225029,0.0686607762961695,0.011297576830964731,7.060993195701714,-8.084515161010941e-05,nan,23.64337025282047,nan,0.716796875,0.400390625,2.356896222703372
2,random-spectral-sam-muon,random-spectral-sam-muon,Random Spectral SAM-Muon,,muon,random,spectral,mnist,1.3,0.01,nominal,0.02,additive,1.0,nn_ce,2.2504740078131276,2,0,-1,500,500,0.9695160909336018,-1.2809579168795258,nan,nan,0.2564293585835685,0.06820014103423659,0.011206643083121123,7.387288264796802,-3.168299577027689e-05,nan,24.17854858267348,nan,0.732421875,0.41796875,2.2119908831946518
2,random-spectral-sam-muon,random-spectral-sam-muon,Random Spectral SAM-Muon,,muon,random,spectral,mnist,1.3,0.01,nominal,0.02,additive,1.0,nn_ce,2.2504740078131276,3,0,-1,500,500,0.9402180697551945,-1.310255938057933,nan,nan,0.27971362610521466,0.06766221869579316,0.011338009581032682,7.223275121158644,-9.701423947572341e-05,nan,23.897527630635533,nan,0.73828125,0.39453125,2.333838174046612
2,random-spectral-sam-muon,random-spectral-sam-muon,Random Spectral SAM-Muon,,muon,random,spectral,mnist,1.3,0.01,nominal,0.02,additive,1.0,nn_ce,2.2504740078131276,4,0,-1,500,500,0.9025066040019531,-1.3479674038111744,nan,nan,0.2673648323781201,0.06781641951964093,0.011265279104144108,7.4943026275063485,0.0005880990955972054,nan,24.138056618359254,nan,0.73828125,0.39453125,2.2727731026851563
2,random-spectral-sam-muon,random-spectral-sam-muon,Random Spectral SAM-Muon,,muon,random,spectral,mnist,1.3,0.01,nominal,0.02,additive,1.0,nn_ce,2.2504740078131276,5,0,-1,500,500,1.0058291684694132,-1.2446448393437144,nan,nan,0.27437503741383057,0.06815306787893033,0.011340257664080988,7.391182419352935,0.00017981937609246046,nan,23.983676102503768,nan,0.689453125,0.4140625,2.2471441523965825
2,random-spectral-sam-muon,random-spectral-sam-muon,Random Spectral SAM-Muon,,muon,random,spectral,mnist,1.3,0.01,nominal,0.02,additive,1.0,nn_ce,2.2504740078131276,6,0,-1,500,500,0.9557199293313672,-1.2947540784817604,nan,nan,0.2708317815530661,0.06924926618179118,0.011343154833943304,7.163918332594931,-0.00026020314083075036,nan,23.290219643577124,nan,0.708984375,0.40625,2.2061795531598696
2,random-spectral-sam-muon,random-spectral-sam-muon,Random Spectral SAM-Muon,,muon,random,spectral,mnist,1.3,0.01,nominal,0.02,additive,1.0,nn_ce,2.2504740078131276,7,0,-1,500,500,0.9800688353244111,-1.2704051724887164,nan,nan,0.2882137051093181,0.06791795899549855,0.011320226601109784,7.174185301083361,0.00033008046079074926,nan,23.73717555398082,nan,0.71484375,0.416015625,2.4037189708655147
2,random-spectral-sam-muon,random-spectral-sam-muon,Random Spectral SAM-Muon,,muon,random,spectral,mnist,1.3,0.1,nominal,0.02,additive,1.0,nn_ce,2.2504740078131276,0,0,-1,500,500,0.9507816909869689,-1.2996923168261587,nan,nan,0.2755901907174453,0.6792053599756251,0.11328761337326843,7.426891626580753,0.005060164037050008,nan,24.131325939824215,nan,0.712890625,0.42578125,2.196922041112386
2,random-spectral-sam-muon,random-spectral-sam-muon,Random Spectral SAM-Muon,,muon,random,spectral,mnist,1.3,0.1,nominal,0.02,additive,1.0,nn_ce,2.2504740078131276,1,0,-1,500,500,0.9592563637744174,-1.2912176440387102,nan,nan,0.2637714071533232,0.6866077629616949,0.11297576830964731,7.065882476294934,0.007238963599827675,nan,23.61972743422595,nan,0.7265625,0.400390625,2.358604447503097
2,random-spectral-sam-muon,random-spectral-sam-muon,Random Spectral SAM-Muon,,muon,random,spectral,mnist,1.3,0.1,nominal,0.02,additive,1.0,nn_ce,2.2504740078131276,2,0,-1,500,500,0.9679921696597273,-1.2824818381534002,nan,nan,0.2600484397097334,0.6820014103423658,0.11206643083121123,7.384625118271759,0.006478979092635506,nan,24.17973423884852,nan,0.736328125,0.4140625,2.206277879554813
2,random-spectral-sam-muon,random-spectral-sam-muon,Random Spectral SAM-Muon,,muon,random,spectral,mnist,1.3,0.1,nominal,0.02,additive,1.0,nn_ce,2.2504740078131276,3,0,-1,500,500,0.9439955830659397,-1.306478424747188,nan,nan,0.28096499764240956,0.6766221869579313,0.11338009581032678,7.219968898340223,0.005734127850411386,nan,23.892267080168963,nan,0.73046875,0.390625,2.3240829897934883
2,random-spectral-sam-muon,random-spectral-sam-muon,Random Spectral SAM-Muon,,muon,random,spectral,mnist,1.3,0.1,nominal,0.02,additive,1.0,nn_ce,2.2504740078131276,4,0,-1,500,500,0.9034378925541144,-1.3470361152590131,nan,nan,0.26781169640983377,0.6781641951964092,0.11265279104144106,7.522378914069315,0.010365713953107925,nan,24.15878377661829,nan,0.7421875,0.392578125,2.273819471535657
2,random-spectral-sam-muon,random-spectral-sam-muon,Random Spectral SAM-Muon,,muon,random,spectral,mnist,1.3,0.1,nominal,0.02,additive,1.0,nn_ce,2.2504740078131276,5,0,-1,500,500,1.0052023856919625,-1.245271622121165,nan,nan,0.2745842737899225,0.6815306787893033,0.11340257664080991,7.406060123448925,0.008115751031758656,nan,23.984726201316075,nan,0.6953125,0.40625,2.2447915430458587
2,random-spectral-sam-muon,random-spectral-sam-muon,Random Spectral SAM-Muon,,muon,random,spectral,mnist,1.3,0.1,nominal,0.02,additive,1.0,nn_ce,2.2504740078131276,6,0,-1,500,500,0.9544217794845842,-1.2960522283285434,nan,nan,0.26939864068243374,0.6924926618179118,0.11343154833943303,7.187997761765219,0.0042586108991415905,nan,23.299559263329417,nan,0.7109375,0.408203125,2.1988094118125927
2,random-spectral-sam-muon,random-spectral-sam-muon,Random Spectral SAM-Muon,,muon,random,spectral,mnist,1.3,0.1,nominal,0.02,additive,1.0,nn_ce,2.2504740078131276,7,0,-1,500,500,0.981516392385901,-1.2689576154272264,nan,nan,0.2865106821283617,0.6791795899549856,0.11320226601109788,7.166248137712242,0.009070010398870676,nan,23.728625913336593,nan,0.712890625,0.408203125,2.3954802277377816
2,random-spectral-sam-muon,random-spectral-sam-muon,Random Spectral SAM-Muon,,muon,random,spectral,mnist,1.3,0.5,nominal,0.02,additive,1.0,nn_ce,2.2504740078131276,0,0,-1,500,500,0.9861110944798589,-1.2643629133332688,nan,nan,0.28307611482712064,3.3960267998781255,0.5664380668663421,7.383387168858227,0.1281957446926275,nan,24.09298793518193,nan,0.708984375,0.42578125,2.1686147953537045
2,random-spectral-sam-muon,random-spectral-sam-muon,Random Spectral SAM-Muon,,muon,random,spectral,mnist,1.3,0.5,nominal,0.02,additive,1.0,nn_ce,2.2504740078131276,1,0,-1,500,500,1.0004326575330942,-1.2500413502800334,nan,nan,0.2832321506550249,3.4330388148084747,0.5648788415482365,7.04033857824207,0.1864261512258356,nan,23.477018535638496,nan,0.712890625,0.41015625,2.334317244933109
2,random-spectral-sam-muon,random-spectral-sam-muon,Random Spectral SAM-Muon,,muon,random,spectral,mnist,1.3,0.5,nominal,0.02,additive,1.0,nn_ce,2.2504740078131276,2,0,-1,500,500,0.992311630229584,-1.2581623775835435,nan,nan,0.26280713175341475,3.410007051711829,0.5603321541560564,7.289882912535212,0.1634503776308448,nan,24.082647909324134,nan,0.71875,0.421875,2.1728450550977767
2,random-spectral-sam-muon,random-spectral-sam-muon,Random Spectral SAM-Muon,,muon,random,spectral,mnist,1.3,0.5,nominal,0.02,additive,1.0,nn_ce,2.2504740078131276,3,0,-1,500,500,0.977630424876046,-1.2728435829370817,nan,nan,0.2850382392917587,3.383110934789657,0.5669004790516339,7.163346328048587,0.1350173646114099,nan,23.827280371133025,nan,0.73046875,0.396484375,2.2934358508027994
2,random-spectral-sam-muon,random-spectral-sam-muon,Random Spectral SAM-Muon,,muon,random,spectral,mnist,1.3,0.5,nominal,0.02,additive,1.0,nn_ce,2.2504740078131276,4,0,-1,500,500,0.9484008628227073,-1.3020731449904202,nan,nan,0.2738316040165955,3.390820975982047,0.5632639552072054,7.546742024850327,0.1538229442315714,nan,23.971367073871487,nan,0.72265625,0.40234375,2.2353713796342882
2,random-spectral-sam-muon,random-spectral-sam-muon,Random Spectral SAM-Muon,,muon,random,spectral,mnist,1.3,0.5,nominal,0.02,additive,1.0,nn_ce,2.2504740078131276,5,0,-1,500,500,1.0332316778487973,-1.2172423299643302,nan,nan,0.2795003112072469,3.407653393946516,0.5670128832040496,7.373066358674202,0.14528911039703796,nan,23.788809509760497,nan,0.6796875,0.412109375,2.212750891276684
2,random-spectral-sam-muon,random-spectral-sam-muon,Random Spectral SAM-Muon,,muon,random,spectral,mnist,1.3,0.5,nominal,0.02,additive,1.0,nn_ce,2.2504740078131276,6,0,-1,500,500,0.9864845049715036,-1.263989502841624,nan,nan,0.285357788137306,3.4624633090895585,0.5671577416971652,7.234074423266656,0.15035035145746745,nan,23.17143637973811,nan,0.697265625,0.404296875,2.164569288707168
2,random-spectral-sam-muon,random-spectral-sam-muon,Random Spectral SAM-Muon,,muon,random,spectral,mnist,1.3,0.5,nominal,0.02,additive,1.0,nn_ce,2.2504740078131276,7,0,-1,500,500,1.0099688875211115,-1.240505120292016,nan,nan,0.2845893478192295,3.3958979497749286,0.5660113300554893,7.126378279737952,0.17102852360622234,nan,23.54667650559053,nan,0.7109375,0.435546875,2.3313626324853884
2,random-spectral-sam-muon,random-spectral-sam-muon,Random Spectral SAM-Muon,,muon,random,spectral,mnist,1.3,0.2,nominal,0.02,additive,1.0,nn_ce,2.2504740078131276,0,0,-1,500,500,0.9565109442127735,-1.293963063600354,nan,nan,0.27203335431629155,1.3584107199512503,0.22657522674653685,7.4069186228291715,0.02047840974078119,nan,24.143388083987386,nan,0.71875,0.419921875,2.1884412457694173
2,random-spectral-sam-muon,random-spectral-sam-muon,Random Spectral SAM-Muon,,muon,random,spectral,mnist,1.3,0.2,nominal,0.02,additive,1.0,nn_ce,2.2504740078131276,1,0,-1,500,500,0.9657818627831835,-1.2846921450299442,nan,nan,0.26689975683095474,1.3732155259233898,0.22595153661929462,7.044969094088532,0.031153815921418193,nan,23.6212021330691,nan,0.71484375,0.404296875,2.3573924339642307
2,random-spectral-sam-muon,random-spectral-sam-muon,Random Spectral SAM-Muon,,muon,random,spectral,mnist,1.3,0.2,nominal,0.02,additive,1.0,nn_ce,2.2504740078131276,2,0,-1,500,500,0.9676691051563866,-1.282804902656741,nan,nan,0.2620887373179778,1.3640028206847317,0.22413286166242247,7.387177276695831,0.026704638295601213,nan,24.1865135176576,nan,0.724609375,0.423828125,2.193832457529316
2,random-spectral-sam-muon,random-spectral-sam-muon,Random Spectral SAM-Muon,,muon,random,spectral,mnist,1.3,0.2,nominal,0.02,additive,1.0,nn_ce,2.2504740078131276,3,0,-1,500,500,0.9516715877882391,-1.2988024200248884,nan,nan,0.2834241644041657,1.3532443739158626,0.22676019162065356,7.211211619123669,0.022882584267114092,nan,23.876635844778292,nan,0.740234375,0.390625,2.320178288903894
2,random-spectral-sam-muon,random-spectral-sam-muon,Random Spectral SAM-Muon,,muon,random,spectral,mnist,1.3,0.2,nominal,0.02,additive,1.0,nn_ce,2.2504740078131276,4,0,-1,500,500,0.9080216101380276,-1.3424523976751,nan,nan,0.26741135569330743,1.3563283903928185,0.22530558208288212,7.513447714871662,0.03226761719712723,nan,24.10085408419583,nan,0.73828125,0.396484375,2.2679961047061754
2,random-spectral-sam-muon,random-spectral-sam-muon,Random Spectral SAM-Muon,,muon,random,spectral,mnist,1.3,0.2,nominal,0.02,additive,1.0,nn_ce,2.2504740078131276,5,0,-1,500,500,1.0049761943088353,-1.2454978135042922,nan,nan,0.27648962135366595,1.3630613575786066,0.22680515328161982,7.405946936949607,0.02711647711907994,nan,23.957965498539437,nan,0.693359375,0.408203125,2.2378418956637582
2,random-spectral-sam-muon,random-spectral-sam-muon,Random Spectral SAM-Muon,,muon,random,spectral,mnist,1.3,0.2,nominal,0.02,additive,1.0,nn_ce,2.2504740078131276,6,0,-1,500,500,0.9605179831606022,-1.2899560246525255,nan,nan,0.27267916519282365,1.3849853236358236,0.22686309667886606,7.1933302023868135,0.022207269585721612,nan,23.27296081641289,nan,0.701171875,0.404296875,2.195690283252998
2,random-spectral-sam-muon,random-spectral-sam-muon,Random Spectral SAM-Muon,,muon,random,spectral,mnist,1.3,0.2,nominal,0.02,additive,1.0,nn_ce,2.2504740078131276,7,0,-1,500,500,0.9856056889138428,-1.2648683188992846,nan,nan,0.2862320607556386,1.3583591799099712,0.22640453202219576,7.135655377139296,0.0334403649579158,nan,23.6801907304152,nan,0.708984375,0.419921875,2.384782066049276
2,random-spectral-sam-muon,random-spectral-sam-muon,Random Spectral SAM-Muon,,muon,random,spectral,mnist,1.3,1.0,nominal,0.02,additive,1.0,nn_ce,2.2504740078131276,0,0,-1,500,500,1.115188878545616,-1.1352851292675115,nan,nan,0.32844424893248886,6.792053599756251,1.1328761337326843,7.355600524820368,0.44475249599160405,nan,23.77916515148929,nan,0.658203125,0.443359375,2.157009673503942
2,random-spectral-sam-muon,random-spectral-sam-muon,Random Spectral SAM-Muon,,muon,random,spectral,mnist,1.3,1.0,nominal,0.02,additive,1.0,nn_ce,2.2504740078131276,1,0,-1,500,500,1.117234523305953,-1.1332394845071745,nan,nan,0.3187283043444358,6.8660776296169495,1.129757683096473,6.973498694201595,0.6881784515182789,nan,23.100232911188723,nan,0.671875,0.42578125,2.276795062026875
2,random-spectral-sam-muon,random-spectral-sam-muon,Random Spectral SAM-Muon,,muon,random,spectral,mnist,1.3,1.0,nominal,0.02,additive,1.0,nn_ce,2.2504740078131276,2,0,-1,500,500,1.095831594247528,-1.1546424135655995,nan,nan,0.2915296483680068,6.820014103423658,1.1206643083121128,7.323204069160257,0.5967313042793578,nan,23.692988867918427,nan,0.6953125,0.43359375,2.1551560625167037
2,random-spectral-sam-muon,random-spectral-sam-muon,Random Spectral SAM-Muon,,muon,random,spectral,mnist,1.3,1.0,nominal,0.02,additive,1.0,nn_ce,2.2504740078131276,3,0,-1,500,500,1.0814620982235676,-1.16901190958956,nan,nan,0.30906869751495925,6.766221869579314,1.1338009581032678,7.118971994326864,0.4806191465972349,nan,23.62949494557166,nan,0.671875,0.42578125,2.217632991825099
2,random-spectral-sam-muon,random-spectral-sam-muon,Random Spectral SAM-Muon,,muon,random,spectral,mnist,1.3,1.0,nominal,0.02,additive,1.0,nn_ce,2.2504740078131276,4,0,-1,500,500,1.0647912284905763,-1.1856827793225513,nan,nan,0.30115034343258407,6.781641951964094,1.1265279104144108,7.483334699483037,0.5337787319230631,nan,23.744957598005126,nan,0.669921875,0.41015625,2.201531231860149
2,random-spectral-sam-muon,random-spectral-sam-muon,Random Spectral SAM-Muon,,muon,random,spectral,mnist,1.3,1.0,nominal,0.02,additive,1.0,nn_ce,2.2504740078131276,5,0,-1,500,500,1.1516881138070687,-1.0987858940060589,nan,nan,0.3119283066511992,6.815306787893032,1.1340257664080993,7.319628158496523,0.48998460108912356,nan,23.454021278508627,nan,0.642578125,0.42578125,2.18501120104657
2,random-spectral-sam-muon,random-spectral-sam-muon,Random Spectral SAM-Muon,,muon,random,spectral,mnist,1.3,1.0,nominal,0.02,additive,1.0,nn_ce,2.2504740078131276,6,0,-1,500,500,1.0966363529100422,-1.1538376549030853,nan,nan,0.32632096196209953,6.924926618179117,1.1343154833943303,7.28364531583003,0.5570856340184651,nan,22.874976314480538,nan,0.67578125,0.423828125,2.1189305827625207
2,random-spectral-sam-muon,random-spectral-sam-muon,Random Spectral SAM-Muon,,muon,random,spectral,mnist,1.3,1.0,nominal,0.02,additive,1.0,nn_ce,2.2504740078131276,7,0,-1,500,500,1.1286407152760871,-1.1218332925370404,nan,nan,0.30340751279357836,6.791795899549857,1.1320226601109786,7.099061945302648,0.5367707999173965,nan,23.28125280275072,nan,0.66796875,0.4296875,2.3019686397929346
2,full-spectral-sam-muon,full-spectral-sam-muon,Full Spectral SAM-Muon,,muon,grad,spectral,both,1.3,0.05,nominal,0.02,additive,1.0,nn_ce,2.2504740078131276,0,0,-1,500,1000,0.9611166833647862,-1.2893573244483414,nan,nan,0.2667871818650965,0.3555038669897174,0.05643342747381727,7.4293156397915645,0.012250253674508937,nan,24.149696528527357,nan,0.716796875,0.4296875,2.1814315977127503
2,full-spectral-sam-muon,full-spectral-sam-muon,Full Spectral SAM-Muon,,muon,grad,spectral,both,1.3,0.05,nominal,0.02,additive,1.0,nn_ce,2.2504740078131276,1,0,-1,500,1000,0.9695686008686955,-1.2809054069444321,nan,nan,0.2586420510302676,0.37346343644954255,0.06011821151525213,7.0549657726350805,0.006961189635428688,nan,23.606676371365957,nan,0.71875,0.40625,2.338501084994737
2,full-spectral-sam-muon,full-spectral-sam-muon,Full Spectral SAM-Muon,,muon,grad,spectral,both,1.3,0.05,nominal,0.02,additive,1.0,nn_ce,2.2504740078131276,2,0,-1,500,1000,0.9682653320635911,-1.2822086757495366,nan,nan,0.2546886810086005,0.366031159913526,0.05782497222762758,7.380425963657157,0.005807449117584684,nan,24.164332417086616,nan,0.740234375,0.41796875,2.196677019932435
2,full-spectral-sam-muon,full-spectral-sam-muon,Full Spectral SAM-Muon,,muon,grad,spectral,both,1.3,0.05,nominal,0.02,additive,1.0,nn_ce,2.2504740078131276,3,0,-1,500,1000,0.9487951730220328,-1.3016788347910948,nan,nan,0.2742378159909639,0.3531778514279961,0.05671599048651378,7.220498613096026,0.009376344028355743,nan,23.88017869442362,nan,0.7421875,0.39453125,2.313820544787401
2,full-spectral-sam-muon,full-spectral-sam-muon,Full Spectral SAM-Muon,,muon,grad,spectral,both,1.3,0.05,nominal,0.02,additive,1.0,nn_ce,2.2504740078131276,4,0,-1,500,1000,0.90703096954231,-1.3434430382708176,nan,nan,0.2642430641341848,0.35455567046755293,0.059759682316115184,7.499875224964384,0.009465469630044465,nan,24.119136722197258,nan,0.74609375,0.3984375,2.248701482472165
2,full-spectral-sam-muon,full-spectral-sam-muon,Full Spectral SAM-Muon,,muon,grad,spectral,both,1.3,0.05,nominal,0.02,additive,1.0,nn_ce,2.2504740078131276,5,0,-1,500,1000,1.0140139576834213,-1.2364600501297063,nan,nan,0.2697705385800732,0.3662927646001623,0.056964107035686856,7.4029877887749675,0.01010695401162498,nan,23.944219410360184,nan,0.693359375,0.423828125,2.2304259908111677
2,full-spectral-sam-muon,full-spectral-sam-muon,Full Spectral SAM-Muon,,muon,grad,spectral,both,1.3,0.05,nominal,0.02,additive,1.0,nn_ce,2.2504740078131276,6,0,-1,500,1000,0.9634104515978199,-1.2870635562153077,nan,nan,0.2636410452173175,0.3604315391136077,0.05894150507261594,7.152386724844136,0.00742539431631839,nan,23.259932263723506,nan,0.71484375,0.404296875,2.188526095918238
2,full-spectral-sam-muon,full-spectral-sam-muon,Full Spectral SAM-Muon,,muon,grad,spectral,both,1.3,0.05,nominal,0.02,additive,1.0,nn_ce,2.2504740078131276,7,0,-1,500,1000,0.9913333562775662,-1.2591406515355614,nan,nan,0.2814044609986995,0.3628892018088932,0.056712145169278,7.189080347657116,0.010915473723968838,nan,23.701791340402796,nan,0.72265625,0.4140625,2.381843842684341
2,lazy-spectral-sam-muon,lazy-spectral-sam-muon,Lazy Spectral SAM-Muon (Atlas),,muon,stale_update,raw,both,1.3,0.01,nominal,0.02,additive,1.0,nn_ce,2.2504740078131276,0,0,-1,500,501,0.9543428541274243,-1.2961311536857032,nan,nan,0.2748783072205753,0.07030052770771546,0.011343214918590507,7.412550148195272,0.003120482583357953,nan,24.148764870233368,nan,0.712890625,0.4296875,2.204341582204341
2,lazy-spectral-sam-muon,lazy-spectral-sam-muon,Lazy Spectral SAM-Muon (Atlas),,muon,stale_update,raw,both,1.3,0.01,nominal,0.02,additive,1.0,nn_ce,2.2504740078131276,1,0,-1,500,501,0.9611792083749187,-1.289294799438209,nan,nan,0.2633064240442859,0.07241196243268798,0.01184468026473271,7.068038695830298,0.0033721048051059688,nan,23.65268888784883,nan,0.7109375,0.408203125,2.3535221740837575
2,lazy-spectral-sam-muon,lazy-spectral-sam-muon,Lazy Spectral SAM-Muon (Atlas),,muon,stale_update,raw,both,1.3,0.01,nominal,0.02,additive,1.0,nn_ce,2.2504740078131276,2,0,-1,500,501,0.9705245757542347,-1.2799494320588929,nan,nan,0.25963186080378786,0.0719460784347071,0.012021216541218295,7.38249898595816,0.0034070088441197077,nan,24.17111963007633,nan,0.73046875,0.421875,2.2114096299354227
2,lazy-spectral-sam-muon,lazy-spectral-sam-muon,Lazy Spectral SAM-Muon (Atlas),,muon,stale_update,raw,both,1.3,0.01,nominal,0.02,additive,1.0,nn_ce,2.2504740078131276,3,0,-1,500,501,0.9454486169775825,-1.305025390835545,nan,nan,0.2809734833218021,0.07228652254129647,0.01200281157559853,7.215467299414151,0.0029392864522019835,nan,23.904156489296568,nan,0.734375,0.390625,2.332060846900002
2,lazy-spectral-sam-muon,lazy-spectral-sam-muon,Lazy Spectral SAM-Muon (Atlas),,muon,stale_update,raw,both,1.3,0.01,nominal,0.02,additive,1.0,nn_ce,2.2504740078131276,4,0,-1,500,501,0.9054639752809,-1.3450100325322276,nan,nan,0.26798368700954117,0.07254825851548866,0.011401650265738967,7.495298940454609,0.0030476258828040503,nan,24.12292170882265,nan,0.7421875,0.392578125,2.2718889530601065
2,lazy-spectral-sam-muon,lazy-spectral-sam-muon,Lazy Spectral SAM-Muon (Atlas),,muon,stale_update,raw,both,1.3,0.01,nominal,0.02,additive,1.0,nn_ce,2.2504740078131276,5,0,-1,500,501,1.0107371148093895,-1.239736893003738,nan,nan,0.2753276215296133,0.07355653416357467,0.01141886201484221,7.40355431829673,0.0031979455849449057,nan,23.981239097692434,nan,0.6875,0.41015625,2.2469346660862897
2,lazy-spectral-sam-muon,lazy-spectral-sam-muon,Lazy Spectral SAM-Muon (Atlas),,muon,stale_update,raw,both,1.3,0.01,nominal,0.02,additive,1.0,nn_ce,2.2504740078131276,6,0,-1,500,501,0.9577793859122785,-1.292694621900849,nan,nan,0.2706954593730276,0.07197072852325259,0.012006443722060669,7.159697887724675,0.002582190464799128,nan,23.278431843732523,nan,0.70703125,0.404296875,2.2058851275961953
2,lazy-spectral-sam-muon,lazy-spectral-sam-muon,Lazy Spectral SAM-Muon (Atlas),,muon,stale_update,raw,both,1.3,0.01,nominal,0.02,additive,1.0,nn_ce,2.2504740078131276,7,0,-1,500,501,0.9854686064727399,-1.2650054013403875,nan,nan,0.2874082891823098,0.07271286560808743,0.011871921840411115,7.165509394174055,0.0040436285625780055,nan,23.727868316797764,nan,0.7109375,0.4140625,2.403692206216633
2,full-spectral-sam-muon,full-spectral-sam-muon,Full Spectral SAM-Muon,,muon,grad,spectral,both,1.3,0.01,nominal,0.02,additive,1.0,nn_ce,2.2504740078131276,0,0,-1,500,1000,0.952042673876179,-1.2984313339369487,nan,nan,0.2724533798777148,0.0711048153628901,0.011304817951865238,7.4077395111328,0.0020412011343740044,nan,24.139810272720073,nan,0.71875,0.42578125,2.197507210075315
2,full-spectral-sam-muon,full-spectral-sam-muon,Full Spectral SAM-Muon,,muon,grad,spectral,both,1.3,0.01,nominal,0.02,additive,1.0,nn_ce,2.2504740078131276,1,0,-1,500,1000,0.9602205618421393,-1.2902534459709882,nan,nan,0.26110038680925246,0.07466001627658951,0.012023592271346417,7.0665357422421105,0.0009099487666005546,nan,23.638638583646035,nan,0.720703125,0.40234375,2.353259189730351
2,full-spectral-sam-muon,full-spectral-sam-muon,Full Spectral SAM-Muon,,muon,grad,spectral,both,1.3,0.01,nominal,0.02,additive,1.0,nn_ce,2.2504740078131276,2,0,-1,500,1000,0.9684641756957256,-1.282009832117402,nan,nan,0.2583132248768017,0.0732670498473326,0.01134115076654674,7.386160609419374,0.0006081981542959136,nan,24.174689021330757,nan,0.73046875,0.419921875,2.2091509281882598
2,full-spectral-sam-muon,full-spectral-sam-muon,Full Spectral SAM-Muon,,muon,grad,spectral,both,1.3,0.01,nominal,0.02,additive,1.0,nn_ce,2.2504740078131276,3,0,-1,500,1000,0.9434677796432761,-1.3070062281698513,nan,nan,0.2795859726554578,0.0707336705494069,0.011342784846578443,7.222632051975566,0.0014854431686336378,nan,23.897479116951367,nan,0.732421875,0.400390625,2.324891302216487
2,full-spectral-sam-muon,full-spectral-sam-muon,Full Spectral SAM-Muon,,muon,grad,spectral,both,1.3,0.01,nominal,0.02,additive,1.0,nn_ce,2.2504740078131276,4,0,-1,500,1000,0.9013462090234723,-1.3491277987896553,nan,nan,0.26600714749966714,0.07089635427830988,0.01192321967305597,7.493154917854555,0.0015027224384014382,nan,24.132906124808745,nan,0.744140625,0.396484375,2.267203452116417
2,full-spectral-sam-muon,full-spectral-sam-muon,Full Spectral SAM-Muon,,muon,grad,spectral,both,1.3,0.01,nominal,0.02,additive,1.0,nn_ce,2.2504740078131276,5,0,-1,500,1000,1.008396953142464,-1.2420770546706636,nan,nan,0.2734592398621877,0.07313771280285178,0.011355213115033002,7.393690492968671,0.0016651850633797594,nan,23.981585717750395,nan,0.6875,0.408203125,2.2442960442604334
2,full-spectral-sam-muon,full-spectral-sam-muon,Full Spectral SAM-Muon,,muon,grad,spectral,both,1.3,0.01,nominal,0.02,additive,1.0,nn_ce,2.2504740078131276,6,0,-1,500,1000,0.9566658201814605,-1.293808187631667,nan,nan,0.26764207828299563,0.07183124413865041,0.011721591541311584,7.148213613044933,0.0011398645218362313,nan,23.2823620950746,nan,0.708984375,0.41015625,2.200306178996428
2,full-spectral-sam-muon,full-spectral-sam-muon,Full Spectral SAM-Muon,,muon,grad,spectral,both,1.3,0.01,nominal,0.02,additive,1.0,nn_ce,2.2504740078131276,7,0,-1,500,1000,0.985551189198733,-1.2649228186143946,nan,nan,0.2867850398767296,0.07292284826648372,0.0113426678384903,7.16373846629492,0.0018365569304119589,nan,23.730298913072676,nan,0.724609375,0.4140625,2.4011067950934417
2,full-spectral-sam-muon,full-spectral-sam-muon,Full Spectral SAM-Muon,,muon,grad,spectral,both,1.3,0.1,nominal,0.02,additive,1.0,nn_ce,2.2504740078131276,0,0,-1,500,1000,0.9740881384877654,-1.2763858693253622,nan,nan,0.26080137196533854,0.7109308886496416,0.11336392502843431,7.430102469149732,0.029735202682459105,nan,24.125779583335046,nan,0.7109375,0.43359375,2.1552184511982144
2,full-spectral-sam-muon,full-spectral-sam-muon,Full Spectral SAM-Muon,,muon,grad,spectral,both,1.3,0.1,nominal,0.02,additive,1.0,nn_ce,2.2504740078131276,1,0,-1,500,1000,0.9925347571168667,-1.257939250696261,nan,nan,0.2561793121767174,0.747074064115061,0.12023612827119315,7.055003741839825,0.018835189681529307,nan,23.578866574236507,nan,0.728515625,0.412109375,2.3251141165474096
2,full-spectral-sam-muon,full-spectral-sam-muon,Full Spectral SAM-Muon,,muon,grad,spectral,both,1.3,0.1,nominal,0.02,additive,1.0,nn_ce,2.2504740078131276,2,0,-1,500,1000,0.9847681899811805,-1.2657058178319471,nan,nan,0.2514397633668708,0.7312180042935034,0.11663345570139197,7.389141711176993,0.01744753065356508,nan,24.144893166489467,nan,0.736328125,0.421875,2.1775759618825217
2,full-spectral-sam-muon,full-spectral-sam-muon,Full Spectral SAM-Muon,,muon,grad,spectral,both,1.3,0.1,nominal,0.02,additive,1.0,nn_ce,2.2504740078131276,3,0,-1,500,1000,0.957324979049229,-1.2931490287638985,nan,nan,0.2693347785305133,0.7041831890098172,0.11343519391216526,7.206596348884447,0.02390252579124219,nan,23.871740379487917,nan,0.740234375,0.40234375,2.2926647425675175
2,full-spectral-sam-muon,full-spectral-sam-muon,Full Spectral SAM-Muon,,muon,grad,spectral,both,1.3,0.1,nominal,0.02,additive,1.0,nn_ce,2.2504740078131276,4,0,-1,500,1000,0.9211792529037874,-1.3292947549093401,nan,nan,0.2602513893961639,0.7113804546876348,0.11936827105664768,7.491942535934005,0.023432062809909504,nan,24.083266237110497,nan,0.748046875,0.3984375,2.231009779823614
2,full-spectral-sam-muon,full-spectral-sam-muon,Full Spectral SAM-Muon,,muon,grad,spectral,both,1.3,0.1,nominal,0.02,additive,1.0,nn_ce,2.2504740078131276,5,0,-1,500,1000,1.0307120885112082,-1.2197619193019194,nan,nan,0.26956609867104314,0.733081471132973,0.11612303569551029,7.40705601131066,0.02338594006397221,nan,23.915350621585162,nan,0.689453125,0.412109375,2.2092252412606865
2,full-spectral-sam-muon,full-spectral-sam-muon,Full Spectral SAM-Muon,,muon,grad,spectral,both,1.3,0.1,nominal,0.02,additive,1.0,nn_ce,2.2504740078131276,6,0,-1,500,1000,0.9726059027119417,-1.2778681051011858,nan,nan,0.26381439135962814,0.7234925473077582,0.11920477887142426,7.148831959839144,0.019169926364958956,nan,23.200686941026284,nan,0.703125,0.400390625,2.1683499381328364
2,full-spectral-sam-muon,full-spectral-sam-muon,Full Spectral SAM-Muon,,muon,grad,spectral,both,1.3,0.1,nominal,0.02,additive,1.0,nn_ce,2.2504740078131276,7,0,-1,500,1000,0.9953929907509128,-1.2550810170622149,nan,nan,0.2751924283783942,0.7236106379955741,0.11343097041236185,7.19227098579342,0.026501807169513003,nan,23.691239077356936,nan,0.71484375,0.40625,2.362034759727462
2,full-spectral-sam-muon,full-spectral-sam-muon,Full Spectral SAM-Muon,,muon,grad,spectral,both,1.3,0.5,nominal,0.02,additive,1.0,nn_ce,2.2504740078131276,0,0,-1,500,1000,1.180310799592276,-1.0701632082208516,nan,nan,0.2713601026568508,3.543358680112205,0.5671505762583532,7.439986829973071,0.29988524981387443,nan,23.89132255068587,nan,0.6640625,0.431640625,2.1064999491343506
2,full-spectral-sam-muon,full-spectral-sam-muon,Full Spectral SAM-Muon,,muon,grad,spectral,both,1.3,0.5,nominal,0.02,additive,1.0,nn_ce,2.2504740078131276,1,0,-1,500,1000,1.213516824023237,-1.0369571837898905,nan,nan,0.2651053035035028,3.7296934526192596,0.6011098705007151,7.059314134769985,0.1885179007688833,nan,23.31185651908472,nan,0.640625,0.404296875,2.2137223513438036
2,full-spectral-sam-muon,full-spectral-sam-muon,Full Spectral SAM-Muon,,muon,grad,spectral,both,1.3,0.5,nominal,0.02,additive,1.0,nn_ce,2.2504740078131276,2,0,-1,500,1000,1.1756122071755606,-1.074861800637567,nan,nan,0.2589668664401394,3.634235260067776,0.576979638083646,7.37175726804283,0.2378592111027602,nan,23.792966435872625,nan,0.6796875,0.439453125,2.1078684995856776
2,full-spectral-sam-muon,full-spectral-sam-muon,Full Spectral SAM-Muon,,muon,grad,spectral,both,1.3,0.5,nominal,0.02,additive,1.0,nn_ce,2.2504740078131276,3,0,-1,500,1000,1.1736394526329754,-1.0768345551801521,nan,nan,0.27572216381595693,3.5148245548669568,0.6006767993509304,7.185107958310932,0.24608599748313065,nan,23.58710245134912,nan,0.677734375,0.41015625,2.1752793818136755
2,full-spectral-sam-muon,full-spectral-sam-muon,Full Spectral SAM-Muon,,muon,grad,spectral,both,1.3,0.5,nominal,0.02,additive,1.0,nn_ce,2.2504740078131276,4,0,-1,500,1000,1.1487502410216563,-1.1017237667914712,nan,nan,0.2690247409995998,3.585817759082422,0.579119985241291,7.508329406236537,0.24486998433099094,nan,23.857192750589398,nan,0.66015625,0.419921875,2.127528030972351
2,full-spectral-sam-muon,full-spectral-sam-muon,Full Spectral SAM-Muon,,muon,grad,spectral,both,1.3,0.5,nominal,0.02,additive,1.0,nn_ce,2.2504740078131276,5,0,-1,500,1000,1.2354687726090323,-1.0150052352040952,nan,nan,0.2790887039492623,3.663216045268253,0.5998736155248612,7.349955180408304,0.22939165593949484,nan,23.498060367548174,nan,0.62890625,0.431640625,2.1293828954757092
2,full-spectral-sam-muon,full-spectral-sam-muon,Full Spectral SAM-Muon,,muon,grad,spectral,both,1.3,0.5,nominal,0.02,additive,1.0,nn_ce,2.2504740078131276,6,0,-1,500,1000,1.1682870130723515,-1.082186994740776,nan,nan,0.2735377289988136,3.6303698204664623,0.5817509217029097,7.167055597692601,0.2640328460742807,nan,23.010436915432244,nan,0.6640625,0.419921875,2.0682359760143165
2,full-spectral-sam-muon,full-spectral-sam-muon,Full Spectral SAM-Muon,,muon,grad,spectral,both,1.3,0.5,nominal,0.02,additive,1.0,nn_ce,2.2504740078131276,7,0,-1,500,1000,1.207572010016058,-1.0429019977970695,nan,nan,0.28101298354063614,3.627344462971357,0.5670713820879142,7.156872168906615,0.27068325717230346,nan,23.430192317893642,nan,0.66796875,0.4140625,2.244867261100221
2,full-spectral-sam-muon,full-spectral-sam-muon,Full Spectral SAM-Muon,,muon,grad,spectral,both,1.3,1.0,nominal,0.02,additive,1.0,nn_ce,2.2504740078131276,0,0,-1,500,1000,1.566898693264512,-0.6835753145486156,nan,nan,0.31006479404079823,7.101175617506507,1.1322320318536125,7.409516930885661,0.8188638154397592,nan,23.20665118608073,nan,0.529296875,0.40625,2.167600577945322
2,full-spectral-sam-muon,full-spectral-sam-muon,Full Spectral SAM-Muon,,muon,grad,spectral,both,1.3,1.0,nominal,0.02,additive,1.0,nn_ce,2.2504740078131276,1,0,-1,500,1000,1.5189612233293672,-0.7315127844837603,nan,nan,0.29075916576183114,7.450521266701494,1.19772698328102,7.136246232168288,0.6084303840574694,nan,22.759110374641445,nan,0.552734375,0.38671875,2.1841512247938883
2,full-spectral-sam-muon,full-spectral-sam-muon,Full Spectral SAM-Muon,,muon,grad,spectral,both,1.3,1.0,nominal,0.02,additive,1.0,nn_ce,2.2504740078131276,2,0,-1,500,1000,1.5222403448940138,-0.7282336629191137,nan,nan,0.30102795750025374,7.233073986172144,1.151101737872999,7.447981584933706,0.6173991235758276,nan,23.26263988405213,nan,0.580078125,0.44140625,2.1359098430056758
2,full-spectral-sam-muon,full-spectral-sam-muon,Full Spectral SAM-Muon,,muon,grad,spectral,both,1.3,1.0,nominal,0.02,additive,1.0,nn_ce,2.2504740078131276,3,0,-1,500,1000,1.544499290536574,-0.7059747172765536,nan,nan,0.30803607572750813,7.024422181124481,1.1326314111252305,7.15648657647295,0.5912551843845049,nan,23.026406251968474,nan,0.564453125,0.423828125,2.1936762601780484
2,full-spectral-sam-muon,full-spectral-sam-muon,Full Spectral SAM-Muon,,muon,grad,spectral,both,1.3,1.0,nominal,0.02,additive,1.0,nn_ce,2.2504740078131276,4,0,-1,500,1000,1.4961961217580246,-0.7542778860551029,nan,nan,0.30958567435588646,7.188808898489676,1.1341541338217183,7.457895339304926,0.603825734163139,nan,23.653887113640337,nan,0.572265625,0.419921875,2.171134035512005
2,full-spectral-sam-muon,full-spectral-sam-muon,Full Spectral SAM-Muon,,muon,grad,spectral,both,1.3,1.0,nominal,0.02,additive,1.0,nn_ce,2.2504740078131276,5,0,-1,500,1000,1.5737913499678768,-0.6766826578452507,nan,nan,0.31642853214375166,7.264731526442332,1.2022453765727192,7.2689854358632084,0.5710250636283263,nan,23.015272029489292,nan,0.533203125,0.388671875,2.1956758153642064
2,full-spectral-sam-muon,full-spectral-sam-muon,Full Spectral SAM-Muon,,muon,grad,spectral,both,1.3,1.0,nominal,0.02,additive,1.0,nn_ce,2.2504740078131276,6,0,-1,500,1000,1.5361399004602363,-0.7143341073528913,nan,nan,0.3149900795881879,7.227440524677738,1.1827790034642722,7.15620944456834,0.8157971389369565,nan,22.484970458135724,nan,0.56640625,0.427734375,2.1382899317841426
2,full-spectral-sam-muon,full-spectral-sam-muon,Full Spectral SAM-Muon,,muon,grad,spectral,both,1.3,1.0,nominal,0.02,additive,1.0,nn_ce,2.2504740078131276,7,0,-1,500,1000,1.5990139452215988,-0.6514600625915288,nan,nan,0.3291823243115356,7.324121938547353,1.16727909501203,7.19876674898318,0.8602875320833412,nan,22.724483595577176,nan,0.546875,0.419921875,2.2757639391056212
2,lazy-spectral-sam-muon,lazy-spectral-sam-muon,Lazy Spectral SAM-Muon (Atlas),,muon,stale_update,raw,both,1.3,0.02,nominal,0.02,additive,1.0,nn_ce,2.2504740078131276,0,0,-1,500,501,0.9565216103724474,-1.2939523974406801,nan,nan,0.2769952677346198,0.14059851897559228,0.02268476452989892,7.416548858010366,0.0065633342635582625,nan,24.14287091515057,nan,0.71484375,0.431640625,2.201573787532109
2,lazy-spectral-sam-muon,lazy-spectral-sam-muon,Lazy Spectral SAM-Muon (Atlas),,muon,stale_update,raw,both,1.3,0.02,nominal,0.02,additive,1.0,nn_ce,2.2504740078131276,1,0,-1,500,501,0.9654671311032332,-1.2850068767098943,nan,nan,0.26483340465153743,0.14479693851153616,0.02370563363202242,7.068772249893221,0.007200449506153395,nan,23.64949659115555,nan,0.712890625,0.408203125,2.3564102286693416
2,lazy-spectral-sam-muon,lazy-spectral-sam-muon,Lazy Spectral SAM-Muon (Atlas),,muon,stale_update,raw,both,1.3,0.02,nominal,0.02,additive,1.0,nn_ce,2.2504740078131276,2,0,-1,500,501,0.9736479821705618,-1.2768260256425656,nan,nan,0.25990465361214315,0.14374152513964786,0.02399490615702328,7.37628229920051,0.006982861777512728,nan,24.185279929835804,nan,0.734375,0.41796875,2.2117551791041725
2,lazy-spectral-sam-muon,lazy-spectral-sam-muon,Lazy Spectral SAM-Muon (Atlas),,muon,stale_update,raw,both,1.3,0.02,nominal,0.02,additive,1.0,nn_ce,2.2504740078131276,3,0,-1,500,501,0.9471758774195052,-1.3032981303936224,nan,nan,0.28097933032007266,0.1446434546724964,0.024008023268788876,7.223501492112242,0.006075443823754467,nan,23.910447036830426,nan,0.728515625,0.3984375,2.330687952949587
2,lazy-spectral-sam-muon,lazy-spectral-sam-muon,Lazy Spectral SAM-Muon (Atlas),,muon,stale_update,raw,both,1.3,0.02,nominal,0.02,additive,1.0,nn_ce,2.2504740078131276,4,0,-1,500,501,0.9099894762870646,-1.340484531526063,nan,nan,0.26833041303595057,0.14545482300028537,0.022761923513219876,7.496054910946275,0.006392323362629959,nan,24.1207351929355,nan,0.73828125,0.396484375,2.27047149319931
2,lazy-spectral-sam-muon,lazy-spectral-sam-muon,Lazy Spectral SAM-Muon (Atlas),,muon,stale_update,raw,both,1.3,0.02,nominal,0.02,additive,1.0,nn_ce,2.2504740078131276,5,0,-1,500,501,1.0137218713555431,-1.2367521364575844,nan,nan,0.2774010741297775,0.14724363425836262,0.022740589220655836,7.41093963534304,0.006652652940557058,nan,23.97996491863713,nan,0.68359375,0.4140625,2.2454882663657356
2,lazy-spectral-sam-muon,lazy-spectral-sam-muon,Lazy Spectral SAM-Muon (Atlas),,muon,stale_update,raw,both,1.3,0.02,nominal,0.02,additive,1.0,nn_ce,2.2504740078131276,6,0,-1,500,501,0.9615174478730334,-1.288956559940094,nan,nan,0.2719244140823016,0.14412776789531348,0.024027080335895117,7.1627026049258475,0.005371072505566343,nan,23.270008508213227,nan,0.703125,0.404296875,2.20420565228053
2,lazy-spectral-sam-muon,lazy-spectral-sam-muon,Lazy Spectral SAM-Muon (Atlas),,muon,stale_update,raw,both,1.3,0.02,nominal,0.02,additive,1.0,nn_ce,2.2504740078131276,7,0,-1,500,501,0.988011737094725,-1.2624622707184026,nan,nan,0.28863318871720356,0.14549119763326854,0.023764611986468946,7.164197211257893,0.008463622345358579,nan,23.71948481802854,nan,0.712890625,0.41015625,2.40271608503092
2,full-spectral-sam-muon,full-spectral-sam-muon,Full Spectral SAM-Muon,,muon,grad,spectral,both,1.3,0.02,nominal,0.02,additive,1.0,nn_ce,2.2504740078131276,0,0,-1,500,1000,0.9533469030751711,-1.2971271047379564,nan,nan,0.2712173001201585,0.14211190216329883,0.022646954459162347,7.408336882941123,0.004320107103018445,nan,24.138731009929117,nan,0.71484375,0.435546875,2.195065690962725
2,full-spectral-sam-muon,full-spectral-sam-muon,Full Spectral SAM-Muon,,muon,grad,spectral,both,1.3,0.02,nominal,0.02,additive,1.0,nn_ce,2.2504740078131276,1,0,-1,500,1000,0.9604600364319141,-1.2900139713812133,nan,nan,0.2600909152543495,0.14923830172913333,0.024047365381992824,7.059965317362057,0.0021248742158670453,nan,23.628624905166475,nan,0.71875,0.40234375,2.3469229098301443
2,full-spectral-sam-muon,full-spectral-sam-muon,Full Spectral SAM-Muon,,muon,grad,spectral,both,1.3,0.02,nominal,0.02,additive,1.0,nn_ce,2.2504740078131276,2,0,-1,500,1000,0.9713062269130694,-1.2791677809000581,nan,nan,0.25695248228193607,0.14638736909685712,0.022686672157469993,7.3956719563094335,0.001468592549533576,nan,24.17045309041777,nan,0.73046875,0.41796875,2.2050891910115396
2,full-spectral-sam-muon,full-spectral-sam-muon,Full Spectral SAM-Muon,,muon,grad,spectral,both,1.3,0.02,nominal,0.02,additive,1.0,nn_ce,2.2504740078131276,3,0,-1,500,1000,0.9464261100130037,-1.3040478978001238,nan,nan,0.27858946431340936,0.14140675714054876,0.022686853121813854,7.220531313688533,0.0031882012528752224,nan,23.89980263432298,nan,0.73828125,0.39453125,2.3210616080577005
2,full-spectral-sam-muon,full-spectral-sam-muon,Full Spectral SAM-Muon,,muon,grad,spectral,both,1.3,0.02,nominal,0.02,additive,1.0,nn_ce,2.2504740078131276,4,0,-1,500,1000,0.9031203906432395,-1.347353617169888,nan,nan,0.2666674959335291,0.1418261069831417,0.023899163370635395,7.494553657822206,0.0031950080327008967,nan,24.13429629076932,nan,0.7421875,0.392578125,2.2600324706775523
2,full-spectral-sam-muon,full-spectral-sam-muon,Full Spectral SAM-Muon,,muon,grad,spectral,both,1.3,0.02,nominal,0.02,additive,1.0,nn_ce,2.2504740078131276,5,0,-1,500,1000,1.007828101034864,-1.2426459067782636,nan,nan,0.27282325332204643,0.14591217840254103,0.02268616685550809,7.404145978033165,0.0034676043026575787,nan,23.977254393162937,nan,0.693359375,0.412109375,2.2406549927323924
2,full-spectral-sam-muon,full-spectral-sam-muon,Full Spectral SAM-Muon,,muon,grad,spectral,both,1.3,0.02,nominal,0.02,additive,1.0,nn_ce,2.2504740078131276,6,0,-1,500,1000,0.9589863725287577,-1.2914876352843698,nan,nan,0.26708868613764575,0.14406119059201627,0.02346109577071879,7.166821403171029,0.0024006464315314835,nan,23.27772753048758,nan,0.708984375,0.408203125,2.19880755351646
2,full-spectral-sam-muon,full-spectral-sam-muon,Full Spectral SAM-Muon,,muon,grad,spectral,both,1.3,0.02,nominal,0.02,additive,1.0,nn_ce,2.2504740078131276,7,0,-1,500,1000,0.9846143865760869,-1.2658596212370408,nan,nan,0.28532598504217754,0.14567821335302103,0.02268572610858516,7.164733643850167,0.003941058324760327,nan,23.72659598332439,nan,0.71875,0.4140625,2.396929325323935
2,full-spectral-sam-muon,full-spectral-sam-muon,Full Spectral SAM-Muon,,muon,grad,spectral,both,1.3,0.2,nominal,0.02,additive,1.0,nn_ce,2.2504740078131276,0,0,-1,500,1000,1.0053464749374024,-1.2451275328757252,nan,nan,0.2559219351565752,1.4132476850481297,0.22659371442719686,7.4445758178716686,0.07805662352426435,nan,24.096001156938513,nan,0.7109375,0.43359375,2.135289435401623
2,full-spectral-sam-muon,full-spectral-sam-muon,Full Spectral SAM-Muon,,muon,grad,spectral,both,1.3,0.2,nominal,0.02,additive,1.0,nn_ce,2.2504740078131276,1,0,-1,500,1000,1.0364100357543296,-1.214063972058798,nan,nan,0.25853742776542893,1.4913783528944866,0.24011366796081893,7.066440803148221,0.051629792096780314,nan,23.51197824090994,nan,0.712890625,0.404296875,2.2855039812706366
2,full-spectral-sam-muon,full-spectral-sam-muon,Full Spectral SAM-Muon,,muon,grad,spectral,both,1.3,0.2,nominal,0.02,additive,1.0,nn_ce,2.2504740078131276,2,0,-1,500,1000,1.0231096749468462,-1.2273643328662813,nan,nan,0.2493101117930175,1.462377670208345,0.23701107258482673,7.37687028433519,0.05480648529229759,nan,24.110916194912527,nan,0.73046875,0.421875,2.163048698125439
2,full-spectral-sam-muon,full-spectral-sam-muon,Full Spectral SAM-Muon,,muon,grad,spectral,both,1.3,0.2,nominal,0.02,additive,1.0,nn_ce,2.2504740078131276,3,0,-1,500,1000,0.9944334641983634,-1.2560405436147641,nan,nan,0.2687726689631782,1.4024696130481458,0.22685258598317795,7.189372243851587,0.06439677400791521,nan,23.84294065839135,nan,0.728515625,0.408203125,2.253459736648479
2,full-spectral-sam-muon,full-spectral-sam-muon,Full Spectral SAM-Muon,,muon,grad,spectral,both,1.3,0.2,nominal,0.02,additive,1.0,nn_ce,2.2504740078131276,4,0,-1,500,1000,0.9673370499056737,-1.2831369579074539,nan,nan,0.2585070608973318,1.4292795350829564,0.237381579528007,7.53047689254016,0.0601735064374741,nan,24.045391026673812,nan,0.724609375,0.40625,2.187979694540241
2,full-spectral-sam-muon,full-spectral-sam-muon,Full Spectral SAM-Muon,,muon,grad,spectral,both,1.3,0.2,nominal,0.02,additive,1.0,nn_ce,2.2504740078131276,5,0,-1,500,1000,1.0654441358032036,-1.185029872009924,nan,nan,0.26764380716320163,1.4695755744299346,0.24033491835337126,7.423482290703965,0.05813607402145493,nan,23.81504763966667,nan,0.689453125,0.419921875,2.181923450062886
2,full-spectral-sam-muon,full-spectral-sam-muon,Full Spectral SAM-Muon,,muon,grad,spectral,both,1.3,0.2,nominal,0.02,additive,1.0,nn_ce,2.2504740078131276,6,0,-1,500,1000,1.009892158111652,-1.2405818497014756,nan,nan,0.2621683481642518,1.450949438633485,0.23748519318527622,7.1446292819709845,0.05550653968026387,nan,23.11630368903389,nan,0.701171875,0.396484375,2.1405926766940695
2,full-spectral-sam-muon,full-spectral-sam-muon,Full Spectral SAM-Muon,,muon,grad,spectral,both,1.3,0.2,nominal,0.02,additive,1.0,nn_ce,2.2504740078131276,7,0,-1,500,1000,1.0361957524716094,-1.2142782553415181,nan,nan,0.2771899509047184,1.4446313183510133,0.22685627908166098,7.172811924380198,0.06763012703448212,nan,23.620865962374435,nan,0.708984375,0.408203125,2.3251477582034843
2,lazy-spectral-sam-muon,lazy-spectral-sam-muon,Lazy Spectral SAM-Muon (Atlas),,muon,stale_update,raw,both,1.3,0.05,nominal,0.02,additive,1.0,nn_ce,2.2504740078131276,0,0,-1,500,501,0.9648496366005251,-1.2856243712126023,nan,nan,0.27603346146135654,0.3519861863824693,0.056702561227451306,7.4244292407490695,0.017524543466762355,nan,24.165747181460706,nan,0.70703125,0.427734375,2.1959262398054764
2,lazy-spectral-sam-muon,lazy-spectral-sam-muon,Lazy Spectral SAM-Muon (Atlas),,muon,stale_update,raw,both,1.3,0.05,nominal,0.02,additive,1.0,nn_ce,2.2504740078131276,1,0,-1,500,501,0.9741856469288108,-1.2762883608843167,nan,nan,0.2673476298474094,0.36193251507526913,0.05910027141375717,7.0765471056475695,0.020297996654277117,nan,23.614220021604343,nan,0.712890625,0.400390625,2.3603056354180207
2,lazy-spectral-sam-muon,lazy-spectral-sam-muon,Lazy Spectral SAM-Muon (Atlas),,muon,stale_update,raw,both,1.3,0.05,nominal,0.02,additive,1.0,nn_ce,2.2504740078131276,2,0,-1,500,501,0.9825526714107884,-1.2679213364023392,nan,nan,0.2600221724513288,0.35936447090037976,0.05983699701760997,7.351157006088317,0.019429104829640553,nan,24.176923149883592,nan,0.73046875,0.423828125,2.20653949362304
2,lazy-spectral-sam-muon,lazy-spectral-sam-muon,Lazy Spectral SAM-Muon (Atlas),,muon,stale_update,raw,both,1.3,0.05,nominal,0.02,additive,1.0,nn_ce,2.2504740078131276,3,0,-1,500,501,0.9587858957815991,-1.2916881120315284,nan,nan,0.2825543919338448,0.3614553295182691,0.06002708136670753,7.199835994194378,0.0168391214500494,nan,23.884052693637255,nan,0.724609375,0.392578125,2.329028851576405
2,lazy-spectral-sam-muon,lazy-spectral-sam-muon,Lazy Spectral SAM-Muon (Atlas),,muon,stale_update,raw,both,1.3,0.05,nominal,0.02,additive,1.0,nn_ce,2.2504740078131276,4,0,-1,500,501,0.9203883061376835,-1.330085701675444,nan,nan,0.27238760063437095,0.36326739065928737,0.05667862739168926,7.486539481943067,0.017656931312945656,nan,24.12847280241345,nan,0.732421875,0.392578125,2.264484340792529
2,lazy-spectral-sam-muon,lazy-spectral-sam-muon,Lazy Spectral SAM-Muon (Atlas),,muon,stale_update,raw,both,1.3,0.05,nominal,0.02,additive,1.0,nn_ce,2.2504740078131276,5,0,-1,500,501,1.0279277510275857,-1.2225462567855419,nan,nan,0.2754869041941932,0.36733708494087114,0.05808657820749822,7.410468275191201,0.017649683740577515,nan,23.961752625581298,nan,0.677734375,0.408203125,2.248706101002362
2,lazy-spectral-sam-muon,lazy-spectral-sam-muon,Lazy Spectral SAM-Muon (Atlas),,muon,stale_update,raw,both,1.3,0.05,nominal,0.02,additive,1.0,nn_ce,2.2504740078131276,6,0,-1,500,501,0.9728899500164608,-1.2775840577966666,nan,nan,0.2741903472298451,0.3603412659749666,0.06009971431368023,7.154756040095256,0.014876841045468936,nan,23.265675969978087,nan,0.705078125,0.3984375,2.206644106723587
2,lazy-spectral-sam-muon,lazy-spectral-sam-muon,Lazy Spectral SAM-Muon (Atlas),,muon,stale_update,raw,both,1.3,0.05,nominal,0.02,additive,1.0,nn_ce,2.2504740078131276,7,0,-1,500,501,1.0000083316853532,-1.2504656761277744,nan,nan,0.29090427521925427,0.3645237887579989,0.059499046135327104,7.174463554561798,0.023771718849434187,nan,23.716436617451716,nan,0.70703125,0.408203125,2.3997409938378573
2,lazy-spectral-sam-muon,lazy-spectral-sam-muon,Lazy Spectral SAM-Muon (Atlas),,muon,stale_update,raw,both,1.3,0.1,nominal,0.02,additive,1.0,nn_ce,2.2504740078131276,0,0,-1,500,501,0.9843938880184446,-1.266080119794683,nan,nan,0.27714111291449467,0.7056358656727714,0.11331328125410749,7.454414087524042,0.04105324105573804,nan,24.198287525165146,nan,0.705078125,0.4296875,2.18875747333901
2,lazy-spectral-sam-muon,lazy-spectral-sam-muon,Lazy Spectral SAM-Muon (Atlas),,muon,stale_update,raw,both,1.3,0.1,nominal,0.02,additive,1.0,nn_ce,2.2504740078131276,1,0,-1,500,501,0.9970101583780175,-1.25346384943511,nan,nan,0.2735306132284975,0.7267518838768681,0.11814798642613572,7.121726343973406,0.05460406141857832,nan,23.591103830619783,nan,0.708984375,0.404296875,2.366591992631495
2,lazy-spectral-sam-muon,lazy-spectral-sam-muon,Lazy Spectral SAM-Muon (Atlas),,muon,stale_update,raw,both,1.3,0.1,nominal,0.02,additive,1.0,nn_ce,2.2504740078131276,2,0,-1,500,501,1.0051024850958121,-1.2453715227173154,nan,nan,0.26625728248462216,0.7232490827812685,0.11834607918465467,7.331782798550267,0.04743677862026496,nan,24.174571027116826,nan,0.728515625,0.41796875,2.208489404179301
2,lazy-spectral-sam-muon,lazy-spectral-sam-muon,Lazy Spectral SAM-Muon (Atlas),,muon,stale_update,raw,both,1.3,0.1,nominal,0.02,additive,1.0,nn_ce,2.2504740078131276,3,0,-1,500,501,0.9781262726288654,-1.2723477351842623,nan,nan,0.2871650975273377,0.7224611031520787,0.1201436034441282,7.182520356874433,0.04304752561453562,nan,23.882026962709347,nan,0.720703125,0.38671875,2.3227067095967793
2,lazy-spectral-sam-muon,lazy-spectral-sam-muon,Lazy Spectral SAM-Muon (Atlas),,muon,stale_update,raw,both,1.3,0.1,nominal,0.02,additive,1.0,nn_ce,2.2504740078131276,4,0,-1,500,501,0.9450171318117329,-1.3054568760013947,nan,nan,0.27737258806347165,0.7282779266999309,0.11337428012585433,7.495964176058758,0.044286672348684886,nan,24.119140277507903,nan,0.720703125,0.390625,2.2660135749245205
2,lazy-spectral-sam-muon,lazy-spectral-sam-muon,Lazy Spectral SAM-Muon (Atlas),,muon,stale_update,raw,both,1.3,0.1,nominal,0.02,additive,1.0,nn_ce,2.2504740078131276,5,0,-1,500,501,1.041891244019385,-1.2085827637937425,nan,nan,0.2808180679826168,0.7337265587604032,0.11529889867576311,7.417604387670179,0.043760620764817126,nan,23.952770706118756,nan,0.67578125,0.416015625,2.2451640688419836
2,lazy-spectral-sam-muon,lazy-spectral-sam-muon,Lazy Spectral SAM-Muon (Atlas),,muon,stale_update,raw,both,1.3,0.1,nominal,0.02,additive,1.0,nn_ce,2.2504740078131276,6,0,-1,500,501,0.9958217810821237,-1.2546522267310039,nan,nan,0.278472142227078,0.72448232623281,0.11958861767176855,7.219829123691167,0.036293134708391905,nan,23.210142239606185,nan,0.701171875,0.40234375,2.1993042123702935
2,lazy-spectral-sam-muon,lazy-spectral-sam-muon,Lazy Spectral SAM-Muon (Atlas),,muon,stale_update,raw,both,1.3,0.1,nominal,0.02,additive,1.0,nn_ce,2.2504740078131276,7,0,-1,500,501,1.0167543878201657,-1.2337196199929619,nan,nan,0.2979695489640109,0.7281828957950564,0.11943145954176443,7.210075495876352,0.058574850233855225,nan,23.69256454558676,nan,0.705078125,0.41015625,2.3938410274548185
2,lazy-spectral-sam-muon,lazy-spectral-sam-muon,Lazy Spectral SAM-Muon (Atlas),,muon,stale_update,raw,both,1.3,0.2,nominal,0.02,additive,1.0,nn_ce,2.2504740078131276,0,0,-1,500,501,1.0303406451472206,-1.220133362665907,nan,nan,0.2965918766152478,1.4232843221880522,0.23923483572510643,7.430897343264868,0.13090531721913656,nan,24.176971791418296,nan,0.681640625,0.423828125,2.1870756817873493
2,lazy-spectral-sam-muon,lazy-spectral-sam-muon,Lazy Spectral SAM-Muon (Atlas),,muon,stale_update,raw,both,1.3,0.2,nominal,0.02,additive,1.0,nn_ce,2.2504740078131276,1,0,-1,500,501,1.0521307265174957,-1.1983432812956318,nan,nan,0.2936753382867598,1.4542957552678388,0.24028550698387455,7.150648274320737,0.16292855629357406,nan,23.654794075881654,nan,0.697265625,0.40234375,2.3496213195591644
2,lazy-spectral-sam-muon,lazy-spectral-sam-muon,Lazy Spectral SAM-Muon (Atlas),,muon,stale_update,raw,both,1.3,0.2,nominal,0.02,additive,1.0,nn_ce,2.2504740078131276,2,0,-1,500,501,1.0582769280832316,-1.192197079729896,nan,nan,0.30010957748495454,1.4567510148338378,0.22687100256491727,7.305215369593446,0.21781740881232237,nan,24.188351083125376,nan,0.712890625,0.42578125,2.1921795023723023
2,lazy-spectral-sam-muon,lazy-spectral-sam-muon,Lazy Spectral SAM-Muon (Atlas),,muon,stale_update,raw,both,1.3,0.2,nominal,0.02,additive,1.0,nn_ce,2.2504740078131276,3,0,-1,500,501,1.035514219578809,-1.2149597882343186,nan,nan,0.342335225679372,1.4635847423100785,0.23999558013148217,7.1961117765569815,0.19622120463348924,nan,23.94446838377384,nan,0.712890625,0.38671875,2.301143125697516
2,lazy-spectral-sam-muon,lazy-spectral-sam-muon,Lazy Spectral SAM-Muon (Atlas),,muon,stale_update,raw,both,1.3,0.2,nominal,0.02,additive,1.0,nn_ce,2.2504740078131276,4,0,-1,500,501,1.0036026772496558,-1.2468713305634718,nan,nan,0.2955149361467109,1.4658187214910845,0.22683454163920616,7.442465047542596,0.15010344629342676,nan,24.10604143105842,nan,0.693359375,0.400390625,2.256296108158133
2,lazy-spectral-sam-muon,lazy-spectral-sam-muon,Lazy Spectral SAM-Muon (Atlas),,muon,stale_update,raw,both,1.3,0.2,nominal,0.02,additive,1.0,nn_ce,2.2504740078131276,5,0,-1,500,501,1.0893058210869915,-1.161168186726136,nan,nan,0.32344994259274373,1.4594938330818212,0.22687142262793666,7.2208820251897805,0.1730403531658411,nan,23.940532082311066,nan,0.658203125,0.412109375,2.250308184996493
2,lazy-spectral-sam-muon,lazy-spectral-sam-muon,Lazy Spectral SAM-Muon (Atlas),,muon,stale_update,raw,both,1.3,0.2,nominal,0.02,additive,1.0,nn_ce,2.2504740078131276,6,0,-1,500,501,1.0488420679124535,-1.201631939900674,nan,nan,0.30777893953341545,1.450716924547139,0.23731245165885034,7.321538256895467,0.16996670991918483,nan,23.15803196676089,nan,0.677734375,0.40625,2.1729954211052216
2,lazy-spectral-sam-muon,lazy-spectral-sam-muon,Lazy Spectral SAM-Muon (Atlas),,muon,stale_update,raw,both,1.3,0.2,nominal,0.02,additive,1.0,nn_ce,2.2504740078131276,7,0,-1,500,501,1.0808482205349133,-1.1696257872782143,nan,nan,0.34079967604231415,1.4399138010179067,0.24046986434261125,7.190134061097959,0.19890935236482465,nan,23.67187190759569,nan,0.681640625,0.421875,2.362244403958985
2,spectral-friendly-sam-muon,spectral-friendly-sam-muon,Spectral Friendly SAM-Muon,,muon,friendly,spectral,both,1.3,0.02,nominal,0.02,additive,1.0,nn_ce,2.2504740078131276,0,0,-1,500,1000,0.9498386160020809,-1.3006353918110467,nan,nan,0.2719495152392946,0.14540004527604233,0.0226818325673679,7.395729502961422,0.0011308100752919215,nan,24.1376553320144,nan,0.71875,0.42578125,2.1949703039367363
2,spectral-friendly-sam-muon,spectral-friendly-sam-muon,Spectral Friendly SAM-Muon,,muon,friendly,spectral,both,1.3,0.02,nominal,0.02,additive,1.0,nn_ce,2.2504740078131276,1,0,-1,500,1000,0.9575815030870376,-1.29289250472609,nan,nan,0.2599670491792788,0.14866922513441405,0.024028283281173336,7.060096599488185,-0.0002333895366137817,nan,23.629764179231486,nan,0.724609375,0.40625,2.349250331685493
2,spectral-friendly-sam-muon,spectral-friendly-sam-muon,Spectral Friendly SAM-Muon,,muon,friendly,spectral,both,1.3,0.02,nominal,0.02,additive,1.0,nn_ce,2.2504740078131276,2,0,-1,500,1000,0.9622878646790147,-1.2881861431341128,nan,nan,0.25538757041048227,0.14608354244146177,0.02377204464661142,7.377123226887665,-4.4947080740986856e-05,nan,24.16513371239788,nan,0.732421875,0.416015625,2.2061104642583587
2,spectral-friendly-sam-muon,spectral-friendly-sam-muon,Spectral Friendly SAM-Muon,,muon,friendly,spectral,both,1.3,0.02,nominal,0.02,additive,1.0,nn_ce,2.2504740078131276,3,0,-1,500,1000,0.9435905387081693,-1.3068834691049582,nan,nan,0.27850543878449446,0.1447417760483463,0.023919547076163408,7.225991049221063,0.0003821736629769923,nan,23.9000066972532,nan,0.73828125,0.392578125,2.323768862801143
2,spectral-friendly-sam-muon,spectral-friendly-sam-muon,Spectral Friendly SAM-Muon,,muon,friendly,spectral,both,1.3,0.02,nominal,0.02,additive,1.0,nn_ce,2.2504740078131276,4,0,-1,500,1000,0.9007761254235641,-1.3496978823895636,nan,nan,0.2662058407023759,0.145117571593189,0.023523909595531835,7.496422813632717,0.0013246415452365934,nan,24.137056080226426,nan,0.740234375,0.390625,2.2642571562364813
2,spectral-friendly-sam-muon,spectral-friendly-sam-muon,Spectral Friendly SAM-Muon,,muon,friendly,spectral,both,1.3,0.02,nominal,0.02,additive,1.0,nn_ce,2.2504740078131276,5,0,-1,500,1000,1.005645113756285,-1.2448288940568426,nan,nan,0.2722261657240008,0.14545785425040816,0.022686043724752844,7.404110441340879,0.0005990785866021309,nan,23.980056629772765,nan,0.6953125,0.416015625,2.245848125425952
2,spectral-friendly-sam-muon,spectral-friendly-sam-muon,Spectral Friendly SAM-Muon,,muon,friendly,spectral,both,1.3,0.02,nominal,0.02,additive,1.0,nn_ce,2.2504740078131276,6,0,-1,500,1000,0.957062674489677,-1.2934113333234505,nan,nan,0.26725434882683363,0.14395722605119748,0.022669200924606295,7.162410316857929,0.0012034989736021684,nan,23.284802630073383,nan,0.708984375,0.40625,2.2000357523597764
2,spectral-friendly-sam-muon,spectral-friendly-sam-muon,Spectral Friendly SAM-Muon,,muon,friendly,spectral,both,1.3,0.02,nominal,0.02,additive,1.0,nn_ce,2.2504740078131276,7,0,-1,500,1000,0.9826871618939588,-1.2677868459191688,nan,nan,0.2858967169563786,0.14923108785093414,0.023821209689703002,7.16783651503144,0.0009716280952001277,nan,23.729171867852674,nan,0.720703125,0.412109375,2.3991252157434353
2,stale-friendly-spectral-sam-muon,stale-friendly-spectral-sam-muon,Stale Friendly Spectral SAM-Muon,,muon,stale_friendly,spectral,mnist,1.3,0.05,nominal,0.02,additive,1.0,nn_ce,2.2504740078131276,0,0,-1,500,501,0.9473942778597473,-1.3030797299533803,nan,nan,0.27214986596043667,0.3760497666991198,0.06011790764797014,7.403363371647241,0.003675832796574574,nan,24.164406695556494,nan,0.712890625,0.42578125,2.1965328936909323
2,stale-friendly-spectral-sam-muon,stale-friendly-spectral-sam-muon,Stale Friendly Spectral SAM-Muon,,muon,stale_friendly,spectral,mnist,1.3,0.05,nominal,0.02,additive,1.0,nn_ce,2.2504740078131276,1,0,-1,500,501,0.9567244329763689,-1.2937495748367587,nan,nan,0.2625315235415912,0.3571921612199524,0.0594656848638525,7.062658723899517,0.0022716120566865783,nan,23.644688646252515,nan,0.716796875,0.404296875,2.360593861667154
2,stale-friendly-spectral-sam-muon,stale-friendly-spectral-sam-muon,Stale Friendly Spectral SAM-Muon,,muon,stale_friendly,spectral,mnist,1.3,0.05,nominal,0.02,additive,1.0,nn_ce,2.2504740078131276,2,0,-1,500,501,0.9643384082603865,-1.286135599552741,nan,nan,0.25776105311074937,0.3528843711497787,0.056695109636966785,7.383467508029186,0.0021436208052298955,nan,24.173114336623346,nan,0.736328125,0.4140625,2.2188535152142546
2,stale-friendly-spectral-sam-muon,stale-friendly-spectral-sam-muon,Stale Friendly Spectral SAM-Muon,,muon,stale_friendly,spectral,mnist,1.3,0.05,nominal,0.02,additive,1.0,nn_ce,2.2504740078131276,3,0,-1,500,501,0.9448587103404296,-1.305615297472698,nan,nan,0.2790241017322384,0.3669893614716741,0.05969643735008159,7.228614410246034,0.0011401244540895084,nan,23.92489456529348,nan,0.732421875,0.390625,2.328373096494791
2,stale-friendly-spectral-sam-muon,stale-friendly-spectral-sam-muon,Stale Friendly Spectral SAM-Muon,,muon,stale_friendly,spectral,mnist,1.3,0.05,nominal,0.02,additive,1.0,nn_ce,2.2504740078131276,4,0,-1,500,501,0.903812839828587,-1.3466611679845406,nan,nan,0.2662905190930334,0.36672121628642507,0.05671082005005062,7.50535894539563,0.003820063879553026,nan,24.163589856430765,nan,0.7421875,0.392578125,2.2695824714032993
2,stale-friendly-spectral-sam-muon,stale-friendly-spectral-sam-muon,Stale Friendly Spectral SAM-Muon,,muon,stale_friendly,spectral,mnist,1.3,0.05,nominal,0.02,additive,1.0,nn_ce,2.2504740078131276,5,0,-1,500,501,1.0046249331149955,-1.245849074698132,nan,nan,0.2718707173881348,0.36138384441126137,0.05671761319309266,7.402629691769005,-0.0006082055917726592,nan,23.97059741883714,nan,0.6875,0.412109375,2.2446125203183507
2,stale-friendly-spectral-sam-muon,stale-friendly-spectral-sam-muon,Stale Friendly Spectral SAM-Muon,,muon,stale_friendly,spectral,mnist,1.3,0.05,nominal,0.02,additive,1.0,nn_ce,2.2504740078131276,6,0,-1,500,501,0.955973506505473,-1.2945005013076547,nan,nan,0.2686056046583008,0.36356931619290045,0.06010276135874865,7.163242753611184,0.003973317284261202,nan,23.299764068299755,nan,0.703125,0.40234375,2.206434926718309
2,stale-friendly-spectral-sam-muon,stale-friendly-spectral-sam-muon,Stale Friendly Spectral SAM-Muon,,muon,stale_friendly,spectral,mnist,1.3,0.05,nominal,0.02,additive,1.0,nn_ce,2.2504740078131276,7,0,-1,500,501,0.9823021049575517,-1.2681719028555758,nan,nan,0.2850693588764148,0.3704301189311424,0.05783517129436214,7.176933642863968,0.004905412384501706,nan,23.743633969709556,nan,0.712890625,0.41015625,2.40283342196832
2,lazy-spectral-sam-muon,lazy-spectral-sam-muon,Lazy Spectral SAM-Muon (Atlas),,muon,stale_update,raw,both,1.3,1.0,nominal,0.02,additive,1.0,nn_ce,2.2504740078131276,0,0,-1,500,501,1.836467319295617,-0.41400668851751066,nan,nan,0.5806517806320516,7.262554496690828,1.1806665093325484,7.236291147392719,3.124323689113588,nan,23.098611354991203,nan,0.4921875,0.341796875,2.464625070855277
2,lazy-spectral-sam-muon,lazy-spectral-sam-muon,Lazy Spectral SAM-Muon (Atlas),,muon,stale_update,raw,both,1.3,1.0,nominal,0.02,additive,1.0,nn_ce,2.2504740078131276,1,0,-1,500,501,1.7396640547802273,-0.5108099530329002,nan,nan,0.49990361989468207,7.237975498460905,1.1906778349038,7.113386609383913,2.8597462750974323,nan,23.17856002830199,nan,0.5,0.369140625,2.4951975982751664
2,lazy-spectral-sam-muon,lazy-spectral-sam-muon,Lazy Spectral SAM-Muon (Atlas),,muon,stale_update,raw,both,1.3,1.0,nominal,0.02,additive,1.0,nn_ce,2.2504740078131276,2,0,-1,500,501,1.8769895204062679,-0.3734844874068597,nan,nan,0.6639668490903001,7.400744274461226,1.1909808947199751,7.430418618784116,5.002970916625917,nan,23.266643288760143,nan,0.466796875,0.337890625,2.4852168575152573
2,lazy-spectral-sam-muon,lazy-spectral-sam-muon,Lazy Spectral SAM-Muon (Atlas),,muon,stale_update,raw,both,1.3,1.0,nominal,0.02,additive,1.0,nn_ce,2.2504740078131276,3,0,-1,500,501,1.7648921746931396,-0.4855818331199879,nan,nan,0.4850100097150206,7.272339594568252,1.1861904969078678,7.269896479562421,3.710269235090445,nan,23.77693645629939,nan,0.50390625,0.373046875,2.454933813965154
2,lazy-spectral-sam-muon,lazy-spectral-sam-muon,Lazy Spectral SAM-Muon (Atlas),,muon,stale_update,raw,both,1.3,1.0,nominal,0.02,additive,1.0,nn_ce,2.2504740078131276,4,0,-1,500,501,1.8187159220877442,-0.4317580857253833,nan,nan,0.5381841437729736,7.2546186157423564,1.1756617241955403,7.332945845867503,3.3419633245899387,nan,23.777397049963167,nan,0.50390625,0.3515625,2.5574266041729614
2,lazy-spectral-sam-muon,lazy-spectral-sam-muon,Lazy Spectral SAM-Muon (Atlas),,muon,stale_update,raw,both,1.3,1.0,nominal,0.02,additive,1.0,nn_ce,2.2504740078131276,5,0,-1,500,501,1.9431889109581877,-0.3072850968549399,nan,nan,0.6023349311058054,7.233812359742048,1.2023652033893366,7.354036423420153,3.1043998085121514,nan,23.21905512174683,nan,0.451171875,0.361328125,2.5840359776657023
2,lazy-spectral-sam-muon,lazy-spectral-sam-muon,Lazy Spectral SAM-Muon (Atlas),,muon,stale_update,raw,both,1.3,1.0,nominal,0.02,additive,1.0,nn_ce,2.2504740078131276,6,0,-1,500,501,1.8188440835094606,-0.431629924303667,nan,nan,0.6012883024074438,7.118883151114264,1.2022385543267644,7.269123507882151,3.090070610582077,nan,22.641421207305598,nan,0.455078125,0.37109375,2.2973839894407964
2,lazy-spectral-sam-muon,lazy-spectral-sam-muon,Lazy Spectral SAM-Muon (Atlas),,muon,stale_update,raw,both,1.3,1.0,nominal,0.02,additive,1.0,nn_ce,2.2504740078131276,7,0,-1,500,501,1.866610757044316,-0.38386325076881156,nan,nan,0.6442046651133267,7.414377522211468,1.1960836194713838,7.204970031061974,3.634936768255911,nan,23.108922532869986,nan,0.46875,0.3828125,2.6866711848292684
2,spectral-friendly-sam-muon,spectral-friendly-sam-muon,Spectral Friendly SAM-Muon,,muon,friendly,spectral,both,1.3,0.1,nominal,0.02,additive,1.0,nn_ce,2.2504740078131276,0,0,-1,500,1000,0.9588175598680125,-1.291656447945115,nan,nan,0.26128749615776653,0.7279231944675656,0.11336005392483979,7.409403629849071,0.013344969367338089,nan,24.08602002705528,nan,0.72265625,0.42578125,2.1771029484273825
2,spectral-friendly-sam-muon,spectral-friendly-sam-muon,Spectral Friendly SAM-Muon,,muon,friendly,spectral,both,1.3,0.1,nominal,0.02,additive,1.0,nn_ce,2.2504740078131276,1,0,-1,500,1000,0.9736072849651916,-1.276866722847936,nan,nan,0.2549703639008891,0.744447549958299,0.12018200960005784,7.050709052478028,0.008797693793400896,nan,23.611110273939687,nan,0.732421875,0.408203125,2.3302819313335896
2,spectral-friendly-sam-muon,spectral-friendly-sam-muon,Spectral Friendly SAM-Muon,,muon,friendly,spectral,both,1.3,0.1,nominal,0.02,additive,1.0,nn_ce,2.2504740078131276,2,0,-1,500,1000,0.970962990712904,-1.2795110171002235,nan,nan,0.2507115944255598,0.7301143612292924,0.11637234015450881,7.385078189635051,0.0081508561504684,nan,24.157621671240594,nan,0.740234375,0.4296875,2.188320837378158
2,spectral-friendly-sam-muon,spectral-friendly-sam-muon,Spectral Friendly SAM-Muon,,muon,friendly,spectral,both,1.3,0.1,nominal,0.02,additive,1.0,nn_ce,2.2504740078131276,3,0,-1,500,1000,0.9458130840088963,-1.3046609238042313,nan,nan,0.26920142614095216,0.7255857966958948,0.11944108030886114,7.214433287993157,0.011280873091688126,nan,23.880529650438806,nan,0.744140625,0.400390625,2.304346669491791
2,spectral-friendly-sam-muon,spectral-friendly-sam-muon,Spectral Friendly SAM-Muon,,muon,friendly,spectral,both,1.3,0.1,nominal,0.02,additive,1.0,nn_ce,2.2504740078131276,4,0,-1,500,1000,0.9026397093807063,-1.3478342984324212,nan,nan,0.2596391473761198,0.7255810794959736,0.11650107928172965,7.515753716731441,0.012203170939712349,nan,24.103175833408486,nan,0.75,0.404296875,2.2397199401914487
2,spectral-friendly-sam-muon,spectral-friendly-sam-muon,Spectral Friendly SAM-Muon,,muon,friendly,spectral,both,1.3,0.1,nominal,0.02,additive,1.0,nn_ce,2.2504740078131276,5,0,-1,500,1000,1.012120343179897,-1.2383536646332305,nan,nan,0.26880513447813453,0.7276087514719467,0.11326184784835519,7.411161799493826,0.010463092670967233,nan,23.94174515452425,nan,0.6953125,0.416015625,2.21419882102948
2,spectral-friendly-sam-muon,spectral-friendly-sam-muon,Spectral Friendly SAM-Muon,,muon,friendly,spectral,both,1.3,0.1,nominal,0.02,additive,1.0,nn_ce,2.2504740078131276,6,0,-1,500,1000,0.9579831256989428,-1.2924908821141847,nan,nan,0.2631422019704723,0.7191515469897218,0.11333282225947854,7.1598641034991966,0.012704077826580118,nan,23.25377008973903,nan,0.712890625,0.3984375,2.175093209465728
2,spectral-friendly-sam-muon,spectral-friendly-sam-muon,Spectral Friendly SAM-Muon,,muon,friendly,spectral,both,1.3,0.1,nominal,0.02,additive,1.0,nn_ce,2.2504740078131276,7,0,-1,500,1000,0.9840505998270289,-1.2664234079860988,nan,nan,0.27881747062034035,0.7476820285254655,0.11964757224109884,7.1860313248315855,0.01208689119185935,nan,23.706821563036335,nan,0.72265625,0.416015625,2.3672310360252293
2,stale-friendly-spectral-sam-muon,stale-friendly-spectral-sam-muon,Stale Friendly Spectral SAM-Muon,,muon,stale_friendly,spectral,mnist,1.3,0.01,nominal,0.02,additive,1.0,nn_ce,2.2504740078131276,0,0,-1,500,501,0.9492666331705789,-1.3012073746425488,nan,nan,0.2744477900341582,0.07510168746536684,0.012023651683312167,7.401347479426498,0.0003098131113649094,nan,24.14898687607256,nan,0.716796875,0.4296875,2.2055636700856014
2,stale-friendly-spectral-sam-muon,stale-friendly-spectral-sam-muon,Stale Friendly Spectral SAM-Muon,,muon,stale_friendly,spectral,mnist,1.3,0.01,nominal,0.02,additive,1.0,nn_ce,2.2504740078131276,1,0,-1,500,501,0.9559070756783052,-1.2945669321348223,nan,nan,0.26122569710376353,0.0712412656142182,0.01173165007820666,7.064173605271125,-0.00017163470823244875,nan,23.655371567321005,nan,0.720703125,0.41015625,2.354940698765814
2,stale-friendly-spectral-sam-muon,stale-friendly-spectral-sam-muon,Stale Friendly Spectral SAM-Muon,,muon,stale_friendly,spectral,mnist,1.3,0.01,nominal,0.02,additive,1.0,nn_ce,2.2504740078131276,2,0,-1,500,501,0.9678548806590945,-1.282619127154033,nan,nan,0.2581791289168424,0.07064765014571006,0.011340394272923004,7.381732626538822,-2.6790807762022695e-05,nan,24.18011525945236,nan,0.73046875,0.41796875,2.2122417095530498
2,stale-friendly-spectral-sam-muon,stale-friendly-spectral-sam-muon,Stale Friendly Spectral SAM-Muon,,muon,stale_friendly,spectral,mnist,1.3,0.01,nominal,0.02,additive,1.0,nn_ce,2.2504740078131276,3,0,-1,500,501,0.9434943276675976,-1.30697968014553,nan,nan,0.2800665420601323,0.07330931747424455,0.011930152443786167,7.227912388819583,-0.0002394571802052381,nan,23.909144692426743,nan,0.734375,0.392578125,2.333374857374148
2,stale-friendly-spectral-sam-muon,stale-friendly-spectral-sam-muon,Stale Friendly Spectral SAM-Muon,,muon,stale_friendly,spectral,mnist,1.3,0.01,nominal,0.02,additive,1.0,nn_ce,2.2504740078131276,4,0,-1,500,501,0.9042474909601594,-1.3462265168529681,nan,nan,0.26692476462088943,0.07314281426721944,0.011342397934015522,7.506044031858577,0.0005105242235640128,nan,24.14498736249612,nan,0.744140625,0.39453125,2.270506972849695
2,stale-friendly-spectral-sam-muon,stale-friendly-spectral-sam-muon,Stale Friendly Spectral SAM-Muon,,muon,stale_friendly,spectral,mnist,1.3,0.01,nominal,0.02,additive,1.0,nn_ce,2.2504740078131276,5,0,-1,500,501,1.005764381333353,-1.2447096264797746,nan,nan,0.2738692694171379,0.0729032284284808,0.011368794226694434,7.3968426642460425,-0.0005681969691628819,nan,23.99368547193291,nan,0.69140625,0.41015625,2.2471309365637078
2,stale-friendly-spectral-sam-muon,stale-friendly-spectral-sam-muon,Stale Friendly Spectral SAM-Muon,,muon,stale_friendly,spectral,mnist,1.3,0.01,nominal,0.02,additive,1.0,nn_ce,2.2504740078131276,6,0,-1,500,501,0.954892870048233,-1.2955811377648945,nan,nan,0.2701056472313306,0.0726965289971286,0.012023524541139042,7.159858129182279,0.00039729243329267305,nan,23.288680748466515,nan,0.70703125,0.41015625,2.207680614870197
2,stale-friendly-spectral-sam-muon,stale-friendly-spectral-sam-muon,Stale Friendly Spectral SAM-Muon,,muon,stale_friendly,spectral,mnist,1.3,0.01,nominal,0.02,additive,1.0,nn_ce,2.2504740078131276,7,0,-1,500,501,0.9816907687720391,-1.2687832390410885,nan,nan,0.2877850847753855,0.07397391889217608,0.011580688159488362,7.179439133468213,0.0004882859472887802,nan,23.74788164795715,nan,0.71484375,0.4140625,2.406138735558951
2,spectral-friendly-sam-muon,spectral-friendly-sam-muon,Spectral Friendly SAM-Muon,,muon,friendly,spectral,both,1.3,0.01,nominal,0.02,additive,1.0,nn_ce,2.2504740078131276,0,0,-1,500,1000,0.9507274068430653,-1.2997466009700622,nan,nan,0.2724030481201385,0.0728173163917439,0.011343571939515549,7.40304501055139,0.0004748578656482705,nan,24.134403184474984,nan,0.716796875,0.427734375,2.202689023214907
2,spectral-friendly-sam-muon,spectral-friendly-sam-muon,Spectral Friendly SAM-Muon,,muon,friendly,spectral,both,1.3,0.01,nominal,0.02,additive,1.0,nn_ce,2.2504740078131276,1,0,-1,500,1000,0.9567278270232105,-1.293746180789917,nan,nan,0.2607587672502064,0.07431293954338229,0.012008589647751025,7.063993613882055,-0.00026978542832545305,nan,23.63464491009005,nan,0.71875,0.3984375,2.351930390673783
2,spectral-friendly-sam-muon,spectral-friendly-sam-muon,Spectral Friendly SAM-Muon,,muon,friendly,spectral,both,1.3,0.01,nominal,0.02,additive,1.0,nn_ce,2.2504740078131276,2,0,-1,500,1000,0.9672377933457061,-1.2832362144674214,nan,nan,0.2571954765057187,0.07309947343822165,0.011876547481569032,7.391304142906548,-0.00011691690745996297,nan,24.177811426422995,nan,0.732421875,0.419921875,2.208422656304568
2,spectral-friendly-sam-muon,spectral-friendly-sam-muon,Spectral Friendly SAM-Muon,,muon,friendly,spectral,both,1.3,0.01,nominal,0.02,additive,1.0,nn_ce,2.2504740078131276,3,0,-1,500,1000,0.9424972469481493,-1.3079767608649782,nan,nan,0.28026486236629755,0.07243766868738742,0.011947353417672345,7.232666916701246,7.374628093681501e-05,nan,23.903306046846563,nan,0.732421875,0.39453125,2.3270926382634
2,spectral-friendly-sam-muon,spectral-friendly-sam-muon,Spectral Friendly SAM-Muon,,muon,friendly,spectral,both,1.3,0.01,nominal,0.02,additive,1.0,nn_ce,2.2504740078131276,4,0,-1,500,1000,0.9007779487271173,-1.3496960590860103,nan,nan,0.2664929482975155,0.07247794947247599,0.011759951423155795,7.489564887362388,0.0005462928512807164,nan,24.143035736727747,nan,0.744140625,0.390625,2.2685983847501143
2,spectral-friendly-sam-muon,spectral-friendly-sam-muon,Spectral Friendly SAM-Muon,,muon,friendly,spectral,both,1.3,0.01,nominal,0.02,additive,1.0,nn_ce,2.2504740078131276,5,0,-1,500,1000,1.005926336602454,-1.2445476712106736,nan,nan,0.2727022111786264,0.07270327609756072,0.011331325922612292,7.40027898208907,0.00018717226556308475,nan,23.984838481435762,nan,0.69140625,0.408203125,2.2454791715472004
2,spectral-friendly-sam-muon,spectral-friendly-sam-muon,Spectral Friendly SAM-Muon,,muon,friendly,spectral,both,1.3,0.01,nominal,0.02,additive,1.0,nn_ce,2.2504740078131276,6,0,-1,500,1000,0.9565130892597624,-1.2939609185533651,nan,nan,0.2688089969415251,0.07194924534650485,0.011333271318521855,7.161724542213688,0.0004934848457724961,nan,23.29335147938287,nan,0.712890625,0.40625,2.2034832870225705
2,spectral-friendly-sam-muon,spectral-friendly-sam-muon,Spectral Friendly SAM-Muon,,muon,friendly,spectral,both,1.3,0.01,nominal,0.02,additive,1.0,nn_ce,2.2504740078131276,7,0,-1,500,1000,0.9815915934173268,-1.2688824143958009,nan,nan,0.28759780368471133,0.07469595805660639,0.011949524032607082,7.167602231189757,0.00037117394670171944,nan,23.754213383508073,nan,0.71875,0.41796875,2.4002878082080015
2,stale-friendly-spectral-sam-muon,stale-friendly-spectral-sam-muon,Stale Friendly Spectral SAM-Muon,,muon,stale_friendly,spectral,mnist,1.3,0.02,nominal,0.02,additive,1.0,nn_ce,2.2504740078131276,0,0,-1,500,501,0.9495056864092702,-1.3009683214038574,nan,nan,0.27354708840225467,0.15026312514295925,0.02404630970862195,7.399055604676715,0.0007285301477939488,nan,24.150326552315274,nan,0.720703125,0.4296875,2.2051931138645156
2,stale-friendly-spectral-sam-muon,stale-friendly-spectral-sam-muon,Stale Friendly Spectral SAM-Muon,,muon,stale_friendly,spectral,mnist,1.3,0.02,nominal,0.02,additive,1.0,nn_ce,2.2504740078131276,1,0,-1,500,501,0.9570607837953875,-1.29341322401774,nan,nan,0.26220179976732993,0.14263495975866072,0.023564870460881675,7.061485722918301,6.697980884962096e-05,nan,23.648629393704237,nan,0.716796875,0.404296875,2.355947691372529
2,stale-friendly-spectral-sam-muon,stale-friendly-spectral-sam-muon,Stale Friendly Spectral SAM-Muon,,muon,stale_friendly,spectral,mnist,1.3,0.02,nominal,0.02,additive,1.0,nn_ce,2.2504740078131276,2,0,-1,500,501,0.9665152753550501,-1.2839587324580775,nan,nan,0.25784635129839034,0.1413122897423765,0.022685920372354937,7.385324099612107,0.00016114094450880856,nan,24.177140082523028,nan,0.734375,0.42578125,2.211822524938415
2,stale-friendly-spectral-sam-muon,stale-friendly-spectral-sam-muon,Stale Friendly Spectral SAM-Muon,,muon,stale_friendly,spectral,mnist,1.3,0.02,nominal,0.02,additive,1.0,nn_ce,2.2504740078131276,3,0,-1,500,501,0.9446227880970552,-1.3058512197160723,nan,nan,0.27944420818608506,0.14672550780861143,0.02387675168089317,7.229852787117694,-0.00035141908448355075,nan,23.916300129890345,nan,0.732421875,0.390625,2.332472290196079
2,stale-friendly-spectral-sam-muon,stale-friendly-spectral-sam-muon,Stale Friendly Spectral SAM-Muon,,muon,stale_friendly,spectral,mnist,1.3,0.02,nominal,0.02,additive,1.0,nn_ce,2.2504740078131276,4,0,-1,500,501,0.9035477770467681,-1.3469262307663594,nan,nan,0.26793063238480025,0.14625459139942504,0.022681988731451695,7.497968067511598,0.00116823203177141,nan,24.15728412877507,nan,0.7421875,0.39453125,2.2681139017646252
2,stale-friendly-spectral-sam-muon,stale-friendly-spectral-sam-muon,Stale Friendly Spectral SAM-Muon,,muon,stale_friendly,spectral,mnist,1.3,0.02,nominal,0.02,additive,1.0,nn_ce,2.2504740078131276,5,0,-1,500,501,1.0044418695999144,-1.2460321382132131,nan,nan,0.2734219817249856,0.14529086403937602,0.02268596581612241,7.395444526273257,-0.0010143276697756054,nan,23.985053538594546,nan,0.685546875,0.41015625,2.2467929509876803
2,stale-friendly-spectral-sam-muon,stale-friendly-spectral-sam-muon,Stale Friendly Spectral SAM-Muon,,muon,stale_friendly,spectral,mnist,1.3,0.02,nominal,0.02,additive,1.0,nn_ce,2.2504740078131276,6,0,-1,500,501,0.9554278595824829,-1.2950461482306448,nan,nan,0.2691505823184755,0.14533771685940297,0.0240471864063649,7.1633474202226175,0.0009769437846174345,nan,23.289101691940633,nan,0.708984375,0.41015625,2.209738090322256
2,stale-friendly-spectral-sam-muon,stale-friendly-spectral-sam-muon,Stale Friendly Spectral SAM-Muon,,muon,stale_friendly,spectral,mnist,1.3,0.02,nominal,0.02,additive,1.0,nn_ce,2.2504740078131276,7,0,-1,500,501,0.9843016751909471,-1.2661723326221805,nan,nan,0.2876971698652052,0.1481566594735709,0.022873041469725245,7.175696839306644,0.0013217030199984547,nan,23.73607519856713,nan,0.716796875,0.4140625,2.40628379086733
2,spectral-friendly-sam-muon,spectral-friendly-sam-muon,Spectral Friendly SAM-Muon,,muon,friendly,spectral,both,1.3,0.2,nominal,0.02,additive,1.0,nn_ce,2.2504740078131276,0,0,-1,500,1000,0.9746320876895859,-1.2758419201235416,nan,nan,0.2566877239467309,1.4594873105525206,0.23219874983530764,7.3928762632813525,0.043615044491894794,nan,24.066411519048014,nan,0.724609375,0.427734375,2.1484207425866066
2,spectral-friendly-sam-muon,spectral-friendly-sam-muon,Spectral Friendly SAM-Muon,,muon,friendly,spectral,both,1.3,0.2,nominal,0.02,additive,1.0,nn_ce,2.2504740078131276,1,0,-1,500,1000,1.0048135544389432,-1.2456604533741844,nan,nan,0.25792927388335857,1.4900502414718195,0.24036599673263348,7.056250002206599,0.03317697465721037,nan,23.54587661557283,nan,0.71875,0.40625,2.302694687765188
2,spectral-friendly-sam-muon,spectral-friendly-sam-muon,Spectral Friendly SAM-Muon,,muon,friendly,spectral,both,1.3,0.2,nominal,0.02,additive,1.0,nn_ce,2.2504740078131276,2,0,-1,500,1000,0.9796164331030192,-1.2708575747101083,nan,nan,0.24743400062395846,1.4564964838893235,0.2284498091868624,7.375033625593667,0.03388705188714569,nan,24.15700847299764,nan,0.73828125,0.427734375,2.1758516524517177
2,spectral-friendly-sam-muon,spectral-friendly-sam-muon,Spectral Friendly SAM-Muon,,muon,friendly,spectral,both,1.3,0.2,nominal,0.02,additive,1.0,nn_ce,2.2504740078131276,3,0,-1,500,1000,0.9612687941777596,-1.289205213635368,nan,nan,0.2656123359827347,1.4491389998651378,0.23908133783895252,7.18516682302323,0.041954535319880915,nan,23.863931877874716,nan,0.73828125,0.404296875,2.2699793129892356
2,spectral-friendly-sam-muon,spectral-friendly-sam-muon,Spectral Friendly SAM-Muon,,muon,friendly,spectral,both,1.3,0.2,nominal,0.02,additive,1.0,nn_ce,2.2504740078131276,4,0,-1,500,1000,0.9250248402409373,-1.3254491675721902,nan,nan,0.2538527594670564,1.4488596115381784,0.2348757893012152,7.519892010843685,0.034672798403799,nan,24.06227837725967,nan,0.740234375,0.412109375,2.20314268746184
2,spectral-friendly-sam-muon,spectral-friendly-sam-muon,Spectral Friendly SAM-Muon,,muon,friendly,spectral,both,1.3,0.2,nominal,0.02,additive,1.0,nn_ce,2.2504740078131276,5,0,-1,500,1000,1.0295181758297436,-1.220955831983384,nan,nan,0.26560932531140624,1.4601077953537862,0.22673676548688895,7.372944993123622,0.03741087885798455,nan,23.883837908153883,nan,0.697265625,0.419921875,2.1902611031400516
2,spectral-friendly-sam-muon,spectral-friendly-sam-muon,Spectral Friendly SAM-Muon,,muon,friendly,spectral,both,1.3,0.2,nominal,0.02,additive,1.0,nn_ce,2.2504740078131276,6,0,-1,500,1000,0.9776470188241655,-1.272826988988962,nan,nan,0.26089828092585493,1.4415106618016116,0.2264590077520643,7.175509237970968,0.04489455247927343,nan,23.144222478742837,nan,0.708984375,0.40234375,2.141889842457512
2,spectral-friendly-sam-muon,spectral-friendly-sam-muon,Spectral Friendly SAM-Muon,,muon,friendly,spectral,both,1.3,0.2,nominal,0.02,additive,1.0,nn_ce,2.2504740078131276,7,0,-1,500,1000,1.0036065953668594,-1.2468674124462682,nan,nan,0.2720959627557051,1.4922430876953552,0.23971984342724337,7.172177315858687,0.04375686584563976,nan,23.646538860157538,nan,0.720703125,0.416015625,2.3315454080754248
2,lazy-spectral-sam-muon,lazy-spectral-sam-muon,Lazy Spectral SAM-Muon (Atlas),,muon,stale_update,raw,both,1.3,0.5,nominal,0.02,additive,1.0,nn_ce,2.2504740078131276,0,0,-1,500,501,1.2586962380226616,-0.991777769790466,nan,nan,0.4115370855750288,3.5958095223850455,0.59123768923508,7.376448255984762,0.8858232491958504,nan,24.015378016115278,nan,0.61328125,0.427734375,2.1884934477257136
2,lazy-spectral-sam-muon,lazy-spectral-sam-muon,Lazy Spectral SAM-Muon (Atlas),,muon,stale_update,raw,both,1.3,0.5,nominal,0.02,additive,1.0,nn_ce,2.2504740078131276,1,0,-1,500,501,1.3353717408376542,-0.9151022669754734,nan,nan,0.5643325930665904,3.6057611050457545,0.5976365973836831,7.109811765224154,1.2267605677084372,nan,23.457318026878674,nan,0.6015625,0.36328125,2.353701162161721
2,lazy-spectral-sam-muon,lazy-spectral-sam-muon,Lazy Spectral SAM-Muon (Atlas),,muon,stale_update,raw,both,1.3,0.5,nominal,0.02,additive,1.0,nn_ce,2.2504740078131276,2,0,-1,500,501,1.3040336326560338,-0.9464403751570938,nan,nan,0.4812881412753525,3.565132899108596,0.5665788559076376,7.168467067703913,0.8822966556428566,nan,23.90772859785046,nan,0.619140625,0.396484375,2.197437924285103
2,lazy-spectral-sam-muon,lazy-spectral-sam-muon,Lazy Spectral SAM-Muon (Atlas),,muon,stale_update,raw,both,1.3,0.5,nominal,0.02,additive,1.0,nn_ce,2.2504740078131276,3,0,-1,500,501,1.3285742805749756,-0.921899727238152,nan,nan,0.6285644943919896,3.576751814885092,0.5973530832948943,7.098204913017723,1.2631692294261536,nan,24.06638481916235,nan,0.609375,0.3984375,2.3513201237831516
2,lazy-spectral-sam-muon,lazy-spectral-sam-muon,Lazy Spectral SAM-Muon (Atlas),,muon,stale_update,raw,both,1.3,0.5,nominal,0.02,additive,1.0,nn_ce,2.2504740078131276,4,0,-1,500,501,1.3174488984591881,-0.9330251093539395,nan,nan,0.6200697014820139,3.6653909527438735,0.5671376876449222,7.391273333155158,1.1684466664402358,nan,23.814438700268973,nan,0.59765625,0.365234375,2.2664891950401023
2,lazy-spectral-sam-muon,lazy-spectral-sam-muon,Lazy Spectral SAM-Muon (Atlas),,muon,stale_update,raw,both,1.3,0.5,nominal,0.02,additive,1.0,nn_ce,2.2504740078131276,5,0,-1,500,501,1.3612610744119058,-0.8892129334012218,nan,nan,0.4047978016692302,3.6601536859579578,0.6001807805827633,7.2023890230509275,0.7270948139309155,nan,23.702554210636006,nan,0.59765625,0.40625,2.2932803878279415
2,lazy-spectral-sam-muon,lazy-spectral-sam-muon,Lazy Spectral SAM-Muon (Atlas),,muon,stale_update,raw,both,1.3,0.5,nominal,0.02,additive,1.0,nn_ce,2.2504740078131276,6,0,-1,500,501,1.3249011061387481,-0.9255729016743794,nan,nan,0.5363234618756574,3.6203883836369646,0.5940076244939858,7.20945467234302,0.995049974129562,nan,23.048491437716187,nan,0.6015625,0.41015625,2.1708588517832736
2,lazy-spectral-sam-muon,lazy-spectral-sam-muon,Lazy Spectral SAM-Muon (Atlas),,muon,stale_update,raw,both,1.3,0.5,nominal,0.02,additive,1.0,nn_ce,2.2504740078131276,7,0,-1,500,501,1.3514363692284022,-0.8990376385847254,nan,nan,0.5351035950773605,3.6022154290969275,0.5684708620755363,7.249910005147614,1.16978728786126,nan,23.436536158449506,nan,0.576171875,0.388671875,2.370942356822235
2,stale-friendly-spectral-sam-muon,stale-friendly-spectral-sam-muon,Stale Friendly Spectral SAM-Muon,,muon,stale_friendly,spectral,mnist,1.3,0.2,nominal,0.02,additive,1.0,nn_ce,2.2504740078131276,0,0,-1,500,501,0.945215168971843,-1.3052588388412847,nan,nan,0.26532668954500604,1.5055774295123492,0.2404703546810878,7.401459441146519,0.040515421115487005,nan,24.14744466312129,nan,0.72265625,0.42578125,2.1802866768276936
2,stale-friendly-spectral-sam-muon,stale-friendly-spectral-sam-muon,Stale Friendly Spectral SAM-Muon,,muon,stale_friendly,spectral,mnist,1.3,0.2,nominal,0.02,additive,1.0,nn_ce,2.2504740078131276,1,0,-1,500,501,0.9594912337123058,-1.2909827741008217,nan,nan,0.2612694366726984,1.427849829612296,0.23944234352179802,7.044911654327716,0.051693066805157395,nan,23.632105653556607,nan,0.71875,0.416015625,2.338655731429125
2,stale-friendly-spectral-sam-muon,stale-friendly-spectral-sam-muon,Stale Friendly Spectral SAM-Muon,,muon,stale_friendly,spectral,mnist,1.3,0.2,nominal,0.02,additive,1.0,nn_ce,2.2504740078131276,2,0,-1,500,501,0.958828704514697,-1.2916453032984305,nan,nan,0.2533250900559162,1.4135612708736058,0.2267928243475399,7.3614586586512845,0.029995566513645766,nan,24.1132060557187,nan,0.744140625,0.4296875,2.2027036330120757
2,stale-friendly-spectral-sam-muon,stale-friendly-spectral-sam-muon,Stale Friendly Spectral SAM-Muon,,muon,stale_friendly,spectral,mnist,1.3,0.2,nominal,0.02,additive,1.0,nn_ce,2.2504740078131276,3,0,-1,500,501,0.9498743031607503,-1.3005997046523774,nan,nan,0.27576306224064345,1.4677053058580367,0.23846940706976713,7.204984848659443,0.039692979013061014,nan,23.978247458970998,nan,0.736328125,0.400390625,2.32828202992407
2,stale-friendly-spectral-sam-muon,stale-friendly-spectral-sam-muon,Stale Friendly Spectral SAM-Muon,,muon,stale_friendly,spectral,mnist,1.3,0.2,nominal,0.02,additive,1.0,nn_ce,2.2504740078131276,4,0,-1,500,501,0.9083905668211106,-1.3420834409920168,nan,nan,0.26347767761725044,1.4627341118641073,0.22679696378407715,7.522682177395444,0.03244913999151189,nan,24.135815258557006,nan,0.744140625,0.39453125,2.2555702402430953
2,stale-friendly-spectral-sam-muon,stale-friendly-spectral-sam-muon,Stale Friendly Spectral SAM-Muon,,muon,stale_friendly,spectral,mnist,1.3,0.2,nominal,0.02,additive,1.0,nn_ce,2.2504740078131276,5,0,-1,500,501,1.001872402218969,-1.2486016055941587,nan,nan,0.271060064445245,1.4470182489944714,0.22686506228330744,7.408414115904174,0.02989716003344478,nan,23.893692179379496,nan,0.68359375,0.408203125,2.2255075231979857
2,stale-friendly-spectral-sam-muon,stale-friendly-spectral-sam-muon,Stale Friendly Spectral SAM-Muon,,muon,stale_friendly,spectral,mnist,1.3,0.2,nominal,0.02,additive,1.0,nn_ce,2.2504740078131276,6,0,-1,500,501,0.9594585954662271,-1.2910154123469004,nan,nan,0.26758772637615313,1.45328888108775,0.2402808366345632,7.160300052631663,0.04775060070248194,nan,23.306312346477803,nan,0.7109375,0.404296875,2.1902040926303816
2,stale-friendly-spectral-sam-muon,stale-friendly-spectral-sam-muon,Stale Friendly Spectral SAM-Muon,,muon,stale_friendly,spectral,mnist,1.3,0.2,nominal,0.02,additive,1.0,nn_ce,2.2504740078131276,7,0,-1,500,501,0.9774978679093251,-1.2729761399038024,nan,nan,0.2805008600045396,1.4791716478169816,0.23680629152106794,7.1986002154180655,0.05693474135341958,nan,23.708914314424316,nan,0.720703125,0.419921875,2.380663314350695
2,spectral-friendly-sam-muon,spectral-friendly-sam-muon,Spectral Friendly SAM-Muon,,muon,friendly,spectral,both,1.3,0.05,nominal,0.02,additive,1.0,nn_ce,2.2504740078131276,0,0,-1,500,1000,0.9568282591499548,-1.2936457486631727,nan,nan,0.2670866829584697,0.3639337381775922,0.056712618489077965,7.410629489984293,0.004380352490125583,nan,24.135342621304797,nan,0.7265625,0.42578125,2.1893973476822532
2,spectral-friendly-sam-muon,spectral-friendly-sam-muon,Spectral Friendly SAM-Muon,,muon,friendly,spectral,both,1.3,0.05,nominal,0.02,additive,1.0,nn_ce,2.2504740078131276,1,0,-1,500,1000,0.9619856104473343,-1.2884883973657932,nan,nan,0.2590070251274824,0.3719929705185491,0.06008924492562127,7.052413465478304,0.0016509172871445044,nan,23.61715752415525,nan,0.72265625,0.408203125,2.343440035131726
2,spectral-friendly-sam-muon,spectral-friendly-sam-muon,Spectral Friendly SAM-Muon,,muon,friendly,spectral,both,1.3,0.05,nominal,0.02,additive,1.0,nn_ce,2.2504740078131276,2,0,-1,500,1000,0.9634841940956491,-1.2869898137174784,nan,nan,0.2534481420077278,0.3651703180593612,0.0588268373655991,7.373190772630518,0.0015620482315603645,nan,24.183590448033822,nan,0.7421875,0.416015625,2.201728777898139
2,spectral-friendly-sam-muon,spectral-friendly-sam-muon,Spectral Friendly SAM-Muon,,muon,friendly,spectral,both,1.3,0.05,nominal,0.02,additive,1.0,nn_ce,2.2504740078131276,3,0,-1,500,1000,0.9435758632647276,-1.3068981445483998,nan,nan,0.2746279504863231,0.36257363825447186,0.05979322886794563,7.22207668620667,0.002693186049147922,nan,23.884294792287704,nan,0.744140625,0.40234375,2.3170967037749577
2,spectral-friendly-sam-muon,spectral-friendly-sam-muon,Spectral Friendly SAM-Muon,,muon,friendly,spectral,both,1.3,0.05,nominal,0.02,additive,1.0,nn_ce,2.2504740078131276,4,0,-1,500,1000,0.9012461742687997,-1.3492278335443277,nan,nan,0.26279094602767783,0.36217039934428774,0.05876095902983703,7.500624391189019,0.00437267168230604,nan,24.146658286302262,nan,0.7421875,0.392578125,2.2542327722350333
2,spectral-friendly-sam-muon,spectral-friendly-sam-muon,Spectral Friendly SAM-Muon,,muon,friendly,spectral,both,1.3,0.05,nominal,0.02,additive,1.0,nn_ce,2.2504740078131276,5,0,-1,500,1000,1.0064635438068787,-1.2440104640062488,nan,nan,0.2690486821216504,0.363677906203846,0.0567178315989506,7.393234380390485,0.0031296661643847035,nan,23.95970071009674,nan,0.697265625,0.416015625,2.233206359428186
2,spectral-friendly-sam-muon,spectral-friendly-sam-muon,Spectral Friendly SAM-Muon,,muon,friendly,spectral,both,1.3,0.05,nominal,0.02,additive,1.0,nn_ce,2.2504740078131276,6,0,-1,500,1000,0.95594087314983,-1.2945331346632976,nan,nan,0.26505463359245757,0.35961626180360995,0.05657908935155111,7.1652359367007135,0.004552670388407232,nan,23.275822747499266,nan,0.7109375,0.40234375,2.1977398371209724
2,spectral-friendly-sam-muon,spectral-friendly-sam-muon,Spectral Friendly SAM-Muon,,muon,friendly,spectral,both,1.3,0.05,nominal,0.02,additive,1.0,nn_ce,2.2504740078131276,7,0,-1,500,1000,0.98269279253629,-1.2677812152768375,nan,nan,0.28367736358002926,0.37388843645626807,0.059629859423717436,7.180945343248931,0.0036288023918116252,nan,23.712657260736425,nan,0.7265625,0.412109375,2.381509627677867
2,spectral-friendly-sam-muon,spectral-friendly-sam-muon,Spectral Friendly SAM-Muon,,muon,friendly,spectral,both,1.3,0.5,nominal,0.02,additive,1.0,nn_ce,2.2504740078131276,0,0,-1,500,1000,1.0751925077959357,-1.175281500017192,nan,nan,0.2561767202817893,3.659068326391245,0.5988143565217575,7.3823728303893885,0.1948103943427706,nan,23.889448244825182,nan,0.703125,0.41796875,2.100398030008746
2,spectral-friendly-sam-muon,spectral-friendly-sam-muon,Spectral Friendly SAM-Muon,,muon,friendly,spectral,both,1.3,0.5,nominal,0.02,additive,1.0,nn_ce,2.2504740078131276,1,0,-1,500,1000,1.1128278250395227,-1.1376461827736049,nan,nan,0.2584544356452481,3.7165429255297737,0.6011704938715973,7.05041158352061,0.17421153108143406,nan,23.34469176340415,nan,0.6796875,0.421875,2.2197465808224193
2,spectral-friendly-sam-muon,spectral-friendly-sam-muon,Spectral Friendly SAM-Muon,,muon,friendly,spectral,both,1.3,0.5,nominal,0.02,additive,1.0,nn_ce,2.2504740078131276,2,0,-1,500,1000,1.081221357126058,-1.1692526506870695,nan,nan,0.2501180185644545,3.6457216929869776,0.5671301634496901,7.435916351791198,0.19251755935743264,nan,23.974362685566618,nan,0.708984375,0.4375,2.100383334257002
2,spectral-friendly-sam-muon,spectral-friendly-sam-muon,Spectral Friendly SAM-Muon,,muon,friendly,spectral,both,1.3,0.5,nominal,0.02,additive,1.0,nn_ce,2.2504740078131276,3,0,-1,500,1000,1.0763024360205864,-1.1741715717925412,nan,nan,0.26647443389304387,3.6152175701388787,0.5981941365020111,7.158829377944564,0.21499358472222196,nan,23.71436487689634,nan,0.712890625,0.4140625,2.188951158817967
2,spectral-friendly-sam-muon,spectral-friendly-sam-muon,Spectral Friendly SAM-Muon,,muon,friendly,spectral,both,1.3,0.5,nominal,0.02,additive,1.0,nn_ce,2.2504740078131276,4,0,-1,500,1000,1.0436693776280885,-1.206804630185039,nan,nan,0.26055712677401616,3.6070701033222035,0.5911143085839428,7.516869601016554,0.16351615195819957,nan,23.931286434320736,nan,0.69140625,0.419921875,2.1251844597974214
2,spectral-friendly-sam-muon,spectral-friendly-sam-muon,Spectral Friendly SAM-Muon,,muon,friendly,spectral,both,1.3,0.5,nominal,0.02,additive,1.0,nn_ce,2.2504740078131276,5,0,-1,500,1000,1.1329559401861125,-1.117518067627015,nan,nan,0.26935142307941295,3.662442060586005,0.5670401912013345,7.374649923352005,0.19909805913348455,nan,23.668110792892367,nan,0.658203125,0.423828125,2.126763443323934
2,spectral-friendly-sam-muon,spectral-friendly-sam-muon,Spectral Friendly SAM-Muon,,muon,friendly,spectral,both,1.3,0.5,nominal,0.02,additive,1.0,nn_ce,2.2504740078131276,6,0,-1,500,1000,1.0772601343601926,-1.173213873452935,nan,nan,0.2657854032013089,3.6098340275299243,0.5661599956258868,7.17084087430997,0.22216856615842429,nan,23.082831236105914,nan,0.703125,0.423828125,2.0583662285742514
2,spectral-friendly-sam-muon,spectral-friendly-sam-muon,Spectral Friendly SAM-Muon,,muon,friendly,spectral,both,1.3,0.5,nominal,0.02,additive,1.0,nn_ce,2.2504740078131276,7,0,-1,500,1000,1.1200772781265058,-1.1303967296866217,nan,nan,0.2801718864933633,3.73772395602043,0.595292458191612,7.15938603133061,0.21733192377867483,nan,23.488648872111177,nan,0.697265625,0.412109375,2.2479821964817503
2,spectral-friendly-sam-muon,spectral-friendly-sam-muon,Spectral Friendly SAM-Muon,,muon,friendly,spectral,both,1.3,1.0,nominal,0.02,additive,1.0,nn_ce,2.2504740078131276,0,0,-1,500,1000,1.3806291469044933,-0.8698448609086342,nan,nan,0.3003511911495495,7.364694725000884,1.2015913683476096,7.443021420995076,0.5156092290122642,nan,23.219511324531886,nan,0.609375,0.42578125,2.111920346756681
2,spectral-friendly-sam-muon,spectral-friendly-sam-muon,Spectral Friendly SAM-Muon,,muon,friendly,spectral,both,1.3,1.0,nominal,0.02,additive,1.0,nn_ce,2.2504740078131276,1,0,-1,500,1000,1.3634902571799925,-0.8869837506331351,nan,nan,0.2900590546620387,7.439895593027984,1.2023396710733356,7.047311370765036,0.5114544620767731,nan,22.88001793262042,nan,0.609375,0.416015625,2.1503342236190366
2,spectral-friendly-sam-muon,spectral-friendly-sam-muon,Spectral Friendly SAM-Muon,,muon,friendly,spectral,both,1.3,1.0,nominal,0.02,additive,1.0,nn_ce,2.2504740078131276,2,0,-1,500,1000,1.3332225622400486,-0.9172514455730789,nan,nan,0.2873005424018238,7.271827505219181,1.15825931632516,7.376843151341576,0.6582368825317191,nan,23.49497356927956,nan,0.630859375,0.4296875,2.0993781350884717
2,spectral-friendly-sam-muon,spectral-friendly-sam-muon,Spectral Friendly SAM-Muon,,muon,friendly,spectral,both,1.3,1.0,nominal,0.02,additive,1.0,nn_ce,2.2504740078131276,3,0,-1,500,1000,1.3527581052719135,-0.897715902541214,nan,nan,0.30464300000144273,7.266201484635809,1.1767813306050392,7.132897911494012,0.5798610042572248,nan,23.342115438353456,nan,0.62109375,0.435546875,2.1611969980334647
2,spectral-friendly-sam-muon,spectral-friendly-sam-muon,Spectral Friendly SAM-Muon,,muon,friendly,spectral,both,1.3,1.0,nominal,0.02,additive,1.0,nn_ce,2.2504740078131276,4,0,-1,500,1000,1.3192805153287126,-0.931193492484415,nan,nan,0.30409321448851145,7.24890803008954,1.1702037616540542,7.507353415439007,0.5069463607182314,nan,23.54016511764155,nan,0.63671875,0.412109375,2.117083790461714
2,spectral-friendly-sam-muon,spectral-friendly-sam-muon,Spectral Friendly SAM-Muon,,muon,friendly,spectral,both,1.3,1.0,nominal,0.02,additive,1.0,nn_ce,2.2504740078131276,5,0,-1,500,1000,1.390022621515945,-0.8604513862971825,nan,nan,0.31198209446196207,7.273074142290449,1.133744030809929,7.373037286541016,0.6127548020607132,nan,23.205371135031903,nan,0.6171875,0.427734375,2.135154115602024
2,spectral-friendly-sam-muon,spectral-friendly-sam-muon,Spectral Friendly SAM-Muon,,muon,friendly,spectral,both,1.3,1.0,nominal,0.02,additive,1.0,nn_ce,2.2504740078131276,6,0,-1,500,1000,1.3525995244061986,-0.897874483406929,nan,nan,0.30013018040890066,7.222677064333262,1.1599693103655753,7.1691899750933885,0.6651555755211844,nan,22.643855853456007,nan,0.619140625,0.443359375,2.0535140981185425
2,spectral-friendly-sam-muon,spectral-friendly-sam-muon,Spectral Friendly SAM-Muon,,muon,friendly,spectral,both,1.3,1.0,nominal,0.02,additive,1.0,nn_ce,2.2504740078131276,7,0,-1,500,1000,1.413975136773337,-0.8364988710397905,nan,nan,0.3154157714167305,7.4852300917763115,1.1956713208308842,7.160278476956175,0.6333840066083443,nan,22.89159516675681,nan,0.591796875,0.423828125,2.206157899179494
2,stale-friendly-spectral-sam-muon,stale-friendly-spectral-sam-muon,Stale Friendly Spectral SAM-Muon,,muon,stale_friendly,spectral,mnist,1.3,0.1,nominal,0.02,additive,1.0,nn_ce,2.2504740078131276,0,0,-1,500,501,0.9464441934718686,-1.304029814341259,nan,nan,0.27143208643727407,0.7519327534581324,0.12020700833554442,7.402431254157885,0.010840813442137498,nan,24.14557224663355,nan,0.720703125,0.419921875,2.1945271619214735
2,stale-friendly-spectral-sam-muon,stale-friendly-spectral-sam-muon,Stale Friendly Spectral SAM-Muon,,muon,stale_friendly,spectral,mnist,1.3,0.1,nominal,0.02,additive,1.0,nn_ce,2.2504740078131276,1,0,-1,500,501,0.9567479766604361,-1.2937260311526915,nan,nan,0.2639662726548955,0.7150904324003414,0.11931090079112194,7.057622496915433,0.012867618808651948,nan,23.646056416272337,nan,0.71484375,0.41015625,2.351477048258982
2,stale-friendly-spectral-sam-muon,stale-friendly-spectral-sam-muon,Stale Friendly Spectral SAM-Muon,,muon,stale_friendly,spectral,mnist,1.3,0.1,nominal,0.02,additive,1.0,nn_ce,2.2504740078131276,2,0,-1,500,501,0.9609305681534857,-1.289543439659642,nan,nan,0.2545287382715095,0.7049283140471234,0.1134291364128195,7.376523896550401,0.008869874245631015,nan,24.14666535414165,nan,0.734375,0.421875,2.2101242289922722
2,stale-friendly-spectral-sam-muon,stale-friendly-spectral-sam-muon,Stale Friendly Spectral SAM-Muon,,muon,stale_friendly,spectral,mnist,1.3,0.1,nominal,0.02,additive,1.0,nn_ce,2.2504740078131276,3,0,-1,500,501,0.9429247025255396,-1.307549305287588,nan,nan,0.27715385492550754,0.7330108444862219,0.11952514138589532,7.22034314733,0.007122009579799693,nan,23.95753531540983,nan,0.732421875,0.390625,2.3245449592799288
2,stale-friendly-spectral-sam-muon,stale-friendly-spectral-sam-muon,Stale Friendly Spectral SAM-Muon,,muon,stale_friendly,spectral,mnist,1.3,0.1,nominal,0.02,additive,1.0,nn_ce,2.2504740078131276,4,0,-1,500,501,0.9042888478687794,-1.3461851599443482,nan,nan,0.2641116585553501,0.729618561746673,0.11341306997982385,7.516427277157567,0.011258245202932615,nan,24.123182644457977,nan,0.744140625,0.390625,2.2688315138755817
2,stale-friendly-spectral-sam-muon,stale-friendly-spectral-sam-muon,Stale Friendly Spectral SAM-Muon,,muon,stale_friendly,spectral,mnist,1.3,0.1,nominal,0.02,additive,1.0,nn_ce,2.2504740078131276,5,0,-1,500,501,1.0035991513264164,-1.2468748564867111,nan,nan,0.2727521817623176,0.7212826780753373,0.11343231029975828,7.424284901568525,0.002946045873755132,nan,23.940988531494927,nan,0.689453125,0.41015625,2.2380635530385207
2,stale-friendly-spectral-sam-muon,stale-friendly-spectral-sam-muon,Stale Friendly Spectral SAM-Muon,,muon,stale_friendly,spectral,mnist,1.3,0.1,nominal,0.02,additive,1.0,nn_ce,2.2504740078131276,6,0,-1,500,501,0.954642886186789,-1.2958311216263385,nan,nan,0.2662511544698941,0.7279870559517706,0.12023417608874279,7.156256411148704,0.01342093978184411,nan,23.297484314101617,nan,0.708984375,0.400390625,2.2047265171744983
2,stale-friendly-spectral-sam-muon,stale-friendly-spectral-sam-muon,Stale Friendly Spectral SAM-Muon,,muon,stale_friendly,spectral,mnist,1.3,0.1,nominal,0.02,additive,1.0,nn_ce,2.2504740078131276,7,0,-1,500,501,0.9771090558374358,-1.2733649519756918,nan,nan,0.28219503019342385,0.7397795504429114,0.11727572226423386,7.176202319885901,0.016536741035482416,nan,23.741899442291235,nan,0.720703125,0.40625,2.3980250164345
2,stale-friendly-spectral-sam-muon,stale-friendly-spectral-sam-muon,Stale Friendly Spectral SAM-Muon,,muon,stale_friendly,spectral,mnist,1.3,0.5,nominal,0.02,additive,1.0,nn_ce,2.2504740078131276,0,0,-1,500,501,0.9906487788641055,-1.2598252289490222,nan,nan,0.27437749287389784,3.748741199242586,0.6006926499064998,7.36204089275124,0.2248947683589977,nan,24.111270516227037,nan,0.708984375,0.44140625,2.124693767431327
2,stale-friendly-spectral-sam-muon,stale-friendly-spectral-sam-muon,Stale Friendly Spectral SAM-Muon,,muon,stale_friendly,spectral,mnist,1.3,0.5,nominal,0.02,additive,1.0,nn_ce,2.2504740078131276,1,0,-1,500,501,1.0139345691008437,-1.236539438712284,nan,nan,0.2810783253424378,3.562039095205791,0.6011312195614112,7.04436665053863,0.20501370330955915,nan,23.47246758523164,nan,0.693359375,0.412109375,2.3119664605507024
2,stale-friendly-spectral-sam-muon,stale-friendly-spectral-sam-muon,Stale Friendly Spectral SAM-Muon,,muon,stale_friendly,spectral,mnist,1.3,0.5,nominal,0.02,additive,1.0,nn_ce,2.2504740078131276,2,0,-1,500,501,0.998737391438142,-1.2517366163749855,nan,nan,0.25704513499853787,3.536467910328405,0.5670724355345319,7.399645673311184,0.17996617478789978,nan,23.93817502927212,nan,0.7265625,0.431640625,2.1564968713615853
2,stale-friendly-spectral-sam-muon,stale-friendly-spectral-sam-muon,Stale Friendly Spectral SAM-Muon,,muon,stale_friendly,spectral,mnist,1.3,0.5,nominal,0.02,additive,1.0,nn_ce,2.2504740078131276,3,0,-1,500,501,0.9930975798098761,-1.2573764280032513,nan,nan,0.26963595423508785,3.649619317424507,0.5940090715929482,7.138436594594518,0.2191766653447058,nan,23.884072432443393,nan,0.72265625,0.400390625,2.2826734015961763
2,stale-friendly-spectral-sam-muon,stale-friendly-spectral-sam-muon,Stale Friendly Spectral SAM-Muon,,muon,stale_friendly,spectral,mnist,1.3,0.5,nominal,0.02,additive,1.0,nn_ce,2.2504740078131276,4,0,-1,500,501,0.9516237498456168,-1.2988502579675107,nan,nan,0.2693034525334686,3.679624358873734,0.5920674108367291,7.55782911350871,0.19579621020242066,nan,24.041645097350088,nan,0.716796875,0.412109375,2.2046428758090717
2,stale-friendly-spectral-sam-muon,stale-friendly-spectral-sam-muon,Stale Friendly Spectral SAM-Muon,,muon,stale_friendly,spectral,mnist,1.3,0.5,nominal,0.02,additive,1.0,nn_ce,2.2504740078131276,5,0,-1,500,501,1.0497313934729835,-1.200742614340144,nan,nan,0.27585728983361707,3.611400097280687,0.5772827714397402,7.349430817148909,0.2500478481584143,nan,23.68616632832031,nan,0.681640625,0.4140625,2.198886855465104
2,stale-friendly-spectral-sam-muon,stale-friendly-spectral-sam-muon,Stale Friendly Spectral SAM-Muon,,muon,stale_friendly,spectral,mnist,1.3,0.5,nominal,0.02,additive,1.0,nn_ce,2.2504740078131276,6,0,-1,500,501,1.003037258438693,-1.2474367493744345,nan,nan,0.2867111875260928,3.6581171170704563,0.6001424857601833,7.218278646917153,0.3748048677719127,nan,23.293749227767577,nan,0.712890625,0.416015625,2.1366674864049147
2,stale-friendly-spectral-sam-muon,stale-friendly-spectral-sam-muon,Stale Friendly Spectral SAM-Muon,,muon,stale_friendly,spectral,mnist,1.3,0.5,nominal,0.02,additive,1.0,nn_ce,2.2504740078131276,7,0,-1,500,501,1.0213376980581579,-1.2291363097549697,nan,nan,0.2817578469297892,3.7182370795085324,0.5996349982063249,7.177649754127691,0.314352174782599,nan,23.57455084831689,nan,0.705078125,0.44140625,2.3118000407910264
2,stale-friendly-spectral-sam-muon,stale-friendly-spectral-sam-muon,Stale Friendly Spectral SAM-Muon,,muon,stale_friendly,spectral,mnist,1.3,1.0,nominal,0.02,additive,1.0,nn_ce,2.2504740078131276,0,0,-1,500,501,1.1850794731446104,-1.0653945346685172,nan,nan,0.3352835107116787,7.387014098875098,1.2005353178715197,7.33755257227644,0.8692213292450026,nan,23.672700379871323,nan,0.662109375,0.43359375,2.127990240820675
2,stale-friendly-spectral-sam-muon,stale-friendly-spectral-sam-muon,Stale Friendly Spectral SAM-Muon,,muon,stale_friendly,spectral,mnist,1.3,1.0,nominal,0.02,additive,1.0,nn_ce,2.2504740078131276,1,0,-1,500,501,1.2014900155262818,-1.0489839922868458,nan,nan,0.31910993397341847,7.190217027715762,1.1336695175083231,7.084607157268113,1.240031450566811,nan,23.161967388444886,nan,0.65625,0.40625,2.249902310820435
2,stale-friendly-spectral-sam-muon,stale-friendly-spectral-sam-muon,Stale Friendly Spectral SAM-Muon,,muon,stale_friendly,spectral,mnist,1.3,1.0,nominal,0.02,additive,1.0,nn_ce,2.2504740078131276,2,0,-1,500,501,1.1976436002316975,-1.05283040758143,nan,nan,0.33581737074855333,7.172832255980399,1.1328418525930932,7.383107021907324,1.0322007718125303,nan,23.374693124293472,nan,0.669921875,0.44140625,2.1637938571344595
2,stale-friendly-spectral-sam-muon,stale-friendly-spectral-sam-muon,Stale Friendly Spectral SAM-Muon,,muon,stale_friendly,spectral,mnist,1.3,1.0,nominal,0.02,additive,1.0,nn_ce,2.2504740078131276,3,0,-1,500,501,1.191852168562938,-1.0586218392501896,nan,nan,0.3320954987593875,7.363417510307801,1.1340416958985966,7.151742220556221,0.8899461102749262,nan,23.67168714379171,nan,0.666015625,0.431640625,2.227048379027102
2,stale-friendly-spectral-sam-muon,stale-friendly-spectral-sam-muon,Stale Friendly Spectral SAM-Muon,,muon,stale_friendly,spectral,mnist,1.3,1.0,nominal,0.02,additive,1.0,nn_ce,2.2504740078131276,4,0,-1,500,501,1.1603379578300939,-1.0901360499830337,nan,nan,0.3374495243136737,7.314327753655851,1.1342974111984208,7.478846457414408,0.7296452638721453,nan,23.56745582331072,nan,0.662109375,0.412109375,2.1621272449231412
2,stale-friendly-spectral-sam-muon,stale-friendly-spectral-sam-muon,Stale Friendly Spectral SAM-Muon,,muon,stale_friendly,spectral,mnist,1.3,1.0,nominal,0.02,additive,1.0,nn_ce,2.2504740078131276,5,0,-1,500,501,1.2501832079887918,-1.0002907998243358,nan,nan,0.3506127021125226,7.21574348770677,1.1343207440680583,7.242196171890072,0.8407516333166656,nan,23.09255606901309,nan,0.623046875,0.42578125,2.207209943775071
2,stale-friendly-spectral-sam-muon,stale-friendly-spectral-sam-muon,Stale Friendly Spectral SAM-Muon,,muon,stale_friendly,spectral,mnist,1.3,1.0,nominal,0.02,additive,1.0,nn_ce,2.2504740078131276,6,0,-1,500,501,1.2007809852718583,-1.0496930225412693,nan,nan,0.34309826064640103,7.20802677748421,1.134016503804084,7.212967608802907,0.9006061629714697,nan,22.95783783059793,nan,0.650390625,0.435546875,2.1086850129029813
2,stale-friendly-spectral-sam-muon,stale-friendly-spectral-sam-muon,Stale Friendly Spectral SAM-Muon,,muon,stale_friendly,spectral,mnist,1.3,1.0,nominal,0.02,additive,1.0,nn_ce,2.2504740078131276,7,0,-1,500,501,1.217185457368102,-1.0332885504450255,nan,nan,0.34820208384844337,7.484119777180426,1.1914938994397104,7.171010805551668,1.0272739820234214,nan,23.34272194815912,nan,0.658203125,0.43359375,2.2572802188221956
2,sgd,sgd,SGD,,sgd,,,both,1.6,nan,nominal,1.0,additive,1.0,nn_ce,2.2504740078131276,0,0,-1,500,500,0.0025493439352564334,-2.247924663877871,nan,nan,0.032152602729735844,0.0,0.0,4.127748835530506,0.0,nan,21.02353042917835,nan,1.0,0.384765625,57.97773756394524
2,sgd,sgd,SGD,,sgd,,,both,1.6,nan,nominal,1.0,additive,1.0,nn_ce,2.2504740078131276,1,0,-1,500,500,0.005917833101233573,-2.244556174711894,nan,nan,0.040534860754624494,0.0,0.0,3.551648780008664,0.0,nan,20.326093545705834,nan,1.0,0.3828125,50.697282443567715
2,sgd,sgd,SGD,,sgd,,,both,1.6,nan,nominal,1.0,additive,1.0,nn_ce,2.2504740078131276,2,0,-1,500,500,0.004424823350038489,-2.246049184463089,nan,nan,0.04131048901814134,0.0,0.0,3.9017664781279398,0.0,nan,20.12235760355781,nan,1.0,0.4140625,63.77460128229497
2,sgd,sgd,SGD,,sgd,,,both,1.6,nan,nominal,1.0,additive,1.0,nn_ce,2.2504740078131276,3,0,-1,500,500,0.04149074312902576,-2.2089832646841017,nan,nan,0.035250450611294136,0.0,0.0,3.579901548517768,0.0,nan,19.20793447109493,nan,0.98828125,0.41015625,69.14477057922815
2,sgd,sgd,SGD,,sgd,,,both,1.6,nan,nominal,1.0,additive,1.0,nn_ce,2.2504740078131276,4,0,-1,500,500,0.04487700879533965,-2.205596999017788,nan,nan,0.37357477592520544,0.0,0.0,3.1797333749718764,0.0,nan,19.793415132755037,nan,0.990234375,0.349609375,57.03700480660643
2,sgd,sgd,SGD,,sgd,,,both,1.6,nan,nominal,1.0,additive,1.0,nn_ce,2.2504740078131276,5,0,-1,500,500,0.061321825724265235,-2.189152182088862,nan,nan,0.1421282076287614,0.0,0.0,3.822066574906486,0.0,nan,19.560602464810813,nan,0.994140625,0.390625,54.1652857246665
2,sgd,sgd,SGD,,sgd,,,both,1.6,nan,nominal,1.0,additive,1.0,nn_ce,2.2504740078131276,6,0,-1,500,500,0.002732488883266986,-2.2477415189298604,nan,nan,0.07322529070202305,0.0,0.0,4.158894360744914,0.0,nan,18.42252029339933,nan,0.998046875,0.376953125,61.357683357482436
2,sgd,sgd,SGD,,sgd,,,both,1.6,nan,nominal,1.0,additive,1.0,nn_ce,2.2504740078131276,7,0,-1,500,500,0.01630459753008223,-2.2341694102830454,nan,nan,0.027505065079911132,0.0,0.0,2.91523788163333,0.0,nan,19.48295730889478,nan,0.99609375,0.388671875,48.87451530131959
2,stale-momentum-friendly-spectral-sam-muon,stale-momentum-friendly-spectral-sam-muon,Stale Momentum-Friendly Spectral SAM-Muon,,muon,stale_momentum_friendly,spectral,mnist,1.3,0.01,nominal,0.02,additive,1.0,nn_ce,2.2504740078131276,0,0,-1,500,501,0.9497043066561954,-1.3007697011569321,nan,nan,0.27421599714162265,0.0759082783123624,0.012023632531468242,7.398233939385641,0.0005919098745283957,nan,24.149057798436267,nan,0.71875,0.427734375,2.204748387890797
2,stale-momentum-friendly-spectral-sam-muon,stale-momentum-friendly-spectral-sam-muon,Stale Momentum-Friendly Spectral SAM-Muon,,muon,stale_momentum_friendly,spectral,mnist,1.3,0.01,nominal,0.02,additive,1.0,nn_ce,2.2504740078131276,1,0,-1,500,501,0.9563381841155636,-1.294135823697564,nan,nan,0.26296354092984614,0.07311438142720697,0.011858956682626733,7.063283560210948,-9.483826945855256e-05,nan,23.64966082692547,nan,0.71875,0.412109375,2.35557824775206
2,stale-momentum-friendly-spectral-sam-muon,stale-momentum-friendly-spectral-sam-muon,Stale Momentum-Friendly Spectral SAM-Muon,,muon,stale_momentum_friendly,spectral,mnist,1.3,0.01,nominal,0.02,additive,1.0,nn_ce,2.2504740078131276,2,0,-1,500,501,0.9675850781182423,-1.2828889296948853,nan,nan,0.2588616809424977,0.07140805789580687,0.011336845782522064,7.376378257465061,-6.823105943187802e-05,nan,24.173363121185393,nan,0.73046875,0.41796875,2.2132994837730253
2,stale-momentum-friendly-spectral-sam-muon,stale-momentum-friendly-spectral-sam-muon,Stale Momentum-Friendly Spectral SAM-Muon,,muon,stale_momentum_friendly,spectral,mnist,1.3,0.01,nominal,0.02,additive,1.0,nn_ce,2.2504740078131276,3,0,-1,500,501,0.9429218002136242,-1.3075522075995034,nan,nan,0.2797241539248575,0.07376326731778184,0.011863860759087182,7.229451250296842,-0.00031467068554225097,nan,23.91288840467197,nan,0.736328125,0.39453125,2.331047113528731
2,stale-momentum-friendly-spectral-sam-muon,stale-momentum-friendly-spectral-sam-muon,Stale Momentum-Friendly Spectral SAM-Muon,,muon,stale_momentum_friendly,spectral,mnist,1.3,0.01,nominal,0.02,additive,1.0,nn_ce,2.2504740078131276,4,0,-1,500,501,0.9027996747620892,-1.3476743330510383,nan,nan,0.26708839914057547,0.07332706425993078,0.011995850699587616,7.499987829314451,0.000566016011559145,nan,24.14338263614067,nan,0.744140625,0.3984375,2.268511373332729
2,stale-momentum-friendly-spectral-sam-muon,stale-momentum-friendly-spectral-sam-muon,Stale Momentum-Friendly Spectral SAM-Muon,,muon,stale_momentum_friendly,spectral,mnist,1.3,0.01,nominal,0.02,additive,1.0,nn_ce,2.2504740078131276,5,0,-1,500,501,1.0051040123934303,-1.2453699954196973,nan,nan,0.2737785528317357,0.07202217802754837,0.012006171572848659,7.396681457646437,-0.0005139850109261435,nan,23.99307471203066,nan,0.69140625,0.408203125,2.2470973207708314
2,stale-momentum-friendly-spectral-sam-muon,stale-momentum-friendly-spectral-sam-muon,Stale Momentum-Friendly Spectral SAM-Muon,,muon,stale_momentum_friendly,spectral,mnist,1.3,0.01,nominal,0.02,additive,1.0,nn_ce,2.2504740078131276,6,0,-1,500,501,0.955092787592239,-1.2953812202208885,nan,nan,0.2695875573867023,0.07310925395552476,0.011876316368209962,7.160986172172459,0.0005473881100120925,nan,23.29477415800977,nan,0.708984375,0.4140625,2.207986571885204
2,stale-momentum-friendly-spectral-sam-muon,stale-momentum-friendly-spectral-sam-muon,Stale Momentum-Friendly Spectral SAM-Muon,,muon,stale_momentum_friendly,spectral,mnist,1.3,0.01,nominal,0.02,additive,1.0,nn_ce,2.2504740078131276,7,0,-1,500,501,0.9818471691126152,-1.2686268387005124,nan,nan,0.2883957934362801,0.07377915807922675,0.011306212515380026,7.172186101108859,0.00038487299217437876,nan,23.744860469118183,nan,0.708984375,0.41796875,2.4045529519463607
2,stale-momentum-friendly-spectral-sam-muon,stale-momentum-friendly-spectral-sam-muon,Stale Momentum-Friendly Spectral SAM-Muon,,muon,stale_momentum_friendly,spectral,mnist,1.3,0.2,nominal,0.02,additive,1.0,nn_ce,2.2504740078131276,0,0,-1,500,501,0.9481647173943423,-1.3023092904187852,nan,nan,0.2633225408175846,1.5135240926710871,0.24033513959304562,7.406663279141682,0.05238046395967366,nan,24.138557463044904,nan,0.73046875,0.42578125,2.1716892031738526
2,stale-momentum-friendly-spectral-sam-muon,stale-momentum-friendly-spectral-sam-muon,Stale Momentum-Friendly Spectral SAM-Muon,,muon,stale_momentum_friendly,spectral,mnist,1.3,0.2,nominal,0.02,additive,1.0,nn_ce,2.2504740078131276,1,0,-1,500,501,0.96562358955621,-1.2848504182569176,nan,nan,0.2616630035318091,1.4762066159833966,0.24011150283951363,7.052656103512714,0.051845179625211846,nan,23.61715843519014,nan,0.71484375,0.421875,2.3359032930011834
2,stale-momentum-friendly-spectral-sam-muon,stale-momentum-friendly-spectral-sam-muon,Stale Momentum-Friendly Spectral SAM-Muon,,muon,stale_momentum_friendly,spectral,mnist,1.3,0.2,nominal,0.02,additive,1.0,nn_ce,2.2504740078131276,2,0,-1,500,501,0.9606587975349116,-1.289815210278216,nan,nan,0.2516051622606778,1.4221225812829998,0.22686072509269792,7.363341306537884,0.028463234647919,nan,24.098742647720183,nan,0.740234375,0.423828125,2.198020551624073
2,stale-momentum-friendly-spectral-sam-muon,stale-momentum-friendly-spectral-sam-muon,Stale Momentum-Friendly Spectral SAM-Muon,,muon,stale_momentum_friendly,spectral,mnist,1.3,0.2,nominal,0.02,additive,1.0,nn_ce,2.2504740078131276,3,0,-1,500,501,0.955217324443498,-1.2952566833696295,nan,nan,0.27209496640565933,1.4750393538748714,0.23951309291328804,7.208295088846998,0.03985546995039635,nan,23.9516473546754,nan,0.728515625,0.396484375,2.323468102038457
2,stale-momentum-friendly-spectral-sam-muon,stale-momentum-friendly-spectral-sam-muon,Stale Momentum-Friendly Spectral SAM-Muon,,muon,stale_momentum_friendly,spectral,mnist,1.3,0.2,nominal,0.02,additive,1.0,nn_ce,2.2504740078131276,4,0,-1,500,501,0.9161819868533316,-1.334292020959796,nan,nan,0.2647285692138395,1.4582774567582701,0.2398755539332949,7.516095112741397,0.03563388602135009,nan,24.123043298086543,nan,0.740234375,0.388671875,2.246728716715859
2,stale-momentum-friendly-spectral-sam-muon,stale-momentum-friendly-spectral-sam-muon,Stale Momentum-Friendly Spectral SAM-Muon,,muon,stale_momentum_friendly,spectral,mnist,1.3,0.2,nominal,0.02,additive,1.0,nn_ce,2.2504740078131276,5,0,-1,500,501,1.0027600265637344,-1.2477139812493931,nan,nan,0.270164092303988,1.4417811645035759,0.22771089326800523,7.414289053839875,0.028511891354576324,nan,23.912433597264258,nan,0.685546875,0.40625,2.22087987785798
2,stale-momentum-friendly-spectral-sam-muon,stale-momentum-friendly-spectral-sam-muon,Stale Momentum-Friendly Spectral SAM-Muon,,muon,stale_momentum_friendly,spectral,mnist,1.3,0.2,nominal,0.02,additive,1.0,nn_ce,2.2504740078131276,6,0,-1,500,501,0.9588592787779173,-1.2916147290352102,nan,nan,0.2678235699320096,1.4605323332879436,0.2338916351368605,7.168216492412649,0.051659381157100004,nan,23.303487321624907,nan,0.703125,0.40234375,2.185068776450003
2,stale-momentum-friendly-spectral-sam-muon,stale-momentum-friendly-spectral-sam-muon,Stale Momentum-Friendly Spectral SAM-Muon,,muon,stale_momentum_friendly,spectral,mnist,1.3,0.2,nominal,0.02,additive,1.0,nn_ce,2.2504740078131276,7,0,-1,500,501,0.9784746127514574,-1.2719993950616701,nan,nan,0.27912807640824944,1.4843726447406722,0.22672943804972767,7.186833134591667,0.05325809317454511,nan,23.69794501510138,nan,0.720703125,0.416015625,2.371221087689065
2,stale-momentum-friendly-spectral-sam-muon,stale-momentum-friendly-spectral-sam-muon,Stale Momentum-Friendly Spectral SAM-Muon,,muon,stale_momentum_friendly,spectral,mnist,1.3,0.05,nominal,0.02,additive,1.0,nn_ce,2.2504740078131276,0,0,-1,500,501,0.9477860601210135,-1.302687947692114,nan,nan,0.2717269883426952,0.37948826536194724,0.060101473482400594,7.406703063440571,0.005270514763222156,nan,24.15802913221705,nan,0.72265625,0.42578125,2.1924460696179096
2,stale-momentum-friendly-spectral-sam-muon,stale-momentum-friendly-spectral-sam-muon,Stale Momentum-Friendly Spectral SAM-Muon,,muon,stale_momentum_friendly,spectral,mnist,1.3,0.05,nominal,0.02,additive,1.0,nn_ce,2.2504740078131276,1,0,-1,500,501,0.9564918838113643,-1.2939821240017633,nan,nan,0.26228284476138897,0.36614392800389367,0.05941478031641173,7.063837247770545,0.002606484233177775,nan,23.63816095305027,nan,0.71875,0.40625,2.3558487689271352
2,stale-momentum-friendly-spectral-sam-muon,stale-momentum-friendly-spectral-sam-muon,Stale Momentum-Friendly Spectral SAM-Muon,,muon,stale_momentum_friendly,spectral,mnist,1.3,0.05,nominal,0.02,additive,1.0,nn_ce,2.2504740078131276,2,0,-1,500,501,0.9631056767443225,-1.287368331068805,nan,nan,0.2585646522274756,0.35626024502681103,0.056678071896696186,7.382518966518796,0.0019523415345268358,nan,24.160174399141606,nan,0.732421875,0.41796875,2.216432065091976
2,stale-momentum-friendly-spectral-sam-muon,stale-momentum-friendly-spectral-sam-muon,Stale Momentum-Friendly Spectral SAM-Muon,,muon,stale_momentum_friendly,spectral,mnist,1.3,0.05,nominal,0.02,additive,1.0,nn_ce,2.2504740078131276,3,0,-1,500,501,0.9464056289842679,-1.3040683788288596,nan,nan,0.2792414889409755,0.368894142416195,0.059444284408615246,7.227599272400799,0.0005202947564848515,nan,23.924331977656095,nan,0.736328125,0.392578125,2.3265180564648658
2,stale-momentum-friendly-spectral-sam-muon,stale-momentum-friendly-spectral-sam-muon,Stale Momentum-Friendly Spectral SAM-Muon,,muon,stale_momentum_friendly,spectral,mnist,1.3,0.05,nominal,0.02,additive,1.0,nn_ce,2.2504740078131276,4,0,-1,500,501,0.902541311864963,-1.3479326959481646,nan,nan,0.2669403830172438,0.3656903993302054,0.05990848265055964,7.5052948797466135,0.004243511244825693,nan,24.158732002851814,nan,0.74609375,0.390625,2.2665682859732934
2,stale-momentum-friendly-spectral-sam-muon,stale-momentum-friendly-spectral-sam-muon,Stale Momentum-Friendly Spectral SAM-Muon,,muon,stale_momentum_friendly,spectral,mnist,1.3,0.05,nominal,0.02,additive,1.0,nn_ce,2.2504740078131276,5,0,-1,500,501,1.0044574310370846,-1.246016576776043,nan,nan,0.27156884078321675,0.36065455687377973,0.05946521592987,7.4040580431061835,-0.0004050438500933229,nan,23.97182816456666,nan,0.689453125,0.41015625,2.2437075521629177
2,stale-momentum-friendly-spectral-sam-muon,stale-momentum-friendly-spectral-sam-muon,Stale Momentum-Friendly Spectral SAM-Muon,,muon,stale_momentum_friendly,spectral,mnist,1.3,0.05,nominal,0.02,additive,1.0,nn_ce,2.2504740078131276,6,0,-1,500,501,0.9552140344274411,-1.2952599733856864,nan,nan,0.2687650605568569,0.36547183031960045,0.05905242215438667,7.161650330500872,0.004928038752968433,nan,23.306112920701576,nan,0.70703125,0.404296875,2.204423179548275
2,stale-momentum-friendly-spectral-sam-muon,stale-momentum-friendly-spectral-sam-muon,Stale Momentum-Friendly Spectral SAM-Muon,,muon,stale_momentum_friendly,spectral,mnist,1.3,0.05,nominal,0.02,additive,1.0,nn_ce,2.2504740078131276,7,0,-1,500,501,0.9812359921390277,-1.2692380156740999,nan,nan,0.2849679279241078,0.37035634306498094,0.056548416225169325,7.177776642929262,0.004369715502484883,nan,23.751194451466073,nan,0.71484375,0.4140625,2.4027992076229134
2,muon,muon,Muon,,muon,,,both,1.6,nan,nominal,0.02,additive,1.0,nn_ce,2.2504740078131276,0,0,-1,500,500,0.5222834504545312,-1.7281905573585963,nan,nan,0.1729076438514225,0.0,0.0,7.208491947073443,0.0,nan,23.165954197484552,nan,0.8828125,0.416015625,2.320051634466323
2,muon,muon,Muon,,muon,,,both,1.6,nan,nominal,0.02,additive,1.0,nn_ce,2.2504740078131276,1,0,-1,500,500,0.4867968950561401,-1.7636771127569875,nan,nan,0.16708934070130219,0.0,0.0,6.9745982666813955,0.0,nan,23.651822609688047,nan,0.8984375,0.42578125,2.2115724793459326
2,muon,muon,Muon,,muon,,,both,1.6,nan,nominal,0.02,additive,1.0,nn_ce,2.2504740078131276,2,0,-1,500,500,0.4727309228313237,-1.777743084981804,nan,nan,0.1677564861275148,0.0,0.0,7.002593207868314,0.0,nan,23.33088003529683,nan,0.90234375,0.4453125,2.2577383580290977
2,muon,muon,Muon,,muon,,,both,1.6,nan,nominal,0.02,additive,1.0,nn_ce,2.2504740078131276,3,0,-1,500,500,0.4568133843840215,-1.7936606234291061,nan,nan,0.16591769829339742,0.0,0.0,7.053264292432937,0.0,nan,23.90616640299164,nan,0.900390625,0.4296875,2.266106216522229
2,muon,muon,Muon,,muon,,,both,1.6,nan,nominal,0.02,additive,1.0,nn_ce,2.2504740078131276,4,0,-1,500,500,0.5171744044329193,-1.7332996033802082,nan,nan,0.1786937578438699,0.0,0.0,7.250780735291661,0.0,nan,23.79338544406122,nan,0.87890625,0.419921875,2.2548256852467343
2,muon,muon,Muon,,muon,,,both,1.6,nan,nominal,0.02,additive,1.0,nn_ce,2.2504740078131276,5,0,-1,500,500,0.4630555711677705,-1.787418436645357,nan,nan,0.16788486242363895,0.0,0.0,7.375929121378076,0.0,nan,23.746115553983376,nan,0.88671875,0.4453125,2.244654546669756
2,muon,muon,Muon,,muon,,,both,1.6,nan,nominal,0.02,additive,1.0,nn_ce,2.2504740078131276,6,0,-1,500,500,0.5117010829027331,-1.7387729249103945,nan,nan,0.17169941233988822,0.0,0.0,7.126625735752602,0.0,nan,23.734298990086547,nan,0.875,0.435546875,2.180401213725047
2,muon,muon,Muon,,muon,,,both,1.6,nan,nominal,0.02,additive,1.0,nn_ce,2.2504740078131276,7,0,-1,500,500,0.4765843837138489,-1.7738896240992785,nan,nan,0.17475906518833317,0.0,0.0,7.068893517103774,0.0,nan,23.320159125468912,nan,0.896484375,0.435546875,2.229595035846917
2,stale-momentum-friendly-spectral-sam-muon,stale-momentum-friendly-spectral-sam-muon,Stale Momentum-Friendly Spectral SAM-Muon,,muon,stale_momentum_friendly,spectral,mnist,1.3,0.1,nominal,0.02,additive,1.0,nn_ce,2.2504740078131276,0,0,-1,500,501,0.9469685042974741,-1.3035055035156535,nan,nan,0.26894782688067487,0.7570816184404479,0.1202366416015632,7.405644015810199,0.016367522920289423,nan,24.154264543516792,nan,0.720703125,0.42578125,2.1875590697183727
2,stale-momentum-friendly-spectral-sam-muon,stale-momentum-friendly-spectral-sam-muon,Stale Momentum-Friendly Spectral SAM-Muon,,muon,stale_momentum_friendly,spectral,mnist,1.3,0.1,nominal,0.02,additive,1.0,nn_ce,2.2504740078131276,1,0,-1,500,501,0.9599086672008486,-1.290565340612279,nan,nan,0.2627306592208228,0.7353746276455351,0.11953872140680387,7.058800678938999,0.013048165986945137,nan,23.646593662884285,nan,0.71484375,0.408203125,2.349373697881099
2,stale-momentum-friendly-spectral-sam-muon,stale-momentum-friendly-spectral-sam-muon,Stale Momentum-Friendly Spectral SAM-Muon,,muon,stale_momentum_friendly,spectral,mnist,1.3,0.1,nominal,0.02,additive,1.0,nn_ce,2.2504740078131276,2,0,-1,500,501,0.9629636120417103,-1.2875103957714171,nan,nan,0.2546231650305756,0.7107121292018612,0.11335268655421543,7.382184058240494,0.008315125123841693,nan,24.156949615531733,nan,0.734375,0.421875,2.2094112730114084
2,stale-momentum-friendly-spectral-sam-muon,stale-momentum-friendly-spectral-sam-muon,Stale Momentum-Friendly Spectral SAM-Muon,,muon,stale_momentum_friendly,spectral,mnist,1.3,0.1,nominal,0.02,additive,1.0,nn_ce,2.2504740078131276,3,0,-1,500,501,0.944634486317104,-1.3058395214960234,nan,nan,0.27581745606650704,0.7370190874782446,0.11891786256280369,7.235105377121313,0.006872406038936019,nan,23.934798555776005,nan,0.734375,0.390625,2.322610875102372
2,stale-momentum-friendly-spectral-sam-muon,stale-momentum-friendly-spectral-sam-muon,Stale Momentum-Friendly Spectral SAM-Muon,,muon,stale_momentum_friendly,spectral,mnist,1.3,0.1,nominal,0.02,additive,1.0,nn_ce,2.2504740078131276,4,0,-1,500,501,0.9045267885985737,-1.3459472192145538,nan,nan,0.26602051582259456,0.7306764488866976,0.11989487771878791,7.518953464669017,0.012772503717037864,nan,24.149590080816527,nan,0.744140625,0.388671875,2.2574582132968457
2,stale-momentum-friendly-spectral-sam-muon,stale-momentum-friendly-spectral-sam-muon,Stale Momentum-Friendly Spectral SAM-Muon,,muon,stale_momentum_friendly,spectral,mnist,1.3,0.1,nominal,0.02,additive,1.0,nn_ce,2.2504740078131276,5,0,-1,500,501,1.0008634487737775,-1.24961055903935,nan,nan,0.2705762180210443,0.7176605202409123,0.11813471665490372,7.420827223939024,0.0035659876657267997,nan,23.950974596110036,nan,0.689453125,0.40625,2.240195796678324
2,stale-momentum-friendly-spectral-sam-muon,stale-momentum-friendly-spectral-sam-muon,Stale Momentum-Friendly Spectral SAM-Muon,,muon,stale_momentum_friendly,spectral,mnist,1.3,0.1,nominal,0.02,additive,1.0,nn_ce,2.2504740078131276,6,0,-1,500,501,0.9556807171925097,-1.2947932906206179,nan,nan,0.26587119890670513,0.7303920559231675,0.11773170788970237,7.1550350977199315,0.015067172190473488,nan,23.289775767819968,nan,0.712890625,0.400390625,2.2006448702757644
2,stale-momentum-friendly-spectral-sam-muon,stale-momentum-friendly-spectral-sam-muon,Stale Momentum-Friendly Spectral SAM-Muon,,muon,stale_momentum_friendly,spectral,mnist,1.3,0.1,nominal,0.02,additive,1.0,nn_ce,2.2504740078131276,7,0,-1,500,501,0.978050264779782,-1.2724237430333456,nan,nan,0.28057194633785687,0.7415111711878853,0.11317740501705474,7.177277453938105,0.015037959934094736,nan,23.743437654367057,nan,0.716796875,0.400390625,2.393247726261266
2,stale-momentum-friendly-spectral-sam-muon,stale-momentum-friendly-spectral-sam-muon,Stale Momentum-Friendly Spectral SAM-Muon,,muon,stale_momentum_friendly,spectral,mnist,1.3,0.02,nominal,0.02,additive,1.0,nn_ce,2.2504740078131276,0,0,-1,500,501,0.9496280579702605,-1.300845949842867,nan,nan,0.27373191057289126,0.1517904084963772,0.024045034332405252,7.403899969007684,0.0013882401454684556,nan,24.151364803759634,nan,0.71875,0.431640625,2.203448868109639
2,stale-momentum-friendly-spectral-sam-muon,stale-momentum-friendly-spectral-sam-muon,Stale Momentum-Friendly Spectral SAM-Muon,,muon,stale_momentum_friendly,spectral,mnist,1.3,0.02,nominal,0.02,additive,1.0,nn_ce,2.2504740078131276,1,0,-1,500,501,0.9566335485400344,-1.2938404592730932,nan,nan,0.26274011806470937,0.14644302114240718,0.02373913337329219,7.063579411618397,0.00014261569697127108,nan,23.65022521818755,nan,0.71875,0.40625,2.357185208039507
2,stale-momentum-friendly-spectral-sam-muon,stale-momentum-friendly-spectral-sam-muon,Stale Momentum-Friendly Spectral SAM-Muon,,muon,stale_momentum_friendly,spectral,mnist,1.3,0.02,nominal,0.02,additive,1.0,nn_ce,2.2504740078131276,2,0,-1,500,501,0.9663163344378661,-1.2841576733752613,nan,nan,0.2574951968282968,0.14293506382746632,0.022672981263126654,7.3782799258180845,7.433076125729077e-05,nan,24.173338978749392,nan,0.734375,0.421875,2.207608101686191
2,stale-momentum-friendly-spectral-sam-muon,stale-momentum-friendly-spectral-sam-muon,Stale Momentum-Friendly Spectral SAM-Muon,,muon,stale_momentum_friendly,spectral,mnist,1.3,0.02,nominal,0.02,additive,1.0,nn_ce,2.2504740078131276,3,0,-1,500,501,0.9443601834401882,-1.3061138243729393,nan,nan,0.27976008151254683,0.14761357676505837,0.02372371183318918,7.22637240589428,-0.0004713336635732146,nan,23.912015791107834,nan,0.736328125,0.392578125,2.33163970055306
2,stale-momentum-friendly-spectral-sam-muon,stale-momentum-friendly-spectral-sam-muon,Stale Momentum-Friendly Spectral SAM-Muon,,muon,stale_momentum_friendly,spectral,mnist,1.3,0.02,nominal,0.02,additive,1.0,nn_ce,2.2504740078131276,4,0,-1,500,501,0.9038728511729623,-1.3466011566401652,nan,nan,0.2684563746222477,0.14664233066204216,0.02397853661737903,7.4969618387692725,0.0013548381242592944,nan,24.156244581548624,nan,0.740234375,0.400390625,2.2684877450922136
2,stale-momentum-friendly-spectral-sam-muon,stale-momentum-friendly-spectral-sam-muon,Stale Momentum-Friendly Spectral SAM-Muon,,muon,stale_momentum_friendly,spectral,mnist,1.3,0.02,nominal,0.02,additive,1.0,nn_ce,2.2504740078131276,5,0,-1,500,501,1.002975174527477,-1.2474988332856505,nan,nan,0.2752954206518859,0.14392763287942656,0.024025292238607554,7.396640175295566,-0.0008440865208685366,nan,23.987547097710017,nan,0.685546875,0.408203125,2.2481565061857705
2,stale-momentum-friendly-spectral-sam-muon,stale-momentum-friendly-spectral-sam-muon,Stale Momentum-Friendly Spectral SAM-Muon,,muon,stale_momentum_friendly,spectral,mnist,1.3,0.02,nominal,0.02,additive,1.0,nn_ce,2.2504740078131276,6,0,-1,500,501,0.9552624299789849,-1.2952115778341426,nan,nan,0.2687991595322133,0.14623590456928473,0.023660975188956702,7.159646802114509,0.00129347083332787,nan,23.297881987743708,nan,0.70703125,0.408203125,2.2077837796078628
2,stale-momentum-friendly-spectral-sam-muon,stale-momentum-friendly-spectral-sam-muon,Stale Momentum-Friendly Spectral SAM-Muon,,muon,stale_momentum_friendly,spectral,mnist,1.3,0.02,nominal,0.02,additive,1.0,nn_ce,2.2504740078131276,7,0,-1,500,501,0.9829055064868172,-1.2675685013263105,nan,nan,0.28663276022530915,0.14788446533638283,0.02261601012007204,7.170132577826551,0.0010813134361404853,nan,23.728840120057647,nan,0.716796875,0.412109375,2.4066897818620276
2,stale-momentum-friendly-spectral-sam-muon,stale-momentum-friendly-spectral-sam-muon,Stale Momentum-Friendly Spectral SAM-Muon,,muon,stale_momentum_friendly,spectral,mnist,1.3,0.5,nominal,0.02,additive,1.0,nn_ce,2.2504740078131276,0,0,-1,500,501,0.9998675670256034,-1.2506064407875241,nan,nan,0.27415308263017457,3.763275579174045,0.6003707471635782,7.298937488696718,0.259313528383873,nan,24.095489240570004,nan,0.697265625,0.44140625,2.13435328735165
2,stale-momentum-friendly-spectral-sam-muon,stale-momentum-friendly-spectral-sam-muon,Stale Momentum-Friendly Spectral SAM-Muon,,muon,stale_momentum_friendly,spectral,mnist,1.3,0.5,nominal,0.02,additive,1.0,nn_ce,2.2504740078131276,1,0,-1,500,501,1.0194597542691313,-1.2310142535439963,nan,nan,0.2770482330816678,3.6750923094976904,0.5994562684884099,7.053075337144423,0.24565513129034944,nan,23.42084524197503,nan,0.69140625,0.4140625,2.302876040727866
2,stale-momentum-friendly-spectral-sam-muon,stale-momentum-friendly-spectral-sam-muon,Stale Momentum-Friendly Spectral SAM-Muon,,muon,stale_momentum_friendly,spectral,mnist,1.3,0.5,nominal,0.02,additive,1.0,nn_ce,2.2504740078131276,2,0,-1,500,501,1.006536512899517,-1.2439374949136106,nan,nan,0.25876981969052826,3.577010343838486,0.5669895771255524,7.402610572669636,0.2009231070322146,nan,23.914496970306647,nan,0.71484375,0.4296875,2.1559722212455465
2,stale-momentum-friendly-spectral-sam-muon,stale-momentum-friendly-spectral-sam-muon,Stale Momentum-Friendly Spectral SAM-Muon,,muon,stale_momentum_friendly,spectral,mnist,1.3,0.5,nominal,0.02,additive,1.0,nn_ce,2.2504740078131276,3,0,-1,500,501,1.0088312825456502,-1.2416427252674773,nan,nan,0.2662183924005953,3.672021773117913,0.5989195251695223,7.1140761679944,0.3246565730918378,nan,23.922704474758486,nan,0.71875,0.404296875,2.2816393480559904
2,stale-momentum-friendly-spectral-sam-muon,stale-momentum-friendly-spectral-sam-muon,Stale Momentum-Friendly Spectral SAM-Muon,,muon,stale_momentum_friendly,spectral,mnist,1.3,0.5,nominal,0.02,additive,1.0,nn_ce,2.2504740078131276,4,0,-1,500,501,0.9635177735852383,-1.2869562342278893,nan,nan,0.26381169877101934,3.6635239203604915,0.5993617111006554,7.51333061485739,0.19796660875524075,nan,24.010997890921825,nan,0.708984375,0.41015625,2.187888164925681
2,stale-momentum-friendly-spectral-sam-muon,stale-momentum-friendly-spectral-sam-muon,Stale Momentum-Friendly Spectral SAM-Muon,,muon,stale_momentum_friendly,spectral,mnist,1.3,0.5,nominal,0.02,additive,1.0,nn_ce,2.2504740078131276,5,0,-1,500,501,1.0556059133975362,-1.1948680944155914,nan,nan,0.2760811508732805,3.6107037605652876,0.5671757362439114,7.335453591118682,0.2721059064903113,nan,23.66808334070453,nan,0.669921875,0.423828125,2.170034156591522
2,stale-momentum-friendly-spectral-sam-muon,stale-momentum-friendly-spectral-sam-muon,Stale Momentum-Friendly Spectral SAM-Muon,,muon,stale_momentum_friendly,spectral,mnist,1.3,0.5,nominal,0.02,additive,1.0,nn_ce,2.2504740078131276,6,0,-1,500,501,1.012548036576569,-1.2379259712365585,nan,nan,0.28095707950779675,3.631362940618107,0.5671233320760578,7.210513598643694,0.2822263861663994,nan,23.273610336315954,nan,0.70703125,0.412109375,2.138816769771735
2,stale-momentum-friendly-spectral-sam-muon,stale-momentum-friendly-spectral-sam-muon,Stale Momentum-Friendly Spectral SAM-Muon,,muon,stale_momentum_friendly,spectral,mnist,1.3,0.5,nominal,0.02,additive,1.0,nn_ce,2.2504740078131276,7,0,-1,500,501,1.0321689772109877,-1.21830503060214,nan,nan,0.2831812436459257,3.6997017321322616,0.5670469974650275,7.144139194850966,0.3526272893549347,nan,23.57890143967233,nan,0.708984375,0.423828125,2.291526849620369
2,stale-momentum-friendly-spectral-sam-muon,stale-momentum-friendly-spectral-sam-muon,Stale Momentum-Friendly Spectral SAM-Muon,,muon,stale_momentum_friendly,spectral,mnist,1.3,1.0,nominal,0.02,additive,1.0,nn_ce,2.2504740078131276,0,0,-1,500,501,1.2265835067803637,-1.023890501032764,nan,nan,0.3404459532378058,7.397352830639399,1.2015954578016648,7.304416690504419,1.0408689555282262,nan,23.53173837232111,nan,0.642578125,0.45703125,2.125633352699593
2,stale-momentum-friendly-spectral-sam-muon,stale-momentum-friendly-spectral-sam-muon,Stale Momentum-Friendly Spectral SAM-Muon,,muon,stale_momentum_friendly,spectral,mnist,1.3,1.0,nominal,0.02,additive,1.0,nn_ce,2.2504740078131276,1,0,-1,500,501,1.2369999396820939,-1.0134740681310337,nan,nan,0.327315487521512,7.401936877175664,1.1707351285548084,7.1390611811780476,0.962817372940699,nan,23.164394476937193,nan,0.64453125,0.41015625,2.2523974578783763
2,stale-momentum-friendly-spectral-sam-muon,stale-momentum-friendly-spectral-sam-muon,Stale Momentum-Friendly Spectral SAM-Muon,,muon,stale_momentum_friendly,spectral,mnist,1.3,1.0,nominal,0.02,additive,1.0,nn_ce,2.2504740078131276,2,0,-1,500,501,1.2234640965970667,-1.0270099112160609,nan,nan,0.33235074167112316,7.303693755137256,1.200339650810764,7.419431019214984,1.152852848073589,nan,23.182396632164913,nan,0.6796875,0.44140625,2.1792808497985763
2,stale-momentum-friendly-spectral-sam-muon,stale-momentum-friendly-spectral-sam-muon,Stale Momentum-Friendly Spectral SAM-Muon,,muon,stale_momentum_friendly,spectral,mnist,1.3,1.0,nominal,0.02,additive,1.0,nn_ce,2.2504740078131276,3,0,-1,500,501,1.2080792649820564,-1.0423947428310711,nan,nan,0.333527271824597,7.316275129569487,1.2022815983721877,7.1646337285163355,0.8898744415115036,nan,23.734225692771105,nan,0.65234375,0.42578125,2.2282735716211723
2,stale-momentum-friendly-spectral-sam-muon,stale-momentum-friendly-spectral-sam-muon,Stale Momentum-Friendly Spectral SAM-Muon,,muon,stale_momentum_friendly,spectral,mnist,1.3,1.0,nominal,0.02,additive,1.0,nn_ce,2.2504740078131276,4,0,-1,500,501,1.1789794132618021,-1.0714945945513255,nan,nan,0.3272700776082389,7.231495806415353,1.1803495432205058,7.437776528399216,0.7269464036662663,nan,23.66555626890262,nan,0.66796875,0.421875,2.147619682217333
2,stale-momentum-friendly-spectral-sam-muon,stale-momentum-friendly-spectral-sam-muon,Stale Momentum-Friendly Spectral SAM-Muon,,muon,stale_momentum_friendly,spectral,mnist,1.3,1.0,nominal,0.02,additive,1.0,nn_ce,2.2504740078131276,5,0,-1,500,501,1.2504822854226254,-0.9999917223905022,nan,nan,0.3384236578684737,7.1365008464401445,1.1989986012428349,7.189732426347062,1.0813736876906352,nan,23.257323817992113,nan,0.623046875,0.4375,2.15934605462163
2,stale-momentum-friendly-spectral-sam-muon,stale-momentum-friendly-spectral-sam-muon,Stale Momentum-Friendly Spectral SAM-Muon,,muon,stale_momentum_friendly,spectral,mnist,1.3,1.0,nominal,0.02,additive,1.0,nn_ce,2.2504740078131276,6,0,-1,500,501,1.2314964993139224,-1.0189775084992052,nan,nan,0.34891863924647504,7.403278461691368,1.1934688644688702,7.2236916626188785,1.3088962736441392,nan,23.052222657624704,nan,0.642578125,0.443359375,2.0879669321029684
2,stale-momentum-friendly-spectral-sam-muon,stale-momentum-friendly-spectral-sam-muon,Stale Momentum-Friendly Spectral SAM-Muon,,muon,stale_momentum_friendly,spectral,mnist,1.3,1.0,nominal,0.02,additive,1.0,nn_ce,2.2504740078131276,7,0,-1,500,501,1.2516123496501992,-0.9988616581629284,nan,nan,0.33896638248017147,7.352970431426414,1.1343122913900714,7.167326917840278,0.9425831969863421,nan,23.299823593657948,nan,0.66796875,0.439453125,2.253524159623499
2,random-spectral-sam-muon,random-spectral-sam-muon,Random Spectral SAM-Muon,,muon,random,spectral,mnist,1.6,0.01,nominal,0.02,additive,1.0,nn_ce,2.2504740078131276,0,0,-1,500,500,0.5197031551529965,-1.730770852660131,nan,nan,0.17151765341126654,0.06972427101432448,0.011340283463879742,7.210613852649943,-0.00019384638519415187,nan,23.122036300918538,nan,0.87890625,0.421875,2.319749779301891
2,random-spectral-sam-muon,random-spectral-sam-muon,Random Spectral SAM-Muon,,muon,random,spectral,mnist,1.6,0.01,nominal,0.02,additive,1.0,nn_ce,2.2504740078131276,1,0,-1,500,500,0.4859763612119684,-1.7644976466011593,nan,nan,0.16673428112138303,0.06850260009037544,0.011340758244498705,6.978575891519839,2.4194616428663274e-05,nan,23.615974719895835,nan,0.896484375,0.421875,2.20949584291901
2,random-spectral-sam-muon,random-spectral-sam-muon,Random Spectral SAM-Muon,,muon,random,spectral,mnist,1.6,0.01,nominal,0.02,additive,1.0,nn_ce,2.2504740078131276,2,0,-1,500,500,0.4706947369558201,-1.7797792708573075,nan,nan,0.16962939495392887,0.06941420626619586,0.011333277634323825,6.9950334482695835,2.033782759375269e-05,nan,23.330696939938242,nan,0.904296875,0.443359375,2.2507933580611743
2,random-spectral-sam-muon,random-spectral-sam-muon,Random Spectral SAM-Muon,,muon,random,spectral,mnist,1.6,0.01,nominal,0.02,additive,1.0,nn_ce,2.2504740078131276,3,0,-1,500,500,0.4561142226137389,-1.7943597851993887,nan,nan,0.1655133422709096,0.06778574014167293,0.011339522023412476,7.021959902464361,0.00026625157591814164,nan,23.903785099465647,nan,0.900390625,0.4296875,2.2561625393322675
2,random-spectral-sam-muon,random-spectral-sam-muon,Random Spectral SAM-Muon,,muon,random,spectral,mnist,1.6,0.01,nominal,0.02,additive,1.0,nn_ce,2.2504740078131276,4,0,-1,500,500,0.5151089683591695,-1.7353650394539581,nan,nan,0.17824944442122745,0.06870361573277614,0.011343412992451552,7.247992193496641,0.00030329649747939946,nan,23.76070672004688,nan,0.880859375,0.42578125,2.266926446769575
2,random-spectral-sam-muon,random-spectral-sam-muon,Random Spectral SAM-Muon,,muon,random,spectral,mnist,1.6,0.01,nominal,0.02,additive,1.0,nn_ce,2.2504740078131276,5,0,-1,500,500,0.4651558863905838,-1.7853181214225438,nan,nan,0.16830735286551377,0.06992665257693999,0.011328307638292897,7.389011294531166,-4.960235078621533e-06,nan,23.712816270446314,nan,0.88671875,0.44921875,2.239263430385297
2,random-spectral-sam-muon,random-spectral-sam-muon,Random Spectral SAM-Muon,,muon,random,spectral,mnist,1.6,0.01,nominal,0.02,additive,1.0,nn_ce,2.2504740078131276,6,0,-1,500,500,0.5088384968142965,-1.741635510998831,nan,nan,0.17292708703553444,0.06826243595710033,0.01133339365220182,7.142100962045486,-3.704364822176842e-05,nan,23.73213936045802,nan,0.873046875,0.443359375,2.180209917578142
2,random-spectral-sam-muon,random-spectral-sam-muon,Random Spectral SAM-Muon,,muon,random,spectral,mnist,1.6,0.01,nominal,0.02,additive,1.0,nn_ce,2.2504740078131276,7,0,-1,500,500,0.4763337267464331,-1.7741402810666944,nan,nan,0.17432995231484627,0.07059540011875552,0.01165919880646127,7.002473566640361,0.00011661811041041581,nan,23.31533332441811,nan,0.8984375,0.431640625,2.2376167907242674
2,random-spectral-sam-muon,random-spectral-sam-muon,Random Spectral SAM-Muon,,muon,random,spectral,mnist,1.6,0.02,nominal,0.02,additive,1.0,nn_ce,2.2504740078131276,0,0,-1,500,500,0.521591541207055,-1.7288824666060725,nan,nan,0.1723307027881881,0.13944854202864895,0.022680566927759483,7.21510867773286,-0.00011088372651479883,nan,23.096276817761428,nan,0.87890625,0.423828125,2.319821436841471
2,random-spectral-sam-muon,random-spectral-sam-muon,Random Spectral SAM-Muon,,muon,random,spectral,mnist,1.6,0.02,nominal,0.02,additive,1.0,nn_ce,2.2504740078131276,1,0,-1,500,500,0.4878044810570266,-1.762669526756101,nan,nan,0.16752306291571112,0.13700520018075088,0.02268151648899741,7.000103513601676,0.00022640948406382755,nan,23.602878607956328,nan,0.896484375,0.419921875,2.211792089187892
2,random-spectral-sam-muon,random-spectral-sam-muon,Random Spectral SAM-Muon,,muon,random,spectral,mnist,1.6,0.02,nominal,0.02,additive,1.0,nn_ce,2.2504740078131276,2,0,-1,500,500,0.46691055443740337,-1.783563453375724,nan,nan,0.16961024326568197,0.13882841253239173,0.02266655526864765,6.987559577298274,5.328281131405932e-05,nan,23.324015884880865,nan,0.90625,0.435546875,2.25095428239712
2,random-spectral-sam-muon,random-spectral-sam-muon,Random Spectral SAM-Muon,,muon,random,spectral,mnist,1.6,0.02,nominal,0.02,additive,1.0,nn_ce,2.2504740078131276,3,0,-1,500,500,0.4564901108207572,-1.7939838969923705,nan,nan,0.16588717524266844,0.13557148028334587,0.022679044046824953,7.0014002693657575,0.0006449643738412614,nan,23.91893350942899,nan,0.900390625,0.419921875,2.280328414014666
2,random-spectral-sam-muon,random-spectral-sam-muon,Random Spectral SAM-Muon,,muon,random,spectral,mnist,1.6,0.02,nominal,0.02,additive,1.0,nn_ce,2.2504740078131276,4,0,-1,500,500,0.5147253056199894,-1.7357487021931381,nan,nan,0.17960721562694798,0.13740723146555228,0.022686825984903104,7.249032918828309,0.000656992933953604,nan,23.796036996343968,nan,0.8828125,0.431640625,2.2717045291507807
2,random-spectral-sam-muon,random-spectral-sam-muon,Random Spectral SAM-Muon,,muon,random,spectral,mnist,1.6,0.02,nominal,0.02,additive,1.0,nn_ce,2.2504740078131276,5,0,-1,500,500,0.4637565793001831,-1.7867174285129446,nan,nan,0.16850326893183987,0.13985330515387998,0.022656615276585794,7.378186648909039,9.645160712451473e-05,nan,23.720382223837756,nan,0.880859375,0.447265625,2.244242162386608
2,random-spectral-sam-muon,random-spectral-sam-muon,Random Spectral SAM-Muon,,muon,random,spectral,mnist,1.6,0.02,nominal,0.02,additive,1.0,nn_ce,2.2504740078131276,6,0,-1,500,500,0.5083460173675739,-1.7421279904455536,nan,nan,0.17058332906494053,0.13652487191420065,0.02266678730440364,7.136882282085328,5.935557525482693e-05,nan,23.74771388602682,nan,0.8671875,0.4375,2.175659876366442
2,random-spectral-sam-muon,random-spectral-sam-muon,Random Spectral SAM-Muon,,muon,random,spectral,mnist,1.6,0.02,nominal,0.02,additive,1.0,nn_ce,2.2504740078131276,7,0,-1,500,500,0.4807045303736871,-1.7697694774394406,nan,nan,0.1746151804364247,0.14119080023751104,0.02331839761292254,7.093688486181099,0.00046387436265843407,nan,23.295900745900607,nan,0.896484375,0.43359375,2.241765364885873
2,random-spectral-sam-muon,random-spectral-sam-muon,Random Spectral SAM-Muon,,muon,random,spectral,mnist,1.6,0.05,nominal,0.02,additive,1.0,nn_ce,2.2504740078131276,0,0,-1,500,500,0.5190181895212624,-1.7314558182918651,nan,nan,0.1728060796447658,0.34862135507162245,0.056701417319398706,7.221323860201501,0.0008767413087850118,nan,23.15049322520053,nan,0.884765625,0.427734375,2.322656783626509
2,random-spectral-sam-muon,random-spectral-sam-muon,Random Spectral SAM-Muon,,muon,random,spectral,mnist,1.6,0.05,nominal,0.02,additive,1.0,nn_ce,2.2504740078131276,1,0,-1,500,500,0.48908920442546167,-1.7613848033876658,nan,nan,0.16674903650835737,0.3425130004518772,0.05670379122249351,6.999892320255426,0.0019532488833146067,nan,23.601463281390263,nan,0.892578125,0.423828125,2.2042576659950246
2,random-spectral-sam-muon,random-spectral-sam-muon,Random Spectral SAM-Muon,,muon,random,spectral,mnist,1.6,0.05,nominal,0.02,additive,1.0,nn_ce,2.2504740078131276,2,0,-1,500,500,0.47170806777470137,-1.7787659400384261,nan,nan,0.1686441364567695,0.3470710313309794,0.05666638817161913,6.970843401305197,0.0013487960553293932,nan,23.325528906712577,nan,0.896484375,0.4375,2.248151243835725
2,random-spectral-sam-muon,random-spectral-sam-muon,Random Spectral SAM-Muon,,muon,random,spectral,mnist,1.6,0.05,nominal,0.02,additive,1.0,nn_ce,2.2504740078131276,3,0,-1,500,500,0.45161231582940764,-1.79886169198372,nan,nan,0.16503980890363779,0.33892870070836467,0.05669761011706236,7.049403994369918,0.002697104461789279,nan,23.95411824287985,nan,0.900390625,0.427734375,2.276409847278501
2,random-spectral-sam-muon,random-spectral-sam-muon,Random Spectral SAM-Muon,,muon,random,spectral,mnist,1.6,0.05,nominal,0.02,additive,1.0,nn_ce,2.2504740078131276,4,0,-1,500,500,0.5168145870207825,-1.733659420792345,nan,nan,0.17889480309406025,0.3435180786638807,0.0567170649622578,7.258413222156292,0.002863286838425072,nan,23.754202110548437,nan,0.884765625,0.435546875,2.2671016641976456
2,random-spectral-sam-muon,random-spectral-sam-muon,Random Spectral SAM-Muon,,muon,random,spectral,mnist,1.6,0.05,nominal,0.02,additive,1.0,nn_ce,2.2504740078131276,5,0,-1,500,500,0.4620043929363617,-1.7884696148767658,nan,nan,0.16960168053262403,0.3496332628847,0.056641538191464474,7.382121649285437,0.0012621978860733463,nan,23.735054231383238,nan,0.888671875,0.44140625,2.240447719412771
2,random-spectral-sam-muon,random-spectral-sam-muon,Random Spectral SAM-Muon,,muon,random,spectral,mnist,1.6,0.05,nominal,0.02,additive,1.0,nn_ce,2.2504740078131276,6,0,-1,500,500,0.5113684287677995,-1.739105579045328,nan,nan,0.1722211250986321,0.34131217978550166,0.05666696826100912,7.167433738857094,0.001553744466655127,nan,23.73524241091851,nan,0.869140625,0.439453125,2.1790263035192585
2,random-spectral-sam-muon,random-spectral-sam-muon,Random Spectral SAM-Muon,,muon,random,spectral,mnist,1.6,0.05,nominal,0.02,additive,1.0,nn_ce,2.2504740078131276,7,0,-1,500,500,0.4802141449212509,-1.7702598628918766,nan,nan,0.1746711779918014,0.35297700059377773,0.058295994032306384,7.091911289297026,0.002012839154450552,nan,23.27787175358764,nan,0.892578125,0.435546875,2.233551085040868
2,random-spectral-sam-muon,random-spectral-sam-muon,Random Spectral SAM-Muon,,muon,random,spectral,mnist,1.6,0.2,nominal,0.02,additive,1.0,nn_ce,2.2504740078131276,0,0,-1,500,500,0.5279306765152633,-1.7225433312978642,nan,nan,0.17595383588821886,1.3944854202864898,0.22680566927759482,7.230477257844603,0.025393336322298454,nan,23.208801379554185,nan,0.8828125,0.4140625,2.304499800131247
2,random-spectral-sam-muon,random-spectral-sam-muon,Random Spectral SAM-Muon,,muon,random,spectral,mnist,1.6,0.2,nominal,0.02,additive,1.0,nn_ce,2.2504740078131276,1,0,-1,500,500,0.49931208803243776,-1.7511619197806898,nan,nan,0.17374351898260684,1.3700520018075089,0.22681516488997405,7.002739459220837,0.026244119606337935,nan,23.561494965603117,nan,0.876953125,0.4296875,2.1924798108994024
2,random-spectral-sam-muon,random-spectral-sam-muon,Random Spectral SAM-Muon,,muon,random,spectral,mnist,1.6,0.2,nominal,0.02,additive,1.0,nn_ce,2.2504740078131276,2,0,-1,500,500,0.47159409751705067,-1.7788799102960768,nan,nan,0.17174079355790065,1.3882841253239175,0.2266655526864765,6.9454295632325005,0.022052697104877506,nan,23.30776426454108,nan,0.896484375,0.447265625,2.2320832530142165
2,random-spectral-sam-muon,random-spectral-sam-muon,Random Spectral SAM-Muon,,muon,random,spectral,mnist,1.6,0.2,nominal,0.02,additive,1.0,nn_ce,2.2504740078131276,3,0,-1,500,500,0.4615159853267078,-1.7889580224864199,nan,nan,0.1690767435799734,1.3557148028334587,0.22679044046824945,7.0406440936867485,0.02623894793368281,nan,23.897049354757375,nan,0.900390625,0.423828125,2.2686270438210365
2,random-spectral-sam-muon,random-spectral-sam-muon,Random Spectral SAM-Muon,,muon,random,spectral,mnist,1.6,0.2,nominal,0.02,additive,1.0,nn_ce,2.2504740078131276,4,0,-1,500,500,0.5186328137694324,-1.731841194043695,nan,nan,0.17805374545541347,1.3740723146555227,0.2268682598490312,7.213777032145941,0.03088621018115023,nan,23.730039298066785,nan,0.873046875,0.431640625,2.271384286554989
2,random-spectral-sam-muon,random-spectral-sam-muon,Random Spectral SAM-Muon,,muon,random,spectral,mnist,1.6,0.2,nominal,0.02,additive,1.0,nn_ce,2.2504740078131276,5,0,-1,500,500,0.47028821639561325,-1.7801857914175143,nan,nan,0.17049881658648297,1.3985330515388,0.2265661527658579,7.348971027354336,0.02422662486725513,nan,23.67287546937232,nan,0.880859375,0.44140625,2.2498099576081123
2,random-spectral-sam-muon,random-spectral-sam-muon,Random Spectral SAM-Muon,,muon,random,spectral,mnist,1.6,0.2,nominal,0.02,additive,1.0,nn_ce,2.2504740078131276,6,0,-1,500,500,0.5177602602727998,-1.7327137475403278,nan,nan,0.17596797756894444,1.3652487191420066,0.2266678730440365,7.153285665867203,0.025562549812886526,nan,23.70961211244445,nan,0.873046875,0.435546875,2.1953400305207422
2,random-spectral-sam-muon,random-spectral-sam-muon,Random Spectral SAM-Muon,,muon,random,spectral,mnist,1.6,0.2,nominal,0.02,additive,1.0,nn_ce,2.2504740078131276,7,0,-1,500,500,0.48498039761802114,-1.7654936101951064,nan,nan,0.17496134010059272,1.411908002375111,0.23318397612922553,7.041052320552156,0.02648590199765649,nan,23.169884039642447,nan,0.888671875,0.4375,2.2277016503787235
2,random-spectral-sam-muon,random-spectral-sam-muon,Random Spectral SAM-Muon,,muon,random,spectral,mnist,1.6,1.0,nominal,0.02,additive,1.0,nn_ce,2.2504740078131276,0,0,-1,500,500,0.7330538860098357,-1.5174201218032919,nan,nan,0.2358689822426235,6.972427101432448,1.1340283463879743,7.155412921112112,0.5733213172933931,nan,22.37856026615704,nan,0.796875,0.435546875,2.1335446237696605
2,random-spectral-sam-muon,random-spectral-sam-muon,Random Spectral SAM-Muon,,muon,random,spectral,mnist,1.6,1.0,nominal,0.02,additive,1.0,nn_ce,2.2504740078131276,1,0,-1,500,500,0.6872170420494431,-1.5632569657636846,nan,nan,0.23369880026914835,6.850260009037544,1.13407582444987,7.065156627130426,0.5260066382480431,nan,22.684071175395776,nan,0.794921875,0.435546875,2.1285778383971
2,random-spectral-sam-muon,random-spectral-sam-muon,Random Spectral SAM-Muon,,muon,random,spectral,mnist,1.6,1.0,nominal,0.02,additive,1.0,nn_ce,2.2504740078131276,2,0,-1,500,500,0.6661944986688921,-1.5842795091442354,nan,nan,0.2544496924562916,6.941420626619589,1.1333277634323824,7.098835977440414,0.5351163727520936,nan,22.688233353953276,nan,0.798828125,0.482421875,2.117844765261144
2,random-spectral-sam-muon,random-spectral-sam-muon,Random Spectral SAM-Muon,,muon,random,spectral,mnist,1.6,1.0,nominal,0.02,additive,1.0,nn_ce,2.2504740078131276,3,0,-1,500,500,0.6511986684708744,-1.5992753393422532,nan,nan,0.24028088843953907,6.778574014167295,1.1339522023412472,7.145514673364682,0.4837931034337053,nan,23.17988152690549,nan,0.8046875,0.4375,2.164833472990952
2,random-spectral-sam-muon,random-spectral-sam-muon,Random Spectral SAM-Muon,,muon,random,spectral,mnist,1.6,1.0,nominal,0.02,additive,1.0,nn_ce,2.2504740078131276,4,0,-1,500,500,0.7588196406537251,-1.4916543671594025,nan,nan,0.23280056715488373,6.870361573277612,1.1343412992451556,7.121090015403823,0.572969328069068,nan,22.822061446838212,nan,0.76953125,0.435546875,2.117011827666365
2,random-spectral-sam-muon,random-spectral-sam-muon,Random Spectral SAM-Muon,,muon,random,spectral,mnist,1.6,1.0,nominal,0.02,additive,1.0,nn_ce,2.2504740078131276,5,0,-1,500,500,0.6861675737458558,-1.5643064340672717,nan,nan,0.2546022431807237,6.992665257694,1.1328307638292892,7.297245668137154,0.4706586304304373,nan,22.86244361391065,nan,0.77734375,0.46484375,2.0821002925499315
2,random-spectral-sam-muon,random-spectral-sam-muon,Random Spectral SAM-Muon,,muon,random,spectral,mnist,1.6,1.0,nominal,0.02,additive,1.0,nn_ce,2.2504740078131276,6,0,-1,500,500,0.6858017254494504,-1.5646722823636772,nan,nan,0.23156490207112737,6.826243595710032,1.133339365220182,7.011345991377274,0.5750764233224006,nan,23.139325660574865,nan,0.79296875,0.451171875,2.052570388778922
2,random-spectral-sam-muon,random-spectral-sam-muon,Random Spectral SAM-Muon,,muon,random,spectral,mnist,1.6,1.0,nominal,0.02,additive,1.0,nn_ce,2.2504740078131276,7,0,-1,500,500,0.6924127156432671,-1.5580612921698604,nan,nan,0.23803802998696086,7.059540011875553,1.1659198806461275,7.014831416994753,0.5582060259543828,nan,22.461765547750286,nan,0.7890625,0.439453125,2.1402351507694934
2,random-spectral-sam-muon,random-spectral-sam-muon,Random Spectral SAM-Muon,,muon,random,spectral,mnist,1.6,0.1,nominal,0.02,additive,1.0,nn_ce,2.2504740078131276,0,0,-1,500,500,0.5181051484892423,-1.7323688593238853,nan,nan,0.17388363040209706,0.6972427101432449,0.11340283463879741,7.209093412881125,0.005007060608825609,nan,23.17148203033339,nan,0.8828125,0.41796875,2.31553401300372
2,random-spectral-sam-muon,random-spectral-sam-muon,Random Spectral SAM-Muon,,muon,random,spectral,mnist,1.6,0.1,nominal,0.02,additive,1.0,nn_ce,2.2504740078131276,1,0,-1,500,500,0.4881704215316768,-1.7623035862814507,nan,nan,0.167071502014398,0.6850260009037544,0.11340758244498703,6.968901141977002,0.007351356748830085,nan,23.565007724657878,nan,0.890625,0.427734375,2.204812215505945
2,random-spectral-sam-muon,random-spectral-sam-muon,Random Spectral SAM-Muon,,muon,random,spectral,mnist,1.6,0.1,nominal,0.02,additive,1.0,nn_ce,2.2504740078131276,2,0,-1,500,500,0.47271213913431787,-1.7777618686788097,nan,nan,0.16999672513695385,0.6941420626619588,0.11333277634323825,7.0309267264868165,0.006011465189323217,nan,23.306757782567892,nan,0.90234375,0.43359375,2.2477079607140302
2,random-spectral-sam-muon,random-spectral-sam-muon,Random Spectral SAM-Muon,,muon,random,spectral,mnist,1.6,0.1,nominal,0.02,additive,1.0,nn_ce,2.2504740078131276,3,0,-1,500,500,0.45570253648168507,-1.7947714713314424,nan,nan,0.1671580836274119,0.6778574014167293,0.11339522023412472,7.020370667673103,0.00748016838592247,nan,23.939309786825863,nan,0.900390625,0.42578125,2.2755171420458296
2,random-spectral-sam-muon,random-spectral-sam-muon,Random Spectral SAM-Muon,,muon,random,spectral,mnist,1.6,0.1,nominal,0.02,additive,1.0,nn_ce,2.2504740078131276,4,0,-1,500,500,0.5194771175750872,-1.7309968902380404,nan,nan,0.1794338772963345,0.6870361573277614,0.1134341299245156,7.240255439575346,0.009386110060139008,nan,23.73007367565992,nan,0.873046875,0.43359375,2.2736233511923567
2,random-spectral-sam-muon,random-spectral-sam-muon,Random Spectral SAM-Muon,,muon,random,spectral,mnist,1.6,0.1,nominal,0.02,additive,1.0,nn_ce,2.2504740078131276,5,0,-1,500,500,0.45868996649410493,-1.7917840413190227,nan,nan,0.16928903527150838,0.6992665257694,0.11328307638292895,7.377449330890809,0.0059952286191694015,nan,23.731084439424304,nan,0.888671875,0.4453125,2.244504361436849
2,random-spectral-sam-muon,random-spectral-sam-muon,Random Spectral SAM-Muon,,muon,random,spectral,mnist,1.6,0.1,nominal,0.02,additive,1.0,nn_ce,2.2504740078131276,6,0,-1,500,500,0.5137592929762504,-1.7367147148368771,nan,nan,0.17291729049408408,0.6826243595710033,0.11333393652201824,7.158631199098135,0.006563337610912767,nan,23.72904900358414,nan,0.873046875,0.439453125,2.1892181629055507
2,random-spectral-sam-muon,random-spectral-sam-muon,Random Spectral SAM-Muon,,muon,random,spectral,mnist,1.6,0.1,nominal,0.02,additive,1.0,nn_ce,2.2504740078131276,7,0,-1,500,500,0.4792077295181958,-1.7712662782949318,nan,nan,0.1737364388951416,0.7059540011875555,0.11659198806461277,7.0728490069557415,0.00679679037445452,nan,23.221295483324642,nan,0.896484375,0.4375,2.2368259006123523
2,full-spectral-sam-muon,full-spectral-sam-muon,Full Spectral SAM-Muon,,muon,grad,spectral,both,1.6,0.01,nominal,0.02,additive,1.0,nn_ce,2.2504740078131276,0,0,-1,500,1000,0.5245263544295931,-1.7259476533835345,nan,nan,0.1710490089448633,0.07154343657183493,0.011819932327037668,7.207316086943974,0.0014392797782007971,nan,23.123227888356695,nan,0.880859375,0.421875,2.3146613556856157
2,full-spectral-sam-muon,full-spectral-sam-muon,Full Spectral SAM-Muon,,muon,grad,spectral,both,1.6,0.01,nominal,0.02,additive,1.0,nn_ce,2.2504740078131276,1,0,-1,500,1000,0.4908097674394625,-1.759664240373665,nan,nan,0.16695716864724133,0.06988752216081039,0.012004153666842432,7.018860590826761,0.0008343109180353747,nan,23.648619439241738,nan,0.892578125,0.42578125,2.1971516912161677
2,full-spectral-sam-muon,full-spectral-sam-muon,Full Spectral SAM-Muon,,muon,grad,spectral,both,1.6,0.01,nominal,0.02,additive,1.0,nn_ce,2.2504740078131276,2,0,-1,500,1000,0.4742595398411132,-1.7762144679720144,nan,nan,0.16764605800245166,0.07151467711203621,0.01134256307119615,6.986803186746289,0.0008246363897627118,nan,23.30850098225312,nan,0.900390625,0.435546875,2.247284410155853
2,full-spectral-sam-muon,full-spectral-sam-muon,Full Spectral SAM-Muon,,muon,grad,spectral,both,1.6,0.01,nominal,0.02,additive,1.0,nn_ce,2.2504740078131276,3,0,-1,500,1000,0.4566622546391197,-1.7938117531740079,nan,nan,0.16372179296056255,0.07253833858851212,0.01179379963261412,7.039303925802381,0.0006721395860404544,nan,23.897215573597105,nan,0.90625,0.42578125,2.2710777546570275
2,full-spectral-sam-muon,full-spectral-sam-muon,Full Spectral SAM-Muon,,muon,grad,spectral,both,1.6,0.01,nominal,0.02,additive,1.0,nn_ce,2.2504740078131276,4,0,-1,500,1000,0.5166649058853188,-1.7338091019278088,nan,nan,0.17811177293989577,0.07091222295764243,0.011648918760806952,7.25047511207947,0.0006705019882866647,nan,23.758817828178834,nan,0.87890625,0.421875,2.2520194507769866
2,full-spectral-sam-muon,full-spectral-sam-muon,Full Spectral SAM-Muon,,muon,grad,spectral,both,1.6,0.01,nominal,0.02,additive,1.0,nn_ce,2.2504740078131276,5,0,-1,500,1000,0.4688916078037602,-1.7815824000093674,nan,nan,0.1675394013049917,0.0724853451716897,0.011333286337015034,7.39029383978872,0.001086015040719479,nan,23.73091352732169,nan,0.884765625,0.4453125,2.232758597261617
2,full-spectral-sam-muon,full-spectral-sam-muon,Full Spectral SAM-Muon,,muon,grad,spectral,both,1.6,0.01,nominal,0.02,additive,1.0,nn_ce,2.2504740078131276,6,0,-1,500,1000,0.5101171063328813,-1.7403569014802462,nan,nan,0.17150620183109955,0.07184318577216958,0.011343459000581575,7.124691767568748,0.00042799043939434345,nan,23.73335500027995,nan,0.87890625,0.44140625,2.177888643694594
2,full-spectral-sam-muon,full-spectral-sam-muon,Full Spectral SAM-Muon,,muon,grad,spectral,both,1.6,0.01,nominal,0.02,additive,1.0,nn_ce,2.2504740078131276,7,0,-1,500,1000,0.4801479911265363,-1.7703260166865913,nan,nan,0.17305467166389701,0.07125525860432073,0.011327507005330742,7.078451498440432,0.0003272238915265624,nan,23.30839491804379,nan,0.89453125,0.439453125,2.2310942646755856
2,full-spectral-sam-muon,full-spectral-sam-muon,Full Spectral SAM-Muon,,muon,grad,spectral,both,1.6,0.02,nominal,0.02,additive,1.0,nn_ce,2.2504740078131276,0,0,-1,500,1000,0.5271428249283407,-1.7233311828847868,nan,nan,0.1712143086960292,0.14263878724846416,0.023938928144930646,7.215503771424474,0.003035013959104327,nan,23.15878765859078,nan,0.875,0.41796875,2.306324117409798
2,full-spectral-sam-muon,full-spectral-sam-muon,Full Spectral SAM-Muon,,muon,grad,spectral,both,1.6,0.02,nominal,0.02,additive,1.0,nn_ce,2.2504740078131276,1,0,-1,500,1000,0.4924212704570389,-1.7580527373560888,nan,nan,0.16716816769188042,0.13981463565523825,0.023940315563287528,7.00308683298862,0.0018465693620981494,nan,23.632623074334948,nan,0.890625,0.427734375,2.1911970331412434
2,full-spectral-sam-muon,full-spectral-sam-muon,Full Spectral SAM-Muon,,muon,grad,spectral,both,1.6,0.02,nominal,0.02,additive,1.0,nn_ce,2.2504740078131276,2,0,-1,500,1000,0.47611290131554923,-1.7743611064975784,nan,nan,0.1663070331127587,0.1430480160978261,0.022682916700309096,6.990300020134102,0.002264375382461714,nan,23.31341623469146,nan,0.904296875,0.439453125,2.237914679441406
2,full-spectral-sam-muon,full-spectral-sam-muon,Full Spectral SAM-Muon,,muon,grad,spectral,both,1.6,0.02,nominal,0.02,additive,1.0,nn_ce,2.2504740078131276,3,0,-1,500,1000,0.4559610420390897,-1.7945129657740377,nan,nan,0.16435917453949675,0.14488423511344795,0.023372458084048583,7.057374500642024,0.0016423319097150224,nan,23.909744244360326,nan,0.90625,0.431640625,2.2596854145604963
2,full-spectral-sam-muon,full-spectral-sam-muon,Full Spectral SAM-Muon,,muon,grad,spectral,both,1.6,0.02,nominal,0.02,additive,1.0,nn_ce,2.2504740078131276,4,0,-1,500,1000,0.5246259574658014,-1.7258480503473261,nan,nan,0.17598148490315005,0.14194881550282532,0.02377070723948323,7.263152007746133,0.0014609913589135326,nan,23.765403613264237,nan,0.884765625,0.427734375,2.2441920634483274
2,full-spectral-sam-muon,full-spectral-sam-muon,Full Spectral SAM-Muon,,muon,grad,spectral,both,1.6,0.02,nominal,0.02,additive,1.0,nn_ce,2.2504740078131276,5,0,-1,500,1000,0.47287328582903276,-1.7776007219840948,nan,nan,0.16826289723533466,0.1447819235950997,0.02267409047289737,7.380683541974748,0.0024829058045380825,nan,23.71454451142988,nan,0.888671875,0.4453125,2.215477387051318
2,full-spectral-sam-muon,full-spectral-sam-muon,Full Spectral SAM-Muon,,muon,grad,spectral,both,1.6,0.02,nominal,0.02,additive,1.0,nn_ce,2.2504740078131276,6,0,-1,500,1000,0.5153557413408079,-1.7351182664723197,nan,nan,0.17088942092608536,0.1437763560006811,0.022681552155223904,7.098597564704992,0.0011820853198201142,nan,23.72836282600469,nan,0.873046875,0.435546875,2.1805422096813034
2,full-spectral-sam-muon,full-spectral-sam-muon,Full Spectral SAM-Muon,,muon,grad,spectral,both,1.6,0.02,nominal,0.02,additive,1.0,nn_ce,2.2504740078131276,7,0,-1,500,1000,0.48237710500913245,-1.768096902803995,nan,nan,0.171764489674713,0.14213733328629374,0.02265376119309234,7.074957076424255,0.0008109526277496615,nan,23.26158908202424,nan,0.892578125,0.439453125,2.2175855581561317
2,full-spectral-sam-muon,full-spectral-sam-muon,Full Spectral SAM-Muon,,muon,grad,spectral,both,1.6,0.05,nominal,0.02,additive,1.0,nn_ce,2.2504740078131276,0,0,-1,500,1000,0.5377087961501386,-1.712765211662989,nan,nan,0.16941692054462015,0.3566121772183399,0.05938921280496598,7.231471549063264,0.0088718931313585,nan,23.176758015402967,nan,0.875,0.42578125,2.2857487253791584
2,full-spectral-sam-muon,full-spectral-sam-muon,Full Spectral SAM-Muon,,muon,grad,spectral,both,1.6,0.05,nominal,0.02,additive,1.0,nn_ce,2.2504740078131276,1,0,-1,500,1000,0.5010729128417224,-1.7494010949714052,nan,nan,0.16549999030580653,0.34759435966705493,0.05740629758098539,7.011358664431757,0.005243458094827069,nan,23.670127818516942,nan,0.88671875,0.419921875,2.1602692180011878
2,full-spectral-sam-muon,full-spectral-sam-muon,Full Spectral SAM-Muon,,muon,grad,spectral,both,1.6,0.05,nominal,0.02,additive,1.0,nn_ce,2.2504740078131276,2,0,-1,500,1000,0.4804611763401404,-1.7700128314729873,nan,nan,0.16639481773587503,0.35666528331977587,0.05670811520513699,6.978621957804458,0.008326790320842936,nan,23.31003435797922,nan,0.896484375,0.447265625,2.225810603374378
2,full-spectral-sam-muon,full-spectral-sam-muon,Full Spectral SAM-Muon,,muon,grad,spectral,both,1.6,0.05,nominal,0.02,additive,1.0,nn_ce,2.2504740078131276,3,0,-1,500,1000,0.46591017833979653,-1.784563829473331,nan,nan,0.16329734754965403,0.3623164294070635,0.06004831001315824,7.056793807944759,0.0053289785301791626,nan,23.881432711563438,nan,0.8984375,0.423828125,2.247774061283784
2,full-spectral-sam-muon,full-spectral-sam-muon,Full Spectral SAM-Muon,,muon,grad,spectral,both,1.6,0.05,nominal,0.02,additive,1.0,nn_ce,2.2504740078131276,4,0,-1,500,1000,0.5359359316926116,-1.714538076120516,nan,nan,0.17681748193848307,0.3542298509550716,0.056690086620957175,7.298928432679711,0.006037950795793945,nan,23.712464857812417,nan,0.873046875,0.423828125,2.2305008572319567
2,full-spectral-sam-muon,full-spectral-sam-muon,Full Spectral SAM-Muon,,muon,grad,spectral,both,1.6,0.05,nominal,0.02,additive,1.0,nn_ce,2.2504740078131276,5,0,-1,500,1000,0.4863211247731405,-1.764152883039987,nan,nan,0.16707450200195959,0.36335076731663946,0.05670774771237552,7.354431870052982,0.007999892413588783,nan,23.697994220170354,nan,0.888671875,0.44921875,2.21090012385224
2,full-spectral-sam-muon,full-spectral-sam-muon,Full Spectral SAM-Muon,,muon,grad,spectral,both,1.6,0.05,nominal,0.02,additive,1.0,nn_ce,2.2504740078131276,6,0,-1,500,1000,0.5235969167714694,-1.7268770910416582,nan,nan,0.1686855384262774,0.3598910343528745,0.056717707549145575,7.098719495614611,0.004038420279435462,nan,23.713407219011568,nan,0.875,0.44921875,2.153734019361764
2,full-spectral-sam-muon,full-spectral-sam-muon,Full Spectral SAM-Muon,,muon,grad,spectral,both,1.6,0.05,nominal,0.02,additive,1.0,nn_ce,2.2504740078131276,7,0,-1,500,1000,0.48225268611621863,-1.768221321696909,nan,nan,0.16980108634906296,0.3543555288214385,0.05671783501889035,7.03014626122181,0.004217560519452934,nan,23.274401254619193,nan,0.892578125,0.4453125,2.1944442846875796
2,lazy-spectral-sam-muon,lazy-spectral-sam-muon,Lazy Spectral SAM-Muon (Atlas),,muon,stale_update,raw,both,1.6,0.01,nominal,0.02,additive,1.0,nn_ce,2.2504740078131276,0,0,-1,500,501,0.5241211662583553,-1.7263528415547724,nan,nan,0.1740836874988501,0.07080911046854046,0.011942790400956294,7.2101382541839385,0.002830054461606557,nan,23.155798202415728,nan,0.880859375,0.421875,2.310445066008411
2,lazy-spectral-sam-muon,lazy-spectral-sam-muon,Lazy Spectral SAM-Muon (Atlas),,muon,stale_update,raw,both,1.6,0.01,nominal,0.02,additive,1.0,nn_ce,2.2504740078131276,1,0,-1,500,501,0.4894205962788559,-1.7610534115342715,nan,nan,0.16809610464303146,0.07161020211102795,0.011636911005654296,6.994446888615286,0.0020871931573098745,nan,23.620346915512478,nan,0.900390625,0.421875,2.210637108737496
2,lazy-spectral-sam-muon,lazy-spectral-sam-muon,Lazy Spectral SAM-Muon (Atlas),,muon,stale_update,raw,both,1.6,0.01,nominal,0.02,additive,1.0,nn_ce,2.2504740078131276,2,0,-1,500,501,0.4736928644878082,-1.7767811433253193,nan,nan,0.1687877600699672,0.0703127778036492,0.011333136868776817,6.964749665020073,0.002864169966442731,nan,23.344570783815602,nan,0.90234375,0.443359375,2.2522864327546683
2,lazy-spectral-sam-muon,lazy-spectral-sam-muon,Lazy Spectral SAM-Muon (Atlas),,muon,stale_update,raw,both,1.6,0.01,nominal,0.02,additive,1.0,nn_ce,2.2504740078131276,3,0,-1,500,501,0.4595146712450688,-1.7909593365680587,nan,nan,0.16674881649100673,0.07071505318138935,0.011325057555454399,7.036350777439741,0.0023320998233740675,nan,23.909980178300856,nan,0.900390625,0.42578125,2.271042590800051
2,lazy-spectral-sam-muon,lazy-spectral-sam-muon,Lazy Spectral SAM-Muon (Atlas),,muon,stale_update,raw,both,1.6,0.01,nominal,0.02,additive,1.0,nn_ce,2.2504740078131276,4,0,-1,500,501,0.5165312093529703,-1.7339427984601574,nan,nan,0.17905001052163372,0.07170272503094939,0.011341027031973615,7.252576255914193,0.002797202575980151,nan,23.792726443119896,nan,0.87890625,0.423828125,2.266224776209484
2,lazy-spectral-sam-muon,lazy-spectral-sam-muon,Lazy Spectral SAM-Muon (Atlas),,muon,stale_update,raw,both,1.6,0.01,nominal,0.02,additive,1.0,nn_ce,2.2504740078131276,5,0,-1,500,501,0.4658669620005301,-1.7846070458125975,nan,nan,0.1680176625395642,0.07432248786523843,0.011900287280914506,7.378583170778429,0.002642739613270606,nan,23.730249128959848,nan,0.8828125,0.4453125,2.23633893822649
2,lazy-spectral-sam-muon,lazy-spectral-sam-muon,Lazy Spectral SAM-Muon (Atlas),,muon,stale_update,raw,both,1.6,0.01,nominal,0.02,additive,1.0,nn_ce,2.2504740078131276,6,0,-1,500,501,0.512979766364149,-1.7374942414489785,nan,nan,0.17330207172003714,0.07030832303165059,0.01134220418579903,7.139214067809544,0.002655670127861387,nan,23.743239733843616,nan,0.8671875,0.435546875,2.181875056196204
2,lazy-spectral-sam-muon,lazy-spectral-sam-muon,Lazy Spectral SAM-Muon (Atlas),,muon,stale_update,raw,both,1.6,0.01,nominal,0.02,additive,1.0,nn_ce,2.2504740078131276,7,0,-1,500,501,0.4818537618240111,-1.7686202459891165,nan,nan,0.17470662296546263,0.06957139830118077,0.011343129534290034,7.079397061824514,0.002686972606024629,nan,23.2616916382084,nan,0.896484375,0.43359375,2.238595801533595
2,random-spectral-sam-muon,random-spectral-sam-muon,Random Spectral SAM-Muon,,muon,random,spectral,mnist,1.6,0.5,nominal,0.02,additive,1.0,nn_ce,2.2504740078131276,0,0,-1,500,500,0.565278453858078,-1.6851955539550496,nan,nan,0.1822864666411102,3.486213550716224,0.5670141731939872,7.21681680388283,0.158673303936681,nan,23.079075020979566,nan,0.87109375,0.427734375,2.2681568929485207
2,random-spectral-sam-muon,random-spectral-sam-muon,Random Spectral SAM-Muon,,muon,random,spectral,mnist,1.6,0.5,nominal,0.02,additive,1.0,nn_ce,2.2504740078131276,1,0,-1,500,500,0.5372366150242378,-1.7132373927888898,nan,nan,0.1872741850382001,3.425130004518772,0.567037912224935,6.982457691955791,0.15233750159756432,nan,23.37536073955299,nan,0.859375,0.447265625,2.1605145447399305
2,random-spectral-sam-muon,random-spectral-sam-muon,Random Spectral SAM-Muon,,muon,random,spectral,mnist,1.6,0.5,nominal,0.02,additive,1.0,nn_ce,2.2504740078131276,2,0,-1,500,500,0.5171179492620352,-1.7333560585510923,nan,nan,0.19605552659111286,3.4707103133097945,0.5666638817161912,6.9109320354821815,0.14172264667842105,nan,23.1997343379407,nan,0.853515625,0.447265625,2.1903491363127516
2,random-spectral-sam-muon,random-spectral-sam-muon,Random Spectral SAM-Muon,,muon,random,spectral,mnist,1.6,0.5,nominal,0.02,additive,1.0,nn_ce,2.2504740078131276,3,0,-1,500,500,0.4940787002804189,-1.7563953075327086,nan,nan,0.18089400575252793,3.3892870070836474,0.5669761011706236,6.937965627456497,0.14085884660006665,nan,23.677940886959707,nan,0.87890625,0.423828125,2.212174793818972
2,random-spectral-sam-muon,random-spectral-sam-muon,Random Spectral SAM-Muon,,muon,random,spectral,mnist,1.6,0.5,nominal,0.02,additive,1.0,nn_ce,2.2504740078131276,4,0,-1,500,500,0.5640661357369197,-1.686407872076208,nan,nan,0.19308201001905703,3.435180786638806,0.5671706496225778,7.23690921658776,0.17114410272052072,nan,23.612535482767782,nan,0.853515625,0.423828125,2.216605718836142
2,random-spectral-sam-muon,random-spectral-sam-muon,Random Spectral SAM-Muon,,muon,random,spectral,mnist,1.6,0.5,nominal,0.02,additive,1.0,nn_ce,2.2504740078131276,5,0,-1,500,500,0.5174391996145611,-1.7330348081985665,nan,nan,0.18853387176808284,3.496332628847,0.5664153819146446,7.287498476616422,0.1402671363721043,nan,23.490620600046388,nan,0.853515625,0.435546875,2.1977032094007702
2,random-spectral-sam-muon,random-spectral-sam-muon,Random Spectral SAM-Muon,,muon,random,spectral,mnist,1.6,0.5,nominal,0.02,additive,1.0,nn_ce,2.2504740078131276,6,0,-1,500,500,0.5542538009023278,-1.6962202069107999,nan,nan,0.18853313599772675,3.413121797855016,0.566669682610091,7.103006622317556,0.15350899110021754,nan,23.55004213228606,nan,0.85546875,0.44140625,2.142900341799344
2,random-spectral-sam-muon,random-spectral-sam-muon,Random Spectral SAM-Muon,,muon,random,spectral,mnist,1.6,0.5,nominal,0.02,additive,1.0,nn_ce,2.2504740078131276,7,0,-1,500,500,0.5211301212661467,-1.7293438865469808,nan,nan,0.18664353255662608,3.5297700059377766,0.5829599403230638,7.025326755189288,0.1557800293538738,nan,23.068193484612557,nan,0.869140625,0.4453125,2.1759044296539285
2,lazy-spectral-sam-muon,lazy-spectral-sam-muon,Lazy Spectral SAM-Muon (Atlas),,muon,stale_update,raw,both,1.6,0.02,nominal,0.02,additive,1.0,nn_ce,2.2504740078131276,0,0,-1,500,501,0.525913802269229,-1.7245602055438987,nan,nan,0.17411017379114654,0.14173490369047378,0.023951480849753938,7.219215745409565,0.006072882949168301,nan,23.173006539347455,nan,0.884765625,0.421875,2.313587801490474
2,lazy-spectral-sam-muon,lazy-spectral-sam-muon,Lazy Spectral SAM-Muon (Atlas),,muon,stale_update,raw,both,1.6,0.02,nominal,0.02,additive,1.0,nn_ce,2.2504740078131276,1,0,-1,500,501,0.4927870314236107,-1.7576869763895169,nan,nan,0.1701832515255798,0.1426259307363293,0.022878437478728662,6.993948417034269,0.00440430284589266,nan,23.6264445182368,nan,0.896484375,0.421875,2.2044708087239746
2,lazy-spectral-sam-muon,lazy-spectral-sam-muon,Lazy Spectral SAM-Muon (Atlas),,muon,stale_update,raw,both,1.6,0.02,nominal,0.02,additive,1.0,nn_ce,2.2504740078131276,2,0,-1,500,501,0.4812597578655785,-1.7692142499475492,nan,nan,0.1703504075440397,0.14047414450193135,0.022685259422570672,6.984628522554368,0.005974802310955152,nan,23.324528902072956,nan,0.896484375,0.439453125,2.2460363580898086
2,lazy-spectral-sam-muon,lazy-spectral-sam-muon,Lazy Spectral SAM-Muon (Atlas),,muon,stale_update,raw,both,1.6,0.02,nominal,0.02,additive,1.0,nn_ce,2.2504740078131276,3,0,-1,500,501,0.46620162069230353,-1.784272387120824,nan,nan,0.16796320902470277,0.14139630872008543,0.022535175935111215,7.036859801853591,0.004974328745366352,nan,23.89240895292777,nan,0.900390625,0.431640625,2.268663764770996
2,lazy-spectral-sam-muon,lazy-spectral-sam-muon,Lazy Spectral SAM-Muon (Atlas),,muon,stale_update,raw,both,1.6,0.02,nominal,0.02,additive,1.0,nn_ce,2.2504740078131276,4,0,-1,500,501,0.524507430919328,-1.7259665768937995,nan,nan,0.18074145410356307,0.14326707805655867,0.022680648085453066,7.272274751224194,0.0058152293372076835,nan,23.766739224616156,nan,0.875,0.423828125,2.251507840367796
2,lazy-spectral-sam-muon,lazy-spectral-sam-muon,Lazy Spectral SAM-Muon (Atlas),,muon,stale_update,raw,both,1.6,0.02,nominal,0.02,additive,1.0,nn_ce,2.2504740078131276,5,0,-1,500,501,0.4696425926024492,-1.7808314152106783,nan,nan,0.16995026148596262,0.14847035190665567,0.022825846105452307,7.3773646020115375,0.005568066969735941,nan,23.72780712314516,nan,0.88671875,0.4453125,2.241771186256332
2,lazy-spectral-sam-muon,lazy-spectral-sam-muon,Lazy Spectral SAM-Muon (Atlas),,muon,stale_update,raw,both,1.6,0.02,nominal,0.02,additive,1.0,nn_ce,2.2504740078131276,6,0,-1,500,501,0.5149552801013728,-1.7355187277117547,nan,nan,0.1746215044850528,0.14060924283658272,0.022686462116468843,7.123882444068422,0.005691795278838119,nan,23.739365116219986,nan,0.8671875,0.439453125,2.175000857097419
2,lazy-spectral-sam-muon,lazy-spectral-sam-muon,Lazy Spectral SAM-Muon (Atlas),,muon,stale_update,raw,both,1.6,0.02,nominal,0.02,additive,1.0,nn_ce,2.2504740078131276,7,0,-1,500,501,0.48381989680385235,-1.7666541110092753,nan,nan,0.17564529741441284,0.13895046502742855,0.022686340666932803,7.097557257828558,0.005648261632537344,nan,23.274886947734913,nan,0.892578125,0.4375,2.22413752582349
2,full-spectral-sam-muon,full-spectral-sam-muon,Full Spectral SAM-Muon,,muon,grad,spectral,both,1.6,0.5,nominal,0.02,additive,1.0,nn_ce,2.2504740078131276,0,0,-1,500,1000,0.857958069312664,-1.3925159385004635,nan,nan,0.20968971870943148,3.5458550433888663,0.5952417368038873,7.167543459370755,0.2721945455228566,nan,22.62220841357973,nan,0.76953125,0.43359375,2.003952861152838
2,full-spectral-sam-muon,full-spectral-sam-muon,Full Spectral SAM-Muon,,muon,grad,spectral,both,1.6,0.5,nominal,0.02,additive,1.0,nn_ce,2.2504740078131276,1,0,-1,500,1000,0.8607028113619295,-1.389771196451198,nan,nan,0.20473008833949713,3.4427893210502587,0.5669505410158776,7.0182524990946575,0.20338244556124274,nan,22.86653451616328,nan,0.7734375,0.42578125,2.031843901063861
2,full-spectral-sam-muon,full-spectral-sam-muon,Full Spectral SAM-Muon,,muon,grad,spectral,both,1.6,0.5,nominal,0.02,additive,1.0,nn_ce,2.2504740078131276,2,0,-1,500,1000,0.8048434084299791,-1.4456305993831484,nan,nan,0.20932598520667076,3.6392546197416022,0.5743444992599068,7.03045046714587,0.3218051872536001,nan,22.925647303941382,nan,0.7890625,0.482421875,1.9874976449867057
2,full-spectral-sam-muon,full-spectral-sam-muon,Full Spectral SAM-Muon,,muon,grad,spectral,both,1.6,0.5,nominal,0.02,additive,1.0,nn_ce,2.2504740078131276,3,0,-1,500,1000,0.7690010235126666,-1.4814729843004608,nan,nan,0.2023125559754177,3.630129802121389,0.568400031649523,7.122220961941135,0.23189004528426382,nan,23.377657148599493,nan,0.8046875,0.443359375,2.020241522737277
2,full-spectral-sam-muon,full-spectral-sam-muon,Full Spectral SAM-Muon,,muon,grad,spectral,both,1.6,0.5,nominal,0.02,additive,1.0,nn_ce,2.2504740078131276,4,0,-1,500,1000,0.9208664855311812,-1.3296075222819463,nan,nan,0.21270325435071863,3.5311735177186745,0.5800634031549663,7.256807284305148,0.24336720803408962,nan,22.70662287477523,nan,0.751953125,0.427734375,2.0116963314989333
2,full-spectral-sam-muon,full-spectral-sam-muon,Full Spectral SAM-Muon,,muon,grad,spectral,both,1.6,0.5,nominal,0.02,additive,1.0,nn_ce,2.2504740078131276,5,0,-1,500,1000,0.8185290602770675,-1.43194494753606,nan,nan,0.19737414961713898,3.645033487957429,0.5671772492556691,7.3689333028636,0.26031181591898034,nan,23.043877982515596,nan,0.77734375,0.44140625,2.03337070262633
2,full-spectral-sam-muon,full-spectral-sam-muon,Full Spectral SAM-Muon,,muon,grad,spectral,both,1.6,0.5,nominal,0.02,additive,1.0,nn_ce,2.2504740078131276,6,0,-1,500,1000,0.8505955051672285,-1.399878502645899,nan,nan,0.2093254307336558,3.568853011457109,0.5642045016799795,7.085829321234373,0.21528158182363977,nan,23.17885636383176,nan,0.771484375,0.451171875,1.946642168330486
2,full-spectral-sam-muon,full-spectral-sam-muon,Full Spectral SAM-Muon,,muon,grad,spectral,both,1.6,0.5,nominal,0.02,additive,1.0,nn_ce,2.2504740078131276,7,0,-1,500,1000,0.854105613195884,-1.3963683946172436,nan,nan,0.20835668046075767,3.5549822340242088,0.5670586063156463,7.142733360399183,0.20644721509927266,nan,22.672428926450042,nan,0.77734375,0.4453125,1.9867630288367304
2,full-spectral-sam-muon,full-spectral-sam-muon,Full Spectral SAM-Muon,,muon,grad,spectral,both,1.6,0.1,nominal,0.02,additive,1.0,nn_ce,2.2504740078131276,0,0,-1,500,1000,0.5563690035848431,-1.6941050042282844,nan,nan,0.16859758232437286,0.7102865415951212,0.12004845357449496,7.225239772637347,0.022293874273532577,nan,23.211576684715784,nan,0.87109375,0.4375,2.2508452959129612
2,full-spectral-sam-muon,full-spectral-sam-muon,Full Spectral SAM-Muon,,muon,grad,spectral,both,1.6,0.1,nominal,0.02,additive,1.0,nn_ce,2.2504740078131276,1,0,-1,500,1000,0.5273834319519767,-1.7230905758611508,nan,nan,0.16562969031213887,0.6954381103502131,0.11322713571247861,6.996252459372482,0.012691461238719448,nan,23.688394087699663,nan,0.880859375,0.431640625,2.1382173889454537
2,full-spectral-sam-muon,full-spectral-sam-muon,Full Spectral SAM-Muon,,muon,grad,spectral,both,1.6,0.1,nominal,0.02,additive,1.0,nn_ce,2.2504740078131276,2,0,-1,500,1000,0.4923728779234863,-1.7581011298896412,nan,nan,0.16671651509666932,0.7147339753289905,0.11343572126586703,7.0207367263219105,0.024143456663803575,nan,23.27982793292593,nan,0.896484375,0.455078125,2.180768545629827
2,full-spectral-sam-muon,full-spectral-sam-muon,Full Spectral SAM-Muon,,muon,grad,spectral,both,1.6,0.1,nominal,0.02,additive,1.0,nn_ce,2.2504740078131276,3,0,-1,500,1000,0.48130362688205613,-1.7691703809310715,nan,nan,0.16444934334258413,0.7239285021143547,0.11670066098582767,7.096449278059169,0.014881212765204488,nan,23.845548936613604,nan,0.8984375,0.421875,2.220208598490439
2,full-spectral-sam-muon,full-spectral-sam-muon,Full Spectral SAM-Muon,,muon,grad,spectral,both,1.6,0.1,nominal,0.02,additive,1.0,nn_ce,2.2504740078131276,4,0,-1,500,1000,0.5643931671901307,-1.686080840622997,nan,nan,0.17638329140015,0.7067498340568392,0.11558156811537593,7.29677344885459,0.016433930913887673,nan,23.6284455379099,nan,0.875,0.41796875,2.2181999861143415
2,full-spectral-sam-muon,full-spectral-sam-muon,Full Spectral SAM-Muon,,muon,grad,spectral,both,1.6,0.1,nominal,0.02,additive,1.0,nn_ce,2.2504740078131276,5,0,-1,500,1000,0.5111077105875919,-1.7393662972255357,nan,nan,0.1663678476487848,0.7252698299048537,0.11340848590882642,7.351093865310703,0.021338356481531706,nan,23.613975817695895,nan,0.875,0.439453125,2.1910893154170026
2,full-spectral-sam-muon,full-spectral-sam-muon,Full Spectral SAM-Muon,,muon,grad,spectral,both,1.6,0.1,nominal,0.02,additive,1.0,nn_ce,2.2504740078131276,6,0,-1,500,1000,0.5404531016951986,-1.710020906117929,nan,nan,0.16845020617647963,0.7195509642593308,0.11342712927441881,7.07339541948771,0.012615319873745978,nan,23.689876879740815,nan,0.869140625,0.44921875,2.12571265956106
2,full-spectral-sam-muon,full-spectral-sam-muon,Full Spectral SAM-Muon,,muon,grad,spectral,both,1.6,0.1,nominal,0.02,additive,1.0,nn_ce,2.2504740078131276,7,0,-1,500,1000,0.5016240798113576,-1.74884992800177,nan,nan,0.1689348874241111,0.7080793110130386,0.11342092344767811,7.082316098038944,0.013224316572427619,nan,23.227508494354943,nan,0.89453125,0.4375,2.154946215561817
2,full-spectral-sam-muon,full-spectral-sam-muon,Full Spectral SAM-Muon,,muon,grad,spectral,both,1.6,0.2,nominal,0.02,additive,1.0,nn_ce,2.2504740078131276,0,0,-1,500,1000,0.6140109705294098,-1.636463037283718,nan,nan,0.17630357554214335,1.421176485452816,0.23794386099898993,7.183087066351989,0.06261965301274708,nan,23.176417724833907,nan,0.853515625,0.43359375,2.1858594837723606
2,full-spectral-sam-muon,full-spectral-sam-muon,Full Spectral SAM-Muon,,muon,grad,spectral,both,1.6,0.2,nominal,0.02,additive,1.0,nn_ce,2.2504740078131276,1,0,-1,500,1000,0.5820886596922747,-1.6683853481208528,nan,nan,0.16986544689607722,1.3949073558998908,0.22637716596008828,7.0384525407276275,0.039200311335628846,nan,23.591161066445203,nan,0.865234375,0.43359375,2.096598306165923
2,full-spectral-sam-muon,full-spectral-sam-muon,Full Spectral SAM-Muon,,muon,grad,spectral,both,1.6,0.2,nominal,0.02,additive,1.0,nn_ce,2.2504740078131276,2,0,-1,500,1000,0.5508949975981966,-1.699579010214931,nan,nan,0.17452184142196558,1.4156900269402102,0.22687137072606528,7.062237175720482,0.06746260432484896,nan,23.259786794084388,nan,0.87890625,0.458984375,2.1040790479284137
2,full-spectral-sam-muon,full-spectral-sam-muon,Full Spectral SAM-Muon,,muon,grad,spectral,both,1.6,0.2,nominal,0.02,additive,1.0,nn_ce,2.2504740078131276,3,0,-1,500,1000,0.5210658427760275,-1.7294081650371,nan,nan,0.17277523528306432,1.4507258554746902,0.2268606081987436,7.084094289581643,0.0499052541482472,nan,23.852945164111226,nan,0.888671875,0.43359375,2.13775808727151
2,full-spectral-sam-muon,full-spectral-sam-muon,Full Spectral SAM-Muon,,muon,grad,spectral,both,1.6,0.2,nominal,0.02,additive,1.0,nn_ce,2.2504740078131276,4,0,-1,500,1000,0.6225634563811124,-1.6279105514320151,nan,nan,0.18403579046495028,1.4105970117119382,0.23677099501089757,7.283387486044931,0.053572481592708665,nan,23.56363076751611,nan,0.85546875,0.408203125,2.1840949707953574
2,full-spectral-sam-muon,full-spectral-sam-muon,Full Spectral SAM-Muon,,muon,grad,spectral,both,1.6,0.2,nominal,0.02,additive,1.0,nn_ce,2.2504740078131276,5,0,-1,500,1000,0.5597435723372848,-1.6907304354758428,nan,nan,0.1727870911097546,1.4601968104785565,0.22683983488044057,7.323729515199794,0.06417473418999564,nan,23.46291836464366,nan,0.869140625,0.44140625,2.1623670050905845
2,full-spectral-sam-muon,full-spectral-sam-muon,Full Spectral SAM-Muon,,muon,grad,spectral,both,1.6,0.2,nominal,0.02,additive,1.0,nn_ce,2.2504740078131276,6,0,-1,500,1000,0.5930896095401388,-1.6573843982729888,nan,nan,0.17255960018147104,1.441764478395994,0.22667850143782756,7.017355104498431,0.042040307086184114,nan,23.55330253066163,nan,0.8515625,0.4609375,2.055084659945794
2,full-spectral-sam-muon,full-spectral-sam-muon,Full Spectral SAM-Muon,,muon,grad,spectral,both,1.6,0.2,nominal,0.02,additive,1.0,nn_ce,2.2504740078131276,7,0,-1,500,1000,0.5537336197468222,-1.6967403880663054,nan,nan,0.17329311613480544,1.4249693726621482,0.22684286129694112,7.063716224311726,0.04036114703567517,nan,23.09261675294417,nan,0.87109375,0.4375,2.075154502513805
2,lazy-spectral-sam-muon,lazy-spectral-sam-muon,Lazy Spectral SAM-Muon (Atlas),,muon,stale_update,raw,both,1.6,0.1,nominal,0.02,additive,1.0,nn_ce,2.2504740078131276,0,0,-1,500,501,0.5666155279027105,-1.683858479910417,nan,nan,0.18460596674651,0.7057065720460622,0.11939457305591716,7.206764706729013,0.049286061202584275,nan,23.244601722459972,nan,0.869140625,0.423828125,2.2920814036455814
2,lazy-spectral-sam-muon,lazy-spectral-sam-muon,Lazy Spectral SAM-Muon (Atlas),,muon,stale_update,raw,both,1.6,0.1,nominal,0.02,additive,1.0,nn_ce,2.2504740078131276,1,0,-1,500,501,0.528187865562007,-1.7222861422511206,nan,nan,0.18434461772067223,0.7065369614580066,0.11341101007598331,7.162055591183081,0.0443231342414,nan,23.63235112844645,nan,0.873046875,0.4296875,2.178881929131455
2,lazy-spectral-sam-muon,lazy-spectral-sam-muon,Lazy Spectral SAM-Muon (Atlas),,muon,stale_update,raw,both,1.6,0.1,nominal,0.02,additive,1.0,nn_ce,2.2504740078131276,2,0,-1,500,501,0.514049783502531,-1.7364242243105965,nan,nan,0.18201069909819434,0.6998927483507524,0.11342223528310894,6.871748609892703,0.05242371472434504,nan,23.45560544257641,nan,0.87890625,0.44921875,2.215808105476177
2,lazy-spectral-sam-muon,lazy-spectral-sam-muon,Lazy Spectral SAM-Muon (Atlas),,muon,stale_update,raw,both,1.6,0.1,nominal,0.02,additive,1.0,nn_ce,2.2504740078131276,3,0,-1,500,501,0.5102480271421721,-1.7402259806709555,nan,nan,0.19124918947457165,0.7047369592878018,0.11342898399214847,7.055596388388365,0.0506625546165933,nan,23.950056639214935,nan,0.88671875,0.4296875,2.235378098021574
2,lazy-spectral-sam-muon,lazy-spectral-sam-muon,Lazy Spectral SAM-Muon (Atlas),,muon,stale_update,raw,both,1.6,0.1,nominal,0.02,additive,1.0,nn_ce,2.2504740078131276,4,0,-1,500,501,0.5662870194909765,-1.6841869883221512,nan,nan,0.2146194855277825,0.7232972187988316,0.11894796078259058,7.2206665919807325,0.07042434136458597,nan,23.673291210659652,nan,0.861328125,0.423828125,2.2242899669277394
2,lazy-spectral-sam-muon,lazy-spectral-sam-muon,Lazy Spectral SAM-Muon (Atlas),,muon,stale_update,raw,both,1.6,0.1,nominal,0.02,additive,1.0,nn_ce,2.2504740078131276,5,0,-1,500,501,0.5133577705802072,-1.7371162372329203,nan,nan,0.1816284879946927,0.7304853583671295,0.11343548187889857,7.268354685304267,0.047767903717713445,nan,23.76500537905581,nan,0.86328125,0.43359375,2.2233116574455547
2,lazy-spectral-sam-muon,lazy-spectral-sam-muon,Lazy Spectral SAM-Muon (Atlas),,muon,stale_update,raw,both,1.6,0.1,nominal,0.02,additive,1.0,nn_ce,2.2504740078131276,6,0,-1,500,501,0.5528221255472033,-1.6976518822659243,nan,nan,0.19404405891364715,0.7037353995293334,0.11343247646608524,7.209752574167678,0.05558125941226044,nan,23.711312469480347,nan,0.85546875,0.4453125,2.15268436108272
2,lazy-spectral-sam-muon,lazy-spectral-sam-muon,Lazy Spectral SAM-Muon (Atlas),,muon,stale_update,raw,both,1.6,0.1,nominal,0.02,additive,1.0,nn_ce,2.2504740078131276,7,0,-1,500,501,0.5297602622041045,-1.720713745609023,nan,nan,0.21357846994583085,0.7144028419458915,0.1178870347294393,7.110948540411845,0.05927230380800663,nan,23.161059188701934,nan,0.869140625,0.458984375,2.1962165316547253
2,lazy-spectral-sam-muon,lazy-spectral-sam-muon,Lazy Spectral SAM-Muon (Atlas),,muon,stale_update,raw,both,1.6,0.05,nominal,0.02,additive,1.0,nn_ce,2.2504740078131276,0,0,-1,500,501,0.5358054069609813,-1.7146686008521463,nan,nan,0.17784246472147272,0.35785341556354267,0.06011818980212491,7.2220843287605545,0.018619733528624116,nan,23.19522011628123,nan,0.880859375,0.416015625,2.3102998353686495
2,lazy-spectral-sam-muon,lazy-spectral-sam-muon,Lazy Spectral SAM-Muon (Atlas),,muon,stale_update,raw,both,1.6,0.05,nominal,0.02,additive,1.0,nn_ce,2.2504740078131276,1,0,-1,500,501,0.5080056747033072,-1.7424683331098203,nan,nan,0.1760608860292918,0.35397425253961734,0.05706400983011789,6.995429084538302,0.012850535957879106,nan,23.579993488712336,nan,0.884765625,0.43359375,2.1788074404106794
2,lazy-spectral-sam-muon,lazy-spectral-sam-muon,Lazy Spectral SAM-Muon (Atlas),,muon,stale_update,raw,both,1.6,0.05,nominal,0.02,additive,1.0,nn_ce,2.2504740078131276,2,0,-1,500,501,0.48912295407411366,-1.761351053739014,nan,nan,0.17257723698416985,0.34698901954856104,0.05666162424486952,6.9647723388744485,0.016679136952628126,nan,23.362851594932298,nan,0.89453125,0.44140625,2.2335990679717943
2,lazy-spectral-sam-muon,lazy-spectral-sam-muon,Lazy Spectral SAM-Muon (Atlas),,muon,stale_update,raw,both,1.6,0.05,nominal,0.02,additive,1.0,nn_ce,2.2504740078131276,3,0,-1,500,501,0.4803169475155515,-1.770157060297576,nan,nan,0.17171436168818185,0.3601966777555883,0.05918135902979557,7.064157215159721,0.015373150874091301,nan,23.89214048516965,nan,0.89453125,0.423828125,2.2640868026106546
2,lazy-spectral-sam-muon,lazy-spectral-sam-muon,Lazy Spectral SAM-Muon (Atlas),,muon,stale_update,raw,both,1.6,0.05,nominal,0.02,additive,1.0,nn_ce,2.2504740078131276,4,0,-1,500,501,0.5383947409751615,-1.712079266837966,nan,nan,0.18363112158094397,0.3576549900676083,0.0593416073786701,7.2512799845626805,0.017301437276940557,nan,23.714928070300804,nan,0.873046875,0.421875,2.240373610710686
2,lazy-spectral-sam-muon,lazy-spectral-sam-muon,Lazy Spectral SAM-Muon (Atlas),,muon,stale_update,raw,both,1.6,0.05,nominal,0.02,additive,1.0,nn_ce,2.2504740078131276,5,0,-1,500,501,0.48398881720643333,-1.7664851906066943,nan,nan,0.17568487898547303,0.3658376614710649,0.056704362681588356,7.3635618098191,0.01721018011840575,nan,23.747093279540675,nan,0.876953125,0.443359375,2.2236752089708234
2,lazy-spectral-sam-muon,lazy-spectral-sam-muon,Lazy Spectral SAM-Muon (Atlas),,muon,stale_update,raw,both,1.6,0.05,nominal,0.02,additive,1.0,nn_ce,2.2504740078131276,6,0,-1,500,501,0.5286831253449429,-1.7217908824681847,nan,nan,0.1766773878573781,0.3483229675294967,0.05666428883842513,7.121899729343435,0.01688997003855197,nan,23.723384073918847,nan,0.86328125,0.439453125,2.1737695129406767
2,lazy-spectral-sam-muon,lazy-spectral-sam-muon,Lazy Spectral SAM-Muon (Atlas),,muon,stale_update,raw,both,1.6,0.05,nominal,0.02,additive,1.0,nn_ce,2.2504740078131276,7,0,-1,500,501,0.4964107839664431,-1.7540632238466844,nan,nan,0.18139506645452283,0.34985201803530025,0.05671603307463216,7.0664586668006635,0.019795489224651353,nan,23.276090571661054,nan,0.890625,0.44921875,2.2175383006128144
2,full-spectral-sam-muon,full-spectral-sam-muon,Full Spectral SAM-Muon,,muon,grad,spectral,both,1.6,1.0,nominal,0.02,additive,1.0,nn_ce,2.2504740078131276,0,0,-1,500,1000,1.5154155047076618,-0.7350585031054657,nan,nan,0.28474647840923833,7.163054296216756,1.169803163997002,7.120657358594963,0.6983766747665741,nan,21.493972555199193,nan,0.548828125,0.416015625,2.0901744008863288
2,full-spectral-sam-muon,full-spectral-sam-muon,Full Spectral SAM-Muon,,muon,grad,spectral,both,1.6,1.0,nominal,0.02,additive,1.0,nn_ce,2.2504740078131276,1,0,-1,500,1000,1.5203859454336495,-0.7300880623794781,nan,nan,0.29147334657770624,6.978845811365287,1.2010441900765536,7.048551846295282,0.5888762973421295,nan,21.349364120657196,nan,0.58203125,0.421875,2.1566035246175366
2,full-spectral-sam-muon,full-spectral-sam-muon,Full Spectral SAM-Muon,,muon,grad,spectral,both,1.6,1.0,nominal,0.02,additive,1.0,nn_ce,2.2504740078131276,2,0,-1,500,1000,1.478775115147568,-0.7716988926655595,nan,nan,0.28144961536630086,7.166456882978852,1.1343566109157028,7.06696770302,0.7356980949750973,nan,21.678712219250656,nan,0.5703125,0.4296875,2.122412818421072
2,full-spectral-sam-muon,full-spectral-sam-muon,Full Spectral SAM-Muon,,muon,grad,spectral,both,1.6,1.0,nominal,0.02,additive,1.0,nn_ce,2.2504740078131276,3,0,-1,500,1000,1.4486476367430203,-0.8018263710701072,nan,nan,0.28965116085348497,7.214120024313198,1.1337215308712671,7.139610405007174,0.6007387293174964,nan,21.745801475314554,nan,0.56640625,0.4375,2.1072800307515966
2,full-spectral-sam-muon,full-spectral-sam-muon,Full Spectral SAM-Muon,,muon,grad,spectral,both,1.6,1.0,nominal,0.02,additive,1.0,nn_ce,2.2504740078131276,4,0,-1,500,1000,1.6040660020448292,-0.6464080057682984,nan,nan,0.29805784509979194,7.001569156966746,1.134356375758987,7.142509241739594,0.5484740527338232,nan,21.474919901240273,nan,0.5234375,0.435546875,2.1378958534704164
2,full-spectral-sam-muon,full-spectral-sam-muon,Full Spectral SAM-Muon,,muon,grad,spectral,both,1.6,1.0,nominal,0.02,additive,1.0,nn_ce,2.2504740078131276,5,0,-1,500,1000,1.49878172288641,-0.7516922849267176,nan,nan,0.2928069844614254,7.2454485986174095,1.181418937084184,7.331624280817404,0.540449767007799,nan,21.688239614563887,nan,0.560546875,0.421875,2.1388292342393433
2,full-spectral-sam-muon,full-spectral-sam-muon,Full Spectral SAM-Muon,,muon,grad,spectral,both,1.6,1.0,nominal,0.02,additive,1.0,nn_ce,2.2504740078131276,6,0,-1,500,1000,1.5292566499265619,-0.7212173578865657,nan,nan,0.29519810783907363,7.163100917176004,1.1341770272271545,7.078743098282945,0.5908267496851085,nan,21.594937944928795,nan,0.537109375,0.39453125,2.1335299933048697
2,full-spectral-sam-muon,full-spectral-sam-muon,Full Spectral SAM-Muon,,muon,grad,spectral,both,1.6,1.0,nominal,0.02,additive,1.0,nn_ce,2.2504740078131276,7,0,-1,500,1000,1.5250081887603013,-0.7254658190528263,nan,nan,0.29857320720154945,7.033888192407115,1.1332357660300771,7.129892710427765,0.4681544849492618,nan,21.213808052374382,nan,0.5546875,0.431640625,2.107520423096377
2,lazy-spectral-sam-muon,lazy-spectral-sam-muon,Lazy Spectral SAM-Muon (Atlas),,muon,stale_update,raw,both,1.6,0.2,nominal,0.02,additive,1.0,nn_ce,2.2504740078131276,0,0,-1,500,501,0.6640871667559021,-1.5863868410572255,nan,nan,0.27412155942348637,1.428112966649553,0.23803452607091397,7.100149326296255,0.2571890212954565,nan,23.33998202467839,nan,0.8203125,0.423828125,2.2365998418165263
2,lazy-spectral-sam-muon,lazy-spectral-sam-muon,Lazy Spectral SAM-Muon (Atlas),,muon,stale_update,raw,both,1.6,0.2,nominal,0.02,additive,1.0,nn_ce,2.2504740078131276,1,0,-1,500,501,0.6217745347814803,-1.6286994730316473,nan,nan,0.28545393997406426,1.4349276110885434,0.22684406445622962,7.105378304925855,0.22043460185302832,nan,23.70946626483421,nan,0.830078125,0.423828125,2.1702306517800256
2,lazy-spectral-sam-muon,lazy-spectral-sam-muon,Lazy Spectral SAM-Muon (Atlas),,muon,stale_update,raw,both,1.6,0.2,nominal,0.02,additive,1.0,nn_ce,2.2504740078131276,2,0,-1,500,501,0.607745285951927,-1.6427287218612006,nan,nan,0.3170939272871962,1.4512052930439396,0.22667605143429978,7.200587865726417,0.1850832920257578,nan,23.66752744313262,nan,0.833984375,0.4453125,2.2179527117868956
2,lazy-spectral-sam-muon,lazy-spectral-sam-muon,Lazy Spectral SAM-Muon (Atlas),,muon,stale_update,raw,both,1.6,0.2,nominal,0.02,additive,1.0,nn_ce,2.2504740078131276,3,0,-1,500,501,0.6087901125411035,-1.641683895272024,nan,nan,0.28463333246026457,1.453150171122248,0.23073244785700966,7.077443051978103,0.22521360086747033,nan,23.9488335878531,nan,0.822265625,0.435546875,2.22778588238907
2,lazy-spectral-sam-muon,lazy-spectral-sam-muon,Lazy Spectral SAM-Muon (Atlas),,muon,stale_update,raw,both,1.6,0.2,nominal,0.02,additive,1.0,nn_ce,2.2504740078131276,4,0,-1,500,501,0.6796252403757612,-1.5708487674373663,nan,nan,0.30979710390443765,1.4393778082289408,0.22686846236188815,7.275131012645291,0.17283932544505554,nan,23.809824627934777,nan,0.8046875,0.439453125,2.191779636212919
2,lazy-spectral-sam-muon,lazy-spectral-sam-muon,Lazy Spectral SAM-Muon (Atlas),,muon,stale_update,raw,both,1.6,0.2,nominal,0.02,additive,1.0,nn_ce,2.2504740078131276,5,0,-1,500,501,0.6090714879141504,-1.641402519898977,nan,nan,0.233584018124941,1.4253278905581952,0.22626598622000282,7.199583495209759,0.12008551026886638,nan,23.964756070778293,nan,0.82421875,0.45703125,2.1588443615726596
2,lazy-spectral-sam-muon,lazy-spectral-sam-muon,Lazy Spectral SAM-Muon (Atlas),,muon,stale_update,raw,both,1.6,0.2,nominal,0.02,additive,1.0,nn_ce,2.2504740078131276,6,0,-1,500,501,0.6335696178874145,-1.616904389925713,nan,nan,0.2613954680191672,1.4227310632518773,0.2262780104903544,7.378292489404984,0.1947481942837329,nan,23.75442532441333,nan,0.822265625,0.427734375,2.143781098214087
2,lazy-spectral-sam-muon,lazy-spectral-sam-muon,Lazy Spectral SAM-Muon (Atlas),,muon,stale_update,raw,both,1.6,0.2,nominal,0.02,additive,1.0,nn_ce,2.2504740078131276,7,0,-1,500,501,0.6313791468646358,-1.6190948609484916,nan,nan,0.31409489033039784,1.4109259894430775,0.2285167943875981,7.106806685755055,0.23404474948177445,nan,23.13363212242288,nan,0.830078125,0.439453125,2.181276375073348
2,lazy-spectral-sam-muon,lazy-spectral-sam-muon,Lazy Spectral SAM-Muon (Atlas),,muon,stale_update,raw,both,1.6,0.5,nominal,0.02,additive,1.0,nn_ce,2.2504740078131276,0,0,-1,500,501,1.0770918430381426,-1.173382164774985,nan,nan,0.4707325055628597,3.623002103621313,0.5857717636642962,7.194185318459274,1.4611505912826965,nan,23.03323614142654,nan,0.671875,0.419921875,2.173214186098675
2,lazy-spectral-sam-muon,lazy-spectral-sam-muon,Lazy Spectral SAM-Muon (Atlas),,muon,stale_update,raw,both,1.6,0.5,nominal,0.02,additive,1.0,nn_ce,2.2504740078131276,1,0,-1,500,501,0.9692909772350111,-1.2811830305781164,nan,nan,0.4315502479615241,3.654319258380123,0.5751083808324794,7.243821713185168,1.6283395455675016,nan,23.368666911194747,nan,0.71875,0.39453125,2.215980801439785
2,lazy-spectral-sam-muon,lazy-spectral-sam-muon,Lazy Spectral SAM-Muon (Atlas),,muon,stale_update,raw,both,1.6,0.5,nominal,0.02,additive,1.0,nn_ce,2.2504740078131276,2,0,-1,500,501,1.0630093514171195,-1.187464656396008,nan,nan,0.7011576650366664,3.665118437772574,0.5886357447836085,7.272604517538669,1.5875319364708278,nan,23.39164036669848,nan,0.66796875,0.423828125,2.14903955524482
2,lazy-spectral-sam-muon,lazy-spectral-sam-muon,Lazy Spectral SAM-Muon (Atlas),,muon,stale_update,raw,both,1.6,0.5,nominal,0.02,additive,1.0,nn_ce,2.2504740078131276,3,0,-1,500,501,0.9892565523564748,-1.2612174554566526,nan,nan,0.4876104230797548,3.6495689756543634,0.5671120287488588,7.201395499700833,1.4264557291876743,nan,23.494329392821502,nan,0.720703125,0.4140625,2.158024360195121
2,lazy-spectral-sam-muon,lazy-spectral-sam-muon,Lazy Spectral SAM-Muon (Atlas),,muon,stale_update,raw,both,1.6,0.5,nominal,0.02,additive,1.0,nn_ce,2.2504740078131276,4,0,-1,500,501,1.0922750769371312,-1.1581989308759963,nan,nan,0.5344938695008725,3.60861466525951,0.567176400659248,7.063162158168342,1.4729950541285668,nan,23.18154870324752,nan,0.66796875,0.400390625,2.1020373871965172
2,lazy-spectral-sam-muon,lazy-spectral-sam-muon,Lazy Spectral SAM-Muon (Atlas),,muon,stale_update,raw,both,1.6,0.5,nominal,0.02,additive,1.0,nn_ce,2.2504740078131276,5,0,-1,500,501,0.993308451085393,-1.2571655567277347,nan,nan,0.4716691499746421,3.610307852492778,0.5781175631936726,7.3795567592899545,1.3886971629081346,nan,23.530940753329034,nan,0.70703125,0.419921875,2.13950207972786
2,lazy-spectral-sam-muon,lazy-spectral-sam-muon,Lazy Spectral SAM-Muon (Atlas),,muon,stale_update,raw,both,1.6,0.5,nominal,0.02,additive,1.0,nn_ce,2.2504740078131276,6,0,-1,500,501,1.0014513504025544,-1.2490226574105732,nan,nan,0.4418612112985272,3.606786873668228,0.5671084834828407,7.333832002159438,1.5236995193888232,nan,23.572300278343896,nan,0.705078125,0.439453125,2.044172760011315
2,lazy-spectral-sam-muon,lazy-spectral-sam-muon,Lazy Spectral SAM-Muon (Atlas),,muon,stale_update,raw,both,1.6,0.5,nominal,0.02,additive,1.0,nn_ce,2.2504740078131276,7,0,-1,500,501,1.0161630424097585,-1.234310965403369,nan,nan,0.5472056295650422,3.662954273932358,0.5897053064043228,7.2911184564690235,1.3890143249684943,nan,22.876845099289252,nan,0.689453125,0.40625,2.1370524688601478
2,lazy-spectral-sam-muon,lazy-spectral-sam-muon,Lazy Spectral SAM-Muon (Atlas),,muon,stale_update,raw,both,1.6,1.0,nominal,0.02,additive,1.0,nn_ce,2.2504740078131276,0,0,-1,500,501,1.693652227573645,-0.5568217802394826,nan,nan,0.5166104222881086,7.2940674602206155,1.2001483118807315,7.315641207370377,4.440883110869078,nan,22.66156505608564,nan,0.55078125,0.3515625,2.389361315867599
2,lazy-spectral-sam-muon,lazy-spectral-sam-muon,Lazy Spectral SAM-Muon (Atlas),,muon,stale_update,raw,both,1.6,1.0,nominal,0.02,additive,1.0,nn_ce,2.2504740078131276,1,0,-1,500,501,1.783820131445473,-0.46665387636765465,nan,nan,0.7033477710121434,7.359656413865704,1.202260062108209,7.342445560652827,3.780702899695141,nan,21.990709260597047,nan,0.4921875,0.333984375,2.642535766524019
2,lazy-spectral-sam-muon,lazy-spectral-sam-muon,Lazy Spectral SAM-Muon (Atlas),,muon,stale_update,raw,both,1.6,1.0,nominal,0.02,additive,1.0,nn_ce,2.2504740078131276,2,0,-1,500,501,1.7265868180696748,-0.5238871897434527,nan,nan,0.5651353836265691,7.233035505928369,1.1958258863335938,7.273408800429674,3.6855287597848445,nan,22.32278162318977,nan,0.509765625,0.349609375,2.508423599386508
2,lazy-spectral-sam-muon,lazy-spectral-sam-muon,Lazy Spectral SAM-Muon (Atlas),,muon,stale_update,raw,both,1.6,1.0,nominal,0.02,additive,1.0,nn_ce,2.2504740078131276,3,0,-1,500,501,1.7683793614256036,-0.482094646387524,nan,nan,0.5548484553155699,7.337882047928032,1.2022600232738914,7.3355902615677815,4.06319958617781,nan,23.009208511634455,nan,0.521484375,0.34375,2.456850073849929
2,lazy-spectral-sam-muon,lazy-spectral-sam-muon,Lazy Spectral SAM-Muon (Atlas),,muon,stale_update,raw,both,1.6,1.0,nominal,0.02,additive,1.0,nn_ce,2.2504740078131276,4,0,-1,500,501,1.7750075596154806,-0.47546644819764694,nan,nan,0.5566954925388901,7.265893331379234,1.1922142655447099,7.228723194488888,4.164516377511815,nan,22.229518406707502,nan,0.5078125,0.35546875,2.3986887928315306
2,lazy-spectral-sam-muon,lazy-spectral-sam-muon,Lazy Spectral SAM-Muon (Atlas),,muon,stale_update,raw,both,1.6,1.0,nominal,0.02,additive,1.0,nn_ce,2.2504740078131276,5,0,-1,500,501,1.62233153384972,-0.6281424739634076,nan,nan,0.4986019056899136,7.214701261885511,1.1342076330496178,7.311675442157234,3.4366894980910176,nan,22.45061275655631,nan,0.5234375,0.359375,2.327898005357296
2,lazy-spectral-sam-muon,lazy-spectral-sam-muon,Lazy Spectral SAM-Muon (Atlas),,muon,stale_update,raw,both,1.6,1.0,nominal,0.02,additive,1.0,nn_ce,2.2504740078131276,6,0,-1,500,501,1.6334148611768637,-0.6170591466362638,nan,nan,0.5141136266527805,7.31678147320728,1.1337666319806599,7.29254880855994,4.12657376522444,nan,23.143953345758025,nan,0.53125,0.384765625,2.402062450802615
2,lazy-spectral-sam-muon,lazy-spectral-sam-muon,Lazy Spectral SAM-Muon (Atlas),,muon,stale_update,raw,both,1.6,1.0,nominal,0.02,additive,1.0,nn_ce,2.2504740078131276,7,0,-1,500,501,1.7146240614701689,-0.5358499463429587,nan,nan,0.5051189501553025,7.370261317359673,1.1891611775224529,7.383075141405098,3.845905183078605,nan,22.081280091296257,nan,0.490234375,0.34765625,2.4632617472885956
2,spectral-friendly-sam-muon,spectral-friendly-sam-muon,Spectral Friendly SAM-Muon,,muon,friendly,spectral,both,1.6,0.01,nominal,0.02,additive,1.0,nn_ce,2.2504740078131276,0,0,-1,500,1000,0.524793322945176,-1.7256806848679516,nan,nan,0.17189335975449668,0.0710260287404929,0.01134018727421617,7.211652772762694,0.0006538879596651448,nan,23.150005219408648,nan,0.8828125,0.427734375,2.311480202240625
2,spectral-friendly-sam-muon,spectral-friendly-sam-muon,Spectral Friendly SAM-Muon,,muon,friendly,spectral,both,1.6,0.01,nominal,0.02,additive,1.0,nn_ce,2.2504740078131276,1,0,-1,500,1000,0.4892499862420933,-1.7612240215710342,nan,nan,0.16598381367772608,0.07069868410870879,0.011841437960889491,7.009675893504464,0.00022107978309032772,nan,23.6440777694912,nan,0.892578125,0.42578125,2.2039416076752723
2,spectral-friendly-sam-muon,spectral-friendly-sam-muon,Spectral Friendly SAM-Muon,,muon,friendly,spectral,both,1.6,0.01,nominal,0.02,additive,1.0,nn_ce,2.2504740078131276,2,0,-1,500,1000,0.4732049513304014,-1.777269056482726,nan,nan,0.16818211896816193,0.07021070539790591,0.011343572624780638,6.9777948125642535,-0.00013992286529707076,nan,23.314841431516257,nan,0.90234375,0.44140625,2.2505546448840184
2,spectral-friendly-sam-muon,spectral-friendly-sam-muon,Spectral Friendly SAM-Muon,,muon,friendly,spectral,both,1.6,0.01,nominal,0.02,additive,1.0,nn_ce,2.2504740078131276,3,0,-1,500,1000,0.45221759962152336,-1.7982564081916041,nan,nan,0.16591458887221952,0.07195131834716308,0.011759701751774305,7.039047620349539,-1.4701342763712155e-06,nan,23.886071605916356,nan,0.904296875,0.427734375,2.2747257508769665
2,spectral-friendly-sam-muon,spectral-friendly-sam-muon,Spectral Friendly SAM-Muon,,muon,friendly,spectral,both,1.6,0.01,nominal,0.02,additive,1.0,nn_ce,2.2504740078131276,4,0,-1,500,1000,0.5188669805773556,-1.731607027235772,nan,nan,0.17795162005895354,0.06936358550944965,0.011855751934042341,7.269932491047012,-2.8229801947499134e-05,nan,23.774140013184365,nan,0.880859375,0.431640625,2.257616407431524
2,spectral-friendly-sam-muon,spectral-friendly-sam-muon,Spectral Friendly SAM-Muon,,muon,friendly,spectral,both,1.6,0.01,nominal,0.02,additive,1.0,nn_ce,2.2504740078131276,5,0,-1,500,1000,0.46518307957024463,-1.7852909282428828,nan,nan,0.1667800927145415,0.07300753751554562,0.011328852841960845,7.391447701253772,0.0004571602424743304,nan,23.706946282977146,nan,0.888671875,0.451171875,2.2403236244746374
2,spectral-friendly-sam-muon,spectral-friendly-sam-muon,Spectral Friendly SAM-Muon,,muon,friendly,spectral,both,1.6,0.01,nominal,0.02,additive,1.0,nn_ce,2.2504740078131276,6,0,-1,500,1000,0.5102832024869308,-1.7401908053261967,nan,nan,0.17097217789950364,0.0705394430576188,0.01134216369353,7.131313355648409,-0.0002886727762737573,nan,23.727846078487026,nan,0.875,0.4375,2.1795805955029204
2,spectral-friendly-sam-muon,spectral-friendly-sam-muon,Spectral Friendly SAM-Muon,,muon,friendly,spectral,both,1.6,0.01,nominal,0.02,additive,1.0,nn_ce,2.2504740078131276,7,0,-1,500,1000,0.47586011431086467,-1.7746138935022628,nan,nan,0.17422748937921861,0.07193492145647812,0.011934376346535087,7.1642934618641405,-0.00039718484739337256,nan,23.32227146158486,nan,0.900390625,0.443359375,2.2261328769336064
2,spectral-friendly-sam-muon,spectral-friendly-sam-muon,Spectral Friendly SAM-Muon,,muon,friendly,spectral,both,1.6,0.02,nominal,0.02,additive,1.0,nn_ce,2.2504740078131276,0,0,-1,500,1000,0.5236670687100141,-1.7268069391031133,nan,nan,0.1711193067510114,0.1418984799048057,0.02267965255705558,7.222266612292416,0.001614490170113947,nan,23.13410661742195,nan,0.880859375,0.42578125,2.3113891242165527
2,spectral-friendly-sam-muon,spectral-friendly-sam-muon,Spectral Friendly SAM-Muon,,muon,friendly,spectral,both,1.6,0.02,nominal,0.02,additive,1.0,nn_ce,2.2504740078131276,1,0,-1,500,1000,0.4895945355286736,-1.7608794722844539,nan,nan,0.16568153038564143,0.14150239061021097,0.02340728153371588,6.989597758784193,0.0006313256143751778,nan,23.62775442180414,nan,0.888671875,0.423828125,2.194059752193585
2,spectral-friendly-sam-muon,spectral-friendly-sam-muon,Spectral Friendly SAM-Muon,,muon,friendly,spectral,both,1.6,0.02,nominal,0.02,additive,1.0,nn_ce,2.2504740078131276,2,0,-1,500,1000,0.47480839426417937,-1.7756656135489481,nan,nan,0.16547847805798066,0.14013989681255576,0.022686789563327907,7.001006773248318,0.00011954707237066264,nan,23.307423844381532,nan,0.90234375,0.4375,2.2444930412859905
2,spectral-friendly-sam-muon,spectral-friendly-sam-muon,Spectral Friendly SAM-Muon,,muon,friendly,spectral,both,1.6,0.02,nominal,0.02,additive,1.0,nn_ce,2.2504740078131276,3,0,-1,500,1000,0.4543808334671998,-1.7960931743459279,nan,nan,0.16469950726461652,0.14412142581063953,0.022996113624007178,7.036195719174477,0.00025371488339442916,nan,23.905878757882252,nan,0.90625,0.408203125,2.2633698220699303
2,spectral-friendly-sam-muon,spectral-friendly-sam-muon,Spectral Friendly SAM-Muon,,muon,friendly,spectral,both,1.6,0.02,nominal,0.02,additive,1.0,nn_ce,2.2504740078131276,4,0,-1,500,1000,0.521130253931015,-1.7293437538821126,nan,nan,0.17654810562766068,0.13917453619807335,0.023633220213800644,7.251185998440268,6.985618076105204e-05,nan,23.772612989939393,nan,0.880859375,0.421875,2.253855160853701
2,spectral-friendly-sam-muon,spectral-friendly-sam-muon,Spectral Friendly SAM-Muon,,muon,friendly,spectral,both,1.6,0.02,nominal,0.02,additive,1.0,nn_ce,2.2504740078131276,5,0,-1,500,1000,0.47128280259230176,-1.7791912052208259,nan,nan,0.16770724098887624,0.14583786655107212,0.022669223253894134,7.373731948288438,0.0012545275621443919,nan,23.701777904899615,nan,0.888671875,0.44140625,2.2257629132904646
2,spectral-friendly-sam-muon,spectral-friendly-sam-muon,Spectral Friendly SAM-Muon,,muon,friendly,spectral,both,1.6,0.02,nominal,0.02,additive,1.0,nn_ce,2.2504740078131276,6,0,-1,500,1000,0.5135385687343131,-1.7369354390788145,nan,nan,0.16978856580883334,0.14114995444975367,0.02268207328436738,7.120755269157291,-0.00035700779589997733,nan,23.71748056885332,nan,0.873046875,0.43359375,2.1782672649367543
2,spectral-friendly-sam-muon,spectral-friendly-sam-muon,Spectral Friendly SAM-Muon,,muon,friendly,spectral,both,1.6,0.02,nominal,0.02,additive,1.0,nn_ce,2.2504740078131276,7,0,-1,500,1000,0.4786513264720914,-1.7718226813410363,nan,nan,0.1713072455351364,0.14283855081672878,0.02267752186984024,7.059025520786815,-0.000590749285937664,nan,23.274831276384052,nan,0.8984375,0.435546875,2.2285405738608057
2,spectral-friendly-sam-muon,spectral-friendly-sam-muon,Spectral Friendly SAM-Muon,,muon,friendly,spectral,both,1.6,0.2,nominal,0.02,additive,1.0,nn_ce,2.2504740078131276,0,0,-1,500,1000,0.5783011518990565,-1.672172855914071,nan,nan,0.17171512485271373,1.415850620373411,0.23062768185640656,7.1760445841807545,0.04683647634159427,nan,23.207082688835516,nan,0.8671875,0.421875,2.222324418740894
2,spectral-friendly-sam-muon,spectral-friendly-sam-muon,Spectral Friendly SAM-Muon,,muon,friendly,spectral,both,1.6,0.2,nominal,0.02,additive,1.0,nn_ce,2.2504740078131276,1,0,-1,500,1000,0.5541180164344718,-1.6963559913786557,nan,nan,0.16597533380723284,1.399758102004836,0.22679346965607325,7.115908295144077,0.028804391971153254,nan,23.592788838982123,nan,0.880859375,0.427734375,2.1254678424741447
2,spectral-friendly-sam-muon,spectral-friendly-sam-muon,Spectral Friendly SAM-Muon,,muon,friendly,spectral,both,1.6,0.2,nominal,0.02,additive,1.0,nn_ce,2.2504740078131276,2,0,-1,500,1000,0.5189152608565705,-1.7315587469565572,nan,nan,0.17045713083522318,1.3996211646186245,0.22678839173700358,7.091949500904344,0.04487737945994108,nan,23.27456012029304,nan,0.892578125,0.462890625,2.1284898740015814
2,spectral-friendly-sam-muon,spectral-friendly-sam-muon,Spectral Friendly SAM-Muon,,muon,friendly,spectral,both,1.6,0.2,nominal,0.02,additive,1.0,nn_ce,2.2504740078131276,3,0,-1,500,1000,0.4880453870707631,-1.7624286207423645,nan,nan,0.16523996100389357,1.4438232569107081,0.23442467576284626,7.031439978214182,0.033672745442666296,nan,23.81759336049383,nan,0.896484375,0.423828125,2.1530843638002577
2,spectral-friendly-sam-muon,spectral-friendly-sam-muon,Spectral Friendly SAM-Muon,,muon,friendly,spectral,both,1.6,0.2,nominal,0.02,additive,1.0,nn_ce,2.2504740078131276,4,0,-1,500,1000,0.5794100219699473,-1.6710639858431802,nan,nan,0.17781563328937391,1.3807777050199526,0.2325959964564172,7.277902566032383,0.03152317439914032,nan,23.562317837866793,nan,0.86328125,0.416015625,2.179968088219642
2,spectral-friendly-sam-muon,spectral-friendly-sam-muon,Spectral Friendly SAM-Muon,,muon,friendly,spectral,both,1.6,0.2,nominal,0.02,additive,1.0,nn_ce,2.2504740078131276,5,0,-1,500,1000,0.5227644947555443,-1.7277095130575832,nan,nan,0.16733412050361401,1.4790733570850207,0.2266978701248208,7.333310613457771,0.044049646428856226,nan,23.539253053425945,nan,0.87890625,0.4375,2.178414580576952
2,spectral-friendly-sam-muon,spectral-friendly-sam-muon,Spectral Friendly SAM-Muon,,muon,friendly,spectral,both,1.6,0.2,nominal,0.02,additive,1.0,nn_ce,2.2504740078131276,6,0,-1,500,1000,0.5610016684960831,-1.6894723393170445,nan,nan,0.1665483721237728,1.4207836992547795,0.22668042680715886,7.008580978091692,0.02492474428547875,nan,23.599462911089336,nan,0.857421875,0.455078125,2.093785340148935
2,spectral-friendly-sam-muon,spectral-friendly-sam-muon,Spectral Friendly SAM-Muon,,muon,friendly,spectral,both,1.6,0.2,nominal,0.02,additive,1.0,nn_ce,2.2504740078131276,7,0,-1,500,1000,0.5190729013338157,-1.731401106479312,nan,nan,0.16780222871916192,1.421473383803394,0.2265704338054298,7.137250488185632,0.02965394216586592,nan,23.113132278207146,nan,0.888671875,0.43359375,2.1173732143577038
2,spectral-friendly-sam-muon,spectral-friendly-sam-muon,Spectral Friendly SAM-Muon,,muon,friendly,spectral,both,1.6,0.05,nominal,0.02,additive,1.0,nn_ce,2.2504740078131276,0,0,-1,500,1000,0.5306684148945868,-1.7198055929185407,nan,nan,0.16895710178470477,0.3554745260901659,0.05671502729231164,7.233217711174777,0.005628527031296127,nan,23.174741848511545,nan,0.873046875,0.42578125,2.2923648203815645
2,spectral-friendly-sam-muon,spectral-friendly-sam-muon,Spectral Friendly SAM-Muon,,muon,friendly,spectral,both,1.6,0.05,nominal,0.02,additive,1.0,nn_ce,2.2504740078131276,1,0,-1,500,1000,0.49444913653752975,-1.756024871275598,nan,nan,0.1639920076709949,0.35336746492502735,0.05727539620535308,7.006215546936666,0.0025993437641457784,nan,23.66476349994638,nan,0.892578125,0.423828125,2.171094766929664
2,spectral-friendly-sam-muon,spectral-friendly-sam-muon,Spectral Friendly SAM-Muon,,muon,friendly,spectral,both,1.6,0.05,nominal,0.02,additive,1.0,nn_ce,2.2504740078131276,2,0,-1,500,1000,0.4749751943221142,-1.7754988134910135,nan,nan,0.1667856525527439,0.34898834849171173,0.05668592817259118,6.99572539775032,0.0028505735510974683,nan,23.292715547439077,nan,0.8984375,0.443359375,2.2348271339721437
2,spectral-friendly-sam-muon,spectral-friendly-sam-muon,Spectral Friendly SAM-Muon,,muon,friendly,spectral,both,1.6,0.05,nominal,0.02,additive,1.0,nn_ce,2.2504740078131276,3,0,-1,500,1000,0.45678786855972564,-1.7936861392534018,nan,nan,0.16159082060968205,0.36084275560540935,0.058910652127315936,7.043142011951491,0.002409225658616343,nan,23.86950012253323,nan,0.90234375,0.423828125,2.257472902434361
2,spectral-friendly-sam-muon,spectral-friendly-sam-muon,Spectral Friendly SAM-Muon,,muon,friendly,spectral,both,1.6,0.05,nominal,0.02,additive,1.0,nn_ce,2.2504740078131276,4,0,-1,500,1000,0.5314468631530914,-1.719027144660036,nan,nan,0.1748055766928132,0.3462345592789458,0.05874965162244034,7.2662530067395625,0.0018056723140273956,nan,23.70560681180026,nan,0.875,0.42578125,2.238541164295064
2,spectral-friendly-sam-muon,spectral-friendly-sam-muon,Spectral Friendly SAM-Muon,,muon,friendly,spectral,both,1.6,0.05,nominal,0.02,additive,1.0,nn_ce,2.2504740078131276,5,0,-1,500,1000,0.4754213705887619,-1.7750526372243658,nan,nan,0.16619006262918243,0.36629317425883606,0.05664152763639616,7.403679852790244,0.0045538501991861935,nan,23.667173675731824,nan,0.888671875,0.451171875,2.2103660425130762
2,spectral-friendly-sam-muon,spectral-friendly-sam-muon,Spectral Friendly SAM-Muon,,muon,friendly,spectral,both,1.6,0.05,nominal,0.02,additive,1.0,nn_ce,2.2504740078131276,6,0,-1,500,1000,0.5177091070025064,-1.7327649008106212,nan,nan,0.16838778841350216,0.353578686190851,0.05671656048530103,7.134218880262516,0.0004987522839927649,nan,23.711792329293125,nan,0.875,0.44140625,2.1573154188765256
2,spectral-friendly-sam-muon,spectral-friendly-sam-muon,Spectral Friendly SAM-Muon,,muon,friendly,spectral,both,1.6,0.05,nominal,0.02,additive,1.0,nn_ce,2.2504740078131276,7,0,-1,500,1000,0.4794835180066118,-1.7709904898065156,nan,nan,0.16954403557957287,0.35500329213832876,0.05671212136457009,7.122025747330801,0.0013102733220999863,nan,23.278226866649437,nan,0.900390625,0.451171875,2.206341770745406
2,spectral-friendly-sam-muon,spectral-friendly-sam-muon,Spectral Friendly SAM-Muon,,muon,friendly,spectral,both,1.6,0.1,nominal,0.02,additive,1.0,nn_ce,2.2504740078131276,0,0,-1,500,1000,0.5409187026942541,-1.7095553051188734,nan,nan,0.16773476199287526,0.7114814795188367,0.11339584872345804,7.19518426582944,0.016521090100865776,nan,23.23811211525256,nan,0.875,0.42578125,2.2704147520443367
2,spectral-friendly-sam-muon,spectral-friendly-sam-muon,Spectral Friendly SAM-Muon,,muon,friendly,spectral,both,1.6,0.1,nominal,0.02,additive,1.0,nn_ce,2.2504740078131276,1,0,-1,500,1000,0.5114486316278538,-1.7390253761852739,nan,nan,0.16327544025822038,0.703888841429163,0.11325594018006808,7.010725797700586,0.008713260653233634,nan,23.624849666243144,nan,0.884765625,0.4296875,2.15727166254522
2,spectral-friendly-sam-muon,spectral-friendly-sam-muon,Spectral Friendly SAM-Muon,,muon,friendly,spectral,both,1.6,0.1,nominal,0.02,additive,1.0,nn_ce,2.2504740078131276,2,0,-1,500,1000,0.48032409406350834,-1.7701499137496193,nan,nan,0.16522094486202846,0.6964705404911125,0.11342637356696611,6.983372245396944,0.011891496000048518,nan,23.31374727265959,nan,0.90625,0.447265625,2.2014581685044106
2,spectral-friendly-sam-muon,spectral-friendly-sam-muon,Spectral Friendly SAM-Muon,,muon,friendly,spectral,both,1.6,0.1,nominal,0.02,additive,1.0,nn_ce,2.2504740078131276,3,0,-1,500,1000,0.46392215725337294,-1.7865518505597546,nan,nan,0.16300312923961646,0.7187675546906586,0.11369311692749448,7.057472975093052,0.009101308341685432,nan,23.840048378845893,nan,0.900390625,0.42578125,2.2342579650555363
2,spectral-friendly-sam-muon,spectral-friendly-sam-muon,Spectral Friendly SAM-Muon,,muon,friendly,spectral,both,1.6,0.1,nominal,0.02,additive,1.0,nn_ce,2.2504740078131276,4,0,-1,500,1000,0.5479525247073813,-1.7025214831057462,nan,nan,0.17309420582314766,0.6934059076236024,0.11313403493228588,7.269780655625775,0.0073561181256052155,nan,23.653498127887154,nan,0.876953125,0.419921875,2.225921794192012
2,spectral-friendly-sam-muon,spectral-friendly-sam-muon,Spectral Friendly SAM-Muon,,muon,friendly,spectral,both,1.6,0.1,nominal,0.02,additive,1.0,nn_ce,2.2504740078131276,5,0,-1,500,1000,0.49483745443392,-1.7556365533792075,nan,nan,0.16607732793314905,0.7338859095737538,0.11329806236388085,7.319636044610577,0.013669654860776648,nan,23.639383941902775,nan,0.875,0.43359375,2.210437573182751
2,spectral-friendly-sam-muon,spectral-friendly-sam-muon,Spectral Friendly SAM-Muon,,muon,friendly,spectral,both,1.6,0.1,nominal,0.02,additive,1.0,nn_ce,2.2504740078131276,6,0,-1,500,1000,0.5246345149071241,-1.7258394929060035,nan,nan,0.16547519760152155,0.706428878553402,0.11343321576249375,7.0550468185232305,0.005634818352370674,nan,23.656565213897505,nan,0.8671875,0.44140625,2.1277343095727983
2,spectral-friendly-sam-muon,spectral-friendly-sam-muon,Spectral Friendly SAM-Muon,,muon,friendly,spectral,both,1.6,0.1,nominal,0.02,additive,1.0,nn_ce,2.2504740078131276,7,0,-1,500,1000,0.4867291021720322,-1.7637449056410954,nan,nan,0.16583641733126342,0.7098966682740961,0.11328034337966379,7.128983321374675,0.007574012059213764,nan,23.23810559120498,nan,0.8984375,0.439453125,2.168972649903404
2,stale-friendly-spectral-sam-muon,stale-friendly-spectral-sam-muon,Stale Friendly Spectral SAM-Muon,,muon,stale_friendly,spectral,mnist,1.6,0.1,nominal,0.02,additive,1.0,nn_ce,2.2504740078131276,0,0,-1,500,501,0.5252207134513991,-1.7252532943617285,nan,nan,0.17304061551597255,0.7047396079833019,0.11278710133432515,7.258085982540092,0.010064545178393614,nan,23.183324693667274,nan,0.876953125,0.412109375,2.324771597529728
2,stale-friendly-spectral-sam-muon,stale-friendly-spectral-sam-muon,Stale Friendly Spectral SAM-Muon,,muon,stale_friendly,spectral,mnist,1.6,0.1,nominal,0.02,additive,1.0,nn_ce,2.2504740078131276,1,0,-1,500,501,0.4952209061483863,-1.7552531016647412,nan,nan,0.1666794107860023,0.7330520522858668,0.11893368676841783,7.028053234179864,0.0107179588651658,nan,23.624112436892062,nan,0.88671875,0.42578125,2.1906013219671103
2,stale-friendly-spectral-sam-muon,stale-friendly-spectral-sam-muon,Stale Friendly Spectral SAM-Muon,,muon,stale_friendly,spectral,mnist,1.6,0.1,nominal,0.02,additive,1.0,nn_ce,2.2504740078131276,2,0,-1,500,501,0.47539776360467656,-1.7750762442084511,nan,nan,0.1689413320396204,0.7014730130771486,0.11343373871573938,7.023523741694858,0.007709500200731967,nan,23.378413207050954,nan,0.896484375,0.43359375,2.237059791551359
2,stale-friendly-spectral-sam-muon,stale-friendly-spectral-sam-muon,Stale Friendly Spectral SAM-Muon,,muon,stale_friendly,spectral,mnist,1.6,0.1,nominal,0.02,additive,1.0,nn_ce,2.2504740078131276,3,0,-1,500,501,0.45875528441585633,-1.7917187233972713,nan,nan,0.16565394896812904,0.7130951394973465,0.1201718446716825,7.081004083249831,0.014561147837433397,nan,23.90233637677509,nan,0.904296875,0.416015625,2.273529879274415
2,stale-friendly-spectral-sam-muon,stale-friendly-spectral-sam-muon,Stale Friendly Spectral SAM-Muon,,muon,stale_friendly,spectral,mnist,1.6,0.1,nominal,0.02,additive,1.0,nn_ce,2.2504740078131276,4,0,-1,500,501,0.5203880449540139,-1.7300859628591136,nan,nan,0.17830336434028035,0.7254188732685157,0.11341765810858173,7.228614256483449,0.013068226354479795,nan,23.786717214194365,nan,0.87890625,0.427734375,2.2672212238443707
2,stale-friendly-spectral-sam-muon,stale-friendly-spectral-sam-muon,Stale Friendly Spectral SAM-Muon,,muon,stale_friendly,spectral,mnist,1.6,0.1,nominal,0.02,additive,1.0,nn_ce,2.2504740078131276,5,0,-1,500,501,0.4720850411129731,-1.7783889667001544,nan,nan,0.16844052544124788,0.7293652699454426,0.11335724028173413,7.402457237227658,0.012674277260820266,nan,23.720548847980883,nan,0.88671875,0.4453125,2.2300946564792588
2,stale-friendly-spectral-sam-muon,stale-friendly-spectral-sam-muon,Stale Friendly Spectral SAM-Muon,,muon,stale_friendly,spectral,mnist,1.6,0.1,nominal,0.02,additive,1.0,nn_ce,2.2504740078131276,6,0,-1,500,501,0.5111590182343836,-1.739314989578744,nan,nan,0.16955256444768796,0.7060591169225309,0.11338431681726993,7.12149642141707,0.012563537110724221,nan,23.6861891777274,nan,0.873046875,0.423828125,2.1808650219348875
2,stale-friendly-spectral-sam-muon,stale-friendly-spectral-sam-muon,Stale Friendly Spectral SAM-Muon,,muon,stale_friendly,spectral,mnist,1.6,0.1,nominal,0.02,additive,1.0,nn_ce,2.2504740078131276,7,0,-1,500,501,0.47685997301703054,-1.773614034796097,nan,nan,0.173952406099593,0.7094176680411454,0.11340358463742595,7.11064474233533,0.006414943817298457,nan,23.31757878212,nan,0.904296875,0.455078125,2.2127978643492456
2,spectral-friendly-sam-muon,spectral-friendly-sam-muon,Spectral Friendly SAM-Muon,,muon,friendly,spectral,both,1.6,0.5,nominal,0.02,additive,1.0,nn_ce,2.2504740078131276,0,0,-1,500,1000,0.7551392484710222,-1.4953347593421054,nan,nan,0.19862506365143914,3.575826231574992,0.5834740157476562,7.136808121115386,0.21989730184305623,nan,22.758694923640785,nan,0.818359375,0.43359375,2.027757555512357
2,spectral-friendly-sam-muon,spectral-friendly-sam-muon,Spectral Friendly SAM-Muon,,muon,friendly,spectral,both,1.6,0.5,nominal,0.02,additive,1.0,nn_ce,2.2504740078131276,1,0,-1,500,1000,0.7585221450753026,-1.491951862737825,nan,nan,0.19265275643112748,3.5100786521872585,0.5868929758775877,7.019097480446312,0.17782471191271787,nan,23.04830744432989,nan,0.80859375,0.435546875,2.0106961890181245
2,spectral-friendly-sam-muon,spectral-friendly-sam-muon,Spectral Friendly SAM-Muon,,muon,friendly,spectral,both,1.6,0.5,nominal,0.02,additive,1.0,nn_ce,2.2504740078131276,2,0,-1,500,1000,0.7052326312791044,-1.5452413765340232,nan,nan,0.19917941418549884,3.4635884909764796,0.5669680397975986,7.03079971656499,0.22621660762509532,nan,22.84468206836652,nan,0.833984375,0.474609375,1.978624744618414
2,spectral-friendly-sam-muon,spectral-friendly-sam-muon,Spectral Friendly SAM-Muon,,muon,friendly,spectral,both,1.6,0.5,nominal,0.02,additive,1.0,nn_ce,2.2504740078131276,3,0,-1,500,1000,0.6628060641265535,-1.587667943686574,nan,nan,0.1926034847984923,3.6052787563450592,0.5932769873108754,7.05487705724181,0.18314347777787054,nan,23.603544463133527,nan,0.841796875,0.439453125,2.0274536528464324
2,spectral-friendly-sam-muon,spectral-friendly-sam-muon,Spectral Friendly SAM-Muon,,muon,friendly,spectral,both,1.6,0.5,nominal,0.02,additive,1.0,nn_ce,2.2504740078131276,4,0,-1,500,1000,0.8107591735882026,-1.439714834224925,nan,nan,0.2068256968142018,3.384070140489052,0.565920975905485,7.251080580350636,0.18900895891280856,nan,22.773708114654806,nan,0.78125,0.427734375,2.0361394985119423
2,spectral-friendly-sam-muon,spectral-friendly-sam-muon,Spectral Friendly SAM-Muon,,muon,friendly,spectral,both,1.6,0.5,nominal,0.02,additive,1.0,nn_ce,2.2504740078131276,5,0,-1,500,1000,0.7176274639680023,-1.5328465438451253,nan,nan,0.19356397265848285,3.7277762069229605,0.5671411055698914,7.2343150744114535,0.22439836892991483,nan,23.225857937229016,nan,0.810546875,0.455078125,2.053761684740847
2,spectral-friendly-sam-muon,spectral-friendly-sam-muon,Spectral Friendly SAM-Muon,,muon,friendly,spectral,both,1.6,0.5,nominal,0.02,additive,1.0,nn_ce,2.2504740078131276,6,0,-1,500,1000,0.7592230317140235,-1.4912509760991042,nan,nan,0.19525407068497716,3.537963450425626,0.564528658196983,7.14243375024975,0.15016562484650797,nan,23.23548917586197,nan,0.81640625,0.4609375,1.938904146134694
2,spectral-friendly-sam-muon,spectral-friendly-sam-muon,Spectral Friendly SAM-Muon,,muon,friendly,spectral,both,1.6,0.5,nominal,0.02,additive,1.0,nn_ce,2.2504740078131276,7,0,-1,500,1000,0.7539652528174465,-1.496508754995681,nan,nan,0.20118548713563333,3.5276985268503007,0.5671785165291848,7.109420417660115,0.18136789561658773,nan,22.85871133310823,nan,0.8046875,0.4453125,1.9853853531663044
2,stale-friendly-spectral-sam-muon,stale-friendly-spectral-sam-muon,Stale Friendly Spectral SAM-Muon,,muon,stale_friendly,spectral,mnist,1.6,0.05,nominal,0.02,additive,1.0,nn_ce,2.2504740078131276,0,0,-1,500,501,0.5197408818056323,-1.7307331260074954,nan,nan,0.17269547224329695,0.3518435413868502,0.05937123044967017,7.240874664044631,0.0012247570361110238,nan,23.184698438959174,nan,0.880859375,0.421875,2.3183378477200227
2,stale-friendly-spectral-sam-muon,stale-friendly-spectral-sam-muon,Stale Friendly Spectral SAM-Muon,,muon,stale_friendly,spectral,mnist,1.6,0.05,nominal,0.02,additive,1.0,nn_ce,2.2504740078131276,1,0,-1,500,501,0.4902091388364832,-1.7602648689766442,nan,nan,0.16663989526883716,0.3659022855759216,0.05984463503774587,7.03143663390611,0.0021735397140716373,nan,23.647878131725296,nan,0.88671875,0.421875,2.203134151446373
2,stale-friendly-spectral-sam-muon,stale-friendly-spectral-sam-muon,Stale Friendly Spectral SAM-Muon,,muon,stale_friendly,spectral,mnist,1.6,0.05,nominal,0.02,additive,1.0,nn_ce,2.2504740078131276,2,0,-1,500,501,0.4719747554513826,-1.7784992523617449,nan,nan,0.1680350748607162,0.35125876884368157,0.056688361791393645,7.000516642299546,0.0013041876825898302,nan,23.342433901740183,nan,0.900390625,0.439453125,2.2404641573020907
2,stale-friendly-spectral-sam-muon,stale-friendly-spectral-sam-muon,Stale Friendly Spectral SAM-Muon,,muon,stale_friendly,spectral,mnist,1.6,0.05,nominal,0.02,additive,1.0,nn_ce,2.2504740078131276,3,0,-1,500,501,0.45522894681111037,-1.7952450610020172,nan,nan,0.16514421887514003,0.3568526746804653,0.06008384042793301,7.092512138734788,0.003999505096710709,nan,23.936275727887026,nan,0.90234375,0.419921875,2.2851640645899245
2,stale-friendly-spectral-sam-muon,stale-friendly-spectral-sam-muon,Stale Friendly Spectral SAM-Muon,,muon,stale_friendly,spectral,mnist,1.6,0.05,nominal,0.02,additive,1.0,nn_ce,2.2504740078131276,4,0,-1,500,501,0.5164004718786008,-1.7340735359345267,nan,nan,0.1783180288768242,0.36342754107196745,0.06011824051088038,7.224573236157795,0.0029089033296023636,nan,23.75424084814493,nan,0.87890625,0.4296875,2.266251110905217
2,stale-friendly-spectral-sam-muon,stale-friendly-spectral-sam-muon,Stale Friendly Spectral SAM-Muon,,muon,stale_friendly,spectral,mnist,1.6,0.05,nominal,0.02,additive,1.0,nn_ce,2.2504740078131276,5,0,-1,500,501,0.4678519565622421,-1.7826220512508855,nan,nan,0.1688678004166111,0.3659313502579363,0.05665558953261651,7.3967098172494214,0.003055489730478478,nan,23.721652907455915,nan,0.88671875,0.443359375,2.235955943631914
2,stale-friendly-spectral-sam-muon,stale-friendly-spectral-sam-muon,Stale Friendly Spectral SAM-Muon,,muon,stale_friendly,spectral,mnist,1.6,0.05,nominal,0.02,additive,1.0,nn_ce,2.2504740078131276,6,0,-1,500,501,0.5107262194782395,-1.739747788334888,nan,nan,0.17072511857665543,0.35323472336997325,0.05671728236370701,7.148391001648397,0.002801623559071764,nan,23.722290261310082,nan,0.875,0.431640625,2.1777101703165567
2,stale-friendly-spectral-sam-muon,stale-friendly-spectral-sam-muon,Stale Friendly Spectral SAM-Muon,,muon,stale_friendly,spectral,mnist,1.6,0.05,nominal,0.02,additive,1.0,nn_ce,2.2504740078131276,7,0,-1,500,501,0.4757591143180267,-1.774714893495101,nan,nan,0.17434728361880936,0.35308812641618736,0.056716454222907886,7.0989330822118895,0.0006584845049717458,nan,23.33679049531904,nan,0.900390625,0.4375,2.2187177869699175
2,stale-friendly-spectral-sam-muon,stale-friendly-spectral-sam-muon,Stale Friendly Spectral SAM-Muon,,muon,stale_friendly,spectral,mnist,1.6,0.5,nominal,0.02,additive,1.0,nn_ce,2.2504740078131276,0,0,-1,500,501,0.610289810241507,-1.6401841975716205,nan,nan,0.19752394759390812,3.4822763995973136,0.5667907151842702,7.200553872353576,0.2493270011293135,nan,23.038928736130035,nan,0.845703125,0.4375,2.1781235337537694
2,stale-friendly-spectral-sam-muon,stale-friendly-spectral-sam-muon,Stale Friendly Spectral SAM-Muon,,muon,stale_friendly,spectral,mnist,1.6,0.5,nominal,0.02,additive,1.0,nn_ce,2.2504740078131276,1,0,-1,500,501,0.5817230126632444,-1.6687509951498831,nan,nan,0.18983968142557547,3.6350316132305776,0.5998816368848221,7.107458776684585,0.24090877216176454,nan,23.495393182006637,nan,0.83984375,0.43359375,2.1345262902591267
2,stale-friendly-spectral-sam-muon,stale-friendly-spectral-sam-muon,Stale Friendly Spectral SAM-Muon,,muon,stale_friendly,spectral,mnist,1.6,0.5,nominal,0.02,additive,1.0,nn_ce,2.2504740078131276,2,0,-1,500,501,0.5825276332426799,-1.6679463745704477,nan,nan,0.2052528504404631,3.53716762422959,0.5670909175840476,7.042791619208916,0.31313669645362974,nan,23.204964620484695,nan,0.83203125,0.466796875,2.109899177075957
2,stale-friendly-spectral-sam-muon,stale-friendly-spectral-sam-muon,Stale Friendly Spectral SAM-Muon,,muon,stale_friendly,spectral,mnist,1.6,0.5,nominal,0.02,additive,1.0,nn_ce,2.2504740078131276,3,0,-1,500,501,0.5394098828619169,-1.7110641249512106,nan,nan,0.19428507512847562,3.6283040021193553,0.5817622614723592,7.170244562365488,0.3981614015488084,nan,23.813626243972667,nan,0.861328125,0.427734375,2.1979417166579216
2,stale-friendly-spectral-sam-muon,stale-friendly-spectral-sam-muon,Stale Friendly Spectral SAM-Muon,,muon,stale_friendly,spectral,mnist,1.6,0.5,nominal,0.02,additive,1.0,nn_ce,2.2504740078131276,4,0,-1,500,501,0.6245341907981532,-1.6259398170149744,nan,nan,0.19997192421423546,3.5429663248329626,0.5662835974801128,7.21585907267779,0.39109944252402307,nan,23.38198914849871,nan,0.85546875,0.42578125,2.1967995700275904
2,stale-friendly-spectral-sam-muon,stale-friendly-spectral-sam-muon,Stale Friendly Spectral SAM-Muon,,muon,stale_friendly,spectral,mnist,1.6,0.5,nominal,0.02,additive,1.0,nn_ce,2.2504740078131276,5,0,-1,500,501,0.5598718767186678,-1.69060213109446,nan,nan,0.19006248327448633,3.6620804120015142,0.6010797009929375,7.245050373340343,0.3037479061123135,nan,23.564620738428413,nan,0.84375,0.443359375,2.107262614846639
2,stale-friendly-spectral-sam-muon,stale-friendly-spectral-sam-muon,Stale Friendly Spectral SAM-Muon,,muon,stale_friendly,spectral,mnist,1.6,0.5,nominal,0.02,additive,1.0,nn_ce,2.2504740078131276,6,0,-1,500,501,0.6016136822695106,-1.648860325543617,nan,nan,0.19206801422979192,3.5721767134915354,0.5667546947594321,7.114220821238858,0.32365524517621824,nan,23.499881893169515,nan,0.830078125,0.43359375,2.063984144027602
2,stale-friendly-spectral-sam-muon,stale-friendly-spectral-sam-muon,Stale Friendly Spectral SAM-Muon,,muon,stale_friendly,spectral,mnist,1.6,0.5,nominal,0.02,additive,1.0,nn_ce,2.2504740078131276,7,0,-1,500,501,0.5755743278368095,-1.674899679976318,nan,nan,0.19552493695837528,3.4696873873796035,0.5665476097951686,7.080416244720397,0.2204159415383491,nan,22.99311808458273,nan,0.86328125,0.455078125,2.1294783139437117
2,spectral-friendly-sam-muon,spectral-friendly-sam-muon,Spectral Friendly SAM-Muon,,muon,friendly,spectral,both,1.6,1.0,nominal,0.02,additive,1.0,nn_ce,2.2504740078131276,0,0,-1,500,1000,1.267223764290681,-0.9832502435224466,nan,nan,0.28439238112159343,7.204346013905873,1.1707822159764596,7.144951435929901,0.7925398022238648,nan,21.708450802075948,nan,0.640625,0.4453125,2.0055660912959916
2,spectral-friendly-sam-muon,spectral-friendly-sam-muon,Spectral Friendly SAM-Muon,,muon,friendly,spectral,both,1.6,1.0,nominal,0.02,additive,1.0,nn_ce,2.2504740078131276,1,0,-1,500,1000,1.27066941466449,-0.9798045931486377,nan,nan,0.2820338636855481,7.057718265947232,1.1342118043865264,7.018998248095059,0.5765744196857763,nan,21.58032608932464,nan,0.669921875,0.419921875,2.0542701688956297
2,spectral-friendly-sam-muon,spectral-friendly-sam-muon,Spectral Friendly SAM-Muon,,muon,friendly,spectral,both,1.6,1.0,nominal,0.02,additive,1.0,nn_ce,2.2504740078131276,2,0,-1,500,1000,1.2544055881277212,-0.9960684196854064,nan,nan,0.2840596466654944,6.920502456421998,1.133365507545893,6.920471365934827,0.6375011672893081,nan,21.899418959246205,nan,0.65625,0.44921875,2.056803594026464
2,spectral-friendly-sam-muon,spectral-friendly-sam-muon,Spectral Friendly SAM-Muon,,muon,friendly,spectral,both,1.6,1.0,nominal,0.02,additive,1.0,nn_ce,2.2504740078131276,3,0,-1,500,1000,1.2002477975054162,-1.0502262103077113,nan,nan,0.27719234190760883,7.168775032329634,1.171810113487246,7.094410750391345,0.5839844311000206,nan,22.155189234753735,nan,0.658203125,0.4609375,2.031125308773619
2,spectral-friendly-sam-muon,spectral-friendly-sam-muon,Spectral Friendly SAM-Muon,,muon,friendly,spectral,both,1.6,1.0,nominal,0.02,additive,1.0,nn_ce,2.2504740078131276,4,0,-1,500,1000,1.3397465037217933,-0.9107275040913343,nan,nan,0.2876020671201905,6.870324293735615,1.1323598995687818,7.255922777951395,0.5837669363697737,nan,21.50355470067479,nan,0.62890625,0.453125,2.026786219327306
2,spectral-friendly-sam-muon,spectral-friendly-sam-muon,Spectral Friendly SAM-Muon,,muon,friendly,spectral,both,1.6,1.0,nominal,0.02,additive,1.0,nn_ce,2.2504740078131276,5,0,-1,500,1000,1.230801115373766,-1.0196728924393617,nan,nan,0.28393168394453516,7.517812062583253,1.196159815181391,7.283576026473305,0.5274085096735381,nan,22.049408137134314,nan,0.658203125,0.431640625,2.0267076694047494
2,spectral-friendly-sam-muon,spectral-friendly-sam-muon,Spectral Friendly SAM-Muon,,muon,friendly,spectral,both,1.6,1.0,nominal,0.02,additive,1.0,nn_ce,2.2504740078131276,6,0,-1,500,1000,1.2817460421025038,-0.9687279657106238,nan,nan,0.28826517329788454,7.105325440972509,1.1317112017965967,7.080230217818992,0.4987105207051765,nan,22.026963092367815,nan,0.634765625,0.45703125,2.0017343704849546
2,spectral-friendly-sam-muon,spectral-friendly-sam-muon,Spectral Friendly SAM-Muon,,muon,friendly,spectral,both,1.6,1.0,nominal,0.02,additive,1.0,nn_ce,2.2504740078131276,7,0,-1,500,1000,1.2892302205188342,-0.9612437872942934,nan,nan,0.29861303563171143,7.034126652947268,1.134270125295135,7.148477062840557,0.4972259111488728,nan,21.39540360139632,nan,0.638671875,0.443359375,2.0328059168188854
2,stale-momentum-friendly-spectral-sam-muon,stale-momentum-friendly-spectral-sam-muon,Stale Momentum-Friendly Spectral SAM-Muon,,muon,stale_momentum_friendly,spectral,mnist,1.6,0.01,nominal,0.02,additive,1.0,nn_ce,2.2504740078131276,0,0,-1,500,501,0.5195953787732699,-1.7308786290398577,nan,nan,0.1729461306037165,0.0701135702845705,0.011342081238362797,7.224312735618752,-0.0002865102236320194,nan,23.159183228719325,nan,0.880859375,0.423828125,2.3135713557745987
2,stale-momentum-friendly-spectral-sam-muon,stale-momentum-friendly-spectral-sam-muon,Stale Momentum-Friendly Spectral SAM-Muon,,muon,stale_momentum_friendly,spectral,mnist,1.6,0.01,nominal,0.02,additive,1.0,nn_ce,2.2504740078131276,1,0,-1,500,501,0.48841216600330517,-1.7620618418098224,nan,nan,0.16709881893290188,0.07369825837120317,0.01198091720962174,6.983012826604257,1.4415869242334622e-05,nan,23.629406032427397,nan,0.896484375,0.421875,2.2094066489638164
2,stale-momentum-friendly-spectral-sam-muon,stale-momentum-friendly-spectral-sam-muon,Stale Momentum-Friendly Spectral SAM-Muon,,muon,stale_momentum_friendly,spectral,mnist,1.6,0.01,nominal,0.02,additive,1.0,nn_ce,2.2504740078131276,2,0,-1,500,501,0.47188513817987604,-1.7785888696332515,nan,nan,0.1684746895843646,0.071773678557242,0.011335524191659518,6.983690426932441,-0.0001377345987032541,nan,23.321455841889833,nan,0.90234375,0.4375,2.253017008753469
2,stale-momentum-friendly-spectral-sam-muon,stale-momentum-friendly-spectral-sam-muon,Stale Momentum-Friendly Spectral SAM-Muon,,muon,stale_momentum_friendly,spectral,mnist,1.6,0.01,nominal,0.02,additive,1.0,nn_ce,2.2504740078131276,3,0,-1,500,501,0.45463833731614844,-1.7958356704969791,nan,nan,0.1653902026239696,0.07340132749722711,0.012021522241875714,7.015556716539828,0.00031331665394840336,nan,23.866470862417543,nan,0.90625,0.427734375,2.285794939432467
2,stale-momentum-friendly-spectral-sam-muon,stale-momentum-friendly-spectral-sam-muon,Stale Momentum-Friendly Spectral SAM-Muon,,muon,stale_momentum_friendly,spectral,mnist,1.6,0.01,nominal,0.02,additive,1.0,nn_ce,2.2504740078131276,4,0,-1,500,501,0.5135204816694712,-1.7369535261436564,nan,nan,0.17775050365337067,0.0726351772574094,0.011474495906551429,7.253326649380903,0.00015749828330557936,nan,23.806739211092417,nan,0.884765625,0.423828125,2.2677637263783366
2,stale-momentum-friendly-spectral-sam-muon,stale-momentum-friendly-spectral-sam-muon,Stale Momentum-Friendly Spectral SAM-Muon,,muon,stale_momentum_friendly,spectral,mnist,1.6,0.01,nominal,0.02,additive,1.0,nn_ce,2.2504740078131276,5,0,-1,500,501,0.4635495986835298,-1.7869244091295977,nan,nan,0.16732894005287108,0.07229201688154696,0.011748403181906205,7.380763216146272,0.00021787928181160598,nan,23.750623672955925,nan,0.884765625,0.447265625,2.237833607527306
2,stale-momentum-friendly-spectral-sam-muon,stale-momentum-friendly-spectral-sam-muon,Stale Momentum-Friendly Spectral SAM-Muon,,muon,stale_momentum_friendly,spectral,mnist,1.6,0.01,nominal,0.02,additive,1.0,nn_ce,2.2504740078131276,6,0,-1,500,501,0.508625492279086,-1.7418485155340415,nan,nan,0.17191126007006818,0.07123710802779971,0.011343507867980239,7.12566223928965,6.941745382071929e-06,nan,23.74765312416028,nan,0.873046875,0.439453125,2.182374572423131
2,stale-momentum-friendly-spectral-sam-muon,stale-momentum-friendly-spectral-sam-muon,Stale Momentum-Friendly Spectral SAM-Muon,,muon,stale_momentum_friendly,spectral,mnist,1.6,0.01,nominal,0.02,additive,1.0,nn_ce,2.2504740078131276,7,0,-1,500,501,0.4804722596933204,-1.7700017481198072,nan,nan,0.17397879337707275,0.06931651115245901,0.011343380226617126,7.055103381751193,-0.0001175126555113537,nan,23.304938950917244,nan,0.896484375,0.435546875,2.238093526990861
2,stale-friendly-spectral-sam-muon,stale-friendly-spectral-sam-muon,Stale Friendly Spectral SAM-Muon,,muon,stale_friendly,spectral,mnist,1.6,0.2,nominal,0.02,additive,1.0,nn_ce,2.2504740078131276,0,0,-1,500,501,0.5305274637409921,-1.7199465440721355,nan,nan,0.17406740223430206,1.4024442513422217,0.22683850673616046,7.24044034894858,0.05539943048613338,nan,23.25416890023275,nan,0.876953125,0.4140625,2.3163246423829817
2,stale-friendly-spectral-sam-muon,stale-friendly-spectral-sam-muon,Stale Friendly Spectral SAM-Muon,,muon,stale_friendly,spectral,mnist,1.6,0.2,nominal,0.02,additive,1.0,nn_ce,2.2504740078131276,1,0,-1,500,501,0.5003722263992626,-1.750101781413865,nan,nan,0.1690139646130793,1.458258511554512,0.2267919027624812,7.053436917069559,0.041070781307136595,nan,23.64259767717079,nan,0.87109375,0.431640625,2.1860790567882575
2,stale-friendly-spectral-sam-muon,stale-friendly-spectral-sam-muon,Stale Friendly Spectral SAM-Muon,,muon,stale_friendly,spectral,mnist,1.6,0.2,nominal,0.02,additive,1.0,nn_ce,2.2504740078131276,2,0,-1,500,501,0.48516937686642525,-1.7653046309467024,nan,nan,0.17246548075550766,1.3996061624262865,0.22678159173226572,7.054043715334062,0.03755393918896799,nan,23.387953112114218,nan,0.896484375,0.458984375,2.2305543120149083
2,stale-friendly-spectral-sam-muon,stale-friendly-spectral-sam-muon,Stale Friendly Spectral SAM-Muon,,muon,stale_friendly,spectral,mnist,1.6,0.2,nominal,0.02,additive,1.0,nn_ce,2.2504740078131276,3,0,-1,500,501,0.4666525875224438,-1.7838214202906837,nan,nan,0.1670832308253233,1.4294405339614686,0.240070035252773,7.12562410939669,0.051655145775044486,nan,23.86840386123362,nan,0.896484375,0.431640625,2.270266677407023
2,stale-friendly-spectral-sam-muon,stale-friendly-spectral-sam-muon,Stale Friendly Spectral SAM-Muon,,muon,stale_friendly,spectral,mnist,1.6,0.2,nominal,0.02,additive,1.0,nn_ce,2.2504740078131276,4,0,-1,500,501,0.5172582126277089,-1.7332157951854188,nan,nan,0.17934471836935262,1.4622479222091653,0.24031357965495856,7.218849600258934,0.05376253917155005,nan,23.781834507765154,nan,0.87890625,0.419921875,2.2796389969457445
2,stale-friendly-spectral-sam-muon,stale-friendly-spectral-sam-muon,Stale Friendly Spectral SAM-Muon,,muon,stale_friendly,spectral,mnist,1.6,0.2,nominal,0.02,additive,1.0,nn_ce,2.2504740078131276,5,0,-1,500,501,0.4783927518953359,-1.7720812559177916,nan,nan,0.17073982072415303,1.4480646595756153,0.2267479076755226,7.349905618449034,0.05217685275089756,nan,23.704071626110853,nan,0.880859375,0.4453125,2.209538242296108
2,stale-friendly-spectral-sam-muon,stale-friendly-spectral-sam-muon,Stale Friendly Spectral SAM-Muon,,muon,stale_friendly,spectral,mnist,1.6,0.2,nominal,0.02,additive,1.0,nn_ce,2.2504740078131276,6,0,-1,500,501,0.5271161465804892,-1.7233578612326383,nan,nan,0.1719835835268415,1.4084156286519738,0.22668500172528266,7.096535341964234,0.05605385746770175,nan,23.66206888469503,nan,0.86328125,0.423828125,2.169519695218576
2,stale-friendly-spectral-sam-muon,stale-friendly-spectral-sam-muon,Stale Friendly Spectral SAM-Muon,,muon,stale_friendly,spectral,mnist,1.6,0.2,nominal,0.02,additive,1.0,nn_ce,2.2504740078131276,7,0,-1,500,501,0.4876108793026356,-1.7628631285104919,nan,nan,0.1743606425465112,1.421548806860871,0.22687086399517453,7.032302351428609,0.03392634330451494,nan,23.266657300921906,nan,0.89453125,0.451171875,2.2073850239582375
2,stale-momentum-friendly-spectral-sam-muon,stale-momentum-friendly-spectral-sam-muon,Stale Momentum-Friendly Spectral SAM-Muon,,muon,stale_momentum_friendly,spectral,mnist,1.6,0.1,nominal,0.02,additive,1.0,nn_ce,2.2504740078131276,0,0,-1,500,501,0.5275240070230417,-1.7229500007900858,nan,nan,0.17266212065401662,0.7082412348575318,0.11946798829760068,7.2349060015749975,0.008636410730459398,nan,23.177356037365804,nan,0.87890625,0.423828125,2.3196989027778185
2,stale-momentum-friendly-spectral-sam-muon,stale-momentum-friendly-spectral-sam-muon,Stale Momentum-Friendly Spectral SAM-Muon,,muon,stale_momentum_friendly,spectral,mnist,1.6,0.1,nominal,0.02,additive,1.0,nn_ce,2.2504740078131276,1,0,-1,500,501,0.4987371561257914,-1.7517368516873362,nan,nan,0.16925424913592715,0.7384325468952923,0.1200871548943887,7.043349087566327,0.01093324284200714,nan,23.66904095035835,nan,0.880859375,0.431640625,2.1781698097788063
2,stale-momentum-friendly-spectral-sam-muon,stale-momentum-friendly-spectral-sam-muon,Stale Momentum-Friendly Spectral SAM-Muon,,muon,stale_momentum_friendly,spectral,mnist,1.6,0.1,nominal,0.02,additive,1.0,nn_ce,2.2504740078131276,2,0,-1,500,501,0.4811856715457945,-1.769288336267333,nan,nan,0.16922749709256057,0.7159543612571874,0.11834992692300843,7.044617506007107,0.008054151236334905,nan,23.4062101668287,nan,0.89453125,0.44140625,2.2291220929529056
2,stale-momentum-friendly-spectral-sam-muon,stale-momentum-friendly-spectral-sam-muon,Stale Momentum-Friendly Spectral SAM-Muon,,muon,stale_momentum_friendly,spectral,mnist,1.6,0.1,nominal,0.02,additive,1.0,nn_ce,2.2504740078131276,3,0,-1,500,501,0.4611269123068994,-1.789347095506228,nan,nan,0.16605625398010532,0.7315397630038394,0.12023593293633525,7.098593502319061,0.014165796251071894,nan,23.902901889028556,nan,0.90625,0.421875,2.264181227562017
2,stale-momentum-friendly-spectral-sam-muon,stale-momentum-friendly-spectral-sam-muon,Stale Momentum-Friendly Spectral SAM-Muon,,muon,stale_momentum_friendly,spectral,mnist,1.6,0.1,nominal,0.02,additive,1.0,nn_ce,2.2504740078131276,4,0,-1,500,501,0.521537202257087,-1.7289368055560406,nan,nan,0.1779157380264261,0.7171039479079754,0.11343553737436146,7.227515388144341,0.012853395461293604,nan,23.76429422549096,nan,0.8828125,0.431640625,2.2722982565133534
2,stale-momentum-friendly-spectral-sam-muon,stale-momentum-friendly-spectral-sam-muon,Stale Momentum-Friendly Spectral SAM-Muon,,muon,stale_momentum_friendly,spectral,mnist,1.6,0.1,nominal,0.02,additive,1.0,nn_ce,2.2504740078131276,5,0,-1,500,501,0.4737948057671848,-1.7766792020459428,nan,nan,0.168358282508217,0.7237514396375879,0.11996966081065095,7.406028935411459,0.012575175868727806,nan,23.753891687280394,nan,0.8828125,0.439453125,2.2216261285303416
2,stale-momentum-friendly-spectral-sam-muon,stale-momentum-friendly-spectral-sam-muon,Stale Momentum-Friendly Spectral SAM-Muon,,muon,stale_momentum_friendly,spectral,mnist,1.6,0.1,nominal,0.02,additive,1.0,nn_ce,2.2504740078131276,6,0,-1,500,501,0.5141514762131607,-1.7363225315999669,nan,nan,0.1703426986525205,0.7066508739316604,0.11340058761101329,7.118755772391055,0.013495517724215866,nan,23.68476696937878,nan,0.876953125,0.42578125,2.1831630087480667
2,stale-momentum-friendly-spectral-sam-muon,stale-momentum-friendly-spectral-sam-muon,Stale Momentum-Friendly Spectral SAM-Muon,,muon,stale_momentum_friendly,spectral,mnist,1.6,0.1,nominal,0.02,additive,1.0,nn_ce,2.2504740078131276,7,0,-1,500,501,0.47960000940224595,-1.7708739984108817,nan,nan,0.1734669720460192,0.6961208968282654,0.1129252638035824,7.047855934285812,0.006268034678470591,nan,23.298315784068457,nan,0.90234375,0.443359375,2.2132593610926796
2,stale-momentum-friendly-spectral-sam-muon,stale-momentum-friendly-spectral-sam-muon,Stale Momentum-Friendly Spectral SAM-Muon,,muon,stale_momentum_friendly,spectral,mnist,1.6,0.2,nominal,0.02,additive,1.0,nn_ce,2.2504740078131276,0,0,-1,500,501,0.5398317406910323,-1.710642267122095,nan,nan,0.17414548905257257,1.43655187786653,0.23589074048987602,7.248709822895995,0.05561450746825636,nan,23.243231182295684,nan,0.875,0.423828125,2.3060904880972917
2,stale-momentum-friendly-spectral-sam-muon,stale-momentum-friendly-spectral-sam-muon,Stale Momentum-Friendly Spectral SAM-Muon,,muon,stale_momentum_friendly,spectral,mnist,1.6,0.2,nominal,0.02,additive,1.0,nn_ce,2.2504740078131276,1,0,-1,500,501,0.5095044230159653,-1.7409695847971622,nan,nan,0.16962831008998833,1.4706600856696526,0.24045921250969912,7.007840726663077,0.04110307144037251,nan,23.679599500227077,nan,0.875,0.4375,2.166083051228661
2,stale-momentum-friendly-spectral-sam-muon,stale-momentum-friendly-spectral-sam-muon,Stale Momentum-Friendly Spectral SAM-Muon,,muon,stale_momentum_friendly,spectral,mnist,1.6,0.2,nominal,0.02,additive,1.0,nn_ce,2.2504740078131276,2,0,-1,500,501,0.49100163038831685,-1.7594723774248107,nan,nan,0.17275254994602499,1.4231329294950992,0.2356825982588989,7.076904330808099,0.03763172324578057,nan,23.35662532564836,nan,0.892578125,0.455078125,2.22048741628085
2,stale-momentum-friendly-spectral-sam-muon,stale-momentum-friendly-spectral-sam-muon,Stale Momentum-Friendly Spectral SAM-Muon,,muon,stale_momentum_friendly,spectral,mnist,1.6,0.2,nominal,0.02,additive,1.0,nn_ce,2.2504740078131276,3,0,-1,500,501,0.46754558308969696,-1.7829284247234307,nan,nan,0.16671727881313275,1.4700152537119833,0.24032449492653588,7.107476468058487,0.05025246874761724,nan,23.86549469740606,nan,0.896484375,0.435546875,2.254196955761562
2,stale-momentum-friendly-spectral-sam-muon,stale-momentum-friendly-spectral-sam-muon,Stale Momentum-Friendly Spectral SAM-Muon,,muon,stale_momentum_friendly,spectral,mnist,1.6,0.2,nominal,0.02,additive,1.0,nn_ce,2.2504740078131276,4,0,-1,500,501,0.5286812147584224,-1.7217927930547052,nan,nan,0.18102222111767127,1.4553670471879245,0.22682788727050418,7.230442050324228,0.047584509162948097,nan,23.803384909265272,nan,0.87890625,0.421875,2.267511360785426
2,stale-momentum-friendly-spectral-sam-muon,stale-momentum-friendly-spectral-sam-muon,Stale Momentum-Friendly Spectral SAM-Muon,,muon,stale_momentum_friendly,spectral,mnist,1.6,0.2,nominal,0.02,additive,1.0,nn_ce,2.2504740078131276,5,0,-1,500,501,0.48263943056113406,-1.7678345772519934,nan,nan,0.16942825959259739,1.4306665949543051,0.24027418492434205,7.371564473400106,0.05508887867913537,nan,23.758438313620807,nan,0.873046875,0.45703125,2.1850149798070895
2,stale-momentum-friendly-spectral-sam-muon,stale-momentum-friendly-spectral-sam-muon,Stale Momentum-Friendly Spectral SAM-Muon,,muon,stale_momentum_friendly,spectral,mnist,1.6,0.2,nominal,0.02,additive,1.0,nn_ce,2.2504740078131276,6,0,-1,500,501,0.5264398325559105,-1.724034175257217,nan,nan,0.17206465461356896,1.4078847932348593,0.2267940968148626,7.090042768826231,0.057478850681680016,nan,23.620480926263788,nan,0.86328125,0.427734375,2.167913082730941
2,stale-momentum-friendly-spectral-sam-muon,stale-momentum-friendly-spectral-sam-muon,Stale Momentum-Friendly Spectral SAM-Muon,,muon,stale_momentum_friendly,spectral,mnist,1.6,0.2,nominal,0.02,additive,1.0,nn_ce,2.2504740078131276,7,0,-1,500,501,0.49270215028404196,-1.7577718575290855,nan,nan,0.17429263629689778,1.4017535064025533,0.22629401806699126,7.080459092127451,0.03460476713162752,nan,23.294199870623455,nan,0.890625,0.453125,2.193835584944023
2,stale-momentum-friendly-spectral-sam-muon,stale-momentum-friendly-spectral-sam-muon,Stale Momentum-Friendly Spectral SAM-Muon,,muon,stale_momentum_friendly,spectral,mnist,1.6,0.02,nominal,0.02,additive,1.0,nn_ce,2.2504740078131276,0,0,-1,500,501,0.5197976550459763,-1.7306763527671514,nan,nan,0.1742984459474341,0.14002365989264864,0.02268064495584631,7.23562771298394,-0.00024681481222843527,nan,23.143130911824134,nan,0.8828125,0.423828125,2.315098551268116
2,stale-momentum-friendly-spectral-sam-muon,stale-momentum-friendly-spectral-sam-muon,Stale Momentum-Friendly Spectral SAM-Muon,,muon,stale_momentum_friendly,spectral,mnist,1.6,0.02,nominal,0.02,additive,1.0,nn_ce,2.2504740078131276,1,0,-1,500,501,0.48770227518031395,-1.7627717326328136,nan,nan,0.16671805934014536,0.14747177646113793,0.023994690737398017,7.0169017715097075,0.0002027160975605069,nan,23.636304455837703,nan,0.904296875,0.421875,2.207524808009712
2,stale-momentum-friendly-spectral-sam-muon,stale-momentum-friendly-spectral-sam-muon,Stale Momentum-Friendly Spectral SAM-Muon,,muon,stale_momentum_friendly,spectral,mnist,1.6,0.02,nominal,0.02,additive,1.0,nn_ce,2.2504740078131276,2,0,-1,500,501,0.4734176172837685,-1.777056390529359,nan,nan,0.16821148986923676,0.1435262415174522,0.023059722237206915,6.98387992998098,-0.00013155224994204628,nan,23.32407257694113,nan,0.900390625,0.4453125,2.2397968277533096
2,stale-momentum-friendly-spectral-sam-muon,stale-momentum-friendly-spectral-sam-muon,Stale Momentum-Friendly Spectral SAM-Muon,,muon,stale_momentum_friendly,spectral,mnist,1.6,0.02,nominal,0.02,additive,1.0,nn_ce,2.2504740078131276,3,0,-1,500,501,0.4564360633786084,-1.7940379444345191,nan,nan,0.16482109514421225,0.1465477126661776,0.024047006322839074,7.035409751460833,0.0008489231653988072,nan,23.873017752277338,nan,0.904296875,0.427734375,2.2872493852719273
2,stale-momentum-friendly-spectral-sam-muon,stale-momentum-friendly-spectral-sam-muon,Stale Momentum-Friendly Spectral SAM-Muon,,muon,stale_momentum_friendly,spectral,mnist,1.6,0.02,nominal,0.02,additive,1.0,nn_ce,2.2504740078131276,4,0,-1,500,501,0.5146222057618064,-1.7358518020513212,nan,nan,0.17821486479119222,0.1453788694721175,0.022931549656673128,7.24534539705349,0.00034445863994170267,nan,23.803651180485442,nan,0.880859375,0.423828125,2.2746217020558124
2,stale-momentum-friendly-spectral-sam-muon,stale-momentum-friendly-spectral-sam-muon,Stale Momentum-Friendly Spectral SAM-Muon,,muon,stale_momentum_friendly,spectral,mnist,1.6,0.02,nominal,0.02,additive,1.0,nn_ce,2.2504740078131276,5,0,-1,500,501,0.4652813978762732,-1.7851926099368542,nan,nan,0.1680582306256183,0.14463230983070494,0.02324354729708853,7.386673361257389,0.0006061581217516321,nan,23.73406947407445,nan,0.8828125,0.451171875,2.2346493851733245
2,stale-momentum-friendly-spectral-sam-muon,stale-momentum-friendly-spectral-sam-muon,Stale Momentum-Friendly Spectral SAM-Muon,,muon,stale_momentum_friendly,spectral,mnist,1.6,0.02,nominal,0.02,additive,1.0,nn_ce,2.2504740078131276,6,0,-1,500,501,0.5101731137273409,-1.7403008940857867,nan,nan,0.17175617572217333,0.14188896955303326,0.02268711162687403,7.137072628681253,0.00036509151104735516,nan,23.739839508706343,nan,0.875,0.435546875,2.178314278907049
2,stale-momentum-friendly-spectral-sam-muon,stale-momentum-friendly-spectral-sam-muon,Stale Momentum-Friendly Spectral SAM-Muon,,muon,stale_momentum_friendly,spectral,mnist,1.6,0.02,nominal,0.02,additive,1.0,nn_ce,2.2504740078131276,7,0,-1,500,501,0.47931466549589385,-1.7711593423172336,nan,nan,0.17487900531566308,0.13808377613603973,0.022683571985638647,7.090994708151671,2.5045184344374416e-05,nan,23.288918616506557,nan,0.896484375,0.44140625,2.236183280431225
2,stale-friendly-spectral-sam-muon,stale-friendly-spectral-sam-muon,Stale Friendly Spectral SAM-Muon,,muon,stale_friendly,spectral,mnist,1.6,0.01,nominal,0.02,additive,1.0,nn_ce,2.2504740078131276,0,0,-1,500,501,0.5217739668996886,-1.728700040913439,nan,nan,0.17268700714014446,0.07014285145518759,0.012008570949074931,7.215181674400204,-0.00029576235647887916,nan,23.16454910429468,nan,0.873046875,0.41796875,2.3176182489201276
2,stale-friendly-spectral-sam-muon,stale-friendly-spectral-sam-muon,Stale Friendly Spectral SAM-Muon,,muon,stale_friendly,spectral,mnist,1.6,0.01,nominal,0.02,additive,1.0,nn_ce,2.2504740078131276,1,0,-1,500,501,0.48680737784031236,-1.7636666299728152,nan,nan,0.1677681740974617,0.07330269100723326,0.011912443234952788,6.963974246636309,-7.669765565621045e-05,nan,23.639562835833328,nan,0.896484375,0.419921875,2.2160107085628993
2,stale-friendly-spectral-sam-muon,stale-friendly-spectral-sam-muon,Stale Friendly Spectral SAM-Muon,,muon,stale_friendly,spectral,mnist,1.6,0.01,nominal,0.02,additive,1.0,nn_ce,2.2504740078131276,2,0,-1,500,501,0.4722076721605141,-1.7782663356526134,nan,nan,0.16917275933873133,0.07056150791813627,0.011330208255056888,6.973588607014074,-0.00017756335892954445,nan,23.32975700433559,nan,0.90234375,0.44140625,2.250891692115683
2,stale-friendly-spectral-sam-muon,stale-friendly-spectral-sam-muon,Stale Friendly Spectral SAM-Muon,,muon,stale_friendly,spectral,mnist,1.6,0.01,nominal,0.02,additive,1.0,nn_ce,2.2504740078131276,3,0,-1,500,501,0.45459561393303777,-1.7958783938800897,nan,nan,0.1637615520424805,0.07159939117900165,0.011911490915757265,7.008776000897938,0.0003439479666106915,nan,23.87197298807349,nan,0.90625,0.4296875,2.283340092435857
2,stale-friendly-spectral-sam-muon,stale-friendly-spectral-sam-muon,Stale Friendly Spectral SAM-Muon,,muon,stale_friendly,spectral,mnist,1.6,0.01,nominal,0.02,additive,1.0,nn_ce,2.2504740078131276,4,0,-1,500,501,0.5134460902642224,-1.7370279175489052,nan,nan,0.17786358768505825,0.07261038526520515,0.011920929009125957,7.252678930739101,1.7844959818491546e-05,nan,23.81387799180824,nan,0.880859375,0.419921875,2.263783447121683
2,stale-friendly-spectral-sam-muon,stale-friendly-spectral-sam-muon,Stale Friendly Spectral SAM-Muon,,muon,stale_friendly,spectral,mnist,1.6,0.01,nominal,0.02,additive,1.0,nn_ce,2.2504740078131276,5,0,-1,500,501,0.4627992980826772,-1.7876747097304504,nan,nan,0.16791637925085298,0.07314157520912311,0.01133546820139782,7.3902479378863655,0.00024957463308877825,nan,23.73474310974389,nan,0.888671875,0.447265625,2.241969574734881
2,stale-friendly-spectral-sam-muon,stale-friendly-spectral-sam-muon,Stale Friendly Spectral SAM-Muon,,muon,stale_friendly,spectral,mnist,1.6,0.01,nominal,0.02,additive,1.0,nn_ce,2.2504740078131276,6,0,-1,500,501,0.5099368230267223,-1.7405371847864053,nan,nan,0.17251063971517444,0.07072090725670324,0.011342364681346754,7.132941688318501,3.650922986797589e-05,nan,23.7411225668222,nan,0.875,0.43359375,2.183086217628159
2,stale-friendly-spectral-sam-muon,stale-friendly-spectral-sam-muon,Stale Friendly Spectral SAM-Muon,,muon,stale_friendly,spectral,mnist,1.6,0.01,nominal,0.02,additive,1.0,nn_ce,2.2504740078131276,7,0,-1,500,501,0.4809089990447566,-1.769565008768371,nan,nan,0.17476493766848514,0.0705095978849186,0.011340235699896369,7.053561554152672,-0.00014860786482812083,nan,23.30195583833405,nan,0.896484375,0.439453125,2.2479375650539075
2,random-spectral-sam-muon,random-spectral-sam-muon,Random Spectral SAM-Muon,,muon,random,spectral,mnist,2.0,0.01,nominal,0.02,additive,1.0,nn_ce,2.2504740078131276,0,0,-1,500,500,0.23079425041257473,-2.019679757400553,nan,nan,0.11250404679958695,0.07040351777389095,0.011996167492772743,6.967650368653724,-2.134179614399212e-05,nan,23.026507720047015,nan,0.9765625,0.431640625,2.4437002477365244
2,random-spectral-sam-muon,random-spectral-sam-muon,Random Spectral SAM-Muon,,muon,random,spectral,mnist,2.0,0.01,nominal,0.02,additive,1.0,nn_ce,2.2504740078131276,1,0,-1,500,500,0.23570548972027777,-2.0147685180928496,nan,nan,0.10684727530408662,0.06901217565041444,0.011326359811802992,7.06042575756274,0.00010705271497174484,nan,23.463258176745367,nan,0.970703125,0.466796875,2.3414917816006846
2,random-spectral-sam-muon,random-spectral-sam-muon,Random Spectral SAM-Muon,,muon,random,spectral,mnist,2.0,0.01,nominal,0.02,additive,1.0,nn_ce,2.2504740078131276,2,0,-1,500,500,0.23666009938547108,-2.0138139084276565,nan,nan,0.11225739257557547,0.06932388182676856,0.011321971035021161,6.965329643819732,7.696633675194353e-05,nan,23.12914260019128,nan,0.98828125,0.435546875,2.377970139104693
2,random-spectral-sam-muon,random-spectral-sam-muon,Random Spectral SAM-Muon,,muon,random,spectral,mnist,2.0,0.01,nominal,0.02,additive,1.0,nn_ce,2.2504740078131276,3,0,-1,500,500,0.25517210237140253,-1.9953019054417251,nan,nan,0.11553188657127854,0.0689362343123836,0.0113255885951979,6.872975579259279,-0.00010243715241886608,nan,22.98728923555054,nan,0.970703125,0.45703125,2.3534385963799997
2,random-spectral-sam-muon,random-spectral-sam-muon,Random Spectral SAM-Muon,,muon,random,spectral,mnist,2.0,0.01,nominal,0.02,additive,1.0,nn_ce,2.2504740078131276,4,0,-1,500,500,0.23041311347739646,-2.020060894335731,nan,nan,0.11149805274584368,0.067242364174422,0.011339228850405147,7.0787882340764074,-1.841750050002311e-05,nan,23.28344717916507,nan,0.9765625,0.44921875,2.477207202627021
2,random-spectral-sam-muon,random-spectral-sam-muon,Random Spectral SAM-Muon,,muon,random,spectral,mnist,2.0,0.01,nominal,0.02,additive,1.0,nn_ce,2.2504740078131276,5,0,-1,500,500,0.2325510992757212,-2.017922908537406,nan,nan,0.11209521031196966,0.06873749313250144,0.01200904336405758,6.9405324356442835,-8.058484453232762e-06,nan,23.556164550320673,nan,0.98046875,0.458984375,2.312864246052648
2,random-spectral-sam-muon,random-spectral-sam-muon,Random Spectral SAM-Muon,,muon,random,spectral,mnist,2.0,0.01,nominal,0.02,additive,1.0,nn_ce,2.2504740078131276,6,0,-1,500,500,0.2333944435652485,-2.017079564247879,nan,nan,0.10857960529166648,0.06963407907709009,0.011331141615777722,7.030551194634385,4.450723185309147e-05,nan,23.239840482976813,nan,0.96875,0.447265625,2.5042212980150476
2,random-spectral-sam-muon,random-spectral-sam-muon,Random Spectral SAM-Muon,,muon,random,spectral,mnist,2.0,0.01,nominal,0.02,additive,1.0,nn_ce,2.2504740078131276,7,0,-1,500,500,0.24426036056848113,-2.0062136472446466,nan,nan,0.11152547953684148,0.06874291696772897,0.011267278088944649,7.017116213781477,-5.858065327879469e-06,nan,22.996997618307105,nan,0.978515625,0.447265625,2.385642798749321
2,stale-momentum-friendly-spectral-sam-muon,stale-momentum-friendly-spectral-sam-muon,Stale Momentum-Friendly Spectral SAM-Muon,,muon,stale_momentum_friendly,spectral,mnist,1.6,0.05,nominal,0.02,additive,1.0,nn_ce,2.2504740078131276,0,0,-1,500,501,0.5204324523373907,-1.730041555475737,nan,nan,0.17260787688153328,0.351250822796034,0.0567065845921796,7.26432415345669,0.0012305340967404543,nan,23.18452793661143,nan,0.884765625,0.41796875,2.3239053014427116
2,stale-momentum-friendly-spectral-sam-muon,stale-momentum-friendly-spectral-sam-muon,Stale Momentum-Friendly Spectral SAM-Muon,,muon,stale_momentum_friendly,spectral,mnist,1.6,0.05,nominal,0.02,additive,1.0,nn_ce,2.2504740078131276,1,0,-1,500,501,0.4918352285704885,-1.758638779242639,nan,nan,0.16748855533648221,0.36932715341784106,0.05993581963929346,7.019042699350972,0.0023644386096845493,nan,23.639696605154832,nan,0.890625,0.4296875,2.1957088343332596
2,stale-momentum-friendly-spectral-sam-muon,stale-momentum-friendly-spectral-sam-muon,Stale Momentum-Friendly Spectral SAM-Muon,,muon,stale_momentum_friendly,spectral,mnist,1.6,0.05,nominal,0.02,additive,1.0,nn_ce,2.2504740078131276,2,0,-1,500,501,0.47364323177403267,-1.776830776039095,nan,nan,0.167943840832542,0.35907449557333215,0.059774722168722434,6.985606552414888,0.0012754461782877313,nan,23.368511491097742,nan,0.904296875,0.435546875,2.2375580675008218
2,stale-momentum-friendly-spectral-sam-muon,stale-momentum-friendly-spectral-sam-muon,Stale Momentum-Friendly Spectral SAM-Muon,,muon,stale_momentum_friendly,spectral,mnist,1.6,0.05,nominal,0.02,additive,1.0,nn_ce,2.2504740078131276,3,0,-1,500,501,0.4571363093960047,-1.793337698417123,nan,nan,0.16498796961598086,0.3669420720518499,0.06008257138774079,7.06014015017529,0.003434261757858603,nan,23.912816402653906,nan,0.8984375,0.419921875,2.281028089246135
2,stale-momentum-friendly-spectral-sam-muon,stale-momentum-friendly-spectral-sam-muon,Stale Momentum-Friendly Spectral SAM-Muon,,muon,stale_momentum_friendly,spectral,mnist,1.6,0.05,nominal,0.02,additive,1.0,nn_ce,2.2504740078131276,4,0,-1,500,501,0.5191723640159175,-1.73130164379721,nan,nan,0.17922769852770915,0.36263920991090853,0.05671767944928792,7.2396182098871416,0.0032157659716349762,nan,23.76427715126501,nan,0.875,0.423828125,2.2643278599162127
2,stale-momentum-friendly-spectral-sam-muon,stale-momentum-friendly-spectral-sam-muon,Stale Momentum-Friendly Spectral SAM-Muon,,muon,stale_momentum_friendly,spectral,mnist,1.6,0.05,nominal,0.02,additive,1.0,nn_ce,2.2504740078131276,5,0,-1,500,501,0.4694905425496257,-1.780983465263502,nan,nan,0.16855579972819168,0.36168117463764393,0.05813390494151295,7.38535363205344,0.0029053039672789494,nan,23.72166003677214,nan,0.892578125,0.44140625,2.2326989283661125
2,stale-momentum-friendly-spectral-sam-muon,stale-momentum-friendly-spectral-sam-muon,Stale Momentum-Friendly Spectral SAM-Muon,,muon,stale_momentum_friendly,spectral,mnist,1.6,0.05,nominal,0.02,additive,1.0,nn_ce,2.2504740078131276,6,0,-1,500,501,0.5096236709456632,-1.7408503368674644,nan,nan,0.1711731342964595,0.35326401858304496,0.05670907260571377,7.116798013588726,0.003056130077777275,nan,23.711574636346764,nan,0.8671875,0.44140625,2.1761993192009603
2,stale-momentum-friendly-spectral-sam-muon,stale-momentum-friendly-spectral-sam-muon,Stale Momentum-Friendly Spectral SAM-Muon,,muon,stale_momentum_friendly,spectral,mnist,1.6,0.05,nominal,0.02,additive,1.0,nn_ce,2.2504740078131276,7,0,-1,500,501,0.47923292842343596,-1.7712410793896916,nan,nan,0.17516968800293092,0.34678941018929,0.05642103802351746,7.010652735150542,0.0006769338349664755,nan,23.315168943140836,nan,0.90234375,0.44921875,2.217740160415076
2,stale-momentum-friendly-spectral-sam-muon,stale-momentum-friendly-spectral-sam-muon,Stale Momentum-Friendly Spectral SAM-Muon,,muon,stale_momentum_friendly,spectral,mnist,1.6,0.5,nominal,0.02,additive,1.0,nn_ce,2.2504740078131276,0,0,-1,500,501,0.6171981285608956,-1.633275879252232,nan,nan,0.20037512229310162,3.566925786216914,0.5671359478003886,7.181212442849978,0.36177619199478606,nan,23.085673261999162,nan,0.833984375,0.431640625,2.1608169356374414
2,stale-momentum-friendly-spectral-sam-muon,stale-momentum-friendly-spectral-sam-muon,Stale Momentum-Friendly Spectral SAM-Muon,,muon,stale_momentum_friendly,spectral,mnist,1.6,0.5,nominal,0.02,additive,1.0,nn_ce,2.2504740078131276,1,0,-1,500,501,0.5985909756458891,-1.6518830321672384,nan,nan,0.19235258200261324,3.6458894269498434,0.5984401270587507,7.0296569149934145,0.3308147936182806,nan,23.571242063652143,nan,0.837890625,0.43359375,2.1339317183443374
2,stale-momentum-friendly-spectral-sam-muon,stale-momentum-friendly-spectral-sam-muon,Stale Momentum-Friendly Spectral SAM-Muon,,muon,stale_momentum_friendly,spectral,mnist,1.6,0.5,nominal,0.02,additive,1.0,nn_ce,2.2504740078131276,2,0,-1,500,501,0.5942126693104415,-1.656261338502686,nan,nan,0.19862276134201612,3.5295884463198655,0.5973612339056367,7.050728628024005,0.27219904791515925,nan,23.254505510234374,nan,0.830078125,0.462890625,2.0922612865259795
2,stale-momentum-friendly-spectral-sam-muon,stale-momentum-friendly-spectral-sam-muon,Stale Momentum-Friendly Spectral SAM-Muon,,muon,stale_momentum_friendly,spectral,mnist,1.6,0.5,nominal,0.02,additive,1.0,nn_ce,2.2504740078131276,3,0,-1,500,501,0.5422822089425638,-1.7081917988705637,nan,nan,0.19735331252397253,3.63112529854699,0.6006827477889564,7.171001635564667,0.41590435561369254,nan,23.815470203491316,nan,0.8671875,0.4453125,2.1823304491377087
2,stale-momentum-friendly-spectral-sam-muon,stale-momentum-friendly-spectral-sam-muon,Stale Momentum-Friendly Spectral SAM-Muon,,muon,stale_momentum_friendly,spectral,mnist,1.6,0.5,nominal,0.02,additive,1.0,nn_ce,2.2504740078131276,4,0,-1,500,501,0.648926318504754,-1.6015476893083735,nan,nan,0.206505776419959,3.5759915121233425,0.5670203154554423,7.190187748814244,0.4392839584324263,nan,23.40510833646419,nan,0.841796875,0.43359375,2.174962015492743
2,stale-momentum-friendly-spectral-sam-muon,stale-momentum-friendly-spectral-sam-muon,Stale Momentum-Friendly Spectral SAM-Muon,,muon,stale_momentum_friendly,spectral,mnist,1.6,0.5,nominal,0.02,additive,1.0,nn_ce,2.2504740078131276,5,0,-1,500,501,0.5891934247423084,-1.6612805830708193,nan,nan,0.1907380043463898,3.5959979418571644,0.5761090028855691,7.331434183506624,0.36050046961566473,nan,23.630277627855786,nan,0.84375,0.453125,2.107924589581184
2,stale-momentum-friendly-spectral-sam-muon,stale-momentum-friendly-spectral-sam-muon,Stale Momentum-Friendly Spectral SAM-Muon,,muon,stale_momentum_friendly,spectral,mnist,1.6,0.5,nominal,0.02,additive,1.0,nn_ce,2.2504740078131276,6,0,-1,500,501,0.6114015282133825,-1.6390724795997451,nan,nan,0.19101606143052005,3.5866704140180308,0.567164781342293,7.0445711625780225,0.33109232252785503,nan,23.519926508596107,nan,0.83203125,0.443359375,2.062542351982519
2,stale-momentum-friendly-spectral-sam-muon,stale-momentum-friendly-spectral-sam-muon,Stale Momentum-Friendly Spectral SAM-Muon,,muon,stale_momentum_friendly,spectral,mnist,1.6,0.5,nominal,0.02,additive,1.0,nn_ce,2.2504740078131276,7,0,-1,500,501,0.6084101704497991,-1.6420638373633285,nan,nan,0.20315341683269308,3.5107054530776747,0.5931200128429805,7.077159312144675,0.288184247950387,nan,23.070260868045374,nan,0.849609375,0.453125,2.107155101164859
2,muon,muon,Muon,,muon,,,both,2.0,nan,nominal,0.02,additive,1.0,nn_ce,2.2504740078131276,0,0,-1,500,500,0.23186933791628006,-2.0186046698968476,nan,nan,0.11285951883498038,0.0,0.0,6.929051022372955,0.0,nan,23.000169850167158,nan,0.9765625,0.43359375,2.454123812167498
2,muon,muon,Muon,,muon,,,both,2.0,nan,nominal,0.02,additive,1.0,nn_ce,2.2504740078131276,1,0,-1,500,500,0.23780130403570102,-2.0126727037774264,nan,nan,0.10799829545703281,0.0,0.0,7.059127615375167,0.0,nan,23.42188929800106,nan,0.97265625,0.4609375,2.3263192876016903
2,muon,muon,Muon,,muon,,,both,2.0,nan,nominal,0.02,additive,1.0,nn_ce,2.2504740078131276,2,0,-1,500,500,0.23251108429131517,-2.0179629235218126,nan,nan,0.11105801941547812,0.0,0.0,6.951301651272375,0.0,nan,23.132067375815588,nan,0.986328125,0.439453125,2.3616177783600025
2,muon,muon,Muon,,muon,,,both,2.0,nan,nominal,0.02,additive,1.0,nn_ce,2.2504740078131276,3,0,-1,500,500,0.2556456871384154,-1.9948283206747122,nan,nan,0.11588086299732518,0.0,0.0,6.821108166451809,0.0,nan,22.982547793741446,nan,0.96875,0.453125,2.3497648777822104
2,muon,muon,Muon,,muon,,,both,2.0,nan,nominal,0.02,additive,1.0,nn_ce,2.2504740078131276,4,0,-1,500,500,0.23311343998536238,-2.0173605678277653,nan,nan,0.11279089915925246,0.0,0.0,7.073508016275227,0.0,nan,23.243443467677523,nan,0.974609375,0.451171875,2.4908238646908822
2,muon,muon,Muon,,muon,,,both,2.0,nan,nominal,0.02,additive,1.0,nn_ce,2.2504740078131276,5,0,-1,500,500,0.22942397974581424,-2.021050028067313,nan,nan,0.11291858117124852,0.0,0.0,6.968450158032793,0.0,nan,23.507414678716064,nan,0.982421875,0.453125,2.3193587084376697
2,muon,muon,Muon,,muon,,,both,2.0,nan,nominal,0.02,additive,1.0,nn_ce,2.2504740078131276,6,0,-1,500,500,0.232130228947443,-2.0183437788656846,nan,nan,0.10856384019412628,0.0,0.0,7.0399570645044545,0.0,nan,23.25774260062655,nan,0.96875,0.455078125,2.5027713639959748
2,muon,muon,Muon,,muon,,,both,2.0,nan,nominal,0.02,additive,1.0,nn_ce,2.2504740078131276,7,0,-1,500,500,0.2449469245497041,-2.0055270832634235,nan,nan,0.11185840542877593,0.0,0.0,7.04640573553122,0.0,nan,23.05717437035021,nan,0.9765625,0.439453125,2.3754291741899043
2,stale-friendly-spectral-sam-muon,stale-friendly-spectral-sam-muon,Stale Friendly Spectral SAM-Muon,,muon,stale_friendly,spectral,mnist,1.6,0.02,nominal,0.02,additive,1.0,nn_ce,2.2504740078131276,0,0,-1,500,501,0.5185682441532324,-1.7319057636598951,nan,nan,0.1729258466320107,0.14000264915145386,0.02395920541997722,7.243110598120761,-0.00023853542057405974,nan,23.14046483760204,nan,0.880859375,0.421875,2.3140387306022387
2,stale-friendly-spectral-sam-muon,stale-friendly-spectral-sam-muon,Stale Friendly Spectral SAM-Muon,,muon,stale_friendly,spectral,mnist,1.6,0.02,nominal,0.02,additive,1.0,nn_ce,2.2504740078131276,1,0,-1,500,501,0.4867785924265221,-1.7636954153866053,nan,nan,0.16608480394223732,0.14648919540927735,0.023855674585700086,7.002265858173092,6.183662569775317e-05,nan,23.630696324371677,nan,0.90234375,0.421875,2.20534815500981
2,stale-friendly-spectral-sam-muon,stale-friendly-spectral-sam-muon,Stale Friendly Spectral SAM-Muon,,muon,stale_friendly,spectral,mnist,1.6,0.02,nominal,0.02,additive,1.0,nn_ce,2.2504740078131276,2,0,-1,500,501,0.4755645605503981,-1.7749094472627296,nan,nan,0.16842763237605213,0.14086990386926151,0.022678419948909963,7.000982483284166,-0.00017071176986066527,nan,23.313759383617363,nan,0.904296875,0.4375,2.250287166823413
2,stale-friendly-spectral-sam-muon,stale-friendly-spectral-sam-muon,Stale Friendly Spectral SAM-Muon,,muon,stale_friendly,spectral,mnist,1.6,0.02,nominal,0.02,additive,1.0,nn_ce,2.2504740078131276,3,0,-1,500,501,0.45507944685846013,-1.7953945609546675,nan,nan,0.1642477764275982,0.1430808074459545,0.023807937221610252,7.000099128898784,0.0007782365806847658,nan,23.886494892571807,nan,0.90625,0.421875,2.2893313021882906
2,stale-friendly-spectral-sam-muon,stale-friendly-spectral-sam-muon,Stale Friendly Spectral SAM-Muon,,muon,stale_friendly,spectral,mnist,1.6,0.02,nominal,0.02,additive,1.0,nn_ce,2.2504740078131276,4,0,-1,500,501,0.5148610081901221,-1.7356129996230054,nan,nan,0.17692929835172402,0.14526724054946263,0.023677705419497923,7.242166863357532,0.0003056050161602819,nan,23.783611029534182,nan,0.8828125,0.423828125,2.264815205050957
2,stale-friendly-spectral-sam-muon,stale-friendly-spectral-sam-muon,Stale Friendly Spectral SAM-Muon,,muon,stale_friendly,spectral,mnist,1.6,0.02,nominal,0.02,additive,1.0,nn_ce,2.2504740078131276,5,0,-1,500,501,0.46255418209029564,-1.787919825722832,nan,nan,0.1679716023264027,0.14634662428437062,0.022674422608852024,7.384819661072677,0.0007628293269977826,nan,23.727520615173198,nan,0.88671875,0.447265625,2.237943286222026
2,stale-friendly-spectral-sam-muon,stale-friendly-spectral-sam-muon,Stale Friendly Spectral SAM-Muon,,muon,stale_friendly,spectral,mnist,1.6,0.02,nominal,0.02,additive,1.0,nn_ce,2.2504740078131276,6,0,-1,500,501,0.5093697233542183,-1.7411042844589093,nan,nan,0.1722909972546598,0.1416222255761116,0.022685209138659748,7.139403838860614,0.0003385234420399952,nan,23.74401682559111,nan,0.87109375,0.4375,2.176744702965075
2,stale-friendly-spectral-sam-muon,stale-friendly-spectral-sam-muon,Stale Friendly Spectral SAM-Muon,,muon,stale_friendly,spectral,mnist,1.6,0.02,nominal,0.02,additive,1.0,nn_ce,2.2504740078131276,7,0,-1,500,501,0.4804096479420758,-1.7700643598710517,nan,nan,0.17532071929827484,0.14097675938215273,0.02265864813556521,7.052280379819202,-2.9753386010522576e-05,nan,23.285507641968277,nan,0.896484375,0.439453125,2.234451373803214
2,sgd,sgd,SGD,,sgd,,,both,2.0,nan,nominal,1.0,additive,1.0,nn_ce,2.2504740078131276,0,0,-1,500,500,0.009473262645694338,-2.241000745167433,nan,nan,0.035385425369957195,0.0,0.0,2.2049725684566015,0.0,nan,21.791246353638602,nan,1.0,0.37890625,9.705931516250761
2,sgd,sgd,SGD,,sgd,,,both,2.0,nan,nominal,1.0,additive,1.0,nn_ce,2.2504740078131276,1,0,-1,500,500,0.021705839172643872,-2.228768168640484,nan,nan,0.08303224876327825,0.0,0.0,2.1134707687213052,0.0,nan,21.91602997650291,nan,0.99609375,0.388671875,10.7644542006925
2,sgd,sgd,SGD,,sgd,,,both,2.0,nan,nominal,1.0,additive,1.0,nn_ce,2.2504740078131276,2,0,-1,500,500,0.009494698560433173,-2.2409793092526944,nan,nan,0.03433365751876706,0.0,0.0,2.1683462250767738,0.0,nan,23.281546640163842,nan,1.0,0.390625,9.116994606830694
2,sgd,sgd,SGD,,sgd,,,both,2.0,nan,nominal,1.0,additive,1.0,nn_ce,2.2504740078131276,3,0,-1,500,500,0.006882593910876644,-2.243591413902251,nan,nan,0.0267190267303829,0.0,0.0,2.2263728729336236,0.0,nan,22.148533433146937,nan,1.0,0.39453125,10.864005626753418
2,sgd,sgd,SGD,,sgd,,,both,2.0,nan,nominal,1.0,additive,1.0,nn_ce,2.2504740078131276,4,0,-1,500,500,0.009391270738597942,-2.2410827370745294,nan,nan,0.032438090426476274,0.0,0.0,2.3064247107812603,0.0,nan,22.02987295146941,nan,1.0,0.4140625,10.290529723650426
2,sgd,sgd,SGD,,sgd,,,both,2.0,nan,nominal,1.0,additive,1.0,nn_ce,2.2504740078131276,5,0,-1,500,500,0.008794592248859437,-2.2416794155642683,nan,nan,0.028845403202434724,0.0,0.0,2.335130841437796,0.0,nan,22.923797201089897,nan,1.0,0.404296875,9.192993315844422
2,sgd,sgd,SGD,,sgd,,,both,2.0,nan,nominal,1.0,additive,1.0,nn_ce,2.2504740078131276,6,0,-1,500,500,0.005346371577804298,-2.245127636235323,nan,nan,0.026750087130003097,0.0,0.0,2.380116875940456,0.0,nan,22.728718918357867,nan,1.0,0.38671875,13.234578643785365
2,sgd,sgd,SGD,,sgd,,,both,2.0,nan,nominal,1.0,additive,1.0,nn_ce,2.2504740078131276,7,0,-1,500,500,0.013573236295861017,-2.2369007715172664,nan,nan,0.06507197218876722,0.0,0.0,2.2564824104566106,0.0,nan,23.025390179424967,nan,0.99609375,0.412109375,11.020392428471801
2,random-spectral-sam-muon,random-spectral-sam-muon,Random Spectral SAM-Muon,,muon,random,spectral,mnist,2.0,0.05,nominal,0.02,additive,1.0,nn_ce,2.2504740078131276,0,0,-1,500,500,0.22988633000661426,-2.0205876778065135,nan,nan,0.11259539281871901,0.35201758886945483,0.0599808374638637,6.953136808237993,0.0007432758008350249,nan,23.022816294417098,nan,0.9765625,0.439453125,2.4414258346373767
2,random-spectral-sam-muon,random-spectral-sam-muon,Random Spectral SAM-Muon,,muon,random,spectral,mnist,2.0,0.05,nominal,0.02,additive,1.0,nn_ce,2.2504740078131276,1,0,-1,500,500,0.2363635166893545,-2.0141104911237733,nan,nan,0.10661089511461272,0.3450608782520723,0.05663179905901498,7.033511188384832,0.0016441142798833408,nan,23.42259495532479,nan,0.97265625,0.458984375,2.344306307663023
2,random-spectral-sam-muon,random-spectral-sam-muon,Random Spectral SAM-Muon,,muon,random,spectral,mnist,2.0,0.05,nominal,0.02,additive,1.0,nn_ce,2.2504740078131276,2,0,-1,500,500,0.2324374427294054,-2.018036565083722,nan,nan,0.11308050903643543,0.34661940913384276,0.056609855175105826,6.982543562968014,0.0015733391617501202,nan,23.158130031818917,nan,0.982421875,0.427734375,2.3813024301448475
2,random-spectral-sam-muon,random-spectral-sam-muon,Random Spectral SAM-Muon,,muon,random,spectral,mnist,2.0,0.05,nominal,0.02,additive,1.0,nn_ce,2.2504740078131276,3,0,-1,500,500,0.25491018454035314,-1.9955638232727744,nan,nan,0.11744873768313324,0.344681171561918,0.056627942975989456,6.882210668981814,0.0008694305780340694,nan,22.997495811468962,nan,0.96875,0.462890625,2.354274304057251
2,random-spectral-sam-muon,random-spectral-sam-muon,Random Spectral SAM-Muon,,muon,random,spectral,mnist,2.0,0.05,nominal,0.02,additive,1.0,nn_ce,2.2504740078131276,4,0,-1,500,500,0.23284079801414012,-2.0176332097989875,nan,nan,0.11129907117810162,0.33621182087211,0.056696144252025765,7.008076740472023,0.0007471122550037623,nan,23.300336781171918,nan,0.98046875,0.451171875,2.45973094084074
2,random-spectral-sam-muon,random-spectral-sam-muon,Random Spectral SAM-Muon,,muon,random,spectral,mnist,2.0,0.05,nominal,0.02,additive,1.0,nn_ce,2.2504740078131276,5,0,-1,500,500,0.22871304281039312,-2.0217609650027346,nan,nan,0.11270870572287586,0.34368746566250713,0.060045216820287906,6.928459384364829,0.0010505903232752578,nan,23.557747251260412,nan,0.982421875,0.4609375,2.304082548391025
2,random-spectral-sam-muon,random-spectral-sam-muon,Random Spectral SAM-Muon,,muon,random,spectral,mnist,2.0,0.05,nominal,0.02,additive,1.0,nn_ce,2.2504740078131276,6,0,-1,500,500,0.23532770885290072,-2.015146298960227,nan,nan,0.10957518161587791,0.3481703953854504,0.05665570807888863,7.041752054421125,0.001888766003553144,nan,23.250365569515967,nan,0.970703125,0.451171875,2.503701926578744
2,random-spectral-sam-muon,random-spectral-sam-muon,Random Spectral SAM-Muon,,muon,random,spectral,mnist,2.0,0.05,nominal,0.02,additive,1.0,nn_ce,2.2504740078131276,7,0,-1,500,500,0.24266445649712748,-2.007809551316,nan,nan,0.11106905381501041,0.34371458483864487,0.05633639044472325,7.072614618111585,0.001013259065563099,nan,23.08800391780279,nan,0.9765625,0.44140625,2.4222762080902687
2,full-spectral-sam-muon,full-spectral-sam-muon,Full Spectral SAM-Muon,,muon,grad,spectral,both,2.0,0.01,nominal,0.02,additive,1.0,nn_ce,2.2504740078131276,0,0,-1,500,1000,0.23517885985932005,-2.0152951479538075,nan,nan,0.11158751116650807,0.07018895302425547,0.011343239732278161,6.896577408903825,0.0005047393825556856,nan,22.976504010512354,nan,0.974609375,0.431640625,2.45118401420999
2,full-spectral-sam-muon,full-spectral-sam-muon,Full Spectral SAM-Muon,,muon,grad,spectral,both,2.0,0.01,nominal,0.02,additive,1.0,nn_ce,2.2504740078131276,1,0,-1,500,1000,0.24069632960313592,-2.009777678209992,nan,nan,0.10731373582820612,0.07022590377711188,0.011342764186520755,7.029647244969965,0.0006006264898654745,nan,23.384777139014705,nan,0.97265625,0.4609375,2.3259851080708334
2,full-spectral-sam-muon,full-spectral-sam-muon,Full Spectral SAM-Muon,,muon,grad,spectral,both,2.0,0.01,nominal,0.02,additive,1.0,nn_ce,2.2504740078131276,2,0,-1,500,1000,0.2328612977091573,-2.01761271010397,nan,nan,0.11142949133578625,0.07133858320278094,0.01156867131317024,6.944160910092215,0.0004947287454385163,nan,23.154316649307493,nan,0.98828125,0.443359375,2.3431928198722893
2,full-spectral-sam-muon,full-spectral-sam-muon,Full Spectral SAM-Muon,,muon,grad,spectral,both,2.0,0.01,nominal,0.02,additive,1.0,nn_ce,2.2504740078131276,3,0,-1,500,1000,0.2596454601312048,-1.9908285476819227,nan,nan,0.11539577285088778,0.0697096671538168,0.011343318204294118,6.844859338005584,0.0005740554641004425,nan,22.99865297500831,nan,0.9609375,0.453125,2.3471909412886607
2,full-spectral-sam-muon,full-spectral-sam-muon,Full Spectral SAM-Muon,,muon,grad,spectral,both,2.0,0.01,nominal,0.02,additive,1.0,nn_ce,2.2504740078131276,4,0,-1,500,1000,0.23685635706836777,-2.01361765074476,nan,nan,0.1102226798420964,0.07043708407374231,0.01133238579761419,7.011735799836223,0.0003256267619033415,nan,23.26551033323885,nan,0.9765625,0.447265625,2.4612779200014026
2,full-spectral-sam-muon,full-spectral-sam-muon,Full Spectral SAM-Muon,,muon,grad,spectral,both,2.0,0.01,nominal,0.02,additive,1.0,nn_ce,2.2504740078131276,5,0,-1,500,1000,0.23423678612447352,-2.016237221688654,nan,nan,0.11123401887791128,0.07023900513566644,0.011332983672554859,6.97177946638626,0.000607951094513004,nan,23.46033845526236,nan,0.9765625,0.455078125,2.294963205534172
2,full-spectral-sam-muon,full-spectral-sam-muon,Full Spectral SAM-Muon,,muon,grad,spectral,both,2.0,0.01,nominal,0.02,additive,1.0,nn_ce,2.2504740078131276,6,0,-1,500,1000,0.23623615008755858,-2.014237857725569,nan,nan,0.10820066866985033,0.07083175771371047,0.011460338377090432,7.061137519219573,0.000528469788135727,nan,23.226212706381663,nan,0.96875,0.455078125,2.492347911520987
2,full-spectral-sam-muon,full-spectral-sam-muon,Full Spectral SAM-Muon,,muon,grad,spectral,both,2.0,0.01,nominal,0.02,additive,1.0,nn_ce,2.2504740078131276,7,0,-1,500,1000,0.250574363237325,-1.9998996445758026,nan,nan,0.11274131995741186,0.07103490835807359,0.012005790844501986,7.031982130723575,0.0001562974087234159,nan,23.025197848945574,nan,0.97265625,0.4453125,2.3675690235653493
2,random-spectral-sam-muon,random-spectral-sam-muon,Random Spectral SAM-Muon,,muon,random,spectral,mnist,2.0,1.0,nominal,0.02,additive,1.0,nn_ce,2.2504740078131276,0,0,-1,500,500,0.4238914870217711,-1.8265825207913564,nan,nan,0.1820484341588987,7.0403517773890965,1.199616749277274,7.0759264308430625,0.4479962432523015,nan,21.886372051743447,nan,0.880859375,0.443359375,2.2726999547614417
2,random-spectral-sam-muon,random-spectral-sam-muon,Random Spectral SAM-Muon,,muon,random,spectral,mnist,2.0,1.0,nominal,0.02,additive,1.0,nn_ce,2.2504740078131276,1,0,-1,500,500,0.4181331912100488,-1.8323408166030788,nan,nan,0.1741849927715838,6.901217565041446,1.1326359811802993,7.002141131768812,0.5036811541830519,nan,22.49257578834491,nan,0.892578125,0.46484375,2.132318663452303
2,random-spectral-sam-muon,random-spectral-sam-muon,Random Spectral SAM-Muon,,muon,random,spectral,mnist,2.0,1.0,nominal,0.02,additive,1.0,nn_ce,2.2504740078131276,2,0,-1,500,500,0.4441826395817078,-1.80629136823142,nan,nan,0.19014440369188848,6.932388182676856,1.1321971035021159,7.08590129178556,0.4923610699357802,nan,22.107920811519037,nan,0.875,0.455078125,2.154167338599964
2,random-spectral-sam-muon,random-spectral-sam-muon,Random Spectral SAM-Muon,,muon,random,spectral,mnist,2.0,1.0,nominal,0.02,additive,1.0,nn_ce,2.2504740078131276,3,0,-1,500,500,0.4764693721028859,-1.7740046357102417,nan,nan,0.1952842563380016,6.89362343123836,1.1325588595197895,7.141382147929464,0.5224232977671652,nan,22.08151544286331,nan,0.869140625,0.451171875,2.1091549671824765
2,random-spectral-sam-muon,random-spectral-sam-muon,Random Spectral SAM-Muon,,muon,random,spectral,mnist,2.0,1.0,nominal,0.02,additive,1.0,nn_ce,2.2504740078131276,4,0,-1,500,500,0.4423153562052765,-1.808158651607851,nan,nan,0.18701481767786543,6.724236417442199,1.1339228850405145,6.998455464626905,0.45532397539032227,nan,22.19017632187192,nan,0.880859375,0.470703125,2.216845774382891
2,random-spectral-sam-muon,random-spectral-sam-muon,Random Spectral SAM-Muon,,muon,random,spectral,mnist,2.0,1.0,nominal,0.02,additive,1.0,nn_ce,2.2504740078131276,5,0,-1,500,500,0.39761709062030337,-1.8528569171928242,nan,nan,0.1952286564205312,6.873749313250142,1.200904336405758,6.950176871423818,0.46154031547336377,nan,22.70468627724034,nan,0.900390625,0.46875,2.0516314268026434
2,random-spectral-sam-muon,random-spectral-sam-muon,Random Spectral SAM-Muon,,muon,random,spectral,mnist,2.0,1.0,nominal,0.02,additive,1.0,nn_ce,2.2504740078131276,6,0,-1,500,500,0.4224754778689593,-1.8279985299441683,nan,nan,0.19787352202171105,6.9634079077090085,1.1331141615777724,6.9119655257581085,0.6282804052236077,nan,22.42264530615448,nan,0.892578125,0.490234375,2.2654058292873422
2,random-spectral-sam-muon,random-spectral-sam-muon,Random Spectral SAM-Muon,,muon,random,spectral,mnist,2.0,1.0,nominal,0.02,additive,1.0,nn_ce,2.2504740078131276,7,0,-1,500,500,0.4474418250431227,-1.8030321827700049,nan,nan,0.18856288429773865,6.8742916967728975,1.1267278088944648,7.16684801360833,0.4700429496842265,nan,22.168195735904213,nan,0.89453125,0.4765625,2.0847398005489817
2,stale-friendly-spectral-sam-muon,stale-friendly-spectral-sam-muon,Stale Friendly Spectral SAM-Muon,,muon,stale_friendly,spectral,mnist,1.6,1.0,nominal,0.02,additive,1.0,nn_ce,2.2504740078131276,0,0,-1,500,501,0.9462046365450201,-1.3042693712681075,nan,nan,0.31005752384728075,7.190734718622054,1.1342836151485418,7.1011109672416755,1.480484949200931,nan,22.050253331565113,nan,0.74609375,0.4609375,2.0902950012206034
2,stale-friendly-spectral-sam-muon,stale-friendly-spectral-sam-muon,Stale Friendly Spectral SAM-Muon,,muon,stale_friendly,spectral,mnist,1.6,1.0,nominal,0.02,additive,1.0,nn_ce,2.2504740078131276,1,0,-1,500,501,0.9481543911704257,-1.302319616642702,nan,nan,0.30334617992962526,7.261436577923428,1.2011880128047796,7.0504818790846,1.1219164190279343,nan,22.480896148804742,nan,0.759765625,0.4375,2.0901910633718597
2,stale-friendly-spectral-sam-muon,stale-friendly-spectral-sam-muon,Stale Friendly Spectral SAM-Muon,,muon,stale_friendly,spectral,mnist,1.6,1.0,nominal,0.02,additive,1.0,nn_ce,2.2504740078131276,2,0,-1,500,501,0.9497042289232508,-1.3007697788898769,nan,nan,0.31429943816357686,7.118406978354058,1.134339643216554,7.049741056531347,1.0128642437825297,nan,22.37594319113721,nan,0.71875,0.466796875,2.1074645434038675
2,stale-friendly-spectral-sam-muon,stale-friendly-spectral-sam-muon,Stale Friendly Spectral SAM-Muon,,muon,stale_friendly,spectral,mnist,1.6,1.0,nominal,0.02,additive,1.0,nn_ce,2.2504740078131276,3,0,-1,500,501,0.8875541881475184,-1.3629198196656092,nan,nan,0.31760200340790895,7.307989780340421,1.2023676052191299,7.060627658096319,1.3183295141071802,nan,22.955010835376658,nan,0.75390625,0.439453125,2.144420223811463
2,stale-friendly-spectral-sam-muon,stale-friendly-spectral-sam-muon,Stale Friendly Spectral SAM-Muon,,muon,stale_friendly,spectral,mnist,1.6,1.0,nominal,0.02,additive,1.0,nn_ce,2.2504740078131276,4,0,-1,500,501,1.0438162417360988,-1.2066577660770288,nan,nan,0.3092277806567796,7.171970830255873,1.1337742529177852,7.249274603892551,1.2233902329184858,nan,22.497776909916887,nan,0.72265625,0.439453125,2.0809500240075467
2,stale-friendly-spectral-sam-muon,stale-friendly-spectral-sam-muon,Stale Friendly Spectral SAM-Muon,,muon,stale_friendly,spectral,mnist,1.6,1.0,nominal,0.02,additive,1.0,nn_ce,2.2504740078131276,5,0,-1,500,501,0.9150832323922446,-1.335390775420883,nan,nan,0.3073840593942197,7.12481722645853,1.1341679008064116,7.108658450003354,0.9450079556119914,nan,22.780785511451487,nan,0.7421875,0.453125,2.0538314245676847
2,stale-friendly-spectral-sam-muon,stale-friendly-spectral-sam-muon,Stale Friendly Spectral SAM-Muon,,muon,stale_friendly,spectral,mnist,1.6,1.0,nominal,0.02,additive,1.0,nn_ce,2.2504740078131276,6,0,-1,500,501,0.9374383884138139,-1.3130356193993138,nan,nan,0.3136618109859604,7.058663983591895,1.134337001800892,7.016184714839144,1.322813509237665,nan,22.799879832405026,nan,0.728515625,0.451171875,2.0338576148470264
2,stale-friendly-spectral-sam-muon,stale-friendly-spectral-sam-muon,Stale Friendly Spectral SAM-Muon,,muon,stale_friendly,spectral,mnist,1.6,1.0,nominal,0.02,additive,1.0,nn_ce,2.2504740078131276,7,0,-1,500,501,0.9810919570121099,-1.2693820508010176,nan,nan,0.3323024685590636,7.161977077329719,1.199583666890693,7.0541959498832725,1.3845535380972191,nan,22.205578844195305,nan,0.73046875,0.447265625,2.059909018818598
2,random-spectral-sam-muon,random-spectral-sam-muon,Random Spectral SAM-Muon,,muon,random,spectral,mnist,2.0,0.1,nominal,0.02,additive,1.0,nn_ce,2.2504740078131276,0,0,-1,500,500,0.22671683153112931,-2.023757176281998,nan,nan,0.1107433479631653,0.7040351777389097,0.1199616749277274,6.953434285427116,0.0033151865782286016,nan,23.057151034398125,nan,0.98046875,0.42578125,2.4438001892854544
2,random-spectral-sam-muon,random-spectral-sam-muon,Random Spectral SAM-Muon,,muon,random,spectral,mnist,2.0,0.1,nominal,0.02,additive,1.0,nn_ce,2.2504740078131276,1,0,-1,500,500,0.23482112148127732,-2.0156528863318504,nan,nan,0.10722549247781582,0.6901217565041446,0.11326359811802995,6.968022308578629,0.00632934913688013,nan,23.39462788107294,nan,0.97265625,0.45703125,2.3365945680255797
2,random-spectral-sam-muon,random-spectral-sam-muon,Random Spectral SAM-Muon,,muon,random,spectral,mnist,2.0,0.1,nominal,0.02,additive,1.0,nn_ce,2.2504740078131276,2,0,-1,500,500,0.23480392073402867,-2.0156700870790987,nan,nan,0.11429720647526467,0.6932388182676855,0.11321971035021165,6.939165209334746,0.006097326148323201,nan,23.14210482030557,nan,0.986328125,0.421875,2.388040597258521
2,random-spectral-sam-muon,random-spectral-sam-muon,Random Spectral SAM-Muon,,muon,random,spectral,mnist,2.0,0.1,nominal,0.02,additive,1.0,nn_ce,2.2504740078131276,3,0,-1,500,500,0.25890278390217353,-1.991571223910954,nan,nan,0.11838473430507548,0.689362343123836,0.11325588595197891,6.875464088620716,0.004835315378775296,nan,22.993761713634676,nan,0.96484375,0.462890625,2.346143423502781
2,random-spectral-sam-muon,random-spectral-sam-muon,Random Spectral SAM-Muon,,muon,random,spectral,mnist,2.0,0.1,nominal,0.02,additive,1.0,nn_ce,2.2504740078131276,4,0,-1,500,500,0.2340881202324452,-2.0163858875806824,nan,nan,0.11401260114273229,0.67242364174422,0.11339228850405153,7.075944912879762,0.004421135187369002,nan,23.272507163154113,nan,0.974609375,0.455078125,2.45318354762039
2,random-spectral-sam-muon,random-spectral-sam-muon,Random Spectral SAM-Muon,,muon,random,spectral,mnist,2.0,0.1,nominal,0.02,additive,1.0,nn_ce,2.2504740078131276,5,0,-1,500,500,0.22718179623053453,-2.023292211582593,nan,nan,0.11201527956070736,0.6873749313250143,0.12009043364057581,6.9137456500039525,0.004794777259160582,nan,23.515080945846357,nan,0.978515625,0.455078125,2.3029062930001816
2,random-spectral-sam-muon,random-spectral-sam-muon,Random Spectral SAM-Muon,,muon,random,spectral,mnist,2.0,0.1,nominal,0.02,additive,1.0,nn_ce,2.2504740078131276,6,0,-1,500,500,0.2317284845960726,-2.018745523217055,nan,nan,0.10918339892516742,0.6963407907709008,0.11331141615777726,7.070809915260275,0.006515683645657688,nan,23.23207256726915,nan,0.96875,0.447265625,2.498181648861701
2,random-spectral-sam-muon,random-spectral-sam-muon,Random Spectral SAM-Muon,,muon,random,spectral,mnist,2.0,0.1,nominal,0.02,additive,1.0,nn_ce,2.2504740078131276,7,0,-1,500,500,0.24286449544229222,-2.0076095123708355,nan,nan,0.11054000604979539,0.6874291696772897,0.1126727808894465,7.097474271243494,0.0046200466584190025,nan,23.095951413538124,nan,0.974609375,0.44921875,2.3917872658905917
2,full-spectral-sam-muon,full-spectral-sam-muon,Full Spectral SAM-Muon,,muon,grad,spectral,both,2.0,0.05,nominal,0.02,additive,1.0,nn_ce,2.2504740078131276,0,0,-1,500,1000,0.2485478885193262,-2.0019261192938016,nan,nan,0.1118073678234084,0.3516912964450404,0.05663340783709122,6.992554986611134,0.0044244620696956005,nan,23.022543844312068,nan,0.9765625,0.42578125,2.4033631887771074
2,full-spectral-sam-muon,full-spectral-sam-muon,Full Spectral SAM-Muon,,muon,grad,spectral,both,2.0,0.05,nominal,0.02,additive,1.0,nn_ce,2.2504740078131276,1,0,-1,500,1000,0.2520545031548824,-1.9984195046582451,nan,nan,0.10849435774191066,0.3490082938403863,0.05669729151795081,7.036244421981115,0.0042661663169006325,nan,23.32404173060789,nan,0.974609375,0.45703125,2.2837623940399023
2,full-spectral-sam-muon,full-spectral-sam-muon,Full Spectral SAM-Muon,,muon,grad,spectral,both,2.0,0.05,nominal,0.02,additive,1.0,nn_ce,2.2504740078131276,2,0,-1,500,1000,0.2356741230038419,-2.014799884809286,nan,nan,0.11129001838576623,0.3574380787554598,0.05925581914360057,6.985338473380053,0.0036548151325790923,nan,23.017145321646865,nan,0.984375,0.4375,2.3375006974412087
2,full-spectral-sam-muon,full-spectral-sam-muon,Full Spectral SAM-Muon,,muon,grad,spectral,both,2.0,0.05,nominal,0.02,additive,1.0,nn_ce,2.2504740078131276,3,0,-1,500,1000,0.2710154214164649,-1.9794585863966627,nan,nan,0.11473350337050359,0.350083381732475,0.05671746317785288,6.882004047870445,0.004941895909023886,nan,22.99528320046294,nan,0.958984375,0.447265625,2.3187384579964037
2,full-spectral-sam-muon,full-spectral-sam-muon,Full Spectral SAM-Muon,,muon,grad,spectral,both,2.0,0.05,nominal,0.02,additive,1.0,nn_ce,2.2504740078131276,4,0,-1,500,1000,0.24613459284997152,-2.004339414963156,nan,nan,0.11022397138943575,0.3487660287645926,0.056717368988045726,6.990606464206333,0.0028480022174644237,nan,23.2080677073158,nan,0.970703125,0.45703125,2.4209258147309054
2,full-spectral-sam-muon,full-spectral-sam-muon,Full Spectral SAM-Muon,,muon,grad,spectral,both,2.0,0.05,nominal,0.02,additive,1.0,nn_ce,2.2504740078131276,5,0,-1,500,1000,0.23662954421783888,-2.0138444635952886,nan,nan,0.10801284738333933,0.349335564558759,0.0567141405871933,6.970244384729314,0.004112288057565444,nan,23.462714115537413,nan,0.97265625,0.458984375,2.2579673025987583
2,full-spectral-sam-muon,full-spectral-sam-muon,Full Spectral SAM-Muon,,muon,grad,spectral,both,2.0,0.05,nominal,0.02,additive,1.0,nn_ce,2.2504740078131276,6,0,-1,500,1000,0.24437320665046436,-2.0061008011626633,nan,nan,0.10848713638465173,0.3535367282047853,0.056716668240198484,6.993187753397283,0.004398210607164832,nan,23.283527941738154,nan,0.96484375,0.462890625,2.4439785617075707
2,full-spectral-sam-muon,full-spectral-sam-muon,Full Spectral SAM-Muon,,muon,grad,spectral,both,2.0,0.05,nominal,0.02,additive,1.0,nn_ce,2.2504740078131276,7,0,-1,500,1000,0.2527452668881731,-1.9977287409249544,nan,nan,0.1098482454895129,0.3568828109218969,0.059155126113616605,7.0564507104579635,0.0025589996135990667,nan,22.991546328827447,nan,0.97265625,0.4375,2.331224629697336
2,random-spectral-sam-muon,random-spectral-sam-muon,Random Spectral SAM-Muon,,muon,random,spectral,mnist,2.0,0.02,nominal,0.02,additive,1.0,nn_ce,2.2504740078131276,0,0,-1,500,500,0.2311865165718126,-2.019287491241315,nan,nan,0.11311449081066055,0.1408070355477819,0.023992334985545486,6.9351340584387815,-1.599007324187829e-05,nan,22.971613665417497,nan,0.9765625,0.443359375,2.4498804853188507
2,random-spectral-sam-muon,random-spectral-sam-muon,Random Spectral SAM-Muon,,muon,random,spectral,mnist,2.0,0.02,nominal,0.02,additive,1.0,nn_ce,2.2504740078131276,1,0,-1,500,500,0.2361009634554147,-2.014373044357713,nan,nan,0.10703788666635448,0.13802435130082888,0.022652719623605985,7.0272960694545095,0.00035346002448610747,nan,23.43130048357156,nan,0.97265625,0.462890625,2.3267841340142144
2,random-spectral-sam-muon,random-spectral-sam-muon,Random Spectral SAM-Muon,,muon,random,spectral,mnist,2.0,0.02,nominal,0.02,additive,1.0,nn_ce,2.2504740078131276,2,0,-1,500,500,0.23474790521757122,-2.0157261025955564,nan,nan,0.11303283461213735,0.13864776365353712,0.022643942070042323,6.950397822831805,0.00031679015708080405,nan,23.20266762729843,nan,0.98828125,0.4296875,2.38452392782575
2,random-spectral-sam-muon,random-spectral-sam-muon,Random Spectral SAM-Muon,,muon,random,spectral,mnist,2.0,0.02,nominal,0.02,additive,1.0,nn_ce,2.2504740078131276,3,0,-1,500,500,0.25460541362206535,-1.9958685941910623,nan,nan,0.11650558746920385,0.1378724686247672,0.0226511771903958,6.945626742229657,2.348486660258553e-05,nan,23.033286480140447,nan,0.96484375,0.44921875,2.3668456788177936
2,random-spectral-sam-muon,random-spectral-sam-muon,Random Spectral SAM-Muon,,muon,random,spectral,mnist,2.0,0.02,nominal,0.02,additive,1.0,nn_ce,2.2504740078131276,4,0,-1,500,500,0.23707189930423989,-2.013402108508888,nan,nan,0.11194909992515896,0.134484728348844,0.022678457700810294,7.03495121994367,-6.063661351096705e-05,nan,23.270683230162213,nan,0.9765625,0.447265625,2.4983293253600136
2,random-spectral-sam-muon,random-spectral-sam-muon,Random Spectral SAM-Muon,,muon,random,spectral,mnist,2.0,0.02,nominal,0.02,additive,1.0,nn_ce,2.2504740078131276,5,0,-1,500,500,0.22944979757097247,-2.021024210242155,nan,nan,0.11234291556061496,0.13747498626500287,0.02401808672811516,6.952143731867433,0.0001221375767866406,nan,23.583291372732543,nan,0.978515625,0.4609375,2.309868682284904
2,random-spectral-sam-muon,random-spectral-sam-muon,Random Spectral SAM-Muon,,muon,random,spectral,mnist,2.0,0.02,nominal,0.02,additive,1.0,nn_ce,2.2504740078131276,6,0,-1,500,500,0.23154312192747414,-2.0189308858856534,nan,nan,0.10744404005027058,0.13926815815418017,0.022662283231555443,7.059050936567096,0.000210156117813054,nan,23.24973767285407,nan,0.96875,0.451171875,2.5121993472790347
2,random-spectral-sam-muon,random-spectral-sam-muon,Random Spectral SAM-Muon,,muon,random,spectral,mnist,2.0,0.02,nominal,0.02,additive,1.0,nn_ce,2.2504740078131276,7,0,-1,500,500,0.2438169693076165,-2.006657038505511,nan,nan,0.11177684556882932,0.13748583393545794,0.022534556177889298,7.024009387531727,0.00013131113654910043,nan,22.997694304512553,nan,0.9765625,0.44140625,2.3922022613701164
2,random-spectral-sam-muon,random-spectral-sam-muon,Random Spectral SAM-Muon,,muon,random,spectral,mnist,2.0,0.5,nominal,0.02,additive,1.0,nn_ce,2.2504740078131276,0,0,-1,500,500,0.25710392313818264,-1.993370084674945,nan,nan,0.12921011187071627,3.5201758886945482,0.599808374638637,6.999016471320291,0.11022841821179458,nan,22.740006844404878,nan,0.96484375,0.435546875,2.444454059288635
2,random-spectral-sam-muon,random-spectral-sam-muon,Random Spectral SAM-Muon,,muon,random,spectral,mnist,2.0,0.5,nominal,0.02,additive,1.0,nn_ce,2.2504740078131276,1,0,-1,500,500,0.2577927944805171,-1.9926812133326104,nan,nan,0.12437069726674732,3.450608782520723,0.5663179905901496,7.02054584474982,0.1292550653662065,nan,23.351310467253587,nan,0.96484375,0.455078125,2.3010654494575813
2,random-spectral-sam-muon,random-spectral-sam-muon,Random Spectral SAM-Muon,,muon,random,spectral,mnist,2.0,0.5,nominal,0.02,additive,1.0,nn_ce,2.2504740078131276,2,0,-1,500,500,0.2776593557653368,-1.9728146520477907,nan,nan,0.13528887538576387,3.466194091338428,0.5660985517510579,6.958518143429947,0.1253746943439561,nan,22.96954974539271,nan,0.953125,0.435546875,2.2933521858853956
2,random-spectral-sam-muon,random-spectral-sam-muon,Random Spectral SAM-Muon,,muon,random,spectral,mnist,2.0,0.5,nominal,0.02,additive,1.0,nn_ce,2.2504740078131276,3,0,-1,500,500,0.29440823191576426,-1.9560657758973634,nan,nan,0.13986738000842516,3.44681171561918,0.5662794297598948,6.935229445178566,0.13294479359678207,nan,23.044864493372224,nan,0.9375,0.453125,2.1914793786297078
2,random-spectral-sam-muon,random-spectral-sam-muon,Random Spectral SAM-Muon,,muon,random,spectral,mnist,2.0,0.5,nominal,0.02,additive,1.0,nn_ce,2.2504740078131276,4,0,-1,500,500,0.2704547118135964,-1.980019295999531,nan,nan,0.133919766246281,3.3621182087210997,0.5669614425202573,6.873606475880164,0.12896430615167948,nan,22.952881975655544,nan,0.95703125,0.455078125,2.3528254162880793
2,random-spectral-sam-muon,random-spectral-sam-muon,Random Spectral SAM-Muon,,muon,random,spectral,mnist,2.0,0.5,nominal,0.02,additive,1.0,nn_ce,2.2504740078131276,5,0,-1,500,500,0.24647559532407393,-2.0039984124890537,nan,nan,0.1262613739255439,3.436874656625071,0.600452168202879,6.959169288916559,0.11095068877908737,nan,23.43306729098325,nan,0.96484375,0.443359375,2.1979161783507632
2,random-spectral-sam-muon,random-spectral-sam-muon,Random Spectral SAM-Muon,,muon,random,spectral,mnist,2.0,0.5,nominal,0.02,additive,1.0,nn_ce,2.2504740078131276,6,0,-1,500,500,0.2637567303180307,-1.9867172774950967,nan,nan,0.1292611113947663,3.4817039538545043,0.5665570807888862,6.964464155439178,0.17516262838149604,nan,23.223889813969038,nan,0.951171875,0.46484375,2.4136510985430117
2,random-spectral-sam-muon,random-spectral-sam-muon,Random Spectral SAM-Muon,,muon,random,spectral,mnist,2.0,0.5,nominal,0.02,additive,1.0,nn_ce,2.2504740078131276,7,0,-1,500,500,0.28404841953544574,-1.9664255882776818,nan,nan,0.12775901350143007,3.4371458483864488,0.5633639044472324,7.133947517000234,0.12639933730214936,nan,22.935451389138994,nan,0.953125,0.453125,2.2756496561151502
2,full-spectral-sam-muon,full-spectral-sam-muon,Full Spectral SAM-Muon,,muon,grad,spectral,both,2.0,0.2,nominal,0.02,additive,1.0,nn_ce,2.2504740078131276,0,0,-1,500,1000,0.31757854252256595,-1.9328954652905617,nan,nan,0.12422858940693625,1.416069298870459,0.22685311283085802,7.05969175270314,0.048425288160750035,nan,22.85255194296319,nan,0.953125,0.423828125,2.2386244068315735
2,full-spectral-sam-muon,full-spectral-sam-muon,Full Spectral SAM-Muon,,muon,grad,spectral,both,2.0,0.2,nominal,0.02,additive,1.0,nn_ce,2.2504740078131276,1,0,-1,500,1000,0.31498982322712726,-1.9354841845860002,nan,nan,0.12149503642942555,1.4040554496700548,0.2268653816674265,7.006763331200944,0.03735874176183457,nan,23.182450343781024,nan,0.951171875,0.453125,2.1727105752829257
2,full-spectral-sam-muon,full-spectral-sam-muon,Full Spectral SAM-Muon,,muon,grad,spectral,both,2.0,0.2,nominal,0.02,additive,1.0,nn_ce,2.2504740078131276,2,0,-1,500,1000,0.31999291940900415,-1.9304810884041235,nan,nan,0.13072384679214394,1.4225989491420845,0.23754830151200898,7.044822752925193,0.03357443816404926,nan,22.723541576614668,nan,0.953125,0.4453125,2.1939905543006724
2,full-spectral-sam-muon,full-spectral-sam-muon,Full Spectral SAM-Muon,,muon,grad,spectral,both,2.0,0.2,nominal,0.02,additive,1.0,nn_ce,2.2504740078131276,3,0,-1,500,1000,0.34096887029243556,-1.909505137520692,nan,nan,0.12404896987885676,1.412454159197178,0.22659729028699374,6.97336338793593,0.04655171918996892,nan,22.9833588363745,nan,0.935546875,0.439453125,2.155590290974119
2,full-spectral-sam-muon,full-spectral-sam-muon,Full Spectral SAM-Muon,,muon,grad,spectral,both,2.0,0.2,nominal,0.02,additive,1.0,nn_ce,2.2504740078131276,4,0,-1,500,1000,0.31343656257754116,-1.9370374452355863,nan,nan,0.12353906550028047,1.4287832792752189,0.23557662143646155,6.823131273561237,0.039820245566576706,nan,22.98707436362431,nan,0.9453125,0.453125,2.237944600919536
2,full-spectral-sam-muon,full-spectral-sam-muon,Full Spectral SAM-Muon,,muon,grad,spectral,both,2.0,0.2,nominal,0.02,additive,1.0,nn_ce,2.2504740078131276,5,0,-1,500,1000,0.28593993723130584,-1.9645340705818217,nan,nan,0.11921998517959949,1.406477304404519,0.23816963925848092,7.033724945381305,0.03329159759540645,nan,23.439303366610336,nan,0.958984375,0.451171875,2.1319882251427273
2,full-spectral-sam-muon,full-spectral-sam-muon,Full Spectral SAM-Muon,,muon,grad,spectral,both,2.0,0.2,nominal,0.02,additive,1.0,nn_ce,2.2504740078131276,6,0,-1,500,1000,0.3131595440995694,-1.9373144637135582,nan,nan,0.1225299493073673,1.4104533769180656,0.2267950333189689,6.901797857126543,0.037456211037566134,nan,23.361327932168585,nan,0.9375,0.46484375,2.2802174793859664
2,full-spectral-sam-muon,full-spectral-sam-muon,Full Spectral SAM-Muon,,muon,grad,spectral,both,2.0,0.2,nominal,0.02,additive,1.0,nn_ce,2.2504740078131276,7,0,-1,500,1000,0.35218335971061976,-1.898290648102508,nan,nan,0.12760628231736276,1.422797067031697,0.23230229328459606,6.97416823668464,0.03980034069960103,nan,22.64103060428674,nan,0.931640625,0.443359375,2.191820840500102
2,stale-momentum-friendly-spectral-sam-muon,stale-momentum-friendly-spectral-sam-muon,Stale Momentum-Friendly Spectral SAM-Muon,,muon,stale_momentum_friendly,spectral,mnist,1.6,1.0,nominal,0.02,additive,1.0,nn_ce,2.2504740078131276,0,0,-1,500,501,0.9886782069632631,-1.2617958008498644,nan,nan,0.3018716206759986,7.261265803110723,1.1478582957041146,7.1111490601531875,1.1947927437064556,nan,22.366328277559372,nan,0.734375,0.44921875,2.062769389341198
2,stale-momentum-friendly-spectral-sam-muon,stale-momentum-friendly-spectral-sam-muon,Stale Momentum-Friendly Spectral SAM-Muon,,muon,stale_momentum_friendly,spectral,mnist,1.6,1.0,nominal,0.02,additive,1.0,nn_ce,2.2504740078131276,1,0,-1,500,501,1.0014555428918444,-1.2490184649212832,nan,nan,0.3206821019425545,7.280518806116707,1.1354604705216136,7.11197257577194,1.1516443957580984,nan,22.63650694650669,nan,0.740234375,0.439453125,2.094354103459026
2,stale-momentum-friendly-spectral-sam-muon,stale-momentum-friendly-spectral-sam-muon,Stale Momentum-Friendly Spectral SAM-Muon,,muon,stale_momentum_friendly,spectral,mnist,1.6,1.0,nominal,0.02,additive,1.0,nn_ce,2.2504740078131276,2,0,-1,500,501,0.9989702355749224,-1.2515037722382052,nan,nan,0.3123727704553251,7.114540840780223,1.1337209682290557,7.105762118049565,1.138329041310403,nan,22.55948796160849,nan,0.712890625,0.453125,2.1404060504323934
2,stale-momentum-friendly-spectral-sam-muon,stale-momentum-friendly-spectral-sam-muon,Stale Momentum-Friendly Spectral SAM-Muon,,muon,stale_momentum_friendly,spectral,mnist,1.6,1.0,nominal,0.02,additive,1.0,nn_ce,2.2504740078131276,3,0,-1,500,501,0.9473004319853113,-1.3031735758278162,nan,nan,0.3503661952366939,7.293829479143999,1.1992022620123273,7.146873122100078,1.0491817135961483,nan,23.04557276954339,nan,0.732421875,0.447265625,2.1522762846566383
2,stale-momentum-friendly-spectral-sam-muon,stale-momentum-friendly-spectral-sam-muon,Stale Momentum-Friendly Spectral SAM-Muon,,muon,stale_momentum_friendly,spectral,mnist,1.6,1.0,nominal,0.02,additive,1.0,nn_ce,2.2504740078131276,4,0,-1,500,501,1.0890886493523706,-1.161385358460757,nan,nan,0.3135547940975992,7.086730648671287,1.1326298143540114,7.273204456044349,1.1541961482151377,nan,22.200351548472252,nan,0.705078125,0.453125,2.091226107974837
2,stale-momentum-friendly-spectral-sam-muon,stale-momentum-friendly-spectral-sam-muon,Stale Momentum-Friendly Spectral SAM-Muon,,muon,stale_momentum_friendly,spectral,mnist,1.6,1.0,nominal,0.02,additive,1.0,nn_ce,2.2504740078131276,5,0,-1,500,501,0.9606610459690055,-1.289812961844122,nan,nan,0.32659088401320235,7.217002502032687,1.1343507476569978,7.0652758817550065,1.3695407652799747,nan,22.491313269968092,nan,0.736328125,0.4609375,2.054756700405082
2,stale-momentum-friendly-spectral-sam-muon,stale-momentum-friendly-spectral-sam-muon,Stale Momentum-Friendly Spectral SAM-Muon,,muon,stale_momentum_friendly,spectral,mnist,1.6,1.0,nominal,0.02,additive,1.0,nn_ce,2.2504740078131276,6,0,-1,500,501,1.0222052552838834,-1.2282687525292442,nan,nan,0.30934705466631257,7.137135282926408,1.1342675034693528,6.984202001879994,0.9509865731221192,nan,22.83776734506781,nan,0.70703125,0.4453125,2.066602043159872
2,stale-momentum-friendly-spectral-sam-muon,stale-momentum-friendly-spectral-sam-muon,Stale Momentum-Friendly Spectral SAM-Muon,,muon,stale_momentum_friendly,spectral,mnist,1.6,1.0,nominal,0.02,additive,1.0,nn_ce,2.2504740078131276,7,0,-1,500,501,0.9982011864123818,-1.2522728214007457,nan,nan,0.310850072644379,7.009138095935297,1.1343376822882185,7.229796610453054,1.3886410579520327,nan,22.28133974579894,nan,0.734375,0.4453125,2.0554924637662797
2,lazy-spectral-sam-muon,lazy-spectral-sam-muon,Lazy Spectral SAM-Muon (Atlas),,muon,stale_update,raw,both,2.0,0.01,nominal,0.02,additive,1.0,nn_ce,2.2504740078131276,0,0,-1,500,501,0.23307275931666388,-2.017401248496464,nan,nan,0.11396261956359574,0.06971655037323371,0.011341247055487485,6.861528374761016,0.001937189793378924,nan,23.025435356762763,nan,0.9765625,0.431640625,2.453367494659286
2,lazy-spectral-sam-muon,lazy-spectral-sam-muon,Lazy Spectral SAM-Muon (Atlas),,muon,stale_update,raw,both,2.0,0.01,nominal,0.02,additive,1.0,nn_ce,2.2504740078131276,1,0,-1,500,501,0.23919399517318923,-2.011280012639938,nan,nan,0.10842368953229845,0.06964681425148389,0.01164009714770344,7.017559444275711,0.0016295615042243028,nan,23.401178289037805,nan,0.97265625,0.46484375,2.3239532958717213
2,lazy-spectral-sam-muon,lazy-spectral-sam-muon,Lazy Spectral SAM-Muon (Atlas),,muon,stale_update,raw,both,2.0,0.01,nominal,0.02,additive,1.0,nn_ce,2.2504740078131276,2,0,-1,500,501,0.2409550356423542,-2.009518972170773,nan,nan,0.11363701267591224,0.07095814998754732,0.011862873155785688,6.902550045834267,0.0020260868575214808,nan,23.158176342803714,nan,0.984375,0.42578125,2.374478431094214
2,lazy-spectral-sam-muon,lazy-spectral-sam-muon,Lazy Spectral SAM-Muon (Atlas),,muon,stale_update,raw,both,2.0,0.01,nominal,0.02,additive,1.0,nn_ce,2.2504740078131276,3,0,-1,500,501,0.25846036950087226,-1.9920136383122553,nan,nan,0.11747695931226848,0.07015708725002315,0.011545034258340671,6.861386925641648,0.002099513737411074,nan,23.004738550627934,nan,0.96484375,0.45703125,2.3392475297506863
2,lazy-spectral-sam-muon,lazy-spectral-sam-muon,Lazy Spectral SAM-Muon (Atlas),,muon,stale_update,raw,both,2.0,0.01,nominal,0.02,additive,1.0,nn_ce,2.2504740078131276,4,0,-1,500,501,0.2364959713148148,-2.0139780364983126,nan,nan,0.11392675013779917,0.07094186768735779,0.011426525017638477,7.003186938651527,0.0019541735644116875,nan,23.25772724445732,nan,0.9765625,0.451171875,2.472976998660255
2,lazy-spectral-sam-muon,lazy-spectral-sam-muon,Lazy Spectral SAM-Muon (Atlas),,muon,stale_update,raw,both,2.0,0.01,nominal,0.02,additive,1.0,nn_ce,2.2504740078131276,5,0,-1,500,501,0.2342633622924452,-2.0162106455206823,nan,nan,0.11356860067630309,0.07021598249353025,0.011343572614673416,6.973125277955085,0.0023860132129541467,nan,23.56969988737498,nan,0.978515625,0.46875,2.310374515312316
2,lazy-spectral-sam-muon,lazy-spectral-sam-muon,Lazy Spectral SAM-Muon (Atlas),,muon,stale_update,raw,both,2.0,0.01,nominal,0.02,additive,1.0,nn_ce,2.2504740078131276,6,0,-1,500,501,0.23557517290510538,-2.0148988349080224,nan,nan,0.1086383525757033,0.06999085259438452,0.012019685316401003,7.042655928019517,0.0017266801686439959,nan,23.240172027031896,nan,0.96875,0.4453125,2.5091271205546426
2,lazy-spectral-sam-muon,lazy-spectral-sam-muon,Lazy Spectral SAM-Muon (Atlas),,muon,stale_update,raw,both,2.0,0.01,nominal,0.02,additive,1.0,nn_ce,2.2504740078131276,7,0,-1,500,501,0.2498170371131503,-2.0006569706999775,nan,nan,0.11334871070732723,0.06940432321279484,0.011343207032553124,7.053465868815399,0.002135910899621174,nan,22.99011768452543,nan,0.9765625,0.4453125,2.378604568867628
2,lazy-spectral-sam-muon,lazy-spectral-sam-muon,Lazy Spectral SAM-Muon (Atlas),,muon,stale_update,raw,both,2.0,0.1,nominal,0.02,additive,1.0,nn_ce,2.2504740078131276,0,0,-1,500,501,0.285334111221277,-1.9651398965918505,nan,nan,0.1618230054541498,0.7192208366110528,0.11337413263813768,7.051442153543343,0.06368638081556632,nan,23.13161153393879,nan,0.962890625,0.447265625,2.3720999879360773
2,lazy-spectral-sam-muon,lazy-spectral-sam-muon,Lazy Spectral SAM-Muon (Atlas),,muon,stale_update,raw,both,2.0,0.1,nominal,0.02,additive,1.0,nn_ce,2.2504740078131276,1,0,-1,500,501,0.2874264390416445,-1.963047568771483,nan,nan,0.1344519677967889,0.7000386462953957,0.11341063910422124,6.999386920521652,0.0544804398334921,nan,23.42289821535969,nan,0.95703125,0.470703125,2.2730742743481196
2,lazy-spectral-sam-muon,lazy-spectral-sam-muon,Lazy Spectral SAM-Muon (Atlas),,muon,stale_update,raw,both,2.0,0.1,nominal,0.02,additive,1.0,nn_ce,2.2504740078131276,2,0,-1,500,501,0.30337635832776666,-1.947097649485361,nan,nan,0.17999810078509898,0.6970698535463413,0.11343503483230005,6.987768788434973,0.0670203526117773,nan,23.17525242827236,nan,0.953125,0.45703125,2.259392020195225
2,lazy-spectral-sam-muon,lazy-spectral-sam-muon,Lazy Spectral SAM-Muon (Atlas),,muon,stale_update,raw,both,2.0,0.1,nominal,0.02,additive,1.0,nn_ce,2.2504740078131276,3,0,-1,500,501,0.3182366688968641,-1.9322373389162635,nan,nan,0.14457613600834632,0.6848758848729973,0.11343454814694502,6.980464324597234,0.05517694144662533,nan,23.181211164873357,nan,0.939453125,0.46484375,2.2301476798798747
2,lazy-spectral-sam-muon,lazy-spectral-sam-muon,Lazy Spectral SAM-Muon (Atlas),,muon,stale_update,raw,both,2.0,0.1,nominal,0.02,additive,1.0,nn_ce,2.2504740078131276,4,0,-1,500,501,0.2834412761456182,-1.9670327316675094,nan,nan,0.16492122979415674,0.7101270817324983,0.11968937388296824,7.0895574997412,0.08382963401484428,nan,23.38650630901367,nan,0.962890625,0.4453125,2.3592013985329454
2,lazy-spectral-sam-muon,lazy-spectral-sam-muon,Lazy Spectral SAM-Muon (Atlas),,muon,stale_update,raw,both,2.0,0.1,nominal,0.02,additive,1.0,nn_ce,2.2504740078131276,5,0,-1,500,501,0.26928388345805104,-1.9811901243550765,nan,nan,0.13542195950198785,0.6917307086331538,0.11339570860373693,7.04259348109744,0.04987320319187716,nan,23.758629477777372,nan,0.970703125,0.443359375,2.216482279879562
2,lazy-spectral-sam-muon,lazy-spectral-sam-muon,Lazy Spectral SAM-Muon (Atlas),,muon,stale_update,raw,both,2.0,0.1,nominal,0.02,additive,1.0,nn_ce,2.2504740078131276,6,0,-1,500,501,0.276638983523644,-1.9738350242894835,nan,nan,0.13418687429972917,0.7036915480665705,0.12023685808797176,6.990947276380488,0.04531549191643197,nan,23.46437930422791,nan,0.95703125,0.44921875,2.411444996119974
2,lazy-spectral-sam-muon,lazy-spectral-sam-muon,Lazy Spectral SAM-Muon (Atlas),,muon,stale_update,raw,both,2.0,0.1,nominal,0.02,additive,1.0,nn_ce,2.2504740078131276,7,0,-1,500,501,0.29298791094348137,-1.9574860968696461,nan,nan,0.15051491863271022,0.7161470183843486,0.11994814573483235,7.0774349181495095,0.05147080670842674,nan,23.075028117869145,nan,0.96484375,0.431640625,2.3320870682923376
2,full-spectral-sam-muon,full-spectral-sam-muon,Full Spectral SAM-Muon,,muon,grad,spectral,both,2.0,1.0,nominal,0.02,additive,1.0,nn_ce,2.2504740078131276,0,0,-1,500,1000,1.6795083311704597,-0.5709656766426678,nan,nan,0.2808225368645637,6.93396722952049,1.1322685755031994,7.10818817278527,0.5184655736840487,nan,19.73837062997566,nan,0.474609375,0.380859375,2.1775378034999138
2,full-spectral-sam-muon,full-spectral-sam-muon,Full Spectral SAM-Muon,,muon,grad,spectral,both,2.0,1.0,nominal,0.02,additive,1.0,nn_ce,2.2504740078131276,1,0,-1,500,1000,1.6933022492160035,-0.5571717585971241,nan,nan,0.28054508927870936,7.149068887621669,1.20167915818614,7.012613673020089,0.5279394387693395,nan,19.620605253498525,nan,0.458984375,0.3984375,2.173143579100784
2,full-spectral-sam-muon,full-spectral-sam-muon,Full Spectral SAM-Muon,,muon,grad,spectral,both,2.0,1.0,nominal,0.02,additive,1.0,nn_ce,2.2504740078131276,2,0,-1,500,1000,1.7341987628872753,-0.5162752449258523,nan,nan,0.27851880889777414,7.072210544267784,1.1338301652663372,7.126992987345562,0.39204809142484875,nan,19.19533699225489,nan,0.4609375,0.384765625,2.2600108055826076
2,full-spectral-sam-muon,full-spectral-sam-muon,Full Spectral SAM-Muon,,muon,grad,spectral,both,2.0,1.0,nominal,0.02,additive,1.0,nn_ce,2.2504740078131276,3,0,-1,500,1000,1.6925837686462806,-0.557890239166847,nan,nan,0.2797403303239682,7.005690824055498,1.1343521104350982,7.0490399935607915,0.466120553551681,nan,20.112255363162646,nan,0.45703125,0.37890625,2.2108771776171183
2,full-spectral-sam-muon,full-spectral-sam-muon,Full Spectral SAM-Muon,,muon,grad,spectral,both,2.0,1.0,nominal,0.02,additive,1.0,nn_ce,2.2504740078131276,4,0,-1,500,1000,1.645866263480821,-0.6046077443323066,nan,nan,0.2802627938082112,7.0210497849988585,1.1343316197928277,7.109979956719073,0.6587676640025153,nan,19.50693887089616,nan,0.486328125,0.40625,2.193224672441344
2,full-spectral-sam-muon,full-spectral-sam-muon,Full Spectral SAM-Muon,,muon,grad,spectral,both,2.0,1.0,nominal,0.02,additive,1.0,nn_ce,2.2504740078131276,5,0,-1,500,1000,1.6844626398211182,-0.5660113679920094,nan,nan,0.2742032566331091,6.961318288967385,1.1327515959885641,6.944195550304025,0.4624702320492753,nan,20.254123261501533,nan,0.484375,0.39453125,2.1810254496314267
2,full-spectral-sam-muon,full-spectral-sam-muon,Full Spectral SAM-Muon,,muon,grad,spectral,both,2.0,1.0,nominal,0.02,additive,1.0,nn_ce,2.2504740078131276,6,0,-1,500,1000,1.6597616440777794,-0.5907123637353482,nan,nan,0.2762219907846311,7.075006216428792,1.1343523817299643,6.9881135444037685,0.6157283088575127,nan,19.939965181646894,nan,0.498046875,0.400390625,2.207660264547169
2,full-spectral-sam-muon,full-spectral-sam-muon,Full Spectral SAM-Muon,,muon,grad,spectral,both,2.0,1.0,nominal,0.02,additive,1.0,nn_ce,2.2504740078131276,7,0,-1,500,1000,1.6646577141656895,-0.585816293647438,nan,nan,0.27491375235117393,7.049242495696955,1.1338043544241125,7.1796894443381225,0.46934890406123797,nan,19.919405201854836,nan,0.455078125,0.392578125,2.171805253027825
2,random-spectral-sam-muon,random-spectral-sam-muon,Random Spectral SAM-Muon,,muon,random,spectral,mnist,2.0,0.2,nominal,0.02,additive,1.0,nn_ce,2.2504740078131276,0,0,-1,500,500,0.23016312059648034,-2.020310887216647,nan,nan,0.11275101509136762,1.4080703554778193,0.2399233498554548,6.943005256633866,0.016349819699533114,nan,23.085649211227285,nan,0.9765625,0.427734375,2.4505650423959846
2,random-spectral-sam-muon,random-spectral-sam-muon,Random Spectral SAM-Muon,,muon,random,spectral,mnist,2.0,0.2,nominal,0.02,additive,1.0,nn_ce,2.2504740078131276,1,0,-1,500,500,0.23131324740583464,-2.019160760407293,nan,nan,0.1080307736932996,1.3802435130082893,0.2265271962360599,7.014161063911976,0.02326965087838967,nan,23.35621130583997,nan,0.97265625,0.458984375,2.351410837589381
2,random-spectral-sam-muon,random-spectral-sam-muon,Random Spectral SAM-Muon,,muon,random,spectral,mnist,2.0,0.2,nominal,0.02,additive,1.0,nn_ce,2.2504740078131276,2,0,-1,500,500,0.23650210715177145,-2.013971900661356,nan,nan,0.11666922485931452,1.386477636535371,0.2264394207004233,7.039515026862079,0.023959363368303316,nan,23.134831800001145,nan,0.9765625,0.44140625,2.3215211796114885
2,random-spectral-sam-muon,random-spectral-sam-muon,Random Spectral SAM-Muon,,muon,random,spectral,mnist,2.0,0.2,nominal,0.02,additive,1.0,nn_ce,2.2504740078131276,3,0,-1,500,500,0.26741251581210856,-1.983061492001019,nan,nan,0.12002867667242599,1.378724686247672,0.22651177190395783,6.9051333775858135,0.02139466128378531,nan,22.994617185147064,nan,0.962890625,0.453125,2.3025655131991187
2,random-spectral-sam-muon,random-spectral-sam-muon,Random Spectral SAM-Muon,,muon,random,spectral,mnist,2.0,0.2,nominal,0.02,additive,1.0,nn_ce,2.2504740078131276,4,0,-1,500,500,0.23567614391477815,-2.0147978638983495,nan,nan,0.1161970149644858,1.34484728348844,0.22678457700810306,7.022342879099907,0.019389943852831826,nan,23.259395735572188,nan,0.974609375,0.453125,2.4403975846511914
2,random-spectral-sam-muon,random-spectral-sam-muon,Random Spectral SAM-Muon,,muon,random,spectral,mnist,2.0,0.2,nominal,0.02,additive,1.0,nn_ce,2.2504740078131276,5,0,-1,500,500,0.22402791544186107,-2.0264460923712666,nan,nan,0.11143003855891201,1.3747498626500285,0.24018086728115162,6.9608607346842355,0.018705048574383987,nan,23.571898379528545,nan,0.9765625,0.4453125,2.301206774616202
2,random-spectral-sam-muon,random-spectral-sam-muon,Random Spectral SAM-Muon,,muon,random,spectral,mnist,2.0,0.2,nominal,0.02,additive,1.0,nn_ce,2.2504740078131276,6,0,-1,500,500,0.2343484553414939,-2.0161255524716335,nan,nan,0.11099846737947343,1.3926815815418017,0.22662283231555452,7.047816841525713,0.027728504572081564,nan,23.251169497554603,nan,0.96484375,0.4609375,2.4909808097124664
2,random-spectral-sam-muon,random-spectral-sam-muon,Random Spectral SAM-Muon,,muon,random,spectral,mnist,2.0,0.2,nominal,0.02,additive,1.0,nn_ce,2.2504740078131276,7,0,-1,500,500,0.2485172211672905,-2.001956786645837,nan,nan,0.11208283422656931,1.3748583393545795,0.225345561778893,7.025931797037383,0.018494847894766325,nan,23.075935830109994,nan,0.974609375,0.447265625,2.3692552844098294
2,lazy-spectral-sam-muon,lazy-spectral-sam-muon,Lazy Spectral SAM-Muon (Atlas),,muon,stale_update,raw,both,2.0,0.5,nominal,0.02,additive,1.0,nn_ce,2.2504740078131276,0,0,-1,500,501,0.891718209804496,-1.3587557980086316,nan,nan,0.5662168920900754,3.674768165390019,0.5671779668022733,7.184821575184745,1.523297014779021,nan,22.33493278105087,nan,0.7109375,0.392578125,2.2132135115561278
2,lazy-spectral-sam-muon,lazy-spectral-sam-muon,Lazy Spectral SAM-Muon (Atlas),,muon,stale_update,raw,both,2.0,0.5,nominal,0.02,additive,1.0,nn_ce,2.2504740078131276,1,0,-1,500,501,0.820904875227581,-1.4295691325855464,nan,nan,0.5236646452355407,3.6825831369520925,0.5899506456971184,7.331161733540396,1.568242639729953,nan,23.174015500411418,nan,0.73828125,0.4375,2.111807923453951
2,lazy-spectral-sam-muon,lazy-spectral-sam-muon,Lazy Spectral SAM-Muon (Atlas),,muon,stale_update,raw,both,2.0,0.5,nominal,0.02,additive,1.0,nn_ce,2.2504740078131276,2,0,-1,500,501,0.8441344926684159,-1.4063395151447118,nan,nan,0.5536005139651888,3.592845763865937,0.5895417478005586,7.213992020212955,1.6019055634021797,nan,23.34407819321221,nan,0.744140625,0.392578125,2.151463866175991
2,lazy-spectral-sam-muon,lazy-spectral-sam-muon,Lazy Spectral SAM-Muon (Atlas),,muon,stale_update,raw,both,2.0,0.5,nominal,0.02,additive,1.0,nn_ce,2.2504740078131276,3,0,-1,500,501,0.9244517052043886,-1.326022302608739,nan,nan,0.7068028919441763,3.6666029868349246,0.5814308164881257,7.292749707034991,1.6981270289995858,nan,22.727656599288146,nan,0.6953125,0.400390625,2.194463081010939
2,lazy-spectral-sam-muon,lazy-spectral-sam-muon,Lazy Spectral SAM-Muon (Atlas),,muon,stale_update,raw,both,2.0,0.5,nominal,0.02,additive,1.0,nn_ce,2.2504740078131276,4,0,-1,500,501,0.800532501565145,-1.4499415062479826,nan,nan,0.42460388748157435,3.7088695433022,0.5997150277762311,7.330812595184232,1.235042858000767,nan,23.21701375364542,nan,0.7421875,0.443359375,2.206072018486882
2,lazy-spectral-sam-muon,lazy-spectral-sam-muon,Lazy Spectral SAM-Muon (Atlas),,muon,stale_update,raw,both,2.0,0.5,nominal,0.02,additive,1.0,nn_ce,2.2504740078131276,5,0,-1,500,501,0.874291068504609,-1.3761829393085185,nan,nan,0.5425045688451733,3.622583043775513,0.5876089129212326,7.397476715651576,1.626603711865013,nan,23.763512258416718,nan,0.7109375,0.41796875,2.152493338039847
2,lazy-spectral-sam-muon,lazy-spectral-sam-muon,Lazy Spectral SAM-Muon (Atlas),,muon,stale_update,raw,both,2.0,0.5,nominal,0.02,additive,1.0,nn_ce,2.2504740078131276,6,0,-1,500,501,0.832673173334654,-1.4178008344784736,nan,nan,0.4525806940102272,3.552488634924054,0.6010264163238149,7.18966200002286,1.6199243220843873,nan,23.628407615244537,nan,0.75390625,0.44921875,2.1107248374495633
2,lazy-spectral-sam-muon,lazy-spectral-sam-muon,Lazy Spectral SAM-Muon (Atlas),,muon,stale_update,raw,both,2.0,0.5,nominal,0.02,additive,1.0,nn_ce,2.2504740078131276,7,0,-1,500,501,0.9301800620844636,-1.320293945728664,nan,nan,0.6953794296642541,3.6387961852372106,0.5712528130180267,7.277510417754545,1.6864037917950774,nan,22.877444733752306,nan,0.697265625,0.421875,2.1602252179966106
2,lazy-spectral-sam-muon,lazy-spectral-sam-muon,Lazy Spectral SAM-Muon (Atlas),,muon,stale_update,raw,both,2.0,0.2,nominal,0.02,additive,1.0,nn_ce,2.2504740078131276,0,0,-1,500,501,0.42281878162641795,-1.8276552261867096,nan,nan,0.33377464992635125,1.4432359039338993,0.23638016177915636,7.270512207814084,0.3546602691960926,nan,23.27255065605899,nan,0.8984375,0.423828125,2.2667059377005074
2,lazy-spectral-sam-muon,lazy-spectral-sam-muon,Lazy Spectral SAM-Muon (Atlas),,muon,stale_update,raw,both,2.0,0.2,nominal,0.02,additive,1.0,nn_ce,2.2504740078131276,1,0,-1,500,501,0.43224475255584466,-1.818229255257283,nan,nan,0.27665457375015234,1.4181223878240612,0.2392475667388581,7.075715224788056,0.3329934429422331,nan,23.684928965651356,nan,0.896484375,0.451171875,2.1988849087481483
2,lazy-spectral-sam-muon,lazy-spectral-sam-muon,Lazy Spectral SAM-Muon (Atlas),,muon,stale_update,raw,both,2.0,0.2,nominal,0.02,additive,1.0,nn_ce,2.2504740078131276,2,0,-1,500,501,0.442229319812097,-1.8082446880010306,nan,nan,0.283565238074777,1.4150772615191247,0.2404012945573198,7.027194002897719,0.25451642077339287,nan,23.420333795746593,nan,0.892578125,0.443359375,2.203401936873812
2,lazy-spectral-sam-muon,lazy-spectral-sam-muon,Lazy Spectral SAM-Muon (Atlas),,muon,stale_update,raw,both,2.0,0.2,nominal,0.02,additive,1.0,nn_ce,2.2504740078131276,3,0,-1,500,501,0.4513110062406486,-1.7991630015724789,nan,nan,0.29016479229887754,1.4463530347034743,0.22687008232826725,7.230846760267964,0.2840453612716559,nan,23.398259368508704,nan,0.87109375,0.42578125,2.16848393219276
2,lazy-spectral-sam-muon,lazy-spectral-sam-muon,Lazy Spectral SAM-Muon (Atlas),,muon,stale_update,raw,both,2.0,0.2,nominal,0.02,additive,1.0,nn_ce,2.2504740078131276,4,0,-1,500,501,0.42416430209943523,-1.8263097057136923,nan,nan,0.3426587564718906,1.461413889156711,0.23504597167446237,7.471554512471008,0.34895700876619545,nan,23.664436496146784,nan,0.908203125,0.4609375,2.2679839593281566
2,lazy-spectral-sam-muon,lazy-spectral-sam-muon,Lazy Spectral SAM-Muon (Atlas),,muon,stale_update,raw,both,2.0,0.2,nominal,0.02,additive,1.0,nn_ce,2.2504740078131276,5,0,-1,500,501,0.40427708797199235,-1.8461969198411352,nan,nan,0.2997142694661195,1.436294122339341,0.23691829674134,7.177738572278453,0.265383383419765,nan,24.056370735509432,nan,0.896484375,0.4375,2.1316632334246415
2,lazy-spectral-sam-muon,lazy-spectral-sam-muon,Lazy Spectral SAM-Muon (Atlas),,muon,stale_update,raw,both,2.0,0.2,nominal,0.02,additive,1.0,nn_ce,2.2504740078131276,6,0,-1,500,501,0.40605368653853524,-1.8444203212745922,nan,nan,0.28497743044308993,1.4282153896980032,0.23973545518189246,7.257969314938231,0.28178462763171097,nan,23.709138324688563,nan,0.90234375,0.466796875,2.25073847328104
2,lazy-spectral-sam-muon,lazy-spectral-sam-muon,Lazy Spectral SAM-Muon (Atlas),,muon,stale_update,raw,both,2.0,0.2,nominal,0.02,additive,1.0,nn_ce,2.2504740078131276,7,0,-1,500,501,0.43573882462024127,-1.8147351831928864,nan,nan,0.33514217958215564,1.4475963134387553,0.23888856065607741,7.103932005500085,0.3499327269691821,nan,23.136820380991573,nan,0.896484375,0.427734375,2.2743770550254547
2,full-spectral-sam-muon,full-spectral-sam-muon,Full Spectral SAM-Muon,,muon,grad,spectral,both,2.0,0.1,nominal,0.02,additive,1.0,nn_ce,2.2504740078131276,0,0,-1,500,1000,0.2596541497301152,-1.9908198580830123,nan,nan,0.11174345719564384,0.7085109635740799,0.11625668921649907,6.971877483654157,0.013021376645714566,nan,23.001820056814598,nan,0.9765625,0.423828125,2.3286705177225295
2,full-spectral-sam-muon,full-spectral-sam-muon,Full Spectral SAM-Muon,,muon,grad,spectral,both,2.0,0.1,nominal,0.02,additive,1.0,nn_ce,2.2504740078131276,1,0,-1,500,1000,0.26251359212469905,-1.9879604156884285,nan,nan,0.11032806708660718,0.7062116308644758,0.11332295463706599,7.028909094504614,0.012514527647936036,nan,23.241267357169438,nan,0.966796875,0.44140625,2.2552969954939432
2,full-spectral-sam-muon,full-spectral-sam-muon,Full Spectral SAM-Muon,,muon,grad,spectral,both,2.0,0.1,nominal,0.02,additive,1.0,nn_ce,2.2504740078131276,2,0,-1,500,1000,0.2583602848040591,-1.9921137230090684,nan,nan,0.1163391830517504,0.7118132009285943,0.12015586843972571,6.997655606262173,0.010692932895782992,nan,22.92064654525864,nan,0.978515625,0.4453125,2.2682231737497895
2,full-spectral-sam-muon,full-spectral-sam-muon,Full Spectral SAM-Muon,,muon,grad,spectral,both,2.0,0.1,nominal,0.02,additive,1.0,nn_ce,2.2504740078131276,3,0,-1,500,1000,0.2878005135722568,-1.9626734942408708,nan,nan,0.11381919710318393,0.7022197927330427,0.11983389898047689,6.967250952761839,0.014027062328546502,nan,23.08189462692593,nan,0.947265625,0.455078125,2.2503425658011764
2,full-spectral-sam-muon,full-spectral-sam-muon,Full Spectral SAM-Muon,,muon,grad,spectral,both,2.0,0.1,nominal,0.02,additive,1.0,nn_ce,2.2504740078131276,4,0,-1,500,1000,0.25279120799649846,-1.997682799816629,nan,nan,0.11059259642979832,0.7097581248544349,0.11310197864678229,6.997268738641581,0.011091029532765528,nan,23.19269029567888,nan,0.96484375,0.4453125,2.3615294806331315
2,full-spectral-sam-muon,full-spectral-sam-muon,Full Spectral SAM-Muon,,muon,grad,spectral,both,2.0,0.1,nominal,0.02,additive,1.0,nn_ce,2.2504740078131276,5,0,-1,500,1000,0.24292320759848296,-2.0075508002146445,nan,nan,0.10941793947269426,0.698091793942965,0.11517010154286887,6.925180584491419,0.011682001431514433,nan,23.48942212149639,nan,0.9765625,0.466796875,2.2299065575071184
2,full-spectral-sam-muon,full-spectral-sam-muon,Full Spectral SAM-Muon,,muon,grad,spectral,both,2.0,0.1,nominal,0.02,additive,1.0,nn_ce,2.2504740078131276,6,0,-1,500,1000,0.2611543051678879,-1.9893197026452396,nan,nan,0.11245312467537978,0.7066338513830597,0.11343094617015195,7.010795366748464,0.012103643961674848,nan,23.265104571532873,nan,0.962890625,0.455078125,2.3943185027381437
2,full-spectral-sam-muon,full-spectral-sam-muon,Full Spectral SAM-Muon,,muon,grad,spectral,both,2.0,0.1,nominal,0.02,additive,1.0,nn_ce,2.2504740078131276,7,0,-1,500,1000,0.2782129590422483,-1.9722610487708794,nan,nan,0.11383913903993745,0.7120889807457421,0.11868235178337265,7.081601321620498,0.009764426493484468,nan,22.876729760687038,nan,0.966796875,0.4375,2.2747278045083776
2,lazy-spectral-sam-muon,lazy-spectral-sam-muon,Lazy Spectral SAM-Muon (Atlas),,muon,stale_update,raw,both,2.0,0.05,nominal,0.02,additive,1.0,nn_ce,2.2504740078131276,0,0,-1,500,501,0.25166101893223786,-1.9988129888808897,nan,nan,0.12063538444371669,0.3514940778686776,0.05671370564015784,7.060994016169072,0.01235364860051319,nan,23.011449457375406,nan,0.974609375,0.423828125,2.4221868107371187
2,lazy-spectral-sam-muon,lazy-spectral-sam-muon,Lazy Spectral SAM-Muon (Atlas),,muon,stale_update,raw,both,2.0,0.05,nominal,0.02,additive,1.0,nn_ce,2.2504740078131276,1,0,-1,500,501,0.2559390373507979,-1.9945349704623296,nan,nan,0.11765886999339886,0.3465413341843711,0.05669777925967432,7.055866224835811,0.011212533961067028,nan,23.42139156078253,nan,0.974609375,0.462890625,2.294252495414357
2,lazy-spectral-sam-muon,lazy-spectral-sam-muon,Lazy Spectral SAM-Muon (Atlas),,muon,stale_update,raw,both,2.0,0.05,nominal,0.02,additive,1.0,nn_ce,2.2504740078131276,2,0,-1,500,501,0.2576259089290126,-1.992848098884115,nan,nan,0.12313608285079591,0.35813248745997756,0.05671747918968628,6.9800812366416976,0.015450856947956004,nan,23.097535452994,nan,0.98046875,0.4375,2.3506803010382837
2,lazy-spectral-sam-muon,lazy-spectral-sam-muon,Lazy Spectral SAM-Muon (Atlas),,muon,stale_update,raw,both,2.0,0.05,nominal,0.02,additive,1.0,nn_ce,2.2504740078131276,3,0,-1,500,501,0.2779985397270791,-1.9724754680860483,nan,nan,0.12505064663455528,0.34592618563650174,0.05668477684505857,6.83911398072917,0.015101569190231534,nan,23.082026465029312,nan,0.958984375,0.462890625,2.3013974858222386
2,lazy-spectral-sam-muon,lazy-spectral-sam-muon,Lazy Spectral SAM-Muon (Atlas),,muon,stale_update,raw,both,2.0,0.05,nominal,0.02,additive,1.0,nn_ce,2.2504740078131276,4,0,-1,500,501,0.2501467523164139,-2.0003272554967135,nan,nan,0.12703306640625808,0.3507686456661606,0.05669779632902628,7.013854371734065,0.015827936696767908,nan,23.296506604090865,nan,0.9765625,0.44921875,2.4307309463578823
2,lazy-spectral-sam-muon,lazy-spectral-sam-muon,Lazy Spectral SAM-Muon (Atlas),,muon,stale_update,raw,both,2.0,0.05,nominal,0.02,additive,1.0,nn_ce,2.2504740078131276,5,0,-1,500,501,0.23985020476866556,-2.010623803044462,nan,nan,0.11922490209144496,0.35508156438406197,0.05802931970100672,6.925362346061744,0.01713469745960111,nan,23.613110793375313,nan,0.978515625,0.453125,2.259402833145334
2,lazy-spectral-sam-muon,lazy-spectral-sam-muon,Lazy Spectral SAM-Muon (Atlas),,muon,stale_update,raw,both,2.0,0.05,nominal,0.02,additive,1.0,nn_ce,2.2504740078131276,6,0,-1,500,501,0.24686191209592653,-2.0036120957172012,nan,nan,0.1146841768489535,0.35020192486715573,0.060088639439777304,7.024892611695669,0.01315881855347123,nan,23.340653651901125,nan,0.96484375,0.4453125,2.486350771163952
2,lazy-spectral-sam-muon,lazy-spectral-sam-muon,Lazy Spectral SAM-Muon (Atlas),,muon,stale_update,raw,both,2.0,0.05,nominal,0.02,additive,1.0,nn_ce,2.2504740078131276,7,0,-1,500,501,0.25823084175179706,-1.9922431660613305,nan,nan,0.1302132238403134,0.3536851009533235,0.05873224598459153,7.178412602497768,0.01932533488701904,nan,23.007297420059867,nan,0.970703125,0.44921875,2.3925673089715476
2,lazy-spectral-sam-muon,lazy-spectral-sam-muon,Lazy Spectral SAM-Muon (Atlas),,muon,stale_update,raw,both,2.0,1.0,nominal,0.02,additive,1.0,nn_ce,2.2504740078131276,0,0,-1,500,501,1.7352161520852327,-0.5152578557278948,nan,nan,0.8444222219173891,7.240360562452366,1.1413205634057904,7.31035331259814,4.831051782913097,nan,21.629837661122163,nan,0.4921875,0.275390625,2.46448251948094
2,lazy-spectral-sam-muon,lazy-spectral-sam-muon,Lazy Spectral SAM-Muon (Atlas),,muon,stale_update,raw,both,2.0,1.0,nominal,0.02,additive,1.0,nn_ce,2.2504740078131276,1,0,-1,500,501,1.6880300052024233,-0.5624440026107043,nan,nan,1.0319728967094945,7.189831366074417,1.1450729952259868,7.205022450263275,5.72506768913154,nan,21.605997583982237,nan,0.4765625,0.287109375,2.532030835829874
2,lazy-spectral-sam-muon,lazy-spectral-sam-muon,Lazy Spectral SAM-Muon (Atlas),,muon,stale_update,raw,both,2.0,1.0,nominal,0.02,additive,1.0,nn_ce,2.2504740078131276,2,0,-1,500,501,1.544726104535442,-0.7057479032776857,nan,nan,0.5173715863967548,7.212255847978235,1.1921728641142462,7.146422498133197,4.023741615437174,nan,22.080808588632248,nan,0.587890625,0.357421875,2.425025765072029
2,lazy-spectral-sam-muon,lazy-spectral-sam-muon,Lazy Spectral SAM-Muon (Atlas),,muon,stale_update,raw,both,2.0,1.0,nominal,0.02,additive,1.0,nn_ce,2.2504740078131276,3,0,-1,500,501,1.7496722788757726,-0.500801728937355,nan,nan,0.7917073054515863,7.128104199734455,1.195083750219954,7.1321943557134215,4.492178295427521,nan,21.017053956211075,nan,0.4921875,0.31640625,2.632073479573913
2,lazy-spectral-sam-muon,lazy-spectral-sam-muon,Lazy Spectral SAM-Muon (Atlas),,muon,stale_update,raw,both,2.0,1.0,nominal,0.02,additive,1.0,nn_ce,2.2504740078131276,4,0,-1,500,501,1.6369937437916096,-0.613480264021518,nan,nan,0.6448384013368345,7.27809421620449,1.1848998884910205,7.19119799196617,4.745465015482021,nan,21.757472641419003,nan,0.55078125,0.3125,2.503045622587968
2,lazy-spectral-sam-muon,lazy-spectral-sam-muon,Lazy Spectral SAM-Muon (Atlas),,muon,stale_update,raw,both,2.0,1.0,nominal,0.02,additive,1.0,nn_ce,2.2504740078131276,5,0,-1,500,501,1.7584736560870025,-0.4920003517261251,nan,nan,0.8192495779659007,7.172476033057221,1.13403304483005,7.103565829846678,4.532894218308403,nan,22.108263910879383,nan,0.505859375,0.310546875,2.5295284294500036
2,lazy-spectral-sam-muon,lazy-spectral-sam-muon,Lazy Spectral SAM-Muon (Atlas),,muon,stale_update,raw,both,2.0,1.0,nominal,0.02,additive,1.0,nn_ce,2.2504740078131276,6,0,-1,500,501,1.6899151065460232,-0.5605589012671044,nan,nan,0.7692421780857573,6.993200843293517,1.2002177517610693,7.107386983624396,4.688806194842231,nan,21.957048494778476,nan,0.51171875,0.326171875,2.5577522995202155
2,lazy-spectral-sam-muon,lazy-spectral-sam-muon,Lazy Spectral SAM-Muon (Atlas),,muon,stale_update,raw,both,2.0,1.0,nominal,0.02,additive,1.0,nn_ce,2.2504740078131276,7,0,-1,500,501,1.6086668923388896,-0.641807115474238,nan,nan,0.6517173228750814,7.282417020862958,1.1766949609110182,7.195579746096499,5.27876368075839,nan,21.794304064340757,nan,0.525390625,0.333984375,2.3305107087158543
2,full-spectral-sam-muon,full-spectral-sam-muon,Full Spectral SAM-Muon,,muon,grad,spectral,both,2.0,0.02,nominal,0.02,additive,1.0,nn_ce,2.2504740078131276,0,0,-1,500,1000,0.23653341863850078,-2.0139405891746267,nan,nan,0.11140539581743149,0.14058744155899627,0.022683517593745223,6.939083375112478,0.0012387378983016728,nan,22.898820957604382,nan,0.97265625,0.427734375,2.4304101557396023
2,full-spectral-sam-muon,full-spectral-sam-muon,Full Spectral SAM-Muon,,muon,grad,spectral,both,2.0,0.02,nominal,0.02,additive,1.0,nn_ce,2.2504740078131276,1,0,-1,500,1000,0.24543746467681524,-2.0050365431363124,nan,nan,0.10662953198445119,0.14002333476177858,0.022673481310829326,7.022990726566945,0.0013177481585347484,nan,23.370256226670072,nan,0.970703125,0.453125,2.3104644355235475
2,full-spectral-sam-muon,full-spectral-sam-muon,Full Spectral SAM-Muon,,muon,grad,spectral,both,2.0,0.02,nominal,0.02,additive,1.0,nn_ce,2.2504740078131276,2,0,-1,500,1000,0.23712914093294674,-2.013344866880181,nan,nan,0.11259370458946688,0.1426473749286458,0.023826195974848228,6.9746036057858,0.0011745577019220688,nan,23.07933352942281,nan,0.982421875,0.43359375,2.3499202145019966
2,full-spectral-sam-muon,full-spectral-sam-muon,Full Spectral SAM-Muon,,muon,grad,spectral,both,2.0,0.02,nominal,0.02,additive,1.0,nn_ce,2.2504740078131276,3,0,-1,500,1000,0.25924628396845495,-1.9912277238446725,nan,nan,0.11503441355894722,0.13892850699280063,0.022682641435825254,6.827201888272714,0.0014343023479962969,nan,22.926482810769606,nan,0.962890625,0.455078125,2.3242391256765798
2,full-spectral-sam-muon,full-spectral-sam-muon,Full Spectral SAM-Muon,,muon,grad,spectral,both,2.0,0.02,nominal,0.02,additive,1.0,nn_ce,2.2504740078131276,4,0,-1,500,1000,0.2405239561548808,-2.009950051658247,nan,nan,0.11013133911572721,0.1397646505496096,0.022687143880811868,6.978526026955307,0.0006847290916189019,nan,23.249975986582648,nan,0.974609375,0.453125,2.4379497999710953
2,full-spectral-sam-muon,full-spectral-sam-muon,Full Spectral SAM-Muon,,muon,grad,spectral,both,2.0,0.02,nominal,0.02,additive,1.0,nn_ce,2.2504740078131276,5,0,-1,500,1000,0.23045860673573232,-2.020015401077395,nan,nan,0.11015752531567076,0.14025583446785594,0.023356052703703285,6.935049215088444,0.0012982707190459242,nan,23.523044186650438,nan,0.978515625,0.4609375,2.292834958913252
2,full-spectral-sam-muon,full-spectral-sam-muon,Full Spectral SAM-Muon,,muon,grad,spectral,both,2.0,0.02,nominal,0.02,additive,1.0,nn_ce,2.2504740078131276,6,0,-1,500,1000,0.23769803458645744,-2.0127759732266703,nan,nan,0.10826826901293911,0.14129350945818056,0.02268709939392097,7.026921816064095,0.0011501487777380581,nan,23.24372491741588,nan,0.966796875,0.45703125,2.484070937924225
2,full-spectral-sam-muon,full-spectral-sam-muon,Full Spectral SAM-Muon,,muon,grad,spectral,both,2.0,0.02,nominal,0.02,additive,1.0,nn_ce,2.2504740078131276,7,0,-1,500,1000,0.24919487612396513,-2.0012791316891625,nan,nan,0.11081856830274271,0.14218326949746057,0.022686059031369353,7.037826017572843,0.0005030384073567984,nan,23.048388984978132,nan,0.9765625,0.439453125,2.3558099131248746
2,full-spectral-sam-muon,full-spectral-sam-muon,Full Spectral SAM-Muon,,muon,grad,spectral,both,2.0,0.5,nominal,0.02,additive,1.0,nn_ce,2.2504740078131276,0,0,-1,500,1000,0.6550736708285904,-1.5954003369845373,nan,nan,0.1797040065246909,3.5387654114811355,0.5667189209996107,7.140637232914002,0.25827912960513655,nan,21.94326787325756,nan,0.8359375,0.451171875,1.985027202122333
2,full-spectral-sam-muon,full-spectral-sam-muon,Full Spectral SAM-Muon,,muon,grad,spectral,both,2.0,0.5,nominal,0.02,additive,1.0,nn_ce,2.2504740078131276,1,0,-1,500,1000,0.6486237971981854,-1.6018502106149421,nan,nan,0.1805283167445174,3.5354435789226377,0.5649193983039524,7.080593483726991,0.1890180324180475,nan,22.577081159742463,nan,0.84375,0.494140625,1.936897251963174
2,full-spectral-sam-muon,full-spectral-sam-muon,Full Spectral SAM-Muon,,muon,grad,spectral,both,2.0,0.5,nominal,0.02,additive,1.0,nn_ce,2.2504740078131276,2,0,-1,500,1000,0.695102639990803,-1.5553713678223247,nan,nan,0.18310187778432355,3.5576542201875965,0.5894292421928048,7.192113617837456,0.20017806234586577,nan,22.127187214097287,nan,0.830078125,0.451171875,1.9626582466837754
2,full-spectral-sam-muon,full-spectral-sam-muon,Full Spectral SAM-Muon,,muon,grad,spectral,both,2.0,0.5,nominal,0.02,additive,1.0,nn_ce,2.2504740078131276,3,0,-1,500,1000,0.6923496971991099,-1.5581243106140177,nan,nan,0.1819881339078179,3.504425601833892,0.5669162604279383,6.975190276495183,0.2730872048567742,nan,22.363499347518566,nan,0.8046875,0.453125,1.9254691762724598
2,full-spectral-sam-muon,full-spectral-sam-muon,Full Spectral SAM-Muon,,muon,grad,spectral,both,2.0,0.5,nominal,0.02,additive,1.0,nn_ce,2.2504740078131276,4,0,-1,500,1000,0.6458424565334232,-1.6046315512797045,nan,nan,0.18185106157146,3.5473346546119306,0.567133147831934,7.005622369570951,0.23168832481952006,nan,22.05064944141569,nan,0.826171875,0.4453125,2.0140119351962245
2,full-spectral-sam-muon,full-spectral-sam-muon,Full Spectral SAM-Muon,,muon,grad,spectral,both,2.0,0.5,nominal,0.02,additive,1.0,nn_ce,2.2504740078131276,5,0,-1,500,1000,0.6322470778346096,-1.618226929978518,nan,nan,0.17725551157996783,3.516908058743979,0.5755605991076683,7.067955642651925,0.21917535296785817,nan,22.546450635253905,nan,0.853515625,0.435546875,1.975693307839494
2,full-spectral-sam-muon,full-spectral-sam-muon,Full Spectral SAM-Muon,,muon,grad,spectral,both,2.0,0.5,nominal,0.02,additive,1.0,nn_ce,2.2504740078131276,6,0,-1,500,1000,0.624767265262163,-1.6257067425509646,nan,nan,0.17430066065217242,3.5130014173673794,0.599094135731043,6.971953877951104,0.1840110034742517,nan,22.877771372006244,nan,0.849609375,0.466796875,2.009026854850953
2,full-spectral-sam-muon,full-spectral-sam-muon,Full Spectral SAM-Muon,,muon,grad,spectral,both,2.0,0.5,nominal,0.02,additive,1.0,nn_ce,2.2504740078131276,7,0,-1,500,1000,0.6687893689160813,-1.5816846388970462,nan,nan,0.18076074024631975,3.546142407986682,0.5785903635700209,7.052876730976739,0.25362020363860416,nan,22.137557860517585,nan,0.814453125,0.4609375,1.9496522686619218
2,spectral-friendly-sam-muon,spectral-friendly-sam-muon,Spectral Friendly SAM-Muon,,muon,friendly,spectral,both,2.0,0.01,nominal,0.02,additive,1.0,nn_ce,2.2504740078131276,0,0,-1,500,1000,0.2336777224983648,-2.0167962853147627,nan,nan,0.11171880827556886,0.07029415269238538,0.011368107256680565,6.941954736843155,0.0001315811393228783,nan,22.997848046090663,nan,0.974609375,0.4375,2.4416701183934277
2,spectral-friendly-sam-muon,spectral-friendly-sam-muon,Spectral Friendly SAM-Muon,,muon,friendly,spectral,both,2.0,0.01,nominal,0.02,additive,1.0,nn_ce,2.2504740078131276,1,0,-1,500,1000,0.23796678657021694,-2.0125072212429105,nan,nan,0.10679829379559225,0.07015370217396287,0.011339840780186468,7.046782563662421,0.0002547097830271905,nan,23.39073383048393,nan,0.974609375,0.466796875,2.336613296700924
2,spectral-friendly-sam-muon,spectral-friendly-sam-muon,Spectral Friendly SAM-Muon,,muon,friendly,spectral,both,2.0,0.01,nominal,0.02,additive,1.0,nn_ce,2.2504740078131276,2,0,-1,500,1000,0.23224930298872606,-2.0182247048244015,nan,nan,0.11116277396486388,0.07095367061044552,0.011337579665504995,6.976560653092784,7.930519812110459e-05,nan,23.102724814338387,nan,0.98828125,0.435546875,2.3466795660254434
2,spectral-friendly-sam-muon,spectral-friendly-sam-muon,Spectral Friendly SAM-Muon,,muon,friendly,spectral,both,2.0,0.01,nominal,0.02,additive,1.0,nn_ce,2.2504740078131276,3,0,-1,500,1000,0.25810959680782297,-1.9923644110053047,nan,nan,0.11516832082480874,0.07015166186176729,0.011340968444691304,6.843797793546687,0.00012938554717090156,nan,22.982320760240043,nan,0.96875,0.458984375,2.343997719714791
2,spectral-friendly-sam-muon,spectral-friendly-sam-muon,Spectral Friendly SAM-Muon,,muon,friendly,spectral,both,2.0,0.01,nominal,0.02,additive,1.0,nn_ce,2.2504740078131276,4,0,-1,500,1000,0.23625914486743568,-2.0142148629456917,nan,nan,0.11081892386798468,0.07065404997194,0.012022209346661067,7.011532046924597,-0.00026199505339305484,nan,23.23249686990783,nan,0.974609375,0.44921875,2.465630092229177
2,spectral-friendly-sam-muon,spectral-friendly-sam-muon,Spectral Friendly SAM-Muon,,muon,friendly,spectral,both,2.0,0.01,nominal,0.02,additive,1.0,nn_ce,2.2504740078131276,5,0,-1,500,1000,0.23294355544472173,-2.0175304523684057,nan,nan,0.11108865684754524,0.07027877527761948,0.011341301158385985,6.968121687631324,0.0001922320841797609,nan,23.49003789420553,nan,0.9765625,0.46484375,2.3084991445377328
2,spectral-friendly-sam-muon,spectral-friendly-sam-muon,Spectral Friendly SAM-Muon,,muon,friendly,spectral,both,2.0,0.01,nominal,0.02,additive,1.0,nn_ce,2.2504740078131276,6,0,-1,500,1000,0.2345903854237424,-2.015883622389385,nan,nan,0.10746436857807151,0.07245459694116138,0.01193243425115818,7.052173921152665,0.00015873205854699535,nan,23.24503024959662,nan,0.96875,0.453125,2.4976097132131136
2,spectral-friendly-sam-muon,spectral-friendly-sam-muon,Spectral Friendly SAM-Muon,,muon,friendly,spectral,both,2.0,0.01,nominal,0.02,additive,1.0,nn_ce,2.2504740078131276,7,0,-1,500,1000,0.24930662432683268,-2.001167383486295,nan,nan,0.11121004114112434,0.06995921362845951,0.011341450702600918,7.010693400377446,-0.00018032252525665426,nan,23.015585117249298,nan,0.974609375,0.4453125,2.3637477529246382
2,spectral-friendly-sam-muon,spectral-friendly-sam-muon,Spectral Friendly SAM-Muon,,muon,friendly,spectral,both,2.0,0.05,nominal,0.02,additive,1.0,nn_ce,2.2504740078131276,0,0,-1,500,1000,0.23610101578163425,-2.0143729920314932,nan,nan,0.10932762249033891,0.35185683417389774,0.05911830992207231,6.944505939843329,0.003083927321790192,nan,23.00045586769745,nan,0.97265625,0.443359375,2.406860478705563
2,spectral-friendly-sam-muon,spectral-friendly-sam-muon,Spectral Friendly SAM-Muon,,muon,friendly,spectral,both,2.0,0.05,nominal,0.02,additive,1.0,nn_ce,2.2504740078131276,1,0,-1,500,1000,0.244383122326865,-2.0060908854862625,nan,nan,0.10539952970316789,0.35124598782414923,0.056661484814324786,6.998315454058486,0.0025997013285952164,nan,23.308136617345255,nan,0.974609375,0.45703125,2.2988020180305955
2,spectral-friendly-sam-muon,spectral-friendly-sam-muon,Spectral Friendly SAM-Muon,,muon,friendly,spectral,both,2.0,0.05,nominal,0.02,additive,1.0,nn_ce,2.2504740078131276,2,0,-1,500,1000,0.23131300399789784,-2.01916100381523,nan,nan,0.10955449716982447,0.3547142668707679,0.05669998581859224,7.018892838696713,0.0015666370743937508,nan,23.03353198155394,nan,0.98828125,0.43359375,2.3390563878287867
2,spectral-friendly-sam-muon,spectral-friendly-sam-muon,Spectral Friendly SAM-Muon,,muon,friendly,spectral,both,2.0,0.05,nominal,0.02,additive,1.0,nn_ce,2.2504740078131276,3,0,-1,500,1000,0.2663604608264436,-1.984113546986684,nan,nan,0.11354587829103484,0.35048074422600783,0.05671453489880751,6.948991377296476,0.002837442451492811,nan,22.97596057445291,nan,0.9609375,0.453125,2.3241721610409933
2,spectral-friendly-sam-muon,spectral-friendly-sam-muon,Spectral Friendly SAM-Muon,,muon,friendly,spectral,both,2.0,0.05,nominal,0.02,additive,1.0,nn_ce,2.2504740078131276,4,0,-1,500,1000,0.23899014898038992,-2.0114838588327375,nan,nan,0.10813013810464919,0.3509980420721204,0.05668441009063233,6.995328276465467,0.0008691313173909143,nan,23.220617310490187,nan,0.970703125,0.458984375,2.441364090816532
2,spectral-friendly-sam-muon,spectral-friendly-sam-muon,Spectral Friendly SAM-Muon,,muon,friendly,spectral,both,2.0,0.05,nominal,0.02,additive,1.0,nn_ce,2.2504740078131276,5,0,-1,500,1000,0.2285014079231002,-2.0219725998900273,nan,nan,0.10760853729678607,0.3490544979731637,0.05671785370917999,6.924823149819486,0.0025615182076604293,nan,23.42494896273024,nan,0.98046875,0.44921875,2.2850156634851557
2,spectral-friendly-sam-muon,spectral-friendly-sam-muon,Spectral Friendly SAM-Muon,,muon,friendly,spectral,both,2.0,0.05,nominal,0.02,additive,1.0,nn_ce,2.2504740078131276,6,0,-1,500,1000,0.23916363560662507,-2.0113103722065024,nan,nan,0.10678373130926037,0.36239725931424915,0.05998784477885715,7.004401053658976,0.002427979217299453,nan,23.2642835715344,nan,0.96484375,0.45703125,2.456986513811422
2,spectral-friendly-sam-muon,spectral-friendly-sam-muon,Spectral Friendly SAM-Muon,,muon,friendly,spectral,both,2.0,0.05,nominal,0.02,additive,1.0,nn_ce,2.2504740078131276,7,0,-1,500,1000,0.24866563564571775,-2.00180837216741,nan,nan,0.10897263219589201,0.35168704227953534,0.056701945385967754,7.064112780112383,0.0011148977682337302,nan,23.021050003770544,nan,0.974609375,0.431640625,2.3674764986158574
2,stale-friendly-spectral-sam-muon,stale-friendly-spectral-sam-muon,Stale Friendly Spectral SAM-Muon,,muon,stale_friendly,spectral,mnist,2.0,0.1,nominal,0.02,additive,1.0,nn_ce,2.2504740078131276,0,0,-1,500,501,0.23090188330614383,-2.0195721245069835,nan,nan,0.1118103548314646,0.7414941341671044,0.1131028621746462,6.98633256487187,0.008872736837946926,nan,23.085238055343083,nan,0.9765625,0.4375,2.4539655125736206
2,stale-friendly-spectral-sam-muon,stale-friendly-spectral-sam-muon,Stale Friendly Spectral SAM-Muon,,muon,stale_friendly,spectral,mnist,2.0,0.1,nominal,0.02,additive,1.0,nn_ce,2.2504740078131276,1,0,-1,500,501,0.24026647884371646,-2.0102075289694112,nan,nan,0.10786080712065654,0.7107099585581295,0.11313262972761733,6.991591706565663,0.009020590284247232,nan,23.372542064337924,nan,0.96875,0.47265625,2.3293418642070542
2,stale-friendly-spectral-sam-muon,stale-friendly-spectral-sam-muon,Stale Friendly Spectral SAM-Muon,,muon,stale_friendly,spectral,mnist,2.0,0.1,nominal,0.02,additive,1.0,nn_ce,2.2504740078131276,2,0,-1,500,501,0.23499934016657392,-2.015474667646554,nan,nan,0.11282459400694633,0.7046994289540773,0.11922965898375322,7.070923868729422,0.009651897826814804,nan,22.993725525699034,nan,0.984375,0.44921875,2.3274787760682254
2,stale-friendly-spectral-sam-muon,stale-friendly-spectral-sam-muon,Stale Friendly Spectral SAM-Muon,,muon,stale_friendly,spectral,mnist,2.0,0.1,nominal,0.02,additive,1.0,nn_ce,2.2504740078131276,3,0,-1,500,501,0.2588709961957927,-1.9916030116173349,nan,nan,0.11814355209060776,0.7059481200610422,0.11914021135173235,6.837396999513281,0.009430776600036106,nan,22.881510643379,nan,0.96484375,0.462890625,2.3375612610052783
2,stale-friendly-spectral-sam-muon,stale-friendly-spectral-sam-muon,Stale Friendly Spectral SAM-Muon,,muon,stale_friendly,spectral,mnist,2.0,0.1,nominal,0.02,additive,1.0,nn_ce,2.2504740078131276,4,0,-1,500,501,0.23670305129403185,-2.0137709565190955,nan,nan,0.11172145768086242,0.7122096988618877,0.1134324548158676,6.970913331556484,0.013012898130794481,nan,23.14157218472629,nan,0.97265625,0.44921875,2.466111229209121
2,stale-friendly-spectral-sam-muon,stale-friendly-spectral-sam-muon,Stale Friendly Spectral SAM-Muon,,muon,stale_friendly,spectral,mnist,2.0,0.1,nominal,0.02,additive,1.0,nn_ce,2.2504740078131276,5,0,-1,500,501,0.22157079211933547,-2.0289032156937923,nan,nan,0.11092767163763192,0.7185496055823547,0.1134338036404272,6.941750705102913,0.009721444949150199,nan,23.622723771986717,nan,0.982421875,0.4609375,2.322187688823626
2,stale-friendly-spectral-sam-muon,stale-friendly-spectral-sam-muon,Stale Friendly Spectral SAM-Muon,,muon,stale_friendly,spectral,mnist,2.0,0.1,nominal,0.02,additive,1.0,nn_ce,2.2504740078131276,6,0,-1,500,501,0.2364755231068465,-2.0139984847062813,nan,nan,0.10862503756915248,0.7278578166897804,0.12010202751144047,7.023704965610036,0.008826104164031817,nan,23.272426202455243,nan,0.96875,0.4453125,2.508645541751373
2,stale-friendly-spectral-sam-muon,stale-friendly-spectral-sam-muon,Stale Friendly Spectral SAM-Muon,,muon,stale_friendly,spectral,mnist,2.0,0.1,nominal,0.02,additive,1.0,nn_ce,2.2504740078131276,7,0,-1,500,501,0.2445527547167125,-2.0059212530964152,nan,nan,0.11193250643302348,0.7036569686424223,0.11341527165795089,7.0510526217026745,0.006259132813686785,nan,23.069685105142913,nan,0.9765625,0.451171875,2.3940763666912845
2,lazy-spectral-sam-muon,lazy-spectral-sam-muon,Lazy Spectral SAM-Muon (Atlas),,muon,stale_update,raw,both,2.0,0.02,nominal,0.02,additive,1.0,nn_ce,2.2504740078131276,0,0,-1,500,501,0.23791469029998036,-2.0125593175131473,nan,nan,0.11448514058733793,0.139883266504546,0.02266098787000202,6.94414697970311,0.004035066354391964,nan,22.980188439462502,nan,0.97265625,0.427734375,2.443758551326759
2,lazy-spectral-sam-muon,lazy-spectral-sam-muon,Lazy Spectral SAM-Muon (Atlas),,muon,stale_update,raw,both,2.0,0.02,nominal,0.02,additive,1.0,nn_ce,2.2504740078131276,1,0,-1,500,501,0.24445113938280513,-2.0060228684303225,nan,nan,0.11053024592605458,0.13815750759637768,0.022674593065610222,7.0284009401633565,0.003528388763077539,nan,23.384453862742852,nan,0.97265625,0.46484375,2.3184003685491157
2,lazy-spectral-sam-muon,lazy-spectral-sam-muon,Lazy Spectral SAM-Muon (Atlas),,muon,stale_update,raw,both,2.0,0.02,nominal,0.02,additive,1.0,nn_ce,2.2504740078131276,2,0,-1,500,501,0.2454784229101551,-2.0049955849029724,nan,nan,0.11524437211914218,0.1425464891840986,0.023907188165355836,6.911964898420261,0.004471224189503575,nan,23.144656077975096,nan,0.982421875,0.4375,2.3687999773219346
2,lazy-spectral-sam-muon,lazy-spectral-sam-muon,Lazy Spectral SAM-Muon (Atlas),,muon,stale_update,raw,both,2.0,0.02,nominal,0.02,additive,1.0,nn_ce,2.2504740078131276,3,0,-1,500,501,0.26420813377888186,-1.9862658740342458,nan,nan,0.11957724263297032,0.13929023102887927,0.023980277825584307,6.814680329728428,0.004422714618787182,nan,23.003550739707944,nan,0.96484375,0.462890625,2.3410452566429756
2,lazy-spectral-sam-muon,lazy-spectral-sam-muon,Lazy Spectral SAM-Muon (Atlas),,muon,stale_update,raw,both,2.0,0.02,nominal,0.02,additive,1.0,nn_ce,2.2504740078131276,4,0,-1,500,501,0.23829761346265127,-2.0121763943504765,nan,nan,0.11565164199468717,0.14099422981417892,0.022687097563334382,6.963853160249531,0.004160055940571783,nan,23.27941243943152,nan,0.974609375,0.4453125,2.4547329031898224
2,lazy-spectral-sam-muon,lazy-spectral-sam-muon,Lazy Spectral SAM-Muon (Atlas),,muon,stale_update,raw,both,2.0,0.02,nominal,0.02,additive,1.0,nn_ce,2.2504740078131276,5,0,-1,500,501,0.23537775009978656,-2.015096257713341,nan,nan,0.1153701647326413,0.14274885115078298,0.022684427618059694,6.945958721378307,0.005206952379344709,nan,23.579785075462688,nan,0.98046875,0.46875,2.2877149209034915
2,lazy-spectral-sam-muon,lazy-spectral-sam-muon,Lazy Spectral SAM-Muon (Atlas),,muon,stale_update,raw,both,2.0,0.02,nominal,0.02,additive,1.0,nn_ce,2.2504740078131276,6,0,-1,500,501,0.23742932502139402,-2.0130446827917337,nan,nan,0.11039739522562855,0.13896709019968922,0.02404729405697452,7.035605141811332,0.003969584508463686,nan,23.263468814446124,nan,0.962890625,0.443359375,2.489503161202973
2,lazy-spectral-sam-muon,lazy-spectral-sam-muon,Lazy Spectral SAM-Muon (Atlas),,muon,stale_update,raw,both,2.0,0.02,nominal,0.02,additive,1.0,nn_ce,2.2504740078131276,7,0,-1,500,501,0.2513855405568344,-1.9990884672562932,nan,nan,0.11604085329152274,0.1387869460438884,0.022653727181127997,7.047708894109276,0.004669488469830285,nan,23.037457951607742,nan,0.974609375,0.45703125,2.365132951372763
2,spectral-friendly-sam-muon,spectral-friendly-sam-muon,Spectral Friendly SAM-Muon,,muon,friendly,spectral,both,2.0,1.0,nominal,0.02,additive,1.0,nn_ce,2.2504740078131276,0,0,-1,500,1000,1.349160400478764,-0.9013136073343635,nan,nan,0.30125551912971427,7.117648089843057,1.1343148205961326,7.150865912608573,0.5735514330418552,nan,19.612329686412455,nan,0.634765625,0.427734375,2.0437851177983966
2,spectral-friendly-sam-muon,spectral-friendly-sam-muon,Spectral Friendly SAM-Muon,,muon,friendly,spectral,both,2.0,1.0,nominal,0.02,additive,1.0,nn_ce,2.2504740078131276,1,0,-1,500,1000,1.3081139573202039,-0.9423600504929237,nan,nan,0.29406772368098494,7.026201455057952,1.1343416535887982,7.201424938314186,0.4664200160885237,nan,20.354217757663545,nan,0.646484375,0.4765625,2.0223209704076637
2,spectral-friendly-sam-muon,spectral-friendly-sam-muon,Spectral Friendly SAM-Muon,,muon,friendly,spectral,both,2.0,1.0,nominal,0.02,additive,1.0,nn_ce,2.2504740078131276,2,0,-1,500,1000,1.3383762264912824,-0.9120977813218452,nan,nan,0.3046704811760113,7.096576075318573,1.1342747784842557,6.966436047545581,0.39308021414967387,nan,19.930480354625498,nan,0.638671875,0.431640625,2.0694260445130497
2,spectral-friendly-sam-muon,spectral-friendly-sam-muon,Spectral Friendly SAM-Muon,,muon,friendly,spectral,both,2.0,1.0,nominal,0.02,additive,1.0,nn_ce,2.2504740078131276,3,0,-1,500,1000,1.3430670732488994,-0.9074069345642282,nan,nan,0.2949489378510023,7.110799941961181,1.1343468164030006,7.159790503330932,0.48379228516310824,nan,20.195977157594953,nan,0.619140625,0.44140625,2.047701582209952
2,spectral-friendly-sam-muon,spectral-friendly-sam-muon,Spectral Friendly SAM-Muon,,muon,friendly,spectral,both,2.0,1.0,nominal,0.02,additive,1.0,nn_ce,2.2504740078131276,4,0,-1,500,1000,1.3191727318338287,-0.9313012759792989,nan,nan,0.2950215968984791,7.01340877201883,1.1342456558737715,7.179942768890238,0.6290444408435227,nan,19.708358904299647,nan,0.634765625,0.43359375,2.077231950675574
2,spectral-friendly-sam-muon,spectral-friendly-sam-muon,Spectral Friendly SAM-Muon,,muon,friendly,spectral,both,2.0,1.0,nominal,0.02,additive,1.0,nn_ce,2.2504740078131276,5,0,-1,500,1000,1.3130565725022125,-0.937417435310915,nan,nan,0.28914318884190493,6.96781820604237,1.1340655893469727,7.129366021581755,0.39836386868575646,nan,20.57439932641093,nan,0.64453125,0.435546875,2.0247816691839544
2,spectral-friendly-sam-muon,spectral-friendly-sam-muon,Spectral Friendly SAM-Muon,,muon,friendly,spectral,both,2.0,1.0,nominal,0.02,additive,1.0,nn_ce,2.2504740078131276,6,0,-1,500,1000,1.2987321490103596,-0.951741858802768,nan,nan,0.28028072234614115,7.102972859694669,1.187947072472682,7.053751967410751,0.48162184144259346,nan,20.221782974902304,nan,0.6328125,0.431640625,2.079388807454317
2,spectral-friendly-sam-muon,spectral-friendly-sam-muon,Spectral Friendly SAM-Muon,,muon,friendly,spectral,both,2.0,1.0,nominal,0.02,additive,1.0,nn_ce,2.2504740078131276,7,0,-1,500,1000,1.3541202114562831,-0.8963537963568444,nan,nan,0.29488533507957004,7.107945257422369,1.1343019902349913,7.174288290329298,0.4501403866498839,nan,20.305534286757013,nan,0.615234375,0.431640625,2.0464227269308006
2,spectral-friendly-sam-muon,spectral-friendly-sam-muon,Spectral Friendly SAM-Muon,,muon,friendly,spectral,both,2.0,0.2,nominal,0.02,additive,1.0,nn_ce,2.2504740078131276,0,0,-1,500,1000,0.2860771755434761,-1.9643968322696514,nan,nan,0.11786442913018924,1.4017912509770767,0.2261834571259869,6.934288198266592,0.035487689124995336,nan,22.81240364186317,nan,0.962890625,0.42578125,2.287594603686013
2,spectral-friendly-sam-muon,spectral-friendly-sam-muon,Spectral Friendly SAM-Muon,,muon,friendly,spectral,both,2.0,0.2,nominal,0.02,additive,1.0,nn_ce,2.2504740078131276,1,0,-1,500,1000,0.28817279305630594,-1.9623012147568217,nan,nan,0.11595072677894566,1.4161589722904016,0.22684013675190115,7.031096739044358,0.027274300934571172,nan,23.194749590886232,nan,0.962890625,0.4609375,2.1824744054773073
2,spectral-friendly-sam-muon,spectral-friendly-sam-muon,Spectral Friendly SAM-Muon,,muon,friendly,spectral,both,2.0,0.2,nominal,0.02,additive,1.0,nn_ce,2.2504740078131276,2,0,-1,500,1000,0.2923028265713943,-1.9581711812417333,nan,nan,0.12601084390318576,1.4146558296544882,0.22680624030048224,6.962089977378154,0.024448834082731075,nan,22.781072168102625,nan,0.958984375,0.451171875,2.184303239305425
2,spectral-friendly-sam-muon,spectral-friendly-sam-muon,Spectral Friendly SAM-Muon,,muon,friendly,spectral,both,2.0,0.2,nominal,0.02,additive,1.0,nn_ce,2.2504740078131276,3,0,-1,500,1000,0.31191437069894135,-1.9385596371141862,nan,nan,0.11795386651100673,1.403578237427919,0.22682727012844983,7.006768062390281,0.03376244352829566,nan,22.958129227188184,nan,0.9375,0.4375,2.20199961431795
2,spectral-friendly-sam-muon,spectral-friendly-sam-muon,Spectral Friendly SAM-Muon,,muon,friendly,spectral,both,2.0,0.2,nominal,0.02,additive,1.0,nn_ce,2.2504740078131276,4,0,-1,500,1000,0.2810029808741209,-1.9694710269390066,nan,nan,0.11534232694834957,1.3934480930394284,0.22643296028643237,6.891891630474958,0.02597014304473716,nan,22.93335272089229,nan,0.955078125,0.45703125,2.279115685908222
2,spectral-friendly-sam-muon,spectral-friendly-sam-muon,Spectral Friendly SAM-Muon,,muon,friendly,spectral,both,2.0,0.2,nominal,0.02,additive,1.0,nn_ce,2.2504740078131276,5,0,-1,500,1000,0.2635648111862277,-1.9869091966269,nan,nan,0.11331780279409168,1.4032429601299456,0.2268586439633118,7.0511463784040425,0.02649897741335583,nan,23.35688749509869,nan,0.97265625,0.4609375,2.154999808766705
2,spectral-friendly-sam-muon,spectral-friendly-sam-muon,Spectral Friendly SAM-Muon,,muon,friendly,spectral,both,2.0,0.2,nominal,0.02,additive,1.0,nn_ce,2.2504740078131276,6,0,-1,500,1000,0.2861516219504406,-1.964322385862687,nan,nan,0.11649402955101201,1.4495636937987237,0.23956164570777477,6.954425690011058,0.02881634713785558,nan,23.297837593678043,nan,0.947265625,0.4453125,2.3260567701957253
2,spectral-friendly-sam-muon,spectral-friendly-sam-muon,Spectral Friendly SAM-Muon,,muon,friendly,spectral,both,2.0,0.2,nominal,0.02,additive,1.0,nn_ce,2.2504740078131276,7,0,-1,500,1000,0.32284341920988746,-1.92763058860324,nan,nan,0.12221810494307772,1.4222875858718074,0.22686695418162375,7.16067843955311,0.02841024183273072,nan,22.743342177669916,nan,0.943359375,0.43359375,2.1988218247847127
2,stale-friendly-spectral-sam-muon,stale-friendly-spectral-sam-muon,Stale Friendly Spectral SAM-Muon,,muon,stale_friendly,spectral,mnist,2.0,0.2,nominal,0.02,additive,1.0,nn_ce,2.2504740078131276,0,0,-1,500,501,0.23610448502982018,-2.0143695227833076,nan,nan,0.11205586053190145,1.493649140247754,0.22672899323772364,7.077468828407162,0.04905127955331942,nan,23.061768475895175,nan,0.974609375,0.443359375,2.436246066005083
2,stale-friendly-spectral-sam-muon,stale-friendly-spectral-sam-muon,Stale Friendly Spectral SAM-Muon,,muon,stale_friendly,spectral,mnist,2.0,0.2,nominal,0.02,additive,1.0,nn_ce,2.2504740078131276,1,0,-1,500,501,0.24709703022784044,-2.003376977585287,nan,nan,0.11264876122081546,1.4122031181112171,0.2268665804069864,7.007901417149843,0.03489515505661936,nan,23.263978141016388,nan,0.970703125,0.46875,2.308028796322628
2,stale-friendly-spectral-sam-muon,stale-friendly-spectral-sam-muon,Stale Friendly Spectral SAM-Muon,,muon,stale_friendly,spectral,mnist,2.0,0.2,nominal,0.02,additive,1.0,nn_ce,2.2504740078131276,2,0,-1,500,501,0.24713012666611336,-2.003343881147014,nan,nan,0.11920856298980713,1.4079215050478648,0.23523166337339851,6.888794162127004,0.04398424448393223,nan,22.98207610880225,nan,0.974609375,0.44921875,2.2989061822216614
2,stale-friendly-spectral-sam-muon,stale-friendly-spectral-sam-muon,Stale Friendly Spectral SAM-Muon,,muon,stale_friendly,spectral,mnist,2.0,0.2,nominal,0.02,additive,1.0,nn_ce,2.2504740078131276,3,0,-1,500,501,0.2707509178249531,-1.9797230899881746,nan,nan,0.12156931208356772,1.3998954980764506,0.2384933150021168,6.971280359770781,0.041536240023220705,nan,22.90681886456223,nan,0.953125,0.46484375,2.2993916674017143
2,stale-friendly-spectral-sam-muon,stale-friendly-spectral-sam-muon,Stale Friendly Spectral SAM-Muon,,muon,stale_friendly,spectral,mnist,2.0,0.2,nominal,0.02,additive,1.0,nn_ce,2.2504740078131276,4,0,-1,500,501,0.251369963314865,-1.9991040444982626,nan,nan,0.11607900692572432,1.4327085567219182,0.2268705884430023,6.990785624518851,0.05364754762026125,nan,23.156214980344746,nan,0.966796875,0.451171875,2.431455252004138
2,stale-friendly-spectral-sam-muon,stale-friendly-spectral-sam-muon,Stale Friendly Spectral SAM-Muon,,muon,stale_friendly,spectral,mnist,2.0,0.2,nominal,0.02,additive,1.0,nn_ce,2.2504740078131276,5,0,-1,500,501,0.2301112728162571,-2.0203627349968705,nan,nan,0.11336068146339245,1.4269914117073859,0.2268698636730128,6.951619582896411,0.04037641107827633,nan,23.600139568340232,nan,0.9765625,0.453125,2.2684684586139263
2,stale-friendly-spectral-sam-muon,stale-friendly-spectral-sam-muon,Stale Friendly Spectral SAM-Muon,,muon,stale_friendly,spectral,mnist,2.0,0.2,nominal,0.02,additive,1.0,nn_ce,2.2504740078131276,6,0,-1,500,501,0.2415235610494829,-2.0089504467636448,nan,nan,0.11324113546795171,1.446502429928748,0.2391545957295175,6.9631747746203,0.03963031145260862,nan,23.321541883011143,nan,0.9609375,0.443359375,2.4876972825993344
2,stale-friendly-spectral-sam-muon,stale-friendly-spectral-sam-muon,Stale Friendly Spectral SAM-Muon,,muon,stale_friendly,spectral,mnist,2.0,0.2,nominal,0.02,additive,1.0,nn_ce,2.2504740078131276,7,0,-1,500,501,0.25429830953598026,-1.9961756982771472,nan,nan,0.11396079541755606,1.4111228150087645,0.22669722435186906,7.070414256165652,0.03101031742649568,nan,23.136651087356288,nan,0.97265625,0.44140625,2.3652286614140974
2,spectral-friendly-sam-muon,spectral-friendly-sam-muon,Spectral Friendly SAM-Muon,,muon,friendly,spectral,both,2.0,0.02,nominal,0.02,additive,1.0,nn_ce,2.2504740078131276,0,0,-1,500,1000,0.23385016180221457,-2.016623846010913,nan,nan,0.11092373026862429,0.14054424137483934,0.022704414527815454,6.9514016274771775,0.0005630403081944568,nan,22.93224135854912,nan,0.97265625,0.42578125,2.4219963468381582
2,spectral-friendly-sam-muon,spectral-friendly-sam-muon,Spectral Friendly SAM-Muon,,muon,friendly,spectral,both,2.0,0.02,nominal,0.02,additive,1.0,nn_ce,2.2504740078131276,1,0,-1,500,1000,0.2408212771664226,-2.009652730646705,nan,nan,0.10559972202069641,0.14073786272059755,0.022670790567804952,7.040233604231445,0.0006329924625992633,nan,23.36165635800688,nan,0.97265625,0.453125,2.318461298906441
2,spectral-friendly-sam-muon,spectral-friendly-sam-muon,Spectral Friendly SAM-Muon,,muon,friendly,spectral,both,2.0,0.02,nominal,0.02,additive,1.0,nn_ce,2.2504740078131276,2,0,-1,500,1000,0.23340347823656363,-2.017070529576564,nan,nan,0.11150361892870964,0.14190231658603272,0.02268442572638259,6.950440264432582,0.00027537706657593253,nan,23.083072254337797,nan,0.982421875,0.4453125,2.3473918551545094
2,spectral-friendly-sam-muon,spectral-friendly-sam-muon,Spectral Friendly SAM-Muon,,muon,friendly,spectral,both,2.0,0.02,nominal,0.02,additive,1.0,nn_ce,2.2504740078131276,3,0,-1,500,1000,0.2583708299835692,-1.9921031778295584,nan,nan,0.11432196434013903,0.13989484078663383,0.022683623255716445,6.876873221677542,0.00048028245568526584,nan,22.972564942572305,nan,0.966796875,0.455078125,2.334054825698389
2,spectral-friendly-sam-muon,spectral-friendly-sam-muon,Spectral Friendly SAM-Muon,,muon,friendly,spectral,both,2.0,0.02,nominal,0.02,additive,1.0,nn_ce,2.2504740078131276,4,0,-1,500,1000,0.23133820752780382,-2.0191358002853237,nan,nan,0.10861700388156945,0.13996023668606358,0.022669726926126975,7.087216565318562,-0.00026742411599839366,nan,23.20518862110869,nan,0.98046875,0.44921875,2.457330226884359
2,spectral-friendly-sam-muon,spectral-friendly-sam-muon,Spectral Friendly SAM-Muon,,muon,friendly,spectral,both,2.0,0.02,nominal,0.02,additive,1.0,nn_ce,2.2504740078131276,5,0,-1,500,1000,0.23276127194058882,-2.017712735872539,nan,nan,0.11059052605089906,0.14021970265851136,0.022683996529085565,6.983069413355875,0.0006258757849266217,nan,23.501940756770406,nan,0.9765625,0.46484375,2.2846620159316187
2,spectral-friendly-sam-muon,spectral-friendly-sam-muon,Spectral Friendly SAM-Muon,,muon,friendly,spectral,both,2.0,0.02,nominal,0.02,additive,1.0,nn_ce,2.2504740078131276,6,0,-1,500,1000,0.23177839479325013,-2.0186956130198777,nan,nan,0.10679433177745723,0.1446861913335649,0.02400450337644847,7.028743274574437,0.0004011160542791159,nan,23.225368884577072,nan,0.96484375,0.451171875,2.493887961357558
2,spectral-friendly-sam-muon,spectral-friendly-sam-muon,Spectral Friendly SAM-Muon,,muon,friendly,spectral,both,2.0,0.02,nominal,0.02,additive,1.0,nn_ce,2.2504740078131276,7,0,-1,500,1000,0.24830561127131157,-2.002168396541816,nan,nan,0.11061259112891389,0.14062082541958368,0.02268712456682495,7.076226290147477,-0.00011395090957927456,nan,23.066628677392533,nan,0.9765625,0.4453125,2.3788151534658457
2,spectral-friendly-sam-muon,spectral-friendly-sam-muon,Spectral Friendly SAM-Muon,,muon,friendly,spectral,both,2.0,0.1,nominal,0.02,additive,1.0,nn_ce,2.2504740078131276,0,0,-1,500,1000,0.251952689154682,-1.9985213186584456,nan,nan,0.11144567088647699,0.7009147864350592,0.11341879598076733,6.951242237286548,0.009233716262975533,nan,22.999942889704787,nan,0.974609375,0.431640625,2.350827960988772
2,spectral-friendly-sam-muon,spectral-friendly-sam-muon,Spectral Friendly SAM-Muon,,muon,friendly,spectral,both,2.0,0.1,nominal,0.02,additive,1.0,nn_ce,2.2504740078131276,1,0,-1,500,1000,0.25465924481290714,-1.9958147630002205,nan,nan,0.10750439651956471,0.7060233243802876,0.11320307766767901,6.9791449586697265,0.0082720300961599,nan,23.292838659348234,nan,0.970703125,0.4453125,2.269022602078635
2,spectral-friendly-sam-muon,spectral-friendly-sam-muon,Spectral Friendly SAM-Muon,,muon,friendly,spectral,both,2.0,0.1,nominal,0.02,additive,1.0,nn_ce,2.2504740078131276,2,0,-1,500,1000,0.2446444035402523,-2.005829604272875,nan,nan,0.11252720539221077,0.7109793821065694,0.11340354389033953,6.980369663933824,0.006158465189461004,nan,22.915506701239202,nan,0.98046875,0.447265625,2.289252260615262
2,spectral-friendly-sam-muon,spectral-friendly-sam-muon,Spectral Friendly SAM-Muon,,muon,friendly,spectral,both,2.0,0.1,nominal,0.02,additive,1.0,nn_ce,2.2504740078131276,3,0,-1,500,1000,0.2731188341818464,-1.977355173631281,nan,nan,0.11204001272991561,0.70090621756398,0.11339205725378822,6.878069451539361,0.009310089925223253,nan,23.060609494595106,nan,0.958984375,0.4609375,2.273596513304903
2,spectral-friendly-sam-muon,spectral-friendly-sam-muon,Spectral Friendly SAM-Muon,,muon,friendly,spectral,both,2.0,0.1,nominal,0.02,additive,1.0,nn_ce,2.2504740078131276,4,0,-1,500,1000,0.2438916414666611,-2.0065823663464664,nan,nan,0.10776307540113193,0.7032291739889982,0.11309667151628733,6.978629493221028,0.005902820937396525,nan,23.190224641213803,nan,0.966796875,0.44921875,2.385728263979774
2,spectral-friendly-sam-muon,spectral-friendly-sam-muon,Spectral Friendly SAM-Muon,,muon,friendly,spectral,both,2.0,0.1,nominal,0.02,additive,1.0,nn_ce,2.2504740078131276,5,0,-1,500,1000,0.23079034856246444,-2.019683659250663,nan,nan,0.10574726324672035,0.6984639541325237,0.11343320506515343,6.877693373683387,0.008308333724650924,nan,23.47151667364378,nan,0.98046875,0.458984375,2.246958225109228
2,spectral-friendly-sam-muon,spectral-friendly-sam-muon,Spectral Friendly SAM-Muon,,muon,friendly,spectral,both,2.0,0.1,nominal,0.02,additive,1.0,nn_ce,2.2504740078131276,6,0,-1,500,1000,0.24967513832927393,-2.0007988694838534,nan,nan,0.10809573741080136,0.7240166297376182,0.12009165457287518,6.969069981944669,0.008238042144928986,nan,23.26298236385714,nan,0.962890625,0.451171875,2.4373512614593955
2,spectral-friendly-sam-muon,spectral-friendly-sam-muon,Spectral Friendly SAM-Muon,,muon,friendly,spectral,both,2.0,0.1,nominal,0.02,additive,1.0,nn_ce,2.2504740078131276,7,0,-1,500,1000,0.26717353397861215,-1.9833004738345155,nan,nan,0.10998892099645127,0.7060363155023655,0.11342554124371232,7.004369427930023,0.006152828159051105,nan,22.92441501938628,nan,0.97265625,0.43359375,2.288806517470712
2,stale-friendly-spectral-sam-muon,stale-friendly-spectral-sam-muon,Stale Friendly Spectral SAM-Muon,,muon,stale_friendly,spectral,mnist,2.0,1.0,nominal,0.02,additive,1.0,nn_ce,2.2504740078131276,0,0,-1,500,501,0.8025897754945193,-1.4478842323186083,nan,nan,0.2849956829533137,7.3315190208938406,1.1333212548018368,7.052979039288017,1.4142701552098624,nan,21.547637167462337,nan,0.7890625,0.466796875,2.027783883338467
2,stale-friendly-spectral-sam-muon,stale-friendly-spectral-sam-muon,Stale Friendly Spectral SAM-Muon,,muon,stale_friendly,spectral,mnist,2.0,1.0,nominal,0.02,additive,1.0,nn_ce,2.2504740078131276,1,0,-1,500,501,0.782389682514224,-1.4680843252989035,nan,nan,0.27297686225602946,7.244077837738445,1.1343378388780279,6.930660145758602,1.3959918582052182,nan,21.998917881124772,nan,0.79296875,0.48828125,1.9663360303670587
2,stale-friendly-spectral-sam-muon,stale-friendly-spectral-sam-muon,Stale Friendly Spectral SAM-Muon,,muon,stale_friendly,spectral,mnist,2.0,1.0,nominal,0.02,additive,1.0,nn_ce,2.2504740078131276,2,0,-1,500,501,0.8307758414480857,-1.4196981663650419,nan,nan,0.2794097375722228,7.190195714077844,1.1342021949386696,7.02660495531456,1.5307787733255576,nan,21.36452602709199,nan,0.78515625,0.45703125,2.046647528835953
2,stale-friendly-spectral-sam-muon,stale-friendly-spectral-sam-muon,Stale Friendly Spectral SAM-Muon,,muon,stale_friendly,spectral,mnist,2.0,1.0,nominal,0.02,additive,1.0,nn_ce,2.2504740078131276,3,0,-1,500,501,0.7898180536271701,-1.4606559541859574,nan,nan,0.27632818945377674,7.17844112922124,1.1343564480953618,7.0995475296336,1.3221593580878332,nan,21.872742554508747,nan,0.791015625,0.447265625,2.063724202197852
2,stale-friendly-spectral-sam-muon,stale-friendly-spectral-sam-muon,Stale Friendly Spectral SAM-Muon,,muon,stale_friendly,spectral,mnist,2.0,1.0,nominal,0.02,additive,1.0,nn_ce,2.2504740078131276,4,0,-1,500,501,0.8162656117983903,-1.4342083960147374,nan,nan,0.3078337408781879,7.177489192393647,1.2023636515002993,7.018300071503483,1.100089299296348,nan,21.81932777099225,nan,0.798828125,0.455078125,2.112160193346228
2,stale-friendly-spectral-sam-muon,stale-friendly-spectral-sam-muon,Stale Friendly Spectral SAM-Muon,,muon,stale_friendly,spectral,mnist,2.0,1.0,nominal,0.02,additive,1.0,nn_ce,2.2504740078131276,5,0,-1,500,501,0.8187138333624607,-1.431760174450667,nan,nan,0.3045886304993571,7.071269974797353,1.1493226025576204,7.112081234233801,1.3631489595874324,nan,22.156755137970418,nan,0.794921875,0.46484375,2.0614713213407025
2,stale-friendly-spectral-sam-muon,stale-friendly-spectral-sam-muon,Stale Friendly Spectral SAM-Muon,,muon,stale_friendly,spectral,mnist,2.0,1.0,nominal,0.02,additive,1.0,nn_ce,2.2504740078131276,6,0,-1,500,501,0.7888379859977912,-1.4616360218153364,nan,nan,0.29019297278889106,7.365628110433795,1.170579131255964,6.940748799904472,1.7789134684992547,nan,22.14765534752981,nan,0.802734375,0.453125,2.099031783303095
2,stale-friendly-spectral-sam-muon,stale-friendly-spectral-sam-muon,Stale Friendly Spectral SAM-Muon,,muon,stale_friendly,spectral,mnist,2.0,1.0,nominal,0.02,additive,1.0,nn_ce,2.2504740078131276,7,0,-1,500,501,0.8457524336659391,-1.4047215741471883,nan,nan,0.28585521342000364,7.177301071449058,1.1343358432831752,6.938814571830064,1.8287052569797009,nan,21.844035986369096,nan,0.76953125,0.45703125,2.0099292208994104
2,stale-momentum-friendly-spectral-sam-muon,stale-momentum-friendly-spectral-sam-muon,Stale Momentum-Friendly Spectral SAM-Muon,,muon,stale_momentum_friendly,spectral,mnist,2.0,0.1,nominal,0.02,additive,1.0,nn_ce,2.2504740078131276,0,0,-1,500,501,0.23097020643450117,-2.0195038013786264,nan,nan,0.11140028237383984,0.7407545889178367,0.11947533090859674,6.984085613932199,0.009562536448884607,nan,23.135903779812203,nan,0.9765625,0.435546875,2.444891275997218
2,stale-momentum-friendly-spectral-sam-muon,stale-momentum-friendly-spectral-sam-muon,Stale Momentum-Friendly Spectral SAM-Muon,,muon,stale_momentum_friendly,spectral,mnist,2.0,0.1,nominal,0.02,additive,1.0,nn_ce,2.2504740078131276,1,0,-1,500,501,0.2438686037894368,-2.006605404023691,nan,nan,0.10880458438549265,0.713391988333335,0.11895021022807703,6.990826048868018,0.009653139876251216,nan,23.342530066579034,nan,0.97265625,0.48046875,2.3059804088414984
2,stale-momentum-friendly-spectral-sam-muon,stale-momentum-friendly-spectral-sam-muon,Stale Momentum-Friendly Spectral SAM-Muon,,muon,stale_momentum_friendly,spectral,mnist,2.0,0.1,nominal,0.02,additive,1.0,nn_ce,2.2504740078131276,2,0,-1,500,501,0.23898442221222624,-2.011489585600901,nan,nan,0.11335914429530458,0.7023277724451316,0.11331136464490539,7.075341428455823,0.011484486371946268,nan,22.98928566296116,nan,0.982421875,0.439453125,2.3293843941792893
2,stale-momentum-friendly-spectral-sam-muon,stale-momentum-friendly-spectral-sam-muon,Stale Momentum-Friendly Spectral SAM-Muon,,muon,stale_momentum_friendly,spectral,mnist,2.0,0.1,nominal,0.02,additive,1.0,nn_ce,2.2504740078131276,3,0,-1,500,501,0.264192228451419,-1.9862817793617085,nan,nan,0.118258992741428,0.7039067386654957,0.11342082463878556,6.834688824850108,0.010116180538827624,nan,23.000240134914357,nan,0.9609375,0.46875,2.325283371361497
2,stale-momentum-friendly-spectral-sam-muon,stale-momentum-friendly-spectral-sam-muon,Stale Momentum-Friendly Spectral SAM-Muon,,muon,stale_momentum_friendly,spectral,mnist,2.0,0.1,nominal,0.02,additive,1.0,nn_ce,2.2504740078131276,4,0,-1,500,501,0.2375767488417394,-2.012897258971388,nan,nan,0.1123349862472569,0.7121841756993829,0.11342814170979798,7.021378077702905,0.013069952982008831,nan,23.18833188422929,nan,0.97265625,0.443359375,2.4520927083544066
2,stale-momentum-friendly-spectral-sam-muon,stale-momentum-friendly-spectral-sam-muon,Stale Momentum-Friendly Spectral SAM-Muon,,muon,stale_momentum_friendly,spectral,mnist,2.0,0.1,nominal,0.02,additive,1.0,nn_ce,2.2504740078131276,5,0,-1,500,501,0.22695630056687854,-2.023517707246249,nan,nan,0.11232611136728618,0.7108873840346822,0.11335290790216805,6.911857481483253,0.009769049838993599,nan,23.558570750823016,nan,0.982421875,0.455078125,2.302803267916099
2,stale-momentum-friendly-spectral-sam-muon,stale-momentum-friendly-spectral-sam-muon,Stale Momentum-Friendly Spectral SAM-Muon,,muon,stale_momentum_friendly,spectral,mnist,2.0,0.1,nominal,0.02,additive,1.0,nn_ce,2.2504740078131276,6,0,-1,500,501,0.2359851069560273,-2.0144889008571,nan,nan,0.10993881482319412,0.7115907084092138,0.11778793049157035,7.028121775959006,0.008350477257913408,nan,23.297941523140604,nan,0.96875,0.447265625,2.505346456520728
2,stale-momentum-friendly-spectral-sam-muon,stale-momentum-friendly-spectral-sam-muon,Stale Momentum-Friendly Spectral SAM-Muon,,muon,stale_momentum_friendly,spectral,mnist,2.0,0.1,nominal,0.02,additive,1.0,nn_ce,2.2504740078131276,7,0,-1,500,501,0.2452440953791135,-2.005229912434014,nan,nan,0.11137033078227236,0.6969928325019852,0.12021158435726066,7.08344191466876,0.006373204583202868,nan,23.0797611753204,nan,0.978515625,0.427734375,2.3952803417256896
2,spectral-friendly-sam-muon,spectral-friendly-sam-muon,Spectral Friendly SAM-Muon,,muon,friendly,spectral,both,2.0,0.5,nominal,0.02,additive,1.0,nn_ce,2.2504740078131276,0,0,-1,500,1000,0.543463988108199,-1.7070100197049287,nan,nan,0.1674225861633512,3.5804580115901743,0.5955749886296026,7.080805843285915,0.21006760675230107,nan,22.101771903816466,nan,0.884765625,0.470703125,2.0073042244594372
2,spectral-friendly-sam-muon,spectral-friendly-sam-muon,Spectral Friendly SAM-Muon,,muon,friendly,spectral,both,2.0,0.5,nominal,0.02,additive,1.0,nn_ce,2.2504740078131276,1,0,-1,500,1000,0.5351015911999603,-1.7153724166131674,nan,nan,0.1662257939900404,3.5046193840759403,0.5671757169720966,7.086295101101547,0.13622677662147853,nan,22.567706820896596,nan,0.876953125,0.484375,1.9381450127890663
2,spectral-friendly-sam-muon,spectral-friendly-sam-muon,Spectral Friendly SAM-Muon,,muon,friendly,spectral,both,2.0,0.5,nominal,0.02,additive,1.0,nn_ce,2.2504740078131276,2,0,-1,500,1000,0.5712104932169306,-1.679263514596197,nan,nan,0.172600532403386,3.5035909239160583,0.5669919292982799,6.935704493069562,0.14576948991324257,nan,22.34781221845625,nan,0.86328125,0.45703125,1.96376204187999
2,spectral-friendly-sam-muon,spectral-friendly-sam-muon,Spectral Friendly SAM-Muon,,muon,friendly,spectral,both,2.0,0.5,nominal,0.02,additive,1.0,nn_ce,2.2504740078131276,3,0,-1,500,1000,0.5627464058064636,-1.6877276020066638,nan,nan,0.1715655686339851,3.5155842795727854,0.5669070618086676,6.995208924921324,0.2067937243628991,nan,22.512908453950878,nan,0.865234375,0.47265625,1.9220258418806437
2,spectral-friendly-sam-muon,spectral-friendly-sam-muon,Spectral Friendly SAM-Muon,,muon,friendly,spectral,both,2.0,0.5,nominal,0.02,additive,1.0,nn_ce,2.2504740078131276,4,0,-1,500,1000,0.5335242695813871,-1.7169497382317405,nan,nan,0.1711261498691005,3.504116217438208,0.5668364064316315,6.94449191571367,0.1798905708521794,nan,22.177836096638814,nan,0.865234375,0.45703125,2.0016079639870017
2,spectral-friendly-sam-muon,spectral-friendly-sam-muon,Spectral Friendly SAM-Muon,,muon,friendly,spectral,both,2.0,0.5,nominal,0.02,additive,1.0,nn_ce,2.2504740078131276,5,0,-1,500,1000,0.5275051408542382,-1.7229688669588894,nan,nan,0.16875930061023295,3.5178920189454614,0.5940993019664267,6.879210063001373,0.1698671365901806,nan,22.608530584062024,nan,0.8828125,0.44140625,1.9719405615648185
2,spectral-friendly-sam-muon,spectral-friendly-sam-muon,Spectral Friendly SAM-Muon,,muon,friendly,spectral,both,2.0,0.5,nominal,0.02,additive,1.0,nn_ce,2.2504740078131276,6,0,-1,500,1000,0.5234183209358377,-1.7270556868772897,nan,nan,0.1671610703826662,3.573466366279384,0.5994338374166638,6.961923256278648,0.1676399349969313,nan,22.98748839900891,nan,0.8828125,0.47265625,2.044573928313751
2,spectral-friendly-sam-muon,spectral-friendly-sam-muon,Spectral Friendly SAM-Muon,,muon,friendly,spectral,both,2.0,0.5,nominal,0.02,additive,1.0,nn_ce,2.2504740078131276,7,0,-1,500,1000,0.5790092322252659,-1.6714647755878618,nan,nan,0.17267737130038344,3.563633589250602,0.5669772901310361,7.10246101506952,0.1906597784336892,nan,22.325443029570085,nan,0.849609375,0.4609375,1.9547307228039448
2,stale-friendly-spectral-sam-muon,stale-friendly-spectral-sam-muon,Stale Friendly Spectral SAM-Muon,,muon,stale_friendly,spectral,mnist,2.0,0.02,nominal,0.02,additive,1.0,nn_ce,2.2504740078131276,0,0,-1,500,501,0.23059431734971517,-2.019879690463412,nan,nan,0.11329781695385906,0.14829517294340794,0.02268452989650143,6.968033769239068,-9.213408982031157e-05,nan,22.919763932482276,nan,0.974609375,0.419921875,2.4424267653634875
2,stale-friendly-spectral-sam-muon,stale-friendly-spectral-sam-muon,Stale Friendly Spectral SAM-Muon,,muon,stale_friendly,spectral,mnist,2.0,0.02,nominal,0.02,additive,1.0,nn_ce,2.2504740078131276,1,0,-1,500,501,0.2376382290361688,-2.012835778776959,nan,nan,0.10697417797586563,0.14015682191147433,0.02266834374328676,7.01925452290019,0.00034930113005243735,nan,23.416821517465586,nan,0.970703125,0.466796875,2.3314702485806595
2,stale-friendly-spectral-sam-muon,stale-friendly-spectral-sam-muon,Stale Friendly Spectral SAM-Muon,,muon,stale_friendly,spectral,mnist,2.0,0.02,nominal,0.02,additive,1.0,nn_ce,2.2504740078131276,2,0,-1,500,501,0.23691269269059798,-2.0135613151225296,nan,nan,0.11280299971211939,0.14016540650635223,0.022640289254624343,6.970594047004452,0.0004333428040849685,nan,23.1299254108489,nan,0.982421875,0.4375,2.3693942696266266
2,stale-friendly-spectral-sam-muon,stale-friendly-spectral-sam-muon,Stale Friendly Spectral SAM-Muon,,muon,stale_friendly,spectral,mnist,2.0,0.02,nominal,0.02,additive,1.0,nn_ce,2.2504740078131276,3,0,-1,500,501,0.2559198919717179,-1.9945541158414097,nan,nan,0.1167230953617753,0.13947667034190692,0.02267782752101696,6.843510235853757,0.00011739845088276635,nan,22.915461772663942,nan,0.966796875,0.45703125,2.3510434681195576
2,stale-friendly-spectral-sam-muon,stale-friendly-spectral-sam-muon,Stale Friendly Spectral SAM-Muon,,muon,stale_friendly,spectral,mnist,2.0,0.02,nominal,0.02,additive,1.0,nn_ce,2.2504740078131276,4,0,-1,500,501,0.23149296261658148,-2.018981045196546,nan,nan,0.11148145408217044,0.1424957445950521,0.02267775742752815,7.000434285349718,0.0005799913965405801,nan,23.25001266937032,nan,0.982421875,0.45703125,2.4566590401589687
2,stale-friendly-spectral-sam-muon,stale-friendly-spectral-sam-muon,Stale Friendly Spectral SAM-Muon,,muon,stale_friendly,spectral,mnist,2.0,0.02,nominal,0.02,additive,1.0,nn_ce,2.2504740078131276,5,0,-1,500,501,0.23047477785711107,-2.0199992299560163,nan,nan,0.11236191287876365,0.14113687965086025,0.02268246607882226,6.922066020790421,0.0007886111050488809,nan,23.528316240838514,nan,0.982421875,0.453125,2.296236835350837
2,stale-friendly-spectral-sam-muon,stale-friendly-spectral-sam-muon,Stale Friendly Spectral SAM-Muon,,muon,stale_friendly,spectral,mnist,2.0,0.02,nominal,0.02,additive,1.0,nn_ce,2.2504740078131276,6,0,-1,500,501,0.23305464577205937,-2.017419362041068,nan,nan,0.10760405988004448,0.14562883932026882,0.02402578797299188,7.076831073818452,4.7519467120227254e-05,nan,23.238902138997016,nan,0.96875,0.44921875,2.518163103281672
2,stale-friendly-spectral-sam-muon,stale-friendly-spectral-sam-muon,Stale Friendly Spectral SAM-Muon,,muon,stale_friendly,spectral,mnist,2.0,0.02,nominal,0.02,additive,1.0,nn_ce,2.2504740078131276,7,0,-1,500,501,0.2454733598327871,-2.0050006479803404,nan,nan,0.11223491480405037,0.1401830063997811,0.022686318028392948,7.0595371082586515,-0.00027025785716611184,nan,23.01108823409573,nan,0.9765625,0.44140625,2.4076147446456533
2,stale-momentum-friendly-spectral-sam-muon,stale-momentum-friendly-spectral-sam-muon,Stale Momentum-Friendly Spectral SAM-Muon,,muon,stale_momentum_friendly,spectral,mnist,2.0,0.5,nominal,0.02,additive,1.0,nn_ce,2.2504740078131276,0,0,-1,500,501,0.3826696821089558,-1.8678043257041717,nan,nan,0.16113034519334504,3.6954046466136745,0.5671659715451234,7.176765331161451,0.3200356116636446,nan,22.594519884138297,nan,0.91796875,0.43359375,2.2335467690994317
2,stale-momentum-friendly-spectral-sam-muon,stale-momentum-friendly-spectral-sam-muon,Stale Momentum-Friendly Spectral SAM-Muon,,muon,stale_momentum_friendly,spectral,mnist,2.0,0.5,nominal,0.02,additive,1.0,nn_ce,2.2504740078131276,1,0,-1,500,501,0.37315590376579644,-1.877318104047331,nan,nan,0.16226935153511907,3.5774175131082937,0.5775198724534872,7.057132836738832,0.34085066390966007,nan,23.162139313674114,nan,0.912109375,0.478515625,2.092199060241294
2,stale-momentum-friendly-spectral-sam-muon,stale-momentum-friendly-spectral-sam-muon,Stale Momentum-Friendly Spectral SAM-Muon,,muon,stale_momentum_friendly,spectral,mnist,2.0,0.5,nominal,0.02,additive,1.0,nn_ce,2.2504740078131276,2,0,-1,500,501,0.4038749557633747,-1.8465990520497528,nan,nan,0.16660664011098691,3.6045438449932603,0.601184253483155,6.979691875710954,0.41650656706973177,nan,22.682408830661192,nan,0.908203125,0.470703125,2.0945402199268206
2,stale-momentum-friendly-spectral-sam-muon,stale-momentum-friendly-spectral-sam-muon,Stale Momentum-Friendly Spectral SAM-Muon,,muon,stale_momentum_friendly,spectral,mnist,2.0,0.5,nominal,0.02,additive,1.0,nn_ce,2.2504740078131276,3,0,-1,500,501,0.41004647510632664,-1.840427532706801,nan,nan,0.16560034129796436,3.5616129164349646,0.580874498963633,6.9895932128379314,0.4537679918188817,nan,22.989835267951097,nan,0.900390625,0.4765625,2.092080471967094
2,stale-momentum-friendly-spectral-sam-muon,stale-momentum-friendly-spectral-sam-muon,Stale Momentum-Friendly Spectral SAM-Muon,,muon,stale_momentum_friendly,spectral,mnist,2.0,0.5,nominal,0.02,additive,1.0,nn_ce,2.2504740078131276,4,0,-1,500,501,0.3796790699807723,-1.8707949378323554,nan,nan,0.15820407779398024,3.541899266984462,0.5862722119201499,6.963559428701296,0.2717693259070312,nan,22.978301141568075,nan,0.9296875,0.447265625,2.2227332247972083
2,stale-momentum-friendly-spectral-sam-muon,stale-momentum-friendly-spectral-sam-muon,Stale Momentum-Friendly Spectral SAM-Muon,,muon,stale_momentum_friendly,spectral,mnist,2.0,0.5,nominal,0.02,additive,1.0,nn_ce,2.2504740078131276,5,0,-1,500,501,0.3550527803061183,-1.8954212275070093,nan,nan,0.1664968274272274,3.5060897209651722,0.5671730493282192,7.016620416061509,0.35278011385890623,nan,23.64075509849395,nan,0.9140625,0.486328125,2.072892344743692
2,stale-momentum-friendly-spectral-sam-muon,stale-momentum-friendly-spectral-sam-muon,Stale Momentum-Friendly Spectral SAM-Muon,,muon,stale_momentum_friendly,spectral,mnist,2.0,0.5,nominal,0.02,additive,1.0,nn_ce,2.2504740078131276,6,0,-1,500,501,0.3724546267827468,-1.8780193810303807,nan,nan,0.1669149854821053,3.653320717731191,0.567171666571486,7.017155329737726,0.3047738213255948,nan,23.318552891370153,nan,0.912109375,0.4609375,2.2115933649057307
2,stale-momentum-friendly-spectral-sam-muon,stale-momentum-friendly-spectral-sam-muon,Stale Momentum-Friendly Spectral SAM-Muon,,muon,stale_momentum_friendly,spectral,mnist,2.0,0.5,nominal,0.02,additive,1.0,nn_ce,2.2504740078131276,7,0,-1,500,501,0.40756050915166864,-1.842913498661459,nan,nan,0.1549970576067319,3.400563139876429,0.5670107783360279,7.012617263898161,0.37819391508896216,nan,22.982134803188295,nan,0.912109375,0.4609375,2.113534626072096
2,stale-friendly-spectral-sam-muon,stale-friendly-spectral-sam-muon,Stale Friendly Spectral SAM-Muon,,muon,stale_friendly,spectral,mnist,2.0,0.05,nominal,0.02,additive,1.0,nn_ce,2.2504740078131276,0,0,-1,500,501,0.2298430721839714,-2.020630935629156,nan,nan,0.11084075085230734,0.3701661598938904,0.05671248166637396,6.986594915423663,0.0014316821800381685,nan,22.990879248221653,nan,0.9765625,0.423828125,2.4243588861701886
2,stale-friendly-spectral-sam-muon,stale-friendly-spectral-sam-muon,Stale Friendly Spectral SAM-Muon,,muon,stale_friendly,spectral,mnist,2.0,0.05,nominal,0.02,additive,1.0,nn_ce,2.2504740078131276,1,0,-1,500,501,0.23900002356746555,-2.011473984245662,nan,nan,0.10663730808517634,0.35135548480830986,0.05659533826383765,7.054464742835657,0.0020695838704924974,nan,23.389167863905502,nan,0.9765625,0.466796875,2.332962305853294
2,stale-friendly-spectral-sam-muon,stale-friendly-spectral-sam-muon,Stale Friendly Spectral SAM-Muon,,muon,stale_friendly,spectral,mnist,2.0,0.05,nominal,0.02,additive,1.0,nn_ce,2.2504740078131276,2,0,-1,500,501,0.23515664306526918,-2.015317364747858,nan,nan,0.11295567022647898,0.3508439826622044,0.05915955354891652,7.047935896208196,0.0022362491276724517,nan,23.071743602384124,nan,0.98828125,0.4375,2.355125331860899
2,stale-friendly-spectral-sam-muon,stale-friendly-spectral-sam-muon,Stale Friendly Spectral SAM-Muon,,muon,stale_friendly,spectral,mnist,2.0,0.05,nominal,0.02,additive,1.0,nn_ce,2.2504740078131276,3,0,-1,500,501,0.2575430686637863,-1.9929309391493413,nan,nan,0.11590776195568907,0.34944560006614594,0.05671766257229226,6.8710623392087475,0.002099715478794173,nan,22.907714529318515,nan,0.96484375,0.45703125,2.341338200587516
2,stale-friendly-spectral-sam-muon,stale-friendly-spectral-sam-muon,Stale Friendly Spectral SAM-Muon,,muon,stale_friendly,spectral,mnist,2.0,0.05,nominal,0.02,additive,1.0,nn_ce,2.2504740078131276,4,0,-1,500,501,0.23391470873451,-2.0165592990786174,nan,nan,0.11095383964128529,0.3572263137119227,0.058445052007488514,6.99500537968459,0.003134749820048882,nan,23.187647812182856,nan,0.9765625,0.4453125,2.4691071807811564
2,stale-friendly-spectral-sam-muon,stale-friendly-spectral-sam-muon,Stale Friendly Spectral SAM-Muon,,muon,stale_friendly,spectral,mnist,2.0,0.05,nominal,0.02,additive,1.0,nn_ce,2.2504740078131276,5,0,-1,500,501,0.22735379801600678,-2.0231202097971206,nan,nan,0.11241885438102696,0.35457244303534124,0.05671057144851197,6.931871492660793,0.0029395337665827637,nan,23.56353829220993,nan,0.98046875,0.4453125,2.301304157688473
2,stale-friendly-spectral-sam-muon,stale-friendly-spectral-sam-muon,Stale Friendly Spectral SAM-Muon,,muon,stale_friendly,spectral,mnist,2.0,0.05,nominal,0.02,additive,1.0,nn_ce,2.2504740078131276,6,0,-1,500,501,0.2331080778973509,-2.0173659299157767,nan,nan,0.10761297022430048,0.3625731610877838,0.059901193394336374,7.0234116283322185,0.0019330900356963054,nan,23.307686926838095,nan,0.97265625,0.447265625,2.5229831330383705
2,stale-friendly-spectral-sam-muon,stale-friendly-spectral-sam-muon,Stale Friendly Spectral SAM-Muon,,muon,stale_friendly,spectral,mnist,2.0,0.05,nominal,0.02,additive,1.0,nn_ce,2.2504740078131276,7,0,-1,500,501,0.24563422532570794,-2.00483978248742,nan,nan,0.11216924837055148,0.34942793557459667,0.05670033272618185,7.1109249107548695,0.0003467242168554707,nan,23.03622264212667,nan,0.974609375,0.4453125,2.407787076218853
2,stale-momentum-friendly-spectral-sam-muon,stale-momentum-friendly-spectral-sam-muon,Stale Momentum-Friendly Spectral SAM-Muon,,muon,stale_momentum_friendly,spectral,mnist,2.0,0.02,nominal,0.02,additive,1.0,nn_ce,2.2504740078131276,0,0,-1,500,501,0.23030202945090358,-2.020171978362224,nan,nan,0.11191337704298158,0.1491950116884121,0.02397752902665443,6.958105220645704,-1.1971617228628828e-05,nan,22.973217838787043,nan,0.974609375,0.427734375,2.443895705867562
2,stale-momentum-friendly-spectral-sam-muon,stale-momentum-friendly-spectral-sam-muon,Stale Momentum-Friendly Spectral SAM-Muon,,muon,stale_momentum_friendly,spectral,mnist,2.0,0.02,nominal,0.02,additive,1.0,nn_ce,2.2504740078131276,1,0,-1,500,501,0.23851522378015252,-2.011958784032975,nan,nan,0.10737884756066216,0.14265905586593874,0.023901891247680374,7.03396220711859,0.00047303686383776133,nan,23.404065488523976,nan,0.97265625,0.46484375,2.331737516502923
2,stale-momentum-friendly-spectral-sam-muon,stale-momentum-friendly-spectral-sam-muon,Stale Momentum-Friendly Spectral SAM-Muon,,muon,stale_momentum_friendly,spectral,mnist,2.0,0.02,nominal,0.02,additive,1.0,nn_ce,2.2504740078131276,2,0,-1,500,501,0.23461231496045418,-2.0158616928526736,nan,nan,0.11250144481296963,0.1405834959956723,0.02395102143511902,7.034413911728518,0.0004414431698779586,nan,23.13641145532407,nan,0.984375,0.43359375,2.370931138622762
2,stale-momentum-friendly-spectral-sam-muon,stale-momentum-friendly-spectral-sam-muon,Stale Momentum-Friendly Spectral SAM-Muon,,muon,stale_momentum_friendly,spectral,mnist,2.0,0.02,nominal,0.02,additive,1.0,nn_ce,2.2504740078131276,3,0,-1,500,501,0.2582073562446095,-1.9922666515685181,nan,nan,0.11723497338388773,0.13983262740477256,0.023268144167788843,6.849129420674722,0.00025499392528860465,nan,22.942653646682142,nan,0.966796875,0.458984375,2.3601817270467302
2,stale-momentum-friendly-spectral-sam-muon,stale-momentum-friendly-spectral-sam-muon,Stale Momentum-Friendly Spectral SAM-Muon,,muon,stale_momentum_friendly,spectral,mnist,2.0,0.02,nominal,0.02,additive,1.0,nn_ce,2.2504740078131276,4,0,-1,500,501,0.23071682554743544,-2.019757182265692,nan,nan,0.11128250901587498,0.14266506978017213,0.023216915051088836,7.020738912887891,0.0004419627420692851,nan,23.242323880660457,nan,0.982421875,0.45703125,2.470963900166584
2,stale-momentum-friendly-spectral-sam-muon,stale-momentum-friendly-spectral-sam-muon,Stale Momentum-Friendly Spectral SAM-Muon,,muon,stale_momentum_friendly,spectral,mnist,2.0,0.02,nominal,0.02,additive,1.0,nn_ce,2.2504740078131276,5,0,-1,500,501,0.22949497203793728,-2.0209790357751904,nan,nan,0.11218531449125603,0.14039788158847963,0.02268701878234626,6.90995160489631,0.000861694313757877,nan,23.49089745218734,nan,0.98046875,0.451171875,2.301928054743858
2,stale-momentum-friendly-spectral-sam-muon,stale-momentum-friendly-spectral-sam-muon,Stale Momentum-Friendly Spectral SAM-Muon,,muon,stale_momentum_friendly,spectral,mnist,2.0,0.02,nominal,0.02,additive,1.0,nn_ce,2.2504740078131276,6,0,-1,500,501,0.23570255233725954,-2.0147714554758682,nan,nan,0.1078442249798768,0.14256580128329577,0.023412627915983572,7.018351995292361,5.150058205116714e-05,nan,23.21687418586743,nan,0.970703125,0.458984375,2.5099869868907616
2,stale-momentum-friendly-spectral-sam-muon,stale-momentum-friendly-spectral-sam-muon,Stale Momentum-Friendly Spectral SAM-Muon,,muon,stale_momentum_friendly,spectral,mnist,2.0,0.02,nominal,0.02,additive,1.0,nn_ce,2.2504740078131276,7,0,-1,500,501,0.2468458764775751,-2.0036281313355526,nan,nan,0.11190480072298435,0.13946576692299154,0.023689754200577152,7.069376889553218,-0.0003190355356224306,nan,22.993388662190007,nan,0.9765625,0.451171875,2.4002824013945556
2,stale-friendly-spectral-sam-muon,stale-friendly-spectral-sam-muon,Stale Friendly Spectral SAM-Muon,,muon,stale_friendly,spectral,mnist,2.0,0.01,nominal,0.02,additive,1.0,nn_ce,2.2504740078131276,0,0,-1,500,501,0.23096422346089068,-2.0195097843522367,nan,nan,0.11181377508269712,0.07409022427967805,0.011343229140871693,6.99102458284121,-0.00021886920868838255,nan,22.95229054581672,nan,0.9765625,0.421875,2.4537087441978525
2,stale-friendly-spectral-sam-muon,stale-friendly-spectral-sam-muon,Stale Friendly Spectral SAM-Muon,,muon,stale_friendly,spectral,mnist,2.0,0.01,nominal,0.02,additive,1.0,nn_ce,2.2504740078131276,1,0,-1,500,501,0.23691401696139655,-2.013559990851731,nan,nan,0.10683943737014549,0.07039232541008766,0.011333139879569458,7.034076219183861,8.608041456509286e-05,nan,23.392995920500294,nan,0.97265625,0.470703125,2.3299769791423746
2,stale-friendly-spectral-sam-muon,stale-friendly-spectral-sam-muon,Stale Friendly Spectral SAM-Muon,,muon,stale_friendly,spectral,mnist,2.0,0.01,nominal,0.02,additive,1.0,nn_ce,2.2504740078131276,2,0,-1,500,501,0.2377701680750281,-2.0127038397380996,nan,nan,0.11260782979179415,0.07011896219869365,0.011343559705505631,6.959339010005982,0.0001423777910712909,nan,23.149502602182974,nan,0.982421875,0.427734375,2.3711635833118967
2,stale-friendly-spectral-sam-muon,stale-friendly-spectral-sam-muon,Stale Friendly Spectral SAM-Muon,,muon,stale_friendly,spectral,mnist,2.0,0.01,nominal,0.02,additive,1.0,nn_ce,2.2504740078131276,3,0,-1,500,501,0.25471075637164275,-1.9957632514414847,nan,nan,0.11644823091816735,0.069996921423951,0.011316063908711909,6.893021895828832,3.491297187263598e-05,nan,22.967819514020256,nan,0.97265625,0.462890625,2.3293057372228625
2,stale-friendly-spectral-sam-muon,stale-friendly-spectral-sam-muon,Stale Friendly Spectral SAM-Muon,,muon,stale_friendly,spectral,mnist,2.0,0.01,nominal,0.02,additive,1.0,nn_ce,2.2504740078131276,4,0,-1,500,501,0.2365538321984372,-2.0139201756146905,nan,nan,0.1109958481535815,0.07113819781187974,0.011334516668271578,7.0540977314463404,0.00018521033559562583,nan,23.250692549071424,nan,0.974609375,0.443359375,2.485965150091555
2,stale-friendly-spectral-sam-muon,stale-friendly-spectral-sam-muon,Stale Friendly Spectral SAM-Muon,,muon,stale_friendly,spectral,mnist,2.0,0.01,nominal,0.02,additive,1.0,nn_ce,2.2504740078131276,5,0,-1,500,501,0.22971934537699035,-2.020754662436137,nan,nan,0.11234192728923233,0.07065536725816943,0.011341206370953821,6.962824552357108,0.0003077790025913518,nan,23.539064510893958,nan,0.982421875,0.4609375,2.3020194001719596
2,stale-friendly-spectral-sam-muon,stale-friendly-spectral-sam-muon,Stale Friendly Spectral SAM-Muon,,muon,stale_friendly,spectral,mnist,2.0,0.01,nominal,0.02,additive,1.0,nn_ce,2.2504740078131276,6,0,-1,500,501,0.2314363011254277,-2.0190377066877,nan,nan,0.10821753177064752,0.07282775062702372,0.011993636800455128,7.06963620222694,-0.000103968810046845,nan,23.25251837544963,nan,0.966796875,0.4453125,2.5120204840865368
2,stale-friendly-spectral-sam-muon,stale-friendly-spectral-sam-muon,Stale Friendly Spectral SAM-Muon,,muon,stale_friendly,spectral,mnist,2.0,0.01,nominal,0.02,additive,1.0,nn_ce,2.2504740078131276,7,0,-1,500,501,0.24943924586566912,-2.0010347619474587,nan,nan,0.11215457124376486,0.07025083568873414,0.011326084137197642,7.077466824020034,-0.0001519484680967964,nan,23.01187574954267,nan,0.974609375,0.44140625,2.3778395448451213
2,sgd,sgd,SGD,,sgd,,,both,3.0,nan,nominal,1.0,additive,1.0,nn_ce,2.2504740078131276,0,0,-1,500,500,0.012403180896767202,-2.2380708269163603,nan,nan,0.022557180810990216,0.0,0.0,1.4568115962811072,0.0,nan,22.946190187178633,nan,1.0,0.412109375,5.505352561132293
2,sgd,sgd,SGD,,sgd,,,both,3.0,nan,nominal,1.0,additive,1.0,nn_ce,2.2504740078131276,1,0,-1,500,500,0.011612245592326906,-2.2388617622208007,nan,nan,0.023492827050629675,0.0,0.0,1.433446400698844,0.0,nan,23.080028237623523,nan,1.0,0.3828125,5.112168703578629
2,sgd,sgd,SGD,,sgd,,,both,3.0,nan,nominal,1.0,additive,1.0,nn_ce,2.2504740078131276,2,0,-1,500,500,0.012574679777981816,-2.237899328035146,nan,nan,0.022411077048999736,0.0,0.0,1.4438054636434252,0.0,nan,23.043936283083955,nan,1.0,0.396484375,4.988583608018177
2,sgd,sgd,SGD,,sgd,,,both,3.0,nan,nominal,1.0,additive,1.0,nn_ce,2.2504740078131276,3,0,-1,500,500,0.014401644223439203,-2.236072363589688,nan,nan,0.025435277007697335,0.0,0.0,1.4645135744705657,0.0,nan,22.207492985272165,nan,1.0,0.412109375,4.969910413034529
2,sgd,sgd,SGD,,sgd,,,both,3.0,nan,nominal,1.0,additive,1.0,nn_ce,2.2504740078131276,4,0,-1,500,500,0.013301130873174468,-2.2371728769399533,nan,nan,0.024627275535449182,0.0,0.0,1.433211305568704,0.0,nan,22.73099286778795,nan,1.0,0.419921875,4.9075870748739465
2,sgd,sgd,SGD,,sgd,,,both,3.0,nan,nominal,1.0,additive,1.0,nn_ce,2.2504740078131276,5,0,-1,500,500,0.013740320370948814,-2.236733687442179,nan,nan,0.023191905412145438,0.0,0.0,1.3879293811979743,0.0,nan,22.403591333046503,nan,1.0,0.3984375,4.857631123216349
2,sgd,sgd,SGD,,sgd,,,both,3.0,nan,nominal,1.0,additive,1.0,nn_ce,2.2504740078131276,6,0,-1,500,500,0.01099233151674273,-2.2394816762963847,nan,nan,0.020223542688182626,0.0,0.0,1.5292232383670739,0.0,nan,22.28727752716811,nan,1.0,0.458984375,4.494468332806688
2,sgd,sgd,SGD,,sgd,,,both,3.0,nan,nominal,1.0,additive,1.0,nn_ce,2.2504740078131276,7,0,-1,500,500,0.01200896001311546,-2.238465047800012,nan,nan,0.021407481111948717,0.0,0.0,1.4149383054732523,0.0,nan,22.848433909338816,nan,1.0,0.44140625,4.690131829588392
2,muon,muon,Muon,,muon,,,both,3.0,nan,nominal,0.02,additive,1.0,nn_ce,2.2504740078131276,0,0,-1,500,500,0.11897894846705001,-2.1314950593460775,nan,nan,0.06940894945468773,0.0,0.0,6.859296980517557,0.0,nan,23.460261564720724,nan,0.9921875,0.43359375,2.659936515385049
2,muon,muon,Muon,,muon,,,both,3.0,nan,nominal,0.02,additive,1.0,nn_ce,2.2504740078131276,1,0,-1,500,500,0.10825268834365762,-2.14222131946947,nan,nan,0.064791294458094,0.0,0.0,6.864401034537558,0.0,nan,22.95800177780644,nan,0.998046875,0.427734375,2.667287825344018
2,muon,muon,Muon,,muon,,,both,3.0,nan,nominal,0.02,additive,1.0,nn_ce,2.2504740078131276,2,0,-1,500,500,0.11541023128777116,-2.1350637765253566,nan,nan,0.07055622745419808,0.0,0.0,6.869980540310933,0.0,nan,22.749962721169467,nan,0.99609375,0.447265625,2.4688860328904396
2,muon,muon,Muon,,muon,,,both,3.0,nan,nominal,0.02,additive,1.0,nn_ce,2.2504740078131276,3,0,-1,500,500,0.11452518028609042,-2.135948827527037,nan,nan,0.06789430734140559,0.0,0.0,7.050366571333648,0.0,nan,22.914941247165192,nan,0.998046875,0.4375,2.564372725168207
2,muon,muon,Muon,,muon,,,both,3.0,nan,nominal,0.02,additive,1.0,nn_ce,2.2504740078131276,4,0,-1,500,500,0.11021354743830299,-2.1402604603748245,nan,nan,0.06820969280198114,0.0,0.0,6.940938071553022,0.0,nan,23.297264325972012,nan,0.9921875,0.4375,2.7295644654294167
2,muon,muon,Muon,,muon,,,both,3.0,nan,nominal,0.02,additive,1.0,nn_ce,2.2504740078131276,5,0,-1,500,500,0.11757275069510774,-2.1329012571180197,nan,nan,0.0699371578557127,0.0,0.0,7.019095346956396,0.0,nan,23.05418858224129,nan,0.99609375,0.435546875,2.6874790087422946
2,muon,muon,Muon,,muon,,,both,3.0,nan,nominal,0.02,additive,1.0,nn_ce,2.2504740078131276,6,0,-1,500,500,0.11284158015470155,-2.137632427658426,nan,nan,0.06642424071573795,0.0,0.0,6.986272536470276,0.0,nan,22.441309803105934,nan,0.998046875,0.45703125,2.5499570035504355
2,muon,muon,Muon,,muon,,,both,3.0,nan,nominal,0.02,additive,1.0,nn_ce,2.2504740078131276,7,0,-1,500,500,0.1124845945899964,-2.137989413223131,nan,nan,0.06569300263795315,0.0,0.0,6.939023397421749,0.0,nan,23.114321412846706,nan,0.99609375,0.47265625,2.6245280329508733
2,stale-momentum-friendly-spectral-sam-muon,stale-momentum-friendly-spectral-sam-muon,Stale Momentum-Friendly Spectral SAM-Muon,,muon,stale_momentum_friendly,spectral,mnist,2.0,0.05,nominal,0.02,additive,1.0,nn_ce,2.2504740078131276,0,0,-1,500,501,0.2321220221379323,-2.0183519856751952,nan,nan,0.11148093399803585,0.3692734882305264,0.05670586008844592,6.96642419613795,0.0016341073008513118,nan,23.059094068310564,nan,0.9765625,0.427734375,2.442437272716389
2,stale-momentum-friendly-spectral-sam-muon,stale-momentum-friendly-spectral-sam-muon,Stale Momentum-Friendly Spectral SAM-Muon,,muon,stale_momentum_friendly,spectral,mnist,2.0,0.05,nominal,0.02,additive,1.0,nn_ce,2.2504740078131276,1,0,-1,500,501,0.24024356363612348,-2.010230444177004,nan,nan,0.10678748850311882,0.3580305697738757,0.059789295819756415,7.01607476897386,0.002497099430893046,nan,23.391506041827547,nan,0.970703125,0.46875,2.3244784901965474
2,stale-momentum-friendly-spectral-sam-muon,stale-momentum-friendly-spectral-sam-muon,Stale Momentum-Friendly Spectral SAM-Muon,,muon,stale_momentum_friendly,spectral,mnist,2.0,0.05,nominal,0.02,additive,1.0,nn_ce,2.2504740078131276,2,0,-1,500,501,0.2346572874773717,-2.015816720335756,nan,nan,0.11265817749720931,0.3507874178523838,0.056696255435334936,7.0004912330571365,0.0025407342906357266,nan,23.066811225176867,nan,0.986328125,0.43359375,2.352196385683709
2,stale-momentum-friendly-spectral-sam-muon,stale-momentum-friendly-spectral-sam-muon,Stale Momentum-Friendly Spectral SAM-Muon,,muon,stale_momentum_friendly,spectral,mnist,2.0,0.05,nominal,0.02,additive,1.0,nn_ce,2.2504740078131276,3,0,-1,500,501,0.2589272895408403,-1.9915467182722872,nan,nan,0.11757679086705285,0.3506244274013913,0.05999141045143968,6.893242755265451,0.002445388767211565,nan,22.917082731176407,nan,0.962890625,0.46484375,2.3495660385912096
2,stale-momentum-friendly-spectral-sam-muon,stale-momentum-friendly-spectral-sam-muon,Stale Momentum-Friendly Spectral SAM-Muon,,muon,stale_momentum_friendly,spectral,mnist,2.0,0.05,nominal,0.02,additive,1.0,nn_ce,2.2504740078131276,4,0,-1,500,501,0.23505386736571177,-2.0154201404474157,nan,nan,0.11183097620800941,0.3558835292057609,0.056820663584678584,7.064675407430591,0.003233528037517114,nan,23.18768720952226,nan,0.978515625,0.451171875,2.461170431630284
2,stale-momentum-friendly-spectral-sam-muon,stale-momentum-friendly-spectral-sam-muon,Stale Momentum-Friendly Spectral SAM-Muon,,muon,stale_momentum_friendly,spectral,mnist,2.0,0.05,nominal,0.02,additive,1.0,nn_ce,2.2504740078131276,5,0,-1,500,501,0.2285464962254738,-2.021927511587654,nan,nan,0.11284671123428835,0.3578638682371575,0.059810315232246114,6.934528747701891,0.0033292941916988894,nan,23.532216416522658,nan,0.978515625,0.455078125,2.284951977343399
2,stale-momentum-friendly-spectral-sam-muon,stale-momentum-friendly-spectral-sam-muon,Stale Momentum-Friendly Spectral SAM-Muon,,muon,stale_momentum_friendly,spectral,mnist,2.0,0.05,nominal,0.02,additive,1.0,nn_ce,2.2504740078131276,6,0,-1,500,501,0.23543725765023685,-2.0150367501628907,nan,nan,0.10933989536522307,0.35676481098680424,0.060116787194085246,7.05806120308499,0.0018440496804328632,nan,23.31346060310874,nan,0.966796875,0.439453125,2.5271185993429817
2,stale-momentum-friendly-spectral-sam-muon,stale-momentum-friendly-spectral-sam-muon,Stale Momentum-Friendly Spectral SAM-Muon,,muon,stale_momentum_friendly,spectral,mnist,2.0,0.05,nominal,0.02,additive,1.0,nn_ce,2.2504740078131276,7,0,-1,500,501,0.24630300985454337,-2.004170997958584,nan,nan,0.11213806757839725,0.34982798118107566,0.05950887903183391,7.122333052393236,0.0006047435132691403,nan,23.01500898972312,nan,0.974609375,0.451171875,2.4063973074005642
2,stale-momentum-friendly-spectral-sam-muon,stale-momentum-friendly-spectral-sam-muon,Stale Momentum-Friendly Spectral SAM-Muon,,muon,stale_momentum_friendly,spectral,mnist,2.0,1.0,nominal,0.02,additive,1.0,nn_ce,2.2504740078131276,0,0,-1,500,501,0.8407272947489078,-1.4097467130642198,nan,nan,0.28647939837281783,7.38657017900091,1.19817010261482,7.06786569057495,1.4738154741775944,nan,21.253019136041804,nan,0.79296875,0.451171875,1.998563367584766
2,stale-momentum-friendly-spectral-sam-muon,stale-momentum-friendly-spectral-sam-muon,Stale Momentum-Friendly Spectral SAM-Muon,,muon,stale_momentum_friendly,spectral,mnist,2.0,1.0,nominal,0.02,additive,1.0,nn_ce,2.2504740078131276,1,0,-1,500,501,0.8560923652791328,-1.3943816425339948,nan,nan,0.2782062788599354,7.0238669303355,1.1666771240163951,7.041348725388317,1.0714381551004843,nan,22.15639132113969,nan,0.771484375,0.494140625,1.9918601888924263
2,stale-momentum-friendly-spectral-sam-muon,stale-momentum-friendly-spectral-sam-muon,Stale Momentum-Friendly Spectral SAM-Muon,,muon,stale_momentum_friendly,spectral,mnist,2.0,1.0,nominal,0.02,additive,1.0,nn_ce,2.2504740078131276,2,0,-1,500,501,0.8922631344763581,-1.3582108733367695,nan,nan,0.2996795942063157,7.158249245516626,1.1846251072448852,7.037575188761393,1.4450213160932295,nan,21.319058813984693,nan,0.763671875,0.4609375,2.0479348266418054
2,stale-momentum-friendly-spectral-sam-muon,stale-momentum-friendly-spectral-sam-muon,Stale Momentum-Friendly Spectral SAM-Muon,,muon,stale_momentum_friendly,spectral,mnist,2.0,1.0,nominal,0.02,additive,1.0,nn_ce,2.2504740078131276,3,0,-1,500,501,0.8609274621240003,-1.3895465456891274,nan,nan,0.2810577690921064,7.004048762388647,1.2009655994866952,6.981614551293508,1.2150716944283304,nan,21.786148885075754,nan,0.791015625,0.4453125,2.0214830523065466
2,stale-momentum-friendly-spectral-sam-muon,stale-momentum-friendly-spectral-sam-muon,Stale Momentum-Friendly Spectral SAM-Muon,,muon,stale_momentum_friendly,spectral,mnist,2.0,1.0,nominal,0.02,additive,1.0,nn_ce,2.2504740078131276,4,0,-1,500,501,0.8086662796089025,-1.4418077282042252,nan,nan,0.29137572518169724,7.168922568497722,1.193086375168421,6.970672746493759,1.265721067803931,nan,21.991367916974127,nan,0.78125,0.46484375,2.0776013390822334
2,stale-momentum-friendly-spectral-sam-muon,stale-momentum-friendly-spectral-sam-muon,Stale Momentum-Friendly Spectral SAM-Muon,,muon,stale_momentum_friendly,spectral,mnist,2.0,1.0,nominal,0.02,additive,1.0,nn_ce,2.2504740078131276,5,0,-1,500,501,0.8587545960331276,-1.39171941178,nan,nan,0.30460186917733184,7.043805087181946,1.1342735315425512,7.272022943600636,1.210111328064917,nan,22.52663172273686,nan,0.775390625,0.4609375,2.041686182716992
2,stale-momentum-friendly-spectral-sam-muon,stale-momentum-friendly-spectral-sam-muon,Stale Momentum-Friendly Spectral SAM-Muon,,muon,stale_momentum_friendly,spectral,mnist,2.0,1.0,nominal,0.02,additive,1.0,nn_ce,2.2504740078131276,6,0,-1,500,501,0.8368948756458326,-1.4135791321672948,nan,nan,0.29680619593971147,7.217600687633241,1.1339829943976367,7.083965651739359,1.189009736526801,nan,21.935636380365,nan,0.791015625,0.455078125,2.0740704427200747
2,stale-momentum-friendly-spectral-sam-muon,stale-momentum-friendly-spectral-sam-muon,Stale Momentum-Friendly Spectral SAM-Muon,,muon,stale_momentum_friendly,spectral,mnist,2.0,1.0,nominal,0.02,additive,1.0,nn_ce,2.2504740078131276,7,0,-1,500,501,0.8795222636831245,-1.3709517441300032,nan,nan,0.3023781486134297,6.946339259253981,1.1342100976789335,6.878079141358276,1.2221805440221423,nan,21.875359570337533,nan,0.75390625,0.462890625,2.0284073917174923
2,stale-friendly-spectral-sam-muon,stale-friendly-spectral-sam-muon,Stale Friendly Spectral SAM-Muon,,muon,stale_friendly,spectral,mnist,2.0,0.5,nominal,0.02,additive,1.0,nn_ce,2.2504740078131276,0,0,-1,500,501,0.35366825507170063,-1.896805752741427,nan,nan,0.1515670118417026,3.6416410324436193,0.5667961718973826,7.1678305608851876,0.28565001537,nan,22.59346929940222,nan,0.923828125,0.453125,2.2613836864828527
2,stale-friendly-spectral-sam-muon,stale-friendly-spectral-sam-muon,Stale Friendly Spectral SAM-Muon,,muon,stale_friendly,spectral,mnist,2.0,0.5,nominal,0.02,additive,1.0,nn_ce,2.2504740078131276,1,0,-1,500,501,0.3528640382574462,-1.8976099695556814,nan,nan,0.15819410934880793,3.561424784370476,0.5669335543012642,7.089092085667323,0.4349712065810272,nan,23.106678529857135,nan,0.9296875,0.48046875,2.0926019903582613
2,stale-friendly-spectral-sam-muon,stale-friendly-spectral-sam-muon,Stale Friendly Spectral SAM-Muon,,muon,stale_friendly,spectral,mnist,2.0,0.5,nominal,0.02,additive,1.0,nn_ce,2.2504740078131276,2,0,-1,500,501,0.3591487447500339,-1.8913252630630937,nan,nan,0.15768046691613502,3.558312653075799,0.5664008948371265,6.96942613447373,0.3311188906463526,nan,22.689673262076333,nan,0.919921875,0.46484375,2.1356881665581806
2,stale-friendly-spectral-sam-muon,stale-friendly-spectral-sam-muon,Stale Friendly Spectral SAM-Muon,,muon,stale_friendly,spectral,mnist,2.0,0.5,nominal,0.02,additive,1.0,nn_ce,2.2504740078131276,3,0,-1,500,501,0.3912832327815851,-1.8591907750315424,nan,nan,0.15832653860767784,3.4899096145847492,0.567174127362273,6.944493344894152,0.48057081522868944,nan,22.80042011275447,nan,0.90625,0.458984375,2.129491293591448
2,stale-friendly-spectral-sam-muon,stale-friendly-spectral-sam-muon,Stale Friendly Spectral SAM-Muon,,muon,stale_friendly,spectral,mnist,2.0,0.5,nominal,0.02,additive,1.0,nn_ce,2.2504740078131276,4,0,-1,500,501,0.35692830606082426,-1.8935457017523034,nan,nan,0.15457932036439767,3.483787907089492,0.5670843701779208,7.005757830396182,0.23451921575010165,nan,22.821980250175027,nan,0.9375,0.443359375,2.2646092176672106
2,stale-friendly-spectral-sam-muon,stale-friendly-spectral-sam-muon,Stale Friendly Spectral SAM-Muon,,muon,stale_friendly,spectral,mnist,2.0,0.5,nominal,0.02,additive,1.0,nn_ce,2.2504740078131276,5,0,-1,500,501,0.32861214899110686,-1.9218618588220207,nan,nan,0.1592643892779161,3.496841897160888,0.5927792591210608,6.887033910980379,0.3302344693387565,nan,23.635688408966054,nan,0.9296875,0.482421875,2.116148929544302
2,stale-friendly-spectral-sam-muon,stale-friendly-spectral-sam-muon,Stale Friendly Spectral SAM-Muon,,muon,stale_friendly,spectral,mnist,2.0,0.5,nominal,0.02,additive,1.0,nn_ce,2.2504740078131276,6,0,-1,500,501,0.34720559587680094,-1.9032684119363266,nan,nan,0.16612513996103426,3.5919515706779155,0.5669557865463825,7.044268450175737,0.26584464895017573,nan,23.37353506683532,nan,0.921875,0.47265625,2.2860595914313864
2,stale-friendly-spectral-sam-muon,stale-friendly-spectral-sam-muon,Stale Friendly Spectral SAM-Muon,,muon,stale_friendly,spectral,mnist,2.0,0.5,nominal,0.02,additive,1.0,nn_ce,2.2504740078131276,7,0,-1,500,501,0.37244290015435244,-1.8780311076587752,nan,nan,0.14720087603169812,3.5471975864043563,0.5850583051723489,6.950017324585625,0.24649477957852206,nan,22.852491803000277,nan,0.9140625,0.453125,2.171362484883352
2,random-spectral-sam-muon,random-spectral-sam-muon,Random Spectral SAM-Muon,,muon,random,spectral,mnist,3.0,0.01,nominal,0.02,additive,1.0,nn_ce,2.2504740078131276,0,0,-1,500,500,0.11990077819475989,-2.1305732296183675,nan,nan,0.06981753942608082,0.06957722712022703,0.011359971143379886,6.859688615364564,0.00011128514102530518,nan,23.520778524285028,nan,0.9921875,0.44921875,2.649189046434777
2,random-spectral-sam-muon,random-spectral-sam-muon,Random Spectral SAM-Muon,,muon,random,spectral,mnist,3.0,0.01,nominal,0.02,additive,1.0,nn_ce,2.2504740078131276,1,0,-1,500,500,0.10822146301781162,-2.142252544795316,nan,nan,0.06415098801088102,0.0685903239816387,0.011963067257832981,6.8393729648324495,-7.515134529313683e-05,nan,22.94154277087706,nan,0.998046875,0.416015625,2.647129544482097
2,random-spectral-sam-muon,random-spectral-sam-muon,Random Spectral SAM-Muon,,muon,random,spectral,mnist,3.0,0.01,nominal,0.02,additive,1.0,nn_ce,2.2504740078131276,2,0,-1,500,500,0.11529303650123873,-2.1351809713118888,nan,nan,0.07113853457870968,0.06940168222396904,0.011558419476451401,6.880805646698413,0.00012569143196848598,nan,22.76110463211004,nan,0.99609375,0.4453125,2.468434973940133
2,random-spectral-sam-muon,random-spectral-sam-muon,Random Spectral SAM-Muon,,muon,random,spectral,mnist,3.0,0.01,nominal,0.02,additive,1.0,nn_ce,2.2504740078131276,3,0,-1,500,500,0.11301256439631989,-2.1374614434168078,nan,nan,0.06746188209811547,0.06883444382160811,0.011341957465147382,7.062767331298631,0.0001087063024474283,nan,22.92363960061098,nan,0.998046875,0.44921875,2.5616014509146754
2,random-spectral-sam-muon,random-spectral-sam-muon,Random Spectral SAM-Muon,,muon,random,spectral,mnist,3.0,0.01,nominal,0.02,additive,1.0,nn_ce,2.2504740078131276,4,0,-1,500,500,0.11268653970449699,-2.1377874681086304,nan,nan,0.06857534728869548,0.0687547018787303,0.011335533438639684,6.954861827418877,-1.3446562310448495e-05,nan,23.232353450435458,nan,0.9921875,0.4375,2.7187052146503357
2,random-spectral-sam-muon,random-spectral-sam-muon,Random Spectral SAM-Muon,,muon,random,spectral,mnist,3.0,0.01,nominal,0.02,additive,1.0,nn_ce,2.2504740078131276,5,0,-1,500,500,0.11607011992147365,-2.134403887891654,nan,nan,0.06859497765218787,0.06958571442807049,0.011334680971934187,7.056490596170761,7.188913981108491e-05,nan,23.04056217608281,nan,0.994140625,0.43359375,2.651005779555353
2,random-spectral-sam-muon,random-spectral-sam-muon,Random Spectral SAM-Muon,,muon,random,spectral,mnist,3.0,0.01,nominal,0.02,additive,1.0,nn_ce,2.2504740078131276,6,0,-1,500,500,0.11516517437406834,-2.1353088334390593,nan,nan,0.06656301697512544,0.0685241039041963,0.011332332772076011,6.934275171708478,1.3189336157945486e-05,nan,22.387278124744835,nan,0.998046875,0.47265625,2.5335426462946593
2,random-spectral-sam-muon,random-spectral-sam-muon,Random Spectral SAM-Muon,,muon,random,spectral,mnist,3.0,0.01,nominal,0.02,additive,1.0,nn_ce,2.2504740078131276,7,0,-1,500,500,0.11310760679869006,-2.1373664010144373,nan,nan,0.06587257261992083,0.06839002301602048,0.012020712052588112,6.951290482714049,0.0001019494000189386,nan,23.13960971086385,nan,0.99609375,0.48046875,2.6197519537222167
2,random-spectral-sam-muon,random-spectral-sam-muon,Random Spectral SAM-Muon,,muon,random,spectral,mnist,3.0,0.02,nominal,0.02,additive,1.0,nn_ce,2.2504740078131276,0,0,-1,500,500,0.11966397260220424,-2.1308100352109234,nan,nan,0.07040634333350909,0.13915445424045406,0.022719942286759772,6.894683004054928,0.0003651044498261674,nan,23.48174072824927,nan,0.9921875,0.447265625,2.64881307429555
2,random-spectral-sam-muon,random-spectral-sam-muon,Random Spectral SAM-Muon,,muon,random,spectral,mnist,3.0,0.02,nominal,0.02,additive,1.0,nn_ce,2.2504740078131276,1,0,-1,500,500,0.10854521766140914,-2.1419287901517183,nan,nan,0.06482269100136177,0.1371806479632774,0.023926134515665963,6.784715951237183,-5.67238947828258e-05,nan,22.907982627401505,nan,0.998046875,0.423828125,2.65508323325424
2,random-spectral-sam-muon,random-spectral-sam-muon,Random Spectral SAM-Muon,,muon,random,spectral,mnist,3.0,0.02,nominal,0.02,additive,1.0,nn_ce,2.2504740078131276,2,0,-1,500,500,0.11444054359440171,-2.136033464218726,nan,nan,0.0703449270295412,0.1388033644479381,0.023116838952902802,6.858849465616773,0.00036460742184084294,nan,22.719135639020514,nan,0.99609375,0.453125,2.49782532053563
2,random-spectral-sam-muon,random-spectral-sam-muon,Random Spectral SAM-Muon,,muon,random,spectral,mnist,3.0,0.02,nominal,0.02,additive,1.0,nn_ce,2.2504740078131276,3,0,-1,500,500,0.11140844553330187,-2.139065562279826,nan,nan,0.06771910364623855,0.13766888764321622,0.022683914930294764,7.045157692550147,0.0002352601902653878,nan,22.890998246736665,nan,0.998046875,0.443359375,2.5569507387541597
2,random-spectral-sam-muon,random-spectral-sam-muon,Random Spectral SAM-Muon,,muon,random,spectral,mnist,3.0,0.02,nominal,0.02,additive,1.0,nn_ce,2.2504740078131276,4,0,-1,500,500,0.11359290865242147,-2.136881099160706,nan,nan,0.06865469438857105,0.1375094037574606,0.022671066877279367,6.988684246158428,1.3581237380586031e-05,nan,23.210083149201193,nan,0.9921875,0.43359375,2.715395177987011
2,random-spectral-sam-muon,random-spectral-sam-muon,Random Spectral SAM-Muon,,muon,random,spectral,mnist,3.0,0.02,nominal,0.02,additive,1.0,nn_ce,2.2504740078131276,5,0,-1,500,500,0.11691926094949678,-2.1335547468636307,nan,nan,0.06888094291919168,0.13917142885614098,0.022669361943868375,7.066604071633008,0.00022690951944732973,nan,23.05772360820686,nan,0.9921875,0.421875,2.6740740903472076
2,random-spectral-sam-muon,random-spectral-sam-muon,Random Spectral SAM-Muon,,muon,random,spectral,mnist,3.0,0.02,nominal,0.02,additive,1.0,nn_ce,2.2504740078131276,6,0,-1,500,500,0.11157654731961852,-2.138897460493509,nan,nan,0.06537327859389871,0.1370482078083926,0.022664665544152023,6.919864324868257,9.091033886378386e-05,nan,22.460258289457467,nan,0.998046875,0.470703125,2.5588943125748553
2,random-spectral-sam-muon,random-spectral-sam-muon,Random Spectral SAM-Muon,,muon,random,spectral,mnist,3.0,0.02,nominal,0.02,additive,1.0,nn_ce,2.2504740078131276,7,0,-1,500,500,0.11491704834364866,-2.1355569594694788,nan,nan,0.06659588158766375,0.13678004603204097,0.024041424105176224,6.97189068936105,0.0002327729846292037,nan,23.17293506142344,nan,0.994140625,0.462890625,2.639099449025562
2,stale-momentum-friendly-spectral-sam-muon,stale-momentum-friendly-spectral-sam-muon,Stale Momentum-Friendly Spectral SAM-Muon,,muon,stale_momentum_friendly,spectral,mnist,2.0,0.2,nominal,0.02,additive,1.0,nn_ce,2.2504740078131276,0,0,-1,500,501,0.23826765340620895,-2.0122063544069184,nan,nan,0.1136955655112923,1.501712036841235,0.23784424619818292,7.021311570234073,0.052606957754988026,nan,23.088181891485462,nan,0.970703125,0.451171875,2.431440588924821
2,stale-momentum-friendly-spectral-sam-muon,stale-momentum-friendly-spectral-sam-muon,Stale Momentum-Friendly Spectral SAM-Muon,,muon,stale_momentum_friendly,spectral,mnist,2.0,0.2,nominal,0.02,additive,1.0,nn_ce,2.2504740078131276,1,0,-1,500,501,0.25583878874034405,-1.9946352190727836,nan,nan,0.11372725378533619,1.408092602887316,0.22670761564738082,6.957545245647534,0.04156086948506055,nan,23.28516479258798,nan,0.970703125,0.470703125,2.2924946280827556
2,stale-momentum-friendly-spectral-sam-muon,stale-momentum-friendly-spectral-sam-muon,Stale Momentum-Friendly Spectral SAM-Muon,,muon,stale_momentum_friendly,spectral,mnist,2.0,0.2,nominal,0.02,additive,1.0,nn_ce,2.2504740078131276,2,0,-1,500,501,0.25158339402089797,-1.9988906137922295,nan,nan,0.11849799115409773,1.4163002688258275,0.2353273225775987,6.939208795923148,0.04556747959031593,nan,22.983524041830332,nan,0.97265625,0.458984375,2.273181661427304
2,stale-momentum-friendly-spectral-sam-muon,stale-momentum-friendly-spectral-sam-muon,Stale Momentum-Friendly Spectral SAM-Muon,,muon,stale_momentum_friendly,spectral,mnist,2.0,0.2,nominal,0.02,additive,1.0,nn_ce,2.2504740078131276,3,0,-1,500,501,0.28076099697591644,-1.9697130108372112,nan,nan,0.12430459856786358,1.4009240968512353,0.226630980469783,6.958255947880016,0.05003594201160694,nan,22.97573882688024,nan,0.94921875,0.46875,2.2544688597238602
2,stale-momentum-friendly-spectral-sam-muon,stale-momentum-friendly-spectral-sam-muon,Stale Momentum-Friendly Spectral SAM-Muon,,muon,stale_momentum_friendly,spectral,mnist,2.0,0.2,nominal,0.02,additive,1.0,nn_ce,2.2504740078131276,4,0,-1,500,501,0.24801811159988424,-2.0024558962132435,nan,nan,0.11665541064733971,1.4308731297565145,0.22686767509903913,7.093785964091865,0.05986131998492131,nan,23.200396463101775,nan,0.970703125,0.453125,2.431123516116271
2,stale-momentum-friendly-spectral-sam-muon,stale-momentum-friendly-spectral-sam-muon,Stale Momentum-Friendly Spectral SAM-Muon,,muon,stale_momentum_friendly,spectral,mnist,2.0,0.2,nominal,0.02,additive,1.0,nn_ce,2.2504740078131276,5,0,-1,500,501,0.2344687474814922,-2.016005260331635,nan,nan,0.11330375648851371,1.414715916407897,0.2328687816631839,6.963779079554421,0.04160329904074228,nan,23.619071683986025,nan,0.9765625,0.455078125,2.2676349812719887
2,stale-momentum-friendly-spectral-sam-muon,stale-momentum-friendly-spectral-sam-muon,Stale Momentum-Friendly Spectral SAM-Muon,,muon,stale_momentum_friendly,spectral,mnist,2.0,0.2,nominal,0.02,additive,1.0,nn_ce,2.2504740078131276,6,0,-1,500,501,0.2461178072068324,-2.004356200606295,nan,nan,0.1165714296442805,1.4224094241166918,0.24005714458105937,6.953402660683946,0.0328898531717885,nan,23.361569868381075,nan,0.95703125,0.451171875,2.473576339924077
2,stale-momentum-friendly-spectral-sam-muon,stale-momentum-friendly-spectral-sam-muon,Stale Momentum-Friendly Spectral SAM-Muon,,muon,stale_momentum_friendly,spectral,mnist,2.0,0.2,nominal,0.02,additive,1.0,nn_ce,2.2504740078131276,7,0,-1,500,501,0.2617382545717065,-1.988735753241421,nan,nan,0.11632056472199433,1.4108638409890706,0.2383391801379463,7.10049546543337,0.029959270190304144,nan,23.102453238876784,nan,0.96875,0.44921875,2.357471099419614
2,stale-momentum-friendly-spectral-sam-muon,stale-momentum-friendly-spectral-sam-muon,Stale Momentum-Friendly Spectral SAM-Muon,,muon,stale_momentum_friendly,spectral,mnist,2.0,0.01,nominal,0.02,additive,1.0,nn_ce,2.2504740078131276,0,0,-1,500,501,0.2317433183109952,-2.0187306895021324,nan,nan,0.11198246615984347,0.07446653942707938,0.011951716494657148,6.981788927525192,-0.00010412778305263215,nan,22.908911109059513,nan,0.978515625,0.423828125,2.454817798257944
2,stale-momentum-friendly-spectral-sam-muon,stale-momentum-friendly-spectral-sam-muon,Stale Momentum-Friendly Spectral SAM-Muon,,muon,stale_momentum_friendly,spectral,mnist,2.0,0.01,nominal,0.02,additive,1.0,nn_ce,2.2504740078131276,1,0,-1,500,501,0.23623889828895167,-2.0142351095241757,nan,nan,0.10642680336641057,0.07140490477567411,0.012022977354657969,7.024894267276357,0.00016196805485360621,nan,23.398862748250753,nan,0.97265625,0.47265625,2.3259309839453497
2,stale-momentum-friendly-spectral-sam-muon,stale-momentum-friendly-spectral-sam-muon,Stale Momentum-Friendly Spectral SAM-Muon,,muon,stale_momentum_friendly,spectral,mnist,2.0,0.01,nominal,0.02,additive,1.0,nn_ce,2.2504740078131276,2,0,-1,500,501,0.23416507526833538,-2.016308932544792,nan,nan,0.11193011399167674,0.07029844796182907,0.01202339626330917,6.917687493630348,0.00021223914345244732,nan,23.14564033646413,nan,0.990234375,0.43359375,2.3652183918346603
2,stale-momentum-friendly-spectral-sam-muon,stale-momentum-friendly-spectral-sam-muon,Stale Momentum-Friendly Spectral SAM-Muon,,muon,stale_momentum_friendly,spectral,mnist,2.0,0.01,nominal,0.02,additive,1.0,nn_ce,2.2504740078131276,3,0,-1,500,501,0.2555616023875538,-1.9949124054255738,nan,nan,0.11666571350396623,0.06991141890778153,0.011780349565848607,6.861974233246519,5.300805869717928e-05,nan,22.986552524130094,nan,0.97265625,0.453125,2.3435933466342944
2,stale-momentum-friendly-spectral-sam-muon,stale-momentum-friendly-spectral-sam-muon,Stale Momentum-Friendly Spectral SAM-Muon,,muon,stale_momentum_friendly,spectral,mnist,2.0,0.01,nominal,0.02,additive,1.0,nn_ce,2.2504740078131276,4,0,-1,500,501,0.2382230021591935,-2.012251005653934,nan,nan,0.11151637853038501,0.07139963616061111,0.01202187830655574,7.015581803202041,0.00015819178754547525,nan,23.256641873893056,nan,0.9765625,0.4453125,2.4946704722618063
2,stale-momentum-friendly-spectral-sam-muon,stale-momentum-friendly-spectral-sam-muon,Stale Momentum-Friendly Spectral SAM-Muon,,muon,stale_momentum_friendly,spectral,mnist,2.0,0.01,nominal,0.02,additive,1.0,nn_ce,2.2504740078131276,5,0,-1,500,501,0.22808042804378592,-2.0223935797693415,nan,nan,0.11221067885511105,0.07028955540015921,0.011343296758144127,6.961043773841211,0.0003266380188667317,nan,23.531818384027034,nan,0.978515625,0.462890625,2.29341720057675
2,stale-momentum-friendly-spectral-sam-muon,stale-momentum-friendly-spectral-sam-muon,Stale Momentum-Friendly Spectral SAM-Muon,,muon,stale_momentum_friendly,spectral,mnist,2.0,0.01,nominal,0.02,additive,1.0,nn_ce,2.2504740078131276,6,0,-1,500,501,0.2330039409599668,-2.0174700668531607,nan,nan,0.1082691821611592,0.07133992662433236,0.011772643724692434,7.041971830807665,-3.606921546703279e-05,nan,23.275797879272446,nan,0.96875,0.44921875,2.5028679543539
2,stale-momentum-friendly-spectral-sam-muon,stale-momentum-friendly-spectral-sam-muon,Stale Momentum-Friendly Spectral SAM-Muon,,muon,stale_momentum_friendly,spectral,mnist,2.0,0.01,nominal,0.02,additive,1.0,nn_ce,2.2504740078131276,7,0,-1,500,501,0.24782301828358302,-2.0026509895295446,nan,nan,0.11226152974930921,0.06952958914879173,0.011847876597405665,7.045892899734021,-0.00016068547634051633,nan,23.018030397952742,nan,0.9765625,0.45703125,2.3782037035350454
2,random-spectral-sam-muon,random-spectral-sam-muon,Random Spectral SAM-Muon,,muon,random,spectral,mnist,3.0,1.0,nominal,0.02,additive,1.0,nn_ce,2.2504740078131276,0,0,-1,500,500,0.2559763825549069,-1.9944976252582207,nan,nan,0.14074598475542927,6.957722712022702,1.1359971143379883,6.988743189323677,0.515835246888152,nan,22.259301288500662,nan,0.9375,0.462890625,2.3738769942883025
2,random-spectral-sam-muon,random-spectral-sam-muon,Random Spectral SAM-Muon,,muon,random,spectral,mnist,3.0,1.0,nominal,0.02,additive,1.0,nn_ce,2.2504740078131276,1,0,-1,500,500,0.2739861655224124,-1.976487842290715,nan,nan,0.1461187098339783,6.85903239816387,1.1963067257832978,7.058912219003734,0.4674839908879512,nan,21.81044789663601,nan,0.93359375,0.4609375,2.3376839983057525
2,random-spectral-sam-muon,random-spectral-sam-muon,Random Spectral SAM-Muon,,muon,random,spectral,mnist,3.0,1.0,nominal,0.02,additive,1.0,nn_ce,2.2504740078131276,2,0,-1,500,500,0.27777768509995254,-1.972696322713175,nan,nan,0.18302663248157455,6.940168222396903,1.1558419476451398,6.938666749035567,0.43060936403916616,nan,21.796164280003737,nan,0.91796875,0.46875,2.255394366622397
2,random-spectral-sam-muon,random-spectral-sam-muon,Random Spectral SAM-Muon,,muon,random,spectral,mnist,3.0,1.0,nominal,0.02,additive,1.0,nn_ce,2.2504740078131276,3,0,-1,500,500,0.28908263321239724,-1.9613913746007303,nan,nan,0.16488471950151773,6.883444382160811,1.1341957465147385,6.983496149528041,0.5013877769790998,nan,21.70718296117609,nan,0.935546875,0.4765625,2.181926170800418
2,random-spectral-sam-muon,random-spectral-sam-muon,Random Spectral SAM-Muon,,muon,random,spectral,mnist,3.0,1.0,nominal,0.02,additive,1.0,nn_ce,2.2504740078131276,4,0,-1,500,500,0.23707172854125116,-2.0134022792718764,nan,nan,0.1470050503647831,6.875470187873029,1.1335533438639684,7.095689900625234,0.3955710036598603,nan,21.99049883722433,nan,0.951171875,0.462890625,2.410544932215653
2,random-spectral-sam-muon,random-spectral-sam-muon,Random Spectral SAM-Muon,,muon,random,spectral,mnist,3.0,1.0,nominal,0.02,additive,1.0,nn_ce,2.2504740078131276,5,0,-1,500,500,0.2789078905565859,-1.9715661172565417,nan,nan,0.15330354915422162,6.958571442807048,1.1334680971934192,7.072193941921167,0.5075704746818244,nan,21.986588414288242,nan,0.943359375,0.484375,2.337187797138874
2,random-spectral-sam-muon,random-spectral-sam-muon,Random Spectral SAM-Muon,,muon,random,spectral,mnist,3.0,1.0,nominal,0.02,additive,1.0,nn_ce,2.2504740078131276,6,0,-1,500,500,0.29325565872418174,-1.9572183490889459,nan,nan,0.15992983015508258,6.852410390419631,1.133233277207601,7.185346352878344,0.3753583893853202,nan,21.373624933290085,nan,0.919921875,0.4765625,2.1612416167578132
2,random-spectral-sam-muon,random-spectral-sam-muon,Random Spectral SAM-Muon,,muon,random,spectral,mnist,3.0,1.0,nominal,0.02,additive,1.0,nn_ce,2.2504740078131276,7,0,-1,500,500,0.2646184260954346,-1.985855581717693,nan,nan,0.14974456105194173,6.839002301602051,1.202071205258811,7.062200058808032,0.47467669197190343,nan,22.133827800522855,nan,0.94921875,0.48046875,2.244884854309805
2,random-spectral-sam-muon,random-spectral-sam-muon,Random Spectral SAM-Muon,,muon,random,spectral,mnist,3.0,0.05,nominal,0.02,additive,1.0,nn_ce,2.2504740078131276,0,0,-1,500,500,0.12021344605550335,-2.1302605617576242,nan,nan,0.07070957656387118,0.3478861356011352,0.05679985571689944,6.8858570795484555,0.0013449231824319147,nan,23.445920890620513,nan,0.990234375,0.44921875,2.661921174859188
2,random-spectral-sam-muon,random-spectral-sam-muon,Random Spectral SAM-Muon,,muon,random,spectral,mnist,3.0,0.05,nominal,0.02,additive,1.0,nn_ce,2.2504740078131276,1,0,-1,500,500,0.1070014570441859,-2.1434725507689416,nan,nan,0.06467356288299271,0.34295161990819356,0.059815336289164904,6.796326268247914,0.0005000915861070182,nan,23.049661526710867,nan,1.0,0.42578125,2.6629706229604047
2,random-spectral-sam-muon,random-spectral-sam-muon,Random Spectral SAM-Muon,,muon,random,spectral,mnist,3.0,0.05,nominal,0.02,additive,1.0,nn_ce,2.2504740078131276,2,0,-1,500,500,0.11534268430229319,-2.1351313235108345,nan,nan,0.07077243129585972,0.3470084111198452,0.057792097382257,6.834342077993966,0.0013705961868210742,nan,22.707088163572564,nan,0.994140625,0.443359375,2.489301206307434
2,random-spectral-sam-muon,random-spectral-sam-muon,Random Spectral SAM-Muon,,muon,random,spectral,mnist,3.0,0.05,nominal,0.02,additive,1.0,nn_ce,2.2504740078131276,3,0,-1,500,500,0.11145000400242717,-2.1390240038107002,nan,nan,0.0674815730084371,0.3441722191080406,0.05670978732573691,6.944391561588893,0.0012008825395786737,nan,22.961433917142507,nan,0.99609375,0.439453125,2.53866507259489
2,random-spectral-sam-muon,random-spectral-sam-muon,Random Spectral SAM-Muon,,muon,random,spectral,mnist,3.0,0.05,nominal,0.02,additive,1.0,nn_ce,2.2504740078131276,4,0,-1,500,500,0.11413963507048344,-2.136334372742644,nan,nan,0.06907373769025617,0.3437735093936514,0.05667766719319842,6.972644956408335,0.0005015745233323404,nan,23.221638068079784,nan,0.9921875,0.44140625,2.6890626154619266
2,random-spectral-sam-muon,random-spectral-sam-muon,Random Spectral SAM-Muon,,muon,random,spectral,mnist,3.0,0.05,nominal,0.02,additive,1.0,nn_ce,2.2504740078131276,5,0,-1,500,500,0.1153246967095732,-2.135149311103554,nan,nan,0.06857882068923421,0.3479285721403525,0.05667340485967094,7.003804835191853,0.0012531289464797618,nan,23.055461953315316,nan,0.9921875,0.42578125,2.670876644168956
2,random-spectral-sam-muon,random-spectral-sam-muon,Random Spectral SAM-Muon,,muon,random,spectral,mnist,3.0,0.05,nominal,0.02,additive,1.0,nn_ce,2.2504740078131276,6,0,-1,500,500,0.11098822166635416,-2.1394857861467735,nan,nan,0.06488320317495237,0.3426205195209816,0.05666166386038005,6.932788141003151,0.0007998955689475645,nan,22.43314124010901,nan,0.998046875,0.455078125,2.570067288025693
2,random-spectral-sam-muon,random-spectral-sam-muon,Random Spectral SAM-Muon,,muon,random,spectral,mnist,3.0,0.05,nominal,0.02,additive,1.0,nn_ce,2.2504740078131276,7,0,-1,500,500,0.11409124103727561,-2.136382766775852,nan,nan,0.0658034765752796,0.34195011508010253,0.06010356026294056,6.867536056062144,0.0012286904444535202,nan,23.16943580518152,nan,0.99609375,0.4765625,2.6152932004579377
2,full-spectral-sam-muon,full-spectral-sam-muon,Full Spectral SAM-Muon,,muon,grad,spectral,both,3.0,0.02,nominal,0.02,additive,1.0,nn_ce,2.2504740078131276,0,0,-1,500,1000,0.12166264221740776,-2.1288113655957197,nan,nan,0.06921658174758058,0.13721938571674913,0.02268711464381285,6.872681489402085,0.0005600485356996171,nan,23.396554650123864,nan,0.990234375,0.435546875,2.602086781862993
2,full-spectral-sam-muon,full-spectral-sam-muon,Full Spectral SAM-Muon,,muon,grad,spectral,both,3.0,0.02,nominal,0.02,additive,1.0,nn_ce,2.2504740078131276,1,0,-1,500,1000,0.10900595177826536,-2.1414680560348622,nan,nan,0.06394587606494849,0.13800706125756185,0.02268669336358779,6.8082865671790165,0.000288336936387662,nan,22.834210138155587,nan,0.998046875,0.423828125,2.641079831612864
2,full-spectral-sam-muon,full-spectral-sam-muon,Full Spectral SAM-Muon,,muon,grad,spectral,both,3.0,0.02,nominal,0.02,additive,1.0,nn_ce,2.2504740078131276,2,0,-1,500,1000,0.11276717016379006,-2.1377068376493376,nan,nan,0.06732378603544126,0.13834435265769415,0.022686909686379243,6.84994969383041,0.00033982760337572526,nan,22.761717500069654,nan,0.99609375,0.451171875,2.4612887796692924
2,full-spectral-sam-muon,full-spectral-sam-muon,Full Spectral SAM-Muon,,muon,grad,spectral,both,3.0,0.02,nominal,0.02,additive,1.0,nn_ce,2.2504740078131276,3,0,-1,500,1000,0.11170435569745947,-2.138769652115668,nan,nan,0.06598518083694536,0.14228473458121196,0.023838092509999503,7.096008150415435,0.00035151850679632224,nan,22.892237912793394,nan,0.998046875,0.4453125,2.5275515429542117
2,full-spectral-sam-muon,full-spectral-sam-muon,Full Spectral SAM-Muon,,muon,grad,spectral,both,3.0,0.02,nominal,0.02,additive,1.0,nn_ce,2.2504740078131276,4,0,-1,500,1000,0.11326564356283704,-2.1372083642502906,nan,nan,0.067212331629148,0.14101571579728456,0.023667699098049215,6.9592235923760395,4.454237762629987e-06,nan,23.21158170408301,nan,0.9921875,0.43359375,2.675211491694205
2,full-spectral-sam-muon,full-spectral-sam-muon,Full Spectral SAM-Muon,,muon,grad,spectral,both,3.0,0.02,nominal,0.02,additive,1.0,nn_ce,2.2504740078131276,5,0,-1,500,1000,0.1168856416674855,-2.1335883661456423,nan,nan,0.06721941852908286,0.139493915104166,0.022677110120287832,7.082829728108583,0.0006846398672881171,nan,23.006481419479268,nan,0.994140625,0.435546875,2.663393390848899
2,full-spectral-sam-muon,full-spectral-sam-muon,Full Spectral SAM-Muon,,muon,grad,spectral,both,3.0,0.02,nominal,0.02,additive,1.0,nn_ce,2.2504740078131276,6,0,-1,500,1000,0.1138376015160604,-2.1366364062970673,nan,nan,0.06586103854749822,0.1372099783813302,0.022889502758934012,6.9183695927955915,0.0002190721955407371,nan,22.466592007712936,nan,0.99609375,0.466796875,2.5376160474919205
2,full-spectral-sam-muon,full-spectral-sam-muon,Full Spectral SAM-Muon,,muon,grad,spectral,both,3.0,0.02,nominal,0.02,additive,1.0,nn_ce,2.2504740078131276,7,0,-1,500,1000,0.11473632080124484,-2.1357376870118827,nan,nan,0.06476247080027024,0.1419850856360046,0.023938027004051968,6.976698601582491,0.00044593684300923975,nan,23.063999904062836,nan,0.994140625,0.46875,2.575181055534475
2,lazy-spectral-sam-muon,lazy-spectral-sam-muon,Lazy Spectral SAM-Muon (Atlas),,muon,stale_update,raw,both,3.0,0.01,nominal,0.02,additive,1.0,nn_ce,2.2504740078131276,0,0,-1,500,501,0.12171738806482674,-2.1287566197483008,nan,nan,0.07093566954227247,0.06972730327093536,0.011343057058645736,6.905897631657267,0.001227587313556655,nan,23.51887589391995,nan,0.9921875,0.455078125,2.6420798029235657
2,lazy-spectral-sam-muon,lazy-spectral-sam-muon,Lazy Spectral SAM-Muon (Atlas),,muon,stale_update,raw,both,3.0,0.01,nominal,0.02,additive,1.0,nn_ce,2.2504740078131276,1,0,-1,500,501,0.11121321988603906,-2.1392607879270886,nan,nan,0.06593412760673938,0.06977329046698086,0.011618801856028519,6.860678317358433,0.001130183160442208,nan,22.979981743649745,nan,0.998046875,0.42578125,2.6662228970480513
2,lazy-spectral-sam-muon,lazy-spectral-sam-muon,Lazy Spectral SAM-Muon (Atlas),,muon,stale_update,raw,both,3.0,0.01,nominal,0.02,additive,1.0,nn_ce,2.2504740078131276,2,0,-1,500,501,0.11587337489859412,-2.1346006329145335,nan,nan,0.07094079192140133,0.06837368035908292,0.011283201037964239,6.900199354298519,0.0012026038567058,nan,22.794572975093082,nan,0.998046875,0.447265625,2.475436333596487
2,lazy-spectral-sam-muon,lazy-spectral-sam-muon,Lazy Spectral SAM-Muon (Atlas),,muon,stale_update,raw,both,3.0,0.01,nominal,0.02,additive,1.0,nn_ce,2.2504740078131276,3,0,-1,500,501,0.11365988467316857,-2.136814123139959,nan,nan,0.06858419050762496,0.07007705884920729,0.011341620000446643,7.051548687643845,0.001157253493187696,nan,23.012644306853865,nan,0.99609375,0.4609375,2.5270538046693645
2,lazy-spectral-sam-muon,lazy-spectral-sam-muon,Lazy Spectral SAM-Muon (Atlas),,muon,stale_update,raw,both,3.0,0.01,nominal,0.02,additive,1.0,nn_ce,2.2504740078131276,4,0,-1,500,501,0.11348348880498214,-2.1369905190081453,nan,nan,0.069016849588609,0.06963633268743874,0.011995852888780934,6.948266007659649,0.00100462532051393,nan,23.29085486400817,nan,0.9921875,0.439453125,2.7159148935440376
2,lazy-spectral-sam-muon,lazy-spectral-sam-muon,Lazy Spectral SAM-Muon (Atlas),,muon,stale_update,raw,both,3.0,0.01,nominal,0.02,additive,1.0,nn_ce,2.2504740078131276,5,0,-1,500,501,0.11964927314738309,-2.1308247346657443,nan,nan,0.06950328350507905,0.06919470121020134,0.011294647907376101,7.047958940294816,0.0011234649584067613,nan,23.12272394484428,nan,0.990234375,0.435546875,2.672252862436226
2,lazy-spectral-sam-muon,lazy-spectral-sam-muon,Lazy Spectral SAM-Muon (Atlas),,muon,stale_update,raw,both,3.0,0.01,nominal,0.02,additive,1.0,nn_ce,2.2504740078131276,6,0,-1,500,501,0.11349132712314251,-2.136982680689985,nan,nan,0.06716319679621366,0.06906517007120701,0.011343368875662299,6.964756411628677,0.0011201738304554426,nan,22.422682480757107,nan,0.998046875,0.458984375,2.5296262068448048
2,lazy-spectral-sam-muon,lazy-spectral-sam-muon,Lazy Spectral SAM-Muon (Atlas),,muon,stale_update,raw,both,3.0,0.01,nominal,0.02,additive,1.0,nn_ce,2.2504740078131276,7,0,-1,500,501,0.11629610615826506,-2.1341779016548625,nan,nan,0.06739123248838623,0.06901368642111154,0.011342925254704234,6.903603194016943,0.0010084089168708454,nan,23.095534001834366,nan,0.99609375,0.466796875,2.631402387855088
2,full-spectral-sam-muon,full-spectral-sam-muon,Full Spectral SAM-Muon,,muon,grad,spectral,both,3.0,0.05,nominal,0.02,additive,1.0,nn_ce,2.2504740078131276,0,0,-1,500,1000,0.1241221041833363,-2.126351903629791,nan,nan,0.06927483676511946,0.34390730144537307,0.059048995338055986,6.83181119224306,0.0021646554960572384,nan,23.359930968276142,nan,0.990234375,0.443359375,2.5514716769423655
2,full-spectral-sam-muon,full-spectral-sam-muon,Full Spectral SAM-Muon,,muon,grad,spectral,both,3.0,0.05,nominal,0.02,additive,1.0,nn_ce,2.2504740078131276,1,0,-1,500,1000,0.11315931504690968,-2.1373146927662177,nan,nan,0.06521116825697332,0.34475834377577386,0.056610673433863584,6.815775999174081,0.0015384842105979346,nan,23.006979201712557,nan,0.99609375,0.431640625,2.639325566365444
2,full-spectral-sam-muon,full-spectral-sam-muon,Full Spectral SAM-Muon,,muon,grad,spectral,both,3.0,0.05,nominal,0.02,additive,1.0,nn_ce,2.2504740078131276,2,0,-1,500,1000,0.11833563757492077,-2.1321383702382066,nan,nan,0.06764044025316776,0.34764930619893486,0.05671493421109982,6.872511600567589,0.0018582442109462,nan,22.799681357454357,nan,0.99609375,0.44921875,2.433357145791236
2,full-spectral-sam-muon,full-spectral-sam-muon,Full Spectral SAM-Muon,,muon,grad,spectral,both,3.0,0.05,nominal,0.02,additive,1.0,nn_ce,2.2504740078131276,3,0,-1,500,1000,0.11737751069865081,-2.133096497114477,nan,nan,0.06709075642316605,0.3518370181891058,0.05671299314755895,7.076956199043249,0.0017442948846731754,nan,22.95208913125878,nan,0.99609375,0.44921875,2.5207801185867087
2,full-spectral-sam-muon,full-spectral-sam-muon,Full Spectral SAM-Muon,,muon,grad,spectral,both,3.0,0.05,nominal,0.02,additive,1.0,nn_ce,2.2504740078131276,4,0,-1,500,1000,0.11827213243464009,-2.1322018753784873,nan,nan,0.06834505670174443,0.3522513903796442,0.05899554854674757,6.879529304854953,0.001109624882788457,nan,23.183152692695266,nan,0.98828125,0.42578125,2.648956784861187
2,full-spectral-sam-muon,full-spectral-sam-muon,Full Spectral SAM-Muon,,muon,grad,spectral,both,3.0,0.05,nominal,0.02,additive,1.0,nn_ce,2.2504740078131276,5,0,-1,500,1000,0.1190417006901478,-2.1314323071229797,nan,nan,0.06573243818443512,0.3474019474132195,0.05670344727668581,6.994877505201553,0.0024794519674887217,nan,23.05082341668501,nan,0.98828125,0.44140625,2.6201525263115806
2,full-spectral-sam-muon,full-spectral-sam-muon,Full Spectral SAM-Muon,,muon,grad,spectral,both,3.0,0.05,nominal,0.02,additive,1.0,nn_ce,2.2504740078131276,6,0,-1,500,1000,0.11660747255041425,-2.1338665352627135,nan,nan,0.06634473580800483,0.3406144454906742,0.05662391634045874,7.018558714580583,0.0012436633563513155,nan,22.45381832475801,nan,0.998046875,0.44140625,2.4757051425358725
2,full-spectral-sam-muon,full-spectral-sam-muon,Full Spectral SAM-Muon,,muon,grad,spectral,both,3.0,0.05,nominal,0.02,additive,1.0,nn_ce,2.2504740078131276,7,0,-1,500,1000,0.11584665642332938,-2.134627351389798,nan,nan,0.0635203688190463,0.3532578967716961,0.06010879020077834,6.922373170152088,0.0020657295723903596,nan,23.045028549999337,nan,0.99609375,0.46875,2.5447728545066477
2,full-spectral-sam-muon,full-spectral-sam-muon,Full Spectral SAM-Muon,,muon,grad,spectral,both,3.0,0.01,nominal,0.02,additive,1.0,nn_ce,2.2504740078131276,0,0,-1,500,1000,0.11831757387456314,-2.1321564339385644,nan,nan,0.06821485684640313,0.06814203919772675,0.01133970410955953,6.863996043048068,0.000201002968103145,nan,23.39361173834626,nan,0.9921875,0.4453125,2.6454482405953508
2,full-spectral-sam-muon,full-spectral-sam-muon,Full Spectral SAM-Muon,,muon,grad,spectral,both,3.0,0.01,nominal,0.02,additive,1.0,nn_ce,2.2504740078131276,1,0,-1,500,1000,0.1085701068271174,-2.1419039009860104,nan,nan,0.06370167856490863,0.06904323909069486,0.011342461978997062,6.75854734327142,0.0001070961158901873,nan,22.943590016692823,nan,0.998046875,0.4296875,2.654823792400834
2,full-spectral-sam-muon,full-spectral-sam-muon,Full Spectral SAM-Muon,,muon,grad,spectral,both,3.0,0.01,nominal,0.02,additive,1.0,nn_ce,2.2504740078131276,2,0,-1,500,1000,0.11199075824159717,-2.1384832495715305,nan,nan,0.06849545762571504,0.06873974117991435,0.011342638976561029,6.825873393483853,0.00015363553349088954,nan,22.816694846089312,nan,0.998046875,0.439453125,2.473616652130378
2,full-spectral-sam-muon,full-spectral-sam-muon,Full Spectral SAM-Muon,,muon,grad,spectral,both,3.0,0.01,nominal,0.02,additive,1.0,nn_ce,2.2504740078131276,3,0,-1,500,1000,0.1109577240353054,-2.139516283777822,nan,nan,0.06669438231243836,0.0712354930749827,0.011890315721158767,7.065610182297606,9.198190633828707e-05,nan,22.937796199075102,nan,0.998046875,0.453125,2.542867799271128
2,full-spectral-sam-muon,full-spectral-sam-muon,Full Spectral SAM-Muon,,muon,grad,spectral,both,3.0,0.01,nominal,0.02,additive,1.0,nn_ce,2.2504740078131276,4,0,-1,500,1000,0.11182235300965664,-2.138651654803471,nan,nan,0.06757609765888387,0.0704429637089864,0.011755686611770256,6.938741857758751,-2.163225569669358e-05,nan,23.274670086893757,nan,0.990234375,0.435546875,2.6984823722397566
2,full-spectral-sam-muon,full-spectral-sam-muon,Full Spectral SAM-Muon,,muon,grad,spectral,both,3.0,0.01,nominal,0.02,additive,1.0,nn_ce,2.2504740078131276,5,0,-1,500,1000,0.11865621167492127,-2.1318177961382063,nan,nan,0.06864710652446807,0.06965712376356392,0.01146215271971079,6.9902775569761815,0.00029954764038632453,nan,23.02801578775547,nan,0.9921875,0.421875,2.6625941888736686
2,full-spectral-sam-muon,full-spectral-sam-muon,Full Spectral SAM-Muon,,muon,grad,spectral,both,3.0,0.01,nominal,0.02,additive,1.0,nn_ce,2.2504740078131276,6,0,-1,500,1000,0.1150458772736287,-2.135428130539499,nan,nan,0.0662475421240359,0.06878228359746126,0.011625479324123895,6.941244726880947,4.271883161646728e-05,nan,22.378133288492158,nan,0.998046875,0.455078125,2.5342909473980875
2,full-spectral-sam-muon,full-spectral-sam-muon,Full Spectral SAM-Muon,,muon,grad,spectral,both,3.0,0.01,nominal,0.02,additive,1.0,nn_ce,2.2504740078131276,7,0,-1,500,1000,0.1145413724518528,-2.1359326353612746,nan,nan,0.06600194571712588,0.07109907895566682,0.01202185983102423,6.96710049545843,0.00017525268487089685,nan,23.089300749265117,nan,0.99609375,0.46875,2.6024060480822837
2,lazy-spectral-sam-muon,lazy-spectral-sam-muon,Lazy Spectral SAM-Muon (Atlas),,muon,stale_update,raw,both,3.0,0.02,nominal,0.02,additive,1.0,nn_ce,2.2504740078131276,0,0,-1,500,501,0.12513108318306676,-2.125342924630061,nan,nan,0.07212676877319274,0.13733322104977416,0.022675588922279364,6.865535073229879,0.002784946649860398,nan,23.444296141819386,nan,0.990234375,0.431640625,2.627529002597832
2,lazy-spectral-sam-muon,lazy-spectral-sam-muon,Lazy Spectral SAM-Muon (Atlas),,muon,stale_update,raw,both,3.0,0.02,nominal,0.02,additive,1.0,nn_ce,2.2504740078131276,1,0,-1,500,501,0.115859738527223,-2.1346142692859047,nan,nan,0.06745936482932412,0.13888646641717384,0.02268604608925093,6.885074945480041,0.0024970928812604737,nan,22.9634556506485,nan,0.998046875,0.439453125,2.6341579498141643
2,lazy-spectral-sam-muon,lazy-spectral-sam-muon,Lazy Spectral SAM-Muon (Atlas),,muon,stale_update,raw,both,3.0,0.02,nominal,0.02,additive,1.0,nn_ce,2.2504740078131276,2,0,-1,500,501,0.117699263827298,-2.13277474398583,nan,nan,0.07211601031098652,0.13799011620982188,0.022665494555840514,6.810717850395313,0.002615763734913304,nan,22.85614310386729,nan,0.99609375,0.455078125,2.4514585988397344
2,lazy-spectral-sam-muon,lazy-spectral-sam-muon,Lazy Spectral SAM-Muon (Atlas),,muon,stale_update,raw,both,3.0,0.02,nominal,0.02,additive,1.0,nn_ce,2.2504740078131276,3,0,-1,500,501,0.11700694042805765,-2.13346706738507,nan,nan,0.0690607865389857,0.1405719776065457,0.023098204826657462,7.019558454476834,0.0025593425926130065,nan,22.958730643914198,nan,0.99609375,0.4453125,2.515487273825069
2,lazy-spectral-sam-muon,lazy-spectral-sam-muon,Lazy Spectral SAM-Muon (Atlas),,muon,stale_update,raw,both,3.0,0.02,nominal,0.02,additive,1.0,nn_ce,2.2504740078131276,4,0,-1,500,501,0.11666890554756831,-2.1338051022655593,nan,nan,0.06961957408500301,0.1402921958500448,0.024045807094797294,6.978590290859645,0.0022727602297156757,nan,23.242887187544735,nan,0.9921875,0.4296875,2.7177970980007835
2,lazy-spectral-sam-muon,lazy-spectral-sam-muon,Lazy Spectral SAM-Muon (Atlas),,muon,stale_update,raw,both,3.0,0.02,nominal,0.02,additive,1.0,nn_ce,2.2504740078131276,5,0,-1,500,501,0.1206734533430171,-2.1298005544701106,nan,nan,0.07079906873026108,0.13919187520418524,0.022666412317707312,6.9783086646274475,0.002600329619246944,nan,23.071622645399792,nan,0.9921875,0.431640625,2.628004545136945
2,lazy-spectral-sam-muon,lazy-spectral-sam-muon,Lazy Spectral SAM-Muon (Atlas),,muon,stale_update,raw,both,3.0,0.02,nominal,0.02,additive,1.0,nn_ce,2.2504740078131276,6,0,-1,500,501,0.11626283743526875,-2.134211170377859,nan,nan,0.06870831128765975,0.13891391736473346,0.02268706527240651,6.977965113181578,0.0026066787076780285,nan,22.488127826339408,nan,0.998046875,0.447265625,2.5474848747712686
2,lazy-spectral-sam-muon,lazy-spectral-sam-muon,Lazy Spectral SAM-Muon (Atlas),,muon,stale_update,raw,both,3.0,0.02,nominal,0.02,additive,1.0,nn_ce,2.2504740078131276,7,0,-1,500,501,0.1178807507070033,-2.1325932571061244,nan,nan,0.06893725918861573,0.13896311097499559,0.022573232296541023,6.918817145632195,0.0023242096452195243,nan,23.168407959426112,nan,0.99609375,0.474609375,2.629462769775612
2,full-spectral-sam-muon,full-spectral-sam-muon,Full Spectral SAM-Muon,,muon,grad,spectral,both,3.0,0.5,nominal,0.02,additive,1.0,nn_ce,2.2504740078131276,0,0,-1,500,1000,0.6175216500909311,-1.6329523577221965,nan,nan,0.1719673509345769,3.398675934481645,0.5625347055716524,7.066626163804219,0.22718027255936246,nan,22.08230480873465,nan,0.84765625,0.462890625,1.9544396423150927
2,full-spectral-sam-muon,full-spectral-sam-muon,Full Spectral SAM-Muon,,muon,grad,spectral,both,3.0,0.5,nominal,0.02,additive,1.0,nn_ce,2.2504740078131276,1,0,-1,500,1000,0.6018427574767122,-1.6486312503364153,nan,nan,0.1713704254597788,3.4797792710752384,0.5666054679409185,7.055571385472443,0.2305889448267906,nan,21.286614955013555,nan,0.865234375,0.4609375,1.9700152531209447
2,full-spectral-sam-muon,full-spectral-sam-muon,Full Spectral SAM-Muon,,muon,grad,spectral,both,3.0,0.5,nominal,0.02,additive,1.0,nn_ce,2.2504740078131276,2,0,-1,500,1000,0.5823876642285883,-1.6680863435845392,nan,nan,0.18036857764806571,3.437083006289532,0.5671540490568484,6.989680008872038,0.19442058933293882,nan,21.70533679863721,nan,0.845703125,0.4375,1.95840299619327
2,full-spectral-sam-muon,full-spectral-sam-muon,Full Spectral SAM-Muon,,muon,grad,spectral,both,3.0,0.5,nominal,0.02,additive,1.0,nn_ce,2.2504740078131276,3,0,-1,500,1000,0.6393181367242238,-1.6111558710889038,nan,nan,0.1769213267700021,3.568689365389631,0.5664021918468289,6.9267021772106245,0.2251694142932701,nan,21.293652563999906,nan,0.822265625,0.46875,1.897689513102777
2,full-spectral-sam-muon,full-spectral-sam-muon,Full Spectral SAM-Muon,,muon,grad,spectral,both,3.0,0.5,nominal,0.02,additive,1.0,nn_ce,2.2504740078131276,4,0,-1,500,1000,0.5741561342270727,-1.6763178735860549,nan,nan,0.17127899159637308,3.491679611417967,0.5670066183318997,7.040246637581829,0.24300309080330995,nan,21.720801797421668,nan,0.869140625,0.470703125,1.9580499340681297
2,full-spectral-sam-muon,full-spectral-sam-muon,Full Spectral SAM-Muon,,muon,grad,spectral,both,3.0,0.5,nominal,0.02,additive,1.0,nn_ce,2.2504740078131276,5,0,-1,500,1000,0.603095439482102,-1.6473785683310256,nan,nan,0.17605170631676928,3.4788204853032108,0.5671556031001959,6.95477691749181,0.2198296993026052,nan,22.014526589994382,nan,0.84765625,0.451171875,1.9381847632831133
2,full-spectral-sam-muon,full-spectral-sam-muon,Full Spectral SAM-Muon,,muon,grad,spectral,both,3.0,0.5,nominal,0.02,additive,1.0,nn_ce,2.2504740078131276,6,0,-1,500,1000,0.6130670901137385,-1.637406917699389,nan,nan,0.1796122663675057,3.4401479409011637,0.5671784662325337,6.914708726184364,0.26510001707388187,nan,21.10970760336168,nan,0.84375,0.458984375,1.9052629355521806
2,full-spectral-sam-muon,full-spectral-sam-muon,Full Spectral SAM-Muon,,muon,grad,spectral,both,3.0,0.5,nominal,0.02,additive,1.0,nn_ce,2.2504740078131276,7,0,-1,500,1000,0.5940754014548046,-1.656398606358323,nan,nan,0.16749903670741012,3.473872512252826,0.56595664457333,7.103199291052873,0.19603577502329894,nan,21.830004547583624,nan,0.85546875,0.470703125,1.9088629608328604
2,full-spectral-sam-muon,full-spectral-sam-muon,Full Spectral SAM-Muon,,muon,grad,spectral,both,3.0,0.1,nominal,0.02,additive,1.0,nn_ce,2.2504740078131276,0,0,-1,500,1000,0.13964258936362667,-2.110831418449501,nan,nan,0.07549943711996397,0.6900387805053602,0.11327749828905537,6.9668792908398895,0.007211832823148551,nan,23.167167935744427,nan,0.990234375,0.447265625,2.485389845820192
2,full-spectral-sam-muon,full-spectral-sam-muon,Full Spectral SAM-Muon,,muon,grad,spectral,both,3.0,0.1,nominal,0.02,additive,1.0,nn_ce,2.2504740078131276,1,0,-1,500,1000,0.12293305325209865,-2.127540954561029,nan,nan,0.0680076500871774,0.6904223635914926,0.11327528823676193,6.870658220892116,0.005156210461642802,nan,22.77177152853664,nan,0.994140625,0.43359375,2.5583897119739762
2,full-spectral-sam-muon,full-spectral-sam-muon,Full Spectral SAM-Muon,,muon,grad,spectral,both,3.0,0.1,nominal,0.02,additive,1.0,nn_ce,2.2504740078131276,2,0,-1,500,1000,0.13302371869521545,-2.117450289117912,nan,nan,0.0726910790213834,0.693355135296393,0.11342966275343008,6.95442451577763,0.006335048588818282,nan,22.830959127457774,nan,0.9921875,0.443359375,2.3751147854080354
2,full-spectral-sam-muon,full-spectral-sam-muon,Full Spectral SAM-Muon,,muon,grad,spectral,both,3.0,0.1,nominal,0.02,additive,1.0,nn_ce,2.2504740078131276,3,0,-1,500,1000,0.12537040451496925,-2.1251036032981583,nan,nan,0.06908075637476023,0.7010346544120979,0.11327448633656198,7.089439434116659,0.006620313428407992,nan,22.951092025954125,nan,0.994140625,0.458984375,2.4945532871135216
2,full-spectral-sam-muon,full-spectral-sam-muon,Full Spectral SAM-Muon,,muon,grad,spectral,both,3.0,0.1,nominal,0.02,additive,1.0,nn_ce,2.2504740078131276,4,0,-1,500,1000,0.13563976863363528,-2.1148342391794923,nan,nan,0.07291796740316335,0.7037390892232738,0.11961469009883888,6.910601577175786,0.004702222112621002,nan,23.15522904655002,nan,0.984375,0.439453125,2.560438446546974
2,full-spectral-sam-muon,full-spectral-sam-muon,Full Spectral SAM-Muon,,muon,grad,spectral,both,3.0,0.1,nominal,0.02,additive,1.0,nn_ce,2.2504740078131276,5,0,-1,500,1000,0.13439983351752027,-2.1160741742956075,nan,nan,0.0709509025659257,0.6929799123588374,0.11310082794419428,7.015949548934183,0.006956974916338954,nan,23.06022545195213,nan,0.986328125,0.45703125,2.482988765520543
2,full-spectral-sam-muon,full-spectral-sam-muon,Full Spectral SAM-Muon,,muon,grad,spectral,both,3.0,0.1,nominal,0.02,additive,1.0,nn_ce,2.2504740078131276,6,0,-1,500,1000,0.1281168732158414,-2.1223571345972863,nan,nan,0.07091320292585121,0.6848462644806672,0.1127276581569688,6.999260094494123,0.005756858255067249,nan,22.36251575392259,nan,0.994140625,0.466796875,2.3784688827737597
2,full-spectral-sam-muon,full-spectral-sam-muon,Full Spectral SAM-Muon,,muon,grad,spectral,both,3.0,0.1,nominal,0.02,additive,1.0,nn_ce,2.2504740078131276,7,0,-1,500,1000,0.13066653885596138,-2.119807468957166,nan,nan,0.06988074949616781,0.7094949508419502,0.11741762198153344,6.941667730730591,0.00760105822853796,nan,22.94203880760377,nan,0.9921875,0.470703125,2.4598429328605813
2,full-spectral-sam-muon,full-spectral-sam-muon,Full Spectral SAM-Muon,,muon,grad,spectral,both,3.0,1.0,nominal,0.02,additive,1.0,nn_ce,2.2504740078131276,0,0,-1,500,1000,2.0510487315835984,-0.1994252762295292,nan,nan,0.2437702575139877,6.84983725301592,1.1343357055596965,7.083058831026637,0.30267244395400095,nan,17.71748389861549,nan,0.3359375,0.2890625,2.4312524921363994
2,full-spectral-sam-muon,full-spectral-sam-muon,Full Spectral SAM-Muon,,muon,grad,spectral,both,3.0,1.0,nominal,0.02,additive,1.0,nn_ce,2.2504740078131276,1,0,-1,500,1000,1.9498226774360696,-0.30065133037705793,nan,nan,0.25882883453644046,6.811393324391978,1.1340377310688512,6.85069987766997,0.3517195423421713,nan,17.918293564213272,nan,0.353515625,0.310546875,2.342496227749476
2,full-spectral-sam-muon,full-spectral-sam-muon,Full Spectral SAM-Muon,,muon,grad,spectral,both,3.0,1.0,nominal,0.02,additive,1.0,nn_ce,2.2504740078131276,2,0,-1,500,1000,1.9554345695078073,-0.2950394383053203,nan,nan,0.24610704026500926,6.916205924084372,1.13380404732863,6.930893129626706,0.2912026281212463,nan,17.88672678198279,nan,0.35546875,0.31640625,2.3497633059351033
2,full-spectral-sam-muon,full-spectral-sam-muon,Full Spectral SAM-Muon,,muon,grad,spectral,both,3.0,1.0,nominal,0.02,additive,1.0,nn_ce,2.2504740078131276,3,0,-1,500,1000,2.058512303434289,-0.19196170437883842,nan,nan,0.24988880795376694,6.940785011149586,1.1333771077873056,6.91050349097762,0.3385690108827837,nan,17.56622112710137,nan,0.341796875,0.3046875,2.4465569161559992
2,full-spectral-sam-muon,full-spectral-sam-muon,Full Spectral SAM-Muon,,muon,grad,spectral,both,3.0,1.0,nominal,0.02,additive,1.0,nn_ce,2.2504740078131276,4,0,-1,500,1000,1.9783396689337085,-0.27213433887941907,nan,nan,0.25133826879218424,7.027964390585208,1.161669880474067,6.844562052312541,0.36597826111332266,nan,18.6178639173249,nan,0.3359375,0.294921875,2.3370456856889934
2,full-spectral-sam-muon,full-spectral-sam-muon,Full Spectral SAM-Muon,,muon,grad,spectral,both,3.0,1.0,nominal,0.02,additive,1.0,nn_ce,2.2504740078131276,5,0,-1,500,1000,1.9780776135449607,-0.27239639426816686,nan,nan,0.24930729839163876,6.916285482705955,1.159366862997022,6.983629330173457,0.41314156219324416,nan,18.409807239977788,nan,0.380859375,0.328125,2.388334776878753
2,full-spectral-sam-muon,full-spectral-sam-muon,Full Spectral SAM-Muon,,muon,grad,spectral,both,3.0,1.0,nominal,0.02,additive,1.0,nn_ce,2.2504740078131276,6,0,-1,500,1000,1.9821276570649056,-0.268346350748222,nan,nan,0.25196041593500307,6.967177134661939,1.1714904532179269,6.890328585467381,0.4794647807609109,nan,17.47636559328072,nan,0.33984375,0.30078125,2.3629381826341183
2,full-spectral-sam-muon,full-spectral-sam-muon,Full Spectral SAM-Muon,,muon,grad,spectral,both,3.0,1.0,nominal,0.02,additive,1.0,nn_ce,2.2504740078131276,7,0,-1,500,1000,1.9889440251015806,-0.2615299827115469,nan,nan,0.24756427327389957,6.989169744216741,1.1870931416933523,6.875769467533605,0.38405539864983074,nan,18.03328693365494,nan,0.33984375,0.298828125,2.38152017359461
2,random-spectral-sam-muon,random-spectral-sam-muon,Random Spectral SAM-Muon,,muon,random,spectral,mnist,3.0,0.5,nominal,0.02,additive,1.0,nn_ce,2.2504740078131276,0,0,-1,500,500,0.13652010355594518,-2.1139539042571824,nan,nan,0.08402403714813911,3.478861356011351,0.5679985571689942,7.132037306497201,0.12257877556144242,nan,23.12143455865384,nan,0.9921875,0.451171875,2.603379845394583
2,random-spectral-sam-muon,random-spectral-sam-muon,Random Spectral SAM-Muon,,muon,random,spectral,mnist,3.0,0.5,nominal,0.02,additive,1.0,nn_ce,2.2504740078131276,1,0,-1,500,500,0.12890566034368595,-2.1215683474694416,nan,nan,0.08226312255087496,3.429516199081935,0.5981533628916489,6.829018616665915,0.08605371610046042,nan,22.60565806810473,nan,0.98828125,0.4296875,2.6482120716293007
2,random-spectral-sam-muon,random-spectral-sam-muon,Random Spectral SAM-Muon,,muon,random,spectral,mnist,3.0,0.5,nominal,0.02,additive,1.0,nn_ce,2.2504740078131276,2,0,-1,500,500,0.12716212420165152,-2.123311883611476,nan,nan,0.09239831182358237,3.4700841111984513,0.5779209738225699,7.088789600838296,0.08744104586763785,nan,22.57403783561321,nan,0.990234375,0.47265625,2.42922893771597
2,random-spectral-sam-muon,random-spectral-sam-muon,Random Spectral SAM-Muon,,muon,random,spectral,mnist,3.0,0.5,nominal,0.02,additive,1.0,nn_ce,2.2504740078131276,3,0,-1,500,500,0.12360479198949226,-2.1268692158236355,nan,nan,0.08052272918959728,3.4417221910804057,0.5670978732573693,6.964542894660741,0.11229261376307219,nan,22.81169031211257,nan,0.990234375,0.455078125,2.4588536912022843
2,random-spectral-sam-muon,random-spectral-sam-muon,Random Spectral SAM-Muon,,muon,random,spectral,mnist,3.0,0.5,nominal,0.02,additive,1.0,nn_ce,2.2504740078131276,4,0,-1,500,500,0.13394126013031943,-2.116532747682808,nan,nan,0.08378592783174954,3.4377350939365146,0.5667766719319842,7.0267539760234445,0.08134408247474664,nan,22.960176668896462,nan,0.986328125,0.447265625,2.670980922952393
2,random-spectral-sam-muon,random-spectral-sam-muon,Random Spectral SAM-Muon,,muon,random,spectral,mnist,3.0,0.5,nominal,0.02,additive,1.0,nn_ce,2.2504740078131276,5,0,-1,500,500,0.13521526592929226,-2.115258741883835,nan,nan,0.08237415579695404,3.479285721403524,0.5667340485967096,7.0585599013750695,0.10343010985814227,nan,22.73084343645409,nan,0.986328125,0.443359375,2.534836288910296
2,random-spectral-sam-muon,random-spectral-sam-muon,Random Spectral SAM-Muon,,muon,random,spectral,mnist,3.0,0.5,nominal,0.02,additive,1.0,nn_ce,2.2504740078131276,6,0,-1,500,500,0.1392862782602109,-2.111187729552917,nan,nan,0.08804102803483832,3.4262051952098154,0.5666166386038005,7.1540689762009855,0.08928155048613329,nan,22.175266488767583,nan,0.98828125,0.46484375,2.4073741368032495
2,random-spectral-sam-muon,random-spectral-sam-muon,Random Spectral SAM-Muon,,muon,random,spectral,mnist,3.0,0.5,nominal,0.02,additive,1.0,nn_ce,2.2504740078131276,7,0,-1,500,500,0.1277308784476991,-2.1227431293654284,nan,nan,0.081808421794737,3.4195011508010253,0.6010356026294055,6.930732667373148,0.0976659309914652,nan,22.876555651375625,nan,0.9921875,0.47265625,2.46471064977562
2,random-spectral-sam-muon,random-spectral-sam-muon,Random Spectral SAM-Muon,,muon,random,spectral,mnist,3.0,0.2,nominal,0.02,additive,1.0,nn_ce,2.2504740078131276,0,0,-1,500,500,0.12081838907293421,-2.1296556187401934,nan,nan,0.07067437487288288,1.3915445424045407,0.22719942286759776,6.850312918490375,0.020235057218651084,nan,23.37114914121554,nan,0.990234375,0.4375,2.6444805375724534
2,random-spectral-sam-muon,random-spectral-sam-muon,Random Spectral SAM-Muon,,muon,random,spectral,mnist,3.0,0.2,nominal,0.02,additive,1.0,nn_ce,2.2504740078131276,1,0,-1,500,500,0.11060771197025251,-2.139866295842875,nan,nan,0.06710137011395817,1.3718064796327742,0.23926134515665962,6.743043732238541,0.01311515179259376,nan,22.85418180893013,nan,1.0,0.423828125,2.6456387850722587
2,random-spectral-sam-muon,random-spectral-sam-muon,Random Spectral SAM-Muon,,muon,random,spectral,mnist,3.0,0.2,nominal,0.02,additive,1.0,nn_ce,2.2504740078131276,2,0,-1,500,500,0.113664210323852,-2.1368097974892755,nan,nan,0.07137332206493772,1.3880336444793808,0.231168389529028,6.826053580247125,0.015440863809869448,nan,22.788443849892868,nan,0.994140625,0.439453125,2.5480278389688182
2,random-spectral-sam-muon,random-spectral-sam-muon,Random Spectral SAM-Muon,,muon,random,spectral,mnist,3.0,0.2,nominal,0.02,additive,1.0,nn_ce,2.2504740078131276,3,0,-1,500,500,0.10841082043499413,-2.1420631873781333,nan,nan,0.06694940804574341,1.3766888764321623,0.22683914930294763,6.98025541670882,0.017440830295205795,nan,23.02944769815407,nan,1.0,0.4453125,2.5297992962001077
2,random-spectral-sam-muon,random-spectral-sam-muon,Random Spectral SAM-Muon,,muon,random,spectral,mnist,3.0,0.2,nominal,0.02,additive,1.0,nn_ce,2.2504740078131276,4,0,-1,500,500,0.11261207734474019,-2.1378619304683872,nan,nan,0.06854090321366282,1.3750940375746057,0.22671066877279367,7.054758661172723,0.0117276053357388,nan,22.983724067206577,nan,0.9921875,0.4375,2.720814445778874
2,random-spectral-sam-muon,random-spectral-sam-muon,Random Spectral SAM-Muon,,muon,random,spectral,mnist,3.0,0.2,nominal,0.02,additive,1.0,nn_ce,2.2504740078131276,5,0,-1,500,500,0.11979690032640913,-2.1306771074867186,nan,nan,0.07051391222845659,1.39171428856141,0.22669361943868377,6.92533676579545,0.016757141885011817,nan,22.930901346170852,nan,0.9921875,0.451171875,2.610124755502236
2,random-spectral-sam-muon,random-spectral-sam-muon,Random Spectral SAM-Muon,,muon,random,spectral,mnist,3.0,0.2,nominal,0.02,additive,1.0,nn_ce,2.2504740078131276,6,0,-1,500,500,0.1123158429157696,-2.1381581648973578,nan,nan,0.06754035828417618,1.3704820780839264,0.2266466554415202,6.897205065004425,0.012862706363327397,nan,22.434612991832083,nan,0.998046875,0.46484375,2.522687446035291
2,random-spectral-sam-muon,random-spectral-sam-muon,Random Spectral SAM-Muon,,muon,random,spectral,mnist,3.0,0.2,nominal,0.02,additive,1.0,nn_ce,2.2504740078131276,7,0,-1,500,500,0.11489061078507516,-2.135583397028052,nan,nan,0.06984486847277394,1.3678004603204101,0.24041424105176223,6.951397888368605,0.01654613436252951,nan,23.177652196633478,nan,0.99609375,0.462890625,2.5320246225009035
2,lazy-spectral-sam-muon,lazy-spectral-sam-muon,Lazy Spectral SAM-Muon (Atlas),,muon,stale_update,raw,both,3.0,0.2,nominal,0.02,additive,1.0,nn_ce,2.2504740078131276,0,0,-1,500,501,0.29953729793358974,-1.9509367098795378,nan,nan,0.22628036287460052,1.4561484143311723,0.2268165319797561,7.258934990872974,0.29543817431349517,nan,23.95294963336684,nan,0.943359375,0.447265625,2.385630642713627
2,lazy-spectral-sam-muon,lazy-spectral-sam-muon,Lazy Spectral SAM-Muon (Atlas),,muon,stale_update,raw,both,3.0,0.2,nominal,0.02,additive,1.0,nn_ce,2.2504740078131276,1,0,-1,500,501,0.28167020163667067,-1.968803806176457,nan,nan,0.24317890370733927,1.484150867167736,0.2362416345713451,7.372992256253434,0.2931419044956127,nan,23.42369743074193,nan,0.9453125,0.416015625,2.373684386809906
2,lazy-spectral-sam-muon,lazy-spectral-sam-muon,Lazy Spectral SAM-Muon (Atlas),,muon,stale_update,raw,both,3.0,0.2,nominal,0.02,additive,1.0,nn_ce,2.2504740078131276,2,0,-1,500,501,0.2788091677474027,-1.9716648400657248,nan,nan,0.21888370037434363,1.475819091349024,0.23606928988752246,7.321307602802068,0.2774943327408664,nan,23.409145667021566,nan,0.962890625,0.447265625,2.220249209070417
2,lazy-spectral-sam-muon,lazy-spectral-sam-muon,Lazy Spectral SAM-Muon (Atlas),,muon,stale_update,raw,both,3.0,0.2,nominal,0.02,additive,1.0,nn_ce,2.2504740078131276,3,0,-1,500,501,0.2776336852329604,-1.9728403225801672,nan,nan,0.22747186611625644,1.45056964621487,0.236910183017472,7.345675547747518,0.2615899287208121,nan,23.62023248714238,nan,0.95703125,0.427734375,2.262922453304687
2,lazy-spectral-sam-muon,lazy-spectral-sam-muon,Lazy Spectral SAM-Muon (Atlas),,muon,stale_update,raw,both,3.0,0.2,nominal,0.02,additive,1.0,nn_ce,2.2504740078131276,4,0,-1,500,501,0.29792579418942944,-1.952548213623698,nan,nan,0.22385941867759984,1.473901839440614,0.23434734978724056,7.332517747714321,0.22736183112843983,nan,23.663917005134174,nan,0.9453125,0.451171875,2.332168525644368
2,lazy-spectral-sam-muon,lazy-spectral-sam-muon,Lazy Spectral SAM-Muon (Atlas),,muon,stale_update,raw,both,3.0,0.2,nominal,0.02,additive,1.0,nn_ce,2.2504740078131276,5,0,-1,500,501,0.3097395251673828,-1.9407344826457447,nan,nan,0.24461129599371104,1.4510682989995636,0.2375723298899477,7.204874020278527,0.25626303372324366,nan,23.979474452546082,nan,0.94921875,0.443359375,2.3001970320863827
2,lazy-spectral-sam-muon,lazy-spectral-sam-muon,Lazy Spectral SAM-Muon (Atlas),,muon,stale_update,raw,both,3.0,0.2,nominal,0.02,additive,1.0,nn_ce,2.2504740078131276,6,0,-1,500,501,0.2728702207462891,-1.9776037870668386,nan,nan,0.21076733079900506,1.469886209503771,0.23859898246809097,7.336785318545911,0.2869777225807238,nan,23.02101788299817,nan,0.962890625,0.45703125,2.139165060121048
2,lazy-spectral-sam-muon,lazy-spectral-sam-muon,Lazy Spectral SAM-Muon (Atlas),,muon,stale_update,raw,both,3.0,0.2,nominal,0.02,additive,1.0,nn_ce,2.2504740078131276,7,0,-1,500,501,0.29528170130900167,-1.955192306504126,nan,nan,0.24168367787753536,1.456627946328903,0.22683575232646508,7.193679330916615,0.30672478600234665,nan,23.496019834992197,nan,0.951171875,0.462890625,2.2908717435698316
2,random-spectral-sam-muon,random-spectral-sam-muon,Random Spectral SAM-Muon,,muon,random,spectral,mnist,3.0,0.1,nominal,0.02,additive,1.0,nn_ce,2.2504740078131276,0,0,-1,500,500,0.11737374420287079,-2.133100263610257,nan,nan,0.06916680389411306,0.6957722712022704,0.11359971143379888,6.886994329557425,0.005657473058105933,nan,23.411348212615074,nan,0.9921875,0.44921875,2.6488168645913106
2,random-spectral-sam-muon,random-spectral-sam-muon,Random Spectral SAM-Muon,,muon,random,spectral,mnist,3.0,0.1,nominal,0.02,additive,1.0,nn_ce,2.2504740078131276,1,0,-1,500,500,0.10840831231898373,-2.1420656954941437,nan,nan,0.06604520447187284,0.6859032398163871,0.11963067257832981,6.769545675773402,0.0027655808765285617,nan,22.987954175690753,nan,1.0,0.431640625,2.656994069700848
2,random-spectral-sam-muon,random-spectral-sam-muon,Random Spectral SAM-Muon,,muon,random,spectral,mnist,3.0,0.1,nominal,0.02,additive,1.0,nn_ce,2.2504740078131276,2,0,-1,500,500,0.1173949613550449,-2.1330790464580827,nan,nan,0.07175125449190131,0.6940168222396904,0.115584194764514,6.839710974610439,0.004331321075291272,nan,22.756386436318436,nan,0.994140625,0.44140625,2.5221366007456023
2,random-spectral-sam-muon,random-spectral-sam-muon,Random Spectral SAM-Muon,,muon,random,spectral,mnist,3.0,0.1,nominal,0.02,additive,1.0,nn_ce,2.2504740078131276,3,0,-1,500,500,0.10889808099827408,-2.1415759268148533,nan,nan,0.06701582589128202,0.6883444382160812,0.11341957465147381,7.080755226907794,0.004815040779909602,nan,22.94889067772533,nan,0.998046875,0.439453125,2.5416959952914273
2,random-spectral-sam-muon,random-spectral-sam-muon,Random Spectral SAM-Muon,,muon,random,spectral,mnist,3.0,0.1,nominal,0.02,additive,1.0,nn_ce,2.2504740078131276,4,0,-1,500,500,0.11114094536571789,-2.1393330624474096,nan,nan,0.06709811814677023,0.6875470187873028,0.11335533438639683,7.087205691072243,0.0029307937379399185,nan,23.109596484490428,nan,0.990234375,0.4375,2.6919754253067034
2,random-spectral-sam-muon,random-spectral-sam-muon,Random Spectral SAM-Muon,,muon,random,spectral,mnist,3.0,0.1,nominal,0.02,additive,1.0,nn_ce,2.2504740078131276,5,0,-1,500,500,0.11707282141560164,-2.133401186397526,nan,nan,0.06907169070296805,0.695857144280705,0.11334680971934188,7.0250329143155845,0.004503059051847752,nan,23.02246986454364,nan,0.990234375,0.419921875,2.6804286473529104
2,random-spectral-sam-muon,random-spectral-sam-muon,Random Spectral SAM-Muon,,muon,random,spectral,mnist,3.0,0.1,nominal,0.02,additive,1.0,nn_ce,2.2504740078131276,6,0,-1,500,500,0.11041106677718779,-2.1400629410359397,nan,nan,0.06550230720328648,0.6852410390419632,0.1133233277207601,6.813964113244204,0.0031683201783330728,nan,22.369960080881498,nan,0.998046875,0.453125,2.5614793546127927
2,random-spectral-sam-muon,random-spectral-sam-muon,Random Spectral SAM-Muon,,muon,random,spectral,mnist,3.0,0.1,nominal,0.02,additive,1.0,nn_ce,2.2504740078131276,7,0,-1,500,500,0.11467812091541771,-2.13579588689771,nan,nan,0.06585998827877221,0.6839002301602051,0.12020712052588112,6.869509111827768,0.004276187900686526,nan,23.152592345006717,nan,0.994140625,0.45703125,2.641533061207559
2,lazy-spectral-sam-muon,lazy-spectral-sam-muon,Lazy Spectral SAM-Muon (Atlas),,muon,stale_update,raw,both,3.0,0.1,nominal,0.02,additive,1.0,nn_ce,2.2504740078131276,0,0,-1,500,501,0.17786926109620044,-2.072604746716927,nan,nan,0.13567920210127232,0.7164058150000827,0.11341287415686536,7.128859614496849,0.07541464600741116,nan,23.80287928048908,nan,0.984375,0.431640625,2.5162660244295747
2,lazy-spectral-sam-muon,lazy-spectral-sam-muon,Lazy Spectral SAM-Muon (Atlas),,muon,stale_update,raw,both,3.0,0.1,nominal,0.02,additive,1.0,nn_ce,2.2504740078131276,1,0,-1,500,501,0.15709404189504392,-2.093379965918084,nan,nan,0.16966323328529268,0.7025962086385023,0.11341268576012496,7.16434029755195,0.08785803046983395,nan,23.149525738412812,nan,0.99609375,0.43359375,2.472120807710626
2,lazy-spectral-sam-muon,lazy-spectral-sam-muon,Lazy Spectral SAM-Muon (Atlas),,muon,stale_update,raw,both,3.0,0.1,nominal,0.02,additive,1.0,nn_ce,2.2504740078131276,2,0,-1,500,501,0.16510639680713596,-2.0853676110059918,nan,nan,0.1084459498244274,0.7098515082494268,0.11914254781347774,7.05047146389869,0.06622344995852791,nan,23.13678999210464,nan,0.986328125,0.44921875,2.3604336536366826
2,lazy-spectral-sam-muon,lazy-spectral-sam-muon,Lazy Spectral SAM-Muon (Atlas),,muon,stale_update,raw,both,3.0,0.1,nominal,0.02,additive,1.0,nn_ce,2.2504740078131276,3,0,-1,500,501,0.1668743657572729,-2.0835996420558547,nan,nan,0.1743579536696103,0.7151833667842118,0.11478682942679087,7.022731250286176,0.08477552133895352,nan,23.305389504706135,nan,0.9921875,0.447265625,2.363664921714647
2,lazy-spectral-sam-muon,lazy-spectral-sam-muon,Lazy Spectral SAM-Muon (Atlas),,muon,stale_update,raw,both,3.0,0.1,nominal,0.02,additive,1.0,nn_ce,2.2504740078131276,4,0,-1,500,501,0.1659245012583031,-2.0845495065548243,nan,nan,0.15080409709892026,0.706302182935525,0.11343567526577045,7.119247242801165,0.08338128298708808,nan,23.434975388186604,nan,0.986328125,0.458984375,2.5141808221349287
2,lazy-spectral-sam-muon,lazy-spectral-sam-muon,Lazy Spectral SAM-Muon (Atlas),,muon,stale_update,raw,both,3.0,0.1,nominal,0.02,additive,1.0,nn_ce,2.2504740078131276,5,0,-1,500,501,0.168121207935799,-2.0823527998773286,nan,nan,0.1406698023933458,0.7111491062693406,0.11340751513085974,7.160772399811153,0.07044546705976559,nan,23.39995594824311,nan,0.98828125,0.443359375,2.4219834114246304
2,lazy-spectral-sam-muon,lazy-spectral-sam-muon,Lazy Spectral SAM-Muon (Atlas),,muon,stale_update,raw,both,3.0,0.1,nominal,0.02,additive,1.0,nn_ce,2.2504740078131276,6,0,-1,500,501,0.14948686206396394,-2.100987145749164,nan,nan,0.10372153891168373,0.7107414081567909,0.11333405660601317,7.027559891723154,0.05969463660869212,nan,22.614330564054583,nan,0.99609375,0.45703125,2.382295596415526
2,lazy-spectral-sam-muon,lazy-spectral-sam-muon,Lazy Spectral SAM-Muon (Atlas),,muon,stale_update,raw,both,3.0,0.1,nominal,0.02,additive,1.0,nn_ce,2.2504740078131276,7,0,-1,500,501,0.15924423224665868,-2.091229775566469,nan,nan,0.10952236083076104,0.7066823959340988,0.11326995899122522,7.111233599625678,0.0545023941661501,nan,23.171351394170987,nan,0.9921875,0.46484375,2.4565230953298394
2,full-spectral-sam-muon,full-spectral-sam-muon,Full Spectral SAM-Muon,,muon,grad,spectral,both,3.0,0.2,nominal,0.02,additive,1.0,nn_ce,2.2504740078131276,0,0,-1,500,1000,0.2035072104231731,-2.0469667973899544,nan,nan,0.0948511972467377,1.3667384196774184,0.22529881588027195,7.044732182859417,0.032253629463591116,nan,23.258126489700413,nan,0.9765625,0.453125,2.3442596786687098
2,full-spectral-sam-muon,full-spectral-sam-muon,Full Spectral SAM-Muon,,muon,grad,spectral,both,3.0,0.2,nominal,0.02,additive,1.0,nn_ce,2.2504740078131276,1,0,-1,500,1000,0.18354043609338155,-2.066933571719746,nan,nan,0.08772952507837782,1.3853929766270783,0.2268713504412544,6.925540825380918,0.02282345735910446,nan,22.628788653386298,nan,0.984375,0.453125,2.347112885761643
2,full-spectral-sam-muon,full-spectral-sam-muon,Full Spectral SAM-Muon,,muon,grad,spectral,both,3.0,0.2,nominal,0.02,additive,1.0,nn_ce,2.2504740078131276,2,0,-1,500,1000,0.18139413561403075,-2.069079872199097,nan,nan,0.0889749265923799,1.3924502925876259,0.2266630491794615,6.950059511995539,0.026484597808302646,nan,22.717997012085437,nan,0.978515625,0.451171875,2.189395851438507
2,full-spectral-sam-muon,full-spectral-sam-muon,Full Spectral SAM-Muon,,muon,grad,spectral,both,3.0,0.2,nominal,0.02,additive,1.0,nn_ce,2.2504740078131276,3,0,-1,500,1000,0.17820405376693887,-2.0722699540461886,nan,nan,0.08633013618844161,1.3992081697156946,0.22678530429308683,7.066340605471341,0.028401196643219828,nan,22.948701639295706,nan,0.984375,0.451171875,2.289523080107181
2,full-spectral-sam-muon,full-spectral-sam-muon,Full Spectral SAM-Muon,,muon,grad,spectral,both,3.0,0.2,nominal,0.02,additive,1.0,nn_ce,2.2504740078131276,4,0,-1,500,1000,0.19064277144024983,-2.0598312363728777,nan,nan,0.0861771852847161,1.3981456467315236,0.22687066552832738,6.9621514630764825,0.020881858419805804,nan,23.04910534178711,nan,0.97265625,0.4453125,2.4133700653860393
2,full-spectral-sam-muon,full-spectral-sam-muon,Full Spectral SAM-Muon,,muon,grad,spectral,both,3.0,0.2,nominal,0.02,additive,1.0,nn_ce,2.2504740078131276,5,0,-1,500,1000,0.18444767023929842,-2.0660263375738293,nan,nan,0.08470939733776657,1.3702195637421584,0.22687069092177958,7.028751188156396,0.02707624777829043,nan,22.97914052526657,nan,0.97265625,0.46875,2.2959306085915507
2,full-spectral-sam-muon,full-spectral-sam-muon,Full Spectral SAM-Muon,,muon,grad,spectral,both,3.0,0.2,nominal,0.02,additive,1.0,nn_ce,2.2504740078131276,6,0,-1,500,1000,0.18003283520073665,-2.070441172612391,nan,nan,0.09004498608722866,1.376318986920318,0.23756590368965544,6.96611420134882,0.030419549324088635,nan,22.48693873736387,nan,0.982421875,0.458984375,2.2175087554132475
2,full-spectral-sam-muon,full-spectral-sam-muon,Full Spectral SAM-Muon,,muon,grad,spectral,both,3.0,0.2,nominal,0.02,additive,1.0,nn_ce,2.2504740078131276,7,0,-1,500,1000,0.18452828966861792,-2.06594571814451,nan,nan,0.08481276077845941,1.3889145159011727,0.22684765563359494,7.026339421919843,0.02799170877236906,nan,22.866355087477935,nan,0.974609375,0.44140625,2.3166680886400632
2,spectral-friendly-sam-muon,spectral-friendly-sam-muon,Spectral Friendly SAM-Muon,,muon,friendly,spectral,both,3.0,0.01,nominal,0.02,additive,1.0,nn_ce,2.2504740078131276,0,0,-1,500,1000,0.1168641544732042,-2.1336098533399235,nan,nan,0.06782296776840548,0.06866498828720385,0.012015475375605282,6.886112848609712,5.428764051419732e-05,nan,23.44714076644916,nan,0.99609375,0.4453125,2.6297023535056008
2,spectral-friendly-sam-muon,spectral-friendly-sam-muon,Spectral Friendly SAM-Muon,,muon,friendly,spectral,both,3.0,0.01,nominal,0.02,additive,1.0,nn_ce,2.2504740078131276,1,0,-1,500,1000,0.10637240766247023,-2.144101600150657,nan,nan,0.06344813163135007,0.0681323762127922,0.011336440938677562,6.806465872820177,-8.529119931102724e-05,nan,22.925210094515673,nan,1.0,0.427734375,2.6525593367656977
2,spectral-friendly-sam-muon,spectral-friendly-sam-muon,Spectral Friendly SAM-Muon,,muon,friendly,spectral,both,3.0,0.01,nominal,0.02,additive,1.0,nn_ce,2.2504740078131276,2,0,-1,500,1000,0.11367958166381575,-2.136794426149312,nan,nan,0.06856724592265385,0.06974675604365475,0.011336027647918233,6.875378683362595,-4.6860115261060376e-05,nan,22.72194154088507,nan,0.99609375,0.44921875,2.483008372091127
2,spectral-friendly-sam-muon,spectral-friendly-sam-muon,Spectral Friendly SAM-Muon,,muon,friendly,spectral,both,3.0,0.01,nominal,0.02,additive,1.0,nn_ce,2.2504740078131276,3,0,-1,500,1000,0.11353829373574861,-2.136935714077379,nan,nan,0.06682442040442572,0.06948881021839626,0.011911978476714477,7.062976528782241,-6.42503374496256e-05,nan,22.936671522010133,nan,0.99609375,0.447265625,2.560706515243379
2,spectral-friendly-sam-muon,spectral-friendly-sam-muon,Spectral Friendly SAM-Muon,,muon,friendly,spectral,both,3.0,0.01,nominal,0.02,additive,1.0,nn_ce,2.2504740078131276,4,0,-1,500,1000,0.11115150468257691,-2.1393225031305505,nan,nan,0.06686417216285882,0.07066236483865308,0.011583010387582254,6.931388875132723,-0.00015157650949729207,nan,23.297351391927236,nan,0.9921875,0.439453125,2.6858908029084168
2,spectral-friendly-sam-muon,spectral-friendly-sam-muon,Spectral Friendly SAM-Muon,,muon,friendly,spectral,both,3.0,0.01,nominal,0.02,additive,1.0,nn_ce,2.2504740078131276,5,0,-1,500,1000,0.11631301591928324,-2.1341609918938445,nan,nan,0.0674661907030026,0.07031846781614212,0.011336659053043895,7.01412373083879,0.0001156060098845696,nan,22.991778577615854,nan,0.9921875,0.423828125,2.6871979678893627
2,spectral-friendly-sam-muon,spectral-friendly-sam-muon,Spectral Friendly SAM-Muon,,muon,friendly,spectral,both,3.0,0.01,nominal,0.02,additive,1.0,nn_ce,2.2504740078131276,6,0,-1,500,1000,0.11261697989607942,-2.137857027917048,nan,nan,0.06538571084857568,0.06849389673043978,0.011284491933753428,6.932842262727766,-0.00017543774586149807,nan,22.44582811088377,nan,0.998046875,0.462890625,2.518218498192974
2,spectral-friendly-sam-muon,spectral-friendly-sam-muon,Spectral Friendly SAM-Muon,,muon,friendly,spectral,both,3.0,0.01,nominal,0.02,additive,1.0,nn_ce,2.2504740078131276,7,0,-1,500,1000,0.11582223787340377,-2.134651769939724,nan,nan,0.06615704607263585,0.06967080632962594,0.011338986486758544,6.917620208435508,-5.2593470791659214e-05,nan,23.090097792204308,nan,0.99609375,0.46484375,2.629898160380471
2,spectral-friendly-sam-muon,spectral-friendly-sam-muon,Spectral Friendly SAM-Muon,,muon,friendly,spectral,both,3.0,0.2,nominal,0.02,additive,1.0,nn_ce,2.2504740078131276,0,0,-1,500,1000,0.18230388693090135,-2.0681701208822263,nan,nan,0.0886129223967938,1.3863561315746495,0.2295963375480391,7.061624708274196,0.021500177776442336,nan,23.050911966637795,nan,0.98046875,0.44140625,2.3904021454462954
2,spectral-friendly-sam-muon,spectral-friendly-sam-muon,Spectral Friendly SAM-Muon,,muon,friendly,spectral,both,3.0,0.2,nominal,0.02,additive,1.0,nn_ce,2.2504740078131276,1,0,-1,500,1000,0.1626311512352508,-2.087842856577877,nan,nan,0.0812242502893368,1.3588007159436142,0.22679180713446515,6.8302092392392915,0.014045901569082642,nan,22.667853903926844,nan,0.986328125,0.44921875,2.42148108565676
2,spectral-friendly-sam-muon,spectral-friendly-sam-muon,Spectral Friendly SAM-Muon,,muon,friendly,spectral,both,3.0,0.2,nominal,0.02,additive,1.0,nn_ce,2.2504740078131276,2,0,-1,500,1000,0.1544082160330371,-2.0960657917800907,nan,nan,0.08172545344974577,1.3926055529901271,0.22686903642583897,6.980857049175548,0.016175520090296103,nan,22.77507267228325,nan,0.984375,0.44921875,2.2541963898140933
2,spectral-friendly-sam-muon,spectral-friendly-sam-muon,Spectral Friendly SAM-Muon,,muon,friendly,spectral,both,3.0,0.2,nominal,0.02,additive,1.0,nn_ce,2.2504740078131276,3,0,-1,500,1000,0.15518022897296338,-2.095293778840164,nan,nan,0.08005450416417473,1.3975632790192718,0.22687077628620023,7.087091942257064,0.020054997430706933,nan,22.84393713841385,nan,0.994140625,0.447265625,2.3591963002538723
2,spectral-friendly-sam-muon,spectral-friendly-sam-muon,Spectral Friendly SAM-Muon,,muon,friendly,spectral,both,3.0,0.2,nominal,0.02,additive,1.0,nn_ce,2.2504740078131276,4,0,-1,500,1000,0.16505197619379813,-2.0854220316193293,nan,nan,0.08161286441503744,1.4062635269269441,0.22686294132879634,7.049753652591188,0.014106213062932,nan,23.09329357990676,nan,0.9765625,0.44140625,2.453073503653016
2,spectral-friendly-sam-muon,spectral-friendly-sam-muon,Spectral Friendly SAM-Muon,,muon,friendly,spectral,both,3.0,0.2,nominal,0.02,additive,1.0,nn_ce,2.2504740078131276,5,0,-1,500,1000,0.1601450881825117,-2.090328919630616,nan,nan,0.07930971036590671,1.4162383742582763,0.22683374557808908,7.1095607681166255,0.021623966963177338,nan,22.954529508338027,nan,0.978515625,0.451171875,2.3688002078196835
2,spectral-friendly-sam-muon,spectral-friendly-sam-muon,Spectral Friendly SAM-Muon,,muon,friendly,spectral,both,3.0,0.2,nominal,0.02,additive,1.0,nn_ce,2.2504740078131276,6,0,-1,500,1000,0.15837444643305393,-2.0920995613800737,nan,nan,0.08298669168867358,1.369145441764719,0.22678260990045349,7.02135675060516,0.014732033528904925,nan,22.42873610680885,nan,0.98828125,0.470703125,2.2398627640054056
2,spectral-friendly-sam-muon,spectral-friendly-sam-muon,Spectral Friendly SAM-Muon,,muon,friendly,spectral,both,3.0,0.2,nominal,0.02,additive,1.0,nn_ce,2.2504740078131276,7,0,-1,500,1000,0.15393067255492723,-2.0965433352582004,nan,nan,0.07735891539675382,1.414945735972992,0.22686711989154967,6.899889979485848,0.02182542000437604,nan,22.96455720043903,nan,0.986328125,0.451171875,2.37083172324118
2,lazy-spectral-sam-muon,lazy-spectral-sam-muon,Lazy Spectral SAM-Muon (Atlas),,muon,stale_update,raw,both,3.0,1.0,nominal,0.02,additive,1.0,nn_ce,2.2504740078131276,0,0,-1,500,501,1.6780564803358096,-0.572417527477318,nan,nan,0.8382489686284528,7.062764656586241,1.20205447884202,7.0770305344581965,5.522403525811605,nan,21.125679353612824,nan,0.498046875,0.322265625,2.5275598172337372
2,lazy-spectral-sam-muon,lazy-spectral-sam-muon,Lazy Spectral SAM-Muon (Atlas),,muon,stale_update,raw,both,3.0,1.0,nominal,0.02,additive,1.0,nn_ce,2.2504740078131276,1,0,-1,500,501,1.718815413066447,-0.5316585947466805,nan,nan,0.931279662254103,7.141103289098846,1.194911179471736,7.131277433066799,5.309852214207398,nan,20.890320543393536,nan,0.490234375,0.298828125,2.539620453269326
2,lazy-spectral-sam-muon,lazy-spectral-sam-muon,Lazy Spectral SAM-Muon (Atlas),,muon,stale_update,raw,both,3.0,1.0,nominal,0.02,additive,1.0,nn_ce,2.2504740078131276,2,0,-1,500,501,1.637843624168489,-0.6126303836446385,nan,nan,0.7771554851576217,7.295328590677731,1.2022907396498193,7.3684300884194105,5.372006472470987,nan,20.231430631481516,nan,0.5,0.3515625,2.3212825772031622
2,lazy-spectral-sam-muon,lazy-spectral-sam-muon,Lazy Spectral SAM-Muon (Atlas),,muon,stale_update,raw,both,3.0,1.0,nominal,0.02,additive,1.0,nn_ce,2.2504740078131276,3,0,-1,500,501,1.5859828395708222,-0.6644911682423054,nan,nan,0.7390989727437062,7.063125935005398,1.1993416426148513,6.992738555998289,5.0280418625987195,nan,21.179867268894,nan,0.541015625,0.34765625,2.40840213103991
2,lazy-spectral-sam-muon,lazy-spectral-sam-muon,Lazy Spectral SAM-Muon (Atlas),,muon,stale_update,raw,both,3.0,1.0,nominal,0.02,additive,1.0,nn_ce,2.2504740078131276,4,0,-1,500,501,1.6314568943742793,-0.6190171134388482,nan,nan,0.5921610081691366,7.051893033379325,1.2014054627495905,7.3127682601967905,5.4876497122033685,nan,21.426421982741893,nan,0.53515625,0.318359375,2.46336909224482
2,lazy-spectral-sam-muon,lazy-spectral-sam-muon,Lazy Spectral SAM-Muon (Atlas),,muon,stale_update,raw,both,3.0,1.0,nominal,0.02,additive,1.0,nn_ce,2.2504740078131276,5,0,-1,500,501,1.8222279875272145,-0.4282460202859131,nan,nan,0.9393663837653559,7.187535519260977,1.1907412338642596,7.2006730721124,4.959007326345718,nan,20.247437051412792,nan,0.447265625,0.3046875,2.6631679101053307
2,lazy-spectral-sam-muon,lazy-spectral-sam-muon,Lazy Spectral SAM-Muon (Atlas),,muon,stale_update,raw,both,3.0,1.0,nominal,0.02,additive,1.0,nn_ce,2.2504740078131276,6,0,-1,500,501,1.879511290365901,-0.37096271744722653,nan,nan,1.2921842710602822,7.040484721846913,1.2014989141737247,7.122485616488127,5.004955841523985,nan,20.295393437894685,nan,0.421875,0.296875,2.6189800516430406
2,lazy-spectral-sam-muon,lazy-spectral-sam-muon,Lazy Spectral SAM-Muon (Atlas),,muon,stale_update,raw,both,3.0,1.0,nominal,0.02,additive,1.0,nn_ce,2.2504740078131276,7,0,-1,500,501,1.540746990335108,-0.7097270174780195,nan,nan,0.77421322269592,7.013406929586006,1.1487202296629895,7.135859357838724,4.843458238929237,nan,20.785934276038425,nan,0.525390625,0.353515625,2.4820548875978377
2,spectral-friendly-sam-muon,spectral-friendly-sam-muon,Spectral Friendly SAM-Muon,,muon,friendly,spectral,both,3.0,0.05,nominal,0.02,additive,1.0,nn_ce,2.2504740078131276,0,0,-1,500,1000,0.12097799871123796,-2.1294960091018895,nan,nan,0.06798314027780092,0.34499753278117873,0.060102731959356864,6.848074822047462,0.0015161788602866821,nan,23.331194041287635,nan,0.9921875,0.439453125,2.6001236619531776
2,spectral-friendly-sam-muon,spectral-friendly-sam-muon,Spectral Friendly SAM-Muon,,muon,friendly,spectral,both,3.0,0.05,nominal,0.02,additive,1.0,nn_ce,2.2504740078131276,1,0,-1,500,1000,0.10952169772764062,-2.140952310085487,nan,nan,0.06313161026688308,0.34259345571512784,0.05793299225596143,6.826352860368888,0.00041752219162699555,nan,22.888718491918237,nan,0.998046875,0.423828125,2.637419994964847
2,spectral-friendly-sam-muon,spectral-friendly-sam-muon,Spectral Friendly SAM-Muon,,muon,friendly,spectral,both,3.0,0.05,nominal,0.02,additive,1.0,nn_ce,2.2504740078131276,2,0,-1,500,1000,0.1141346854067593,-2.1363393224063683,nan,nan,0.06605896073150512,0.3497315914581385,0.059213314619863316,6.936317452981439,0.0006841452240972101,nan,22.744775807407514,nan,0.994140625,0.4453125,2.4356885963849733
2,spectral-friendly-sam-muon,spectral-friendly-sam-muon,Spectral Friendly SAM-Muon,,muon,friendly,spectral,both,3.0,0.05,nominal,0.02,additive,1.0,nn_ce,2.2504740078131276,3,0,-1,500,1000,0.11179437586893903,-2.1386796319441883,nan,nan,0.06500057808902548,0.34798330262432126,0.05992901505656798,7.109829495629985,0.0010466878784894523,nan,22.9502657030243,nan,0.99609375,0.439453125,2.5257842597998525
2,spectral-friendly-sam-muon,spectral-friendly-sam-muon,Spectral Friendly SAM-Muon,,muon,friendly,spectral,both,3.0,0.05,nominal,0.02,additive,1.0,nn_ce,2.2504740078131276,4,0,-1,500,1000,0.1137799028958484,-2.136694104917279,nan,nan,0.06613989866036671,0.34954441009731935,0.05665382777488189,6.9801958845269105,0.0001478146729099461,nan,23.17813407653977,nan,0.98828125,0.4375,2.660985194894416
2,spectral-friendly-sam-muon,spectral-friendly-sam-muon,Spectral Friendly SAM-Muon,,muon,friendly,spectral,both,3.0,0.05,nominal,0.02,additive,1.0,nn_ce,2.2504740078131276,5,0,-1,500,1000,0.11630289198567315,-2.1341711158274546,nan,nan,0.06427890472047666,0.34763376369521176,0.05664632299482822,6.940455405709209,0.001509902973011304,nan,23.0193272767997,nan,0.990234375,0.4375,2.6169449002233094
2,spectral-friendly-sam-muon,spectral-friendly-sam-muon,Spectral Friendly SAM-Muon,,muon,friendly,spectral,both,3.0,0.05,nominal,0.02,additive,1.0,nn_ce,2.2504740078131276,6,0,-1,500,1000,0.11303864382920825,-2.1374353639839194,nan,nan,0.06557220223334259,0.34160379517786194,0.05669758910780208,6.983987398955139,0.00025463999288959094,nan,22.483750326803886,nan,0.998046875,0.455078125,2.5279158555846895
2,spectral-friendly-sam-muon,spectral-friendly-sam-muon,Spectral Friendly SAM-Muon,,muon,friendly,spectral,both,3.0,0.05,nominal,0.02,additive,1.0,nn_ce,2.2504740078131276,7,0,-1,500,1000,0.11490861275435652,-2.135565395058771,nan,nan,0.06343015481401176,0.3464917569290332,0.056699589117422185,6.98147498892681,0.0008112150738325552,nan,23.02952348396065,nan,0.994140625,0.4765625,2.527949731360351
2,lazy-spectral-sam-muon,lazy-spectral-sam-muon,Lazy Spectral SAM-Muon (Atlas),,muon,stale_update,raw,both,3.0,0.05,nominal,0.02,additive,1.0,nn_ce,2.2504740078131276,0,0,-1,500,501,0.13832097070260324,-2.112153037110524,nan,nan,0.08056597746639602,0.35137880906854957,0.060104732812323584,7.034259259212983,0.010507077090870537,nan,23.562987313754967,nan,0.986328125,0.435546875,2.6003093431786253
2,lazy-spectral-sam-muon,lazy-spectral-sam-muon,Lazy Spectral SAM-Muon (Atlas),,muon,stale_update,raw,both,3.0,0.05,nominal,0.02,additive,1.0,nn_ce,2.2504740078131276,1,0,-1,500,501,0.12595921637072838,-2.124514791442399,nan,nan,0.07289894977884122,0.3530639198702869,0.0566944903395597,6.837417983713959,0.009808261776599131,nan,23.054558111598553,nan,0.994140625,0.43359375,2.592879126322146
2,lazy-spectral-sam-muon,lazy-spectral-sam-muon,Lazy Spectral SAM-Muon (Atlas),,muon,stale_update,raw,both,3.0,0.05,nominal,0.02,additive,1.0,nn_ce,2.2504740078131276,2,0,-1,500,501,0.12640586940471651,-2.1240681384084112,nan,nan,0.08230206775288906,0.3498985643738868,0.056410971821863505,6.865643831698931,0.013620716929965249,nan,22.875525361993944,nan,0.994140625,0.4453125,2.447752587168817
2,lazy-spectral-sam-muon,lazy-spectral-sam-muon,Lazy Spectral SAM-Muon (Atlas),,muon,stale_update,raw,both,3.0,0.05,nominal,0.02,additive,1.0,nn_ce,2.2504740078131276,3,0,-1,500,501,0.12494942515427553,-2.1255245826588522,nan,nan,0.07582659268468184,0.35148476936403844,0.056691211937417475,6.913762229973964,0.010293878137591944,nan,23.029231592155394,nan,0.994140625,0.4453125,2.4817582379095753
2,lazy-spectral-sam-muon,lazy-spectral-sam-muon,Lazy Spectral SAM-Muon (Atlas),,muon,stale_update,raw,both,3.0,0.05,nominal,0.02,additive,1.0,nn_ce,2.2504740078131276,4,0,-1,500,501,0.12455683607183922,-2.125917171741288,nan,nan,0.07626696726255888,0.3484983428100601,0.05666531823068543,6.981012753140496,0.010981882451730166,nan,23.146367855414315,nan,0.990234375,0.4375,2.660620840508753
2,lazy-spectral-sam-muon,lazy-spectral-sam-muon,Lazy Spectral SAM-Muon (Atlas),,muon,stale_update,raw,both,3.0,0.05,nominal,0.02,additive,1.0,nn_ce,2.2504740078131276,5,0,-1,500,501,0.13424677771205173,-2.116227230101076,nan,nan,0.07843197981888515,0.34885414432637,0.05671757028524724,6.91766664242047,0.01255584092387213,nan,23.105510148922715,nan,0.990234375,0.4375,2.5609035635375306
2,lazy-spectral-sam-muon,lazy-spectral-sam-muon,Lazy Spectral SAM-Muon (Atlas),,muon,stale_update,raw,both,3.0,0.05,nominal,0.02,additive,1.0,nn_ce,2.2504740078131276,6,0,-1,500,501,0.12495206541001304,-2.1255219424031147,nan,nan,0.07926021129913237,0.3566409808797243,0.056710401436071145,7.046944935557012,0.012512329800350525,nan,22.468703733423148,nan,0.998046875,0.462890625,2.473952822560129
2,lazy-spectral-sam-muon,lazy-spectral-sam-muon,Lazy Spectral SAM-Muon (Atlas),,muon,stale_update,raw,both,3.0,0.05,nominal,0.02,additive,1.0,nn_ce,2.2504740078131276,7,0,-1,500,501,0.12575624624843956,-2.124717761564688,nan,nan,0.07531129762995861,0.34978324966995106,0.05736113605636432,6.923786211490953,0.00872733103997636,nan,23.07272358898553,nan,0.99609375,0.458984375,2.572467054909164
2,spectral-friendly-sam-muon,spectral-friendly-sam-muon,Spectral Friendly SAM-Muon,,muon,friendly,spectral,both,3.0,0.1,nominal,0.02,additive,1.0,nn_ce,2.2504740078131276,0,0,-1,500,1000,0.12918273582554185,-2.1212912719875856,nan,nan,0.07200965989821358,0.6839864837815097,0.11271822959792907,6.877930940289601,0.0049131998476901195,nan,23.212732805990623,nan,0.9921875,0.443359375,2.5375033818844135
2,spectral-friendly-sam-muon,spectral-friendly-sam-muon,Spectral Friendly SAM-Muon,,muon,friendly,spectral,both,3.0,0.1,nominal,0.02,additive,1.0,nn_ce,2.2504740078131276,1,0,-1,500,1000,0.1199768931509632,-2.1304971146621643,nan,nan,0.0671570391459031,0.6775003864590644,0.11343543769218983,6.740821036160427,0.0022969904024151694,nan,22.859405723375765,nan,0.99609375,0.431640625,2.5563580078516654
2,spectral-friendly-sam-muon,spectral-friendly-sam-muon,Spectral Friendly SAM-Muon,,muon,friendly,spectral,both,3.0,0.1,nominal,0.02,additive,1.0,nn_ce,2.2504740078131276,2,0,-1,500,1000,0.12287099618412367,-2.127603011629004,nan,nan,0.06835687326836903,0.6998988270556045,0.11942120722972688,6.849363323364901,0.0031823979401549574,nan,22.788273411459027,nan,0.9921875,0.44921875,2.418901847773134
2,spectral-friendly-sam-muon,spectral-friendly-sam-muon,Spectral Friendly SAM-Muon,,muon,friendly,spectral,both,3.0,0.1,nominal,0.02,additive,1.0,nn_ce,2.2504740078131276,3,0,-1,500,1000,0.12060837623979466,-2.129865631573333,nan,nan,0.06781343249832983,0.6974141436548823,0.11936946463329631,7.066022800512204,0.004284513238256765,nan,22.91327349722069,nan,0.99609375,0.451171875,2.505690487005518
2,spectral-friendly-sam-muon,spectral-friendly-sam-muon,Spectral Friendly SAM-Muon,,muon,friendly,spectral,both,3.0,0.1,nominal,0.02,additive,1.0,nn_ce,2.2504740078131276,4,0,-1,500,1000,0.12352719050120403,-2.1269468173119237,nan,nan,0.0695125147055829,0.7031076539304568,0.11294851282834574,6.929731354809543,0.0027906133428338142,nan,23.264523906367362,nan,0.984375,0.4375,2.619013211007596
2,spectral-friendly-sam-muon,spectral-friendly-sam-muon,Spectral Friendly SAM-Muon,,muon,friendly,spectral,both,3.0,0.1,nominal,0.02,additive,1.0,nn_ce,2.2504740078131276,5,0,-1,500,1000,0.1223818422640306,-2.1280921655490967,nan,nan,0.06546085464714188,0.7038551548711198,0.11304438566609507,6.932670993150546,0.005885603175397158,nan,23.101322582552523,nan,0.990234375,0.447265625,2.5353505943723955
2,spectral-friendly-sam-muon,spectral-friendly-sam-muon,Spectral Friendly SAM-Muon,,muon,friendly,spectral,both,3.0,0.1,nominal,0.02,additive,1.0,nn_ce,2.2504740078131276,6,0,-1,500,1000,0.12278040971265039,-2.127693598100477,nan,nan,0.06857117529291479,0.6841642641788277,0.11305933955238975,6.9949791085016955,0.002972541863300371,nan,22.19928587241194,nan,0.99609375,0.45703125,2.4120283427952858
2,spectral-friendly-sam-muon,spectral-friendly-sam-muon,Spectral Friendly SAM-Muon,,muon,friendly,spectral,both,3.0,0.1,nominal,0.02,additive,1.0,nn_ce,2.2504740078131276,7,0,-1,500,1000,0.12915523713110316,-2.1213187706820245,nan,nan,0.06802127987819809,0.6971620308812967,0.1134290797033431,6.8131727888455655,0.0048922979725581905,nan,22.951825371067372,nan,0.990234375,0.453125,2.511604062139157
2,lazy-spectral-sam-muon,lazy-spectral-sam-muon,Lazy Spectral SAM-Muon (Atlas),,muon,stale_update,raw,both,3.0,0.5,nominal,0.02,additive,1.0,nn_ce,2.2504740078131276,0,0,-1,500,501,0.7548396586844287,-1.4956343491286987,nan,nan,0.5343950725564517,3.5900076969469046,0.5663368447713762,7.2350801688681186,1.6619174383201256,nan,23.02198643694283,nan,0.765625,0.384765625,2.2817006271915403
2,lazy-spectral-sam-muon,lazy-spectral-sam-muon,Lazy Spectral SAM-Muon (Atlas),,muon,stale_update,raw,both,3.0,0.5,nominal,0.02,additive,1.0,nn_ce,2.2504740078131276,1,0,-1,500,501,0.7777422306674265,-1.4727317771457011,nan,nan,0.5877896061664412,3.5973546679171458,0.5669294096557431,7.3021858837576685,1.2631535428835303,nan,22.774497134073048,nan,0.755859375,0.38671875,2.402287501154027
2,lazy-spectral-sam-muon,lazy-spectral-sam-muon,Lazy Spectral SAM-Muon (Atlas),,muon,stale_update,raw,both,3.0,0.5,nominal,0.02,additive,1.0,nn_ce,2.2504740078131276,2,0,-1,500,501,0.7579589234156112,-1.4925150843975163,nan,nan,0.6190528448597031,3.6104466449877366,0.5964053865004918,7.368416918613114,1.8010862840677138,nan,23.219505111368676,nan,0.755859375,0.392578125,2.3117661090446266
2,lazy-spectral-sam-muon,lazy-spectral-sam-muon,Lazy Spectral SAM-Muon (Atlas),,muon,stale_update,raw,both,3.0,0.5,nominal,0.02,additive,1.0,nn_ce,2.2504740078131276,3,0,-1,500,501,0.7152379048765674,-1.5352361029365602,nan,nan,0.49558170527144807,3.7341266424910793,0.5940109688630525,7.5137539667266715,1.8026267123549808,nan,22.76766117802757,nan,0.771484375,0.458984375,2.085780072948938
2,lazy-spectral-sam-muon,lazy-spectral-sam-muon,Lazy Spectral SAM-Muon (Atlas),,muon,stale_update,raw,both,3.0,0.5,nominal,0.02,additive,1.0,nn_ce,2.2504740078131276,4,0,-1,500,501,0.727763209281348,-1.5227107985317796,nan,nan,0.5296092372492649,3.6073692600022005,0.5956584618402537,7.122050766645181,1.5753810397382983,nan,23.205625115645738,nan,0.7734375,0.419921875,2.189398235731924
2,lazy-spectral-sam-muon,lazy-spectral-sam-muon,Lazy Spectral SAM-Muon (Atlas),,muon,stale_update,raw,both,3.0,0.5,nominal,0.02,additive,1.0,nn_ce,2.2504740078131276,5,0,-1,500,501,0.7820297867696464,-1.4684442210434812,nan,nan,0.5695712316503108,3.5854849188207356,0.5958187781571677,7.187136165846451,1.777181990578416,nan,23.10337471044163,nan,0.763671875,0.400390625,2.2445261568985
2,lazy-spectral-sam-muon,lazy-spectral-sam-muon,Lazy Spectral SAM-Muon (Atlas),,muon,stale_update,raw,both,3.0,0.5,nominal,0.02,additive,1.0,nn_ce,2.2504740078131276,6,0,-1,500,501,0.7073673676801943,-1.5431066401329332,nan,nan,0.5025880284736512,3.631584094671815,0.5952264033583848,7.245861899108507,1.7343181688400018,nan,22.77050093491288,nan,0.787109375,0.4140625,2.1815346900722616
2,lazy-spectral-sam-muon,lazy-spectral-sam-muon,Lazy Spectral SAM-Muon (Atlas),,muon,stale_update,raw,both,3.0,0.5,nominal,0.02,additive,1.0,nn_ce,2.2504740078131276,7,0,-1,500,501,0.74470906094024,-1.5057649468728875,nan,nan,0.5910182848517774,3.6157523831505163,0.6006806223916223,7.202966823637425,1.676935169090346,nan,23.27577521112268,nan,0.765625,0.396484375,2.2533330965338587
2,spectral-friendly-sam-muon,spectral-friendly-sam-muon,Spectral Friendly SAM-Muon,,muon,friendly,spectral,both,3.0,1.0,nominal,0.02,additive,1.0,nn_ce,2.2504740078131276,0,0,-1,500,1000,1.5910014117899567,-0.6594725960231709,nan,nan,0.3201197055062797,7.033636794109167,1.134326506226154,6.943558828514292,0.6305820211113535,nan,18.515746907507282,nan,0.564453125,0.421875,2.166896043875822
2,spectral-friendly-sam-muon,spectral-friendly-sam-muon,Spectral Friendly SAM-Muon,,muon,friendly,spectral,both,3.0,1.0,nominal,0.02,additive,1.0,nn_ce,2.2504740078131276,1,0,-1,500,1000,1.5387848204749965,-0.711689187338131,nan,nan,0.3301145390844287,6.949683819274248,1.1338138800243749,6.92620767529287,0.28542459747527293,nan,18.111084033968755,nan,0.5625,0.4453125,2.130523078549545
2,spectral-friendly-sam-muon,spectral-friendly-sam-muon,Spectral Friendly SAM-Muon,,muon,friendly,spectral,both,3.0,1.0,nominal,0.02,additive,1.0,nn_ce,2.2504740078131276,2,0,-1,500,1000,1.5621498206345552,-0.6883241871785724,nan,nan,0.3114893408720024,6.997170814093257,1.1342457153101837,6.89861087181839,0.24714312033518482,nan,18.19236548652354,nan,0.533203125,0.419921875,2.123063899939581
2,spectral-friendly-sam-muon,spectral-friendly-sam-muon,Spectral Friendly SAM-Muon,,muon,friendly,spectral,both,3.0,1.0,nominal,0.02,additive,1.0,nn_ce,2.2504740078131276,3,0,-1,500,1000,1.6046358770165057,-0.6458381307966219,nan,nan,0.32438242646408477,6.929599001692692,1.1341729890708985,7.057496105148402,0.34949738077952563,nan,17.889312717133528,nan,0.541015625,0.431640625,2.147896740052244
2,spectral-friendly-sam-muon,spectral-friendly-sam-muon,Spectral Friendly SAM-Muon,,muon,friendly,spectral,both,3.0,1.0,nominal,0.02,additive,1.0,nn_ce,2.2504740078131276,4,0,-1,500,1000,1.5485394273824955,-0.7019345804306321,nan,nan,0.31416622103724273,7.048251698812169,1.1340778682416544,6.914580355899124,0.3941483786758613,nan,18.374296981212,nan,0.546875,0.435546875,2.123476921761582
2,spectral-friendly-sam-muon,spectral-friendly-sam-muon,Spectral Friendly SAM-Muon,,muon,friendly,spectral,both,3.0,1.0,nominal,0.02,additive,1.0,nn_ce,2.2504740078131276,5,0,-1,500,1000,1.5268621386563366,-0.723611869156791,nan,nan,0.31839363179140073,6.980091934712922,1.1341389909625579,6.980359330337683,0.379568563272753,nan,18.39334787156879,nan,0.560546875,0.44921875,2.1199715114232527
2,spectral-friendly-sam-muon,spectral-friendly-sam-muon,Spectral Friendly SAM-Muon,,muon,friendly,spectral,both,3.0,1.0,nominal,0.02,additive,1.0,nn_ce,2.2504740078131276,6,0,-1,500,1000,1.5462437700409326,-0.704230237772195,nan,nan,0.33144151713781755,6.876020332393247,1.155200519921074,7.084097698914115,0.5276105884778324,nan,17.704290867760584,nan,0.572265625,0.453125,2.111754669171306
2,spectral-friendly-sam-muon,spectral-friendly-sam-muon,Spectral Friendly SAM-Muon,,muon,friendly,spectral,both,3.0,1.0,nominal,0.02,additive,1.0,nn_ce,2.2504740078131276,7,0,-1,500,1000,1.5195793793591899,-0.7308946284539377,nan,nan,0.32267582116559795,6.9600951525253905,1.134249800304081,6.921659893782365,0.39263230386112347,nan,18.34642440821594,nan,0.568359375,0.435546875,2.1181527334450125
2,stale-friendly-spectral-sam-muon,stale-friendly-spectral-sam-muon,Stale Friendly Spectral SAM-Muon,,muon,stale_friendly,spectral,mnist,3.0,0.02,nominal,0.02,additive,1.0,nn_ce,2.2504740078131276,0,0,-1,500,501,0.11882431717140854,-2.131649690641719,nan,nan,0.06861553955811103,0.13837838409366485,0.022686709806194274,6.869055568145188,2.6354324162480847e-05,nan,23.484162704120855,nan,0.99609375,0.44140625,2.6717184937269307
2,stale-friendly-spectral-sam-muon,stale-friendly-spectral-sam-muon,Stale Friendly Spectral SAM-Muon,,muon,stale_friendly,spectral,mnist,3.0,0.02,nominal,0.02,additive,1.0,nn_ce,2.2504740078131276,1,0,-1,500,501,0.11115934059063984,-2.1393146672224876,nan,nan,0.06621383291489136,0.14071920613883226,0.02263681434739962,6.800603040587256,0.00014054358665369082,nan,22.93716007183682,nan,0.998046875,0.42578125,2.6642703958459055
2,stale-friendly-spectral-sam-muon,stale-friendly-spectral-sam-muon,Stale Friendly Spectral SAM-Muon,,muon,stale_friendly,spectral,mnist,3.0,0.02,nominal,0.02,additive,1.0,nn_ce,2.2504740078131276,2,0,-1,500,501,0.11449302211705273,-2.135980985696075,nan,nan,0.07029957730715373,0.13840601580307527,0.022644449592719627,6.803852589508226,-7.867242306898448e-05,nan,22.78724361721926,nan,0.994140625,0.435546875,2.482990980674573
2,stale-friendly-spectral-sam-muon,stale-friendly-spectral-sam-muon,Stale Friendly Spectral SAM-Muon,,muon,stale_friendly,spectral,mnist,3.0,0.02,nominal,0.02,additive,1.0,nn_ce,2.2504740078131276,3,0,-1,500,501,0.11045957815818905,-2.1400144296549386,nan,nan,0.06680619694070378,0.13741672862409135,0.02267585278511746,7.0328005499225545,7.57852156368366e-05,nan,22.963598169217676,nan,0.99609375,0.447265625,2.543807911857985
2,stale-friendly-spectral-sam-muon,stale-friendly-spectral-sam-muon,Stale Friendly Spectral SAM-Muon,,muon,stale_friendly,spectral,mnist,3.0,0.02,nominal,0.02,additive,1.0,nn_ce,2.2504740078131276,4,0,-1,500,501,0.11269761092388242,-2.137776396889245,nan,nan,0.06845326509973898,0.13842936532769798,0.02268027345238522,6.938284732502984,-7.849523296488137e-05,nan,23.231102833072907,nan,0.9921875,0.4375,2.710599890591348
2,stale-friendly-spectral-sam-muon,stale-friendly-spectral-sam-muon,Stale Friendly Spectral SAM-Muon,,muon,stale_friendly,spectral,mnist,3.0,0.02,nominal,0.02,additive,1.0,nn_ce,2.2504740078131276,5,0,-1,500,501,0.11752210729025478,-2.132951900522873,nan,nan,0.0702345850576177,0.13679228159098808,0.022686927833579913,7.034172773965405,0.0004083459671898326,nan,23.060896557226503,nan,0.994140625,0.427734375,2.679659765190051
2,stale-friendly-spectral-sam-muon,stale-friendly-spectral-sam-muon,Stale Friendly Spectral SAM-Muon,,muon,stale_friendly,spectral,mnist,3.0,0.02,nominal,0.02,additive,1.0,nn_ce,2.2504740078131276,6,0,-1,500,501,0.1119053123332926,-2.138568695479835,nan,nan,0.06538835220721559,0.1400528166320275,0.024040367462764518,6.952322407227355,0.00025109968032877017,nan,22.451920387086254,nan,0.998046875,0.45703125,2.5627057118834093
2,stale-friendly-spectral-sam-muon,stale-friendly-spectral-sam-muon,Stale Friendly Spectral SAM-Muon,,muon,stale_friendly,spectral,mnist,3.0,0.02,nominal,0.02,additive,1.0,nn_ce,2.2504740078131276,7,0,-1,500,501,0.11559712173452913,-2.1348768860785983,nan,nan,0.06656320124190057,0.14094309134717048,0.023875160671281103,6.968929185021381,0.00016335493833841142,nan,23.098880328756596,nan,0.994140625,0.47265625,2.616085415703372
2,spectral-friendly-sam-muon,spectral-friendly-sam-muon,Spectral Friendly SAM-Muon,,muon,friendly,spectral,both,3.0,0.02,nominal,0.02,additive,1.0,nn_ce,2.2504740078131276,0,0,-1,500,1000,0.11855101415360864,-2.131922993659519,nan,nan,0.06786361313458486,0.13663900867322956,0.023242920023012748,6.8341825549207496,0.00018850709811477073,nan,23.41204405223975,nan,0.994140625,0.44140625,2.6098315996959798
2,spectral-friendly-sam-muon,spectral-friendly-sam-muon,Spectral Friendly SAM-Muon,,muon,friendly,spectral,both,3.0,0.02,nominal,0.02,additive,1.0,nn_ce,2.2504740078131276,1,0,-1,500,1000,0.10637930031630759,-2.14409470749682,nan,nan,0.06324889628899656,0.13552401630240765,0.022680635570031332,6.792669528156796,-0.00012331400052481567,nan,22.906197642178302,nan,0.998046875,0.419921875,2.651138096259648
2,spectral-friendly-sam-muon,spectral-friendly-sam-muon,Spectral Friendly SAM-Muon,,muon,friendly,spectral,both,3.0,0.02,nominal,0.02,additive,1.0,nn_ce,2.2504740078131276,2,0,-1,500,1000,0.11067498315399496,-2.1397990246591325,nan,nan,0.06707736568436169,0.13940137051879947,0.024043626381547858,6.872270620904986,-2.212305909299328e-07,nan,22.769993889203217,nan,0.994140625,0.45703125,2.4594976217508915
2,spectral-friendly-sam-muon,spectral-friendly-sam-muon,Spectral Friendly SAM-Muon,,muon,friendly,spectral,both,3.0,0.02,nominal,0.02,additive,1.0,nn_ce,2.2504740078131276,3,0,-1,500,1000,0.1106281391442974,-2.13984586866883,nan,nan,0.06543551620077044,0.13908323594378147,0.02395180343280578,7.049592512850404,5.2081379187246535e-06,nan,22.884704842619474,nan,0.99609375,0.44140625,2.54963624651877
2,spectral-friendly-sam-muon,spectral-friendly-sam-muon,Spectral Friendly SAM-Muon,,muon,friendly,spectral,both,3.0,0.02,nominal,0.02,additive,1.0,nn_ce,2.2504740078131276,4,0,-1,500,1000,0.11109432677571221,-2.1393796810374153,nan,nan,0.06597362065021165,0.14107913212616854,0.02260928006051286,6.948562518554828,-0.00027522851008132676,nan,23.245267552983005,nan,0.9921875,0.4296875,2.690294880336225
2,spectral-friendly-sam-muon,spectral-friendly-sam-muon,Spectral Friendly SAM-Muon,,muon,friendly,spectral,both,3.0,0.02,nominal,0.02,additive,1.0,nn_ce,2.2504740078131276,5,0,-1,500,1000,0.1168369808628676,-2.13363702695026,nan,nan,0.06736168449479761,0.1395244932890753,0.022663017156418018,6.953611541137513,0.000299099109757367,nan,23.0461466348518,nan,0.9921875,0.412109375,2.6790791158501204
2,spectral-friendly-sam-muon,spectral-friendly-sam-muon,Spectral Friendly SAM-Muon,,muon,friendly,spectral,both,3.0,0.02,nominal,0.02,additive,1.0,nn_ce,2.2504740078131276,6,0,-1,500,1000,0.11204016794906835,-2.138433839864059,nan,nan,0.0648516297995191,0.13707598854127234,0.022553995976477465,6.921964680161528,-0.00023665192913920052,nan,22.437782093112993,nan,0.998046875,0.466796875,2.547267920300083
2,spectral-friendly-sam-muon,spectral-friendly-sam-muon,Spectral Friendly SAM-Muon,,muon,friendly,spectral,both,3.0,0.02,nominal,0.02,additive,1.0,nn_ce,2.2504740078131276,7,0,-1,500,1000,0.11330983437556905,-2.1371641734375584,nan,nan,0.06487875746798354,0.13884675791706938,0.022687143359388134,6.962098187144808,0.00012360591940181742,nan,23.069926670185737,nan,0.994140625,0.470703125,2.5945211958223386
2,stale-friendly-spectral-sam-muon,stale-friendly-spectral-sam-muon,Stale Friendly Spectral SAM-Muon,,muon,stale_friendly,spectral,mnist,3.0,0.01,nominal,0.02,additive,1.0,nn_ce,2.2504740078131276,0,0,-1,500,501,0.11918760947524103,-2.1312863983378865,nan,nan,0.06894818449951401,0.06892683005398531,0.011343467080281682,6.865467306341318,-1.2990398144979709e-05,nan,23.452225270445105,nan,0.9921875,0.447265625,2.639878378299284
2,stale-friendly-spectral-sam-muon,stale-friendly-spectral-sam-muon,Stale Friendly Spectral SAM-Muon,,muon,stale_friendly,spectral,mnist,3.0,0.01,nominal,0.02,additive,1.0,nn_ce,2.2504740078131276,1,0,-1,500,501,0.10849429900316526,-2.1419797088099624,nan,nan,0.0649278001379808,0.06996928639895796,0.011291958045943042,6.841129394452201,1.5278588597192333e-05,nan,22.97685164037942,nan,0.998046875,0.42578125,2.675216561475372
2,stale-friendly-spectral-sam-muon,stale-friendly-spectral-sam-muon,Stale Friendly Spectral SAM-Muon,,muon,stale_friendly,spectral,mnist,3.0,0.01,nominal,0.02,additive,1.0,nn_ce,2.2504740078131276,2,0,-1,500,501,0.11571349164712072,-2.134760516166007,nan,nan,0.07061482270906155,0.06957409976744412,0.011335444087228952,6.845090434984639,-9.276578379184552e-05,nan,22.775934394786116,nan,0.99609375,0.443359375,2.4867568288486623
2,stale-friendly-spectral-sam-muon,stale-friendly-spectral-sam-muon,Stale Friendly Spectral SAM-Muon,,muon,stale_friendly,spectral,mnist,3.0,0.01,nominal,0.02,additive,1.0,nn_ce,2.2504740078131276,3,0,-1,500,501,0.11204942275301849,-2.138424585060109,nan,nan,0.06778686000304374,0.06906840718981287,0.011301852947645966,6.965952794442045,-5.146497704991426e-05,nan,22.906348796773912,nan,0.99609375,0.447265625,2.550702544247691
2,stale-friendly-spectral-sam-muon,stale-friendly-spectral-sam-muon,Stale Friendly Spectral SAM-Muon,,muon,stale_friendly,spectral,mnist,3.0,0.01,nominal,0.02,additive,1.0,nn_ce,2.2504740078131276,4,0,-1,500,501,0.11037991523273416,-2.1400940925803935,nan,nan,0.06734550168686694,0.06930838095517479,0.011342329536260335,6.9630022756149,-6.671018160231412e-05,nan,23.259686672692045,nan,0.9921875,0.4453125,2.717045909923611
2,stale-friendly-spectral-sam-muon,stale-friendly-spectral-sam-muon,Stale Friendly Spectral SAM-Muon,,muon,stale_friendly,spectral,mnist,3.0,0.01,nominal,0.02,additive,1.0,nn_ce,2.2504740078131276,5,0,-1,500,501,0.11824523233939294,-2.1322287754737346,nan,nan,0.07039180308545623,0.06832802997748866,0.011342966930376435,7.018323492132915,8.009157935170985e-05,nan,23.08733401149057,nan,0.994140625,0.4296875,2.6734581104973203
2,stale-friendly-spectral-sam-muon,stale-friendly-spectral-sam-muon,Stale Friendly Spectral SAM-Muon,,muon,stale_friendly,spectral,mnist,3.0,0.01,nominal,0.02,additive,1.0,nn_ce,2.2504740078131276,6,0,-1,500,501,0.11225772780453641,-2.1382162800085913,nan,nan,0.06579830767380988,0.06971767388830752,0.011343463678936998,6.969513499030683,3.277528630656057e-05,nan,22.475185646297195,nan,0.998046875,0.47265625,2.5406434146325614
2,stale-friendly-spectral-sam-muon,stale-friendly-spectral-sam-muon,Stale Friendly Spectral SAM-Muon,,muon,stale_friendly,spectral,mnist,3.0,0.01,nominal,0.02,additive,1.0,nn_ce,2.2504740078131276,7,0,-1,500,501,0.11484421082734528,-2.1356297969857825,nan,nan,0.0662089165782902,0.07031363008890598,0.01134299227189325,6.942107901775117,2.6453802598205844e-05,nan,23.083464313861384,nan,0.994140625,0.466796875,2.6460131655247787
2,stale-friendly-spectral-sam-muon,stale-friendly-spectral-sam-muon,Stale Friendly Spectral SAM-Muon,,muon,stale_friendly,spectral,mnist,3.0,0.05,nominal,0.02,additive,1.0,nn_ce,2.2504740078131276,0,0,-1,500,501,0.12079291739028371,-2.129681090422844,nan,nan,0.06971305306222629,0.34465282533750824,0.05671192868193971,6.972144936786048,0.0009459460075636472,nan,23.543864182278245,nan,0.990234375,0.44140625,2.636207768784162
2,stale-friendly-spectral-sam-muon,stale-friendly-spectral-sam-muon,Stale Friendly Spectral SAM-Muon,,muon,stale_friendly,spectral,mnist,3.0,0.05,nominal,0.02,additive,1.0,nn_ce,2.2504740078131276,1,0,-1,500,501,0.1102103793310304,-2.140263628482097,nan,nan,0.06609773440185322,0.34953548278135027,0.05652109180836838,6.814888536887597,0.0011739719159505196,nan,22.82676029097866,nan,1.0,0.42578125,2.656291058541937
2,stale-friendly-spectral-sam-muon,stale-friendly-spectral-sam-muon,Stale Friendly Spectral SAM-Muon,,muon,stale_friendly,spectral,mnist,3.0,0.05,nominal,0.02,additive,1.0,nn_ce,2.2504740078131276,2,0,-1,500,501,0.11496479514723051,-2.135509212665897,nan,nan,0.06951251710864063,0.3464773338415054,0.0566647848402909,6.826018743283462,0.0008191216435330662,nan,22.718537639801536,nan,0.99609375,0.4375,2.493009892695137
2,stale-friendly-spectral-sam-muon,stale-friendly-spectral-sam-muon,Stale Friendly Spectral SAM-Muon,,muon,stale_friendly,spectral,mnist,3.0,0.05,nominal,0.02,additive,1.0,nn_ce,2.2504740078131276,3,0,-1,500,501,0.11220869024174605,-2.1382653175713817,nan,nan,0.06743946971139227,0.3403723830816458,0.05638218030672851,7.0074185097198765,0.0011493610159122591,nan,22.977759203770127,nan,0.99609375,0.443359375,2.5266435635544218
2,stale-friendly-spectral-sam-muon,stale-friendly-spectral-sam-muon,Stale Friendly Spectral SAM-Muon,,muon,stale_friendly,spectral,mnist,3.0,0.05,nominal,0.02,additive,1.0,nn_ce,2.2504740078131276,4,0,-1,500,501,0.11462194294270239,-2.1358520648704253,nan,nan,0.06888653638243612,0.3461732585246931,0.05671659977933408,6.945160657466636,0.0008411268091017693,nan,23.227794978199633,nan,0.9921875,0.44140625,2.695507057985849
2,stale-friendly-spectral-sam-muon,stale-friendly-spectral-sam-muon,Stale Friendly Spectral SAM-Muon,,muon,stale_friendly,spectral,mnist,3.0,0.05,nominal,0.02,additive,1.0,nn_ce,2.2504740078131276,5,0,-1,500,501,0.11423300894698468,-2.136240998866143,nan,nan,0.06791065535550257,0.3384281762983425,0.05667430768319674,6.991808029219056,0.0017028628909443178,nan,22.998556682042103,nan,0.994140625,0.43359375,2.6829297795811264
2,stale-friendly-spectral-sam-muon,stale-friendly-spectral-sam-muon,Stale Friendly Spectral SAM-Muon,,muon,stale_friendly,spectral,mnist,3.0,0.05,nominal,0.02,additive,1.0,nn_ce,2.2504740078131276,6,0,-1,500,501,0.11317174578794537,-2.137302262025182,nan,nan,0.06597880581419024,0.3496478157897013,0.0575330896760583,6.974971042476961,0.0013820185434647025,nan,22.39336896170199,nan,0.998046875,0.451171875,2.5255442651723246
2,stale-friendly-spectral-sam-muon,stale-friendly-spectral-sam-muon,Stale Friendly Spectral SAM-Muon,,muon,stale_friendly,spectral,mnist,3.0,0.05,nominal,0.02,additive,1.0,nn_ce,2.2504740078131276,7,0,-1,500,501,0.11783063133270083,-2.1326433764804267,nan,nan,0.06681852436560824,0.3524523678042436,0.05976721339492556,6.9100728411773105,0.0010992741958874286,nan,22.989698019013257,nan,0.9921875,0.478515625,2.5937146508212114
2,spectral-friendly-sam-muon,spectral-friendly-sam-muon,Spectral Friendly SAM-Muon,,muon,friendly,spectral,both,3.0,0.5,nominal,0.02,additive,1.0,nn_ce,2.2504740078131276,0,0,-1,500,1000,0.497889798429146,-1.7525842093839816,nan,nan,0.1613729308535127,3.469262446705648,0.6003900913390552,6.957271638931854,0.18973708641872838,nan,21.936985296255983,nan,0.89453125,0.455078125,1.994872915483787
2,spectral-friendly-sam-muon,spectral-friendly-sam-muon,Spectral Friendly SAM-Muon,,muon,friendly,spectral,both,3.0,0.5,nominal,0.02,additive,1.0,nn_ce,2.2504740078131276,1,0,-1,500,1000,0.47992102044058993,-1.7705529873725376,nan,nan,0.1526656604270713,3.449475957402246,0.5684662344100554,6.841681933979518,0.1424874554075526,nan,21.50655193754457,nan,0.892578125,0.4609375,1.99425613055551
2,spectral-friendly-sam-muon,spectral-friendly-sam-muon,Spectral Friendly SAM-Muon,,muon,friendly,spectral,both,3.0,0.5,nominal,0.02,additive,1.0,nn_ce,2.2504740078131276,2,0,-1,500,1000,0.44049039335838996,-1.8099836144547377,nan,nan,0.1639595541160784,3.5085631359165466,0.5848045665957555,6.971705440904813,0.11582203806469193,nan,21.851503469076487,nan,0.896484375,0.462890625,1.9504546486458327
2,spectral-friendly-sam-muon,spectral-friendly-sam-muon,Spectral Friendly SAM-Muon,,muon,friendly,spectral,both,3.0,0.5,nominal,0.02,additive,1.0,nn_ce,2.2504740078131276,3,0,-1,500,1000,0.4999178720106961,-1.7505561358024315,nan,nan,0.16570281407632798,3.5048303623215955,0.5671778294438018,6.902289250339122,0.15415515532594065,nan,21.58698728977328,nan,0.892578125,0.470703125,1.91213457578682
2,spectral-friendly-sam-muon,spectral-friendly-sam-muon,Spectral Friendly SAM-Muon,,muon,friendly,spectral,both,3.0,0.5,nominal,0.02,additive,1.0,nn_ce,2.2504740078131276,4,0,-1,500,1000,0.44997835612221704,-1.8004956516909105,nan,nan,0.15534371457744062,3.435690389542448,0.567167980721637,7.057464718023301,0.17028894359140184,nan,21.98149592658468,nan,0.91015625,0.458984375,1.9812263441003197
2,spectral-friendly-sam-muon,spectral-friendly-sam-muon,Spectral Friendly SAM-Muon,,muon,friendly,spectral,both,3.0,0.5,nominal,0.02,additive,1.0,nn_ce,2.2504740078131276,5,0,-1,500,1000,0.4728903403665555,-1.7775836674465721,nan,nan,0.1638482816447721,3.5571538495672255,0.5669554695082891,7.028433195978335,0.159817795486475,nan,22.231915366126387,nan,0.90234375,0.478515625,1.9522959550336112
2,spectral-friendly-sam-muon,spectral-friendly-sam-muon,Spectral Friendly SAM-Muon,,muon,friendly,spectral,both,3.0,0.5,nominal,0.02,additive,1.0,nn_ce,2.2504740078131276,6,0,-1,500,1000,0.46467087551803077,-1.7858031322950967,nan,nan,0.15447900666519476,3.4869096745236545,0.5655655023234869,7.000445376499225,0.1904932411455964,nan,21.387832270116206,nan,0.875,0.453125,1.9520522188315286
2,spectral-friendly-sam-muon,spectral-friendly-sam-muon,Spectral Friendly SAM-Muon,,muon,friendly,spectral,both,3.0,0.5,nominal,0.02,additive,1.0,nn_ce,2.2504740078131276,7,0,-1,500,1000,0.4594196563450451,-1.7910543514680826,nan,nan,0.15570919649276938,3.4889862556721853,0.5671649962445829,6.933344199477095,0.12325538283270965,nan,22.113711577666212,nan,0.896484375,0.4609375,1.9102453347051729
2,stale-friendly-spectral-sam-muon,stale-friendly-spectral-sam-muon,Stale Friendly Spectral SAM-Muon,,muon,stale_friendly,spectral,mnist,3.0,0.1,nominal,0.02,additive,1.0,nn_ce,2.2504740078131276,0,0,-1,500,501,0.1276590205390274,-2.1228149872741002,nan,nan,0.07180234131014142,0.6905892229847764,0.1134043065194892,6.916857264825084,0.004477064004345582,nan,23.503730429617164,nan,0.9921875,0.439453125,2.6259273833485914
2,stale-friendly-spectral-sam-muon,stale-friendly-spectral-sam-muon,Stale Friendly Spectral SAM-Muon,,muon,stale_friendly,spectral,mnist,3.0,0.1,nominal,0.02,additive,1.0,nn_ce,2.2504740078131276,1,0,-1,500,501,0.11102812282307066,-2.139445884990057,nan,nan,0.06766791334908656,0.6989543974145973,0.11342831305497937,6.879365103507244,0.005615813533194916,nan,22.78967352369664,nan,1.0,0.431640625,2.6329994591
2,stale-friendly-spectral-sam-muon,stale-friendly-spectral-sam-muon,Stale Friendly Spectral SAM-Muon,,muon,stale_friendly,spectral,mnist,3.0,0.1,nominal,0.02,additive,1.0,nn_ce,2.2504740078131276,2,0,-1,500,501,0.11559854356618497,-2.1348754642469427,nan,nan,0.07194204964698302,0.6926753388971996,0.11343265498260743,6.861486832057368,0.0047484347190726445,nan,22.855228206542012,nan,0.998046875,0.44140625,2.495005274459678
2,stale-friendly-spectral-sam-muon,stale-friendly-spectral-sam-muon,Stale Friendly Spectral SAM-Muon,,muon,stale_friendly,spectral,mnist,3.0,0.1,nominal,0.02,additive,1.0,nn_ce,2.2504740078131276,3,0,-1,500,501,0.11033822666851016,-2.1401357811446173,nan,nan,0.06672814305955958,0.6905460939176239,0.11339119914793233,6.948486894578246,0.005929886581417215,nan,22.902276173356356,nan,0.998046875,0.453125,2.5110786247120314
2,stale-friendly-spectral-sam-muon,stale-friendly-spectral-sam-muon,Stale Friendly Spectral SAM-Muon,,muon,stale_friendly,spectral,mnist,3.0,0.1,nominal,0.02,additive,1.0,nn_ce,2.2504740078131276,4,0,-1,500,501,0.11436409412360424,-2.1361099136895234,nan,nan,0.06909209475418496,0.6984878228697424,0.12003179352310712,7.06076341313389,0.00576100734781447,nan,23.2912914594841,nan,0.9921875,0.447265625,2.683939687502319
2,stale-friendly-spectral-sam-muon,stale-friendly-spectral-sam-muon,Stale Friendly Spectral SAM-Muon,,muon,stale_friendly,spectral,mnist,3.0,0.1,nominal,0.02,additive,1.0,nn_ce,2.2504740078131276,5,0,-1,500,501,0.11636705687783899,-2.134106950935289,nan,nan,0.06875889971065756,0.6926252556414481,0.11476450977845266,6.971112391073267,0.006762727609547756,nan,23.057440822926495,nan,0.9921875,0.44140625,2.6001856797873577
2,stale-friendly-spectral-sam-muon,stale-friendly-spectral-sam-muon,Stale Friendly Spectral SAM-Muon,,muon,stale_friendly,spectral,mnist,3.0,0.1,nominal,0.02,additive,1.0,nn_ce,2.2504740078131276,6,0,-1,500,501,0.11262730717323098,-2.1378467006398965,nan,nan,0.06579416768592572,0.6976812039398392,0.11329078975905439,6.9278232459046505,0.005509831848949084,nan,22.420848298714176,nan,0.998046875,0.4609375,2.5067589443851155
2,stale-friendly-spectral-sam-muon,stale-friendly-spectral-sam-muon,Stale Friendly Spectral SAM-Muon,,muon,stale_friendly,spectral,mnist,3.0,0.1,nominal,0.02,additive,1.0,nn_ce,2.2504740078131276,7,0,-1,500,501,0.12277818137005159,-2.127695826443076,nan,nan,0.0685539108151345,0.7022160139541543,0.11969686621651257,6.875995635502528,0.0045757202415402515,nan,22.957060405827498,nan,0.994140625,0.48046875,2.5651243266300385
2,stale-friendly-spectral-sam-muon,stale-friendly-spectral-sam-muon,Stale Friendly Spectral SAM-Muon,,muon,stale_friendly,spectral,mnist,3.0,0.2,nominal,0.02,additive,1.0,nn_ce,2.2504740078131276,0,0,-1,500,501,0.13852744277854173,-2.111946565034586,nan,nan,0.07579976816853905,1.4022731098364436,0.2314003495708926,6.94647219553508,0.02360285997918199,nan,23.466511628685193,nan,0.98828125,0.443359375,2.6164298063748817
2,stale-friendly-spectral-sam-muon,stale-friendly-spectral-sam-muon,Stale Friendly Spectral SAM-Muon,,muon,stale_friendly,spectral,mnist,3.0,0.2,nominal,0.02,additive,1.0,nn_ce,2.2504740078131276,1,0,-1,500,501,0.11573115448700147,-2.134742853326126,nan,nan,0.07152332758341394,1.4029561200249459,0.22756047782606345,6.838740434564605,0.026015063251855194,nan,22.831555489857337,nan,0.998046875,0.43359375,2.620248358170219
2,stale-friendly-spectral-sam-muon,stale-friendly-spectral-sam-muon,Stale Friendly Spectral SAM-Muon,,muon,stale_friendly,spectral,mnist,3.0,0.2,nominal,0.02,additive,1.0,nn_ce,2.2504740078131276,2,0,-1,500,501,0.12566445227510326,-2.1248095555380244,nan,nan,0.07989539446713928,1.3865258003813201,0.22686715003413527,7.013708695262063,0.026355338414625368,nan,22.950015119119175,nan,0.994140625,0.4375,2.4454392276919252
2,stale-friendly-spectral-sam-muon,stale-friendly-spectral-sam-muon,Stale Friendly Spectral SAM-Muon,,muon,stale_friendly,spectral,mnist,3.0,0.2,nominal,0.02,additive,1.0,nn_ce,2.2504740078131276,3,0,-1,500,501,0.12319411225046033,-2.1272798955626673,nan,nan,0.07507608665902059,1.3935150302752808,0.2267786006016608,7.034362309076427,0.02710903323228467,nan,22.897468527852876,nan,0.99609375,0.4375,2.505360771493037
2,stale-friendly-spectral-sam-muon,stale-friendly-spectral-sam-muon,Stale Friendly Spectral SAM-Muon,,muon,stale_friendly,spectral,mnist,3.0,0.2,nominal,0.02,additive,1.0,nn_ce,2.2504740078131276,4,0,-1,500,501,0.13074583750532215,-2.1197281703078055,nan,nan,0.0751416724788054,1.38337528739994,0.22685328337385388,7.079997441737983,0.03324809739027132,nan,23.279982967311955,nan,0.986328125,0.44921875,2.587165576043271
2,stale-friendly-spectral-sam-muon,stale-friendly-spectral-sam-muon,Stale Friendly Spectral SAM-Muon,,muon,stale_friendly,spectral,mnist,3.0,0.2,nominal,0.02,additive,1.0,nn_ce,2.2504740078131276,5,0,-1,500,501,0.12466393499256581,-2.1258100728205616,nan,nan,0.0720836326359607,1.4008578472935374,0.22653127818512628,6.845202674026286,0.04029344932071999,nan,23.015136700973855,nan,0.990234375,0.4296875,2.555919050764583
2,stale-friendly-spectral-sam-muon,stale-friendly-spectral-sam-muon,Stale Friendly Spectral SAM-Muon,,muon,stale_friendly,spectral,mnist,3.0,0.2,nominal,0.02,additive,1.0,nn_ce,2.2504740078131276,6,0,-1,500,501,0.12163947857795462,-2.128834529235173,nan,nan,0.07080456392492936,1.396028482976248,0.22676364896547874,6.945909597361094,0.029961114750496162,nan,22.527983907795452,nan,0.99609375,0.46484375,2.417866752995013
2,stale-friendly-spectral-sam-muon,stale-friendly-spectral-sam-muon,Stale Friendly Spectral SAM-Muon,,muon,stale_friendly,spectral,mnist,3.0,0.2,nominal,0.02,additive,1.0,nn_ce,2.2504740078131276,7,0,-1,500,501,0.12967864761821762,-2.12079536019491,nan,nan,0.0735993191023412,1.4146299011831756,0.22686311800204,6.823178253157509,0.023013624397479615,nan,22.91163677085774,nan,0.994140625,0.482421875,2.4620911844271376
2,stale-friendly-spectral-sam-muon,stale-friendly-spectral-sam-muon,Stale Friendly Spectral SAM-Muon,,muon,stale_friendly,spectral,mnist,3.0,0.5,nominal,0.02,additive,1.0,nn_ce,2.2504740078131276,0,0,-1,500,501,0.24183775910659747,-2.00863624870653,nan,nan,0.13220285044432667,3.5233154187157973,0.5671329026544462,7.007005626700699,0.32929347740177756,nan,23.23503051295912,nan,0.966796875,0.453125,2.356788214052543
2,stale-friendly-spectral-sam-muon,stale-friendly-spectral-sam-muon,Stale Friendly Spectral SAM-Muon,,muon,stale_friendly,spectral,mnist,3.0,0.5,nominal,0.02,additive,1.0,nn_ce,2.2504740078131276,1,0,-1,500,501,0.21849221349440395,-2.0319817943187237,nan,nan,0.12056862892465241,3.5325492642770255,0.566358638768311,6.955390487823065,0.34501930453241736,nan,22.7095292932597,nan,0.962890625,0.431640625,2.3776434819202863
2,stale-friendly-spectral-sam-muon,stale-friendly-spectral-sam-muon,Stale Friendly Spectral SAM-Muon,,muon,stale_friendly,spectral,mnist,3.0,0.5,nominal,0.02,additive,1.0,nn_ce,2.2504740078131276,2,0,-1,500,501,0.21637022624455823,-2.0341037815685694,nan,nan,0.12971028152617894,3.4709180682650147,0.566010220937513,6.962389663054017,0.3232919023721188,nan,22.760230426254246,nan,0.9765625,0.453125,2.199722862676369
2,stale-friendly-spectral-sam-muon,stale-friendly-spectral-sam-muon,Stale Friendly Spectral SAM-Muon,,muon,stale_friendly,spectral,mnist,3.0,0.5,nominal,0.02,additive,1.0,nn_ce,2.2504740078131276,3,0,-1,500,501,0.22173253233180884,-2.028741475481319,nan,nan,0.12520203874824123,3.527527322087016,0.5660813457422533,7.0429589164672555,0.2639791232401898,nan,22.5307044909282,nan,0.96484375,0.453125,2.237257933009775
2,stale-friendly-spectral-sam-muon,stale-friendly-spectral-sam-muon,Stale Friendly Spectral SAM-Muon,,muon,stale_friendly,spectral,mnist,3.0,0.5,nominal,0.02,additive,1.0,nn_ce,2.2504740078131276,4,0,-1,500,501,0.22502049263683913,-2.0254535151762885,nan,nan,0.12938366601895177,3.488168836036864,0.5982100509267629,6.961921516477905,0.3563715025843088,nan,23.20584363324322,nan,0.96875,0.447265625,2.360720937315843
2,stale-friendly-spectral-sam-muon,stale-friendly-spectral-sam-muon,Stale Friendly Spectral SAM-Muon,,muon,stale_friendly,spectral,mnist,3.0,0.5,nominal,0.02,additive,1.0,nn_ce,2.2504740078131276,5,0,-1,500,501,0.23325346401620578,-2.0172205437969217,nan,nan,0.12589726672193724,3.437371678695646,0.5668570365008011,6.89552777081382,0.23631874504064151,nan,22.770067629673104,nan,0.962890625,0.484375,2.219150624713348
2,stale-friendly-spectral-sam-muon,stale-friendly-spectral-sam-muon,Stale Friendly Spectral SAM-Muon,,muon,stale_friendly,spectral,mnist,3.0,0.5,nominal,0.02,additive,1.0,nn_ce,2.2504740078131276,6,0,-1,500,501,0.2312801445308496,-2.019193863282278,nan,nan,0.1295508479438851,3.5558585125200133,0.5671771077443992,6.978127567158814,0.33998156424923054,nan,22.42122620180811,nan,0.970703125,0.458984375,2.156191940628694
2,stale-friendly-spectral-sam-muon,stale-friendly-spectral-sam-muon,Stale Friendly Spectral SAM-Muon,,muon,stale_friendly,spectral,mnist,3.0,0.5,nominal,0.02,additive,1.0,nn_ce,2.2504740078131276,7,0,-1,500,501,0.23382731222666264,-2.016646695586465,nan,nan,0.1344153088003307,3.4913348969163116,0.5671781229260738,6.882089574669749,0.376374561689237,nan,22.69511577808438,nan,0.9609375,0.4609375,2.239583188020082
2,stale-friendly-spectral-sam-muon,stale-friendly-spectral-sam-muon,Stale Friendly Spectral SAM-Muon,,muon,stale_friendly,spectral,mnist,3.0,1.0,nominal,0.02,additive,1.0,nn_ce,2.2504740078131276,0,0,-1,500,501,0.8139859988183411,-1.4364880089947865,nan,nan,0.31246824556116887,7.094573858676537,1.1343208952642754,7.1832810239254306,1.2244903725006742,nan,21.478111256396495,nan,0.794921875,0.470703125,2.1050791067139967
2,stale-friendly-spectral-sam-muon,stale-friendly-spectral-sam-muon,Stale Friendly Spectral SAM-Muon,,muon,stale_friendly,spectral,mnist,3.0,1.0,nominal,0.02,additive,1.0,nn_ce,2.2504740078131276,1,0,-1,500,501,0.7654979226658745,-1.484976085147253,nan,nan,0.2901822694268765,7.169293336219221,1.1342867236367196,6.968688972019928,1.4373012212424332,nan,20.889286226699504,nan,0.8125,0.462890625,2.041796033215133
2,stale-friendly-spectral-sam-muon,stale-friendly-spectral-sam-muon,Stale Friendly Spectral SAM-Muon,,muon,stale_friendly,spectral,mnist,3.0,1.0,nominal,0.02,additive,1.0,nn_ce,2.2504740078131276,2,0,-1,500,501,0.7246560838656722,-1.5258179239474554,nan,nan,0.29811130643054484,7.262857919152961,1.1794263334522768,7.197528586180114,1.2602974255409805,nan,21.632005515829754,nan,0.83203125,0.46875,2.001659858955877
2,stale-friendly-spectral-sam-muon,stale-friendly-spectral-sam-muon,Stale Friendly Spectral SAM-Muon,,muon,stale_friendly,spectral,mnist,3.0,1.0,nominal,0.02,additive,1.0,nn_ce,2.2504740078131276,3,0,-1,500,501,0.749183915361892,-1.5012900924512356,nan,nan,0.3106283725011057,7.276678793307334,1.134357263247524,7.023889455519288,1.1114499767472763,nan,20.796039494183162,nan,0.810546875,0.4765625,2.045447723892892
2,stale-friendly-spectral-sam-muon,stale-friendly-spectral-sam-muon,Stale Friendly Spectral SAM-Muon,,muon,stale_friendly,spectral,mnist,3.0,1.0,nominal,0.02,additive,1.0,nn_ce,2.2504740078131276,4,0,-1,500,501,0.6787937294132144,-1.571680278399913,nan,nan,0.29429391636364544,7.164094608824242,1.1452377025395808,7.117975821980979,1.7451151799416684,nan,21.516111759736273,nan,0.84765625,0.455078125,2.06875989022377
2,stale-friendly-spectral-sam-muon,stale-friendly-spectral-sam-muon,Stale Friendly Spectral SAM-Muon,,muon,stale_friendly,spectral,mnist,3.0,1.0,nominal,0.02,additive,1.0,nn_ce,2.2504740078131276,5,0,-1,500,501,0.7515476365219455,-1.4989263712911822,nan,nan,0.30838870324328327,7.145349826031465,1.1340910584115498,7.054351815366568,1.6334949011532447,nan,21.261097883276413,nan,0.818359375,0.486328125,2.0556524424195803
2,stale-friendly-spectral-sam-muon,stale-friendly-spectral-sam-muon,Stale Friendly Spectral SAM-Muon,,muon,stale_friendly,spectral,mnist,3.0,1.0,nominal,0.02,additive,1.0,nn_ce,2.2504740078131276,6,0,-1,500,501,0.7471526080079918,-1.5033213998051358,nan,nan,0.31783149576862807,7.042200114812309,1.1343505390404782,7.022360482063104,1.3447180162908348,nan,20.650283773113287,nan,0.78515625,0.439453125,2.0512826311580605
2,stale-friendly-spectral-sam-muon,stale-friendly-spectral-sam-muon,Stale Friendly Spectral SAM-Muon,,muon,stale_friendly,spectral,mnist,3.0,1.0,nominal,0.02,additive,1.0,nn_ce,2.2504740078131276,7,0,-1,500,501,0.750765383152743,-1.4997086246603846,nan,nan,0.32063025881047,7.111376937815557,1.2021136719412313,7.106699653448071,1.7340528256997032,nan,21.489100166794863,nan,0.806640625,0.4765625,1.9811173323538538
2,sgd,sgd,SGD,,sgd,,,both,inf,nan,nominal,1.0,additive,1.0,nn_ce,2.2504740078131276,0,0,-1,500,500,0.011357467556790006,-2.2391165402563376,nan,nan,0.022560369292983478,0.0,0.0,1.614740918446592,0.0,nan,22.361088172178754,nan,1.0,0.421875,5.362836940515752
2,sgd,sgd,SGD,,sgd,,,both,inf,nan,nominal,1.0,additive,1.0,nn_ce,2.2504740078131276,1,0,-1,500,500,0.013009722099804472,-2.237464285713323,nan,nan,0.02644685383611115,0.0,0.0,1.5518906201051184,0.0,nan,22.179398432130323,nan,1.0,0.421875,5.401956843399661
2,sgd,sgd,SGD,,sgd,,,both,inf,nan,nominal,1.0,additive,1.0,nn_ce,2.2504740078131276,2,0,-1,500,500,0.01268263330483218,-2.2377913745082956,nan,nan,0.024832151918991293,0.0,0.0,1.5863978547408009,0.0,nan,22.798832053360083,nan,1.0,0.423828125,5.25749396777127
2,sgd,sgd,SGD,,sgd,,,both,inf,nan,nominal,1.0,additive,1.0,nn_ce,2.2504740078131276,3,0,-1,500,500,0.011422073592945742,-2.239051934220182,nan,nan,0.02458670142254445,0.0,0.0,1.6075781653861416,0.0,nan,22.836234582154805,nan,1.0,0.4296875,5.489277282337259
2,sgd,sgd,SGD,,sgd,,,both,inf,nan,nominal,1.0,additive,1.0,nn_ce,2.2504740078131276,4,0,-1,500,500,0.012423894883614102,-2.2380501129295136,nan,nan,0.024596747477392312,0.0,0.0,1.546391751268214,0.0,nan,22.461262059161367,nan,1.0,0.40625,5.7764909904440955
2,sgd,sgd,SGD,,sgd,,,both,inf,nan,nominal,1.0,additive,1.0,nn_ce,2.2504740078131276,5,0,-1,500,500,0.010480967297939925,-2.2399930405151878,nan,nan,0.020137898489501347,0.0,0.0,1.5811816356242208,0.0,nan,22.565025905534682,nan,1.0,0.388671875,5.5642144676315635
2,sgd,sgd,SGD,,sgd,,,both,inf,nan,nominal,1.0,additive,1.0,nn_ce,2.2504740078131276,6,0,-1,500,500,0.012434204830710584,-2.238039802982417,nan,nan,0.0258468636510725,0.0,0.0,1.6091958390886771,0.0,nan,23.014679327457912,nan,1.0,0.41796875,5.215658109327972
2,sgd,sgd,SGD,,sgd,,,both,inf,nan,nominal,1.0,additive,1.0,nn_ce,2.2504740078131276,7,0,-1,500,500,0.011250227710848527,-2.239223780102279,nan,nan,0.022485294091760148,0.0,0.0,1.5682196607380838,0.0,nan,22.79285285080779,nan,1.0,0.390625,5.626291540199961
2,stale-momentum-friendly-spectral-sam-muon,stale-momentum-friendly-spectral-sam-muon,Stale Momentum-Friendly Spectral SAM-Muon,,muon,stale_momentum_friendly,spectral,mnist,3.0,0.01,nominal,0.02,additive,1.0,nn_ce,2.2504740078131276,0,0,-1,500,501,0.11917636050555988,-2.1312976473075675,nan,nan,0.06942498754012795,0.06986523771570796,0.011929042810711648,6.809582476980964,-1.0233678605947594e-05,nan,23.481419368461925,nan,0.994140625,0.4453125,2.6500944385445075
2,stale-momentum-friendly-spectral-sam-muon,stale-momentum-friendly-spectral-sam-muon,Stale Momentum-Friendly Spectral SAM-Muon,,muon,stale_momentum_friendly,spectral,mnist,3.0,0.01,nominal,0.02,additive,1.0,nn_ce,2.2504740078131276,1,0,-1,500,501,0.10966734271087512,-2.1408066651022524,nan,nan,0.06530872216822836,0.06980467164000449,0.011331340833455173,6.827681914992793,4.982770373553047e-05,nan,22.950330792407218,nan,0.998046875,0.4296875,2.6586667791651095
2,stale-momentum-friendly-spectral-sam-muon,stale-momentum-friendly-spectral-sam-muon,Stale Momentum-Friendly Spectral SAM-Muon,,muon,stale_momentum_friendly,spectral,mnist,3.0,0.01,nominal,0.02,additive,1.0,nn_ce,2.2504740078131276,2,0,-1,500,501,0.11440081915392483,-2.1360731886592026,nan,nan,0.07073932109189876,0.07051394165075198,0.011921446150859792,6.84487394246957,-5.636745643455843e-05,nan,22.781092646717177,nan,0.994140625,0.4453125,2.4869895632838785
2,stale-momentum-friendly-spectral-sam-muon,stale-momentum-friendly-spectral-sam-muon,Stale Momentum-Friendly Spectral SAM-Muon,,muon,stale_momentum_friendly,spectral,mnist,3.0,0.01,nominal,0.02,additive,1.0,nn_ce,2.2504740078131276,3,0,-1,500,501,0.11166953706595988,-2.138804470747168,nan,nan,0.06750253879238469,0.06863225513761118,0.011263412006130888,7.001141757414956,-5.141745841169554e-05,nan,22.907578908174543,nan,0.99609375,0.45703125,2.562299470843735
2,stale-momentum-friendly-spectral-sam-muon,stale-momentum-friendly-spectral-sam-muon,Stale Momentum-Friendly Spectral SAM-Muon,,muon,stale_momentum_friendly,spectral,mnist,3.0,0.01,nominal,0.02,additive,1.0,nn_ce,2.2504740078131276,4,0,-1,500,501,0.111498655895329,-2.1389753519177988,nan,nan,0.0693511767681337,0.06902130316997286,0.011343391718300814,6.984269198331463,-7.007952875850987e-05,nan,23.2444332175042,nan,0.9921875,0.44140625,2.7180573608087713
2,stale-momentum-friendly-spectral-sam-muon,stale-momentum-friendly-spectral-sam-muon,Stale Momentum-Friendly Spectral SAM-Muon,,muon,stale_momentum_friendly,spectral,mnist,3.0,0.01,nominal,0.02,additive,1.0,nn_ce,2.2504740078131276,5,0,-1,500,501,0.11611582602919851,-2.134358181783929,nan,nan,0.06961586222758365,0.06846349169468725,0.011337787028735174,6.989407087299135,0.0001231417183531619,nan,23.019793213641634,nan,0.9921875,0.435546875,2.696880948328122
2,stale-momentum-friendly-spectral-sam-muon,stale-momentum-friendly-spectral-sam-muon,Stale Momentum-Friendly Spectral SAM-Muon,,muon,stale_momentum_friendly,spectral,mnist,3.0,0.01,nominal,0.02,additive,1.0,nn_ce,2.2504740078131276,6,0,-1,500,501,0.11113564771189585,-2.139338360101232,nan,nan,0.06579633716135855,0.06983329888703953,0.011336069827634562,6.935055877383857,4.686154447466895e-05,nan,22.50868397817964,nan,0.998046875,0.4609375,2.5725239373727495
2,stale-momentum-friendly-spectral-sam-muon,stale-momentum-friendly-spectral-sam-muon,Stale Momentum-Friendly Spectral SAM-Muon,,muon,stale_momentum_friendly,spectral,mnist,3.0,0.01,nominal,0.02,additive,1.0,nn_ce,2.2504740078131276,7,0,-1,500,501,0.11389755246028602,-2.1365764553528415,nan,nan,0.06661303005888354,0.07017018489796217,0.011340927196456754,6.962601755345323,3.323901707354138e-05,nan,23.10566211375885,nan,0.99609375,0.478515625,2.621903770042514
2,stale-momentum-friendly-spectral-sam-muon,stale-momentum-friendly-spectral-sam-muon,Stale Momentum-Friendly Spectral SAM-Muon,,muon,stale_momentum_friendly,spectral,mnist,3.0,0.02,nominal,0.02,additive,1.0,nn_ce,2.2504740078131276,0,0,-1,500,501,0.11965940148203227,-2.130814606331095,nan,nan,0.069182831356259,0.1396974352710107,0.02268674817814149,6.886837235871863,1.9863349104032313e-05,nan,23.49366085610564,nan,0.994140625,0.4375,2.6595172049089983
2,stale-momentum-friendly-spectral-sam-muon,stale-momentum-friendly-spectral-sam-muon,Stale Momentum-Friendly Spectral SAM-Muon,,muon,stale_momentum_friendly,spectral,mnist,3.0,0.02,nominal,0.02,additive,1.0,nn_ce,2.2504740078131276,1,0,-1,500,501,0.11266982182610669,-2.137804185987021,nan,nan,0.06633856366509086,0.14010694997934206,0.022626884607527004,6.840196442458319,0.00019033202252123627,nan,22.923629488429384,nan,1.0,0.423828125,2.6463696524223366
2,stale-momentum-friendly-spectral-sam-muon,stale-momentum-friendly-spectral-sam-muon,Stale Momentum-Friendly Spectral SAM-Muon,,muon,stale_momentum_friendly,spectral,mnist,3.0,0.02,nominal,0.02,additive,1.0,nn_ce,2.2504740078131276,2,0,-1,500,501,0.11476453210198698,-2.1357094757111406,nan,nan,0.07107555401342587,0.14118568792543348,0.023699447252089587,6.800435362999119,-3.18872999608838e-05,nan,22.78054203163826,nan,0.994140625,0.451171875,2.483959385616256
2,stale-momentum-friendly-spectral-sam-muon,stale-momentum-friendly-spectral-sam-muon,Stale Momentum-Friendly Spectral SAM-Muon,,muon,stale_momentum_friendly,spectral,mnist,3.0,0.02,nominal,0.02,additive,1.0,nn_ce,2.2504740078131276,3,0,-1,500,501,0.11185003097212888,-2.1386239768409987,nan,nan,0.06750312175890191,0.13826472131332243,0.02256843782906899,7.0467632196560706,6.589699262640747e-05,nan,22.97261049867413,nan,0.99609375,0.455078125,2.5313875821272296
2,stale-momentum-friendly-spectral-sam-muon,stale-momentum-friendly-spectral-sam-muon,Stale Momentum-Friendly Spectral SAM-Muon,,muon,stale_momentum_friendly,spectral,mnist,3.0,0.02,nominal,0.02,additive,1.0,nn_ce,2.2504740078131276,4,0,-1,500,501,0.11271010438492166,-2.137763903428206,nan,nan,0.06774088236108601,0.13786040959518558,0.022686309657235514,6.9972474009117445,4.94378635886028e-06,nan,23.25885852632445,nan,0.9921875,0.4453125,2.714402150267381
2,stale-momentum-friendly-spectral-sam-muon,stale-momentum-friendly-spectral-sam-muon,Stale Momentum-Friendly Spectral SAM-Muon,,muon,stale_momentum_friendly,spectral,mnist,3.0,0.02,nominal,0.02,additive,1.0,nn_ce,2.2504740078131276,5,0,-1,500,501,0.11661879040543377,-2.1338552174076937,nan,nan,0.06934010688189941,0.13844378815403743,0.022656037131526995,6.972726781476095,0.00029217850708603,nan,23.016956819677276,nan,0.9921875,0.431640625,2.6674187215248457
2,stale-momentum-friendly-spectral-sam-muon,stale-momentum-friendly-spectral-sam-muon,Stale Momentum-Friendly Spectral SAM-Muon,,muon,stale_momentum_friendly,spectral,mnist,3.0,0.02,nominal,0.02,additive,1.0,nn_ce,2.2504740078131276,6,0,-1,500,501,0.11191312092905834,-2.1385608868840693,nan,nan,0.06599362304160183,0.13975168217154516,0.022647975663284615,6.961293567381155,0.00026890492297107493,nan,22.417538558030508,nan,0.998046875,0.4609375,2.55138210106022
2,stale-momentum-friendly-spectral-sam-muon,stale-momentum-friendly-spectral-sam-muon,Stale Momentum-Friendly Spectral SAM-Muon,,muon,stale_momentum_friendly,spectral,mnist,3.0,0.02,nominal,0.02,additive,1.0,nn_ce,2.2504740078131276,7,0,-1,500,501,0.11484255226915416,-2.1356314555439733,nan,nan,0.0668903531520633,0.1398935670729747,0.02268684486638305,6.954360363468954,0.00012709083120621134,nan,23.091781692623726,nan,0.994140625,0.46875,2.6337101170235258
2,stale-momentum-friendly-spectral-sam-muon,stale-momentum-friendly-spectral-sam-muon,Stale Momentum-Friendly Spectral SAM-Muon,,muon,stale_momentum_friendly,spectral,mnist,3.0,0.05,nominal,0.02,additive,1.0,nn_ce,2.2504740078131276,0,0,-1,500,501,0.12226811629711204,-2.1282058915160156,nan,nan,0.06994398526584111,0.34967655213157084,0.05664857332228918,6.879504741048079,0.0009996948174884335,nan,23.51026666606045,nan,0.994140625,0.43359375,2.642952816821
2,stale-momentum-friendly-spectral-sam-muon,stale-momentum-friendly-spectral-sam-muon,Stale Momentum-Friendly Spectral SAM-Muon,,muon,stale_momentum_friendly,spectral,mnist,3.0,0.05,nominal,0.02,additive,1.0,nn_ce,2.2504740078131276,1,0,-1,500,501,0.1097247362947151,-2.1407492715184127,nan,nan,0.06642981410650109,0.347384240551012,0.05670972885712286,6.8180411802435135,0.0013668812601668884,nan,22.855598126519407,nan,1.0,0.42578125,2.6558223712286875
2,stale-momentum-friendly-spectral-sam-muon,stale-momentum-friendly-spectral-sam-muon,Stale Momentum-Friendly Spectral SAM-Muon,,muon,stale_momentum_friendly,spectral,mnist,3.0,0.05,nominal,0.02,additive,1.0,nn_ce,2.2504740078131276,2,0,-1,500,501,0.11322679032294744,-2.13724721749018,nan,nan,0.06930238208533786,0.353473791853812,0.059646804352847305,6.81640040949939,0.0009364348881984452,nan,22.73885625571438,nan,0.994140625,0.443359375,2.4850977359464936
2,stale-momentum-friendly-spectral-sam-muon,stale-momentum-friendly-spectral-sam-muon,Stale Momentum-Friendly Spectral SAM-Muon,,muon,stale_momentum_friendly,spectral,mnist,3.0,0.05,nominal,0.02,additive,1.0,nn_ce,2.2504740078131276,3,0,-1,500,501,0.11381473652117072,-2.1366592712919568,nan,nan,0.06756816862943507,0.34299712995524545,0.05650767552958722,6.996695873882525,0.0012261125281477214,nan,22.940026546487452,nan,0.99609375,0.4453125,2.5313743695072004
2,stale-momentum-friendly-spectral-sam-muon,stale-momentum-friendly-spectral-sam-muon,Stale Momentum-Friendly Spectral SAM-Muon,,muon,stale_momentum_friendly,spectral,mnist,3.0,0.05,nominal,0.02,additive,1.0,nn_ce,2.2504740078131276,4,0,-1,500,501,0.11454646620972239,-2.1359275416034054,nan,nan,0.06886982360764381,0.34233594877859186,0.056717299285605406,6.933246379502691,0.000896041035595263,nan,23.28588419655043,nan,0.9921875,0.451171875,2.696765901662403
2,stale-momentum-friendly-spectral-sam-muon,stale-momentum-friendly-spectral-sam-muon,Stale Momentum-Friendly Spectral SAM-Muon,,muon,stale_momentum_friendly,spectral,mnist,3.0,0.05,nominal,0.02,additive,1.0,nn_ce,2.2504740078131276,5,0,-1,500,501,0.11610258154839866,-2.134371426264729,nan,nan,0.0681889420502628,0.34098906868885315,0.05671205295235118,6.96336124043526,0.0016278823821273825,nan,23.031830204997473,nan,0.9921875,0.43359375,2.6621371982518296
2,stale-momentum-friendly-spectral-sam-muon,stale-momentum-friendly-spectral-sam-muon,Stale Momentum-Friendly Spectral SAM-Muon,,muon,stale_momentum_friendly,spectral,mnist,3.0,0.05,nominal,0.02,additive,1.0,nn_ce,2.2504740078131276,6,0,-1,500,501,0.11366434360899805,-2.1368096642041294,nan,nan,0.06592110512380764,0.3499663427549578,0.05667125731548055,6.968160559358097,0.0014301925222128253,nan,22.43571940357797,nan,0.998046875,0.45703125,2.528501765707214
2,stale-momentum-friendly-spectral-sam-muon,stale-momentum-friendly-spectral-sam-muon,Stale Momentum-Friendly Spectral SAM-Muon,,muon,stale_momentum_friendly,spectral,mnist,3.0,0.05,nominal,0.02,additive,1.0,nn_ce,2.2504740078131276,7,0,-1,500,501,0.11699182253806914,-2.1334821852750583,nan,nan,0.06717314700903154,0.3493682309365793,0.05671773173132978,6.9635746879346065,0.0009892517193889894,nan,23.05799247586275,nan,0.994140625,0.470703125,2.5905143125092693
2,stale-momentum-friendly-spectral-sam-muon,stale-momentum-friendly-spectral-sam-muon,Stale Momentum-Friendly Spectral SAM-Muon,,muon,stale_momentum_friendly,spectral,mnist,3.0,0.1,nominal,0.02,additive,1.0,nn_ce,2.2504740078131276,0,0,-1,500,501,0.1313692560866696,-2.119104751726458,nan,nan,0.07250190334532819,0.6940539336251602,0.1134301548500202,6.920770760426333,0.004194315584615832,nan,23.559034782426963,nan,0.9921875,0.44140625,2.607042807729637
2,stale-momentum-friendly-spectral-sam-muon,stale-momentum-friendly-spectral-sam-muon,Stale Momentum-Friendly Spectral SAM-Muon,,muon,stale_momentum_friendly,spectral,mnist,3.0,0.1,nominal,0.02,additive,1.0,nn_ce,2.2504740078131276,1,0,-1,500,501,0.1112622639370062,-2.1392117438761216,nan,nan,0.06755065265162812,0.6949725592127595,0.11332588926161065,6.762284828410198,0.0057107171468527285,nan,22.82311931649086,nan,1.0,0.421875,2.622017778740558
2,stale-momentum-friendly-spectral-sam-muon,stale-momentum-friendly-spectral-sam-muon,Stale Momentum-Friendly Spectral SAM-Muon,,muon,stale_momentum_friendly,spectral,mnist,3.0,0.1,nominal,0.02,additive,1.0,nn_ce,2.2504740078131276,2,0,-1,500,501,0.1166907632924293,-2.133783244520698,nan,nan,0.07087375561948286,0.7040367590673072,0.11774198287270189,6.865958769136513,0.005091127643267024,nan,22.86856234584654,nan,0.99609375,0.44140625,2.4896154222481206
2,stale-momentum-friendly-spectral-sam-muon,stale-momentum-friendly-spectral-sam-muon,Stale Momentum-Friendly Spectral SAM-Muon,,muon,stale_momentum_friendly,spectral,mnist,3.0,0.1,nominal,0.02,additive,1.0,nn_ce,2.2504740078131276,3,0,-1,500,501,0.11363317168244405,-2.1368408361306837,nan,nan,0.06766358391771017,0.6892779124025908,0.11311703673922682,7.049305570494291,0.005701277947211411,nan,22.997646222628664,nan,0.99609375,0.4375,2.5380649612309254
2,stale-momentum-friendly-spectral-sam-muon,stale-momentum-friendly-spectral-sam-muon,Stale Momentum-Friendly Spectral SAM-Muon,,muon,stale_momentum_friendly,spectral,mnist,3.0,0.1,nominal,0.02,additive,1.0,nn_ce,2.2504740078131276,4,0,-1,500,501,0.11905129450571411,-2.1314227133074133,nan,nan,0.06839406091390648,0.6959328514434253,0.12007814096871827,7.1066255512424155,0.00744297259943541,nan,23.190294370072507,nan,0.990234375,0.439453125,2.6998341329119446
2,stale-momentum-friendly-spectral-sam-muon,stale-momentum-friendly-spectral-sam-muon,Stale Momentum-Friendly Spectral SAM-Muon,,muon,stale_momentum_friendly,spectral,mnist,3.0,0.1,nominal,0.02,additive,1.0,nn_ce,2.2504740078131276,5,0,-1,500,501,0.11694746357252729,-2.1335265442406004,nan,nan,0.0687100271473587,0.6849573620571503,0.11342790224749207,6.9583733578007285,0.006550856216756981,nan,23.05418375171976,nan,0.9921875,0.443359375,2.6182887695395873
2,stale-momentum-friendly-spectral-sam-muon,stale-momentum-friendly-spectral-sam-muon,Stale Momentum-Friendly Spectral SAM-Muon,,muon,stale_momentum_friendly,spectral,mnist,3.0,0.1,nominal,0.02,additive,1.0,nn_ce,2.2504740078131276,6,0,-1,500,501,0.11032473020865768,-2.1401492776044697,nan,nan,0.06496191022846454,0.7002634477244565,0.1133637686247973,6.964614222460288,0.006017987070052758,nan,22.435707924125555,nan,0.998046875,0.47265625,2.492553824936615
2,stale-momentum-friendly-spectral-sam-muon,stale-momentum-friendly-spectral-sam-muon,Stale Momentum-Friendly Spectral SAM-Muon,,muon,stale_momentum_friendly,spectral,mnist,3.0,0.1,nominal,0.02,additive,1.0,nn_ce,2.2504740078131276,7,0,-1,500,501,0.12422074715296323,-2.1262532606601643,nan,nan,0.06946760155427546,0.6927011122040811,0.11339048376007782,6.978412385344168,0.004128746253651061,nan,22.918655147212995,nan,0.99609375,0.45703125,2.560641469962302
2,muon,muon,Muon,,muon,,,both,inf,nan,nominal,0.02,additive,1.0,nn_ce,2.2504740078131276,0,0,-1,500,500,0.11111007725616125,-2.1393639305569665,nan,nan,0.0685075948751219,0.0,0.0,6.9627149541591,0.0,nan,22.724978848821824,nan,0.99609375,0.431640625,2.652972158472597
2,muon,muon,Muon,,muon,,,both,inf,nan,nominal,0.02,additive,1.0,nn_ce,2.2504740078131276,1,0,-1,500,500,0.12576456166575922,-2.124709446147368,nan,nan,0.07068423306002358,0.0,0.0,6.998749469973569,0.0,nan,22.888917049793776,nan,0.994140625,0.453125,2.6032868365334325
2,muon,muon,Muon,,muon,,,both,inf,nan,nominal,0.02,additive,1.0,nn_ce,2.2504740078131276,2,0,-1,500,500,0.11877315302403152,-2.131700854789096,nan,nan,0.07178793933258373,0.0,0.0,6.902004961411793,0.0,nan,22.756786404745828,nan,1.0,0.435546875,2.644087882519069
2,muon,muon,Muon,,muon,,,both,inf,nan,nominal,0.02,additive,1.0,nn_ce,2.2504740078131276,3,0,-1,500,500,0.1382547325458217,-2.112219275267306,nan,nan,0.07714601265678644,0.0,0.0,6.98032308378343,0.0,nan,22.69227443839617,nan,0.99609375,0.44921875,2.506846512119854
2,muon,muon,Muon,,muon,,,both,inf,nan,nominal,0.02,additive,1.0,nn_ce,2.2504740078131276,4,0,-1,500,500,0.13723082916398838,-2.1132431786491392,nan,nan,0.07822337254144522,0.0,0.0,6.8211792156264766,0.0,nan,22.753105317077473,nan,0.994140625,0.455078125,2.7368119557941846
2,muon,muon,Muon,,muon,,,both,inf,nan,nominal,0.02,additive,1.0,nn_ce,2.2504740078131276,5,0,-1,500,500,0.11934601458366595,-2.1311279932294616,nan,nan,0.06952820883603315,0.0,0.0,6.899526659026881,0.0,nan,23.119038960440957,nan,0.9921875,0.439453125,2.7193884287348835
2,muon,muon,Muon,,muon,,,both,inf,nan,nominal,0.02,additive,1.0,nn_ce,2.2504740078131276,6,0,-1,500,500,0.12627865166141483,-2.124195356151713,nan,nan,0.07723245731325604,0.0,0.0,6.93012828522034,0.0,nan,23.159428577420364,nan,0.99609375,0.435546875,2.6197313154218222
2,muon,muon,Muon,,muon,,,both,inf,nan,nominal,0.02,additive,1.0,nn_ce,2.2504740078131276,7,0,-1,500,500,0.13438242253555877,-2.1160915852775686,nan,nan,0.07436562147120543,0.0,0.0,6.847246852857393,0.0,nan,23.167727362356334,nan,0.990234375,0.4453125,2.5722100079693937
2,stale-momentum-friendly-spectral-sam-muon,stale-momentum-friendly-spectral-sam-muon,Stale Momentum-Friendly Spectral SAM-Muon,,muon,stale_momentum_friendly,spectral,mnist,3.0,0.2,nominal,0.02,additive,1.0,nn_ce,2.2504740078131276,0,0,-1,500,501,0.14387440646475197,-2.1065996013483756,nan,nan,0.07918187560383998,1.392515292202398,0.22666855859768412,6.991497749770954,0.02930054555988565,nan,23.41424112438487,nan,0.98828125,0.44921875,2.6046190037252908
2,stale-momentum-friendly-spectral-sam-muon,stale-momentum-friendly-spectral-sam-muon,Stale Momentum-Friendly Spectral SAM-Muon,,muon,stale_momentum_friendly,spectral,mnist,3.0,0.2,nominal,0.02,additive,1.0,nn_ce,2.2504740078131276,1,0,-1,500,501,0.12170694458658377,-2.128767063226544,nan,nan,0.07448939372427961,1.3740674673261308,0.22597402947109457,6.8028519538070045,0.025109265325709784,nan,22.88547970196588,nan,0.998046875,0.439453125,2.569399298438607
2,stale-momentum-friendly-spectral-sam-muon,stale-momentum-friendly-spectral-sam-muon,Stale Momentum-Friendly Spectral SAM-Muon,,muon,stale_momentum_friendly,spectral,mnist,3.0,0.2,nominal,0.02,additive,1.0,nn_ce,2.2504740078131276,2,0,-1,500,501,0.1266789574006558,-2.123795050412472,nan,nan,0.07978027487843146,1.4057194005572025,0.2403577958343796,7.047451872759574,0.0286526010957871,nan,22.932842449977176,nan,0.9921875,0.44921875,2.403309907665783
2,stale-momentum-friendly-spectral-sam-muon,stale-momentum-friendly-spectral-sam-muon,Stale Momentum-Friendly Spectral SAM-Muon,,muon,stale_momentum_friendly,spectral,mnist,3.0,0.2,nominal,0.02,additive,1.0,nn_ce,2.2504740078131276,3,0,-1,500,501,0.12477288384274779,-2.1257011239703796,nan,nan,0.07491836937206371,1.3977430924957805,0.2398503678951359,7.069766739648031,0.025632640214624622,nan,22.936127191858677,nan,0.99609375,0.4296875,2.499376061173598
2,stale-momentum-friendly-spectral-sam-muon,stale-momentum-friendly-spectral-sam-muon,Stale Momentum-Friendly Spectral SAM-Muon,,muon,stale_momentum_friendly,spectral,mnist,3.0,0.2,nominal,0.02,additive,1.0,nn_ce,2.2504740078131276,4,0,-1,500,501,0.13292533141743315,-2.1175486763956943,nan,nan,0.07549269087081417,1.3677466870087878,0.22684478815306877,7.026463423819508,0.03557358557114568,nan,23.342026718763297,nan,0.98828125,0.447265625,2.574826699874813
2,stale-momentum-friendly-spectral-sam-muon,stale-momentum-friendly-spectral-sam-muon,Stale Momentum-Friendly Spectral SAM-Muon,,muon,stale_momentum_friendly,spectral,mnist,3.0,0.2,nominal,0.02,additive,1.0,nn_ce,2.2504740078131276,5,0,-1,500,501,0.1284932913802299,-2.1219807164328977,nan,nan,0.07480682441149998,1.3914719995957112,0.22672534027442984,6.7797548351134145,0.027634998104837633,nan,23.10158775208925,nan,0.9921875,0.439453125,2.525975297965961
2,stale-momentum-friendly-spectral-sam-muon,stale-momentum-friendly-spectral-sam-muon,Stale Momentum-Friendly Spectral SAM-Muon,,muon,stale_momentum_friendly,spectral,mnist,3.0,0.2,nominal,0.02,additive,1.0,nn_ce,2.2504740078131276,6,0,-1,500,501,0.12311425570709777,-2.1273597521060297,nan,nan,0.07220854525736976,1.3907740892542195,0.22685789849118915,6.981393696209657,0.031176681346248486,nan,22.48403288883773,nan,0.99609375,0.474609375,2.393255272818118
2,stale-momentum-friendly-spectral-sam-muon,stale-momentum-friendly-spectral-sam-muon,Stale Momentum-Friendly Spectral SAM-Muon,,muon,stale_momentum_friendly,spectral,mnist,3.0,0.2,nominal,0.02,additive,1.0,nn_ce,2.2504740078131276,7,0,-1,500,501,0.13075079329566539,-2.119723214517462,nan,nan,0.07395133696327069,1.4072774333348335,0.23466720622981976,6.844081870573752,0.02436981235287161,nan,22.953331871572438,nan,0.99609375,0.48046875,2.4428181325773144
2,stale-momentum-friendly-spectral-sam-muon,stale-momentum-friendly-spectral-sam-muon,Stale Momentum-Friendly Spectral SAM-Muon,,muon,stale_momentum_friendly,spectral,mnist,3.0,0.5,nominal,0.02,additive,1.0,nn_ce,2.2504740078131276,0,0,-1,500,501,0.2666342440599796,-1.983839763753148,nan,nan,0.13512012287598968,3.5720178138526664,0.5740824321300484,7.199364639900653,0.2729895334317929,nan,23.321983030162453,nan,0.95703125,0.4453125,2.314625087217631
2,stale-momentum-friendly-spectral-sam-muon,stale-momentum-friendly-spectral-sam-muon,Stale Momentum-Friendly Spectral SAM-Muon,,muon,stale_momentum_friendly,spectral,mnist,3.0,0.5,nominal,0.02,additive,1.0,nn_ce,2.2504740078131276,1,0,-1,500,501,0.24229849497038977,-2.0081755128427377,nan,nan,0.1376200857978292,3.547618379836722,0.5671302739288333,7.130226627669192,0.43790210301057014,nan,22.61924569883611,nan,0.9609375,0.4609375,2.3334212117609807
2,stale-momentum-friendly-spectral-sam-muon,stale-momentum-friendly-spectral-sam-muon,Stale Momentum-Friendly Spectral SAM-Muon,,muon,stale_momentum_friendly,spectral,mnist,3.0,0.5,nominal,0.02,additive,1.0,nn_ce,2.2504740078131276,2,0,-1,500,501,0.2365904101019876,-2.01388359771114,nan,nan,0.1352774556448535,3.4971725081606984,0.5671720320700944,6.884320635050246,0.37758787249540926,nan,22.759701246973297,nan,0.966796875,0.46484375,2.117802602322949
2,stale-momentum-friendly-spectral-sam-muon,stale-momentum-friendly-spectral-sam-muon,Stale Momentum-Friendly Spectral SAM-Muon,,muon,stale_momentum_friendly,spectral,mnist,3.0,0.5,nominal,0.02,additive,1.0,nn_ce,2.2504740078131276,3,0,-1,500,501,0.26375231272917254,-1.986721695083955,nan,nan,0.13279553027746122,3.499549449013958,0.5671400272107701,6.872124163602992,0.262724014683281,nan,22.768040987694075,nan,0.947265625,0.466796875,2.189899694594927
2,stale-momentum-friendly-spectral-sam-muon,stale-momentum-friendly-spectral-sam-muon,Stale Momentum-Friendly Spectral SAM-Muon,,muon,stale_momentum_friendly,spectral,mnist,3.0,0.5,nominal,0.02,additive,1.0,nn_ce,2.2504740078131276,4,0,-1,500,501,0.25078916415867625,-1.9996848436544514,nan,nan,0.13355073935248207,3.5357693964024643,0.5671784620348143,6.984268835597253,0.2553098934246715,nan,23.56467976736618,nan,0.962890625,0.45703125,2.3153706062386354
2,stale-momentum-friendly-spectral-sam-muon,stale-momentum-friendly-spectral-sam-muon,Stale Momentum-Friendly Spectral SAM-Muon,,muon,stale_momentum_friendly,spectral,mnist,3.0,0.5,nominal,0.02,additive,1.0,nn_ce,2.2504740078131276,5,0,-1,500,501,0.23810122010799178,-2.012372787705136,nan,nan,0.1312236086041043,3.525936461725728,0.5671786314481865,7.0151978384508835,0.3456985611420326,nan,22.820457298631073,nan,0.962890625,0.46875,2.214130023200874
2,stale-momentum-friendly-spectral-sam-muon,stale-momentum-friendly-spectral-sam-muon,Stale Momentum-Friendly Spectral SAM-Muon,,muon,stale_momentum_friendly,spectral,mnist,3.0,0.5,nominal,0.02,additive,1.0,nn_ce,2.2504740078131276,6,0,-1,500,501,0.24561666192425008,-2.0048573458888774,nan,nan,0.12675090915439288,3.4895932029859695,0.5671213610006591,6.86367241139438,0.4933122492591482,nan,22.58412075516884,nan,0.95703125,0.478515625,2.1161772852366054
2,stale-momentum-friendly-spectral-sam-muon,stale-momentum-friendly-spectral-sam-muon,Stale Momentum-Friendly Spectral SAM-Muon,,muon,stale_momentum_friendly,spectral,mnist,3.0,0.5,nominal,0.02,additive,1.0,nn_ce,2.2504740078131276,7,0,-1,500,501,0.26720639045392613,-1.9832676173592014,nan,nan,0.13475491048803798,3.514320884256,0.6011373705233332,7.02557410175375,0.3658135520774978,nan,22.82752497515849,nan,0.94921875,0.4765625,2.1563551037434947
2,stale-momentum-friendly-spectral-sam-muon,stale-momentum-friendly-spectral-sam-muon,Stale Momentum-Friendly Spectral SAM-Muon,,muon,stale_momentum_friendly,spectral,mnist,3.0,1.0,nominal,0.02,additive,1.0,nn_ce,2.2504740078131276,0,0,-1,500,501,0.8305279617687746,-1.419946046044353,nan,nan,0.31081772818899683,7.24560167647849,1.1531749725181786,7.0512790770128815,1.6955228073825546,nan,21.27945598685156,nan,0.791015625,0.458984375,2.0785114368432382
2,stale-momentum-friendly-spectral-sam-muon,stale-momentum-friendly-spectral-sam-muon,Stale Momentum-Friendly Spectral SAM-Muon,,muon,stale_momentum_friendly,spectral,mnist,3.0,1.0,nominal,0.02,additive,1.0,nn_ce,2.2504740078131276,1,0,-1,500,501,0.83770117475652,-1.4127728330566076,nan,nan,0.30103434726219824,7.109810200208925,1.197571663054833,7.1274903158636285,1.1269012513759837,nan,20.968416128758715,nan,0.787109375,0.455078125,2.050534939818155
2,stale-momentum-friendly-spectral-sam-muon,stale-momentum-friendly-spectral-sam-muon,Stale Momentum-Friendly Spectral SAM-Muon,,muon,stale_momentum_friendly,spectral,mnist,3.0,1.0,nominal,0.02,additive,1.0,nn_ce,2.2504740078131276,2,0,-1,500,501,0.748192709613755,-1.5022812981993727,nan,nan,0.29160036543831985,7.1970077572274,1.1342465616979158,7.278945936418344,1.6887568137605733,nan,21.540616313189876,nan,0.82421875,0.458984375,2.0152522795647148
2,stale-momentum-friendly-spectral-sam-muon,stale-momentum-friendly-spectral-sam-muon,Stale Momentum-Friendly Spectral SAM-Muon,,muon,stale_momentum_friendly,spectral,mnist,3.0,1.0,nominal,0.02,additive,1.0,nn_ce,2.2504740078131276,3,0,-1,500,501,0.8127527111191994,-1.4377212966939281,nan,nan,0.3166960590957104,7.113099307710598,1.1879764264922064,7.29619273194546,1.1361584500758135,nan,20.84818689788808,nan,0.798828125,0.47265625,2.012799049230915
2,stale-momentum-friendly-spectral-sam-muon,stale-momentum-friendly-spectral-sam-muon,Stale Momentum-Friendly Spectral SAM-Muon,,muon,stale_momentum_friendly,spectral,mnist,3.0,1.0,nominal,0.02,additive,1.0,nn_ce,2.2504740078131276,4,0,-1,500,501,0.7729781875152042,-1.4774958202979234,nan,nan,0.31208513509376,7.176271029800103,1.201496042922915,7.016433729722163,1.7142223249209814,nan,21.66416117393207,nan,0.802734375,0.455078125,2.0961732379602998
2,stale-momentum-friendly-spectral-sam-muon,stale-momentum-friendly-spectral-sam-muon,Stale Momentum-Friendly Spectral SAM-Muon,,muon,stale_momentum_friendly,spectral,mnist,3.0,1.0,nominal,0.02,additive,1.0,nn_ce,2.2504740078131276,5,0,-1,500,501,0.8032436138981098,-1.4472303939150177,nan,nan,0.30923170119367327,7.043627311576334,1.1341091496000595,7.060404831610779,1.152058069787925,nan,21.160214799719075,nan,0.77734375,0.46484375,2.0834785782833225
2,stale-momentum-friendly-spectral-sam-muon,stale-momentum-friendly-spectral-sam-muon,Stale Momentum-Friendly Spectral SAM-Muon,,muon,stale_momentum_friendly,spectral,mnist,3.0,1.0,nominal,0.02,additive,1.0,nn_ce,2.2504740078131276,6,0,-1,500,501,0.8606796933841889,-1.3897943144289386,nan,nan,0.3223484403221467,7.16220436498522,1.131941927009752,7.146067445418859,1.653524468912429,nan,20.977400595942353,nan,0.78125,0.455078125,2.0274599048799105
2,stale-momentum-friendly-spectral-sam-muon,stale-momentum-friendly-spectral-sam-muon,Stale Momentum-Friendly Spectral SAM-Muon,,muon,stale_momentum_friendly,spectral,mnist,3.0,1.0,nominal,0.02,additive,1.0,nn_ce,2.2504740078131276,7,0,-1,500,501,0.8027306155984468,-1.4477433922146807,nan,nan,0.3167688673620242,7.244385873262203,1.188381506619111,7.139488997712189,1.5633627821053282,nan,21.35462963750701,nan,0.818359375,0.462890625,1.9996191908173848
2,random-spectral-sam-muon,random-spectral-sam-muon,Random Spectral SAM-Muon,,muon,random,spectral,mnist,inf,0.01,nominal,0.02,additive,1.0,nn_ce,2.2504740078131276,0,0,-1,500,500,0.11366502059315751,-2.13680898721997,nan,nan,0.06952877476327836,0.06892499496687292,0.011294690386573318,6.931919343213391,0.000123821362653459,nan,22.68798853968198,nan,0.994140625,0.427734375,2.670153141545481
2,random-spectral-sam-muon,random-spectral-sam-muon,Random Spectral SAM-Muon,,muon,random,spectral,mnist,inf,0.01,nominal,0.02,additive,1.0,nn_ce,2.2504740078131276,1,0,-1,500,500,0.12608614723659478,-2.1243878605765327,nan,nan,0.07055419210689362,0.06866491641993852,0.01133128213733974,6.975228841344902,9.837219476735437e-05,nan,22.855883543264227,nan,0.994140625,0.443359375,2.635018430117703
2,random-spectral-sam-muon,random-spectral-sam-muon,Random Spectral SAM-Muon,,muon,random,spectral,mnist,inf,0.01,nominal,0.02,additive,1.0,nn_ce,2.2504740078131276,2,0,-1,500,500,0.11819227978093266,-2.132281728032195,nan,nan,0.07115734666858112,0.07044989300638585,0.011330194137378624,6.848680444683888,9.306741686222753e-05,nan,22.749143148088162,nan,1.0,0.4296875,2.6468331765338378
2,random-spectral-sam-muon,random-spectral-sam-muon,Random Spectral SAM-Muon,,muon,random,spectral,mnist,inf,0.01,nominal,0.02,additive,1.0,nn_ce,2.2504740078131276,3,0,-1,500,500,0.13681834184746272,-2.113655665965665,nan,nan,0.07652196267244017,0.06697436069807476,0.01195614709092188,6.957136927820507,-7.960878913249037e-05,nan,22.702556426838868,nan,0.998046875,0.447265625,2.4933326287507764
2,random-spectral-sam-muon,random-spectral-sam-muon,Random Spectral SAM-Muon,,muon,random,spectral,mnist,inf,0.01,nominal,0.02,additive,1.0,nn_ce,2.2504740078131276,4,0,-1,500,500,0.13490319115685367,-2.115570816656274,nan,nan,0.07811891907213526,0.07024608685269346,0.01194088115698902,6.822390439784081,5.078470498354193e-05,nan,22.807061016681114,nan,0.994140625,0.453125,2.711668959391412
2,random-spectral-sam-muon,random-spectral-sam-muon,Random Spectral SAM-Muon,,muon,random,spectral,mnist,inf,0.01,nominal,0.02,additive,1.0,nn_ce,2.2504740078131276,5,0,-1,500,500,0.11982413422694001,-2.1306498735861874,nan,nan,0.0697191341203221,0.06796187159033859,0.011343553398016154,6.9283878154639265,3.861754362041725e-05,nan,23.10476914829871,nan,0.9921875,0.44921875,2.7180094907836594
2,random-spectral-sam-muon,random-spectral-sam-muon,Random Spectral SAM-Muon,,muon,random,spectral,mnist,inf,0.01,nominal,0.02,additive,1.0,nn_ce,2.2504740078131276,6,0,-1,500,500,0.1260044540274639,-2.1244695537856635,nan,nan,0.0765787981194955,0.06906521480777014,0.011343544089191445,6.912506406853655,0.00014395931288213593,nan,23.132265816775256,nan,0.99609375,0.43359375,2.6078001377252624
2,random-spectral-sam-muon,random-spectral-sam-muon,Random Spectral SAM-Muon,,muon,random,spectral,mnist,inf,0.01,nominal,0.02,additive,1.0,nn_ce,2.2504740078131276,7,0,-1,500,500,0.13119410629741934,-2.119279901515708,nan,nan,0.07360775434393063,0.06854722384918148,0.011329429457421337,6.754406210796048,-2.8846562289686073e-06,nan,23.154040413690122,nan,0.9921875,0.443359375,2.5795921579267804
2,random-spectral-sam-muon,random-spectral-sam-muon,Random Spectral SAM-Muon,,muon,random,spectral,mnist,inf,0.02,nominal,0.02,additive,1.0,nn_ce,2.2504740078131276,0,0,-1,500,500,0.11476157936295542,-2.135712428450172,nan,nan,0.07019951642102236,0.13784998993374584,0.022589380773146636,6.920591322050455,0.00033138404955572465,nan,22.715500284365636,nan,0.994140625,0.43359375,2.6482956867049925
2,random-spectral-sam-muon,random-spectral-sam-muon,Random Spectral SAM-Muon,,muon,random,spectral,mnist,inf,0.02,nominal,0.02,additive,1.0,nn_ce,2.2504740078131276,1,0,-1,500,500,0.12585807184467168,-2.124615935968456,nan,nan,0.07015856640972909,0.13732983283987704,0.02266256427467948,7.019504776477023,0.0002890759217756833,nan,22.861323545408908,nan,0.994140625,0.451171875,2.629530115182363
2,random-spectral-sam-muon,random-spectral-sam-muon,Random Spectral SAM-Muon,,muon,random,spectral,mnist,inf,0.02,nominal,0.02,additive,1.0,nn_ce,2.2504740078131276,2,0,-1,500,500,0.11884304152789563,-2.1316309662852317,nan,nan,0.07199409043137585,0.1408997860127717,0.022660388274757248,6.866823350526648,0.0002588622405109431,nan,22.79553590566861,nan,1.0,0.42578125,2.6683532803092986
2,random-spectral-sam-muon,random-spectral-sam-muon,Random Spectral SAM-Muon,,muon,random,spectral,mnist,inf,0.02,nominal,0.02,additive,1.0,nn_ce,2.2504740078131276,3,0,-1,500,500,0.1348065030046222,-2.1156675048085054,nan,nan,0.07688968666658492,0.13394872139614952,0.02391229418184376,6.969765359245955,4.738165520601356e-06,nan,22.71514998135428,nan,0.998046875,0.4609375,2.4985563513968043
2,random-spectral-sam-muon,random-spectral-sam-muon,Random Spectral SAM-Muon,,muon,random,spectral,mnist,inf,0.02,nominal,0.02,additive,1.0,nn_ce,2.2504740078131276,4,0,-1,500,500,0.13387575364268745,-2.11659825417044,nan,nan,0.07731511766537347,0.1404921737053869,0.02388176231397804,6.794535482523315,0.00018779038958882666,nan,22.783328077936826,nan,0.99609375,0.458984375,2.74839378947864
2,random-spectral-sam-muon,random-spectral-sam-muon,Random Spectral SAM-Muon,,muon,random,spectral,mnist,inf,0.02,nominal,0.02,additive,1.0,nn_ce,2.2504740078131276,5,0,-1,500,500,0.11795723018379263,-2.132516777629335,nan,nan,0.06998480732965012,0.13592374318067718,0.022687106796032308,6.916698766166969,0.00014239408652862162,nan,23.09999799075239,nan,0.994140625,0.44140625,2.71251247710391
2,random-spectral-sam-muon,random-spectral-sam-muon,Random Spectral SAM-Muon,,muon,random,spectral,mnist,inf,0.02,nominal,0.02,additive,1.0,nn_ce,2.2504740078131276,6,0,-1,500,500,0.1254093199636368,-2.1250646878494908,nan,nan,0.07682587263231556,0.13813042961554028,0.02268708817838289,6.999583828495137,0.00041733513605934913,nan,23.122856535274657,nan,0.994140625,0.43359375,2.5938423804120965
2,random-spectral-sam-muon,random-spectral-sam-muon,Random Spectral SAM-Muon,,muon,random,spectral,mnist,inf,0.02,nominal,0.02,additive,1.0,nn_ce,2.2504740078131276,7,0,-1,500,500,0.13318520228617806,-2.1172888055269494,nan,nan,0.07385565083554742,0.13709444769836296,0.022658858914842674,6.789388038943241,6.113857866077432e-05,nan,23.093948466104486,nan,0.98828125,0.447265625,2.586741551145754
2,random-spectral-sam-muon,random-spectral-sam-muon,Random Spectral SAM-Muon,,muon,random,spectral,mnist,inf,0.05,nominal,0.02,additive,1.0,nn_ce,2.2504740078131276,0,0,-1,500,500,0.11493201963087686,-2.1355419881822506,nan,nan,0.07053314145182847,0.3446249748343645,0.05647345193286659,6.91321898401645,0.0015688239672940751,nan,22.691370637206433,nan,0.994140625,0.4296875,2.690119003165647
2,random-spectral-sam-muon,random-spectral-sam-muon,Random Spectral SAM-Muon,,muon,random,spectral,mnist,inf,0.05,nominal,0.02,additive,1.0,nn_ce,2.2504740078131276,1,0,-1,500,500,0.12399221853066002,-2.1264817892824674,nan,nan,0.06998722471555491,0.3433245820996925,0.05665641068669871,7.0082073350573735,0.001152632059204045,nan,22.87883076059532,nan,0.994140625,0.44921875,2.637468956663451
2,random-spectral-sam-muon,random-spectral-sam-muon,Random Spectral SAM-Muon,,muon,random,spectral,mnist,inf,0.05,nominal,0.02,additive,1.0,nn_ce,2.2504740078131276,2,0,-1,500,500,0.12205677246892627,-2.1284172353442012,nan,nan,0.07337807248369169,0.3522494650319291,0.05665097068689314,6.902555335959199,0.0011143940782016304,nan,22.823063525397345,nan,0.998046875,0.427734375,2.654200967809275
2,random-spectral-sam-muon,random-spectral-sam-muon,Random Spectral SAM-Muon,,muon,random,spectral,mnist,inf,0.05,nominal,0.02,additive,1.0,nn_ce,2.2504740078131276,3,0,-1,500,500,0.1372708587612189,-2.1132031490519085,nan,nan,0.0768574690345267,0.33487180349037377,0.05978073545460939,7.003003657816022,0.0006438712798221002,nan,22.77728491971798,nan,0.998046875,0.453125,2.4725902315829527
2,random-spectral-sam-muon,random-spectral-sam-muon,Random Spectral SAM-Muon,,muon,random,spectral,mnist,inf,0.05,nominal,0.02,additive,1.0,nn_ce,2.2504740078131276,4,0,-1,500,500,0.13501992956646175,-2.1154540782466658,nan,nan,0.07837918035499752,0.3512304342634673,0.05970440578494508,6.810971242609687,0.0011602922091162315,nan,22.78762001601046,nan,0.994140625,0.458984375,2.7226358365110848
2,random-spectral-sam-muon,random-spectral-sam-muon,Random Spectral SAM-Muon,,muon,random,spectral,mnist,inf,0.05,nominal,0.02,additive,1.0,nn_ce,2.2504740078131276,5,0,-1,500,500,0.11770289606898686,-2.1327711117441406,nan,nan,0.07005366487186301,0.33980935795169304,0.05671776699008076,6.911162622152829,0.0009486998468571373,nan,23.071214265630598,nan,0.9921875,0.44921875,2.7360505165126296
2,random-spectral-sam-muon,random-spectral-sam-muon,Random Spectral SAM-Muon,,muon,random,spectral,mnist,inf,0.05,nominal,0.02,additive,1.0,nn_ce,2.2504740078131276,6,0,-1,500,500,0.12537384891008302,-2.1251001589030447,nan,nan,0.0756296497387511,0.34532607403885074,0.05671772044595722,6.997288922590369,0.001697655164364098,nan,23.229071434928542,nan,0.99609375,0.4296875,2.5966147782044047
2,random-spectral-sam-muon,random-spectral-sam-muon,Random Spectral SAM-Muon,,muon,random,spectral,mnist,inf,0.05,nominal,0.02,additive,1.0,nn_ce,2.2504740078131276,7,0,-1,500,500,0.13230920528243484,-2.1181648025306927,nan,nan,0.073708493649972,0.3427361192459074,0.05664714728710669,6.812478516690517,0.0005911027408693481,nan,23.085512872793768,nan,0.98828125,0.443359375,2.6071779953256495
2,random-spectral-sam-muon,random-spectral-sam-muon,Random Spectral SAM-Muon,,muon,random,spectral,mnist,inf,0.1,nominal,0.02,additive,1.0,nn_ce,2.2504740078131276,0,0,-1,500,500,0.11526617639191096,-2.1352078314212166,nan,nan,0.07156963279943798,0.689249949668729,0.11294690386573318,6.918872624349293,0.004974369799568917,nan,22.702049397483215,nan,0.99609375,0.4375,2.634725601628702
2,random-spectral-sam-muon,random-spectral-sam-muon,Random Spectral SAM-Muon,,muon,random,spectral,mnist,inf,0.1,nominal,0.02,additive,1.0,nn_ce,2.2504740078131276,1,0,-1,500,500,0.12559586550423688,-2.1248781423088907,nan,nan,0.07084727984527822,0.686649164199385,0.11331282137339742,7.039045183136128,0.004309709297156794,nan,22.830485636452355,nan,0.994140625,0.447265625,2.6413561274949595
2,random-spectral-sam-muon,random-spectral-sam-muon,Random Spectral SAM-Muon,,muon,random,spectral,mnist,inf,0.1,nominal,0.02,additive,1.0,nn_ce,2.2504740078131276,2,0,-1,500,500,0.12119309840093703,-2.1292809094121905,nan,nan,0.07178526392970926,0.7044989300638582,0.11330194137378628,6.994475388668554,0.004059665862696071,nan,22.81046725607285,nan,1.0,0.4375,2.6232876552764886
2,random-spectral-sam-muon,random-spectral-sam-muon,Random Spectral SAM-Muon,,muon,random,spectral,mnist,inf,0.1,nominal,0.02,additive,1.0,nn_ce,2.2504740078131276,3,0,-1,500,500,0.13823255178555063,-2.112241456027577,nan,nan,0.07746359041973676,0.6697436069807475,0.11956147090921879,6.946181332767915,0.002440931843091021,nan,22.722424330194947,nan,0.994140625,0.4453125,2.516494136737075
2,random-spectral-sam-muon,random-spectral-sam-muon,Random Spectral SAM-Muon,,muon,random,spectral,mnist,inf,0.1,nominal,0.02,additive,1.0,nn_ce,2.2504740078131276,4,0,-1,500,500,0.1342335490337602,-2.1162404587793673,nan,nan,0.07769124642402041,0.7024608685269346,0.11940881156989017,6.896819229860995,0.004190176541536139,nan,22.786966826668387,nan,0.994140625,0.44921875,2.69485360481173
2,random-spectral-sam-muon,random-spectral-sam-muon,Random Spectral SAM-Muon,,muon,random,spectral,mnist,inf,0.1,nominal,0.02,additive,1.0,nn_ce,2.2504740078131276,5,0,-1,500,500,0.11719543415696483,-2.133278573656163,nan,nan,0.07049399393601409,0.6796187159033861,0.11343553398016153,6.9129337084877704,0.0037993688513306284,nan,23.07935789636897,nan,0.994140625,0.435546875,2.7237645956000422
2,random-spectral-sam-muon,random-spectral-sam-muon,Random Spectral SAM-Muon,,muon,random,spectral,mnist,inf,0.1,nominal,0.02,additive,1.0,nn_ce,2.2504740078131276,6,0,-1,500,500,0.12215082699334176,-2.1283231808197858,nan,nan,0.07490519627123163,0.6906521480777015,0.11343544089191444,6.9435674670800545,0.006062017747913803,nan,23.28757299898873,nan,0.99609375,0.4375,2.6040126593481556
2,random-spectral-sam-muon,random-spectral-sam-muon,Random Spectral SAM-Muon,,muon,random,spectral,mnist,inf,0.1,nominal,0.02,additive,1.0,nn_ce,2.2504740078131276,7,0,-1,500,500,0.12990651816921167,-2.120567489643916,nan,nan,0.07376767624800898,0.6854722384918148,0.11329429457421338,6.933706425148186,0.0031212591996135908,nan,23.121322910457295,nan,0.98828125,0.447265625,2.5844348676866855
2,random-spectral-sam-muon,random-spectral-sam-muon,Random Spectral SAM-Muon,,muon,random,spectral,mnist,inf,0.2,nominal,0.02,additive,1.0,nn_ce,2.2504740078131276,0,0,-1,500,500,0.1155314729623627,-2.1349425348507647,nan,nan,0.07228787344432992,1.378499899337458,0.22589380773146636,6.957866896182781,0.017643145668428978,nan,22.727191638333665,nan,0.994140625,0.435546875,2.6367641819289522
2,random-spectral-sam-muon,random-spectral-sam-muon,Random Spectral SAM-Muon,,muon,random,spectral,mnist,inf,0.2,nominal,0.02,additive,1.0,nn_ce,2.2504740078131276,1,0,-1,500,500,0.12602330196656097,-2.1244507058465665,nan,nan,0.07282891800928991,1.37329832839877,0.22662564274679484,6.9790186115545705,0.015785342528577134,nan,22.73510472791071,nan,0.994140625,0.44140625,2.6189038265911377
2,random-spectral-sam-muon,random-spectral-sam-muon,Random Spectral SAM-Muon,,muon,random,spectral,mnist,inf,0.2,nominal,0.02,additive,1.0,nn_ce,2.2504740078131276,2,0,-1,500,500,0.12123563525408954,-2.129238372559038,nan,nan,0.07254528700946061,1.4089978601277164,0.22660388274757257,6.8533791536802555,0.015899395903499272,nan,22.81974710048427,nan,1.0,0.431640625,2.6197638289068634
2,random-spectral-sam-muon,random-spectral-sam-muon,Random Spectral SAM-Muon,,muon,random,spectral,mnist,inf,0.2,nominal,0.02,additive,1.0,nn_ce,2.2504740078131276,3,0,-1,500,500,0.13467500734145635,-2.115799000471671,nan,nan,0.07693551207080661,1.339487213961495,0.23912294181843757,6.887009794887482,0.012281418326267945,nan,22.728848537081028,nan,0.9921875,0.439453125,2.4766924963919
2,random-spectral-sam-muon,random-spectral-sam-muon,Random Spectral SAM-Muon,,muon,random,spectral,mnist,inf,0.2,nominal,0.02,additive,1.0,nn_ce,2.2504740078131276,4,0,-1,500,500,0.13017459360504835,-2.120299414208079,nan,nan,0.07625138191399797,1.4049217370538691,0.23881762313978033,6.900152121917693,0.01637604863868633,nan,22.77289673742508,nan,0.99609375,0.439453125,2.659776016477993
2,random-spectral-sam-muon,random-spectral-sam-muon,Random Spectral SAM-Muon,,muon,random,spectral,mnist,inf,0.2,nominal,0.02,additive,1.0,nn_ce,2.2504740078131276,5,0,-1,500,500,0.11758970944251185,-2.1328842983706156,nan,nan,0.07211570731771098,1.3592374318067721,0.22687106796032305,6.9057948586630715,0.01442173516100416,nan,23.035481633141295,nan,0.990234375,0.447265625,2.698760713882389
2,random-spectral-sam-muon,random-spectral-sam-muon,Random Spectral SAM-Muon,,muon,random,spectral,mnist,inf,0.2,nominal,0.02,additive,1.0,nn_ce,2.2504740078131276,6,0,-1,500,500,0.11656781901560742,-2.1339061887975204,nan,nan,0.0742462133985479,1.381304296155403,0.2268708817838289,6.932968751410863,0.021085729998401498,nan,23.23415202663208,nan,0.998046875,0.41796875,2.5815649600052115
2,random-spectral-sam-muon,random-spectral-sam-muon,Random Spectral SAM-Muon,,muon,random,spectral,mnist,inf,0.2,nominal,0.02,additive,1.0,nn_ce,2.2504740078131276,7,0,-1,500,500,0.13219672538303975,-2.1182772824300877,nan,nan,0.07575663277733494,1.3709444769836296,0.22658858914842675,6.830979637280351,0.012966188871765538,nan,23.190502461887284,nan,0.990234375,0.44921875,2.5890828312696823
2,random-spectral-sam-muon,random-spectral-sam-muon,Random Spectral SAM-Muon,,muon,random,spectral,mnist,inf,0.5,nominal,0.02,additive,1.0,nn_ce,2.2504740078131276,0,0,-1,500,500,0.1367967418945483,-2.113677265918579,nan,nan,0.08799013416941563,3.446249748343645,0.5647345193286658,7.033483153423683,0.11032629914499578,nan,22.50085777068041,nan,0.986328125,0.431640625,2.5680058143857494
2,random-spectral-sam-muon,random-spectral-sam-muon,Random Spectral SAM-Muon,,muon,random,spectral,mnist,inf,0.5,nominal,0.02,additive,1.0,nn_ce,2.2504740078131276,1,0,-1,500,500,0.1488276671139272,-2.1016463406992005,nan,nan,0.0909222399718329,3.433245820996925,0.5665641068669871,7.018727265705694,0.09536876232462435,nan,22.937756638670788,nan,0.98046875,0.4375,2.502526981900027
2,random-spectral-sam-muon,random-spectral-sam-muon,Random Spectral SAM-Muon,,muon,random,spectral,mnist,inf,0.5,nominal,0.02,additive,1.0,nn_ce,2.2504740078131276,2,0,-1,500,500,0.14625325716083115,-2.1042207506522965,nan,nan,0.09104655535358466,3.5224946503192918,0.5665097068689311,6.92557701198431,0.11112355950880379,nan,22.759266209036102,nan,0.984375,0.427734375,2.5666557598341804
2,random-spectral-sam-muon,random-spectral-sam-muon,Random Spectral SAM-Muon,,muon,random,spectral,mnist,inf,0.5,nominal,0.02,additive,1.0,nn_ce,2.2504740078131276,3,0,-1,500,500,0.15002541277212614,-2.1004485950410015,nan,nan,0.09084524556595837,3.3487180349037375,0.597807354546094,7.1061237601928315,0.08281279894170299,nan,22.518637092364756,nan,0.98828125,0.44140625,2.4131985606503763
2,random-spectral-sam-muon,random-spectral-sam-muon,Random Spectral SAM-Muon,,muon,random,spectral,mnist,inf,0.5,nominal,0.02,additive,1.0,nn_ce,2.2504740078131276,4,0,-1,500,500,0.14472660978545668,-2.105747398027671,nan,nan,0.08946960708965063,3.512304342634673,0.5970440578494508,7.051524868162119,0.09547015695306424,nan,22.579105566926394,nan,0.986328125,0.443359375,2.6173176577833663
2,random-spectral-sam-muon,random-spectral-sam-muon,Random Spectral SAM-Muon,,muon,random,spectral,mnist,inf,0.5,nominal,0.02,additive,1.0,nn_ce,2.2504740078131276,5,0,-1,500,500,0.13337196723483713,-2.1171020405782905,nan,nan,0.08638217935270927,3.398093579516929,0.5671776699008076,7.044782267084693,0.10119620769178919,nan,22.765657010038225,nan,0.984375,0.447265625,2.609269455162228
2,random-spectral-sam-muon,random-spectral-sam-muon,Random Spectral SAM-Muon,,muon,random,spectral,mnist,inf,0.5,nominal,0.02,additive,1.0,nn_ce,2.2504740078131276,6,0,-1,500,500,0.13265461833046888,-2.1178193894826585,nan,nan,0.09013532277091892,3.4532607403885076,0.5671772044595723,6.960901719009818,0.12798257079826078,nan,23.085143088307074,nan,0.98828125,0.44921875,2.507581302978218
2,random-spectral-sam-muon,random-spectral-sam-muon,Random Spectral SAM-Muon,,muon,random,spectral,mnist,inf,0.5,nominal,0.02,additive,1.0,nn_ce,2.2504740078131276,7,0,-1,500,500,0.1570569461122814,-2.0934170617008463,nan,nan,0.09032047261357831,3.4273611924590734,0.5664714728710669,6.9157147484439045,0.08803822440299411,nan,23.046903304232256,nan,0.984375,0.455078125,2.462855959617177
2,random-spectral-sam-muon,random-spectral-sam-muon,Random Spectral SAM-Muon,,muon,random,spectral,mnist,inf,1.0,nominal,0.02,additive,1.0,nn_ce,2.2504740078131276,0,0,-1,500,500,0.31100763870650056,-1.939466369106627,nan,nan,0.16132118900855705,6.89249949668729,1.1294690386573316,7.0652214927743335,0.4288195429740212,nan,21.29807451716244,nan,0.9296875,0.458984375,2.276386499811939
2,random-spectral-sam-muon,random-spectral-sam-muon,Random Spectral SAM-Muon,,muon,random,spectral,mnist,inf,1.0,nominal,0.02,additive,1.0,nn_ce,2.2504740078131276,1,0,-1,500,500,0.2774723092611922,-1.9730016985519354,nan,nan,0.14779286340990905,6.86649164199385,1.1331282137339742,6.978150497360164,0.4152763343332583,nan,22.005770582191555,nan,0.943359375,0.46484375,2.223465414557424
2,random-spectral-sam-muon,random-spectral-sam-muon,Random Spectral SAM-Muon,,muon,random,spectral,mnist,inf,1.0,nominal,0.02,additive,1.0,nn_ce,2.2504740078131276,2,0,-1,500,500,0.3101659323187387,-1.9403080754943889,nan,nan,0.177243663373468,7.0449893006385835,1.1330194137378622,6.882772745047536,0.43061520079334853,nan,21.861680558517687,nan,0.916015625,0.439453125,2.370080022971697
2,random-spectral-sam-muon,random-spectral-sam-muon,Random Spectral SAM-Muon,,muon,random,spectral,mnist,inf,1.0,nominal,0.02,additive,1.0,nn_ce,2.2504740078131276,3,0,-1,500,500,0.29426033014339664,-1.956213677669731,nan,nan,0.16138727189891544,6.697436069807475,1.195614709092188,7.181251185232326,0.3429758634342524,nan,21.56231134335012,nan,0.91796875,0.482421875,2.204185977615465
2,random-spectral-sam-muon,random-spectral-sam-muon,Random Spectral SAM-Muon,,muon,random,spectral,mnist,inf,1.0,nominal,0.02,additive,1.0,nn_ce,2.2504740078131276,4,0,-1,500,500,0.3011635286849159,-1.9493104791282116,nan,nan,0.15320856304456507,7.024608685269346,1.1940881156989016,7.0075233103418855,0.3894576444724952,nan,21.70298641783418,nan,0.919921875,0.46875,2.358999551111485
2,random-spectral-sam-muon,random-spectral-sam-muon,Random Spectral SAM-Muon,,muon,random,spectral,mnist,inf,1.0,nominal,0.02,additive,1.0,nn_ce,2.2504740078131276,5,0,-1,500,500,0.279513408765976,-1.9709605990471515,nan,nan,0.14726636660456965,6.796187159033858,1.1343553398016153,7.166439804764496,0.5101775370280659,nan,21.70511309273986,nan,0.94140625,0.45703125,2.2860213701146317
2,random-spectral-sam-muon,random-spectral-sam-muon,Random Spectral SAM-Muon,,muon,random,spectral,mnist,inf,1.0,nominal,0.02,additive,1.0,nn_ce,2.2504740078131276,6,0,-1,500,500,0.26928210615985654,-1.981191901653271,nan,nan,0.1473650481097982,6.906521480777015,1.1343544089191446,7.101130689197982,0.5666581867633772,nan,22.215958786462338,nan,0.943359375,0.44921875,2.3271484690281183
2,random-spectral-sam-muon,random-spectral-sam-muon,Random Spectral SAM-Muon,,muon,random,spectral,mnist,inf,1.0,nominal,0.02,additive,1.0,nn_ce,2.2504740078131276,7,0,-1,500,500,0.3005018400671518,-1.9499721677459758,nan,nan,0.16249429991821981,6.854722384918147,1.1329429457421338,6.9786684060261335,0.4490225854156873,nan,22.061166207974555,nan,0.916015625,0.458984375,2.304233290305297
2,full-spectral-sam-muon,full-spectral-sam-muon,Full Spectral SAM-Muon,,muon,grad,spectral,both,inf,0.05,nominal,0.02,additive,1.0,nn_ce,2.2504740078131276,0,0,-1,500,1000,0.120742296130323,-2.1297317116828047,nan,nan,0.06951260154603538,0.35115276992798417,0.056657820589374956,7.015500396965027,0.0017573728360091856,nan,22.72184118529027,nan,0.9921875,0.4375,2.6021615467085435
2,full-spectral-sam-muon,full-spectral-sam-muon,Full Spectral SAM-Muon,,muon,grad,spectral,both,inf,0.05,nominal,0.02,additive,1.0,nn_ce,2.2504740078131276,1,0,-1,500,1000,0.12626226657416698,-2.1242117412389607,nan,nan,0.0690765872266134,0.34312037590115896,0.05669917203901273,6.9700563397092985,0.0020913860791578476,nan,22.817331510770472,nan,0.9921875,0.439453125,2.533994422210783
2,full-spectral-sam-muon,full-spectral-sam-muon,Full Spectral SAM-Muon,,muon,grad,spectral,both,inf,0.05,nominal,0.02,additive,1.0,nn_ce,2.2504740078131276,2,0,-1,500,1000,0.12625668003429286,-2.1242173277788345,nan,nan,0.07069680682810024,0.3505326096998263,0.05964090171031819,6.946523456707693,0.0028793546259100467,nan,22.842214134719057,nan,0.99609375,0.43359375,2.582362148535336
2,full-spectral-sam-muon,full-spectral-sam-muon,Full Spectral SAM-Muon,,muon,grad,spectral,both,inf,0.05,nominal,0.02,additive,1.0,nn_ce,2.2504740078131276,3,0,-1,500,1000,0.14355603579399923,-2.1069179720191284,nan,nan,0.07673904847613353,0.3378971798237035,0.05636479458349684,6.928912576149699,0.0024203266358239495,nan,22.6176987308991,nan,0.990234375,0.455078125,2.409691258757852
2,full-spectral-sam-muon,full-spectral-sam-muon,Full Spectral SAM-Muon,,muon,grad,spectral,both,inf,0.05,nominal,0.02,additive,1.0,nn_ce,2.2504740078131276,4,0,-1,500,1000,0.14138587735955824,-2.109088130453569,nan,nan,0.07586246122297835,0.3492658761317381,0.05671109124075873,6.9921446392824524,0.0019527994811333882,nan,22.728902521119053,nan,0.9921875,0.453125,2.6174561581051243
2,full-spectral-sam-muon,full-spectral-sam-muon,Full Spectral SAM-Muon,,muon,grad,spectral,both,inf,0.05,nominal,0.02,additive,1.0,nn_ce,2.2504740078131276,5,0,-1,500,1000,0.12361070089122642,-2.126863306921901,nan,nan,0.0690871247554008,0.34348511963534456,0.056660445514760946,6.9470675285559915,0.0033406044371404875,nan,22.99040141648833,nan,0.9921875,0.435546875,2.64756261839013
2,full-spectral-sam-muon,full-spectral-sam-muon,Full Spectral SAM-Muon,,muon,grad,spectral,both,inf,0.05,nominal,0.02,additive,1.0,nn_ce,2.2504740078131276,6,0,-1,500,1000,0.13212794370443864,-2.118346064108689,nan,nan,0.07462292915196811,0.34158408145343006,0.0565946658471324,7.026607250102225,0.002277064842047122,nan,23.01693669551265,nan,0.990234375,0.41796875,2.5661649882982758
2,full-spectral-sam-muon,full-spectral-sam-muon,Full Spectral SAM-Muon,,muon,grad,spectral,both,inf,0.05,nominal,0.02,additive,1.0,nn_ce,2.2504740078131276,7,0,-1,500,1000,0.13914186727456937,-2.111332140538558,nan,nan,0.07406420203391896,0.3413850996945576,0.056509651539427025,6.814456110286135,0.0022323711380240197,nan,23.131053016650554,nan,0.98828125,0.44140625,2.5196379634841883
2,full-spectral-sam-muon,full-spectral-sam-muon,Full Spectral SAM-Muon,,muon,grad,spectral,both,inf,0.1,nominal,0.02,additive,1.0,nn_ce,2.2504740078131276,0,0,-1,500,1000,0.13438660611373987,-2.116087401699388,nan,nan,0.07379288414755232,0.7010311225595364,0.11343567001506552,6.958357176504189,0.006088412752188216,nan,22.752490926257916,nan,0.9921875,0.4453125,2.5117990641792245
2,full-spectral-sam-muon,full-spectral-sam-muon,Full Spectral SAM-Muon,,muon,grad,spectral,both,inf,0.1,nominal,0.02,additive,1.0,nn_ce,2.2504740078131276,1,0,-1,500,1000,0.13358587819095666,-2.116888129622171,nan,nan,0.07134027487219256,0.6809143502208073,0.11340179339804295,7.001019779301375,0.007018454291291776,nan,22.820259989003258,nan,0.990234375,0.443359375,2.454892256841496
2,full-spectral-sam-muon,full-spectral-sam-muon,Full Spectral SAM-Muon,,muon,grad,spectral,both,inf,0.1,nominal,0.02,additive,1.0,nn_ce,2.2504740078131276,2,0,-1,500,1000,0.14285303885271633,-2.1076209689604113,nan,nan,0.07387898099302037,0.6966609910856947,0.11747396336371274,6.977878795725984,0.00847371611872652,nan,23.067654020067977,nan,0.984375,0.419921875,2.499377414154249
2,full-spectral-sam-muon,full-spectral-sam-muon,Full Spectral SAM-Muon,,muon,grad,spectral,both,inf,0.1,nominal,0.02,additive,1.0,nn_ce,2.2504740078131276,3,0,-1,500,1000,0.16324269627797006,-2.0872313115351577,nan,nan,0.07962641534049755,0.6755507921253482,0.11309340928209963,7.037711311271866,0.007096531434652054,nan,22.552577490510025,nan,0.984375,0.4609375,2.313814828472569
2,full-spectral-sam-muon,full-spectral-sam-muon,Full Spectral SAM-Muon,,muon,grad,spectral,both,inf,0.1,nominal,0.02,additive,1.0,nn_ce,2.2504740078131276,4,0,-1,500,1000,0.1522906345442542,-2.0981833732688733,nan,nan,0.07755261184780693,0.6948322645699725,0.11342219798533701,7.0881152334208215,0.0067488827244557015,nan,22.758994328905928,nan,0.98828125,0.4609375,2.5439486316768507
2,full-spectral-sam-muon,full-spectral-sam-muon,Full Spectral SAM-Muon,,muon,grad,spectral,both,inf,0.1,nominal,0.02,additive,1.0,nn_ce,2.2504740078131276,5,0,-1,500,1000,0.13328018506472142,-2.117193822748406,nan,nan,0.07154442653973397,0.6843508895464709,0.11336800613060886,6.960730582886064,0.008691005582389832,nan,23.00079727025707,nan,0.990234375,0.44140625,2.5980576691162582
2,full-spectral-sam-muon,full-spectral-sam-muon,Full Spectral SAM-Muon,,muon,grad,spectral,both,inf,0.1,nominal,0.02,additive,1.0,nn_ce,2.2504740078131276,6,0,-1,500,1000,0.14395749842776323,-2.106516509385364,nan,nan,0.07786348863395343,0.6795688930490151,0.1131506048053741,6.942445933747398,0.006879086548476521,nan,22.916742936653563,nan,0.98828125,0.423828125,2.492103979867693
2,full-spectral-sam-muon,full-spectral-sam-muon,Full Spectral SAM-Muon,,muon,grad,spectral,both,inf,0.1,nominal,0.02,additive,1.0,nn_ce,2.2504740078131276,7,0,-1,500,1000,0.15012246147964267,-2.100351546333485,nan,nan,0.07733812772301082,0.6820516207186411,0.11324939429102157,6.935142607654765,0.0076170635671182485,nan,23.092954920693543,nan,0.98828125,0.4375,2.442676874823981
2,full-spectral-sam-muon,full-spectral-sam-muon,Full Spectral SAM-Muon,,muon,grad,spectral,both,inf,0.02,nominal,0.02,additive,1.0,nn_ce,2.2504740078131276,0,0,-1,500,1000,0.11643310802847696,-2.1340408997846505,nan,nan,0.06986149893548661,0.14050228522496233,0.022683135549859016,6.972738613925067,0.0003802809976671262,nan,22.741503899993717,nan,0.99609375,0.427734375,2.6487400239375622
2,full-spectral-sam-muon,full-spectral-sam-muon,Full Spectral SAM-Muon,,muon,grad,spectral,both,inf,0.02,nominal,0.02,additive,1.0,nn_ce,2.2504740078131276,1,0,-1,500,1000,0.125458491603661,-2.1250155162094666,nan,nan,0.06923248295806872,0.13707501251814436,0.02268700359220014,6.92632946279668,0.00047209169168763165,nan,22.80007431705555,nan,0.99609375,0.44140625,2.588042125779465
2,full-spectral-sam-muon,full-spectral-sam-muon,Full Spectral SAM-Muon,,muon,grad,spectral,both,inf,0.02,nominal,0.02,additive,1.0,nn_ce,2.2504740078131276,2,0,-1,500,1000,0.11969937724648685,-2.130774630566641,nan,nan,0.0705184197389994,0.1391243292692116,0.02330778109071983,6.922878028815906,0.0007625271342945189,nan,22.739802856392238,nan,1.0,0.42578125,2.640218230715249
2,full-spectral-sam-muon,full-spectral-sam-muon,Full Spectral SAM-Muon,,muon,grad,spectral,both,inf,0.02,nominal,0.02,additive,1.0,nn_ce,2.2504740078131276,3,0,-1,500,1000,0.13740497746008865,-2.113069030353039,nan,nan,0.07603890405212389,0.13513859903087003,0.02260990726956363,6.903429211252615,0.000654621432117114,nan,22.702456963104833,nan,0.994140625,0.44140625,2.4673254150807313
2,full-spectral-sam-muon,full-spectral-sam-muon,Full Spectral SAM-Muon,,muon,grad,spectral,both,inf,0.02,nominal,0.02,additive,1.0,nn_ce,2.2504740078131276,4,0,-1,500,1000,0.13695308972650636,-2.1135209180866212,nan,nan,0.07603458658151659,0.1392718633295738,0.022687113906495575,6.862629343766949,0.0003919284635565956,nan,22.728922744154282,nan,0.9921875,0.455078125,2.662842101668792
2,full-spectral-sam-muon,full-spectral-sam-muon,Full Spectral SAM-Muon,,muon,grad,spectral,both,inf,0.02,nominal,0.02,additive,1.0,nn_ce,2.2504740078131276,5,0,-1,500,1000,0.12077297779209559,-2.129701030021032,nan,nan,0.06899393449906019,0.138723369781336,0.022618859567642157,6.961625086471208,0.0010970747719387802,nan,23.029550173804605,nan,0.994140625,0.43359375,2.684915070444574
2,full-spectral-sam-muon,full-spectral-sam-muon,Full Spectral SAM-Muon,,muon,grad,spectral,both,inf,0.02,nominal,0.02,additive,1.0,nn_ce,2.2504740078131276,6,0,-1,500,1000,0.12938950868298205,-2.1210844991301454,nan,nan,0.07548814880512518,0.13706716384755893,0.02260918190731391,6.945194033232518,0.0006017906789990146,nan,23.15492920614966,nan,0.99609375,0.41796875,2.570429302854729
2,full-spectral-sam-muon,full-spectral-sam-muon,Full Spectral SAM-Muon,,muon,grad,spectral,both,inf,0.02,nominal,0.02,additive,1.0,nn_ce,2.2504740078131276,7,0,-1,500,1000,0.1303516395992613,-2.1201223682138663,nan,nan,0.07147119117963428,0.1360440748196753,0.02268590657310121,6.7676208544514775,0.0005935079906264906,nan,23.061354739262157,nan,0.990234375,0.453125,2.591275912540502
2,full-spectral-sam-muon,full-spectral-sam-muon,Full Spectral SAM-Muon,,muon,grad,spectral,both,inf,0.01,nominal,0.02,additive,1.0,nn_ce,2.2504740078131276,0,0,-1,500,1000,0.11655917774977026,-2.1339148300633575,nan,nan,0.07041155784430349,0.06987175328536152,0.0113364228972974,6.944278894523547,0.00015358672947314578,nan,22.7576577383326,nan,0.994140625,0.4375,2.639560412255845
2,full-spectral-sam-muon,full-spectral-sam-muon,Full Spectral SAM-Muon,,muon,grad,spectral,both,inf,0.01,nominal,0.02,additive,1.0,nn_ce,2.2504740078131276,1,0,-1,500,1000,0.12379014926159654,-2.126683858551531,nan,nan,0.07028981753362148,0.0682783598569253,0.011342100099966343,6.993488724369199,0.00018797024571075294,nan,22.90212067445783,nan,0.994140625,0.455078125,2.6087384260670734
2,full-spectral-sam-muon,full-spectral-sam-muon,Full Spectral SAM-Muon,,muon,grad,spectral,both,inf,0.01,nominal,0.02,additive,1.0,nn_ce,2.2504740078131276,2,0,-1,500,1000,0.11989393716260428,-2.1305800706505233,nan,nan,0.07174463665948148,0.07009108539458295,0.011942323464159738,6.892933874840334,0.00035402234620765527,nan,22.804627428160195,nan,1.0,0.435546875,2.6447466975287277
2,full-spectral-sam-muon,full-spectral-sam-muon,Full Spectral SAM-Muon,,muon,grad,spectral,both,inf,0.01,nominal,0.02,additive,1.0,nn_ce,2.2504740078131276,3,0,-1,500,1000,0.13970318285908254,-2.110770824954045,nan,nan,0.07725628636007313,0.06758389830004186,0.011264280303743093,6.931909027216053,0.0002385204919750361,nan,22.67758751303774,nan,0.99609375,0.447265625,2.493894674466271
2,full-spectral-sam-muon,full-spectral-sam-muon,Full Spectral SAM-Muon,,muon,grad,spectral,both,inf,0.01,nominal,0.02,additive,1.0,nn_ce,2.2504740078131276,4,0,-1,500,1000,0.13463183077497312,-2.1158421770381546,nan,nan,0.07628872820785525,0.06968698915082815,0.011343496568098297,6.807513931255493,9.788220492026878e-05,nan,22.774412178583898,nan,0.994140625,0.45703125,2.694724265005677
2,full-spectral-sam-muon,full-spectral-sam-muon,Full Spectral SAM-Muon,,muon,grad,spectral,both,inf,0.01,nominal,0.02,additive,1.0,nn_ce,2.2504740078131276,5,0,-1,500,1000,0.12029116423701834,-2.1301828435761094,nan,nan,0.06935513259244062,0.06944808792811791,0.011338228797934415,6.947157860297565,0.0004793589991190367,nan,23.059600914852886,nan,0.9921875,0.439453125,2.69127095490956
2,full-spectral-sam-muon,full-spectral-sam-muon,Full Spectral SAM-Muon,,muon,grad,spectral,both,inf,0.01,nominal,0.02,additive,1.0,nn_ce,2.2504740078131276,6,0,-1,500,1000,0.12877734535550175,-2.1216966624576257,nan,nan,0.07605706910468499,0.06871669023244464,0.011312683569992422,6.94824115626245,0.00024960011928337744,nan,23.13797052434217,nan,0.9921875,0.421875,2.606465178912522
2,full-spectral-sam-muon,full-spectral-sam-muon,Full Spectral SAM-Muon,,muon,grad,spectral,both,inf,0.01,nominal,0.02,additive,1.0,nn_ce,2.2504740078131276,7,0,-1,500,1000,0.13243811251749207,-2.1180358952956353,nan,nan,0.07297610089744136,0.06826126984051431,0.011343388029135712,6.830356031791423,0.00025000874814321006,nan,23.11214972011023,nan,0.98828125,0.443359375,2.588744776361626
2,lazy-spectral-sam-muon,lazy-spectral-sam-muon,Lazy Spectral SAM-Muon (Atlas),,muon,stale_update,raw,both,inf,0.05,nominal,0.02,additive,1.0,nn_ce,2.2504740078131276,0,0,-1,500,501,0.12775499883453317,-2.1227190089785943,nan,nan,0.08123527377628043,0.35195988002170214,0.05669201916758725,6.87228930593683,0.010074582542549504,nan,22.861350379701605,nan,0.9921875,0.431640625,2.571733464259499
2,lazy-spectral-sam-muon,lazy-spectral-sam-muon,Lazy Spectral SAM-Muon (Atlas),,muon,stale_update,raw,both,inf,0.05,nominal,0.02,additive,1.0,nn_ce,2.2504740078131276,1,0,-1,500,501,0.14565305293157543,-2.104820954881552,nan,nan,0.09399939160014575,0.3467486172904941,0.056673418392035914,6.863432594746468,0.015533939596774127,nan,23.004824830825218,nan,0.990234375,0.435546875,2.5388173439894004
2,lazy-spectral-sam-muon,lazy-spectral-sam-muon,Lazy Spectral SAM-Muon (Atlas),,muon,stale_update,raw,both,inf,0.05,nominal,0.02,additive,1.0,nn_ce,2.2504740078131276,2,0,-1,500,501,0.13595379636073998,-2.1145202114523878,nan,nan,0.09974567818862848,0.34172955770804325,0.05813380179253795,6.901151914819221,0.012396829418422795,nan,22.74035049120373,nan,0.994140625,0.423828125,2.6098305232356838
2,lazy-spectral-sam-muon,lazy-spectral-sam-muon,Lazy Spectral SAM-Muon (Atlas),,muon,stale_update,raw,both,inf,0.05,nominal,0.02,additive,1.0,nn_ce,2.2504740078131276,3,0,-1,500,501,0.14873661936550275,-2.1017373884476247,nan,nan,0.08709847851740092,0.3503103728367536,0.05669779223091183,7.157531420614176,0.009861698523562584,nan,22.80171848605169,nan,0.9921875,0.4453125,2.447470094770862
2,lazy-spectral-sam-muon,lazy-spectral-sam-muon,Lazy Spectral SAM-Muon (Atlas),,muon,stale_update,raw,both,inf,0.05,nominal,0.02,additive,1.0,nn_ce,2.2504740078131276,4,0,-1,500,501,0.1551489617218949,-2.0953250460912325,nan,nan,0.09083345313028085,0.3377064997690462,0.056717854292221835,6.948911432093406,0.01296879296395348,nan,22.850639968980445,nan,0.98828125,0.458984375,2.6368654321071805
2,lazy-spectral-sam-muon,lazy-spectral-sam-muon,Lazy Spectral SAM-Muon (Atlas),,muon,stale_update,raw,both,inf,0.05,nominal,0.02,additive,1.0,nn_ce,2.2504740078131276,5,0,-1,500,501,0.12742312495411412,-2.1230508828590136,nan,nan,0.08273727890602971,0.35163007208659824,0.06002735046355251,7.064847970054021,0.014379483621609845,nan,22.994128496895307,nan,0.9921875,0.44140625,2.6737099913232845
2,lazy-spectral-sam-muon,lazy-spectral-sam-muon,Lazy Spectral SAM-Muon (Atlas),,muon,stale_update,raw,both,inf,0.05,nominal,0.02,additive,1.0,nn_ce,2.2504740078131276,6,0,-1,500,501,0.14448226518319804,-2.1059917426299295,nan,nan,0.08678825992436222,0.3441261426376737,0.0562624932964855,6.975546123936559,0.011475035180964988,nan,23.156398591091563,nan,0.98828125,0.419921875,2.5641909685832136
2,lazy-spectral-sam-muon,lazy-spectral-sam-muon,Lazy Spectral SAM-Muon (Atlas),,muon,stale_update,raw,both,inf,0.05,nominal,0.02,additive,1.0,nn_ce,2.2504740078131276,7,0,-1,500,501,0.1439025083595537,-2.106571499453574,nan,nan,0.08073232791159797,0.35398766036469104,0.05668522830110779,6.928469025335601,0.013043064432202378,nan,23.26579461718975,nan,0.990234375,0.439453125,2.5503800194380357
2,full-spectral-sam-muon,full-spectral-sam-muon,Full Spectral SAM-Muon,,muon,grad,spectral,both,inf,1.0,nominal,0.02,additive,1.0,nn_ce,2.2504740078131276,0,0,-1,500,1000,1.9176439243883414,-0.33283008342478615,nan,nan,0.25875487084576715,7.036523679279289,1.1292337589217258,6.886394149321149,0.3030840513856554,nan,18.03238849656681,nan,0.34765625,0.32421875,2.317465317923438
2,full-spectral-sam-muon,full-spectral-sam-muon,Full Spectral SAM-Muon,,muon,grad,spectral,both,inf,1.0,nominal,0.02,additive,1.0,nn_ce,2.2504740078131276,1,0,-1,500,1000,1.8849861479805912,-0.3654878598325364,nan,nan,0.2623277984312147,6.9070731910697045,1.196813221470496,6.953059564091799,0.36119863914852024,nan,18.15475994994371,nan,0.369140625,0.33203125,2.2811222850298676
2,full-spectral-sam-muon,full-spectral-sam-muon,Full Spectral SAM-Muon,,muon,grad,spectral,both,inf,1.0,nominal,0.02,additive,1.0,nn_ce,2.2504740078131276,2,0,-1,500,1000,1.885458036607865,-0.3650159712052625,nan,nan,0.2503910055623259,6.986815818070929,1.1324557271893703,6.990409058591951,0.49113842546475683,nan,18.237952860040366,nan,0.3515625,0.310546875,2.315336993624265
2,full-spectral-sam-muon,full-spectral-sam-muon,Full Spectral SAM-Muon,,muon,grad,spectral,both,inf,1.0,nominal,0.02,additive,1.0,nn_ce,2.2504740078131276,3,0,-1,500,1000,1.9278139837373436,-0.322660024075784,nan,nan,0.25937519599389575,7.065553470296464,1.195031998852459,6.9490694887455735,0.5238004277719268,nan,17.9519327263351,nan,0.369140625,0.322265625,2.3377487462276414
2,full-spectral-sam-muon,full-spectral-sam-muon,Full Spectral SAM-Muon,,muon,grad,spectral,both,inf,1.0,nominal,0.02,additive,1.0,nn_ce,2.2504740078131276,4,0,-1,500,1000,1.9473393324925041,-0.30313467532062344,nan,nan,0.2621184533554184,6.9624831892388395,1.1342786190965337,6.974769417774426,0.3926628628019202,nan,18.30333779173614,nan,0.3515625,0.3046875,2.3578348832027918
2,full-spectral-sam-muon,full-spectral-sam-muon,Full Spectral SAM-Muon,,muon,grad,spectral,both,inf,1.0,nominal,0.02,additive,1.0,nn_ce,2.2504740078131276,5,0,-1,500,1000,1.8545100978567444,-0.3959639099563832,nan,nan,0.26737363045729967,6.832247088402676,1.1252964708638673,6.994422202046509,0.398611517154456,nan,18.90295221914108,nan,0.365234375,0.3203125,2.285247896331226
2,full-spectral-sam-muon,full-spectral-sam-muon,Full Spectral SAM-Muon,,muon,grad,spectral,both,inf,1.0,nominal,0.02,additive,1.0,nn_ce,2.2504740078131276,6,0,-1,500,1000,1.8744012687813685,-0.3760727390317591,nan,nan,0.2572270495294392,7.068066065276569,1.1782143324316567,6.856668866035609,0.39092696063264576,nan,18.09237003013518,nan,0.390625,0.357421875,2.3028972519312148
2,full-spectral-sam-muon,full-spectral-sam-muon,Full Spectral SAM-Muon,,muon,grad,spectral,both,inf,1.0,nominal,0.02,additive,1.0,nn_ce,2.2504740078131276,7,0,-1,500,1000,1.9280486008350421,-0.3224254069780854,nan,nan,0.2571170784076875,6.74159648660098,1.1332101261677132,6.941571954752716,0.3074877158755731,nan,18.350716066097796,nan,0.36328125,0.32421875,2.31930859115846
2,lazy-spectral-sam-muon,lazy-spectral-sam-muon,Lazy Spectral SAM-Muon (Atlas),,muon,stale_update,raw,both,inf,0.02,nominal,0.02,additive,1.0,nn_ce,2.2504740078131276,0,0,-1,500,501,0.1171916808031051,-2.1332823270100225,nan,nan,0.07191846805421484,0.1388036804895069,0.022686907105236867,6.9112063214129895,0.002555554028975837,nan,22.781164672881648,nan,0.99609375,0.431640625,2.6191601639447
2,lazy-spectral-sam-muon,lazy-spectral-sam-muon,Lazy Spectral SAM-Muon (Atlas),,muon,stale_update,raw,both,inf,0.02,nominal,0.02,additive,1.0,nn_ce,2.2504740078131276,1,0,-1,500,501,0.12883145539747792,-2.1216425524156497,nan,nan,0.07183106882941133,0.1404642743977592,0.023461603309262277,6.974098044633651,0.002535312598186207,nan,22.9184206565197,nan,0.9921875,0.451171875,2.5951914937165887
2,lazy-spectral-sam-muon,lazy-spectral-sam-muon,Lazy Spectral SAM-Muon (Atlas),,muon,stale_update,raw,both,inf,0.02,nominal,0.02,additive,1.0,nn_ce,2.2504740078131276,2,0,-1,500,501,0.12226318960561074,-2.128210818207517,nan,nan,0.07483711857974185,0.13971556313957736,0.022778133927973118,6.85638545366155,0.0027045599453557057,nan,22.75815585944995,nan,1.0,0.423828125,2.644829421330802
2,lazy-spectral-sam-muon,lazy-spectral-sam-muon,Lazy Spectral SAM-Muon (Atlas),,muon,stale_update,raw,both,inf,0.02,nominal,0.02,additive,1.0,nn_ce,2.2504740078131276,3,0,-1,500,501,0.14029457718183969,-2.110179430631288,nan,nan,0.08007372454282663,0.13872321345548694,0.022679697121101825,6.929563168767257,0.002846356808188094,nan,22.7198245023956,nan,0.99609375,0.447265625,2.474177055319213
2,lazy-spectral-sam-muon,lazy-spectral-sam-muon,Lazy Spectral SAM-Muon (Atlas),,muon,stale_update,raw,both,inf,0.02,nominal,0.02,additive,1.0,nn_ce,2.2504740078131276,4,0,-1,500,501,0.14130733456808559,-2.109166673245042,nan,nan,0.08006334285727172,0.13798364075780442,0.024023584209873855,6.897067349807881,0.003056134675402278,nan,22.73898354511419,nan,0.9921875,0.443359375,2.6928986124233356
2,lazy-spectral-sam-muon,lazy-spectral-sam-muon,Lazy Spectral SAM-Muon (Atlas),,muon,stale_update,raw,both,inf,0.02,nominal,0.02,additive,1.0,nn_ce,2.2504740078131276,5,0,-1,500,501,0.12241817971987162,-2.128055828093256,nan,nan,0.07225219045266036,0.1395851290451787,0.02268385089696181,6.873542849780432,0.0026535796552388524,nan,23.00374168145435,nan,0.9921875,0.44140625,2.704588502372056
2,lazy-spectral-sam-muon,lazy-spectral-sam-muon,Lazy Spectral SAM-Muon (Atlas),,muon,stale_update,raw,both,inf,0.02,nominal,0.02,additive,1.0,nn_ce,2.2504740078131276,6,0,-1,500,501,0.13166642103542256,-2.118807586777705,nan,nan,0.08012437682885519,0.1376146910066598,0.022645016933730493,6.9396124482292985,0.0032246218360161283,nan,23.13671522096319,nan,0.990234375,0.423828125,2.604862786295355
2,lazy-spectral-sam-muon,lazy-spectral-sam-muon,Lazy Spectral SAM-Muon (Atlas),,muon,stale_update,raw,both,inf,0.02,nominal,0.02,additive,1.0,nn_ce,2.2504740078131276,7,0,-1,500,501,0.1354446955498515,-2.115029312263276,nan,nan,0.07587769510746947,0.13653283516712056,0.02268144113262263,6.804000289242763,0.002725972589578407,nan,23.206053296510788,nan,0.98828125,0.443359375,2.5859517477964653
2,full-spectral-sam-muon,full-spectral-sam-muon,Full Spectral SAM-Muon,,muon,grad,spectral,both,inf,0.5,nominal,0.02,additive,1.0,nn_ce,2.2504740078131276,0,0,-1,500,1000,0.5821789471776326,-1.668295060635495,nan,nan,0.16645217744409624,3.5476250131941733,0.5979677681380952,6.927469347276269,0.20464808988855132,nan,21.413042771069986,nan,0.85546875,0.451171875,1.970763278239689
2,full-spectral-sam-muon,full-spectral-sam-muon,Full Spectral SAM-Muon,,muon,grad,spectral,both,inf,0.5,nominal,0.02,additive,1.0,nn_ce,2.2504740078131276,1,0,-1,500,1000,0.5713420205365213,-1.6791319872766062,nan,nan,0.16678019010818482,3.4452129250763863,0.5670448190826012,7.089541279623293,0.18894228153784165,nan,21.468223502022703,nan,0.8515625,0.470703125,1.8787950187118951
2,full-spectral-sam-muon,full-spectral-sam-muon,Full Spectral SAM-Muon,,muon,grad,spectral,both,inf,0.5,nominal,0.02,additive,1.0,nn_ce,2.2504740078131276,2,0,-1,500,1000,0.6240820028120805,-1.6263920050010472,nan,nan,0.17682667560955745,3.534255341454768,0.5964403648189415,7.008926763749168,0.24530253366183985,nan,21.545930138841474,nan,0.86328125,0.455078125,1.9885577881932857
2,full-spectral-sam-muon,full-spectral-sam-muon,Full Spectral SAM-Muon,,muon,grad,spectral,both,inf,0.5,nominal,0.02,additive,1.0,nn_ce,2.2504740078131276,3,0,-1,500,1000,0.5894650348209305,-1.661008972992197,nan,nan,0.17230181442467699,3.51315118691779,0.5671522610736116,6.918094972786475,0.2203350444882316,nan,21.639196092438244,nan,0.861328125,0.48046875,1.96270003516203
2,full-spectral-sam-muon,full-spectral-sam-muon,Full Spectral SAM-Muon,,muon,grad,spectral,both,inf,0.5,nominal,0.02,additive,1.0,nn_ce,2.2504740078131276,4,0,-1,500,1000,0.5796459552300457,-1.6708280525830819,nan,nan,0.16762775005361108,3.568433066263616,0.5988827676424031,6.891220829469178,0.27158536564163804,nan,21.734458562974368,nan,0.859375,0.46875,1.9709007603782638
2,full-spectral-sam-muon,full-spectral-sam-muon,Full Spectral SAM-Muon,,muon,grad,spectral,both,inf,0.5,nominal,0.02,additive,1.0,nn_ce,2.2504740078131276,5,0,-1,500,1000,0.529983077027345,-1.7204909307857825,nan,nan,0.16392780929013714,3.4253417895484826,0.5635385959317004,6.974345611251999,0.22483555581894576,nan,22.07816549858605,nan,0.890625,0.455078125,1.9678132431562743
2,full-spectral-sam-muon,full-spectral-sam-muon,Full Spectral SAM-Muon,,muon,grad,spectral,both,inf,0.5,nominal,0.02,additive,1.0,nn_ce,2.2504740078131276,6,0,-1,500,1000,0.6274472874189446,-1.6230267203941828,nan,nan,0.1724260649726682,3.5032506598504156,0.600023823768119,6.994708398259848,0.225498835208632,nan,21.78881691079543,nan,0.83984375,0.47265625,1.9755778044351655
2,full-spectral-sam-muon,full-spectral-sam-muon,Full Spectral SAM-Muon,,muon,grad,spectral,both,inf,0.5,nominal,0.02,additive,1.0,nn_ce,2.2504740078131276,7,0,-1,500,1000,0.5898239387343054,-1.6606500690788222,nan,nan,0.17244297233155662,3.4825384672117248,0.5946028900554521,6.9746305669664235,0.17890031957616725,nan,21.71743252624424,nan,0.857421875,0.4609375,1.9588474464598542
2,full-spectral-sam-muon,full-spectral-sam-muon,Full Spectral SAM-Muon,,muon,grad,spectral,both,inf,0.2,nominal,0.02,additive,1.0,nn_ce,2.2504740078131276,0,0,-1,500,1000,0.19598398523269575,-2.0544900225804317,nan,nan,0.08995874929083793,1.412617421333258,0.237613920761395,6.907571976295895,0.02491017272576604,nan,22.547278124558073,nan,0.984375,0.462890625,2.3274299093530035
2,full-spectral-sam-muon,full-spectral-sam-muon,Full Spectral SAM-Muon,,muon,grad,spectral,both,inf,0.2,nominal,0.02,additive,1.0,nn_ce,2.2504740078131276,1,0,-1,500,1000,0.1831754313534596,-2.067298576459668,nan,nan,0.08599703067430862,1.3619319756860746,0.22682411931421922,6.970157700862146,0.02595094148332669,nan,22.829622905701186,nan,0.982421875,0.451171875,2.331773371664152
2,full-spectral-sam-muon,full-spectral-sam-muon,Full Spectral SAM-Muon,,muon,grad,spectral,both,inf,0.2,nominal,0.02,additive,1.0,nn_ce,2.2504740078131276,2,0,-1,500,1000,0.19550353453413097,-2.0549704732789964,nan,nan,0.09140954101628601,1.3933116051331336,0.22681788418626606,7.0217952054145245,0.03360237862112436,nan,22.938857349469693,nan,0.974609375,0.439453125,2.331812013635017
2,full-spectral-sam-muon,full-spectral-sam-muon,Full Spectral SAM-Muon,,muon,grad,spectral,both,inf,0.2,nominal,0.02,additive,1.0,nn_ce,2.2504740078131276,3,0,-1,500,1000,0.20747118218674956,-2.043002825626378,nan,nan,0.09440378758077958,1.358915001517716,0.22685721611888957,6.891101322986921,0.024067459686336667,nan,22.676294852223975,nan,0.98046875,0.4609375,2.2125990875189707
2,full-spectral-sam-muon,full-spectral-sam-muon,Full Spectral SAM-Muon,,muon,grad,spectral,both,inf,0.2,nominal,0.02,additive,1.0,nn_ce,2.2504740078131276,4,0,-1,500,1000,0.20251604280677338,-2.047957965006354,nan,nan,0.09517361162486664,1.3896046287853625,0.22676606377145392,6.971535630261009,0.03217181221846588,nan,22.88851934512953,nan,0.974609375,0.458984375,2.3332421821077434
2,full-spectral-sam-muon,full-spectral-sam-muon,Full Spectral SAM-Muon,,muon,grad,spectral,both,inf,0.2,nominal,0.02,additive,1.0,nn_ce,2.2504740078131276,5,0,-1,500,1000,0.1666518385453827,-2.0838221692677448,nan,nan,0.0826194593294428,1.3762494098021234,0.22671931923789437,6.9903424409741906,0.03117652489169298,nan,22.89196952603092,nan,0.982421875,0.4453125,2.4363430381195585
2,full-spectral-sam-muon,full-spectral-sam-muon,Full Spectral SAM-Muon,,muon,grad,spectral,both,inf,0.2,nominal,0.02,additive,1.0,nn_ce,2.2504740078131276,6,0,-1,500,1000,0.18926440799616745,-2.06120959981696,nan,nan,0.0916580374538228,1.3738066060229155,0.2263362441074391,6.937185027527297,0.02845035309326574,nan,22.64929453041535,nan,0.982421875,0.4375,2.3704149932497325
2,full-spectral-sam-muon,full-spectral-sam-muon,Full Spectral SAM-Muon,,muon,grad,spectral,both,inf,0.2,nominal,0.02,additive,1.0,nn_ce,2.2504740078131276,7,0,-1,500,1000,0.20139508906511558,-2.049078918748012,nan,nan,0.09291213109083492,1.3828232189299494,0.24028198183448835,7.03543003668803,0.03021844735921264,nan,22.968593975753418,nan,0.97265625,0.4453125,2.2843919827132155
2,lazy-spectral-sam-muon,lazy-spectral-sam-muon,Lazy Spectral SAM-Muon (Atlas),,muon,stale_update,raw,both,inf,1.0,nominal,0.02,additive,1.0,nn_ce,2.2504740078131276,0,0,-1,500,501,1.595306718854665,-0.6551672889584625,nan,nan,0.6508858669722395,7.142282304404083,1.2014308729806291,7.219401687584782,5.4395345054667015,nan,20.57823504552619,nan,0.53125,0.32421875,2.5521404618387056
2,lazy-spectral-sam-muon,lazy-spectral-sam-muon,Lazy Spectral SAM-Muon (Atlas),,muon,stale_update,raw,both,inf,1.0,nominal,0.02,additive,1.0,nn_ce,2.2504740078131276,1,0,-1,500,501,1.517313070674237,-0.7331609371388905,nan,nan,0.5212577033343879,7.068905017216801,1.1969494290212026,7.177558633969601,4.416509264225,nan,21.460724569364615,nan,0.537109375,0.3671875,2.3892999491653724
2,lazy-spectral-sam-muon,lazy-spectral-sam-muon,Lazy Spectral SAM-Muon (Atlas),,muon,stale_update,raw,both,inf,1.0,nominal,0.02,additive,1.0,nn_ce,2.2504740078131276,2,0,-1,500,501,1.6944344051042899,-0.5560396027088377,nan,nan,0.8877785145042509,7.151348767791254,1.1985145233018462,7.183051026267578,6.374739091761907,nan,20.98190852684878,nan,0.501953125,0.359375,2.4172226684735625
2,lazy-spectral-sam-muon,lazy-spectral-sam-muon,Lazy Spectral SAM-Muon (Atlas),,muon,stale_update,raw,both,inf,1.0,nominal,0.02,additive,1.0,nn_ce,2.2504740078131276,3,0,-1,500,501,1.5996013653743886,-0.650872642438739,nan,nan,0.6308770447963331,7.278099421502117,1.2000727194012712,7.128134105481901,5.5620668055411135,nan,21.140988636566895,nan,0.544921875,0.35546875,2.3951753630371257
2,lazy-spectral-sam-muon,lazy-spectral-sam-muon,Lazy Spectral SAM-Muon (Atlas),,muon,stale_update,raw,both,inf,1.0,nominal,0.02,additive,1.0,nn_ce,2.2504740078131276,4,0,-1,500,501,1.6357791734135008,-0.6146948343996268,nan,nan,0.6001154105679664,7.208192708289367,1.1776901903708232,7.190273924494098,4.8088162308936715,nan,21.417474945643807,nan,0.54296875,0.3671875,2.4081202191200863
2,lazy-spectral-sam-muon,lazy-spectral-sam-muon,Lazy Spectral SAM-Muon (Atlas),,muon,stale_update,raw,both,inf,1.0,nominal,0.02,additive,1.0,nn_ce,2.2504740078131276,5,0,-1,500,501,1.7809489707471589,-0.4695250370659687,nan,nan,1.2628787006409596,7.150516382571988,1.1874045250662684,7.193622653790455,6.252806622502712,nan,21.171911938164314,nan,0.43359375,0.29296875,2.4555460255672124
2,lazy-spectral-sam-muon,lazy-spectral-sam-muon,Lazy Spectral SAM-Muon (Atlas),,muon,stale_update,raw,both,inf,1.0,nominal,0.02,additive,1.0,nn_ce,2.2504740078131276,6,0,-1,500,501,1.7089151403806553,-0.5415588674324723,nan,nan,0.7345488278325265,7.1706293111113455,1.1952407231268327,7.181205505490207,5.399843755150572,nan,20.868338156109683,nan,0.4921875,0.294921875,2.613607829938749
2,lazy-spectral-sam-muon,lazy-spectral-sam-muon,Lazy Spectral SAM-Muon (Atlas),,muon,stale_update,raw,both,inf,1.0,nominal,0.02,additive,1.0,nn_ce,2.2504740078131276,7,0,-1,500,501,1.7401680949947131,-0.5103059128184144,nan,nan,1.0031348931950215,7.20157914476031,1.1976272813132056,7.203274658189219,4.793433233903848,nan,21.21878307026561,nan,0.458984375,0.30859375,2.431432748667202
2,lazy-spectral-sam-muon,lazy-spectral-sam-muon,Lazy Spectral SAM-Muon (Atlas),,muon,stale_update,raw,both,inf,0.01,nominal,0.02,additive,1.0,nn_ce,2.2504740078131276,0,0,-1,500,501,0.11722484717310996,-2.1332491606400175,nan,nan,0.07156802727829026,0.06969604415362719,0.011992240776728455,6.892581351235629,0.0011642252125438762,nan,22.80341965529563,nan,0.99609375,0.427734375,2.623938693680931
2,lazy-spectral-sam-muon,lazy-spectral-sam-muon,Lazy Spectral SAM-Muon (Atlas),,muon,stale_update,raw,both,inf,0.01,nominal,0.02,additive,1.0,nn_ce,2.2504740078131276,1,0,-1,500,501,0.1263884523481926,-2.124085555464935,nan,nan,0.07093537669680819,0.069482416663442,0.011774058759322019,7.036725198958057,0.0011583396680099889,nan,22.926968917519073,nan,0.994140625,0.44921875,2.5932497621276918
2,lazy-spectral-sam-muon,lazy-spectral-sam-muon,Lazy Spectral SAM-Muon (Atlas),,muon,stale_update,raw,both,inf,0.01,nominal,0.02,additive,1.0,nn_ce,2.2504740078131276,2,0,-1,500,501,0.11902392750263603,-2.1314500803104917,nan,nan,0.07248402360010893,0.07079216782271605,0.011961009443126478,6.882925839658956,0.001148226967803992,nan,22.814952180758077,nan,1.0,0.42578125,2.6353110563405364
2,lazy-spectral-sam-muon,lazy-spectral-sam-muon,Lazy Spectral SAM-Muon (Atlas),,muon,stale_update,raw,both,inf,0.01,nominal,0.02,additive,1.0,nn_ce,2.2504740078131276,3,0,-1,500,501,0.13904406383640786,-2.1114299439767197,nan,nan,0.07860804047372233,0.06977992150877488,0.011342512683539648,7.054333721823186,0.0013020493950416379,nan,22.741171799422528,nan,0.998046875,0.4453125,2.50161113312554
2,lazy-spectral-sam-muon,lazy-spectral-sam-muon,Lazy Spectral SAM-Muon (Atlas),,muon,stale_update,raw,both,inf,0.01,nominal,0.02,additive,1.0,nn_ce,2.2504740078131276,4,0,-1,500,501,0.13720774376660083,-2.1132662640465267,nan,nan,0.07816872828141845,0.06848796344749518,0.011921561925898442,6.804359488637517,0.0013132169398943627,nan,22.77909809828504,nan,0.994140625,0.451171875,2.717080133306558
2,lazy-spectral-sam-muon,lazy-spectral-sam-muon,Lazy Spectral SAM-Muon (Atlas),,muon,stale_update,raw,both,inf,0.01,nominal,0.02,additive,1.0,nn_ce,2.2504740078131276,5,0,-1,500,501,0.12115387891797358,-2.129320128895154,nan,nan,0.07126168829807585,0.06990331576886427,0.011341985731685808,6.976745980795502,0.0011805184934184226,nan,23.09687716354675,nan,0.9921875,0.4453125,2.7149971019149053
2,lazy-spectral-sam-muon,lazy-spectral-sam-muon,Lazy Spectral SAM-Muon (Atlas),,muon,stale_update,raw,both,inf,0.01,nominal,0.02,additive,1.0,nn_ce,2.2504740078131276,6,0,-1,500,501,0.13035120016926385,-2.1201228076438636,nan,nan,0.0780763943983649,0.06851054756262576,0.011340780337453222,6.902635996933514,0.0013819240226645157,nan,23.151686508718537,nan,0.994140625,0.439453125,2.620419791328622
2,lazy-spectral-sam-muon,lazy-spectral-sam-muon,Lazy Spectral SAM-Muon (Atlas),,muon,stale_update,raw,both,inf,0.01,nominal,0.02,additive,1.0,nn_ce,2.2504740078131276,7,0,-1,500,501,0.13422087860782517,-2.1162531292053024,nan,nan,0.07520793105953935,0.06897947831894095,0.012023391826590802,6.799714534766138,0.001350487872440631,nan,23.269431543715466,nan,0.986328125,0.44140625,2.586319682184629
2,lazy-spectral-sam-muon,lazy-spectral-sam-muon,Lazy Spectral SAM-Muon (Atlas),,muon,stale_update,raw,both,inf,0.1,nominal,0.02,additive,1.0,nn_ce,2.2504740078131276,0,0,-1,500,501,0.1584667034613358,-2.092007304351792,nan,nan,0.1117301865070246,0.7106756039741348,0.11664497487415953,7.240759425387503,0.06358300628997368,nan,23.054356697541653,nan,0.9921875,0.44140625,2.424368754828123
2,lazy-spectral-sam-muon,lazy-spectral-sam-muon,Lazy Spectral SAM-Muon (Atlas),,muon,stale_update,raw,both,inf,0.1,nominal,0.02,additive,1.0,nn_ce,2.2504740078131276,1,0,-1,500,501,0.18666854203175776,-2.06380546578137,nan,nan,0.15073356892597256,0.6935589343861698,0.11330545853600432,7.069549848348306,0.053115048104515616,nan,23.19315843972356,nan,0.982421875,0.4375,2.4277070456443806
2,lazy-spectral-sam-muon,lazy-spectral-sam-muon,Lazy Spectral SAM-Muon (Atlas),,muon,stale_update,raw,both,inf,0.1,nominal,0.02,additive,1.0,nn_ce,2.2504740078131276,2,0,-1,500,501,0.17459618241523706,-2.0758778253978907,nan,nan,0.1257784266172506,0.7043914604822925,0.11340589615666287,7.013860878338931,0.07036921356138257,nan,23.14651893886607,nan,0.984375,0.439453125,2.467512493377773
2,lazy-spectral-sam-muon,lazy-spectral-sam-muon,Lazy Spectral SAM-Muon (Atlas),,muon,stale_update,raw,both,inf,0.1,nominal,0.02,additive,1.0,nn_ce,2.2504740078131276,3,0,-1,500,501,0.18731154978831663,-2.063162458024811,nan,nan,0.11260927237746785,0.7184860775790558,0.11932273641818743,7.12275699955985,0.07558498252771467,nan,23.022610700963877,nan,0.98046875,0.447265625,2.370216059947584
2,lazy-spectral-sam-muon,lazy-spectral-sam-muon,Lazy Spectral SAM-Muon (Atlas),,muon,stale_update,raw,both,inf,0.1,nominal,0.02,additive,1.0,nn_ce,2.2504740078131276,4,0,-1,500,501,0.19685784358180214,-2.0536161642313253,nan,nan,0.15537994324678436,0.6970563807014253,0.1134075981037818,7.15138277098058,0.07378056619488418,nan,23.15085320829779,nan,0.974609375,0.4453125,2.555825920899692
2,lazy-spectral-sam-muon,lazy-spectral-sam-muon,Lazy Spectral SAM-Muon (Atlas),,muon,stale_update,raw,both,inf,0.1,nominal,0.02,additive,1.0,nn_ce,2.2504740078131276,5,0,-1,500,501,0.15869996326367003,-2.0917740445494575,nan,nan,0.11282802895377667,0.695408770305517,0.11286325416399959,6.880009514510886,0.06072097063547077,nan,23.14630138686227,nan,0.98828125,0.43359375,2.5279441045191575
2,lazy-spectral-sam-muon,lazy-spectral-sam-muon,Lazy Spectral SAM-Muon (Atlas),,muon,stale_update,raw,both,inf,0.1,nominal,0.02,additive,1.0,nn_ce,2.2504740078131276,6,0,-1,500,501,0.17690691381125648,-2.073567094001871,nan,nan,0.11507583933193025,0.698610405521842,0.11337529168247176,7.051261024437748,0.04956932849104276,nan,23.389113633619097,nan,0.984375,0.43359375,2.417625176451498
2,lazy-spectral-sam-muon,lazy-spectral-sam-muon,Lazy Spectral SAM-Muon (Atlas),,muon,stale_update,raw,both,inf,0.1,nominal,0.02,additive,1.0,nn_ce,2.2504740078131276,7,0,-1,500,501,0.18881502762847785,-2.06165898018465,nan,nan,0.16073170395554667,0.714708150681446,0.1201073714196212,6.975555545731122,0.05972197024629225,nan,23.400767986827947,nan,0.978515625,0.447265625,2.419302701434245
2,lazy-spectral-sam-muon,lazy-spectral-sam-muon,Lazy Spectral SAM-Muon (Atlas),,muon,stale_update,raw,both,inf,0.2,nominal,0.02,additive,1.0,nn_ce,2.2504740078131276,0,0,-1,500,501,0.2760849437353924,-1.974389064077735,nan,nan,0.20234277840926748,1.4646059086537233,0.22686390731878467,7.321317190774736,0.291403886362014,nan,23.296262664917272,nan,0.953125,0.439453125,2.2232411233417926
2,lazy-spectral-sam-muon,lazy-spectral-sam-muon,Lazy Spectral SAM-Muon (Atlas),,muon,stale_update,raw,both,inf,0.2,nominal,0.02,additive,1.0,nn_ce,2.2504740078131276,1,0,-1,500,501,0.30802716269810504,-1.9424468451150225,nan,nan,0.22579293035706244,1.4443588508687348,0.2404577130213947,7.331631907363132,0.2715178442777194,nan,23.643653372534256,nan,0.953125,0.4453125,2.1967962753438224
2,lazy-spectral-sam-muon,lazy-spectral-sam-muon,Lazy Spectral SAM-Muon (Atlas),,muon,stale_update,raw,both,inf,0.2,nominal,0.02,additive,1.0,nn_ce,2.2504740078131276,2,0,-1,500,501,0.296122458535953,-1.9543515492771746,nan,nan,0.18884916183406827,1.4372119358337414,0.23453569670802257,7.1036094762969215,0.24339037026063692,nan,23.47185634773719,nan,0.94140625,0.4375,2.2884812618259955
2,lazy-spectral-sam-muon,lazy-spectral-sam-muon,Lazy Spectral SAM-Muon (Atlas),,muon,stale_update,raw,both,inf,0.2,nominal,0.02,additive,1.0,nn_ce,2.2504740078131276,3,0,-1,500,501,0.3314134591596116,-1.919060548653516,nan,nan,0.21545780469091513,1.4444779837497705,0.22687134515417712,7.321486460126703,0.2876875467757965,nan,23.184599358165414,nan,0.931640625,0.419921875,2.2660972803197446
2,lazy-spectral-sam-muon,lazy-spectral-sam-muon,Lazy Spectral SAM-Muon (Atlas),,muon,stale_update,raw,both,inf,0.2,nominal,0.02,additive,1.0,nn_ce,2.2504740078131276,4,0,-1,500,501,0.2899313374022535,-1.9605426704108742,nan,nan,0.20277749736027448,1.4681977589396493,0.23776290200282887,7.32727090937549,0.2806300505198158,nan,23.201383841741468,nan,0.95703125,0.423828125,2.4110332909833243
2,lazy-spectral-sam-muon,lazy-spectral-sam-muon,Lazy Spectral SAM-Muon (Atlas),,muon,stale_update,raw,both,inf,0.2,nominal,0.02,additive,1.0,nn_ce,2.2504740078131276,5,0,-1,500,501,0.2915600843847081,-1.9589139234284194,nan,nan,0.21716783471645537,1.4708898293725323,0.2376492813215095,7.315319191689606,0.2985507927961793,nan,23.463283799066012,nan,0.951171875,0.421875,2.2975444594355148
2,lazy-spectral-sam-muon,lazy-spectral-sam-muon,Lazy Spectral SAM-Muon (Atlas),,muon,stale_update,raw,both,inf,0.2,nominal,0.02,additive,1.0,nn_ce,2.2504740078131276,6,0,-1,500,501,0.30588184385609557,-1.944592163957032,nan,nan,0.20881061948459748,1.4317535351067847,0.2263088139989372,7.219384573220292,0.24932491438864607,nan,23.29174700591019,nan,0.939453125,0.4296875,2.262656270754175
2,lazy-spectral-sam-muon,lazy-spectral-sam-muon,Lazy Spectral SAM-Muon (Atlas),,muon,stale_update,raw,both,inf,0.2,nominal,0.02,additive,1.0,nn_ce,2.2504740078131276,7,0,-1,500,501,0.31557606100765295,-1.9348979468054746,nan,nan,0.2513342106680931,1.3935915230164826,0.22686895822889175,7.097647281823205,0.26488076264182137,nan,23.95890095155231,nan,0.93359375,0.423828125,2.2360948548178223
2,spectral-friendly-sam-muon,spectral-friendly-sam-muon,Spectral Friendly SAM-Muon,,muon,friendly,spectral,both,inf,0.05,nominal,0.02,additive,1.0,nn_ce,2.2504740078131276,0,0,-1,500,1000,0.11878876210224912,-2.1316852457108784,nan,nan,0.06901304739175014,0.34489917817998406,0.06006609221294424,6.960706739302839,0.0009399089599106958,nan,22.672648172286753,nan,0.9921875,0.41796875,2.626234342905626
2,spectral-friendly-sam-muon,spectral-friendly-sam-muon,Spectral Friendly SAM-Muon,,muon,friendly,spectral,both,inf,0.05,nominal,0.02,additive,1.0,nn_ce,2.2504740078131276,1,0,-1,500,1000,0.12224390016810582,-2.1282301076450216,nan,nan,0.06825351185058372,0.34275654596778493,0.06001021441133995,6.912929169122873,0.001450548887886538,nan,22.793035235345272,nan,0.9921875,0.439453125,2.5565522347927008
2,spectral-friendly-sam-muon,spectral-friendly-sam-muon,Spectral Friendly SAM-Muon,,muon,friendly,spectral,both,inf,0.05,nominal,0.02,additive,1.0,nn_ce,2.2504740078131276,2,0,-1,500,1000,0.12296063274167503,-2.1275133750714526,nan,nan,0.06943004586207789,0.3477502274713913,0.058640361506031836,6.983742501762637,0.0016312724176620053,nan,22.749714358760855,nan,1.0,0.419921875,2.5693661128343286
2,spectral-friendly-sam-muon,spectral-friendly-sam-muon,Spectral Friendly SAM-Muon,,muon,friendly,spectral,both,inf,0.05,nominal,0.02,additive,1.0,nn_ce,2.2504740078131276,3,0,-1,500,1000,0.1389125514462826,-2.111561456366845,nan,nan,0.07587567686164216,0.34169172974503265,0.05662881734351738,6.941071183027469,0.0013875686056091519,nan,22.721219524090408,nan,0.990234375,0.453125,2.423885724852548
2,spectral-friendly-sam-muon,spectral-friendly-sam-muon,Spectral Friendly SAM-Muon,,muon,friendly,spectral,both,inf,0.05,nominal,0.02,additive,1.0,nn_ce,2.2504740078131276,4,0,-1,500,1000,0.13934825498628586,-2.1111257528268417,nan,nan,0.07566573969435965,0.35143636106866855,0.057971578615559585,6.922816932819224,0.0004403237038080321,nan,22.77151566660133,nan,0.990234375,0.439453125,2.646131522281189
2,spectral-friendly-sam-muon,spectral-friendly-sam-muon,Spectral Friendly SAM-Muon,,muon,friendly,spectral,both,inf,0.05,nominal,0.02,additive,1.0,nn_ce,2.2504740078131276,5,0,-1,500,1000,0.11810265447613244,-2.1323713533369952,nan,nan,0.06696883928676514,0.3478832403040244,0.05668041791623196,6.92808261712727,0.002251579530257855,nan,23.06545071752606,nan,0.9921875,0.4375,2.6782159779516874
2,spectral-friendly-sam-muon,spectral-friendly-sam-muon,Spectral Friendly SAM-Muon,,muon,friendly,spectral,both,inf,0.05,nominal,0.02,additive,1.0,nn_ce,2.2504740078131276,6,0,-1,500,1000,0.12851451330423488,-2.121959494508893,nan,nan,0.07253276140188591,0.33600788074962123,0.05663690903931549,6.959615107830499,0.001121639916137368,nan,23.017819579578802,nan,0.9921875,0.423828125,2.5594663448988793
2,spectral-friendly-sam-muon,spectral-friendly-sam-muon,Spectral Friendly SAM-Muon,,muon,friendly,spectral,both,inf,0.05,nominal,0.02,additive,1.0,nn_ce,2.2504740078131276,7,0,-1,500,1000,0.13261638741620874,-2.1178576203969186,nan,nan,0.07148824358399931,0.3393648308855314,0.05599011984084285,6.82825727799411,0.0009516270732752852,nan,23.106135367896595,nan,0.986328125,0.4453125,2.523613248850598
2,lazy-spectral-sam-muon,lazy-spectral-sam-muon,Lazy Spectral SAM-Muon (Atlas),,muon,stale_update,raw,both,inf,0.5,nominal,0.02,additive,1.0,nn_ce,2.2504740078131276,0,0,-1,500,501,0.7346193150219156,-1.515854692791212,nan,nan,0.49734110145653415,3.6321472272932085,0.5966666085283016,7.223044973340656,1.770621944132629,nan,22.86753354576332,nan,0.765625,0.41796875,2.2593920124366575
2,lazy-spectral-sam-muon,lazy-spectral-sam-muon,Lazy Spectral SAM-Muon (Atlas),,muon,stale_update,raw,both,inf,0.5,nominal,0.02,additive,1.0,nn_ce,2.2504740078131276,1,0,-1,500,501,0.7369629923934577,-1.5135110154196698,nan,nan,0.5416924353833014,3.5405393756136334,0.5671468138384866,7.144195281851473,1.534899030686442,nan,23.156283501643276,nan,0.767578125,0.451171875,2.1284110763093986
2,lazy-spectral-sam-muon,lazy-spectral-sam-muon,Lazy Spectral SAM-Muon (Atlas),,muon,stale_update,raw,both,inf,0.5,nominal,0.02,additive,1.0,nn_ce,2.2504740078131276,2,0,-1,500,501,0.7117099002958784,-1.5387641075172491,nan,nan,0.5275714295187486,3.6318999135145775,0.599845194526667,7.32324901029078,1.617092083349028,nan,23.152048833219332,nan,0.7890625,0.40625,2.2066272857541804
2,lazy-spectral-sam-muon,lazy-spectral-sam-muon,Lazy Spectral SAM-Muon (Atlas),,muon,stale_update,raw,both,inf,0.5,nominal,0.02,additive,1.0,nn_ce,2.2504740078131276,3,0,-1,500,501,0.8014176633890159,-1.4490563444241116,nan,nan,0.6379508233725879,3.5635582224642746,0.6011287509807324,7.1455322846082305,1.8748295433588846,nan,22.646384559770187,nan,0.75390625,0.400390625,2.1644801163881304
2,lazy-spectral-sam-muon,lazy-spectral-sam-muon,Lazy Spectral SAM-Muon (Atlas),,muon,stale_update,raw,both,inf,0.5,nominal,0.02,additive,1.0,nn_ce,2.2504740078131276,4,0,-1,500,501,0.7396728307866873,-1.5108011770264402,nan,nan,0.5396463322164629,3.555287873024251,0.5652136199320086,7.23776487151064,1.5683863542549323,nan,22.756780161008603,nan,0.7734375,0.44140625,2.0830544746950284
2,lazy-spectral-sam-muon,lazy-spectral-sam-muon,Lazy Spectral SAM-Muon (Atlas),,muon,stale_update,raw,both,inf,0.5,nominal,0.02,additive,1.0,nn_ce,2.2504740078131276,5,0,-1,500,501,0.6863944986487203,-1.5640795091644073,nan,nan,0.44839849797945225,3.684576807572576,0.5879336394878152,7.387515004839486,1.608362090031145,nan,22.944557378619646,nan,0.78125,0.404296875,2.1985157235486144
2,lazy-spectral-sam-muon,lazy-spectral-sam-muon,Lazy Spectral SAM-Muon (Atlas),,muon,stale_update,raw,both,inf,0.5,nominal,0.02,additive,1.0,nn_ce,2.2504740078131276,6,0,-1,500,501,0.7617928959026423,-1.4886811119104852,nan,nan,0.5393857018138678,3.6204568956752423,0.5985539183874811,7.155162761114891,1.567693651695155,nan,23.140966460589908,nan,0.740234375,0.44140625,2.237184964925164
2,lazy-spectral-sam-muon,lazy-spectral-sam-muon,Lazy Spectral SAM-Muon (Atlas),,muon,stale_update,raw,both,inf,0.5,nominal,0.02,additive,1.0,nn_ce,2.2504740078131276,7,0,-1,500,501,0.7662456458926545,-1.484228361920473,nan,nan,0.5861872564911541,3.713821171457184,0.6010622586733781,7.231670555186169,1.58174411179127,nan,23.459436473341302,nan,0.76953125,0.41015625,2.331995045058056
2,spectral-friendly-sam-muon,spectral-friendly-sam-muon,Spectral Friendly SAM-Muon,,muon,friendly,spectral,both,inf,0.01,nominal,0.02,additive,1.0,nn_ce,2.2504740078131276,0,0,-1,500,1000,0.11420570438595813,-2.1362683034271694,nan,nan,0.06976374649980985,0.06904251030959911,0.011338005444423364,6.9056120803850645,-3.2577830958641085e-05,nan,22.76497668816156,nan,0.998046875,0.43359375,2.6370499340214733
2,spectral-friendly-sam-muon,spectral-friendly-sam-muon,Spectral Friendly SAM-Muon,,muon,friendly,spectral,both,inf,0.01,nominal,0.02,additive,1.0,nn_ce,2.2504740078131276,1,0,-1,500,1000,0.12474395742871176,-2.1257300503844156,nan,nan,0.07006951805757998,0.06806981272848374,0.011427218587186538,6.977879833270263,5.799308658498148e-05,nan,22.853517174337355,nan,0.994140625,0.45703125,2.6210784458185925
2,spectral-friendly-sam-muon,spectral-friendly-sam-muon,Spectral Friendly SAM-Muon,,muon,friendly,spectral,both,inf,0.01,nominal,0.02,additive,1.0,nn_ce,2.2504740078131276,2,0,-1,500,1000,0.12002835581030755,-2.13044565200282,nan,nan,0.07082712064394023,0.06927881577055793,0.012011448152221027,6.878174074859237,0.00010236477004631206,nan,22.74485279248547,nan,1.0,0.435546875,2.627967991002187
2,spectral-friendly-sam-muon,spectral-friendly-sam-muon,Spectral Friendly SAM-Muon,,muon,friendly,spectral,both,inf,0.01,nominal,0.02,additive,1.0,nn_ce,2.2504740078131276,3,0,-1,500,1000,0.13736878003821354,-2.113105227774914,nan,nan,0.07591848599573801,0.0680886005919315,0.01133069142270124,6.980231819257194,-2.819402320386466e-06,nan,22.718863197975892,nan,0.99609375,0.439453125,2.5012525766245983
2,spectral-friendly-sam-muon,spectral-friendly-sam-muon,Spectral Friendly SAM-Muon,,muon,friendly,spectral,both,inf,0.01,nominal,0.02,additive,1.0,nn_ce,2.2504740078131276,4,0,-1,500,1000,0.13619576427493896,-2.1142782435381884,nan,nan,0.07582541748260734,0.0698830870851888,0.01134357237692884,6.816107129803998,-0.00012076139612307579,nan,22.748127478688637,nan,0.99609375,0.458984375,2.717405776509083
2,spectral-friendly-sam-muon,spectral-friendly-sam-muon,Spectral Friendly SAM-Muon,,muon,friendly,spectral,both,inf,0.01,nominal,0.02,additive,1.0,nn_ce,2.2504740078131276,5,0,-1,500,1000,0.11910989971778893,-2.1313641080953385,nan,nan,0.06863381182311235,0.06902470772572386,0.011343101569799768,6.996622930177766,0.00025779465146395786,nan,23.0891740693031,nan,0.994140625,0.44140625,2.695503323549498
2,spectral-friendly-sam-muon,spectral-friendly-sam-muon,Spectral Friendly SAM-Muon,,muon,friendly,spectral,both,inf,0.01,nominal,0.02,additive,1.0,nn_ce,2.2504740078131276,6,0,-1,500,1000,0.12608564430488167,-2.124388363508246,nan,nan,0.0754958006379635,0.06726413554068801,0.011341336380771547,7.0103399407665306,-1.979287437237076e-05,nan,23.1237535829947,nan,0.99609375,0.421875,2.60454605660388
2,spectral-friendly-sam-muon,spectral-friendly-sam-muon,Spectral Friendly SAM-Muon,,muon,friendly,spectral,both,inf,0.01,nominal,0.02,additive,1.0,nn_ce,2.2504740078131276,7,0,-1,500,1000,0.13317958015486298,-2.1172944276582646,nan,nan,0.07380468788361674,0.0678423304969579,0.0113209829380285,6.855734635208232,4.349523023414181e-05,nan,23.131731084182782,nan,0.986328125,0.44921875,2.573242470797726
2,stale-friendly-spectral-sam-muon,stale-friendly-spectral-sam-muon,Stale Friendly Spectral SAM-Muon,,muon,stale_friendly,spectral,mnist,inf,0.02,nominal,0.02,additive,1.0,nn_ce,2.2504740078131276,0,0,-1,500,501,0.11696576082938262,-2.133508246983745,nan,nan,0.07079602675955098,0.13886085246551372,0.02398631514041067,6.928006898842248,0.00035354010225317756,nan,22.690230876073652,nan,0.994140625,0.431640625,2.6243315167547023
2,stale-friendly-spectral-sam-muon,stale-friendly-spectral-sam-muon,Stale Friendly Spectral SAM-Muon,,muon,stale_friendly,spectral,mnist,inf,0.02,nominal,0.02,additive,1.0,nn_ce,2.2504740078131276,1,0,-1,500,501,0.12708213016484113,-2.1233918776482863,nan,nan,0.07093462270555816,0.13828857747703163,0.022563621882760274,6.965649640302578,0.00012748574940546487,nan,22.86163784062857,nan,0.994140625,0.443359375,2.6388663065916784
2,stale-friendly-spectral-sam-muon,stale-friendly-spectral-sam-muon,Stale Friendly Spectral SAM-Muon,,muon,stale_friendly,spectral,mnist,inf,0.02,nominal,0.02,additive,1.0,nn_ce,2.2504740078131276,2,0,-1,500,501,0.12219383891965284,-2.128280168893475,nan,nan,0.07312042826184816,0.13852531673036791,0.022687132056593746,6.854743715884612,-9.007728523016678e-05,nan,22.792454608516486,nan,0.998046875,0.431640625,2.6530764496811896
2,stale-friendly-spectral-sam-muon,stale-friendly-spectral-sam-muon,Stale Friendly Spectral SAM-Muon,,muon,stale_friendly,spectral,mnist,inf,0.02,nominal,0.02,additive,1.0,nn_ce,2.2504740078131276,3,0,-1,500,501,0.1379687725046735,-2.112505235308454,nan,nan,0.07778124544203066,0.13826141447070608,0.023887880028781224,6.97317529873075,0.0005622614410428495,nan,22.69906228032478,nan,0.99609375,0.44921875,2.5066273509538832
2,stale-friendly-spectral-sam-muon,stale-friendly-spectral-sam-muon,Stale Friendly Spectral SAM-Muon,,muon,stale_friendly,spectral,mnist,inf,0.02,nominal,0.02,additive,1.0,nn_ce,2.2504740078131276,4,0,-1,500,501,0.1363246029490071,-2.1141494048641203,nan,nan,0.07731291440975195,0.13885089568174586,0.022687072135661616,6.80189183929704,0.0002210599519706924,nan,22.72943094414259,nan,0.994140625,0.45703125,2.716468475663385
2,stale-friendly-spectral-sam-muon,stale-friendly-spectral-sam-muon,Stale Friendly Spectral SAM-Muon,,muon,stale_friendly,spectral,mnist,inf,0.02,nominal,0.02,additive,1.0,nn_ce,2.2504740078131276,5,0,-1,500,501,0.11773647312729281,-2.132737534685835,nan,nan,0.0692651513042565,0.14169123326910765,0.023812454765633134,6.912384415267113,5.901734627633548e-05,nan,23.086776128513613,nan,0.9921875,0.44140625,2.727171015522657
2,stale-friendly-spectral-sam-muon,stale-friendly-spectral-sam-muon,Stale Friendly Spectral SAM-Muon,,muon,stale_friendly,spectral,mnist,inf,0.02,nominal,0.02,additive,1.0,nn_ce,2.2504740078131276,6,0,-1,500,501,0.1293850600167168,-2.1210889477964106,nan,nan,0.07676113204244864,0.13614537265410573,0.022555926135164203,6.994921155818225,0.000611294054706002,nan,23.118804141254948,nan,0.990234375,0.421875,2.6226257315078954
2,stale-friendly-spectral-sam-muon,stale-friendly-spectral-sam-muon,Stale Friendly Spectral SAM-Muon,,muon,stale_friendly,spectral,mnist,inf,0.02,nominal,0.02,additive,1.0,nn_ce,2.2504740078131276,7,0,-1,500,501,0.13117748320156897,-2.1192965246115585,nan,nan,0.07383629191379405,0.1362656981892663,0.022687139911880896,6.781880204764761,0.00044398043181853586,nan,23.152274090976032,nan,0.990234375,0.435546875,2.597873423749045
2,spectral-friendly-sam-muon,spectral-friendly-sam-muon,Spectral Friendly SAM-Muon,,muon,friendly,spectral,both,inf,1.0,nominal,0.02,additive,1.0,nn_ce,2.2504740078131276,0,0,-1,500,1000,1.464390581231568,-0.7860834265815595,nan,nan,0.3131932098740584,6.937461252244086,1.134279380809938,7.082640396469917,0.36558258604520466,nan,18.300503793549318,nan,0.591796875,0.439453125,2.0790194658505383
2,spectral-friendly-sam-muon,spectral-friendly-sam-muon,Spectral Friendly SAM-Muon,,muon,friendly,spectral,both,inf,1.0,nominal,0.02,additive,1.0,nn_ce,2.2504740078131276,1,0,-1,500,1000,1.4089947808436574,-0.8414792269694702,nan,nan,0.3085283632414846,6.974121571335996,1.201037030173785,6.9610921527062075,0.3687121415667214,nan,18.435350969633227,nan,0.60546875,0.4453125,2.043696838587431
2,spectral-friendly-sam-muon,spectral-friendly-sam-muon,Spectral Friendly SAM-Muon,,muon,friendly,spectral,both,inf,1.0,nominal,0.02,additive,1.0,nn_ce,2.2504740078131276,2,0,-1,500,1000,1.483076619138242,-0.7673973886748855,nan,nan,0.30967423826607865,7.078002064953453,1.142260619538066,7.0363042914466165,0.46758261041202664,nan,18.395302696458458,nan,0.572265625,0.41796875,2.119475489148885
2,spectral-friendly-sam-muon,spectral-friendly-sam-muon,Spectral Friendly SAM-Muon,,muon,friendly,spectral,both,inf,1.0,nominal,0.02,additive,1.0,nn_ce,2.2504740078131276,3,0,-1,500,1000,1.4919508328668338,-0.7585231749462937,nan,nan,0.31547235202192714,6.940193520898089,1.1342902821097132,6.943483203259242,0.6830178511799514,nan,18.201011684480665,nan,0.57421875,0.443359375,2.116330824411648
2,spectral-friendly-sam-muon,spectral-friendly-sam-muon,Spectral Friendly SAM-Muon,,muon,friendly,spectral,both,inf,1.0,nominal,0.02,additive,1.0,nn_ce,2.2504740078131276,4,0,-1,500,1000,1.4855983143677103,-0.7648756934454173,nan,nan,0.3086933793849581,6.9427134948810165,1.1697537906218454,6.918665199812396,0.40941958710006077,nan,18.620658982790676,nan,0.552734375,0.419921875,2.0876074336823556
2,spectral-friendly-sam-muon,spectral-friendly-sam-muon,Spectral Friendly SAM-Muon,,muon,friendly,spectral,both,inf,1.0,nominal,0.02,additive,1.0,nn_ce,2.2504740078131276,5,0,-1,500,1000,1.4591649388917194,-0.7913090689214082,nan,nan,0.326287886068405,7.067785045305883,1.1964828968336094,7.0833011682447395,0.5205760946395794,nan,18.835504404889388,nan,0.6015625,0.4375,2.1159339848499874
2,spectral-friendly-sam-muon,spectral-friendly-sam-muon,Spectral Friendly SAM-Muon,,muon,friendly,spectral,both,inf,1.0,nominal,0.02,additive,1.0,nn_ce,2.2504740078131276,6,0,-1,500,1000,1.4699671702402446,-0.780506837572883,nan,nan,0.3119356045231413,6.90445197437189,1.1341078554469224,7.007082622199568,0.36268330344709865,nan,18.442117957779995,nan,0.57421875,0.42578125,2.1028896327985636
2,spectral-friendly-sam-muon,spectral-friendly-sam-muon,Spectral Friendly SAM-Muon,,muon,friendly,spectral,both,inf,1.0,nominal,0.02,additive,1.0,nn_ce,2.2504740078131276,7,0,-1,500,1000,1.5261303962437518,-0.7243436115693758,nan,nan,0.31649511473128994,6.964743473638713,1.1342541637335921,7.031374063979048,0.26036980678124677,nan,18.466332405791757,nan,0.560546875,0.435546875,2.118754547066329
2,stale-friendly-spectral-sam-muon,stale-friendly-spectral-sam-muon,Stale Friendly Spectral SAM-Muon,,muon,stale_friendly,spectral,mnist,inf,0.01,nominal,0.02,additive,1.0,nn_ce,2.2504740078131276,0,0,-1,500,501,0.11596825766152398,-2.1345057501516034,nan,nan,0.06968901000844673,0.06973821969407835,0.012001202750688915,6.839956488159215,0.00012283680052146972,nan,22.73868343933194,nan,0.994140625,0.431640625,2.640406627132495
2,stale-friendly-spectral-sam-muon,stale-friendly-spectral-sam-muon,Stale Friendly Spectral SAM-Muon,,muon,stale_friendly,spectral,mnist,inf,0.01,nominal,0.02,additive,1.0,nn_ce,2.2504740078131276,1,0,-1,500,501,0.12509363296000303,-2.1253803748531244,nan,nan,0.070899795474142,0.06877968848346272,0.011302972185217548,6.996964548617314,4.7304565786887576e-05,nan,22.868575204060885,nan,0.994140625,0.447265625,2.6393492838662413
2,stale-friendly-spectral-sam-muon,stale-friendly-spectral-sam-muon,Stale Friendly Spectral SAM-Muon,,muon,stale_friendly,spectral,mnist,inf,0.01,nominal,0.02,additive,1.0,nn_ce,2.2504740078131276,2,0,-1,500,501,0.12016625170792766,-2.1303077561052,nan,nan,0.07263454578093113,0.0694322957152732,0.011343480938429825,6.909096771422255,-8.56248917157354e-05,nan,22.82217913953471,nan,1.0,0.439453125,2.6305217600256205
2,stale-friendly-spectral-sam-muon,stale-friendly-spectral-sam-muon,Stale Friendly Spectral SAM-Muon,,muon,stale_friendly,spectral,mnist,inf,0.01,nominal,0.02,additive,1.0,nn_ce,2.2504740078131276,3,0,-1,500,501,0.1381935408944515,-2.112280466918676,nan,nan,0.0780172007735379,0.06868411315434839,0.011967896212017949,6.9777770397609435,0.0002165384581926666,nan,22.719308885752906,nan,0.99609375,0.447265625,2.501351698923156
2,stale-friendly-spectral-sam-muon,stale-friendly-spectral-sam-muon,Stale Friendly Spectral SAM-Muon,,muon,stale_friendly,spectral,mnist,inf,0.01,nominal,0.02,additive,1.0,nn_ce,2.2504740078131276,4,0,-1,500,501,0.13630815936334995,-2.114165848449778,nan,nan,0.0779301000765642,0.06981190361028203,0.01198710028908578,6.846783669931346,3.4844766981873e-05,nan,22.744639919521,nan,0.994140625,0.458984375,2.7239438540035446
2,stale-friendly-spectral-sam-muon,stale-friendly-spectral-sam-muon,Stale Friendly Spectral SAM-Muon,,muon,stale_friendly,spectral,mnist,inf,0.01,nominal,0.02,additive,1.0,nn_ce,2.2504740078131276,5,0,-1,500,501,0.12000816030978097,-2.1304658475033467,nan,nan,0.06929848411562986,0.07112485020379092,0.01181485985038789,6.8687150279934075,-4.0798163654820474e-05,nan,23.06649995937885,nan,0.9921875,0.435546875,2.720116424070476
2,stale-friendly-spectral-sam-muon,stale-friendly-spectral-sam-muon,Stale Friendly Spectral SAM-Muon,,muon,stale_friendly,spectral,mnist,inf,0.01,nominal,0.02,additive,1.0,nn_ce,2.2504740078131276,6,0,-1,500,501,0.12605278090845873,-2.1244212269046687,nan,nan,0.07659225320748263,0.06764952355093759,0.011296398976107153,6.957914920756562,0.00019698563240805322,nan,23.111686576193062,nan,0.994140625,0.4140625,2.6360274279035565
2,stale-friendly-spectral-sam-muon,stale-friendly-spectral-sam-muon,Stale Friendly Spectral SAM-Muon,,muon,stale_friendly,spectral,mnist,inf,0.01,nominal,0.02,additive,1.0,nn_ce,2.2504740078131276,7,0,-1,500,501,0.13113637929854233,-2.119337628514585,nan,nan,0.07343704792055099,0.06851234392574683,0.011343492732203824,6.809668215777372,0.0001337307712391267,nan,23.208463257783347,nan,0.990234375,0.439453125,2.588384260232697
2,spectral-friendly-sam-muon,spectral-friendly-sam-muon,Spectral Friendly SAM-Muon,,muon,friendly,spectral,both,inf,0.5,nominal,0.02,additive,1.0,nn_ce,2.2504740078131276,0,0,-1,500,1000,0.46645140553594444,-1.784022602277183,nan,nan,0.15301180225326283,3.4470050914450017,0.5671484232556555,6.951034007715971,0.14819034273697912,nan,21.62145184382009,nan,0.89453125,0.462890625,2.0378695518154637
2,spectral-friendly-sam-muon,spectral-friendly-sam-muon,Spectral Friendly SAM-Muon,,muon,friendly,spectral,both,inf,0.5,nominal,0.02,additive,1.0,nn_ce,2.2504740078131276,1,0,-1,500,1000,0.4598724982254493,-1.7906015095876784,nan,nan,0.15259127152259971,3.4588679467456007,0.5894077552544621,7.175454961041878,0.16358862164871707,nan,21.859665043516472,nan,0.888671875,0.462890625,1.9255750526562707
2,spectral-friendly-sam-muon,spectral-friendly-sam-muon,Spectral Friendly SAM-Muon,,muon,friendly,spectral,both,inf,0.5,nominal,0.02,additive,1.0,nn_ce,2.2504740078131276,2,0,-1,500,1000,0.5021080361059219,-1.7483659717072055,nan,nan,0.16809753881383804,3.522003030850871,0.5996694969934109,7.113569818479754,0.17174902715508322,nan,21.717689313987066,nan,0.880859375,0.447265625,1.9867661997248742
2,spectral-friendly-sam-muon,spectral-friendly-sam-muon,Spectral Friendly SAM-Muon,,muon,friendly,spectral,both,inf,0.5,nominal,0.02,additive,1.0,nn_ce,2.2504740078131276,3,0,-1,500,1000,0.4702112922873034,-1.7802627155258242,nan,nan,0.15916356655016736,3.4839167679613023,0.5671500166226094,6.95739232791734,0.1679553352497467,nan,21.851483255215392,nan,0.90234375,0.4765625,1.9724994767432082
2,spectral-friendly-sam-muon,spectral-friendly-sam-muon,Spectral Friendly SAM-Muon,,muon,friendly,spectral,both,inf,0.5,nominal,0.02,additive,1.0,nn_ce,2.2504740078131276,4,0,-1,500,1000,0.45547985464459484,-1.7949941531685327,nan,nan,0.15178913435306174,3.5241169571226956,0.5667375408568825,6.974025084979453,0.1878537703745341,nan,21.77610040852226,nan,0.8984375,0.478515625,2.0141110015035557
2,spectral-friendly-sam-muon,spectral-friendly-sam-muon,Spectral Friendly SAM-Muon,,muon,friendly,spectral,both,inf,0.5,nominal,0.02,additive,1.0,nn_ce,2.2504740078131276,5,0,-1,500,1000,0.4272466284292412,-1.8232273793838862,nan,nan,0.14886206796262813,3.5151207914487923,0.5670071057992682,7.107858120234477,0.17227241764806778,nan,22.275895247183335,nan,0.919921875,0.453125,1.9797233434971164
2,spectral-friendly-sam-muon,spectral-friendly-sam-muon,Spectral Friendly SAM-Muon,,muon,friendly,spectral,both,inf,0.5,nominal,0.02,additive,1.0,nn_ce,2.2504740078131276,6,0,-1,500,1000,0.49757696054634437,-1.7528970472667833,nan,nan,0.16185174796202723,3.501659170938082,0.5669427379982585,6.987757566071252,0.17896772450058923,nan,21.95016804178021,nan,0.90625,0.46875,1.9681473055697338
2,spectral-friendly-sam-muon,spectral-friendly-sam-muon,Spectral Friendly SAM-Muon,,muon,friendly,spectral,both,inf,0.5,nominal,0.02,additive,1.0,nn_ce,2.2504740078131276,7,0,-1,500,1000,0.47108141014398786,-1.7793925976691396,nan,nan,0.15906414609729178,3.463503474173637,0.5633305349029673,7.106402583956042,0.12664766381948978,nan,21.98522818275648,nan,0.888671875,0.470703125,1.9750079450854994
2,spectral-friendly-sam-muon,spectral-friendly-sam-muon,Spectral Friendly SAM-Muon,,muon,friendly,spectral,both,inf,0.2,nominal,0.02,additive,1.0,nn_ce,2.2504740078131276,0,0,-1,500,1000,0.16845245161082717,-2.0820215562023003,nan,nan,0.08266346928633946,1.383274696985861,0.22687121759070894,7.095244543499419,0.01925192648327939,nan,22.568432745118926,nan,0.986328125,0.470703125,2.3793122013424473
2,spectral-friendly-sam-muon,spectral-friendly-sam-muon,Spectral Friendly SAM-Muon,,muon,friendly,spectral,both,inf,0.2,nominal,0.02,additive,1.0,nn_ce,2.2504740078131276,1,0,-1,500,1000,0.1653640097932806,-2.085109998019847,nan,nan,0.08047853976523675,1.366263102859128,0.22678089746262264,7.0344549686842415,0.021340660211760176,nan,22.836817370640116,nan,0.9765625,0.44921875,2.388576064523241
2,spectral-friendly-sam-muon,spectral-friendly-sam-muon,Spectral Friendly SAM-Muon,,muon,friendly,spectral,both,inf,0.2,nominal,0.02,additive,1.0,nn_ce,2.2504740078131276,2,0,-1,500,1000,0.1765726491369135,-2.0739013586762143,nan,nan,0.08451200276043053,1.3797701784159717,0.2267545807675637,6.9852980494076515,0.02356498362200002,nan,22.896693982264317,nan,0.98046875,0.44140625,2.3628943295870757
2,spectral-friendly-sam-muon,spectral-friendly-sam-muon,Spectral Friendly SAM-Muon,,muon,friendly,spectral,both,inf,0.2,nominal,0.02,additive,1.0,nn_ce,2.2504740078131276,3,0,-1,500,1000,0.1931647102204746,-2.057309297592653,nan,nan,0.08797991445403287,1.3558711104807732,0.2268705133779627,7.035578003341573,0.017544708061866726,nan,22.712532855591853,nan,0.978515625,0.46484375,2.2296820549129346
2,spectral-friendly-sam-muon,spectral-friendly-sam-muon,Spectral Friendly SAM-Muon,,muon,friendly,spectral,both,inf,0.2,nominal,0.02,additive,1.0,nn_ce,2.2504740078131276,4,0,-1,500,1000,0.17572195822684744,-2.07475204958628,nan,nan,0.08735831114702867,1.4007834932918648,0.2268707168890714,7.02231475014523,0.023274713040031397,nan,22.804894607662067,nan,0.984375,0.447265625,2.4151430233937146
2,spectral-friendly-sam-muon,spectral-friendly-sam-muon,Spectral Friendly SAM-Muon,,muon,friendly,spectral,both,inf,0.2,nominal,0.02,additive,1.0,nn_ce,2.2504740078131276,5,0,-1,500,1000,0.15704368900092483,-2.0934303188122025,nan,nan,0.07871903316638043,1.3943832891541785,0.23865166101403845,6.917039457559407,0.022874926754545583,nan,22.93330797360344,nan,0.98828125,0.44140625,2.4389578032769026
2,spectral-friendly-sam-muon,spectral-friendly-sam-muon,Spectral Friendly SAM-Muon,,muon,friendly,spectral,both,inf,0.2,nominal,0.02,additive,1.0,nn_ce,2.2504740078131276,6,0,-1,500,1000,0.17081569070343372,-2.079658317109694,nan,nan,0.08651830299136354,1.3563977339121036,0.238974051509226,7.056167803339422,0.022384965803253304,nan,22.895389500636494,nan,0.984375,0.44140625,2.403702967279514
2,spectral-friendly-sam-muon,spectral-friendly-sam-muon,Spectral Friendly SAM-Muon,,muon,friendly,spectral,both,inf,0.2,nominal,0.02,additive,1.0,nn_ce,2.2504740078131276,7,0,-1,500,1000,0.18920686020834054,-2.061267147604787,nan,nan,0.09020880746458668,1.3738938733897064,0.2249095273512795,6.973452532009435,0.019616435323739384,nan,22.835506249863332,nan,0.9765625,0.4453125,2.337660865361099
2,spectral-friendly-sam-muon,spectral-friendly-sam-muon,Spectral Friendly SAM-Muon,,muon,friendly,spectral,both,inf,0.02,nominal,0.02,additive,1.0,nn_ce,2.2504740078131276,0,0,-1,500,1000,0.11617511695675936,-2.134298890856368,nan,nan,0.0697243523711069,0.13807328858775345,0.02268681676852056,6.9595539849017225,-3.9783638402332566e-05,nan,22.72916738057447,nan,0.99609375,0.427734375,2.659543429843747
2,spectral-friendly-sam-muon,spectral-friendly-sam-muon,Spectral Friendly SAM-Muon,,muon,friendly,spectral,both,inf,0.02,nominal,0.02,additive,1.0,nn_ce,2.2504740078131276,1,0,-1,500,1000,0.12687204861484028,-2.1236019591982873,nan,nan,0.0697216339604257,0.13597578685077766,0.02260459804884384,6.974952451450886,0.0001361780249965472,nan,22.8464993872698,nan,0.994140625,0.431640625,2.597761426435045
2,spectral-friendly-sam-muon,spectral-friendly-sam-muon,Spectral Friendly SAM-Muon,,muon,friendly,spectral,both,inf,0.02,nominal,0.02,additive,1.0,nn_ce,2.2504740078131276,2,0,-1,500,1000,0.11830190480651506,-2.1321721030066123,nan,nan,0.06978086911977767,0.13897270671537815,0.023921264039519823,6.890259949561058,0.0003654106318551342,nan,22.713740565586352,nan,1.0,0.4296875,2.638417226070789
2,spectral-friendly-sam-muon,spectral-friendly-sam-muon,Spectral Friendly SAM-Muon,,muon,friendly,spectral,both,inf,0.02,nominal,0.02,additive,1.0,nn_ce,2.2504740078131276,3,0,-1,500,1000,0.1376396690627426,-2.112834338750385,nan,nan,0.0756142303273565,0.13612107306148188,0.022659801134069284,6.948052172896217,0.00019092149301161432,nan,22.666613720077734,nan,0.994140625,0.447265625,2.4599059314962934
2,spectral-friendly-sam-muon,spectral-friendly-sam-muon,Spectral Friendly SAM-Muon,,muon,friendly,spectral,both,inf,0.02,nominal,0.02,additive,1.0,nn_ce,2.2504740078131276,4,0,-1,500,1000,0.13570553846387776,-2.11476846934925,nan,nan,0.07500828256834349,0.13904372957332858,0.02268481792471545,6.867366313139315,-0.0002217967514574204,nan,22.77336482345593,nan,0.9921875,0.4609375,2.677822698281642
2,spectral-friendly-sam-muon,spectral-friendly-sam-muon,Spectral Friendly SAM-Muon,,muon,friendly,spectral,both,inf,0.02,nominal,0.02,additive,1.0,nn_ce,2.2504740078131276,5,0,-1,500,1000,0.11995529279969605,-2.1305187150134315,nan,nan,0.06894215087492694,0.13812833445400927,0.02268678529957663,6.954030117643839,0.0006683513405165709,nan,23.020877878024624,nan,0.9921875,0.443359375,2.6884171191654853
2,spectral-friendly-sam-muon,spectral-friendly-sam-muon,Spectral Friendly SAM-Muon,,muon,friendly,spectral,both,inf,0.02,nominal,0.02,additive,1.0,nn_ce,2.2504740078131276,6,0,-1,500,1000,0.12812685023455758,-2.12234715757857,nan,nan,0.07489388901047608,0.13476522271283434,0.022687102479789955,6.9279138860273495,0.00011012750200106725,nan,23.11957821388117,nan,0.99609375,0.42578125,2.5741510515769566
2,spectral-friendly-sam-muon,spectral-friendly-sam-muon,Spectral Friendly SAM-Muon,,muon,friendly,spectral,both,inf,0.02,nominal,0.02,additive,1.0,nn_ce,2.2504740078131276,7,0,-1,500,1000,0.12841150361240447,-2.122062504200723,nan,nan,0.07133588887412161,0.13543160471557614,0.022511074413195553,6.827206351332426,0.00014491403803704173,nan,23.14469639356131,nan,0.990234375,0.439453125,2.5857455041739983
2,stale-friendly-spectral-sam-muon,stale-friendly-spectral-sam-muon,Stale Friendly Spectral SAM-Muon,,muon,stale_friendly,spectral,mnist,inf,0.05,nominal,0.02,additive,1.0,nn_ce,2.2504740078131276,0,0,-1,500,501,0.11577020228288855,-2.134703805530239,nan,nan,0.06997592270652751,0.34701553597205703,0.05669178398365176,6.955145443507817,0.0021534272060920456,nan,22.700466053126735,nan,0.994140625,0.439453125,2.6011023276036744
2,stale-friendly-spectral-sam-muon,stale-friendly-spectral-sam-muon,Stale Friendly Spectral SAM-Muon,,muon,stale_friendly,spectral,mnist,inf,0.05,nominal,0.02,additive,1.0,nn_ce,2.2504740078131276,1,0,-1,500,501,0.12849608949496405,-2.1219779183181635,nan,nan,0.07145628713934256,0.3452932828942778,0.056354042460959895,7.035174546524423,0.0014390131483657809,nan,22.770764362600403,nan,0.994140625,0.435546875,2.6259212535697225
2,stale-friendly-spectral-sam-muon,stale-friendly-spectral-sam-muon,Stale Friendly Spectral SAM-Muon,,muon,stale_friendly,spectral,mnist,inf,0.05,nominal,0.02,additive,1.0,nn_ce,2.2504740078131276,2,0,-1,500,501,0.12433422726378245,-2.126139780549345,nan,nan,0.07389677337945363,0.3496431930369372,0.05671786008967076,6.9114677805693985,0.0010138749414553838,nan,22.790398865589793,nan,0.998046875,0.42578125,2.641741634913756
2,stale-friendly-spectral-sam-muon,stale-friendly-spectral-sam-muon,Stale Friendly Spectral SAM-Muon,,muon,stale_friendly,spectral,mnist,inf,0.05,nominal,0.02,additive,1.0,nn_ce,2.2504740078131276,3,0,-1,500,501,0.1369406243792494,-2.1135333834338783,nan,nan,0.07842430537176237,0.3433555006107229,0.057589762551789006,6.8907533754869,0.0023815443521982005,nan,22.66722694672915,nan,0.99609375,0.439453125,2.48029194886195
2,stale-friendly-spectral-sam-muon,stale-friendly-spectral-sam-muon,Stale Friendly Spectral SAM-Muon,,muon,stale_friendly,spectral,mnist,inf,0.05,nominal,0.02,additive,1.0,nn_ce,2.2504740078131276,4,0,-1,500,501,0.1352863074712336,-2.115187700341894,nan,nan,0.07702217415738592,0.34681084550432284,0.05669779999989772,6.845461242352186,0.00192609464308921,nan,22.801286507275133,nan,0.994140625,0.447265625,2.7001490022697943
2,stale-friendly-spectral-sam-muon,stale-friendly-spectral-sam-muon,Stale Friendly Spectral SAM-Muon,,muon,stale_friendly,spectral,mnist,inf,0.05,nominal,0.02,additive,1.0,nn_ce,2.2504740078131276,5,0,-1,500,501,0.11929394093355884,-2.1311800668795686,nan,nan,0.06988203191537296,0.3557880664333856,0.05886590684598846,6.92569291526523,0.0011971466574080686,nan,23.075549536128392,nan,0.9921875,0.443359375,2.7294481139289335
2,stale-friendly-spectral-sam-muon,stale-friendly-spectral-sam-muon,Stale Friendly Spectral SAM-Muon,,muon,stale_friendly,spectral,mnist,inf,0.05,nominal,0.02,additive,1.0,nn_ce,2.2504740078131276,6,0,-1,500,501,0.12644297276787553,-2.124031035045252,nan,nan,0.0766082358169794,0.3389635394173435,0.056464323260392246,6.9825803732992995,0.0022178695294869377,nan,23.099770610221388,nan,0.99609375,0.4296875,2.623434746583716
2,stale-friendly-spectral-sam-muon,stale-friendly-spectral-sam-muon,Stale Friendly Spectral SAM-Muon,,muon,stale_friendly,spectral,mnist,inf,0.05,nominal,0.02,additive,1.0,nn_ce,2.2504740078131276,7,0,-1,500,501,0.13183619143148856,-2.118637816381639,nan,nan,0.07371774981388445,0.34441717907100095,0.05935509305988447,6.807509884780924,0.0019213807470366828,nan,23.13652340206757,nan,0.98828125,0.43359375,2.6080309374104127
2,spectral-friendly-sam-muon,spectral-friendly-sam-muon,Spectral Friendly SAM-Muon,,muon,friendly,spectral,both,inf,0.1,nominal,0.02,additive,1.0,nn_ce,2.2504740078131276,0,0,-1,500,1000,0.12631734528931599,-2.1241566625238115,nan,nan,0.07137793176692969,0.6902891060498337,0.11845390420273845,7.089268080181023,0.004133346937563398,nan,22.647705079668953,nan,0.994140625,0.44140625,2.565110012966656
2,spectral-friendly-sam-muon,spectral-friendly-sam-muon,Spectral Friendly SAM-Muon,,muon,friendly,spectral,both,inf,0.1,nominal,0.02,additive,1.0,nn_ce,2.2504740078131276,1,0,-1,500,1000,0.13405954071247572,-2.1164144671006517,nan,nan,0.07138010911671466,0.6824516747712233,0.11859076263651235,7.005867354615836,0.005742290414079476,nan,22.73146674635814,nan,0.9921875,0.443359375,2.4925477272200913
2,spectral-friendly-sam-muon,spectral-friendly-sam-muon,Spectral Friendly SAM-Muon,,muon,friendly,spectral,both,inf,0.1,nominal,0.02,additive,1.0,nn_ce,2.2504740078131276,2,0,-1,500,1000,0.13433978791385576,-2.116134219899272,nan,nan,0.07244173748169401,0.6957329447108084,0.1168674933921783,6.941153717819317,0.005972527645429382,nan,22.98897497939748,nan,0.9921875,0.43359375,2.5048691658871602
2,spectral-friendly-sam-muon,spectral-friendly-sam-muon,Spectral Friendly SAM-Muon,,muon,friendly,spectral,both,inf,0.1,nominal,0.02,additive,1.0,nn_ce,2.2504740078131276,3,0,-1,500,1000,0.1578483095843328,-2.0926256982287947,nan,nan,0.07756369248765134,0.6855250010098587,0.1132551925739718,6.9983386781242025,0.004448336016763477,nan,22.61043659289326,nan,0.986328125,0.455078125,2.3394568635522632
2,spectral-friendly-sam-muon,spectral-friendly-sam-muon,Spectral Friendly SAM-Muon,,muon,friendly,spectral,both,inf,0.1,nominal,0.02,additive,1.0,nn_ce,2.2504740078131276,4,0,-1,500,1000,0.14398501192471275,-2.106488995888415,nan,nan,0.07368057643325349,0.7010162645946293,0.12020529162170936,7.051660956395547,0.003978944661663458,nan,22.815219258607918,nan,0.994140625,0.453125,2.5618260244269155
2,spectral-friendly-sam-muon,spectral-friendly-sam-muon,Spectral Friendly SAM-Muon,,muon,friendly,spectral,both,inf,0.1,nominal,0.02,additive,1.0,nn_ce,2.2504740078131276,5,0,-1,500,1000,0.12462170939786113,-2.1258522984152664,nan,nan,0.07052506170619738,0.6926576713765956,0.11313551793758087,7.023392959401485,0.006578500226305628,nan,22.956570995552674,nan,0.9921875,0.443359375,2.5873374289501294
2,spectral-friendly-sam-muon,spectral-friendly-sam-muon,Spectral Friendly SAM-Muon,,muon,friendly,spectral,both,inf,0.1,nominal,0.02,additive,1.0,nn_ce,2.2504740078131276,6,0,-1,500,1000,0.13715101510574113,-2.1133229927073867,nan,nan,0.07484240008093543,0.6779976102614264,0.11334686991020551,6.910902346370412,0.004970648735721589,nan,22.978835344740805,nan,0.9921875,0.423828125,2.5244140786553695
2,spectral-friendly-sam-muon,spectral-friendly-sam-muon,Spectral Friendly SAM-Muon,,muon,friendly,spectral,both,inf,0.1,nominal,0.02,additive,1.0,nn_ce,2.2504740078131276,7,0,-1,500,1000,0.14105176794448418,-2.1094222398686435,nan,nan,0.0738994403549547,0.6777854925664673,0.11331574125513791,6.95819148323992,0.0043226588933237,nan,22.993614121542024,nan,0.98828125,0.4453125,2.464383831572169
2,stale-friendly-spectral-sam-muon,stale-friendly-spectral-sam-muon,Stale Friendly Spectral SAM-Muon,,muon,stale_friendly,spectral,mnist,inf,0.1,nominal,0.02,additive,1.0,nn_ce,2.2504740078131276,0,0,-1,500,501,0.11867638793290652,-2.131797619880221,nan,nan,0.07207774278821472,0.6902877166326007,0.11340879985362706,6.984016936650326,0.007866482375684047,nan,22.728654067901513,nan,0.994140625,0.439453125,2.6114291753810144
2,stale-friendly-spectral-sam-muon,stale-friendly-spectral-sam-muon,Stale Friendly Spectral SAM-Muon,,muon,stale_friendly,spectral,mnist,inf,0.1,nominal,0.02,additive,1.0,nn_ce,2.2504740078131276,1,0,-1,500,501,0.1277193272095734,-2.122754680603554,nan,nan,0.07164617206317668,0.6927209104001941,0.11279196071523458,6.978048410999091,0.006943910620265725,nan,22.6302190192724,nan,0.99609375,0.4375,2.5952707631721603
2,stale-friendly-spectral-sam-muon,stale-friendly-spectral-sam-muon,Stale Friendly Spectral SAM-Muon,,muon,stale_friendly,spectral,mnist,inf,0.1,nominal,0.02,additive,1.0,nn_ce,2.2504740078131276,2,0,-1,500,501,0.12297343782114754,-2.1275005699919802,nan,nan,0.07342514470543444,0.6953001714289595,0.11343465097961991,6.97989582056446,0.007591137994092889,nan,22.77906606290607,nan,1.0,0.431640625,2.6020753213751715
2,stale-friendly-spectral-sam-muon,stale-friendly-spectral-sam-muon,Stale Friendly Spectral SAM-Muon,,muon,stale_friendly,spectral,mnist,inf,0.1,nominal,0.02,additive,1.0,nn_ce,2.2504740078131276,3,0,-1,500,501,0.1398896083834908,-2.1105843994296367,nan,nan,0.08157157140993225,0.6876587847066294,0.11343232774248857,6.9380786459454855,0.00843272031281403,nan,22.766375866063218,nan,0.99609375,0.451171875,2.4692494727247256
2,stale-friendly-spectral-sam-muon,stale-friendly-spectral-sam-muon,Stale Friendly Spectral SAM-Muon,,muon,stale_friendly,spectral,mnist,inf,0.1,nominal,0.02,additive,1.0,nn_ce,2.2504740078131276,4,0,-1,500,501,0.1359073621180362,-2.1145666456950916,nan,nan,0.07830299032472289,0.6925534285111246,0.1133526605290705,6.84197944609836,0.008023705608480841,nan,22.830166677869972,nan,0.99609375,0.439453125,2.6941289054798037
2,stale-friendly-spectral-sam-muon,stale-friendly-spectral-sam-muon,Stale Friendly Spectral SAM-Muon,,muon,stale_friendly,spectral,mnist,inf,0.1,nominal,0.02,additive,1.0,nn_ce,2.2504740078131276,5,0,-1,500,501,0.11619449447812415,-2.134279513335003,nan,nan,0.06921293777774122,0.7012773946050508,0.11342473806347698,6.989761015380258,0.00632954034126601,nan,23.071225210244982,nan,0.994140625,0.4453125,2.7014128755789484
2,stale-friendly-spectral-sam-muon,stale-friendly-spectral-sam-muon,Stale Friendly Spectral SAM-Muon,,muon,stale_friendly,spectral,mnist,inf,0.1,nominal,0.02,additive,1.0,nn_ce,2.2504740078131276,6,0,-1,500,501,0.12711854080959667,-2.123355467003531,nan,nan,0.07684852743708573,0.6813774031999659,0.11847756750263343,6.993093483353141,0.00800828576329618,nan,23.151424644583344,nan,0.990234375,0.419921875,2.604738040597749
2,stale-friendly-spectral-sam-muon,stale-friendly-spectral-sam-muon,Stale Friendly Spectral SAM-Muon,,muon,stale_friendly,spectral,mnist,inf,0.1,nominal,0.02,additive,1.0,nn_ce,2.2504740078131276,7,0,-1,500,501,0.1323892544354626,-2.1180847533776648,nan,nan,0.07405197919788958,0.6933759063372441,0.1134355943365287,6.919712412415329,0.008532519245568887,nan,23.175514259114355,nan,0.986328125,0.43359375,2.553090396606009
2,stale-friendly-spectral-sam-muon,stale-friendly-spectral-sam-muon,Stale Friendly Spectral SAM-Muon,,muon,stale_friendly,spectral,mnist,inf,0.2,nominal,0.02,additive,1.0,nn_ce,2.2504740078131276,0,0,-1,500,501,0.1301935095367378,-2.1202804982763896,nan,nan,0.077374909390235,1.3846345940566134,0.22675986726447864,6.987941623722128,0.033858746420702635,nan,22.661913395502093,nan,0.990234375,0.435546875,2.5519784512385737
2,stale-friendly-spectral-sam-muon,stale-friendly-spectral-sam-muon,Stale Friendly Spectral SAM-Muon,,muon,stale_friendly,spectral,mnist,inf,0.2,nominal,0.02,additive,1.0,nn_ce,2.2504740078131276,1,0,-1,500,501,0.13728262346675868,-2.113191384346369,nan,nan,0.07738329718053358,1.4026445963911711,0.22681901494724624,6.965903511040433,0.04184293939220571,nan,22.949131325029498,nan,0.990234375,0.44140625,2.540544184425775
2,stale-friendly-spectral-sam-muon,stale-friendly-spectral-sam-muon,Stale Friendly Spectral SAM-Muon,,muon,stale_friendly,spectral,mnist,inf,0.2,nominal,0.02,additive,1.0,nn_ce,2.2504740078131276,2,0,-1,500,501,0.12860948976683442,-2.121864518046293,nan,nan,0.07814816607381737,1.3942245725749576,0.22685699784860613,6.9924081790296135,0.04092794889063847,nan,22.74664712090979,nan,0.99609375,0.443359375,2.5519205567335472
2,stale-friendly-spectral-sam-muon,stale-friendly-spectral-sam-muon,Stale Friendly Spectral SAM-Muon,,muon,stale_friendly,spectral,mnist,inf,0.2,nominal,0.02,additive,1.0,nn_ce,2.2504740078131276,3,0,-1,500,501,0.14695732350457616,-2.1035166843085515,nan,nan,0.08461604238093746,1.3814251914041678,0.23133995264490506,6.9678805838201825,0.03272697431346405,nan,22.819503302522097,nan,0.994140625,0.455078125,2.4059366191632385
2,stale-friendly-spectral-sam-muon,stale-friendly-spectral-sam-muon,Stale Friendly Spectral SAM-Muon,,muon,stale_friendly,spectral,mnist,inf,0.2,nominal,0.02,additive,1.0,nn_ce,2.2504740078131276,4,0,-1,500,501,0.1394035349007779,-2.1110704729123495,nan,nan,0.08326635212212921,1.384006722292423,0.22682295668367944,6.924590816822569,0.04288428705045372,nan,22.818579447950874,nan,0.994140625,0.443359375,2.6629063913669806
2,stale-friendly-spectral-sam-muon,stale-friendly-spectral-sam-muon,Stale Friendly Spectral SAM-Muon,,muon,stale_friendly,spectral,mnist,inf,0.2,nominal,0.02,additive,1.0,nn_ce,2.2504740078131276,5,0,-1,500,501,0.12658269874910497,-2.123891309064023,nan,nan,0.07627698836225603,1.4081084680185367,0.22645080917590435,6.989196926318998,0.03328069573728179,nan,22.993517029533226,nan,0.990234375,0.443359375,2.640617899877288
2,stale-friendly-spectral-sam-muon,stale-friendly-spectral-sam-muon,Stale Friendly Spectral SAM-Muon,,muon,stale_friendly,spectral,mnist,inf,0.2,nominal,0.02,additive,1.0,nn_ce,2.2504740078131276,6,0,-1,500,501,0.13456230713576245,-2.115911700677365,nan,nan,0.08284076924970743,1.3660520505906562,0.22495798846825124,6.942409262410476,0.03638344276114372,nan,23.11817481825645,nan,0.990234375,0.419921875,2.571999110863015
2,stale-friendly-spectral-sam-muon,stale-friendly-spectral-sam-muon,Stale Friendly Spectral SAM-Muon,,muon,stale_friendly,spectral,mnist,inf,0.2,nominal,0.02,additive,1.0,nn_ce,2.2504740078131276,7,0,-1,500,501,0.14983328137250626,-2.1006407264406213,nan,nan,0.08124447114607189,1.4330399350767602,0.22682658559258503,7.02607812260247,0.05202436153908466,nan,23.144895610887858,nan,0.986328125,0.44140625,2.478778601438131
2,stale-friendly-spectral-sam-muon,stale-friendly-spectral-sam-muon,Stale Friendly Spectral SAM-Muon,,muon,stale_friendly,spectral,mnist,inf,0.5,nominal,0.02,additive,1.0,nn_ce,2.2504740078131276,0,0,-1,500,501,0.24472436582065304,-2.0057496419924745,nan,nan,0.12609033243459117,3.4985361190487008,0.5671783109328145,6.9181342402159505,0.4548965119037217,nan,22.294185421710758,nan,0.953125,0.44921875,2.251258909666834
2,stale-friendly-spectral-sam-muon,stale-friendly-spectral-sam-muon,Stale Friendly Spectral SAM-Muon,,muon,stale_friendly,spectral,mnist,inf,0.5,nominal,0.02,additive,1.0,nn_ce,2.2504740078131276,1,0,-1,500,501,0.244618185583644,-2.0058558222294836,nan,nan,0.1314781257321066,3.5311707200043227,0.5996313317083856,6.808949011501735,0.307412013652393,nan,23.109334461269473,nan,0.958984375,0.45703125,2.18629850853323
2,stale-friendly-spectral-sam-muon,stale-friendly-spectral-sam-muon,Stale Friendly Spectral SAM-Muon,,muon,stale_friendly,spectral,mnist,inf,0.5,nominal,0.02,additive,1.0,nn_ce,2.2504740078131276,2,0,-1,500,501,0.23699517935158435,-2.013478828461543,nan,nan,0.1382435462794334,3.511459236431371,0.5665423297207939,6.881013786517042,0.3515167030417123,nan,22.70798444327053,nan,0.94921875,0.474609375,2.234684083624065
2,stale-friendly-spectral-sam-muon,stale-friendly-spectral-sam-muon,Stale Friendly Spectral SAM-Muon,,muon,stale_friendly,spectral,mnist,inf,0.5,nominal,0.02,additive,1.0,nn_ce,2.2504740078131276,3,0,-1,500,501,0.2541124815487148,-1.9963615262644128,nan,nan,0.13149654882350117,3.5020530198261213,0.5661501626204065,6.957823634253316,0.29533864433620716,nan,22.64824801627436,nan,0.953125,0.45703125,2.2129320310027705
2,stale-friendly-spectral-sam-muon,stale-friendly-spectral-sam-muon,Stale Friendly Spectral SAM-Muon,,muon,stale_friendly,spectral,mnist,inf,0.5,nominal,0.02,additive,1.0,nn_ce,2.2504740078131276,4,0,-1,500,501,0.24028074586331144,-2.010193261949816,nan,nan,0.140301441207298,3.487937590403274,0.5671716425771728,6.951701347387342,0.4251839672090524,nan,22.550627366773192,nan,0.953125,0.47265625,2.3885798600488926
2,stale-friendly-spectral-sam-muon,stale-friendly-spectral-sam-muon,Stale Friendly Spectral SAM-Muon,,muon,stale_friendly,spectral,mnist,inf,0.5,nominal,0.02,additive,1.0,nn_ce,2.2504740078131276,5,0,-1,500,501,0.22746822467772515,-2.0230057831354022,nan,nan,0.12289890608237374,3.55895054035135,0.5668835553131853,6.967003817071315,0.38515095848442604,nan,22.726347986390287,nan,0.962890625,0.4453125,2.3631592134005146
2,stale-friendly-spectral-sam-muon,stale-friendly-spectral-sam-muon,Stale Friendly Spectral SAM-Muon,,muon,stale_friendly,spectral,mnist,inf,0.5,nominal,0.02,additive,1.0,nn_ce,2.2504740078131276,6,0,-1,500,501,0.24060126801723558,-2.0098727397958918,nan,nan,0.1319933376526751,3.4859247183957085,0.5668172553215756,6.886980636984746,0.29092110334868704,nan,22.85705180068695,nan,0.970703125,0.453125,2.3336490215093844
2,stale-friendly-spectral-sam-muon,stale-friendly-spectral-sam-muon,Stale Friendly Spectral SAM-Muon,,muon,stale_friendly,spectral,mnist,inf,0.5,nominal,0.02,additive,1.0,nn_ce,2.2504740078131276,7,0,-1,500,501,0.23846099698429837,-2.012013010828829,nan,nan,0.12787734794463573,3.4922187736523846,0.5668324220523191,6.8194086360606025,0.3276451597608486,nan,23.008580041656955,nan,0.962890625,0.4609375,2.236906109237972
2,stale-friendly-spectral-sam-muon,stale-friendly-spectral-sam-muon,Stale Friendly Spectral SAM-Muon,,muon,stale_friendly,spectral,mnist,inf,1.0,nominal,0.02,additive,1.0,nn_ce,2.2504740078131276,0,0,-1,500,501,0.7518919527125429,-1.4985820551005846,nan,nan,0.2915293340582641,7.171635647623172,1.1996172516974957,7.087318609748757,1.431247202925324,nan,20.51329088880968,nan,0.8125,0.46484375,2.068193212332195
2,stale-friendly-spectral-sam-muon,stale-friendly-spectral-sam-muon,Stale Friendly Spectral SAM-Muon,,muon,stale_friendly,spectral,mnist,inf,1.0,nominal,0.02,additive,1.0,nn_ce,2.2504740078131276,1,0,-1,500,501,0.6977909297097187,-1.5526830781034089,nan,nan,0.2743720848008784,7.000197164221659,1.134350357376264,7.0621064383079215,1.6860621745121658,nan,21.370195958261153,nan,0.826171875,0.474609375,1.9945597745806534
2,stale-friendly-spectral-sam-muon,stale-friendly-spectral-sam-muon,Stale Friendly Spectral SAM-Muon,,muon,stale_friendly,spectral,mnist,inf,1.0,nominal,0.02,additive,1.0,nn_ce,2.2504740078131276,2,0,-1,500,501,0.7386807724245931,-1.5117932353885344,nan,nan,0.32456686385423267,7.208304216584532,1.1986397412555168,6.9825991531036244,1.0895616609275354,nan,21.039862876601585,nan,0.81640625,0.4609375,2.0507235872247103
2,stale-friendly-spectral-sam-muon,stale-friendly-spectral-sam-muon,Stale Friendly Spectral SAM-Muon,,muon,stale_friendly,spectral,mnist,inf,1.0,nominal,0.02,additive,1.0,nn_ce,2.2504740078131276,3,0,-1,500,501,0.7712751165313273,-1.4791988912818002,nan,nan,0.30039753169481237,7.086391891363434,1.1340839199085864,6.931937209296235,1.205824354171071,nan,21.066765273528777,nan,0.79296875,0.482421875,2.0395100104885895
2,stale-friendly-spectral-sam-muon,stale-friendly-spectral-sam-muon,Stale Friendly Spectral SAM-Muon,,muon,stale_friendly,spectral,mnist,inf,1.0,nominal,0.02,additive,1.0,nn_ce,2.2504740078131276,4,0,-1,500,501,0.7490304892909272,-1.5014435185222004,nan,nan,0.3147500316816942,6.95623367575235,1.1343421240965006,7.248906644939868,1.7375615522884742,nan,20.994153618739148,nan,0.833984375,0.46484375,2.0381263986179796
2,stale-friendly-spectral-sam-muon,stale-friendly-spectral-sam-muon,Stale Friendly Spectral SAM-Muon,,muon,stale_friendly,spectral,mnist,inf,1.0,nominal,0.02,additive,1.0,nn_ce,2.2504740078131276,5,0,-1,500,501,0.6855046465264429,-1.5649693612866846,nan,nan,0.2968614424843995,7.093565076320324,1.173250080335443,7.120032635633819,1.9183607953626352,nan,21.291111660483974,nan,0.81640625,0.4765625,2.034587527637495
2,stale-friendly-spectral-sam-muon,stale-friendly-spectral-sam-muon,Stale Friendly Spectral SAM-Muon,,muon,stale_friendly,spectral,mnist,inf,1.0,nominal,0.02,additive,1.0,nn_ce,2.2504740078131276,6,0,-1,500,501,0.7504225995231604,-1.5000514082899672,nan,nan,0.29840404273135007,6.993999647756284,1.19390845219211,7.039441466537155,1.2102072345429498,nan,21.381426889872962,nan,0.814453125,0.474609375,2.080474159917574
2,stale-friendly-spectral-sam-muon,stale-friendly-spectral-sam-muon,Stale Friendly Spectral SAM-Muon,,muon,stale_friendly,spectral,mnist,inf,1.0,nominal,0.02,additive,1.0,nn_ce,2.2504740078131276,7,0,-1,500,501,0.7230207626535117,-1.527453245159616,nan,nan,0.2787169421940362,7.1163567079562515,1.133953057642677,7.1523340203856876,1.9398014130728112,nan,21.227762932396015,nan,0.826171875,0.47265625,2.0423135379113853
2,stale-momentum-friendly-spectral-sam-muon,stale-momentum-friendly-spectral-sam-muon,Stale Momentum-Friendly Spectral SAM-Muon,,muon,stale_momentum_friendly,spectral,mnist,inf,0.01,nominal,0.02,additive,1.0,nn_ce,2.2504740078131276,0,0,-1,500,501,0.11638842875547238,-2.1340855790576554,nan,nan,0.07026396345468472,0.06938097468065221,0.012012883067735985,6.897073124718636,0.00010241650924969203,nan,22.742461406894034,nan,0.994140625,0.427734375,2.6549162501433834
2,stale-momentum-friendly-spectral-sam-muon,stale-momentum-friendly-spectral-sam-muon,Stale Momentum-Friendly Spectral SAM-Muon,,muon,stale_momentum_friendly,spectral,mnist,inf,0.01,nominal,0.02,additive,1.0,nn_ce,2.2504740078131276,1,0,-1,500,501,0.125522528767968,-2.1249514790451594,nan,nan,0.07084807358213825,0.06836635473761773,0.011324593188840257,6.99022155054352,6.0254092385247926e-05,nan,22.886505275881788,nan,0.994140625,0.44921875,2.6171922547221493
2,stale-momentum-friendly-spectral-sam-muon,stale-momentum-friendly-spectral-sam-muon,Stale Momentum-Friendly Spectral SAM-Muon,,muon,stale_momentum_friendly,spectral,mnist,inf,0.01,nominal,0.02,additive,1.0,nn_ce,2.2504740078131276,2,0,-1,500,501,0.11952890374615736,-2.1309451040669702,nan,nan,0.07160931432457555,0.07013139374773272,0.011902954811528014,6.85290593071305,-0.00011413349834790698,nan,22.80858031433275,nan,1.0,0.439453125,2.6574504991196415
2,stale-momentum-friendly-spectral-sam-muon,stale-momentum-friendly-spectral-sam-muon,Stale Momentum-Friendly Spectral SAM-Muon,,muon,stale_momentum_friendly,spectral,mnist,inf,0.01,nominal,0.02,additive,1.0,nn_ce,2.2504740078131276,3,0,-1,500,501,0.1386756857622706,-2.111798322050857,nan,nan,0.07837713293475004,0.06867896173645578,0.01189891262674677,6.979845030861325,0.0001888291684595811,nan,22.681783205466377,nan,0.998046875,0.451171875,2.4982521164181644
2,stale-momentum-friendly-spectral-sam-muon,stale-momentum-friendly-spectral-sam-muon,Stale Momentum-Friendly Spectral SAM-Muon,,muon,stale_momentum_friendly,spectral,mnist,inf,0.01,nominal,0.02,additive,1.0,nn_ce,2.2504740078131276,4,0,-1,500,501,0.1349418494404191,-2.1155321583727087,nan,nan,0.07729665546537118,0.06959730527416835,0.011343418064074117,6.814458092852852,3.123423062778574e-05,nan,22.753505978813074,nan,0.99609375,0.462890625,2.7208209692936247
2,stale-momentum-friendly-spectral-sam-muon,stale-momentum-friendly-spectral-sam-muon,Stale Momentum-Friendly Spectral SAM-Muon,,muon,stale_momentum_friendly,spectral,mnist,inf,0.01,nominal,0.02,additive,1.0,nn_ce,2.2504740078131276,5,0,-1,500,501,0.12070967784641444,-2.1297643299667133,nan,nan,0.06953154737020073,0.07026651397266477,0.01134357092536641,6.90393912259272,-4.975058015370404e-05,nan,23.10172257849579,nan,0.9921875,0.447265625,2.7245321369999997
2,stale-momentum-friendly-spectral-sam-muon,stale-momentum-friendly-spectral-sam-muon,Stale Momentum-Friendly Spectral SAM-Muon,,muon,stale_momentum_friendly,spectral,mnist,inf,0.01,nominal,0.02,additive,1.0,nn_ce,2.2504740078131276,6,0,-1,500,501,0.12577153175578012,-2.1247024760573474,nan,nan,0.07647875716424317,0.06712723094905391,0.011338404949048947,6.973418110189151,0.00017004658209640588,nan,23.13489109446386,nan,0.994140625,0.423828125,2.6288014116083724
2,stale-momentum-friendly-spectral-sam-muon,stale-momentum-friendly-spectral-sam-muon,Stale Momentum-Friendly Spectral SAM-Muon,,muon,stale_momentum_friendly,spectral,mnist,inf,0.01,nominal,0.02,additive,1.0,nn_ce,2.2504740078131276,7,0,-1,500,501,0.13165759737408156,-2.118816410439046,nan,nan,0.07396904561659291,0.06983204412662153,0.0118740881260638,6.815066234858538,0.00011607327532717204,nan,23.25172129564388,nan,0.98828125,0.44921875,2.5816009836459086
2,stale-momentum-friendly-spectral-sam-muon,stale-momentum-friendly-spectral-sam-muon,Stale Momentum-Friendly Spectral SAM-Muon,,muon,stale_momentum_friendly,spectral,mnist,inf,0.02,nominal,0.02,additive,1.0,nn_ce,2.2504740078131276,0,0,-1,500,501,0.11722234911114665,-2.133251658701981,nan,nan,0.07105714279220372,0.13787669803876246,0.02268705594742058,6.9182939715968965,0.0003776919069874568,nan,22.675111204425203,nan,0.994140625,0.43359375,2.6252141115085283
2,stale-momentum-friendly-spectral-sam-muon,stale-momentum-friendly-spectral-sam-muon,Stale Momentum-Friendly Spectral SAM-Muon,,muon,stale_momentum_friendly,spectral,mnist,inf,0.02,nominal,0.02,additive,1.0,nn_ce,2.2504740078131276,1,0,-1,500,501,0.12728563939332704,-2.1231883684198003,nan,nan,0.07085265862193217,0.13692551269941228,0.022633225728760892,6.982794547452963,0.00013730315181559316,nan,22.823960464129872,nan,0.994140625,0.439453125,2.63042267799485
2,stale-momentum-friendly-spectral-sam-muon,stale-momentum-friendly-spectral-sam-muon,Stale Momentum-Friendly Spectral SAM-Muon,,muon,stale_momentum_friendly,spectral,mnist,inf,0.02,nominal,0.02,additive,1.0,nn_ce,2.2504740078131276,2,0,-1,500,501,0.12146793688053176,-2.1290060709325958,nan,nan,0.07318956833161479,0.14000070491989836,0.023181365511529342,6.889464684244685,-4.505806262281031e-05,nan,22.778090932801792,nan,0.998046875,0.435546875,2.630815707514699
2,stale-momentum-friendly-spectral-sam-muon,stale-momentum-friendly-spectral-sam-muon,Stale Momentum-Friendly Spectral SAM-Muon,,muon,stale_momentum_friendly,spectral,mnist,inf,0.02,nominal,0.02,additive,1.0,nn_ce,2.2504740078131276,3,0,-1,500,501,0.13888387517964135,-2.111590132633486,nan,nan,0.07866276326239688,0.13763304599951598,0.023638580614417287,6.8970654207979125,0.0004627719881445391,nan,22.66885652974857,nan,0.998046875,0.4375,2.5170917368959076
2,stale-momentum-friendly-spectral-sam-muon,stale-momentum-friendly-spectral-sam-muon,Stale Momentum-Friendly Spectral SAM-Muon,,muon,stale_momentum_friendly,spectral,mnist,inf,0.02,nominal,0.02,additive,1.0,nn_ce,2.2504740078131276,4,0,-1,500,501,0.13587925839118314,-2.1145947494219444,nan,nan,0.07774561199374028,0.13802008709021088,0.02268703931972173,6.799511852413391,0.0002868944696966802,nan,22.768638718762485,nan,0.994140625,0.45703125,2.7032392202703734
2,stale-momentum-friendly-spectral-sam-muon,stale-momentum-friendly-spectral-sam-muon,Stale Momentum-Friendly Spectral SAM-Muon,,muon,stale_momentum_friendly,spectral,mnist,inf,0.02,nominal,0.02,additive,1.0,nn_ce,2.2504740078131276,5,0,-1,500,501,0.11857195831211122,-2.1319020495010164,nan,nan,0.06968801908370864,0.14114427027005966,0.02268713707293071,6.871625187579861,6.607897445602695e-05,nan,23.089090734149107,nan,0.9921875,0.4375,2.7276539826995263
2,stale-momentum-friendly-spectral-sam-muon,stale-momentum-friendly-spectral-sam-muon,Stale Momentum-Friendly Spectral SAM-Muon,,muon,stale_momentum_friendly,spectral,mnist,inf,0.02,nominal,0.02,additive,1.0,nn_ce,2.2504740078131276,6,0,-1,500,501,0.12943972677504345,-2.1210342810380842,nan,nan,0.0767113168134985,0.13476792828297038,0.022562881611628578,7.010975391531679,0.0004887339156481318,nan,23.056710455264533,nan,0.994140625,0.427734375,2.642367482604584
2,stale-momentum-friendly-spectral-sam-muon,stale-momentum-friendly-spectral-sam-muon,Stale Momentum-Friendly Spectral SAM-Muon,,muon,stale_momentum_friendly,spectral,mnist,inf,0.02,nominal,0.02,additive,1.0,nn_ce,2.2504740078131276,7,0,-1,500,501,0.1316267720922706,-2.1188472357208568,nan,nan,0.07361637655210636,0.13831887404968715,0.022674089442518926,6.788011513467567,0.0004992551689779745,nan,23.179550283071755,nan,0.990234375,0.4375,2.6090276421484946
2,stale-momentum-friendly-spectral-sam-muon,stale-momentum-friendly-spectral-sam-muon,Stale Momentum-Friendly Spectral SAM-Muon,,muon,stale_momentum_friendly,spectral,mnist,inf,0.05,nominal,0.02,additive,1.0,nn_ce,2.2504740078131276,0,0,-1,500,501,0.11713242891177911,-2.1333415789013483,nan,nan,0.07081231314106912,0.3441478914059983,0.05671215309922697,6.908213194438309,0.002021695089913858,nan,22.66747197351552,nan,0.99609375,0.44140625,2.592107416808574
2,stale-momentum-friendly-spectral-sam-muon,stale-momentum-friendly-spectral-sam-muon,Stale Momentum-Friendly Spectral SAM-Muon,,muon,stale_momentum_friendly,spectral,mnist,inf,0.05,nominal,0.02,additive,1.0,nn_ce,2.2504740078131276,1,0,-1,500,501,0.1294519571675143,-2.1210220506456134,nan,nan,0.07174231135861267,0.34207793677996845,0.05671554136910734,7.023822582900945,0.001457811230722833,nan,22.747459369086073,nan,0.994140625,0.431640625,2.611091471101375
2,stale-momentum-friendly-spectral-sam-muon,stale-momentum-friendly-spectral-sam-muon,Stale Momentum-Friendly Spectral SAM-Muon,,muon,stale_momentum_friendly,spectral,mnist,inf,0.05,nominal,0.02,additive,1.0,nn_ce,2.2504740078131276,2,0,-1,500,501,0.1219297828293864,-2.128544224983741,nan,nan,0.07237032795968243,0.34990343882186176,0.05669207579943752,6.93056933494756,0.0011355372881955844,nan,22.695709325510556,nan,1.0,0.423828125,2.629638060845752
2,stale-momentum-friendly-spectral-sam-muon,stale-momentum-friendly-spectral-sam-muon,Stale Momentum-Friendly Spectral SAM-Muon,,muon,stale_momentum_friendly,spectral,mnist,inf,0.05,nominal,0.02,additive,1.0,nn_ce,2.2504740078131276,3,0,-1,500,501,0.1375915757449095,-2.112882432068218,nan,nan,0.07844006519645393,0.34263112253763023,0.0594158541722588,6.907455490209161,0.002401287179935957,nan,22.67759911229397,nan,0.99609375,0.4375,2.4621240598673753
2,stale-momentum-friendly-spectral-sam-muon,stale-momentum-friendly-spectral-sam-muon,Stale Momentum-Friendly Spectral SAM-Muon,,muon,stale_momentum_friendly,spectral,mnist,inf,0.05,nominal,0.02,additive,1.0,nn_ce,2.2504740078131276,4,0,-1,500,501,0.13574042765852837,-2.1147335801545992,nan,nan,0.07721831614135875,0.3443693677092664,0.0566509041101473,6.847318774763697,0.002194807993896153,nan,22.77967030313781,nan,0.994140625,0.447265625,2.690512283137632
2,stale-momentum-friendly-spectral-sam-muon,stale-momentum-friendly-spectral-sam-muon,Stale Momentum-Friendly Spectral SAM-Muon,,muon,stale_momentum_friendly,spectral,mnist,inf,0.05,nominal,0.02,additive,1.0,nn_ce,2.2504740078131276,5,0,-1,500,501,0.11975334305910225,-2.1307206647540253,nan,nan,0.07096081664801991,0.3535452565613724,0.056717341032203314,6.941358242108858,0.0010831116691952108,nan,23.077625821534987,nan,0.9921875,0.44140625,2.7206986387864225
2,stale-momentum-friendly-spectral-sam-muon,stale-momentum-friendly-spectral-sam-muon,Stale Momentum-Friendly Spectral SAM-Muon,,muon,stale_momentum_friendly,spectral,mnist,inf,0.05,nominal,0.02,additive,1.0,nn_ce,2.2504740078131276,6,0,-1,500,501,0.1277115619427993,-2.122762445870328,nan,nan,0.07712314830040266,0.3359581310620619,0.0563883659227473,6.991098060417687,0.0022361412150608273,nan,23.07943061677066,nan,0.994140625,0.427734375,2.631928706961132
2,stale-momentum-friendly-spectral-sam-muon,stale-momentum-friendly-spectral-sam-muon,Stale Momentum-Friendly Spectral SAM-Muon,,muon,stale_momentum_friendly,spectral,mnist,inf,0.05,nominal,0.02,additive,1.0,nn_ce,2.2504740078131276,7,0,-1,500,501,0.13344925032624994,-2.1170247574868775,nan,nan,0.07409139925339435,0.34657748165093344,0.056688332077338255,6.869073852365087,0.0020786701375245242,nan,23.139841077170733,nan,0.98828125,0.4296875,2.608105073109277
2,stale-momentum-friendly-spectral-sam-muon,stale-momentum-friendly-spectral-sam-muon,Stale Momentum-Friendly Spectral SAM-Muon,,muon,stale_momentum_friendly,spectral,mnist,inf,0.1,nominal,0.02,additive,1.0,nn_ce,2.2504740078131276,0,0,-1,500,501,0.12025338361764507,-2.1302206241954824,nan,nan,0.07228550140644333,0.689165853265839,0.11340740961298518,6.939464584684941,0.008325691975324206,nan,22.713864714936673,nan,0.9921875,0.44140625,2.5870323859328783
2,stale-momentum-friendly-spectral-sam-muon,stale-momentum-friendly-spectral-sam-muon,Stale Momentum-Friendly Spectral SAM-Muon,,muon,stale_momentum_friendly,spectral,mnist,inf,0.1,nominal,0.02,additive,1.0,nn_ce,2.2504740078131276,1,0,-1,500,501,0.12831382002962244,-2.1221601877835052,nan,nan,0.07095169675410459,0.6908612709330864,0.11323490175011203,7.016209138501971,0.007003004498285004,nan,22.72813335623523,nan,0.994140625,0.435546875,2.571054546709101
2,stale-momentum-friendly-spectral-sam-muon,stale-momentum-friendly-spectral-sam-muon,Stale Momentum-Friendly Spectral SAM-Muon,,muon,stale_momentum_friendly,spectral,mnist,inf,0.1,nominal,0.02,additive,1.0,nn_ce,2.2504740078131276,2,0,-1,500,501,0.12455490074008381,-2.125919107073044,nan,nan,0.07454593722176198,0.701707963322909,0.11340350391853957,6.997493459099264,0.006971517835073951,nan,22.74667501360352,nan,0.998046875,0.42578125,2.5962746727143906
2,stale-momentum-friendly-spectral-sam-muon,stale-momentum-friendly-spectral-sam-muon,Stale Momentum-Friendly Spectral SAM-Muon,,muon,stale_momentum_friendly,spectral,mnist,inf,0.1,nominal,0.02,additive,1.0,nn_ce,2.2504740078131276,3,0,-1,500,501,0.14008649866515727,-2.1103875091479702,nan,nan,0.08102498453358671,0.6936849226318772,0.11962956684343312,6.864555480597236,0.008510515343681802,nan,22.748446677263775,nan,0.998046875,0.443359375,2.462723983663539
2,stale-momentum-friendly-spectral-sam-muon,stale-momentum-friendly-spectral-sam-muon,Stale Momentum-Friendly Spectral SAM-Muon,,muon,stale_momentum_friendly,spectral,mnist,inf,0.1,nominal,0.02,additive,1.0,nn_ce,2.2504740078131276,4,0,-1,500,501,0.13674377088778347,-2.113730236925344,nan,nan,0.07850919555599142,0.6907178847747952,0.11685944228893763,6.806117119253174,0.006869686961115479,nan,22.826140489719673,nan,0.9921875,0.4453125,2.6698370678353256
2,stale-momentum-friendly-spectral-sam-muon,stale-momentum-friendly-spectral-sam-muon,Stale Momentum-Friendly Spectral SAM-Muon,,muon,stale_momentum_friendly,spectral,mnist,inf,0.1,nominal,0.02,additive,1.0,nn_ce,2.2504740078131276,5,0,-1,500,501,0.11782196478227586,-2.1326520430308515,nan,nan,0.07007827809754207,0.7028704087926669,0.11340689713433362,6.973450292013901,0.006639838499845688,nan,23.10002726308599,nan,0.990234375,0.443359375,2.670295784230765
2,stale-momentum-friendly-spectral-sam-muon,stale-momentum-friendly-spectral-sam-muon,Stale Momentum-Friendly Spectral SAM-Muon,,muon,stale_momentum_friendly,spectral,mnist,inf,0.1,nominal,0.02,additive,1.0,nn_ce,2.2504740078131276,6,0,-1,500,501,0.12860687805850088,-2.1218671297546265,nan,nan,0.07783628152525811,0.673978469003272,0.11327278286987055,6.9941627618169235,0.00749278901098116,nan,23.127381041104407,nan,0.990234375,0.427734375,2.5872788429699214
2,stale-momentum-friendly-spectral-sam-muon,stale-momentum-friendly-spectral-sam-muon,Stale Momentum-Friendly Spectral SAM-Muon,,muon,stale_momentum_friendly,spectral,mnist,inf,0.1,nominal,0.02,additive,1.0,nn_ce,2.2504740078131276,7,0,-1,500,501,0.1346882123578665,-2.115785795455261,nan,nan,0.07474011485165458,0.7052101928619501,0.11730996105063826,6.920189094176727,0.008983093818704935,nan,23.20781593053572,nan,0.986328125,0.435546875,2.5411916407825497
2,stale-momentum-friendly-spectral-sam-muon,stale-momentum-friendly-spectral-sam-muon,Stale Momentum-Friendly Spectral SAM-Muon,,muon,stale_momentum_friendly,spectral,mnist,inf,0.2,nominal,0.02,additive,1.0,nn_ce,2.2504740078131276,0,0,-1,500,501,0.13569194916292723,-2.1147820586502,nan,nan,0.07931497620120466,1.3806917906614125,0.22646327187604579,6.943833362822275,0.035694000499606304,nan,22.587505308424486,nan,0.990234375,0.44921875,2.5319173070136123
2,stale-momentum-friendly-spectral-sam-muon,stale-momentum-friendly-spectral-sam-muon,Stale Momentum-Friendly Spectral SAM-Muon,,muon,stale_momentum_friendly,spectral,mnist,inf,0.2,nominal,0.02,additive,1.0,nn_ce,2.2504740078131276,1,0,-1,500,501,0.14249881263192535,-2.107975195181202,nan,nan,0.07876385985275688,1.388959140245254,0.22659435243581683,7.0458071975442005,0.04230214970682272,nan,22.963922399439355,nan,0.990234375,0.4375,2.5245065292659064
2,stale-momentum-friendly-spectral-sam-muon,stale-momentum-friendly-spectral-sam-muon,Stale Momentum-Friendly Spectral SAM-Muon,,muon,stale_momentum_friendly,spectral,mnist,inf,0.2,nominal,0.02,additive,1.0,nn_ce,2.2504740078131276,2,0,-1,500,501,0.1381789810474336,-2.112295026765694,nan,nan,0.08290349688425283,1.4108421115991507,0.226871271012773,6.965777033082498,0.03749134224177447,nan,22.78129803548905,nan,0.990234375,0.4296875,2.5208729744237397
2,stale-momentum-friendly-spectral-sam-muon,stale-momentum-friendly-spectral-sam-muon,Stale Momentum-Friendly Spectral SAM-Muon,,muon,stale_momentum_friendly,spectral,mnist,inf,0.2,nominal,0.02,additive,1.0,nn_ce,2.2504740078131276,3,0,-1,500,501,0.15090973395829188,-2.0995642738548357,nan,nan,0.08637804636083579,1.387053773871975,0.22684004702159008,6.997220105036943,0.03331758383584338,nan,22.913838035955248,nan,0.990234375,0.451171875,2.3824500887788806
2,stale-momentum-friendly-spectral-sam-muon,stale-momentum-friendly-spectral-sam-muon,Stale Momentum-Friendly Spectral SAM-Muon,,muon,stale_momentum_friendly,spectral,mnist,inf,0.2,nominal,0.02,additive,1.0,nn_ce,2.2504740078131276,4,0,-1,500,501,0.14477875950853467,-2.1056952483045928,nan,nan,0.08519941559608565,1.3922975110179723,0.23281908757586894,6.9839745243085085,0.04992298443361956,nan,22.792758911643674,nan,0.994140625,0.44140625,2.6093202614270776
2,stale-momentum-friendly-spectral-sam-muon,stale-momentum-friendly-spectral-sam-muon,Stale Momentum-Friendly Spectral SAM-Muon,,muon,stale_momentum_friendly,spectral,mnist,inf,0.2,nominal,0.02,additive,1.0,nn_ce,2.2504740078131276,5,0,-1,500,501,0.1320406245250607,-2.1184333832880666,nan,nan,0.07927931171746971,1.3917945180462947,0.22672583627146087,6.975771669116669,0.03031463106412019,nan,23.02278851630322,nan,0.98828125,0.44921875,2.60912928758162
2,stale-momentum-friendly-spectral-sam-muon,stale-momentum-friendly-spectral-sam-muon,Stale Momentum-Friendly Spectral SAM-Muon,,muon,stale_momentum_friendly,spectral,mnist,inf,0.2,nominal,0.02,additive,1.0,nn_ce,2.2504740078131276,6,0,-1,500,501,0.13851723327507798,-2.1119567745380494,nan,nan,0.08274781869597829,1.3639545751800242,0.22625652385495754,6.950962862195769,0.03256449553305962,nan,23.14044919160289,nan,0.990234375,0.427734375,2.5365414355792097
2,stale-momentum-friendly-spectral-sam-muon,stale-momentum-friendly-spectral-sam-muon,Stale Momentum-Friendly Spectral SAM-Muon,,muon,stale_momentum_friendly,spectral,mnist,inf,0.2,nominal,0.02,additive,1.0,nn_ce,2.2504740078131276,7,0,-1,500,501,0.14827445595803318,-2.102199551855094,nan,nan,0.08122515709798095,1.401515777132389,0.2268701365543657,6.969706179112944,0.051889708361146314,nan,23.30861222046342,nan,0.986328125,0.455078125,2.4467022012407718
2,stale-momentum-friendly-spectral-sam-muon,stale-momentum-friendly-spectral-sam-muon,Stale Momentum-Friendly Spectral SAM-Muon,,muon,stale_momentum_friendly,spectral,mnist,inf,0.5,nominal,0.02,additive,1.0,nn_ce,2.2504740078131276,0,0,-1,500,501,0.26618139344787,-1.9842926143652575,nan,nan,0.13397371687670023,3.5079987260151726,0.5934315387299722,6.927964599426956,0.38359979850236997,nan,22.198354751436266,nan,0.95703125,0.447265625,2.245864416600841
2,stale-momentum-friendly-spectral-sam-muon,stale-momentum-friendly-spectral-sam-muon,Stale Momentum-Friendly Spectral SAM-Muon,,muon,stale_momentum_friendly,spectral,mnist,inf,0.5,nominal,0.02,additive,1.0,nn_ce,2.2504740078131276,1,0,-1,500,501,0.262096106630054,-1.9883779011830736,nan,nan,0.14106519172008306,3.535782438104085,0.5646334595337076,6.96786212890607,0.38567523744131493,nan,22.979860975846375,nan,0.943359375,0.45703125,2.163790761438494
2,stale-momentum-friendly-spectral-sam-muon,stale-momentum-friendly-spectral-sam-muon,Stale Momentum-Friendly Spectral SAM-Muon,,muon,stale_momentum_friendly,spectral,mnist,inf,0.5,nominal,0.02,additive,1.0,nn_ce,2.2504740078131276,2,0,-1,500,501,0.24324424224521757,-2.00722976556791,nan,nan,0.13160490796952914,3.478411270262553,0.5668747260531515,6.791946024780432,0.3557732670131083,nan,22.62757179916292,nan,0.9609375,0.455078125,2.2411286052546915
2,stale-momentum-friendly-spectral-sam-muon,stale-momentum-friendly-spectral-sam-muon,Stale Momentum-Friendly Spectral SAM-Muon,,muon,stale_momentum_friendly,spectral,mnist,inf,0.5,nominal,0.02,additive,1.0,nn_ce,2.2504740078131276,3,0,-1,500,501,0.25972350128310306,-1.9907505065300244,nan,nan,0.12996840438747864,3.496588626586695,0.568139377337027,7.036020326883549,0.36900614439010015,nan,22.787014218302158,nan,0.947265625,0.4453125,2.2118287563394388
2,stale-momentum-friendly-spectral-sam-muon,stale-momentum-friendly-spectral-sam-muon,Stale Momentum-Friendly Spectral SAM-Muon,,muon,stale_momentum_friendly,spectral,mnist,inf,0.5,nominal,0.02,additive,1.0,nn_ce,2.2504740078131276,4,0,-1,500,501,0.2650981391802347,-1.9853758686328928,nan,nan,0.14140161153598266,3.530732970984232,0.566682311714582,7.0007347434993585,0.35541818449299317,nan,22.635001181043148,nan,0.94921875,0.47265625,2.2804885624146207
2,stale-momentum-friendly-spectral-sam-muon,stale-momentum-friendly-spectral-sam-muon,Stale Momentum-Friendly Spectral SAM-Muon,,muon,stale_momentum_friendly,spectral,mnist,inf,0.5,nominal,0.02,additive,1.0,nn_ce,2.2504740078131276,5,0,-1,500,501,0.24822614064520968,-2.002247867167918,nan,nan,0.13691246447895836,3.51221587053287,0.567105864830713,7.088544067169729,0.43063418442426227,nan,22.85711461520489,nan,0.958984375,0.44921875,2.2755524670128855
2,stale-momentum-friendly-spectral-sam-muon,stale-momentum-friendly-spectral-sam-muon,Stale Momentum-Friendly Spectral SAM-Muon,,muon,stale_momentum_friendly,spectral,mnist,inf,0.5,nominal,0.02,additive,1.0,nn_ce,2.2504740078131276,6,0,-1,500,501,0.2600382664808849,-1.9904357413322427,nan,nan,0.13068458372609734,3.4989808764430395,0.5667539204936244,6.852196319661675,0.3358002892951142,nan,23.08736834337308,nan,0.9609375,0.455078125,2.2481599502991005
2,stale-momentum-friendly-spectral-sam-muon,stale-momentum-friendly-spectral-sam-muon,Stale Momentum-Friendly Spectral SAM-Muon,,muon,stale_momentum_friendly,spectral,mnist,inf,0.5,nominal,0.02,additive,1.0,nn_ce,2.2504740078131276,7,0,-1,500,501,0.26594757865488683,-1.9845264291582407,nan,nan,0.1331513349255375,3.561451063263053,0.593636401651628,7.091990439576472,0.3395173269018481,nan,23.046915673586742,nan,0.947265625,0.45703125,2.149048557273736
2,stale-momentum-friendly-spectral-sam-muon,stale-momentum-friendly-spectral-sam-muon,Stale Momentum-Friendly Spectral SAM-Muon,,muon,stale_momentum_friendly,spectral,mnist,inf,1.0,nominal,0.02,additive,1.0,nn_ce,2.2504740078131276,0,0,-1,500,501,0.8494277365464786,-1.401046271266649,nan,nan,0.29556282827549446,7.052216490997876,1.1343345174790718,6.925068775550704,1.6405690022689632,nan,20.88278801446969,nan,0.794921875,0.447265625,2.047601345422236
2,stale-momentum-friendly-spectral-sam-muon,stale-momentum-friendly-spectral-sam-muon,Stale Momentum-Friendly Spectral SAM-Muon,,muon,stale_momentum_friendly,spectral,mnist,inf,1.0,nominal,0.02,additive,1.0,nn_ce,2.2504740078131276,1,0,-1,500,501,0.7619087977854953,-1.4885652100276323,nan,nan,0.2952428173456995,6.965441773700678,1.1755070250381858,7.197552497442996,1.0468449341831247,nan,21.228674823478418,nan,0.818359375,0.4765625,1.966067655504742
2,stale-momentum-friendly-spectral-sam-muon,stale-momentum-friendly-spectral-sam-muon,Stale Momentum-Friendly Spectral SAM-Muon,,muon,stale_momentum_friendly,spectral,mnist,inf,1.0,nominal,0.02,additive,1.0,nn_ce,2.2504740078131276,2,0,-1,500,501,0.8459753484399716,-1.4044986593731559,nan,nan,0.3304142375508291,7.3409034320475754,1.1342300463488435,6.975964009963963,1.9757861782261232,nan,21.248183750400436,nan,0.806640625,0.44921875,2.048111589445383
2,stale-momentum-friendly-spectral-sam-muon,stale-momentum-friendly-spectral-sam-muon,Stale Momentum-Friendly Spectral SAM-Muon,,muon,stale_momentum_friendly,spectral,mnist,inf,1.0,nominal,0.02,additive,1.0,nn_ce,2.2504740078131276,3,0,-1,500,501,0.8260467726592462,-1.4244272351538814,nan,nan,0.30727356198587913,7.026844578676627,1.1341309081383035,6.978036056743961,0.9738534829001855,nan,20.84727808035156,nan,0.77734375,0.470703125,2.069349343772915
2,stale-momentum-friendly-spectral-sam-muon,stale-momentum-friendly-spectral-sam-muon,Stale Momentum-Friendly Spectral SAM-Muon,,muon,stale_momentum_friendly,spectral,mnist,inf,1.0,nominal,0.02,additive,1.0,nn_ce,2.2504740078131276,4,0,-1,500,501,0.8267458335984197,-1.4237281742147079,nan,nan,0.31748083247700104,7.023636998452019,1.1342654443555005,7.243095733742636,1.194267737198609,nan,21.305142592094914,nan,0.798828125,0.451171875,2.0419135323388797
2,stale-momentum-friendly-spectral-sam-muon,stale-momentum-friendly-spectral-sam-muon,Stale Momentum-Friendly Spectral SAM-Muon,,muon,stale_momentum_friendly,spectral,mnist,inf,1.0,nominal,0.02,additive,1.0,nn_ce,2.2504740078131276,5,0,-1,500,501,0.7772812475091537,-1.4731927603039738,nan,nan,0.3087684681501755,6.875929372514186,1.1336181987588125,6.953572649032752,1.055577384344938,nan,21.203418793051483,nan,0.810546875,0.4765625,2.0091409155567117
2,stale-momentum-friendly-spectral-sam-muon,stale-momentum-friendly-spectral-sam-muon,Stale Momentum-Friendly Spectral SAM-Muon,,muon,stale_momentum_friendly,spectral,mnist,inf,1.0,nominal,0.02,additive,1.0,nn_ce,2.2504740078131276,6,0,-1,500,501,0.7911692731524949,-1.4593047346606327,nan,nan,0.30609060439010455,7.092045985975163,1.1966036151120836,6.940153961993141,1.05822062086875,nan,21.275330939303892,nan,0.8125,0.4609375,2.065492776168832
2,stale-momentum-friendly-spectral-sam-muon,stale-momentum-friendly-spectral-sam-muon,Stale Momentum-Friendly Spectral SAM-Muon,,muon,stale_momentum_friendly,spectral,mnist,inf,1.0,nominal,0.02,additive,1.0,nn_ce,2.2504740078131276,7,0,-1,500,501,0.7921190855325119,-1.4583549222806158,nan,nan,0.29251465211556615,7.162793698409219,1.1342483176809741,7.221480343130798,2.0292947969361497,nan,21.03242860006283,nan,0.81640625,0.455078125,2.0639293322167562
