variant,label,algorithm,outer,origin,alpha,rho,median,q25,q75,mean_finite,divergence_rate,perturbation,oracle_calls
friendly-sam-adam@global,Friendly SAM + AdamW [global Frob],friendly-sam-adam,adam,added,1.1,0.01,0.3822176063482431,0.37597415353264774,0.38804358685384793,0.381121376791376,0.0,0.00999999999999945,1000
friendly-sam-adam@global,Friendly SAM + AdamW [global Frob],friendly-sam-adam,adam,added,1.1,0.02,0.3822192738204676,0.3759638163804802,0.38804251362119074,0.3811128533352216,0.0,0.019999999999998998,1000
friendly-sam-adam@global,Friendly SAM + AdamW [global Frob],friendly-sam-adam,adam,added,1.1,0.05,0.38224023388789535,0.37592873571745605,0.388061091085913,0.3811193779377543,0.0,0.049999999999997546,1000
friendly-sam-adam@global,Friendly SAM + AdamW [global Frob],friendly-sam-adam,adam,added,1.1,0.1,0.3821962296184822,0.37589824351525414,0.38805981650373456,0.3810902405268074,0.0,0.09999999999999526,1000
friendly-sam-adam@global,Friendly SAM + AdamW [global Frob],friendly-sam-adam,adam,added,1.1,0.2,0.382130639808378,0.3757924963343604,0.38807210276876775,0.38103853565178436,0.0,0.19999999999999052,1000
friendly-sam-adam@global,Friendly SAM + AdamW [global Frob],friendly-sam-adam,adam,added,1.1,0.5,0.3817462229536503,0.375351105043335,0.38793551204870586,0.38071747856074745,0.0,0.4999999999999763,1000
friendly-sam-adam@global,Friendly SAM + AdamW [global Frob],friendly-sam-adam,adam,added,1.1,1.0,0.3807672378167371,0.3743154815542411,0.3870365895219975,0.3797383841112654,0.0,0.9999999999999525,1000
friendly-sam-adam@global,Friendly SAM + AdamW [global Frob],friendly-sam-adam,adam,added,1.3,0.01,0.2733515986402023,0.2698521169372686,0.275450668528221,0.27323793833888677,0.0,0.0099999999999984,1000
friendly-sam-adam@global,Friendly SAM + AdamW [global Frob],friendly-sam-adam,adam,added,1.3,0.02,0.2733527354565962,0.2698507453931225,0.27544122140650706,0.2732379810479916,0.0,0.01999999999999675,1000
friendly-sam-adam@global,Friendly SAM + AdamW [global Frob],friendly-sam-adam,adam,added,1.3,0.05,0.27334634008817477,0.2698332207797216,0.2754050000605654,0.2732202244627673,0.0,0.049999999999991954,1000
friendly-sam-adam@global,Friendly SAM + AdamW [global Frob],friendly-sam-adam,adam,added,1.3,0.1,0.2733080852542398,0.26977465826087077,0.2754014675223086,0.273189818837475,0.0,0.09999999999998405,1000
friendly-sam-adam@global,Friendly SAM + AdamW [global Frob],friendly-sam-adam,adam,added,1.3,0.2,0.27319953818625053,0.2696896685123693,0.27539398808132165,0.2731177814224947,0.0,0.1999999999999681,1000
friendly-sam-adam@global,Friendly SAM + AdamW [global Frob],friendly-sam-adam,adam,added,1.3,0.5,0.2728129020878206,0.2692474286470423,0.27498129029262797,0.2726723859489112,0.0,0.4999999999999202,1000
friendly-sam-adam@global,Friendly SAM + AdamW [global Frob],friendly-sam-adam,adam,added,1.3,1.0,0.2714774793908751,0.2678830679088829,0.2736359289420464,0.2712953573664797,0.0,0.9999999999998408,1000
friendly-sam-adam@global,Friendly SAM + AdamW [global Frob],friendly-sam-adam,adam,added,1.6,0.01,0.1904435002388768,0.18876820997884422,0.19184626088687656,0.19006758327245865,0.0,0.009999999999995401,1000
friendly-sam-adam@global,Friendly SAM + AdamW [global Frob],friendly-sam-adam,adam,added,1.6,0.02,0.19043671211302932,0.18876396293498177,0.19184513725713936,0.19006621993638748,0.0,0.0199999999999909,1000
friendly-sam-adam@global,Friendly SAM + AdamW [global Frob],friendly-sam-adam,adam,added,1.6,0.05,0.19042352555121966,0.18875063940807119,0.19183112831121574,0.1900505653042306,0.0,0.0499999999999773,1000
friendly-sam-adam@global,Friendly SAM + AdamW [global Frob],friendly-sam-adam,adam,added,1.6,0.1,0.190374053877637,0.1887329647284222,0.191793046864291,0.19001533357175263,0.0,0.09999999999995465,1000
friendly-sam-adam@global,Friendly SAM + AdamW [global Frob],friendly-sam-adam,adam,added,1.6,0.2,0.19029244827326663,0.1886464224354992,0.19168569373467131,0.18992185878561696,0.0,0.19999999999990936,1000
friendly-sam-adam@global,Friendly SAM + AdamW [global Frob],friendly-sam-adam,adam,added,1.6,0.5,0.18976499525216417,0.18804383948273568,0.19112169542612703,0.18936218024560722,0.0,0.4999999999997732,1000
friendly-sam-adam@global,Friendly SAM + AdamW [global Frob],friendly-sam-adam,adam,added,1.6,1.0,0.18801228738003056,0.18616091420085465,0.18930480719486195,0.18759901422384945,0.0,0.999999999999547,1000
friendly-sam-adam@global,Friendly SAM + AdamW [global Frob],friendly-sam-adam,adam,added,2.0,0.01,0.1397206082592219,0.1390880981142157,0.14132677622086542,0.14034982952491926,0.0,0.00999999999999215,1000
friendly-sam-adam@global,Friendly SAM + AdamW [global Frob],friendly-sam-adam,adam,added,2.0,0.02,0.13971761046609035,0.139077682227025,0.14133336760585252,0.14034953503448944,0.0,0.0199999999999844,1000
friendly-sam-adam@global,Friendly SAM + AdamW [global Frob],friendly-sam-adam,adam,added,2.0,0.05,0.13971460271852534,0.13907410306114903,0.1413295739884548,0.1403464072008258,0.0,0.04999999999996105,1000
friendly-sam-adam@global,Friendly SAM + AdamW [global Frob],friendly-sam-adam,adam,added,2.0,0.1,0.13969333071281437,0.1390354227615781,0.14132679099037856,0.1403203420927118,0.0,0.0999999999999222,1000
friendly-sam-adam@global,Friendly SAM + AdamW [global Frob],friendly-sam-adam,adam,added,2.0,0.2,0.139608706371733,0.1389585053473751,0.14126576888038977,0.14024783990690903,0.0,0.1999999999998444,1000
friendly-sam-adam@global,Friendly SAM + AdamW [global Frob],friendly-sam-adam,adam,added,2.0,0.5,0.13909729430631962,0.13847020485129133,0.14082170339844896,0.13976178040934356,0.0,0.49999999999961103,1000
friendly-sam-adam@global,Friendly SAM + AdamW [global Frob],friendly-sam-adam,adam,added,2.0,1.0,0.13738796808932,0.13684549339002575,0.13920181487734393,0.1381147761262325,0.0,0.9999999999992222,1000
friendly-sam-adam@global,Friendly SAM + AdamW [global Frob],friendly-sam-adam,adam,added,3.0,0.01,0.0986470465653984,0.09788293736759553,0.09957451240506515,0.09862631237665176,0.0,0.009999999999987349,1000
friendly-sam-adam@global,Friendly SAM + AdamW [global Frob],friendly-sam-adam,adam,added,3.0,0.02,0.0986577870071957,0.09789127138495456,0.09957711495654026,0.09863492396200643,0.0,0.01999999999997475,1000
friendly-sam-adam@global,Friendly SAM + AdamW [global Frob],friendly-sam-adam,adam,added,3.0,0.05,0.09868325576772541,0.0979163919150845,0.09960361597986882,0.09866505134240385,0.0,0.04999999999993695,1000
friendly-sam-adam@global,Friendly SAM + AdamW [global Frob],friendly-sam-adam,adam,added,3.0,0.1,0.09872658221087036,0.0979357033013929,0.09964456901989815,0.09870284343318553,0.0,0.09999999999987395,1000
friendly-sam-adam@global,Friendly SAM + AdamW [global Frob],friendly-sam-adam,adam,added,3.0,0.2,0.0987704998503586,0.09798797036777365,0.09971426958122809,0.09875968206402203,0.0,0.19999999999974805,1000
friendly-sam-adam@global,Friendly SAM + AdamW [global Frob],friendly-sam-adam,adam,added,3.0,0.5,0.0986511699491889,0.0978887619242925,0.09958486027627332,0.09866917473075762,0.0,0.49999999999936995,1000
friendly-sam-adam@global,Friendly SAM + AdamW [global Frob],friendly-sam-adam,adam,added,3.0,1.0,0.09773208972304685,0.09704321474496855,0.09866300754246468,0.09784479201068105,0.0,0.9999999999987399,1000
friendly-sam-adam@global,Friendly SAM + AdamW [global Frob],friendly-sam-adam,adam,added,inf,0.01,0.10900019011944515,0.1065919582300088,0.10924758121152381,0.10820796043239779,0.0,0.0099999999999885,1000
friendly-sam-adam@global,Friendly SAM + AdamW [global Frob],friendly-sam-adam,adam,added,inf,0.02,0.1090073102433432,0.10660577538641385,0.10925903451874164,0.10821768519093408,0.0,0.0199999999999771,1000
friendly-sam-adam@global,Friendly SAM + AdamW [global Frob],friendly-sam-adam,adam,added,inf,0.05,0.10900747947575451,0.1066193586653748,0.10928364672658637,0.10823035395619521,0.0,0.0499999999999428,1000
friendly-sam-adam@global,Friendly SAM + AdamW [global Frob],friendly-sam-adam,adam,added,inf,0.1,0.1090322221756283,0.10665367514616683,0.10931401821497566,0.10825178869123038,0.0,0.09999999999988571,1000
friendly-sam-adam@global,Friendly SAM + AdamW [global Frob],friendly-sam-adam,adam,added,inf,0.2,0.10903993660907935,0.10667635511356963,0.10933159353916327,0.10826089868724245,0.0,0.19999999999977142,1000
friendly-sam-adam@global,Friendly SAM + AdamW [global Frob],friendly-sam-adam,adam,added,inf,0.5,0.10877280794453625,0.1064018109689966,0.10906464788978312,0.10799200819143773,0.0,0.49999999999942846,1000
friendly-sam-adam@global,Friendly SAM + AdamW [global Frob],friendly-sam-adam,adam,added,inf,1.0,0.1074464020964421,0.10522939598023782,0.10778329053917138,0.10673287429057246,0.0,0.9999999999988571,1000
friendly-sam-adam@per-layer,Friendly SAM + AdamW [per-layer Frob],friendly-sam-adam,adam,added,1.1,0.01,0.382220365636173,0.37597327557036075,0.38804114284801944,0.3811185128629176,0.0,0.0141421356237296,1000
friendly-sam-adam@per-layer,Friendly SAM + AdamW [per-layer Frob],friendly-sam-adam,adam,added,1.1,0.02,0.3822255849113786,0.37596176788338276,0.38804261192816825,0.38111766368563005,0.0,0.028284271247459247,1000
friendly-sam-adam@per-layer,Friendly SAM + AdamW [per-layer Frob],friendly-sam-adam,adam,added,1.1,0.05,0.3821675133378079,0.3759203892438913,0.38804465047907366,0.38109765128505346,0.0,0.07071067811864815,1000
friendly-sam-adam@per-layer,Friendly SAM + AdamW [per-layer Frob],friendly-sam-adam,adam,added,1.1,0.1,0.38214883125230553,0.3758782649210077,0.3880764513021244,0.3810690812989066,0.0,0.1414213562372963,1000
friendly-sam-adam@per-layer,Friendly SAM + AdamW [per-layer Frob],friendly-sam-adam,adam,added,1.1,0.2,0.3820533325126454,0.37575463415706056,0.38804017277357206,0.3809884410619922,0.0,0.2828427124745927,1000
friendly-sam-adam@per-layer,Friendly SAM + AdamW [per-layer Frob],friendly-sam-adam,adam,added,1.1,0.5,0.3814299137290449,0.3750872379153157,0.3876430762497979,0.38042770554401983,0.0,0.707106781186482,1000
friendly-sam-adam@per-layer,Friendly SAM + AdamW [per-layer Frob],friendly-sam-adam,adam,added,1.1,1.0,0.37983058353133375,0.3734242298910613,0.3861003504457171,0.3788103164248604,0.0,1.4142135623729635,1000
friendly-sam-adam@per-layer,Friendly SAM + AdamW [per-layer Frob],friendly-sam-adam,adam,added,1.3,0.01,0.2733542263790907,0.26985165007178347,0.2754373865285381,0.2732366665150103,0.0,0.01414213562372705,1000
friendly-sam-adam@per-layer,Friendly SAM + AdamW [per-layer Frob],friendly-sam-adam,adam,added,1.3,0.02,0.27335781960381067,0.26984242774482126,0.27542065290084555,0.27323306182610163,0.0,0.02828427124745415,1000
friendly-sam-adam@per-layer,Friendly SAM + AdamW [per-layer Frob],friendly-sam-adam,adam,added,1.3,0.05,0.27332450030233724,0.2697919878148587,0.2754001673029727,0.2731975698784684,0.0,0.07071067811863549,1000
friendly-sam-adam@per-layer,Friendly SAM + AdamW [per-layer Frob],friendly-sam-adam,adam,added,1.3,0.1,0.2732711921575922,0.2697562287540907,0.2754070734662749,0.27315440893469833,0.0,0.14142135623727098,1000
friendly-sam-adam@per-layer,Friendly SAM + AdamW [per-layer Frob],friendly-sam-adam,adam,added,1.3,0.2,0.27310775761687534,0.2695985791924784,0.2752965673641292,0.27301131242173626,0.0,0.28284271247454207,1000
friendly-sam-adam@per-layer,Friendly SAM + AdamW [per-layer Frob],friendly-sam-adam,adam,added,1.3,0.5,0.2723836788476373,0.2688281439831259,0.2745149753878283,0.27219353451088113,0.0,0.707106781186355,1000
friendly-sam-adam@per-layer,Friendly SAM + AdamW [per-layer Frob],friendly-sam-adam,adam,added,1.3,1.0,0.27026180028385516,0.26641187984358905,0.27221072260257007,0.26986776676083724,0.0,1.41421356237271,1000
friendly-sam-adam@per-layer,Friendly SAM + AdamW [per-layer Frob],friendly-sam-adam,adam,added,1.6,0.01,0.1904430259855862,0.188767749786707,0.19184681732584363,0.1900694072143499,0.0,0.0141421356237212,1000
friendly-sam-adam@per-layer,Friendly SAM + AdamW [per-layer Frob],friendly-sam-adam,adam,added,1.6,0.02,0.19043262575611095,0.18875392061809598,0.19184020854254105,0.19006133926439134,0.0,0.0282842712474425,1000
friendly-sam-adam@per-layer,Friendly SAM + AdamW [per-layer Frob],friendly-sam-adam,adam,added,1.6,0.05,0.19041278203367884,0.18874322612518998,0.19182197043491978,0.19003934451095822,0.0,0.0707106781186063,1000
friendly-sam-adam@per-layer,Friendly SAM + AdamW [per-layer Frob],friendly-sam-adam,adam,added,1.6,0.1,0.1903495378307573,0.1887116373488132,0.1917690125768301,0.18998707535681383,0.0,0.14142135623721264,1000
friendly-sam-adam@per-layer,Friendly SAM + AdamW [per-layer Frob],friendly-sam-adam,adam,added,1.6,0.2,0.1902233667529285,0.18853628359916663,0.19161363280782454,0.18983594147474658,0.0,0.28284271247442544,1000
friendly-sam-adam@per-layer,Friendly SAM + AdamW [per-layer Frob],friendly-sam-adam,adam,added,1.6,0.5,0.18925970656911115,0.18745330793880421,0.1906010431091854,0.18883447880980306,0.0,0.7071067811860634,1000
friendly-sam-adam@per-layer,Friendly SAM + AdamW [per-layer Frob],friendly-sam-adam,adam,added,1.6,1.0,0.186399912653011,0.1842590484342666,0.18747656099455753,0.1858486495676126,0.0,1.4142135623721266,1000
friendly-sam-adam@per-layer,Friendly SAM + AdamW [per-layer Frob],friendly-sam-adam,adam,added,2.0,0.01,0.1397154875033349,0.13908543125655076,0.14133025647743006,0.14034953090870872,0.0,0.0141421356237142,1000
friendly-sam-adam@per-layer,Friendly SAM + AdamW [per-layer Frob],friendly-sam-adam,adam,added,2.0,0.02,0.13971713756395246,0.13908448715247884,0.14134558167798214,0.1403525442415488,0.0,0.028284271247428452,1000
friendly-sam-adam@per-layer,Friendly SAM + AdamW [per-layer Frob],friendly-sam-adam,adam,added,2.0,0.05,0.13970943235343236,0.13906681630186596,0.14133423841754847,0.14034144128782985,0.0,0.07071067811857125,1000
friendly-sam-adam@per-layer,Friendly SAM + AdamW [per-layer Frob],friendly-sam-adam,adam,added,2.0,0.1,0.1396850603421908,0.13903575127534418,0.1413146603269629,0.14031281002760315,0.0,0.14142135623714255,1000
friendly-sam-adam@per-layer,Friendly SAM + AdamW [per-layer Frob],friendly-sam-adam,adam,added,2.0,0.2,0.13952735643320413,0.13888525154512651,0.1412338218661447,0.14017747433269967,0.0,0.2828427124742853,1000
friendly-sam-adam@per-layer,Friendly SAM + AdamW [per-layer Frob],friendly-sam-adam,adam,added,2.0,0.5,0.1385544188588441,0.13799965673694137,0.14034902811604139,0.13924912823662333,0.0,0.707106781185713,1000
friendly-sam-adam@per-layer,Friendly SAM + AdamW [per-layer Frob],friendly-sam-adam,adam,added,2.0,1.0,0.1356658589158885,0.1351589146455797,0.1374620395681732,0.136391276004212,0.0,1.414213562371426,1000
friendly-sam-adam@per-layer,Friendly SAM + AdamW [per-layer Frob],friendly-sam-adam,adam,added,3.0,0.01,0.09865366266825976,0.09788846461417736,0.099581373351144,0.09863309331690386,0.0,0.0141421356237044,1000
friendly-sam-adam@per-layer,Friendly SAM + AdamW [per-layer Frob],friendly-sam-adam,adam,added,3.0,0.02,0.09866673570178895,0.0979007701966839,0.09958376178090605,0.09864535058590718,0.0,0.0282842712474088,1000
friendly-sam-adam@per-layer,Friendly SAM + AdamW [per-layer Frob],friendly-sam-adam,adam,added,3.0,0.05,0.09870287932646166,0.09793910408174056,0.09961716865639737,0.09868712493523454,0.0,0.07071067811852205,1000
friendly-sam-adam@per-layer,Friendly SAM + AdamW [per-layer Frob],friendly-sam-adam,adam,added,3.0,0.1,0.09876178121286636,0.0979812517640749,0.09970086814611563,0.09874789346737653,0.0,0.14142135623704422,1000
friendly-sam-adam@per-layer,Friendly SAM + AdamW [per-layer Frob],friendly-sam-adam,adam,added,3.0,0.2,0.0988003204648435,0.09803534048628705,0.09971985957935814,0.09879418994188596,0.0,0.28284271247408843,1000
friendly-sam-adam@per-layer,Friendly SAM + AdamW [per-layer Frob],friendly-sam-adam,adam,added,3.0,0.5,0.09840645102926024,0.09769872271367815,0.0993509254154257,0.09846241059213226,0.0,0.707106781185221,1000
friendly-sam-adam@per-layer,Friendly SAM + AdamW [per-layer Frob],friendly-sam-adam,adam,added,3.0,1.0,0.09678949210484311,0.09608304885318915,0.0977214983543197,0.09693647740398975,0.0,1.414213562370442,1000
friendly-sam-adam@per-layer,Friendly SAM + AdamW [per-layer Frob],friendly-sam-adam,adam,added,inf,0.01,0.10900512816234151,0.10660061708254973,0.10925491483562945,0.1082143609692573,0.0,0.014142135623707,1000
friendly-sam-adam@per-layer,Friendly SAM + AdamW [per-layer Frob],friendly-sam-adam,adam,added,inf,0.02,0.10900900495292734,0.10661658101922622,0.10926506463078654,0.10822349785171288,0.0,0.028284271247414,1000
friendly-sam-adam@per-layer,Friendly SAM + AdamW [per-layer Frob],friendly-sam-adam,adam,added,inf,0.05,0.1090168161631753,0.10663448230207642,0.10930978038522197,0.10824700775372667,0.0,0.07071067811853504,1000
friendly-sam-adam@per-layer,Friendly SAM + AdamW [per-layer Frob],friendly-sam-adam,adam,added,inf,0.1,0.10904964171057335,0.10667760637571162,0.10933208127505378,0.10826965234409888,0.0,0.14142135623707008,1000
friendly-sam-adam@per-layer,Friendly SAM + AdamW [per-layer Frob],friendly-sam-adam,adam,added,inf,0.2,0.10902478570763685,0.10667388618210161,0.10933874838704102,0.10825647593038945,0.0,0.2828427124741403,1000
friendly-sam-adam@per-layer,Friendly SAM + AdamW [per-layer Frob],friendly-sam-adam,adam,added,inf,0.5,0.1084031615945214,0.10606765175343072,0.1087302463237518,0.10764552881907857,0.0,0.7071067811853509,1000
friendly-sam-adam@per-layer,Friendly SAM + AdamW [per-layer Frob],friendly-sam-adam,adam,added,inf,1.0,0.10604664534968025,0.10396312806543866,0.1064894473645118,0.1054179240372505,0.0,1.4142135623707017,1000
friendly-sam-sgd@global,Friendly SAM + SGD [global Frob],friendly-sam-sgd,sgd,both,1.1,0.01,7.429589922662855,7.078072800247195,7.71803981944071,7.2255983338789225,0.0,0.009999999999999499,1000
friendly-sam-sgd@global,Friendly SAM + SGD [global Frob],friendly-sam-sgd,sgd,both,1.1,0.02,7.41946873018407,7.068779766028582,7.719364745721096,7.216094232593209,0.0,0.019999999999998998,1000
friendly-sam-sgd@global,Friendly SAM + SGD [global Frob],friendly-sam-sgd,sgd,both,1.1,0.05,7.413072001726975,7.041946112222982,7.691380478619252,7.196981405453782,0.0,0.04999999999999765,1000
friendly-sam-sgd@global,Friendly SAM + SGD [global Frob],friendly-sam-sgd,sgd,both,1.1,0.1,7.396684682134177,6.990936183764346,7.665306629359526,7.169165611619137,0.0,0.0999999999999953,1000
friendly-sam-sgd@global,Friendly SAM + SGD [global Frob],friendly-sam-sgd,sgd,both,1.1,0.2,7.3521028147719605,6.906165480358853,7.609575849111749,7.110709698253303,0.0,0.19999999999999063,1000
friendly-sam-sgd@global,Friendly SAM + SGD [global Frob],friendly-sam-sgd,sgd,both,1.1,0.5,7.216580508390901,6.694084143790451,7.423541999233995,6.934115709006421,0.0,0.49999999999997635,1000
friendly-sam-sgd@global,Friendly SAM + SGD [global Frob],friendly-sam-sgd,sgd,both,1.1,1.0,6.7873734270523745,6.3704531097636545,7.216570234103161,6.64416134498779,0.0,0.9999999999999528,1000
friendly-sam-sgd@global,Friendly SAM + SGD [global Frob],friendly-sam-sgd,sgd,both,1.3,0.01,2.7278221558806863,2.485171515252248,2.9589983998379505,2.747509347168209,0.0,0.0099999999999984,1000
friendly-sam-sgd@global,Friendly SAM + SGD [global Frob],friendly-sam-sgd,sgd,both,1.3,0.02,2.7277683401346198,2.4887374386597045,2.964353472064732,2.739785067485367,0.0,0.0199999999999968,1000
friendly-sam-sgd@global,Friendly SAM + SGD [global Frob],friendly-sam-sgd,sgd,both,1.3,0.05,2.7172922764477416,2.4761032060269117,2.9473957053001256,2.730511560976944,0.0,0.04999999999999205,1000
friendly-sam-sgd@global,Friendly SAM + SGD [global Frob],friendly-sam-sgd,sgd,both,1.3,0.1,2.689004188612149,2.4627192817922148,2.9371477373117507,2.706140813394184,0.0,0.0999999999999841,1000
friendly-sam-sgd@global,Friendly SAM + SGD [global Frob],friendly-sam-sgd,sgd,both,1.3,0.2,2.6565061410562785,2.4342855559423295,2.915316886418176,2.6849974611297176,0.0,0.1999999999999682,1000
friendly-sam-sgd@global,Friendly SAM + SGD [global Frob],friendly-sam-sgd,sgd,both,1.3,0.5,2.6091110196843617,2.385901517168512,2.8327512837659636,2.617079180654385,0.0,0.4999999999999206,1000
friendly-sam-sgd@global,Friendly SAM + SGD [global Frob],friendly-sam-sgd,sgd,both,1.3,1.0,2.519759205995647,2.3328433381393245,2.6527989300901673,2.478396015313726,0.0,0.9999999999998412,1000
friendly-sam-sgd@global,Friendly SAM + SGD [global Frob],friendly-sam-sgd,sgd,both,1.6,0.01,0.8766063174957148,0.857752962113312,0.9119131815639504,0.8923806108920893,0.0,0.009999999999995401,1000
friendly-sam-sgd@global,Friendly SAM + SGD [global Frob],friendly-sam-sgd,sgd,both,1.6,0.02,0.8765194140891178,0.8542761801355623,0.9117776954243926,0.8918651647358993,0.0,0.0199999999999909,1000
friendly-sam-sgd@global,Friendly SAM + SGD [global Frob],friendly-sam-sgd,sgd,both,1.6,0.05,0.867187777558164,0.8584357751204524,0.912000634873392,0.8930379883468065,0.0,0.0499999999999774,1000
friendly-sam-sgd@global,Friendly SAM + SGD [global Frob],friendly-sam-sgd,sgd,both,1.6,0.1,0.8654971456752449,0.8511018773107283,0.8984060870777362,0.8876182084720418,0.0,0.09999999999995475,1000
friendly-sam-sgd@global,Friendly SAM + SGD [global Frob],friendly-sam-sgd,sgd,both,1.6,0.2,0.85630505241364,0.837731139543431,0.8865764998993169,0.8731691046048148,0.0,0.19999999999990956,1000
friendly-sam-sgd@global,Friendly SAM + SGD [global Frob],friendly-sam-sgd,sgd,both,1.6,0.5,0.812856604581788,0.8004154052879316,0.8498825273942208,0.841628996473209,0.0,0.49999999999977396,1000
friendly-sam-sgd@global,Friendly SAM + SGD [global Frob],friendly-sam-sgd,sgd,both,1.6,1.0,0.7618568063662372,0.7529429047815144,0.8004135397703365,0.7965005434610353,0.0,0.9999999999995478,1000
friendly-sam-sgd@global,Friendly SAM + SGD [global Frob],friendly-sam-sgd,sgd,both,2.0,0.01,0.20930009938600597,0.19329371040617194,0.2200395509640661,0.2170319452296699,0.0,0.00999999999999215,1000
friendly-sam-sgd@global,Friendly SAM + SGD [global Frob],friendly-sam-sgd,sgd,both,2.0,0.02,0.20909626498984546,0.19284719886624827,0.22020543300381923,0.21690487847694748,0.0,0.0199999999999844,1000
friendly-sam-sgd@global,Friendly SAM + SGD [global Frob],friendly-sam-sgd,sgd,both,2.0,0.05,0.20840240672364685,0.1916924286440573,0.2197485620317989,0.21617304257055772,0.0,0.04999999999996105,1000
friendly-sam-sgd@global,Friendly SAM + SGD [global Frob],friendly-sam-sgd,sgd,both,2.0,0.1,0.20749441844923522,0.18980957883413568,0.21957465596769402,0.21558731883931653,0.0,0.09999999999992215,1000
friendly-sam-sgd@global,Friendly SAM + SGD [global Frob],friendly-sam-sgd,sgd,both,2.0,0.2,0.2054426046537122,0.18773032003222825,0.2154647737532199,0.21296217396985256,0.0,0.1999999999998443,1000
friendly-sam-sgd@global,Friendly SAM + SGD [global Frob],friendly-sam-sgd,sgd,both,2.0,0.5,0.21719372611233506,0.18425039101524254,0.24843422132795534,0.22261143103788283,0.0,0.49999999999961064,1000
friendly-sam-sgd@global,Friendly SAM + SGD [global Frob],friendly-sam-sgd,sgd,both,2.0,1.0,0.22775115109755625,0.19142576053765264,0.2580341337505797,0.23585556514729833,0.0,0.9999999999992214,1000
friendly-sam-sgd@global,Friendly SAM + SGD [global Frob],friendly-sam-sgd,sgd,both,3.0,0.01,0.05684555542821295,0.05600908526847477,0.057437979682205,0.05671435109446582,0.0,0.009999999999987349,1000
friendly-sam-sgd@global,Friendly SAM + SGD [global Frob],friendly-sam-sgd,sgd,both,3.0,0.02,0.056824500529361194,0.05598544294454962,0.057417626441026756,0.056692666060363495,0.0,0.01999999999997475,1000
friendly-sam-sgd@global,Friendly SAM + SGD [global Frob],friendly-sam-sgd,sgd,both,3.0,0.05,0.0567591291472697,0.055912092414342154,0.0573543818017202,0.05662534914383348,0.0,0.049999999999937,1000
friendly-sam-sgd@global,Friendly SAM + SGD [global Frob],friendly-sam-sgd,sgd,both,3.0,0.1,0.05664294005541165,0.05578494111479275,0.0572417981614034,0.05650573911058464,0.0,0.099999999999874,1000
friendly-sam-sgd@global,Friendly SAM + SGD [global Frob],friendly-sam-sgd,sgd,both,3.0,0.2,0.05638438680451855,0.05550415217381953,0.05699058732576325,0.05623971473138262,0.0,0.199999999999748,1000
friendly-sam-sgd@global,Friendly SAM + SGD [global Frob],friendly-sam-sgd,sgd,both,3.0,0.5,0.05542142587837795,0.05446359528011133,0.05604841669356525,0.05525003085023726,0.0,0.49999999999937,1000
friendly-sam-sgd@global,Friendly SAM + SGD [global Frob],friendly-sam-sgd,sgd,both,3.0,1.0,0.05335813214910195,0.052244763513225025,0.05399929872322035,0.05313148636422906,0.0,0.9999999999987406,1000
friendly-sam-sgd@global,Friendly SAM + SGD [global Frob],friendly-sam-sgd,sgd,both,inf,0.01,0.0648997457275596,0.06411836734009055,0.06565930283277924,0.06483817431221398,0.0,0.0099999999999885,1000
friendly-sam-sgd@global,Friendly SAM + SGD [global Frob],friendly-sam-sgd,sgd,both,inf,0.02,0.06487416062362089,0.06409491817595325,0.06563444162386586,0.06481397480308668,0.0,0.01999999999997705,1000
friendly-sam-sgd@global,Friendly SAM + SGD [global Frob],friendly-sam-sgd,sgd,both,inf,0.05,0.064794780701288,0.06402220103875902,0.06555727069804321,0.06473891350929445,0.0,0.0499999999999428,1000
friendly-sam-sgd@global,Friendly SAM + SGD [global Frob],friendly-sam-sgd,sgd,both,inf,0.1,0.0646538785284097,0.06389325153667849,0.06542016070396925,0.06460574108781916,0.0,0.09999999999988565,1000
friendly-sam-sgd@global,Friendly SAM + SGD [global Frob],friendly-sam-sgd,sgd,both,inf,0.2,0.06434099116118239,0.06360742342409065,0.06511516578293397,0.0643102458749516,0.0,0.19999999999977136,1000
friendly-sam-sgd@global,Friendly SAM + SGD [global Frob],friendly-sam-sgd,sgd,both,inf,0.5,0.06318022377690005,0.06256004449530064,0.06397841098586354,0.06321553217310105,0.0,0.4999999999994283,1000
friendly-sam-sgd@global,Friendly SAM + SGD [global Frob],friendly-sam-sgd,sgd,both,inf,1.0,0.0608206896495313,0.060213464466202044,0.06152945354255593,0.06087921499956968,0.0,0.9999999999988567,1000
friendly-sam-sgd@per-layer,Friendly SAM + SGD [per-layer Frob],friendly-sam-sgd,sgd,both,1.1,0.01,7.424526013530388,7.068851279247458,7.697930495431708,7.216320247696393,0.0,0.0141421356237296,1000
friendly-sam-sgd@per-layer,Friendly SAM + SGD [per-layer Frob],friendly-sam-sgd,sgd,both,1.1,0.02,7.420440883735596,7.056638421748034,7.7066408704548195,7.209654785714305,0.0,0.028284271247459247,1000
friendly-sam-sgd@per-layer,Friendly SAM + SGD [per-layer Frob],friendly-sam-sgd,sgd,both,1.1,0.05,7.4045851160527905,7.01358425168864,7.675455347311983,7.18124461284984,0.0,0.07071067811864826,1000
friendly-sam-sgd@per-layer,Friendly SAM + SGD [per-layer Frob],friendly-sam-sgd,sgd,both,1.1,0.1,7.369926614828107,6.946794701263347,7.608736041747177,7.129302957817875,0.0,0.1414213562372965,1000
friendly-sam-sgd@per-layer,Friendly SAM + SGD [per-layer Frob],friendly-sam-sgd,sgd,both,1.1,0.2,7.296263041386371,6.80995119309276,7.515027106589723,7.0375515997107,0.0,0.282842712474593,1000
friendly-sam-sgd@per-layer,Friendly SAM + SGD [per-layer Frob],friendly-sam-sgd,sgd,both,1.1,0.5,6.99234180955336,6.496319466406023,7.242307574631811,6.754845397470282,0.0,0.7071067811864826,1000
friendly-sam-sgd@per-layer,Friendly SAM + SGD [per-layer Frob],friendly-sam-sgd,sgd,both,1.1,1.0,6.326562792945246,6.060103298318072,6.921644374693855,6.310857748312706,0.0,1.4142135623729655,1000
friendly-sam-sgd@per-layer,Friendly SAM + SGD [per-layer Frob],friendly-sam-sgd,sgd,both,1.3,0.01,2.731214798737969,2.4711526647496886,2.9568509266366023,2.7392227655245436,0.0,0.014142135623727101,1000
friendly-sam-sgd@per-layer,Friendly SAM + SGD [per-layer Frob],friendly-sam-sgd,sgd,both,1.3,0.02,2.709799254335776,2.488381617620179,2.963539635224916,2.724203793819525,0.0,0.0282842712474543,1000
friendly-sam-sgd@per-layer,Friendly SAM + SGD [per-layer Frob],friendly-sam-sgd,sgd,both,1.3,0.05,2.692583040462518,2.467875402102292,2.940520122708908,2.7101966893416343,0.0,0.07071067811863575,1000
friendly-sam-sgd@per-layer,Friendly SAM + SGD [per-layer Frob],friendly-sam-sgd,sgd,both,1.3,0.1,2.688814946969692,2.4386758959786787,2.9440738468952645,2.701391674368558,0.0,0.1414213562372716,1000
friendly-sam-sgd@per-layer,Friendly SAM + SGD [per-layer Frob],friendly-sam-sgd,sgd,both,1.3,0.2,2.6606178772789053,2.4065292767279702,2.887618351054983,2.6575056541223385,0.0,0.28284271247454323,1000
friendly-sam-sgd@per-layer,Friendly SAM + SGD [per-layer Frob],friendly-sam-sgd,sgd,both,1.3,0.5,2.5308678322632407,2.328508441666194,2.7007502125122547,2.519129196075264,0.0,0.707106781186358,1000
friendly-sam-sgd@per-layer,Friendly SAM + SGD [per-layer Frob],friendly-sam-sgd,sgd,both,1.3,1.0,2.3912271091836876,2.1946040949848253,2.464643174831594,2.3265922861546064,0.0,1.414213562372714,1000
friendly-sam-sgd@per-layer,Friendly SAM + SGD [per-layer Frob],friendly-sam-sgd,sgd,both,1.6,0.01,0.8740540878135212,0.859653324475413,0.914220888755815,0.8922024559694719,0.0,0.01414213562372125,1000
friendly-sam-sgd@per-layer,Friendly SAM + SGD [per-layer Frob],friendly-sam-sgd,sgd,both,1.6,0.02,0.8775722084892794,0.8403755221618397,0.911515135795551,0.8925429656142808,0.0,0.028284271247442552,1000
friendly-sam-sgd@per-layer,Friendly SAM + SGD [per-layer Frob],friendly-sam-sgd,sgd,both,1.6,0.05,0.8625442015793143,0.8526761483867613,0.907385127460972,0.8878080938572306,0.0,0.0707106781186065,1000
friendly-sam-sgd@per-layer,Friendly SAM + SGD [per-layer Frob],friendly-sam-sgd,sgd,both,1.6,0.1,0.8560080306681374,0.8316324938485216,0.8945202440056998,0.8758819879088067,0.0,0.14142135623721308,1000
friendly-sam-sgd@per-layer,Friendly SAM + SGD [per-layer Frob],friendly-sam-sgd,sgd,both,1.6,0.2,0.8359436765484018,0.8025579630371513,0.8690379077770168,0.8508251610004711,0.0,0.2828427124744259,1000
friendly-sam-sgd@per-layer,Friendly SAM + SGD [per-layer Frob],friendly-sam-sgd,sgd,both,1.6,0.5,0.7810772454888721,0.7515615136567134,0.8271847911399113,0.8026893466633573,0.0,0.707106781186065,1000
friendly-sam-sgd@per-layer,Friendly SAM + SGD [per-layer Frob],friendly-sam-sgd,sgd,both,1.6,1.0,0.7099029339212743,0.6950761365045847,0.766319782249564,0.7369865601790524,0.0,1.4142135623721281,1000
friendly-sam-sgd@per-layer,Friendly SAM + SGD [per-layer Frob],friendly-sam-sgd,sgd,both,2.0,0.01,0.20920844911215636,0.19309700950661984,0.2200800820676748,0.21696833840905821,0.0,0.01414213562371425,1000
friendly-sam-sgd@per-layer,Friendly SAM + SGD [per-layer Frob],friendly-sam-sgd,sgd,both,2.0,0.02,0.20889248592059265,0.1924839671445494,0.22022292148930409,0.21675430789157857,0.0,0.0282842712474285,1000
friendly-sam-sgd@per-layer,Friendly SAM + SGD [per-layer Frob],friendly-sam-sgd,sgd,both,2.0,0.05,0.20788308415095125,0.1908508253856798,0.218398577475877,0.21543029897576021,0.0,0.07071067811857135,1000
friendly-sam-sgd@per-layer,Friendly SAM + SGD [per-layer Frob],friendly-sam-sgd,sgd,both,2.0,0.1,0.2066838348548424,0.18821521301816152,0.21792575173708417,0.21439721960307026,0.0,0.14142135623714264,1000
friendly-sam-sgd@per-layer,Friendly SAM + SGD [per-layer Frob],friendly-sam-sgd,sgd,both,2.0,0.2,0.2028322557844331,0.18761463672107695,0.22076991235492582,0.21463914528307887,0.0,0.2828427124742855,1000
friendly-sam-sgd@per-layer,Friendly SAM + SGD [per-layer Frob],friendly-sam-sgd,sgd,both,2.0,0.5,0.23449793190162216,0.1845828455745815,0.271462909396262,0.2306996537383736,0.0,0.7071067811857141,1000
friendly-sam-sgd@per-layer,Friendly SAM + SGD [per-layer Frob],friendly-sam-sgd,sgd,both,2.0,1.0,0.24238677490656585,0.23002446123509138,0.2823708080830108,0.2444513105180189,0.0,1.4142135623714274,1000
friendly-sam-sgd@per-layer,Friendly SAM + SGD [per-layer Frob],friendly-sam-sgd,sgd,both,3.0,0.01,0.0568345160173241,0.055997359185203696,0.05742769269755675,0.05670315909458615,0.0,0.01414213562370435,1000
friendly-sam-sgd@per-layer,Friendly SAM + SGD [per-layer Frob],friendly-sam-sgd,sgd,both,3.0,0.02,0.0568018998282512,0.055961454128800575,0.05739656912990535,0.05666976223168098,0.0,0.028284271247408753,1000
friendly-sam-sgd@per-layer,Friendly SAM + SGD [per-layer Frob],friendly-sam-sgd,sgd,both,3.0,0.05,0.056698766245407,0.0558481528642726,0.05729815776946652,0.056564245237354316,0.0,0.07071067811852194,1000
friendly-sam-sgd@per-layer,Friendly SAM + SGD [per-layer Frob],friendly-sam-sgd,sgd,both,3.0,0.1,0.0565097212035507,0.05564508987195822,0.057117729646644126,0.05637110274845804,0.0,0.141421356237044,1000
friendly-sam-sgd@per-layer,Friendly SAM + SGD [per-layer Frob],friendly-sam-sgd,sgd,both,3.0,0.2,0.0560711201108929,0.055176748424424,0.0566985872155792,0.055923914334891967,0.0,0.2828427124740881,1000
friendly-sam-sgd@per-layer,Friendly SAM + SGD [per-layer Frob],friendly-sam-sgd,sgd,both,3.0,0.5,0.05435906914851055,0.05335922154920685,0.0550493073020845,0.05418332696358277,0.0,0.7071067811852201,1000
friendly-sam-sgd@per-layer,Friendly SAM + SGD [per-layer Frob],friendly-sam-sgd,sgd,both,3.0,1.0,0.05078211760540775,0.04956367029806982,0.051432769008830204,0.05054442049620829,0.0,1.4142135623704402,1000
friendly-sam-sgd@per-layer,Friendly SAM + SGD [per-layer Frob],friendly-sam-sgd,sgd,both,inf,0.01,0.06488607132445925,0.06410601789977069,0.06564533456207212,0.06482529639716272,0.0,0.01414213562370695,1000
friendly-sam-sgd@per-layer,Friendly SAM + SGD [per-layer Frob],friendly-sam-sgd,sgd,both,inf,0.02,0.0648461748869335,0.06406964666916147,0.06560585517817723,0.0647876254447982,0.0,0.02828427124741395,1000
friendly-sam-sgd@per-layer,Friendly SAM + SGD [per-layer Frob],friendly-sam-sgd,sgd,both,inf,0.05,0.0647201078911697,0.06395479375323554,0.06548099941558555,0.06466865384027802,0.0,0.07071067811853496,1000
friendly-sam-sgd@per-layer,Friendly SAM + SGD [per-layer Frob],friendly-sam-sgd,sgd,both,inf,0.1,0.06448932392699419,0.0637448073096153,0.06525209094935812,0.06445106122198709,0.0,0.14142135623706992,1000
friendly-sam-sgd@per-layer,Friendly SAM + SGD [per-layer Frob],friendly-sam-sgd,sgd,both,inf,0.2,0.06395506004460036,0.06325979927755805,0.06472096616641575,0.0639480164754886,0.0,0.2828427124741399,1000
friendly-sam-sgd@per-layer,Friendly SAM + SGD [per-layer Frob],friendly-sam-sgd,sgd,both,inf,0.5,0.061882212216269245,0.061422090978596,0.06264926316342578,0.06199719295836023,0.0,0.7071067811853499,1000
friendly-sam-sgd@per-layer,Friendly SAM + SGD [per-layer Frob],friendly-sam-sgd,sgd,both,inf,1.0,0.05790569619934695,0.0572862754612643,0.058331454326044474,0.05793640677186336,0.0,1.4142135623707,1000
global-friendly-sam-muon@global,Global Friendly SAM-Muon [global Frob],global-friendly-sam-muon,muon,both,1.1,0.01,1.0144800901194948,0.956045214557186,1.0462080646959122,1.0006016959410426,0.0,0.00999999999999945,1000
global-friendly-sam-muon@global,Global Friendly SAM-Muon [global Frob],global-friendly-sam-muon,muon,both,1.1,0.02,1.0143812848345246,0.9559593477558563,1.0461220979776706,1.0005120511838705,0.0,0.019999999999998998,1000
global-friendly-sam-muon@global,Global Friendly SAM-Muon [global Frob],global-friendly-sam-muon,muon,both,1.1,0.05,1.0140761514362935,0.9556928989133227,1.045855054497878,1.0002341487871402,0.0,0.0499999999999976,1000
global-friendly-sam-muon@global,Global Friendly SAM-Muon [global Frob],global-friendly-sam-muon,muon,both,1.1,0.1,1.013538600721648,0.9552193719505664,1.045379560903776,0.9997411434980485,0.0,0.09999999999999526,1000
global-friendly-sam-muon@global,Global Friendly SAM-Muon [global Frob],global-friendly-sam-muon,muon,both,1.1,0.2,1.0123552817965331,0.9541623168200044,1.044314973345065,0.9986437526036085,0.0,0.19999999999999046,1000
global-friendly-sam-muon@global,Global Friendly SAM-Muon [global Frob],global-friendly-sam-muon,muon,both,1.1,0.5,1.0079516930804515,0.950122091962281,1.0402247201214048,0.9944733444321727,0.0,0.49999999999997624,1000
global-friendly-sam-muon@global,Global Friendly SAM-Muon [global Frob],global-friendly-sam-muon,muon,both,1.1,1.0,0.9978694497569752,0.9405983194070142,1.0305379087009234,0.9847177154973787,0.0,0.9999999999999525,1000
global-friendly-sam-muon@global,Global Friendly SAM-Muon [global Frob],global-friendly-sam-muon,muon,both,1.3,0.01,0.5025376572363074,0.49704181438639083,0.5098010003666555,0.505311548954888,0.0,0.00999999999999835,1000
global-friendly-sam-muon@global,Global Friendly SAM-Muon [global Frob],global-friendly-sam-muon,muon,both,1.3,0.02,0.5024689813157663,0.49698066149605735,0.5097377128942358,0.5052448923312665,0.0,0.0199999999999968,1000
global-friendly-sam-muon@global,Global Friendly SAM-Muon [global Frob],global-friendly-sam-muon,muon,both,1.3,0.05,0.5022551406781748,0.4967896728237913,0.5095391204577235,0.5050369983222587,0.0,0.049999999999992,1000
global-friendly-sam-muon@global,Global Friendly SAM-Muon [global Frob],global-friendly-sam-muon,muon,both,1.3,0.1,0.5018728029664716,0.49644631536423856,0.5091791142560123,0.5046641931308062,0.0,0.09999999999998399,1000
global-friendly-sam-muon@global,Global Friendly SAM-Muon [global Frob],global-friendly-sam-muon,muon,both,1.3,0.2,0.501011794790014,0.4956662140248574,0.5083510220553926,0.5038207669266281,0.0,0.1999999999999681,1000
global-friendly-sam-muon@global,Global Friendly SAM-Muon [global Frob],global-friendly-sam-muon,muon,both,1.3,0.5,0.49768319056449856,0.49259408177214387,0.5050235858877861,0.5005312099915926,0.0,0.4999999999999203,1000
global-friendly-sam-muon@global,Global Friendly SAM-Muon [global Frob],global-friendly-sam-muon,muon,both,1.3,1.0,0.48962853898706504,0.4851927879567818,0.4972865689097261,0.49273535227672494,0.0,0.9999999999998406,1000
global-friendly-sam-muon@global,Global Friendly SAM-Muon [global Frob],global-friendly-sam-muon,muon,both,1.6,0.01,0.23139400920264275,0.2292758053226344,0.23409572170573903,0.23137108873677614,0.0,0.009999999999995401,1000
global-friendly-sam-muon@global,Global Friendly SAM-Muon [global Frob],global-friendly-sam-muon,muon,both,1.6,0.02,0.23134933951374537,0.2292287415313417,0.23405069672944687,0.23132625168380094,0.0,0.0199999999999909,1000
global-friendly-sam-muon@global,Global Friendly SAM-Muon [global Frob],global-friendly-sam-muon,muon,both,1.6,0.05,0.2312093787014246,0.22908115947552288,0.23390983267447665,0.23118554091485566,0.0,0.0499999999999773,1000
global-friendly-sam-muon@global,Global Friendly SAM-Muon [global Frob],global-friendly-sam-muon,muon,both,1.6,0.1,0.23095638353150905,0.22881400366261623,0.23365588222900865,0.23093046866299957,0.0,0.09999999999995465,1000
global-friendly-sam-muon@global,Global Friendly SAM-Muon [global Frob],global-friendly-sam-muon,muon,both,1.6,0.2,0.2303773353413871,0.22820125351866538,0.2330770685571809,0.23034419671918194,0.0,0.19999999999990936,1000
global-friendly-sam-muon@global,Global Friendly SAM-Muon [global Frob],global-friendly-sam-muon,muon,both,1.6,0.5,0.22807764870192526,0.22576179125676482,0.23079807031923466,0.22800114391133544,0.0,0.4999999999997734,1000
global-friendly-sam-muon@global,Global Friendly SAM-Muon [global Frob],global-friendly-sam-muon,muon,both,1.6,1.0,0.2225637982116696,0.21993673776696127,0.22531627234259782,0.2223825992548994,0.0,0.9999999999995466,1000
global-friendly-sam-muon@global,Global Friendly SAM-Muon [global Frob],global-friendly-sam-muon,muon,both,2.0,0.01,0.1144373308601923,0.11066067318663017,0.11493177728768228,0.11362812581376475,0.0,0.00999999999999215,1000
global-friendly-sam-muon@global,Global Friendly SAM-Muon [global Frob],global-friendly-sam-muon,muon,both,2.0,0.02,0.11440878022570125,0.11063167122314417,0.11490392362012983,0.11360002448167421,0.0,0.0199999999999844,1000
global-friendly-sam-muon@global,Global Friendly SAM-Muon [global Frob],global-friendly-sam-muon,muon,both,2.0,0.05,0.1143191317297867,0.11054088766716022,0.11481602825287188,0.11351170460652532,0.0,0.04999999999996105,1000
global-friendly-sam-muon@global,Global Friendly SAM-Muon [global Frob],global-friendly-sam-muon,muon,both,2.0,0.1,0.1141564951496815,0.11037715404050437,0.11465519566929605,0.11335123098695213,0.0,0.09999999999992215,1000
global-friendly-sam-muon@global,Global Friendly SAM-Muon [global Frob],global-friendly-sam-muon,muon,both,2.0,0.2,0.1137825040744458,0.11000438022165945,0.1142806620337735,0.11298144653526845,0.0,0.19999999999984436,1000
global-friendly-sam-muon@global,Global Friendly SAM-Muon [global Frob],global-friendly-sam-muon,muon,both,2.0,0.5,0.11229345865668085,0.10854911638740405,0.1127574407550386,0.11150411901568277,0.0,0.49999999999961087,1000
global-friendly-sam-muon@global,Global Friendly SAM-Muon [global Frob],global-friendly-sam-muon,muon,both,2.0,1.0,0.10863229267670145,0.10519315731186843,0.10917870082738447,0.10801748476381957,0.0,0.9999999999992216,1000
global-friendly-sam-muon@global,Global Friendly SAM-Muon [global Frob],global-friendly-sam-muon,muon,both,3.0,0.01,0.0551405256522418,0.05464052628856327,0.0557382173098558,0.055163078992010284,0.0,0.009999999999987349,1000
global-friendly-sam-muon@global,Global Friendly SAM-Muon [global Frob],global-friendly-sam-muon,muon,both,3.0,0.02,0.0551247923782775,0.05462550145811803,0.055723006140129844,0.055147662658885294,0.0,0.01999999999997475,1000
global-friendly-sam-muon@global,Global Friendly SAM-Muon [global Frob],global-friendly-sam-muon,muon,both,3.0,0.05,0.055075168390746346,0.05457819985509993,0.05567506007919638,0.05509911596598777,0.0,0.049999999999937,1000
global-friendly-sam-muon@global,Global Friendly SAM-Muon [global Frob],global-friendly-sam-muon,muon,both,3.0,0.1,0.054984436236912154,0.05449202256391322,0.055587486398401095,0.055010608373214226,0.0,0.09999999999987395,1000
global-friendly-sam-muon@global,Global Friendly SAM-Muon [global Frob],global-friendly-sam-muon,muon,both,3.0,0.2,0.05477355459681495,0.054292852820775374,0.05538386465281338,0.054805672304118765,0.0,0.199999999999748,1000
global-friendly-sam-muon@global,Global Friendly SAM-Muon [global Frob],global-friendly-sam-muon,muon,both,3.0,0.5,0.0539276995579626,0.05349846006530608,0.05454262001394965,0.05398262726621634,0.0,0.49999999999937,1000
global-friendly-sam-muon@global,Global Friendly SAM-Muon [global Frob],global-friendly-sam-muon,muon,both,3.0,1.0,0.051954232796717556,0.0516464892114743,0.05251221319339605,0.05204733907608513,0.0,0.9999999999987402,1000
global-friendly-sam-muon@global,Global Friendly SAM-Muon [global Frob],global-friendly-sam-muon,muon,both,inf,0.01,0.060806965355016854,0.060255113468146076,0.061559912776775826,0.06089390560732399,0.0,0.0099999999999885,1000
global-friendly-sam-muon@global,Global Friendly SAM-Muon [global Frob],global-friendly-sam-muon,muon,both,inf,0.02,0.060791323576196196,0.06023873452521525,0.06154223659989007,0.060876964575492895,0.0,0.0199999999999771,1000
global-friendly-sam-muon@global,Global Friendly SAM-Muon [global Frob],global-friendly-sam-muon,muon,both,inf,0.05,0.060742058784526556,0.06018720883902767,0.0614867834478013,0.060823718860911175,0.0,0.0499999999999428,1000
global-friendly-sam-muon@global,Global Friendly SAM-Muon [global Frob],global-friendly-sam-muon,muon,both,inf,0.1,0.060652263578002547,0.06009344080193505,0.06138635027873762,0.060726981885406525,0.0,0.0999999999998856,1000
global-friendly-sam-muon@global,Global Friendly SAM-Muon [global Frob],global-friendly-sam-muon,muon,both,inf,0.2,0.060444629617275994,0.0598769523369568,0.06115604088508355,0.06050419693414226,0.0,0.19999999999977136,1000
global-friendly-sam-muon@global,Global Friendly SAM-Muon [global Frob],global-friendly-sam-muon,muon,both,inf,0.5,0.0596129812619999,0.0590117832776318,0.060245161965624225,0.05961695379888124,0.0,0.49999999999942824,1000
global-friendly-sam-muon@global,Global Friendly SAM-Muon [global Frob],global-friendly-sam-muon,muon,both,inf,1.0,0.0576433165052934,0.05699111260592162,0.0580211478717462,0.057538282554300046,0.0,0.9999999999988568,1000
global-friendly-sam-muon@per-layer,Global Friendly SAM-Muon [per-layer Frob],global-friendly-sam-muon,muon,both,1.1,0.01,1.014408322883488,0.9559797613895245,1.0461319148323294,1.0005288713192133,0.0,0.0141421356237296,1000
global-friendly-sam-muon@per-layer,Global Friendly SAM-Muon [per-layer Frob],global-friendly-sam-muon,muon,both,1.1,0.02,1.0142366431019059,0.9558271852129605,1.0459686361585039,1.0003652428427674,0.0,0.028284271247459247,1000
global-friendly-sam-muon@per-layer,Global Friendly SAM-Muon [per-layer Frob],global-friendly-sam-muon,muon,both,1.1,0.05,1.0137062615198038,0.9553530933792074,1.045462704489354,0.9998584562726478,0.0,0.0707106781186482,1000
global-friendly-sam-muon@per-layer,Global Friendly SAM-Muon [per-layer Frob],global-friendly-sam-muon,muon,both,1.1,0.1,1.012771333429148,0.9545085876602984,1.0445660177758422,0.9989610034617296,0.0,0.1414213562372963,1000
global-friendly-sam-muon@per-layer,Global Friendly SAM-Muon [per-layer Frob],global-friendly-sam-muon,muon,both,1.1,0.2,1.0107118600436917,0.9526173573917454,1.042573680323077,0.9969696814450513,0.0,0.2828427124745927,1000
global-friendly-sam-muon@per-layer,Global Friendly SAM-Muon [per-layer Frob],global-friendly-sam-muon,muon,both,1.1,0.5,1.003051476132099,0.9453662545826582,1.035043240940185,0.9894641459210332,0.0,0.707106781186482,1000
global-friendly-sam-muon@per-layer,Global Friendly SAM-Muon [per-layer Frob],global-friendly-sam-muon,muon,both,1.1,1.0,0.9856395615870064,0.9283947705082765,1.017664624912316,0.9722072368650575,0.0,1.414213562372964,1000
global-friendly-sam-muon@per-layer,Global Friendly SAM-Muon [per-layer Frob],global-friendly-sam-muon,muon,both,1.3,0.01,0.5024882565917667,0.4970020673792158,0.5097589029641645,0.5052672912840384,0.0,0.01414213562372705,1000
global-friendly-sam-muon@per-layer,Global Friendly SAM-Muon [per-layer Frob],global-friendly-sam-muon,muon,both,1.3,0.02,0.5023690093984778,0.49690004318473174,0.5096523374947326,0.5051552278569258,0.0,0.02828427124745415,1000
global-friendly-sam-muon@per-layer,Global Friendly SAM-Muon [per-layer Frob],global-friendly-sam-muon,muon,both,1.3,0.05,0.5019964636088212,0.49657970897607373,0.509316848717963,0.5048042416625117,0.0,0.07071067811863549,1000
global-friendly-sam-muon@per-layer,Global Friendly SAM-Muon [per-layer Frob],global-friendly-sam-muon,muon,both,1.3,0.1,0.5013265236526915,0.4959984372076389,0.5087052843846398,0.5041701970109639,0.0,0.14142135623727098,1000
global-friendly-sam-muon@per-layer,Global Friendly SAM-Muon [per-layer Frob],global-friendly-sam-muon,muon,both,1.3,0.2,0.499805515886098,0.4946597083404893,0.5072876398667626,0.5027203337874449,0.0,0.28284271247454207,1000
global-friendly-sam-muon@per-layer,Global Friendly SAM-Muon [per-layer Frob],global-friendly-sam-muon,muon,both,1.3,0.5,0.49386511440360054,0.4892793081920442,0.5015371275691037,0.4969770099187002,0.0,0.7071067811863551,1000
global-friendly-sam-muon@per-layer,Global Friendly SAM-Muon [per-layer Frob],global-friendly-sam-muon,muon,both,1.3,1.0,0.4800198545224629,0.47624308473899546,0.4875665344989195,0.48332991820089827,0.0,1.41421356237271,1000
global-friendly-sam-muon@per-layer,Global Friendly SAM-Muon [per-layer Frob],global-friendly-sam-muon,muon,both,1.6,0.01,0.23136835826888255,0.22925229564752087,0.23407091345258776,0.2313463799522582,0.0,0.01414213562372125,1000
global-friendly-sam-muon@per-layer,Global Friendly SAM-Muon [per-layer Frob],global-friendly-sam-muon,muon,both,1.6,0.02,0.23129701204234085,0.22918066780470903,0.2340000066265731,0.231275742073628,0.0,0.0282842712474425,1000
global-friendly-sam-muon@per-layer,Global Friendly SAM-Muon [per-layer Frob],global-friendly-sam-muon,muon,both,1.6,0.05,0.23107090681548148,0.22895309256590687,0.233775090004326,0.2310511107564593,0.0,0.07071067811860635,1000
global-friendly-sam-muon@per-layer,Global Friendly SAM-Muon [per-layer Frob],global-friendly-sam-muon,muon,both,1.6,0.1,0.23065420976818535,0.22853179466077522,0.23335992707502157,0.23063467668019194,0.0,0.1414213562372127,1000
global-friendly-sam-muon@per-layer,Global Friendly SAM-Muon [per-layer Frob],global-friendly-sam-muon,muon,both,1.6,0.2,0.22967448264799925,0.2275344971083181,0.23238155282402378,0.22964720316086157,0.0,0.2828427124744255,1000
global-friendly-sam-muon@per-layer,Global Friendly SAM-Muon [per-layer Frob],global-friendly-sam-muon,muon,both,1.6,0.5,0.22564358973331244,0.22338665251353143,0.2283443609607615,0.22553271736419428,0.0,0.7071067811860637,1000
global-friendly-sam-muon@per-layer,Global Friendly SAM-Muon [per-layer Frob],global-friendly-sam-muon,muon,both,1.6,1.0,0.21598814153333007,0.21341594051651172,0.21866357468895384,0.21563668678082112,0.0,1.414213562372127,1000
global-friendly-sam-muon@per-layer,Global Friendly SAM-Muon [per-layer Frob],global-friendly-sam-muon,muon,both,2.0,0.01,0.1144227019517942,0.11064569082009659,0.11491708710113638,0.11361358635977634,0.0,0.0141421356237142,1000
global-friendly-sam-muon@per-layer,Global Friendly SAM-Muon [per-layer Frob],global-friendly-sam-muon,muon,both,2.0,0.02,0.11437871561671895,0.11060097173619032,0.11487368939381398,0.11357016488840581,0.0,0.028284271247428452,1000
global-friendly-sam-muon@per-layer,Global Friendly SAM-Muon [per-layer Frob],global-friendly-sam-muon,muon,both,2.0,0.05,0.1142379619492372,0.11045868451628373,0.11473407483406547,0.1134312394340613,0.0,0.07071067811857129,1000
global-friendly-sam-muon@per-layer,Global Friendly SAM-Muon [per-layer Frob],global-friendly-sam-muon,muon,both,2.0,0.1,0.11397444547477026,0.11019497174564977,0.11447033156389819,0.11317120263978228,0.0,0.14142135623714253,1000
global-friendly-sam-muon@per-layer,Global Friendly SAM-Muon [per-layer Frob],global-friendly-sam-muon,muon,both,2.0,0.2,0.11334238366083965,0.10957212591026796,0.11382954818591712,0.11254754223387355,0.0,0.28284271247428516,1000
global-friendly-sam-muon@per-layer,Global Friendly SAM-Muon [per-layer Frob],global-friendly-sam-muon,muon,both,2.0,0.5,0.11062694291395735,0.10702752928398568,0.11119406221922104,0.1099328779486603,0.0,0.7071067811857128,1000
global-friendly-sam-muon@per-layer,Global Friendly SAM-Muon [per-layer Frob],global-friendly-sam-muon,muon,both,2.0,1.0,0.10414387038799056,0.10120983124817685,0.10493536766054923,0.10383513958891107,0.0,1.4142135623714256,1000
global-friendly-sam-muon@per-layer,Global Friendly SAM-Muon [per-layer Frob],global-friendly-sam-muon,muon,both,3.0,0.01,0.05513296565901815,0.05463375753067315,0.05573116064375315,0.055155834137262674,0.0,0.0141421356237044,1000
global-friendly-sam-muon@per-layer,Global Friendly SAM-Muon [per-layer Frob],global-friendly-sam-muon,muon,both,3.0,0.02,0.0551091909587651,0.05461153080587865,0.055708425918227375,0.055132711591789396,0.0,0.0282842712474088,1000
global-friendly-sam-muon@per-layer,Global Friendly SAM-Muon [per-layer Frob],global-friendly-sam-muon,muon,both,3.0,0.05,0.05503259307822795,0.0545400570946575,0.0556351278652047,0.055058308452476085,0.0,0.070710678118522,1000
global-friendly-sam-muon@per-layer,Global Friendly SAM-Muon [per-layer Frob],global-friendly-sam-muon,muon,both,3.0,0.1,0.054887673790374,0.054405255518631554,0.0554961424323587,0.05491778348598118,0.0,0.14142135623704405,1000
global-friendly-sam-muon@per-layer,Global Friendly SAM-Muon [per-layer Frob],global-friendly-sam-muon,muon,both,3.0,0.2,0.0545362782691642,0.05407946769833308,0.05515337978068982,0.05457710962114615,0.0,0.2828427124740881,1000
global-friendly-sam-muon@per-layer,Global Friendly SAM-Muon [per-layer Frob],global-friendly-sam-muon,muon,both,3.0,0.5,0.05306537761779235,0.052712317647834225,0.05366164685294575,0.053137107843649875,0.0,0.7071067811852203,1000
global-friendly-sam-muon@per-layer,Global Friendly SAM-Muon [per-layer Frob],global-friendly-sam-muon,muon,both,3.0,1.0,0.0498180102064255,0.049360006555348473,0.05023791788136682,0.04982422012141635,0.0,1.4142135623704402,1000
global-friendly-sam-muon@per-layer,Global Friendly SAM-Muon [per-layer Frob],global-friendly-sam-muon,muon,both,inf,0.01,0.060799678593376705,0.06024748799325633,0.06155206559994275,0.06088599853272731,0.0,0.014142135623706899,1000
global-friendly-sam-muon@per-layer,Global Friendly SAM-Muon [per-layer Frob],global-friendly-sam-muon,muon,both,inf,0.02,0.06077628536289935,0.06022303353633303,0.0615260634547104,0.06086066549218608,0.0,0.0282842712474139,1000
global-friendly-sam-muon@per-layer,Global Friendly SAM-Muon [per-layer Frob],global-friendly-sam-muon,muon,both,inf,0.05,0.06070103059171365,0.0601446059546604,0.06144278051831653,0.060779365988976194,0.0,0.07071067811853485,1000
global-friendly-sam-muon@per-layer,Global Friendly SAM-Muon [per-layer Frob],global-friendly-sam-muon,muon,both,inf,0.1,0.0605591012720236,0.05999727379951305,0.061286610912251176,0.06062649336718835,0.0,0.14142135623706986,1000
global-friendly-sam-muon@per-layer,Global Friendly SAM-Muon [per-layer Frob],global-friendly-sam-muon,muon,both,inf,0.2,0.06021631054996175,0.05964281336063192,0.06091128486442528,0.06025815496847835,0.0,0.2828427124741397,1000
global-friendly-sam-muon@per-layer,Global Friendly SAM-Muon [per-layer Frob],global-friendly-sam-muon,muon,both,inf,0.5,0.0587685999439744,0.0581636955451982,0.05929988542680223,0.05871211935186767,0.0,0.7071067811853493,1000
global-friendly-sam-muon@per-layer,Global Friendly SAM-Muon [per-layer Frob],global-friendly-sam-muon,muon,both,inf,1.0,0.055253762226218,0.05481502032877155,0.05569159904407985,0.05517113841225732,0.0,1.4142135623706986,1000
muon,Muon,muon,muon,both,1.1,,1.0145774407948909,0.95612960534902,1.0462925060596366,1.00068984447817,0.0,0.0,500
muon,Muon,muon,muon,both,1.3,,0.502605028319089,0.4971017108844955,0.5098628308332636,0.5053768824012976,0.0,0.0,500
muon,Muon,muon,muon,both,1.6,,0.23143768398838943,0.2293218010330107,0.23413977869351757,0.23141488967125076,0.0,0.0,500
muon,Muon,muon,muon,both,2.0,,0.1144652128708553,0.11068904122704057,0.11495890578003774,0.11365555492955493,0.0,0.0,500
muon,Muon,muon,muon,both,3.0,,0.055155853756197054,0.05465517781052945,0.05575304172785215,0.05517811080464334,0.0,0.0,500
muon,Muon,muon,muon,both,inf,,0.0608222139514295,0.06027109254876753,0.061577183030310324,0.0609104407135424,0.0,0.0,500
random-sam-muon@global,Random SAM-Muon [global Frob],random-sam-muon,muon,both,1.1,0.01,1.0145795954230894,0.9561279785396257,1.0462945086286324,1.000690855553177,0.0,0.0099999999999998,500
random-sam-muon@global,Random SAM-Muon [global Frob],random-sam-muon,muon,both,1.1,0.02,1.0145802924627063,0.9561248474146531,1.0462950914238351,1.0006904207124099,0.0,0.0199999999999996,500
random-sam-muon@global,Random SAM-Muon [global Frob],random-sam-muon,muon,both,1.1,0.05,1.014573638473179,0.9561064290662492,1.0462883219191328,1.0006804411905075,0.0,0.049999999999999,500
random-sam-muon@global,Random SAM-Muon [global Frob],random-sam-muon,muon,both,1.1,0.1,1.0145334031122044,0.9560456566345225,1.0462486532142365,1.000634897386638,0.0,0.0999999999999981,500
random-sam-muon@global,Random SAM-Muon [global Frob],random-sam-muon,muon,both,1.1,0.2,1.0143437093928762,0.9558114263971872,1.0460629504499694,1.000435467562378,0.0,0.1999999999999963,500
random-sam-muon@global,Random SAM-Muon [global Frob],random-sam-muon,muon,both,1.1,0.5,1.0129040395245736,0.954210999341701,1.0446581939999129,0.9989736799338031,0.0,0.49999999999999084,500
random-sam-muon@global,Random SAM-Muon [global Frob],random-sam-muon,muon,both,1.1,1.0,1.0076467392163755,0.9485997241383878,1.0395343532786323,0.9937032775610952,0.0,0.9999999999999817,500
random-sam-muon@global,Random SAM-Muon [global Frob],random-sam-muon,muon,both,1.3,0.01,0.5026007975649587,0.4970981778978966,0.5098645897380112,0.5053756488083139,0.0,0.0099999999999998,500
random-sam-muon@global,Random SAM-Muon [global Frob],random-sam-muon,muon,both,1.3,0.02,0.5025952490324777,0.4970933618864006,0.5098650127418369,0.50537307839406,0.0,0.0199999999999996,500
random-sam-muon@global,Random SAM-Muon [global Frob],random-sam-muon,muon,both,1.3,0.05,0.5025706974857385,0.4970712166018741,0.5098582671861129,0.5053573468099042,0.0,0.049999999999999045,500
random-sam-muon@global,Random SAM-Muon [global Frob],random-sam-muon,muon,both,1.3,0.1,0.5025034342992665,0.4970086604583424,0.5098203193944838,0.505304401606698,0.0,0.09999999999999815,500
random-sam-muon@global,Random SAM-Muon [global Frob],random-sam-muon,muon,both,1.3,0.2,0.5022702568910244,0.4967875146334225,0.5096444254953131,0.5050984252485764,0.0,0.19999999999999635,500
random-sam-muon@global,Random SAM-Muon [global Frob],random-sam-muon,muon,both,1.3,0.5,0.5007877712394497,0.495362075819736,0.5083232295726191,0.5036861188368329,0.0,0.49999999999999084,500
random-sam-muon@global,Random SAM-Muon [global Frob],random-sam-muon,muon,both,1.3,1.0,0.4957933369873153,0.4905313340956358,0.503564530313386,0.4987718967255311,0.0,0.9999999999999817,500
random-sam-muon@global,Random SAM-Muon [global Frob],random-sam-muon,muon,both,1.6,0.01,0.23143633348455078,0.22932241036768414,0.23413536416627856,0.23141425755529435,0.0,0.0099999999999998,500
random-sam-muon@global,Random SAM-Muon [global Frob],random-sam-muon,muon,both,1.6,0.02,0.23143392046887223,0.22932194015911056,0.2341299313688532,0.2314125589488975,0.0,0.0199999999999996,500
random-sam-muon@global,Random SAM-Muon [global Frob],random-sam-muon,muon,both,1.6,0.05,0.23142030786595041,0.2293140536944936,0.234107527191347,0.23140106609127656,0.0,0.049999999999999,500
random-sam-muon@global,Random SAM-Muon [global Frob],random-sam-muon,muon,both,1.6,0.1,0.23137639246576336,0.229279341300889,0.23404986506914224,0.23136060769996722,0.0,0.0999999999999981,500
random-sam-muon@global,Random SAM-Muon [global Frob],random-sam-muon,muon,both,1.6,0.2,0.2312092071422951,0.229129301689837,0.23385867435358546,0.23120007010753904,0.0,0.1999999999999963,500
random-sam-muon@global,Random SAM-Muon [global Frob],random-sam-muon,muon,both,1.6,0.5,0.2300836529346797,0.22804611145769302,0.2326903059115406,0.23009271345547533,0.0,0.499999999999991,500
random-sam-muon@global,Random SAM-Muon [global Frob],random-sam-muon,muon,both,1.6,1.0,0.2262709055925525,0.2242859710359641,0.2289049278544837,0.22630726283819672,0.0,0.999999999999982,500
random-sam-muon@global,Random SAM-Muon [global Frob],random-sam-muon,muon,both,2.0,0.01,0.11446563163642325,0.1106893337869671,0.11495866338841418,0.1136552206619128,0.0,0.0099999999999998,500
random-sam-muon@global,Random SAM-Muon [global Frob],random-sam-muon,muon,both,2.0,0.02,0.1144653531679215,0.11068895526607014,0.1149576667323044,0.1136541900035033,0.0,0.0199999999999996,500
random-sam-muon@global,Random SAM-Muon [global Frob],random-sam-muon,muon,both,2.0,0.05,0.11446033549664161,0.110683795793796,0.11495015095789715,0.11364692072902255,0.0,0.0499999999999991,500
random-sam-muon@global,Random SAM-Muon [global Frob],random-sam-muon,muon,both,2.0,0.1,0.11443804763042145,0.11066180879839385,0.11492254824715567,0.11362089621730467,0.0,0.0999999999999982,500
random-sam-muon@global,Random SAM-Muon [global Frob],random-sam-muon,muon,both,2.0,0.2,0.11434149773299605,0.11056795515662453,0.11481103206816534,0.11351692969343943,0.0,0.1999999999999964,500
random-sam-muon@global,Random SAM-Muon [global Frob],random-sam-muon,muon,both,2.0,0.5,0.11358180251151731,0.10990020579375642,0.11413563047477045,0.11280061979244824,0.0,0.499999999999991,500
random-sam-muon@global,Random SAM-Muon [global Frob],random-sam-muon,muon,both,2.0,1.0,0.11098174907089581,0.10764795276297046,0.11173535339974885,0.11040100513850223,0.0,0.999999999999982,500
random-sam-muon@global,Random SAM-Muon [global Frob],random-sam-muon,muon,both,3.0,0.01,0.055155710685498696,0.05465548557260305,0.05575290749306173,0.05517822244645858,0.0,0.0099999999999998,500
random-sam-muon@global,Random SAM-Muon [global Frob],random-sam-muon,muon,both,3.0,0.02,0.055155156951367995,0.05465541543052617,0.0557523645470352,0.05517794143202778,0.0,0.0199999999999996,500
random-sam-muon@global,Random SAM-Muon [global Frob],random-sam-muon,muon,both,3.0,0.05,0.0551510443543987,0.054652935015515124,0.05574828838990983,0.055174747157854566,0.0,0.049999999999999045,500
random-sam-muon@global,Random SAM-Muon [global Frob],random-sam-muon,muon,both,3.0,0.1,0.05513609700522095,0.05464122582182405,0.055733369767321544,0.055161619635690176,0.0,0.09999999999999815,500
random-sam-muon@global,Random SAM-Muon [global Frob],random-sam-muon,muon,both,3.0,0.2,0.05507637103067775,0.05458943399739855,0.05567334147662027,0.05510639960620011,0.0,0.19999999999999635,500
random-sam-muon@global,Random SAM-Muon [global Frob],random-sam-muon,muon,both,3.0,0.5,0.0546627321822904,0.05421249683956423,0.05525881640927913,0.05471603720039065,0.0,0.4999999999999909,500
random-sam-muon@global,Random SAM-Muon [global Frob],random-sam-muon,muon,both,3.0,1.0,0.05326978311889995,0.052940270641814176,0.05388232332430065,0.0534070291812537,0.0,0.9999999999999818,500
random-sam-muon@global,Random SAM-Muon [global Frob],random-sam-muon,muon,both,inf,0.01,0.06082293396279995,0.0602704478198949,0.06157566228902282,0.060909769115936006,0.0,0.0099999999999998,500
random-sam-muon@global,Random SAM-Muon [global Frob],random-sam-muon,muon,both,inf,0.02,0.06082326850446905,0.0602693899239788,0.061573731247310554,0.06090868525338788,0.0,0.0199999999999996,500
random-sam-muon@global,Random SAM-Muon [global Frob],random-sam-muon,muon,both,inf,0.05,0.060821961843032346,0.06026373979790198,0.061565477069089505,0.060902962761415,0.0,0.049999999999999,500
random-sam-muon@global,Random SAM-Muon [global Frob],random-sam-muon,muon,both,inf,0.1,0.06081210207708585,0.06024609185356027,0.061543527756159754,0.06088521104949793,0.0,0.0999999999999981,500
random-sam-muon@global,Random SAM-Muon [global Frob],random-sam-muon,muon,both,inf,0.2,0.0607637690818313,0.0601802248009476,0.061469086412889125,0.0608191547349705,0.0,0.1999999999999963,500
random-sam-muon@global,Random SAM-Muon [global Frob],random-sam-muon,muon,both,inf,0.5,0.06039551698687255,0.0597492341416392,0.06100987638075207,0.06038539045840024,0.0,0.49999999999999095,500
random-sam-muon@global,Random SAM-Muon [global Frob],random-sam-muon,muon,both,inf,1.0,0.05910487718609225,0.0583739684767504,0.059515650361896474,0.0589769477280674,0.0,0.9999999999999819,500
random-sam-muon@per-layer,Random SAM-Muon [per-layer Frob],random-sam-muon,muon,both,1.1,0.01,1.0145798116206215,0.9561269813089223,1.046296232841898,1.0006911267597225,0.0,0.0141421356237305,500
random-sam-muon@per-layer,Random SAM-Muon [per-layer Frob],random-sam-muon,muon,both,1.1,0.02,1.0145795691007093,0.9561216341968598,1.0462973911587468,1.0006898048307216,0.0,0.0282842712474611,500
random-sam-muon@per-layer,Random SAM-Muon [per-layer Frob],random-sam-muon,muon,both,1.1,0.05,1.0145631623170754,0.956089256482317,1.046285457528899,1.0006702149786768,0.0,0.0707106781186528,500
random-sam-muon@per-layer,Random SAM-Muon [per-layer Frob],random-sam-muon,muon,both,1.1,0.1,1.0144835666749439,0.9559808591782963,1.0462142267850156,1.0005854999501937,0.0,0.14142135623730565,500
random-sam-muon@per-layer,Random SAM-Muon [per-layer Frob],random-sam-muon,muon,both,1.1,0.2,1.0141286456451046,0.9555601977780803,1.0458794933791742,1.0002210473948212,0.0,0.28284271247461135,500
random-sam-muon@per-layer,Random SAM-Muon [per-layer Frob],random-sam-muon,muon,both,1.1,0.5,1.0115079604066184,0.9526781029367443,1.0433474933200133,0.9975774791534957,0.0,0.7071067811865284,500
random-sam-muon@per-layer,Random SAM-Muon [per-layer Frob],random-sam-muon,muon,both,1.1,1.0,1.0020928021546442,0.9426181512873022,1.0341709835816109,0.9881415776908231,0.0,1.4142135623730567,500
random-sam-muon@per-layer,Random SAM-Muon [per-layer Frob],random-sam-muon,muon,both,1.3,0.01,0.5025992782274488,0.49709604251328454,0.5098635979918388,0.5053745995251333,0.0,0.0141421356237305,500
random-sam-muon@per-layer,Random SAM-Muon [per-layer Frob],random-sam-muon,muon,both,1.3,0.02,0.5025909723461209,0.49708790669781844,0.5098618767730265,0.5053697796856613,0.0,0.0282842712474611,500
random-sam-muon@per-layer,Random SAM-Muon [per-layer Frob],random-sam-muon,muon,both,1.3,0.05,0.5025507219400065,0.4970486977957801,0.5098417869964708,0.5053401005570362,0.0,0.0707106781186528,500
random-sam-muon@per-layer,Random SAM-Muon [per-layer Frob],random-sam-muon,muon,both,1.3,0.1,0.5024325596837556,0.4969340481351958,0.5097585933871007,0.5052399349287415,0.0,0.1414213562373057,500
random-sam-muon@per-layer,Random SAM-Muon [per-layer Frob],random-sam-muon,muon,both,1.3,0.2,0.50200519452413,0.49652039030527345,0.5094063718751891,0.504849977600432,0.0,0.2828427124746114,500
random-sam-muon@per-layer,Random SAM-Muon [per-layer Frob],random-sam-muon,muon,both,1.3,0.5,0.49921819698904524,0.4938271832877227,0.5068872758102633,0.5021860792482146,0.0,0.7071067811865284,500
random-sam-muon@per-layer,Random SAM-Muon [per-layer Frob],random-sam-muon,muon,both,1.3,1.0,0.48987734794823656,0.4847981554573345,0.49812731517535525,0.4930771156026273,0.0,1.4142135623730567,500
random-sam-muon@per-layer,Random SAM-Muon [per-layer Frob],random-sam-muon,muon,both,1.6,0.01,0.23143616613691195,0.2293222886880446,0.23413288473870486,0.2314137378794856,0.0,0.0141421356237305,500
random-sam-muon@per-layer,Random SAM-Muon [per-layer Frob],random-sam-muon,muon,both,1.6,0.02,0.2314325139121109,0.2293205982293633,0.23412387157822956,0.2314103978882161,0.0,0.0282842712474611,500
random-sam-muon@per-layer,Random SAM-Muon [per-layer Frob],random-sam-muon,muon,both,1.6,0.05,0.2314087528640663,0.22930246519768824,0.23408413089187025,0.23138725486384637,0.0,0.0707106781186528,500
random-sam-muon@per-layer,Random SAM-Muon [per-layer Frob],random-sam-muon,muon,both,1.6,0.1,0.23132651740068844,0.22922879058275536,0.2339756787522049,0.2313050155495094,0.0,0.1414213562373057,500
random-sam-muon@per-layer,Random SAM-Muon [per-layer Frob],random-sam-muon,muon,both,1.6,0.2,0.23100304164396102,0.22891975437115014,0.2336018509347104,0.23097790326222564,0.0,0.2828427124746115,500
random-sam-muon@per-layer,Random SAM-Muon [per-layer Frob],random-sam-muon,muon,both,1.6,0.5,0.2288031502068567,0.22675256913438321,0.23127606011375837,0.2287442267475001,0.0,0.7071067811865288,500
random-sam-muon@per-layer,Random SAM-Muon [per-layer Frob],random-sam-muon,muon,both,1.6,1.0,0.2215995992616197,0.21961806701334843,0.2239711993034998,0.22145066610776235,0.0,1.4142135623730576,500
random-sam-muon@per-layer,Random SAM-Muon [per-layer Frob],random-sam-muon,muon,both,2.0,0.01,0.1144652141336728,0.11068893898167781,0.11495801681619708,0.11365460791757534,0.0,0.0141421356237305,500
random-sam-muon@per-layer,Random SAM-Muon [per-layer Frob],random-sam-muon,muon,both,2.0,0.02,0.1144636891784703,0.1106873844779248,0.11495549522047398,0.11365215937510573,0.0,0.0282842712474611,500
random-sam-muon@per-layer,Random SAM-Muon [per-layer Frob],random-sam-muon,muon,both,2.0,0.05,0.1144499651673132,0.11067401586012528,0.1149381388503328,0.11363580999482517,0.0,0.0707106781186528,500
random-sam-muon@per-layer,Random SAM-Muon [per-layer Frob],random-sam-muon,muon,both,2.0,0.1,0.11439668985487915,0.11062282160923578,0.11487665510654071,0.1135786284454384,0.0,0.1414213562373057,500
random-sam-muon@per-layer,Random SAM-Muon [per-layer Frob],random-sam-muon,muon,both,2.0,0.2,0.11416699942312625,0.11041353089606022,0.11464871148800462,0.11335327593495229,0.0,0.2828427124746114,500
random-sam-muon@per-layer,Random SAM-Muon [per-layer Frob],random-sam-muon,muon,both,2.0,0.5,0.11251625457623071,0.10899229115879258,0.11323271411420185,0.11184389003403408,0.0,0.7071067811865286,500
random-sam-muon@per-layer,Random SAM-Muon [per-layer Frob],random-sam-muon,muon,both,2.0,1.0,0.10740682726903239,0.10461027416425323,0.10859628159807552,0.10718154969537566,0.0,1.4142135623730572,500
random-sam-muon@per-layer,Random SAM-Muon [per-layer Frob],random-sam-muon,muon,both,3.0,0.01,0.055155711067633395,0.0546555381943599,0.055752410035001004,0.055178175918154285,0.0,0.0141421356237305,500
random-sam-muon@per-layer,Random SAM-Muon [per-layer Frob],random-sam-muon,muon,both,3.0,0.02,0.05515467812152185,0.05465507075538485,0.0557508771096705,0.055177378035704855,0.0,0.0282842712474611,500
random-sam-muon@per-layer,Random SAM-Muon [per-layer Frob],random-sam-muon,muon,both,3.0,0.05,0.0551462769099621,0.05464868985946333,0.05574088773584755,0.055169822047973466,0.0,0.0707106781186528,500
random-sam-muon@per-layer,Random SAM-Muon [per-layer Frob],random-sam-muon,muon,both,3.0,0.1,0.055114839247542305,0.05462143047263835,0.055706390242994244,0.05514014332280871,0.0,0.1414213562373057,500
random-sam-muon@per-layer,Random SAM-Muon [per-layer Frob],random-sam-muon,muon,both,3.0,0.2,0.0549878358457866,0.0545049380398212,0.05557158696966942,0.05501784871456247,0.0,0.2828427124746115,500
random-sam-muon@per-layer,Random SAM-Muon [per-layer Frob],random-sam-muon,muon,both,3.0,0.5,0.05411452366013355,0.05369526358222418,0.05468021820804692,0.05418208196512069,0.0,0.7071067811865287,500
random-sam-muon@per-layer,Random SAM-Muon [per-layer Frob],random-sam-muon,muon,both,3.0,1.0,0.05156830582570855,0.05121855504827498,0.05206718906834312,0.05168911540126854,0.0,1.4142135623730574,500
random-sam-muon@per-layer,Random SAM-Muon [per-layer Frob],random-sam-muon,muon,both,inf,0.01,0.06082303717902545,0.06026977252825625,0.06157465054178082,0.0609090884869461,0.0,0.0141421356237305,500
random-sam-muon@per-layer,Random SAM-Muon [per-layer Frob],random-sam-muon,muon,both,inf,0.02,0.0608230245727576,0.060267576522924124,0.06157122352928163,0.06090683270233298,0.0,0.0282842712474611,500
random-sam-muon@per-layer,Random SAM-Muon [per-layer Frob],random-sam-muon,muon,both,inf,0.05,0.06081798147522295,0.06025574684328778,0.061555577607431924,0.060894656023535464,0.0,0.0707106781186528,500
random-sam-muon@per-layer,Random SAM-Muon [per-layer Frob],random-sam-muon,muon,both,inf,0.1,0.060792964160476554,0.0602186850224719,0.061511674463240795,0.06085643624563936,0.0,0.1414213562373057,500
random-sam-muon@per-layer,Random SAM-Muon [per-layer Frob],random-sam-muon,muon,both,inf,0.2,0.06068137390236095,0.060081017726131544,0.061358070895356775,0.06071403932496436,0.0,0.2828427124746114,500
random-sam-muon@per-layer,Random SAM-Muon [per-layer Frob],random-sam-muon,muon,both,inf,0.5,0.05987834145465075,0.059211376969842876,0.060407184766792174,0.059803859841781735,0.0,0.7071067811865287,500
random-sam-muon@per-layer,Random SAM-Muon [per-layer Frob],random-sam-muon,muon,both,inf,1.0,0.05730876030821625,0.0567105073807032,0.057626375508720025,0.05713143783155965,0.0,1.4142135623730574,500
sam-adam@global,SAM + AdamW [global Frob],sam-adam,adam,added,1.1,0.01,0.3822207072444279,0.3759729516405826,0.3880411882243748,0.38112168148642656,0.0,0.00999999999999945,1000
sam-adam@global,SAM + AdamW [global Frob],sam-adam,adam,added,1.1,0.02,0.382225443352345,0.37596136352443327,0.38803765313357474,0.3811134322843587,0.0,0.01999999999999895,1000
sam-adam@global,SAM + AdamW [global Frob],sam-adam,adam,added,1.1,0.05,0.38225541854193656,0.37592231306036394,0.38804846088429557,0.38112064154686154,0.0,0.049999999999997505,1000
sam-adam@global,SAM + AdamW [global Frob],sam-adam,adam,added,1.1,0.1,0.38222590986842686,0.3758846935823543,0.3880329174672631,0.38109209536688504,0.0,0.09999999999999501,1000
sam-adam@global,SAM + AdamW [global Frob],sam-adam,adam,added,1.1,0.2,0.38218686822148173,0.37576247328907453,0.3880115435885859,0.38103927287068096,0.0,0.19999999999999007,1000
sam-adam@global,SAM + AdamW [global Frob],sam-adam,adam,added,1.1,0.5,0.38185881200195626,0.375247978866752,0.3877383389250552,0.3806956124458838,0.0,0.49999999999997535,1000
sam-adam@global,SAM + AdamW [global Frob],sam-adam,adam,added,1.1,1.0,0.38088451666919804,0.37402151820689433,0.3864941498101972,0.37961049771533845,0.0,0.9999999999999505,1000
sam-adam@global,SAM + AdamW [global Frob],sam-adam,adam,added,1.3,0.01,0.2733471021908628,0.2698432695961746,0.27544621165601896,0.2732329585046823,0.0,0.00999999999999815,1000
sam-adam@global,SAM + AdamW [global Frob],sam-adam,adam,added,1.3,0.02,0.27334372831974824,0.2698330461178589,0.2754323042570106,0.273228013299985,0.0,0.0199999999999963,1000
sam-adam@global,SAM + AdamW [global Frob],sam-adam,adam,added,1.3,0.05,0.273323706788123,0.2697889351983254,0.2753826937130045,0.2731952436248638,0.0,0.0499999999999908,1000
sam-adam@global,SAM + AdamW [global Frob],sam-adam,adam,added,1.3,0.1,0.2732623266060726,0.2696859839880962,0.2753568309813399,0.2731396402154407,0.0,0.0999999999999817,1000
sam-adam@global,SAM + AdamW [global Frob],sam-adam,adam,added,1.3,0.2,0.2731062134671894,0.26951180860920115,0.2753045664492563,0.2730165390100441,0.0,0.19999999999996337,1000
sam-adam@global,SAM + AdamW [global Frob],sam-adam,adam,added,1.3,0.5,0.27256270480380135,0.2688115606081938,0.2747563769901728,0.27241196367852993,0.0,0.49999999999990846,1000
sam-adam@global,SAM + AdamW [global Frob],sam-adam,adam,added,1.3,1.0,0.27090105285584465,0.26701997009786577,0.2731785431918834,0.2707468274377373,0.0,0.9999999999998173,1000
sam-adam@global,SAM + AdamW [global Frob],sam-adam,adam,added,1.6,0.01,0.19043011264513526,0.1887559650813086,0.19183563807865742,0.1900557919917905,0.0,0.0099999999999956,1000
sam-adam@global,SAM + AdamW [global Frob],sam-adam,adam,added,1.6,0.02,0.1904099691938683,0.18873950616721671,0.19182391809008564,0.19004266785945162,0.0,0.01999999999999125,1000
sam-adam@global,SAM + AdamW [global Frob],sam-adam,adam,added,1.6,0.05,0.19035686263510931,0.18868983113440838,0.19177826140175144,0.1899918176392675,0.0,0.0499999999999783,1000
sam-adam@global,SAM + AdamW [global Frob],sam-adam,adam,added,1.6,0.1,0.19024140773664494,0.1886124467753528,0.19168805392652108,0.1898986391181585,0.0,0.09999999999995665,1000
sam-adam@global,SAM + AdamW [global Frob],sam-adam,adam,added,1.6,0.2,0.19003006271293604,0.18840975065569215,0.1914788494383572,0.18969129017738467,0.0,0.19999999999991336,1000
sam-adam@global,SAM + AdamW [global Frob],sam-adam,adam,added,1.6,0.5,0.18913129676147855,0.18748806832441584,0.19062809642235962,0.18880852696040135,0.0,0.49999999999978345,1000
sam-adam@global,SAM + AdamW [global Frob],sam-adam,adam,added,1.6,1.0,0.18682552411807252,0.18515803722482957,0.18840213914802248,0.18657060822195853,0.0,0.9999999999995668,1000
sam-adam@global,SAM + AdamW [global Frob],sam-adam,adam,added,2.0,0.01,0.1397038809474275,0.13907221062216008,0.14131016418001258,0.1403332590320146,0.0,0.00999999999999255,1000
sam-adam@global,SAM + AdamW [global Frob],sam-adam,adam,added,2.0,0.02,0.1396841978769027,0.13904595065444927,0.1413001987489925,0.14031644736787008,0.0,0.019999999999985148,1000
sam-adam@global,SAM + AdamW [global Frob],sam-adam,adam,added,2.0,0.05,0.1396314504959812,0.138995075667882,0.1412471123022636,0.14026411455125726,0.0,0.0499999999999629,1000
sam-adam@global,SAM + AdamW [global Frob],sam-adam,adam,added,2.0,0.1,0.13952826188971326,0.13887826279225068,0.14116334571571432,0.14015709782313343,0.0,0.09999999999992584,1000
sam-adam@global,SAM + AdamW [global Frob],sam-adam,adam,added,2.0,0.2,0.13928460092613235,0.13865184403983352,0.1409446357983296,0.13992759902327007,0.0,0.19999999999985185,1000
sam-adam@global,SAM + AdamW [global Frob],sam-adam,adam,added,2.0,0.5,0.13833052234391097,0.13776073569736685,0.1400667368331322,0.13901060442070629,0.0,0.49999999999962963,1000
sam-adam@global,SAM + AdamW [global Frob],sam-adam,adam,added,2.0,1.0,0.13600900498672225,0.1355981253190427,0.1378470407808213,0.13677853757016675,0.0,0.999999999999259,1000
sam-adam@global,SAM + AdamW [global Frob],sam-adam,adam,added,3.0,0.01,0.09862923540668925,0.0978642740392075,0.09955710814161207,0.09860853141685649,0.0,0.00999999999998835,1000
sam-adam@global,SAM + AdamW [global Frob],sam-adam,adam,added,3.0,0.02,0.09862224947029424,0.09785404402647185,0.09954237920342575,0.09859943812748839,0.0,0.01999999999997675,1000
sam-adam@global,SAM + AdamW [global Frob],sam-adam,adam,added,3.0,0.05,0.09859505413339695,0.09782403050647512,0.0995173642741647,0.09857696395352733,0.0,0.049999999999942,1000
sam-adam@global,SAM + AdamW [global Frob],sam-adam,adam,added,3.0,0.1,0.09855233714276865,0.09775313785399198,0.09947401001415905,0.09852872412443572,0.0,0.099999999999884,1000
sam-adam@global,SAM + AdamW [global Frob],sam-adam,adam,added,3.0,0.2,0.0984300824490183,0.09763162674127947,0.09938607468952354,0.09841982187080951,0.0,0.19999999999976814,1000
sam-adam@global,SAM + AdamW [global Frob],sam-adam,adam,added,3.0,0.5,0.09786472822320295,0.09711423349574236,0.09882736669771777,0.09788327978498608,0.0,0.4999999999994202,1000
sam-adam@global,SAM + AdamW [global Frob],sam-adam,adam,added,3.0,1.0,0.09638110883504569,0.09572176625924525,0.09736354973996406,0.09648978909786553,0.0,0.9999999999988403,1000
sam-adam@global,SAM + AdamW [global Frob],sam-adam,adam,added,inf,0.01,0.10898073940266659,0.10657246929570394,0.10922800562063233,0.10818839130110774,0.0,0.00999999999998945,1000
sam-adam@global,SAM + AdamW [global Frob],sam-adam,adam,added,inf,0.02,0.108968473082112,0.10656688019678358,0.1092199557839931,0.10817862015194495,0.0,0.01999999999997895,1000
sam-adam@global,SAM + AdamW [global Frob],sam-adam,adam,added,inf,0.05,0.10891099192234975,0.10652268167475115,0.10918658405775365,0.10813331915092231,0.0,0.04999999999994735,1000
sam-adam@global,SAM + AdamW [global Frob],sam-adam,adam,added,inf,0.1,0.10884138394698765,0.10646232199942243,0.1091220344090107,0.10805983051410176,0.0,0.09999999999989476,1000
sam-adam@global,SAM + AdamW [global Frob],sam-adam,adam,added,inf,0.2,0.1086666634894975,0.10630181496250245,0.1089518292251208,0.10788532486316205,0.0,0.19999999999978957,1000
sam-adam@global,SAM + AdamW [global Frob],sam-adam,adam,added,inf,0.5,0.10790584000095246,0.10553014435383468,0.10815061139274862,0.10711956416577177,0.0,0.49999999999947403,1000
sam-adam@global,SAM + AdamW [global Frob],sam-adam,adam,added,inf,1.0,0.10595142136058794,0.10370443670780623,0.1061953973560398,0.10521994128733944,0.0,0.999999999998948,1000
sam-adam@per-layer,SAM + AdamW [per-layer Frob],sam-adam,adam,added,1.1,0.01,0.3822234077885594,0.3759706972507646,0.388037371692691,0.38111836854651776,0.0,0.01414213562372935,1000
sam-adam@per-layer,SAM + AdamW [per-layer Frob],sam-adam,adam,added,1.1,0.02,0.3822316350222884,0.3759565474552896,0.3880349570872465,0.3811173054397143,0.0,0.028284271247458748,1000
sam-adam@per-layer,SAM + AdamW [per-layer Frob],sam-adam,adam,added,1.1,0.05,0.3821823237482258,0.37590699116152415,0.3880246803799219,0.3810964811636342,0.0,0.07071067811864695,1000
sam-adam@per-layer,SAM + AdamW [per-layer Frob],sam-adam,adam,added,1.1,0.1,0.38217756656385127,0.37585044138867335,0.3880336033427914,0.38106564634127993,0.0,0.14142135623729396,1000
sam-adam@per-layer,SAM + AdamW [per-layer Frob],sam-adam,adam,added,1.1,0.2,0.3821072380435334,0.37569542748086177,0.3879438426812931,0.38097733045014914,0.0,0.28284271247458803,1000
sam-adam@per-layer,SAM + AdamW [per-layer Frob],sam-adam,adam,added,1.1,0.5,0.38152460509897457,0.37490118864399,0.38732710213913535,0.3803650546134332,0.0,0.70710678118647,1000
sam-adam@per-layer,SAM + AdamW [per-layer Frob],sam-adam,adam,added,1.1,1.0,0.3798744815701569,0.3729411128603326,0.3852145564839066,0.37855461036598664,0.0,1.41421356237294,1000
sam-adam@per-layer,SAM + AdamW [per-layer Frob],sam-adam,adam,added,1.3,0.01,0.27334451152084793,0.2698368775966822,0.2754292754932889,0.2732276503486579,0.0,0.01414213562372595,1000
sam-adam@per-layer,SAM + AdamW [per-layer Frob],sam-adam,adam,added,1.3,0.02,0.2733383912983536,0.2698128719184999,0.27540444461761504,0.27321502502615685,0.0,0.0282842712474519,1000
sam-adam@per-layer,SAM + AdamW [per-layer Frob],sam-adam,adam,added,1.3,0.05,0.2732758963554937,0.26971814198140004,0.27535975059043627,0.2731525124668807,0.0,0.07071067811862985,1000
sam-adam@per-layer,SAM + AdamW [per-layer Frob],sam-adam,adam,added,1.3,0.1,0.2731738394298611,0.26960868875889427,0.2753268791478328,0.2730643987757523,0.0,0.1414213562372597,1000
sam-adam@per-layer,SAM + AdamW [per-layer Frob],sam-adam,adam,added,1.3,0.2,0.2729128354056932,0.2693080296030616,0.2751376459062696,0.27283144121499797,0.0,0.2828427124745194,1000
sam-adam@per-layer,SAM + AdamW [per-layer Frob],sam-adam,adam,added,1.3,0.5,0.2718858972823506,0.26812620899651934,0.2741305154262307,0.2717444310461111,0.0,0.7071067811862988,1000
sam-adam@per-layer,SAM + AdamW [per-layer Frob],sam-adam,adam,added,1.3,1.0,0.26920157762593294,0.2650738060703136,0.2714802779460035,0.2689678756860152,0.0,1.4142135623725975,1000
sam-adam@per-layer,SAM + AdamW [per-layer Frob],sam-adam,adam,added,1.6,0.01,0.19042197835225524,0.18874765320590559,0.1918293110005891,0.19005023481994354,0.0,0.01414213562372155,1000
sam-adam@per-layer,SAM + AdamW [per-layer Frob],sam-adam,adam,added,1.6,0.02,0.190390587504997,0.18871379275059352,0.19180526379931478,0.19002306068210864,0.0,0.02828427124744315,1000
sam-adam@per-layer,SAM + AdamW [per-layer Frob],sam-adam,adam,added,1.6,0.05,0.19030811319093854,0.1886435583635867,0.1917350298700444,0.1899439492428222,0.0,0.07071067811860796,1000
sam-adam@per-layer,SAM + AdamW [per-layer Frob],sam-adam,adam,added,1.6,0.1,0.19014176398912908,0.18851420532755447,0.1915968833379692,0.1897979844185051,0.0,0.141421356237216,1000
sam-adam@per-layer,SAM + AdamW [per-layer Frob],sam-adam,adam,added,1.6,0.2,0.18981405680823404,0.18814923086154833,0.19127706112872672,0.1894641178446294,0.0,0.282842712474432,1000
sam-adam@per-layer,SAM + AdamW [per-layer Frob],sam-adam,adam,added,1.6,0.5,0.18828755781197784,0.18655046607222092,0.1898163403234532,0.18795572705189745,0.0,0.7071067811860801,1000
sam-adam@per-layer,SAM + AdamW [per-layer Frob],sam-adam,adam,added,1.6,1.0,0.18462883671061908,0.18266210812457864,0.1861072676267722,0.18426115499441165,0.0,1.4142135623721597,1000
sam-adam@per-layer,SAM + AdamW [per-layer Frob],sam-adam,adam,added,2.0,0.01,0.13969043403315418,0.1390617213837154,0.14130484777082042,0.14032454615262138,0.0,0.014142135623715201,1000
sam-adam@per-layer,SAM + AdamW [per-layer Frob],sam-adam,adam,added,2.0,0.02,0.1396671240015171,0.13903715571397687,0.14129488535730275,0.1403026886826702,0.0,0.0282842712474305,1000
sam-adam@per-layer,SAM + AdamW [per-layer Frob],sam-adam,adam,added,2.0,0.05,0.13958516562571882,0.138949040592322,0.14120843061342184,0.14021763524149378,0.0,0.0707106781185763,1000
sam-adam@per-layer,SAM + AdamW [per-layer Frob],sam-adam,adam,added,2.0,0.1,0.13943938921203253,0.13880313675473013,0.1410660730258489,0.1400681892247543,0.0,0.1414213562371526,1000
sam-adam@per-layer,SAM + AdamW [per-layer Frob],sam-adam,adam,added,2.0,0.2,0.1390481093781856,0.1384349463576643,0.14074878298283186,0.1397011651233835,0.0,0.2828427124743053,1000
sam-adam@per-layer,SAM + AdamW [per-layer Frob],sam-adam,adam,added,2.0,0.5,0.1374908945980422,0.1369181221328464,0.13923066876489953,0.13815831690370967,0.0,0.7071067811857632,1000
sam-adam@per-layer,SAM + AdamW [per-layer Frob],sam-adam,adam,added,2.0,1.0,0.13389660083967136,0.13325305041936591,0.13555833058409603,0.1345438098125784,0.0,1.4142135623715268,1000
sam-adam@per-layer,SAM + AdamW [per-layer Frob],sam-adam,adam,added,3.0,0.01,0.09862736410191006,0.09786106320959753,0.09955575073491973,0.09860691609598471,0.0,0.01414213562370655,1000
sam-adam@per-layer,SAM + AdamW [per-layer Frob],sam-adam,adam,added,3.0,0.02,0.0986142993439299,0.09784615991512102,0.09953265413723142,0.0985931429627864,0.0,0.0282842712474131,1000
sam-adam@per-layer,SAM + AdamW [per-layer Frob],sam-adam,adam,added,3.0,0.05,0.09857301625987175,0.0978038337362988,0.09949047126705247,0.09855777264859772,0.0,0.07071067811853285,1000
sam-adam@per-layer,SAM + AdamW [per-layer Frob],sam-adam,adam,added,3.0,0.1,0.09850585196134459,0.09771477663858665,0.09945135984812364,0.0984930655078604,0.0,0.1414213562370658,1000
sam-adam@per-layer,SAM + AdamW [per-layer Frob],sam-adam,adam,added,3.0,0.2,0.09830444241769655,0.09751925047264373,0.09924496696255292,0.09830030196083922,0.0,0.2828427124741316,1000
sam-adam@per-layer,SAM + AdamW [per-layer Frob],sam-adam,adam,added,3.0,0.5,0.09729148819953545,0.09659282105456435,0.09828256373662872,0.09734988034516273,0.0,0.7071067811853289,1000
sam-adam@per-layer,SAM + AdamW [per-layer Frob],sam-adam,adam,added,3.0,1.0,0.09499321584765895,0.09425777243280939,0.09599058656152568,0.09512023207012832,0.0,1.4142135623706582,1000
sam-adam@per-layer,SAM + AdamW [per-layer Frob],sam-adam,adam,added,inf,0.01,0.1089767752523262,0.10657219597203188,0.10922638964199957,0.10818582743523343,0.0,0.01414213562370885,1000
sam-adam@per-layer,SAM + AdamW [per-layer Frob],sam-adam,adam,added,inf,0.02,0.10895241590024235,0.10655959031068733,0.10920817717563228,0.10816657492669642,0.0,0.0282842712474177,1000
sam-adam@per-layer,SAM + AdamW [per-layer Frob],sam-adam,adam,added,inf,0.05,0.10887656683336219,0.10649384932540179,0.10916876304074075,0.10810592120951465,0.0,0.0707106781185443,1000
sam-adam@per-layer,SAM + AdamW [per-layer Frob],sam-adam,adam,added,inf,0.1,0.1087730793460655,0.10640016474588802,0.10905396128289598,0.10799135246000849,0.0,0.14142135623708865,1000
sam-adam@per-layer,SAM + AdamW [per-layer Frob],sam-adam,adam,added,inf,0.2,0.1084882090752822,0.10613488981056132,0.1087786601124725,0.10771616021471522,0.0,0.28284271247417736,1000
sam-adam@per-layer,SAM + AdamW [per-layer Frob],sam-adam,adam,added,inf,0.5,0.1071914498720897,0.10484541623994398,0.10745705253256352,0.1064231331376819,0.0,0.7071067811854433,1000
sam-adam@per-layer,SAM + AdamW [per-layer Frob],sam-adam,adam,added,inf,1.0,0.10407042247700174,0.10193703999653114,0.10439335379682772,0.10340950232705834,0.0,1.4142135623708865,1000
sam-muon@global,SAM-Muon [global Frob],sam-muon,muon,atlas_opt,1.1,0.01,1.0144712226847457,0.9560291042567927,1.046187581689145,1.000587292238164,0.0,0.00999999999999945,1000
sam-muon@global,SAM-Muon [global Frob],sam-muon,muon,atlas_opt,1.1,0.02,1.0143635502221926,0.9559271068634217,1.0460811777229706,1.0004832675447761,0.0,0.01999999999999895,1000
sam-muon@global,SAM-Muon [global Frob],sam-muon,muon,atlas_opt,1.1,0.05,1.0140318202588812,0.9556121511338164,1.0457531024539257,1.0001623728601081,0.0,0.049999999999997505,1000
sam-muon@global,SAM-Muon [global Frob],sam-muon,muon,atlas_opt,1.1,0.1,1.013449978642348,0.9550574344613996,1.0451768534889263,0.9995982334939882,0.0,0.09999999999999501,1000
sam-muon@global,SAM-Muon [global Frob],sam-muon,muon,atlas_opt,1.1,0.2,1.0121783615562208,0.953836982463653,1.0439145856650192,0.9983607117069759,0.0,0.1999999999999901,1000
sam-muon@global,SAM-Muon [global Frob],sam-muon,muon,atlas_opt,1.1,0.5,1.0075148817275874,0.9493031285838086,1.0392652564707026,0.9937896645459737,0.0,0.49999999999997524,1000
sam-muon@global,SAM-Muon [global Frob],sam-muon,muon,atlas_opt,1.1,1.0,0.9970333945975296,0.9389647002464586,1.0287682815225199,0.9834345192615294,0.0,0.9999999999999503,1000
sam-muon@global,SAM-Muon [global Frob],sam-muon,muon,atlas_opt,1.3,0.01,0.5025193242329697,0.49701718759750346,0.5097779891951773,0.5052875950059996,0.0,0.00999999999999815,1000
sam-muon@global,SAM-Muon [global Frob],sam-muon,muon,atlas_opt,1.3,0.02,0.5024323243517511,0.49693143584106997,0.5096918280641591,0.5051970140971617,0.0,0.0199999999999963,1000
sam-muon@global,SAM-Muon [global Frob],sam-muon,muon,atlas_opt,1.3,0.05,0.5021635738442138,0.49666683290579944,0.5094254520210315,0.5049175347954522,0.0,0.0499999999999908,1000
sam-muon@global,SAM-Muon [global Frob],sam-muon,muon,atlas_opt,1.3,0.1,0.5016899687257514,0.49620147926406577,0.5089553335507229,0.5044260992617036,0.0,0.0999999999999817,1000
sam-muon@global,SAM-Muon [global Frob],sam-muon,muon,atlas_opt,1.3,0.2,0.5006476174105353,0.49518060409580295,0.5079181948659341,0.5033482976419051,0.0,0.1999999999999634,1000
sam-muon@global,SAM-Muon [global Frob],sam-muon,muon,atlas_opt,1.3,0.5,0.49678676021947754,0.4914225123634856,0.5040584607066482,0.4993828602928566,0.0,0.49999999999990863,1000
sam-muon@global,SAM-Muon [global Frob],sam-muon,muon,atlas_opt,1.3,1.0,0.48813161918340287,0.4830497091719606,0.4953457491049796,0.4905547717971732,0.0,0.999999999999817,1000
sam-muon@global,SAM-Muon [global Frob],sam-muon,muon,atlas_opt,1.6,0.01,0.2313742916626059,0.22925857621725598,0.2340766073628048,0.23135128120668477,0.0,0.00999999999999565,1000
sam-muon@global,SAM-Muon [global Frob],sam-muon,muon,atlas_opt,1.6,0.02,0.23130992517488963,0.22919431750134592,0.2340124712411307,0.23128666459339664,0.0,0.0199999999999913,1000
sam-muon@global,SAM-Muon [global Frob],sam-muon,muon,atlas_opt,1.6,0.05,0.23111101474303208,0.22899537400352843,0.23381430899430206,0.23108680143774524,0.0,0.04999999999997835,1000
sam-muon@global,SAM-Muon [global Frob],sam-muon,muon,atlas_opt,1.6,0.1,0.23076033785500616,0.22864346798002402,0.2334650748432493,0.23073387235308898,0.0,0.09999999999995665,1000
sam-muon@global,SAM-Muon [global Frob],sam-muon,muon,atlas_opt,1.6,0.2,0.22998879965994226,0.22786519609901304,0.23269720246927061,0.22995542594898255,0.0,0.19999999999991347,1000
sam-muon@global,SAM-Muon [global Frob],sam-muon,muon,atlas_opt,1.6,0.5,0.2271497172447856,0.22497547148801225,0.2298766290363565,0.22707879369921657,0.0,0.49999999999978373,1000
sam-muon@global,SAM-Muon [global Frob],sam-muon,muon,atlas_opt,1.6,1.0,0.2209516824566521,0.21863621036055098,0.2237491282589845,0.22078726250748534,0.0,0.9999999999995671,1000
sam-muon@global,SAM-Muon [global Frob],sam-muon,muon,atlas_opt,2.0,0.01,0.1144307623356683,0.11065342082878932,0.11492185472463495,0.11361990608150185,0.0,0.00999999999999255,1000
sam-muon@global,SAM-Muon [global Frob],sam-muon,muon,atlas_opt,2.0,0.02,0.11439566074219029,0.11061720390905425,0.1148841433556294,0.11358362622902275,0.0,0.019999999999985148,1000
sam-muon@global,SAM-Muon [global Frob],sam-muon,muon,atlas_opt,2.0,0.05,0.11428647890577764,0.11050501027103769,0.114767082190736,0.11347103066495093,0.0,0.04999999999996295,1000
sam-muon@global,SAM-Muon [global Frob],sam-muon,muon,atlas_opt,2.0,0.1,0.1140917702337544,0.11030643899050682,0.1145591031663671,0.11327103829657484,0.0,0.0999999999999259,1000
sam-muon@global,SAM-Muon [global Frob],sam-muon,muon,atlas_opt,2.0,0.2,0.1136551053767125,0.10986765536398815,0.11409794009206925,0.11282628500640057,0.0,0.1999999999998519,1000
sam-muon@global,SAM-Muon [global Frob],sam-muon,muon,atlas_opt,2.0,0.5,0.11194508580307261,0.10825371627641513,0.1124431936075932,0.11116550057533434,0.0,0.49999999999962963,1000
sam-muon@global,SAM-Muon [global Frob],sam-muon,muon,atlas_opt,2.0,1.0,0.10812340966057975,0.10482026724300188,0.10867256737149363,0.10755189803591808,0.0,0.9999999999992596,1000
sam-muon@global,SAM-Muon [global Frob],sam-muon,muon,atlas_opt,3.0,0.01,0.0551393050245274,0.0546376822859146,0.05573473299681091,0.055160575321647864,0.0,0.0099999999999883,1000
sam-muon@global,SAM-Muon [global Frob],sam-muon,muon,atlas_opt,3.0,0.02,0.05512237463504005,0.054619841592072726,0.05571604843334658,0.055142675727957675,0.0,0.0199999999999767,1000
sam-muon@global,SAM-Muon [global Frob],sam-muon,muon,atlas_opt,3.0,0.05,0.0550692908805179,0.054564279256998874,0.05565775490791635,0.05508680716145807,0.0,0.04999999999994185,1000
sam-muon@global,SAM-Muon [global Frob],sam-muon,muon,atlas_opt,3.0,0.1,0.0549731831678366,0.05446505779896575,0.05555324271363405,0.05498655723674395,0.0,0.09999999999988365,1000
sam-muon@global,SAM-Muon [global Frob],sam-muon,muon,atlas_opt,3.0,0.2,0.0547528157965652,0.0542431403385581,0.05531561022310672,0.05476015551240342,0.0,0.19999999999976745,1000
sam-muon@global,SAM-Muon [global Frob],sam-muon,muon,atlas_opt,3.0,0.5,0.05388897184573155,0.053413729692861,0.05440398456163417,0.05389464385174113,0.0,0.4999999999994187,1000
sam-muon@global,SAM-Muon [global Frob],sam-muon,muon,atlas_opt,3.0,1.0,0.0519106760735451,0.05161307609953862,0.052404493112167876,0.051980530899034906,0.0,0.9999999999988369,1000
sam-muon@global,SAM-Muon [global Frob],sam-muon,muon,atlas_opt,inf,0.01,0.06080465196664325,0.0602530602474117,0.061557555037177226,0.06089145622645415,0.0,0.0099999999999894,1000
sam-muon@global,SAM-Muon [global Frob],sam-muon,muon,atlas_opt,inf,0.02,0.060786718278688,0.060234648846746876,0.06153755675705073,0.06087208414872278,0.0,0.019999999999978847,1000
sam-muon@global,SAM-Muon [global Frob],sam-muon,muon,atlas_opt,inf,0.05,0.060730764820914704,0.060177148453498926,0.06147535468864153,0.06081167403625733,0.0,0.04999999999994725,1000
sam-muon@global,SAM-Muon [global Frob],sam-muon,muon,atlas_opt,inf,0.1,0.0606307972139484,0.0600738150107246,0.06136447270364175,0.060703569955324596,0.0,0.09999999999989455,1000
sam-muon@global,SAM-Muon [global Frob],sam-muon,muon,atlas_opt,inf,0.2,0.0604074671594613,0.0598395788309897,0.061116917606412954,0.06046092892962139,0.0,0.19999999999978924,1000
sam-muon@global,SAM-Muon [global Frob],sam-muon,muon,atlas_opt,inf,0.5,0.0595309469090288,0.058936499381054074,0.0601823660964997,0.05953110078890441,0.0,0.499999999999473,1000
sam-muon@global,SAM-Muon [global Frob],sam-muon,muon,atlas_opt,inf,1.0,0.05757479571223725,0.056935354991870954,0.058011115280263974,0.05746954668607679,0.0,0.9999999999989457,1000
sam-muon@per-layer,SAM-Muon [per-layer Frob],sam-muon,muon,atlas_opt,1.1,0.01,1.0143736825922338,0.9559416367333073,1.0460942713806611,1.0004940655715344,0.0,0.01414213562372935,1000
sam-muon@per-layer,SAM-Muon [per-layer Frob],sam-muon,muon,atlas_opt,1.1,0.02,1.0141674333525252,0.9557510531326193,1.04589345275506,1.00029574963925,0.0,0.028284271247458748,1000
sam-muon@per-layer,SAM-Muon [per-layer Frob],sam-muon,muon,atlas_opt,1.1,0.05,1.0135337864097158,0.955163660348895,1.04527554203117,0.9996856270967086,0.0,0.07071067811864701,1000
sam-muon@per-layer,SAM-Muon [per-layer Frob],sam-muon,muon,atlas_opt,1.1,0.1,1.0124283320431926,0.9541328265253661,1.0441944744366172,0.998618464623218,0.0,0.14142135623729402,1000
sam-muon@per-layer,SAM-Muon [per-layer Frob],sam-muon,muon,atlas_opt,1.1,0.2,1.0100345058882123,0.9518790335831944,1.0418426207559062,0.9962978186900786,0.0,0.28284271247458803,1000
sam-muon@per-layer,SAM-Muon [per-layer Frob],sam-muon,muon,atlas_opt,1.1,0.5,1.001438574160592,0.9436309568838827,1.0333207266850506,0.9878951323535585,0.0,0.7071067811864706,1000
sam-muon@per-layer,SAM-Muon [per-layer Frob],sam-muon,muon,atlas_opt,1.1,1.0,0.9827708292629747,0.9253162509870417,1.0146263627129541,0.9694726148892279,0.0,1.4142135623729404,1000
sam-muon@per-layer,SAM-Muon [per-layer Frob],sam-muon,muon,atlas_opt,1.3,0.01,0.5024558061568061,0.4969584337784838,0.50971836107362,0.5052256203147385,0.0,0.01414213562372595,1000
sam-muon@per-layer,SAM-Muon [per-layer Frob],sam-muon,muon,atlas_opt,1.3,0.02,0.5023041678668612,0.4968128793164273,0.5095715028716964,0.505071974949685,0.0,0.0282842712474519,1000
sam-muon@per-layer,SAM-Muon [per-layer Frob],sam-muon,muon,atlas_opt,1.3,0.05,0.5018348330490368,0.49636262081157356,0.5091166676932988,0.5045968125667563,0.0,0.07071067811862991,1000
sam-muon@per-layer,SAM-Muon [per-layer Frob],sam-muon,muon,atlas_opt,1.3,0.1,0.5010050193885102,0.4955673025206108,0.5083115096037232,0.5037579104715508,0.0,0.14142135623725977,1000
sam-muon@per-layer,SAM-Muon [per-layer Frob],sam-muon,muon,atlas_opt,1.3,0.2,0.4991707454665235,0.49381177327935,0.5065280488840073,0.5019076280463979,0.0,0.28284271247451953,1000
sam-muon@per-layer,SAM-Muon [per-layer Frob],sam-muon,muon,atlas_opt,1.3,0.5,0.4923577743365044,0.48730451572244515,0.49987166804371064,0.49505976775675564,0.0,0.707106781186299,1000
sam-muon@per-layer,SAM-Muon [per-layer Frob],sam-muon,muon,atlas_opt,1.3,1.0,0.4773308523267995,0.4729479049412064,0.48505020521335673,0.47997826492823503,0.0,1.4142135623725975,1000
sam-muon@per-layer,SAM-Muon [per-layer Frob],sam-muon,muon,atlas_opt,1.6,0.01,0.23133705920127925,0.2292240556262066,0.23404024918112631,0.23131488167995,0.0,0.0141421356237216,1000
sam-muon@per-layer,SAM-Muon [per-layer Frob],sam-muon,muon,atlas_opt,1.6,0.02,0.2312345000094963,0.22912427660664927,0.23393872694117407,0.23121283905615342,0.0,0.0282842712474432,1000
sam-muon@per-layer,SAM-Muon [per-layer Frob],sam-muon,muon,atlas_opt,1.6,0.05,0.2309153231831385,0.22881284413502626,0.233622311284967,0.230894613217346,0.0,0.07071067811860804,1000
sam-muon@per-layer,SAM-Muon [per-layer Frob],sam-muon,muon,atlas_opt,1.6,0.1,0.23034569856821774,0.22825414134875965,0.23305612706877304,0.23032459808594852,0.0,0.14142135623721613,1000
sam-muon@per-layer,SAM-Muon [per-layer Frob],sam-muon,muon,atlas_opt,1.6,0.2,0.22907053620423254,0.22699349931677626,0.2317835623111864,0.22904146522672053,0.0,0.28284271247443227,1000
sam-muon@per-layer,SAM-Muon [per-layer Frob],sam-muon,muon,atlas_opt,1.6,0.5,0.22427635401364784,0.2221929526845397,0.2269673139883412,0.22417408991419957,0.0,0.7071067811860807,1000
sam-muon@per-layer,SAM-Muon [per-layer Frob],sam-muon,muon,atlas_opt,1.6,1.0,0.21392139475720384,0.21178216069154168,0.21654802771284873,0.21362315648511015,0.0,1.414213562372161,1000
sam-muon@per-layer,SAM-Muon [per-layer Frob],sam-muon,muon,atlas_opt,2.0,0.01,0.1144119189735818,0.11063422435019095,0.11490172955542223,0.1136006840180087,0.0,0.014142135623715201,1000
sam-muon@per-layer,SAM-Muon [per-layer Frob],sam-muon,muon,atlas_opt,2.0,0.02,0.11435720508066499,0.11057813164258824,0.11484311939261713,0.11354445786632616,0.0,0.02828427124743045,1000
sam-muon@per-layer,SAM-Muon [per-layer Frob],sam-muon,muon,atlas_opt,2.0,0.05,0.11418464673466505,0.11040231492858066,0.11465880062752379,0.11336774784779413,0.0,0.07071067811857615,1000
sam-muon@per-layer,SAM-Muon [per-layer Frob],sam-muon,muon,atlas_opt,2.0,0.1,0.11386965305480075,0.11008489462872485,0.11432402369184942,0.11304708954234019,0.0,0.14142135623715235,1000
sam-muon@per-layer,SAM-Muon [per-layer Frob],sam-muon,muon,atlas_opt,2.0,0.2,0.11312293804302526,0.10936429456126273,0.11358551659159838,0.11231277840066974,0.0,0.2828427124743048,1000
sam-muon@per-layer,SAM-Muon [per-layer Frob],sam-muon,muon,atlas_opt,2.0,0.5,0.1101607643483733,0.10662594702253952,0.11073064817404207,0.1094750603268036,0.0,0.707106781185762,1000
sam-muon@per-layer,SAM-Muon [per-layer Frob],sam-muon,muon,atlas_opt,2.0,1.0,0.10365894026051606,0.10087499749042275,0.10448657009610401,0.10339769629019749,0.0,1.4142135623715242,1000
sam-muon@per-layer,SAM-Muon [per-layer Frob],sam-muon,muon,atlas_opt,3.0,0.01,0.0551310251002542,0.05462954774132068,0.05572586729102698,0.05515192350319821,0.0,0.0141421356237064,1000
sam-muon@per-layer,SAM-Muon [per-layer Frob],sam-muon,muon,atlas_opt,3.0,0.02,0.05510535627242945,0.05460317317373857,0.05569785786177708,0.05512493351956997,0.0,0.0282842712474129,1000
sam-muon@per-layer,SAM-Muon [per-layer Frob],sam-muon,muon,atlas_opt,3.0,0.05,0.05502332591983865,0.054519667892855325,0.055608878830994725,0.055039202444623014,0.0,0.0707106781185324,1000
sam-muon@per-layer,SAM-Muon [per-layer Frob],sam-muon,muon,atlas_opt,3.0,0.1,0.05487005647118595,0.054366395529791674,0.055444488423926,0.05488080880768112,0.0,0.14142135623706495,1000
sam-muon@per-layer,SAM-Muon [per-layer Frob],sam-muon,muon,atlas_opt,3.0,0.2,0.05450422656831265,0.0540107476225058,0.05505401408287375,0.054508993942467,0.0,0.28284271247412995,1000
sam-muon@per-layer,SAM-Muon [per-layer Frob],sam-muon,muon,atlas_opt,3.0,0.5,0.05300939305538585,0.05262008686711527,0.0534886193334562,0.05302522691086058,0.0,0.7071067811853247,1000
sam-muon@per-layer,SAM-Muon [per-layer Frob],sam-muon,muon,atlas_opt,3.0,1.0,0.049795278842254154,0.049400890212407976,0.050227924517470574,0.049822134794948306,0.0,1.4142135623706493,1000
sam-muon@per-layer,SAM-Muon [per-layer Frob],sam-muon,muon,atlas_opt,inf,0.01,0.0607958927042216,0.06024423970391968,0.0615485998723535,0.060882120716723685,0.0,0.01414213562370885,1000
sam-muon@per-layer,SAM-Muon [per-layer Frob],sam-muon,muon,atlas_opt,inf,0.02,0.060768761269514304,0.0602165827697823,0.06151920638760978,0.06085295268404799,0.0,0.0282842712474177,1000
sam-muon@per-layer,SAM-Muon [per-layer Frob],sam-muon,muon,atlas_opt,inf,0.05,0.06068272710352615,0.060128820953800025,0.061426216566663305,0.060760461506332214,0.0,0.07071067811854434,1000
sam-muon@per-layer,SAM-Muon [per-layer Frob],sam-muon,muon,atlas_opt,inf,0.1,0.0605250193710055,0.05996681622270478,0.061255655300021555,0.06059034036770245,0.0,0.14142135623708862,1000
sam-muon@per-layer,SAM-Muon [per-layer Frob],sam-muon,muon,atlas_opt,inf,0.2,0.06015724926888525,0.05958638472414195,0.060859439260824925,0.0601933458221837,0.0,0.28284271247417747,1000
sam-muon@per-layer,SAM-Muon [per-layer Frob],sam-muon,muon,atlas_opt,inf,0.5,0.05865258885120665,0.0580706907732461,0.05921615179813883,0.058604123451840885,0.0,0.7071067811854436,1000
sam-muon@per-layer,SAM-Muon [per-layer Frob],sam-muon,muon,atlas_opt,inf,1.0,0.05526442397689025,0.05485093053039562,0.055771881772281026,0.055190659687926504,0.0,1.414213562370887,1000
sam-sgd@global,SAM + SGD [global Frob],sam-sgd,sgd,both,1.1,0.01,7.429501813623166,7.0782658432550605,7.723888223551737,7.226176758318554,0.0,0.009999999999999499,1000
sam-sgd@global,SAM + SGD [global Frob],sam-sgd,sgd,both,1.1,0.02,7.426335693244713,7.069345224162747,7.71355172262989,7.219252160509301,0.0,0.019999999999998998,1000
sam-sgd@global,SAM + SGD [global Frob],sam-sgd,sgd,both,1.1,0.05,7.405753489173481,7.046759384674067,7.687764324329004,7.1977940086739665,0.0,0.049999999999997546,1000
sam-sgd@global,SAM + SGD [global Frob],sam-sgd,sgd,both,1.1,0.1,7.383032534749034,7.002797762868413,7.655421701443685,7.1670043143857916,0.0,0.09999999999999515,1000
sam-sgd@global,SAM + SGD [global Frob],sam-sgd,sgd,both,1.1,0.2,7.3292245950379575,6.917360025642717,7.579429924622829,7.1049031004666485,0.0,0.1999999999999903,1000
sam-sgd@global,SAM + SGD [global Frob],sam-sgd,sgd,both,1.1,0.5,7.170307335174728,6.712860464428981,7.396334190470292,6.928695797571136,0.0,0.4999999999999756,1000
sam-sgd@global,SAM + SGD [global Frob],sam-sgd,sgd,both,1.1,1.0,6.75672850805456,6.447798730505033,7.103481198546021,6.630785368107267,0.0,0.9999999999999515,1000
sam-sgd@global,SAM + SGD [global Frob],sam-sgd,sgd,both,1.3,0.01,2.6994552240182688,2.487500445351545,2.9646627869710223,2.731252195112614,0.0,0.00999999999999815,1000
sam-sgd@global,SAM + SGD [global Frob],sam-sgd,sgd,both,1.3,0.02,2.728141373050797,2.4790053738968494,2.9763273422883647,2.7380040943484363,0.0,0.019999999999996347,1000
sam-sgd@global,SAM + SGD [global Frob],sam-sgd,sgd,both,1.3,0.05,2.7081089003581273,2.472874468085488,2.960864580889416,2.7242212896297056,0.0,0.049999999999990954,1000
sam-sgd@global,SAM + SGD [global Frob],sam-sgd,sgd,both,1.3,0.1,2.69010294877057,2.4518851166827598,2.934808267943607,2.7108428549737726,0.0,0.09999999999998195,1000
sam-sgd@global,SAM + SGD [global Frob],sam-sgd,sgd,both,1.3,0.2,2.6659722203303087,2.4197062697077176,2.910567724435717,2.671341479380806,0.0,0.1999999999999639,1000
sam-sgd@global,SAM + SGD [global Frob],sam-sgd,sgd,both,1.3,0.5,2.622445373917106,2.369327840710193,2.8216219434519,2.61861898509809,0.0,0.49999999999990963,1000
sam-sgd@global,SAM + SGD [global Frob],sam-sgd,sgd,both,1.3,1.0,2.5122167434871807,2.310000183886101,2.650563228663455,2.47026375989017,0.0,0.999999999999819,1000
sam-sgd@global,SAM + SGD [global Frob],sam-sgd,sgd,both,1.6,0.01,0.8757609483894306,0.8568867487887697,0.9124812924336823,0.8945101051768445,0.0,0.00999999999999565,1000
sam-sgd@global,SAM + SGD [global Frob],sam-sgd,sgd,both,1.6,0.02,0.8752094509487455,0.8542854911524971,0.909594165468347,0.8915079220977657,0.0,0.01999999999999135,1000
sam-sgd@global,SAM + SGD [global Frob],sam-sgd,sgd,both,1.6,0.05,0.8701211662234329,0.8526349252325127,0.9060953277015938,0.8859589892591635,0.0,0.049999999999978395,1000
sam-sgd@global,SAM + SGD [global Frob],sam-sgd,sgd,both,1.6,0.1,0.8658212975363306,0.8577190790482443,0.8976831058937711,0.8851077387380364,0.0,0.09999999999995696,1000
sam-sgd@global,SAM + SGD [global Frob],sam-sgd,sgd,both,1.6,0.2,0.8493026023582293,0.8344733627671148,0.8829175550465411,0.8673900263223076,0.0,0.1999999999999139,1000
sam-sgd@global,SAM + SGD [global Frob],sam-sgd,sgd,both,1.6,0.5,0.7965226781075576,0.7926408518681858,0.8657860554417893,0.8376771357265875,0.0,0.49999999999978456,1000
sam-sgd@global,SAM + SGD [global Frob],sam-sgd,sgd,both,1.6,1.0,0.7496150032737623,0.7377654343309797,0.8037428118045924,0.7853639988701957,0.0,0.9999999999995693,1000
sam-sgd@global,SAM + SGD [global Frob],sam-sgd,sgd,both,2.0,0.01,0.20931517534477778,0.19331915250423162,0.22005372463232598,0.2170480134833378,0.0,0.00999999999999255,1000
sam-sgd@global,SAM + SGD [global Frob],sam-sgd,sgd,both,2.0,0.02,0.20912667266102625,0.19289740486390092,0.2202313152523436,0.21693609913179876,0.0,0.019999999999985148,1000
sam-sgd@global,SAM + SGD [global Frob],sam-sgd,sgd,both,2.0,0.05,0.2084803985532784,0.19180592374156016,0.21980129152598796,0.2162448106538768,0.0,0.0499999999999629,1000
sam-sgd@global,SAM + SGD [global Frob],sam-sgd,sgd,both,2.0,0.1,0.2076466518396858,0.19001711541232152,0.2196072515089206,0.2156871533102807,0.0,0.0999999999999259,1000
sam-sgd@global,SAM + SGD [global Frob],sam-sgd,sgd,both,2.0,0.2,0.2057920363887748,0.18801791265079623,0.2157932107273646,0.2132808310910768,0.0,0.19999999999985185,1000
sam-sgd@global,SAM + SGD [global Frob],sam-sgd,sgd,both,2.0,0.5,0.2209230881634976,0.18490447252725994,0.27644132787171843,0.23106456090868738,0.0,0.49999999999962963,1000
sam-sgd@global,SAM + SGD [global Frob],sam-sgd,sgd,both,2.0,1.0,0.22960008232359555,0.1929666436984702,0.27974613270166354,0.2328310495261039,0.0,0.9999999999992593,1000
sam-sgd@global,SAM + SGD [global Frob],sam-sgd,sgd,both,3.0,0.01,0.056852302015682046,0.05601625813704447,0.0574448336071919,0.05672107052455165,0.0,0.0099999999999883,1000
sam-sgd@global,SAM + SGD [global Frob],sam-sgd,sgd,both,3.0,0.02,0.0568379974988141,0.055999793467257246,0.05743133881990688,0.0567061097240801,0.0,0.0199999999999767,1000
sam-sgd@global,SAM + SGD [global Frob],sam-sgd,sgd,both,3.0,0.05,0.056792898570309044,0.055948002757366326,0.05738869597943923,0.0566589930100139,0.0,0.0499999999999418,1000
sam-sgd@global,SAM + SGD [global Frob],sam-sgd,sgd,both,3.0,0.1,0.05671055994655175,0.05585711502402873,0.05731053280147215,0.056573134372634275,0.0,0.0999999999998837,1000
sam-sgd@global,SAM + SGD [global Frob],sam-sgd,sgd,both,3.0,0.2,0.0565198932593408,0.05564885126305185,0.05712845282258168,0.05637488191710023,0.0,0.19999999999976745,1000
sam-sgd@global,SAM + SGD [global Frob],sam-sgd,sgd,both,3.0,0.5,0.0557613274180587,0.05482668868708938,0.05639554620559853,0.05558991418872359,0.0,0.4999999999994187,1000
sam-sgd@global,SAM + SGD [global Frob],sam-sgd,sgd,both,3.0,1.0,0.054036355127341645,0.052967297986685404,0.05469662224291172,0.05381178271928611,0.0,0.9999999999988374,1000
sam-sgd@global,SAM + SGD [global Frob],sam-sgd,sgd,both,inf,0.01,0.06490795448972725,0.06412563887941188,0.06566722055965282,0.06484580787629238,0.0,0.0099999999999894,1000
sam-sgd@global,SAM + SGD [global Frob],sam-sgd,sgd,both,inf,0.02,0.06489057911420265,0.06410946521825275,0.0656502808718431,0.06482924554861556,0.0,0.019999999999978847,1000
sam-sgd@global,SAM + SGD [global Frob],sam-sgd,sgd,both,inf,0.05,0.06483583253828304,0.06405859670150348,0.06559689549961625,0.06477711595714158,0.0,0.04999999999994725,1000
sam-sgd@global,SAM + SGD [global Frob],sam-sgd,sgd,both,inf,0.1,0.06473599048545514,0.0639661260522879,0.06549948792780053,0.06468222153581565,0.0,0.0999999999998945,1000
sam-sgd@global,SAM + SGD [global Frob],sam-sgd,sgd,both,inf,0.2,0.06450517620550465,0.06375343768862053,0.06527405237504309,0.06446344326092847,0.0,0.19999999999978918,1000
sam-sgd@global,SAM + SGD [global Frob],sam-sgd,sgd,both,inf,0.5,0.06358914633944496,0.06291782076975824,0.06437601104770993,0.06359920514698661,0.0,0.49999999999947287,1000
sam-sgd@global,SAM + SGD [global Frob],sam-sgd,sgd,both,inf,1.0,0.0615845572136068,0.06097681435648665,0.062317526204109894,0.06164193938300749,0.0,0.999999999998946,1000
sam-sgd@per-layer,SAM + SGD [per-layer Frob],sam-sgd,sgd,both,1.1,0.01,7.422641488457301,7.075376493528657,7.702665507992905,7.2183210976839,0.0,0.0141421356237294,1000
sam-sgd@per-layer,SAM + SGD [per-layer Frob],sam-sgd,sgd,both,1.1,0.02,7.416052808153372,7.0560074594502815,7.7019871425285835,7.2090008896721205,0.0,0.0282842712474589,1000
sam-sgd@per-layer,SAM + SGD [per-layer Frob],sam-sgd,sgd,both,1.1,0.05,7.388312427977608,7.012957290001072,7.668773419325317,7.176797172473275,0.0,0.0707106781186474,1000
sam-sgd@per-layer,SAM + SGD [per-layer Frob],sam-sgd,sgd,both,1.1,0.1,7.345446132210864,6.9420316777972975,7.595065589597787,7.122366378258983,0.0,0.14142135623729474,1000
sam-sgd@per-layer,SAM + SGD [per-layer Frob],sam-sgd,sgd,both,1.1,0.2,7.25054894784584,6.8162375448984855,7.479995781355175,7.0173979777946345,0.0,0.28284271247458964,1000
sam-sgd@per-layer,SAM + SGD [per-layer Frob],sam-sgd,sgd,both,1.1,0.5,6.935764253837794,6.521364351691907,7.1560537118646765,6.7245256980812975,0.0,0.7071067811864735,1000
sam-sgd@per-layer,SAM + SGD [per-layer Frob],sam-sgd,sgd,both,1.1,1.0,6.327306623626921,6.127253843327793,6.793053093386175,6.297487726568568,0.0,1.4142135623729462,1000
sam-sgd@per-layer,SAM + SGD [per-layer Frob],sam-sgd,sgd,both,1.3,0.01,2.7049649134161156,2.4695868577132214,2.966084012050633,2.7314870929311934,0.0,0.0141421356237262,1000
sam-sgd@per-layer,SAM + SGD [per-layer Frob],sam-sgd,sgd,both,1.3,0.02,2.7147060847625832,2.4676571792123703,2.961724215506594,2.732343333130551,0.0,0.028284271247452447,1000
sam-sgd@per-layer,SAM + SGD [per-layer Frob],sam-sgd,sgd,both,1.3,0.05,2.702800671635532,2.4544708087887352,2.943925121397149,2.7101705483172664,0.0,0.0707106781186311,1000
sam-sgd@per-layer,SAM + SGD [per-layer Frob],sam-sgd,sgd,both,1.3,0.1,2.678577667348227,2.4276604509960915,2.9327213069863913,2.6897389724372616,0.0,0.14142135623726226,1000
sam-sgd@per-layer,SAM + SGD [per-layer Frob],sam-sgd,sgd,both,1.3,0.2,2.647380051827489,2.3903853547310634,2.8774641542411805,2.6588115826125476,0.0,0.2828427124745243,1000
sam-sgd@per-layer,SAM + SGD [per-layer Frob],sam-sgd,sgd,both,1.3,0.5,2.5513761972670865,2.307976643461732,2.751896154887295,2.5428902343496653,0.0,0.7071067811863083,1000
sam-sgd@per-layer,SAM + SGD [per-layer Frob],sam-sgd,sgd,both,1.3,1.0,2.386905883649111,2.1842480020941655,2.481240376581006,2.3319114392036364,0.0,1.4142135623726109,1000
sam-sgd@per-layer,SAM + SGD [per-layer Frob],sam-sgd,sgd,both,1.6,0.01,0.8796825768631769,0.860160072849562,0.9140987034660747,0.896357224067994,0.0,0.01414213562372165,1000
sam-sgd@per-layer,SAM + SGD [per-layer Frob],sam-sgd,sgd,both,1.6,0.02,0.8752876220822452,0.8519712641944027,0.905707667472889,0.888267116540808,0.0,0.02828427124744335,1000
sam-sgd@per-layer,SAM + SGD [per-layer Frob],sam-sgd,sgd,both,1.6,0.05,0.8651633201707747,0.8458081564254539,0.902782338993227,0.8818347709625698,0.0,0.0707106781186085,1000
sam-sgd@per-layer,SAM + SGD [per-layer Frob],sam-sgd,sgd,both,1.6,0.1,0.857169197728628,0.8390541360265269,0.8924382753033793,0.8729631746743236,0.0,0.1414213562372169,1000
sam-sgd@per-layer,SAM + SGD [per-layer Frob],sam-sgd,sgd,both,1.6,0.2,0.8382429732116593,0.8201408872325155,0.8752265763248455,0.8571040354065342,0.0,0.2828427124744334,1000
sam-sgd@per-layer,SAM + SGD [per-layer Frob],sam-sgd,sgd,both,1.6,0.5,0.7717084759184273,0.7601908350558535,0.8425591397501577,0.8122972503704933,0.0,0.7071067811860848,1000
sam-sgd@per-layer,SAM + SGD [per-layer Frob],sam-sgd,sgd,both,1.6,1.0,0.7127459575906584,0.7049589347562363,0.7515323833432902,0.7428164329314816,0.0,1.414213562372169,1000
sam-sgd@per-layer,SAM + SGD [per-layer Frob],sam-sgd,sgd,both,2.0,0.01,0.20923485432755484,0.19313323875857175,0.22010477490026428,0.21699552546580497,0.0,0.014142135623715201,1000
sam-sgd@per-layer,SAM + SGD [per-layer Frob],sam-sgd,sgd,both,2.0,0.02,0.20894674612220776,0.19255262649580482,0.22028720041120453,0.2168144105245418,0.0,0.028284271247430548,1000
sam-sgd@per-layer,SAM + SGD [per-layer Frob],sam-sgd,sgd,both,2.0,0.05,0.2080136627558039,0.19101223733324546,0.21871794027119223,0.21559957355369933,0.0,0.0707106781185763,1000
sam-sgd@per-layer,SAM + SGD [per-layer Frob],sam-sgd,sgd,both,2.0,0.1,0.20692439088404418,0.1885161632577053,0.21852285668811003,0.2147729695848152,0.0,0.14142135623715274,1000
sam-sgd@per-layer,SAM + SGD [per-layer Frob],sam-sgd,sgd,both,2.0,0.2,0.2036545044431231,0.18787431819485706,0.22027626963101776,0.21472464339704034,0.0,0.28284271247430565,1000
sam-sgd@per-layer,SAM + SGD [per-layer Frob],sam-sgd,sgd,both,2.0,0.5,0.2507153073250436,0.19751368533176233,0.29954460453379217,0.24532435516305773,0.0,0.7071067811857653,1000
sam-sgd@per-layer,SAM + SGD [per-layer Frob],sam-sgd,sgd,both,2.0,1.0,0.2485678612394005,0.22340911483274892,0.28553610919154826,0.24547671919941988,0.0,1.414213562371526,1000
sam-sgd@per-layer,SAM + SGD [per-layer Frob],sam-sgd,sgd,both,3.0,0.01,0.056844221194545505,0.056007752396238,0.05743743135730555,0.056712826546825724,0.0,0.0141421356237064,1000
sam-sgd@per-layer,SAM + SGD [per-layer Frob],sam-sgd,sgd,both,3.0,0.02,0.05682131731772015,0.0559822481595825,0.05741605457121205,0.056689105343661825,0.0,0.0282842712474129,1000
sam-sgd@per-layer,SAM + SGD [per-layer Frob],sam-sgd,sgd,both,3.0,0.05,0.056747358110288804,0.055900189102941575,0.05734692961567237,0.0566126599635107,0.0,0.0707106781185324,1000
sam-sgd@per-layer,SAM + SGD [per-layer Frob],sam-sgd,sgd,both,3.0,0.1,0.05660703312257865,0.05574967915943248,0.057215451871542,0.05646809431169063,0.0,0.14142135623706487,1000
sam-sgd@per-layer,SAM + SGD [per-layer Frob],sam-sgd,sgd,both,3.0,0.2,0.05626605735571155,0.05538629930260217,0.0568946514467691,0.05611837361025734,0.0,0.28284271247412973,1000
sam-sgd@per-layer,SAM + SGD [per-layer Frob],sam-sgd,sgd,both,3.0,0.5,0.0548459226204782,0.053882173338331146,0.05554236642817548,0.05467040504502807,0.0,0.7071067811853243,1000
sam-sgd@per-layer,SAM + SGD [per-layer Frob],sam-sgd,sgd,both,3.0,1.0,0.05173293509946735,0.0505775971644112,0.052387008496069976,0.0514977745531663,0.0,1.4142135623706484,1000
sam-sgd@per-layer,SAM + SGD [per-layer Frob],sam-sgd,sgd,both,inf,0.01,0.06489791702945136,0.0641165525896927,0.06565686487721978,0.0648362596328208,0.0,0.01414213562370885,1000
sam-sgd@per-layer,SAM + SGD [per-layer Frob],sam-sgd,sgd,both,inf,0.02,0.06486986524575444,0.06409072205189043,0.06562891952804308,0.0648095565878162,0.0,0.02828427124741775,1000
sam-sgd@per-layer,SAM + SGD [per-layer Frob],sam-sgd,sgd,both,inf,0.05,0.06477931936862745,0.06400752165323705,0.06553868132486312,0.06472351107655239,0.0,0.07071067811854445,1000
sam-sgd@per-layer,SAM + SGD [per-layer Frob],sam-sgd,sgd,both,inf,0.1,0.0646076582404081,0.06385036084000748,0.06536748194646799,0.06456083893324412,0.0,0.14142135623708896,1000
sam-sgd@per-layer,SAM + SGD [per-layer Frob],sam-sgd,sgd,both,inf,0.2,0.06419110846785644,0.06347108568515665,0.06495157192640111,0.06416760287929071,0.0,0.2828427124741779,1000
sam-sgd@per-layer,SAM + SGD [per-layer Frob],sam-sgd,sgd,both,inf,0.5,0.062461382297171894,0.061932198081385774,0.06322005634992232,0.06254308818986035,0.0,0.7071067811854448,1000
sam-sgd@per-layer,SAM + SGD [per-layer Frob],sam-sgd,sgd,both,inf,1.0,0.05897496158552015,0.0582928311096461,0.05942853505676823,0.05899490507407979,0.0,1.4142135623708891,1000
sgd,SGD,sgd,sgd,both,1.1,,7.4286039641380075,7.086172971360611,7.723155159383204,7.227497332464097,0.0,0.0,500
sgd,SGD,sgd,sgd,both,1.3,,2.7181382011896753,2.4900602927335282,2.9832057177888003,2.737715556102148,0.0,0.0,500
sgd,SGD,sgd,sgd,both,1.6,,0.8663521159312464,0.8547931286430102,0.9135804509559736,0.890617962894369,0.0,0.0,500
sgd,SGD,sgd,sgd,both,2.0,,0.20944797795348924,0.1938005780789706,0.21978625347252462,0.2171257829847987,0.0,0.0,500
sgd,SGD,sgd,sgd,both,3.0,,0.05686623939720935,0.056032320043807,0.057457965927189124,0.0567356558606629,0.0,0.0,500
sgd,SGD,sgd,sgd,both,inf,,0.06492488949488526,0.06414141769128487,0.06568372930172463,0.06486195965264342,0.0,0.0,500
stale-friendly-sam-muon@global,Stale Friendly SAM-Muon [global Frob],stale-friendly-sam-muon,muon,added,1.1,0.01,1.0145037009735787,0.9560745826380121,1.0462369397531437,1.0006288047154954,0.0,0.009999999999999551,501
stale-friendly-sam-muon@global,Stale Friendly SAM-Muon [global Frob],stale-friendly-sam-muon,muon,added,1.1,0.02,1.0144285015618242,0.956018071856689,1.0461798373545341,1.0005662625204808,0.0,0.01999999999999915,501
stale-friendly-sam-muon@global,Stale Friendly SAM-Muon [global Frob],stale-friendly-sam-muon,muon,added,1.1,0.05,1.0141941530404006,0.955839615296476,1.0459993177283198,1.0003696266907647,0.0,0.0499999999999979,501
stale-friendly-sam-muon@global,Stale Friendly SAM-Muon [global Frob],stale-friendly-sam-muon,muon,added,1.1,0.1,1.013774450657785,0.9555124689519182,1.0456677720418859,1.000011905294389,0.0,0.09999999999999579,501
stale-friendly-sam-muon@global,Stale Friendly SAM-Muon [global Frob],stale-friendly-sam-muon,muon,added,1.1,0.2,1.0128262219215567,0.9547469945475477,1.0448898984572745,0.9991843024309386,0.0,0.19999999999999163,501
stale-friendly-sam-muon@global,Stale Friendly SAM-Muon [global Frob],stale-friendly-sam-muon,muon,added,1.1,0.5,1.0091203017819503,0.9515688754827614,1.041646035119352,0.9958133035311826,0.0,0.49999999999997924,501
stale-friendly-sam-muon@global,Stale Friendly SAM-Muon [global Frob],stale-friendly-sam-muon,muon,added,1.1,1.0,1.0001560286179885,0.9434181590538236,1.033295282497535,0.987331114924906,0.0,0.9999999999999586,501
stale-friendly-sam-muon@global,Stale Friendly SAM-Muon [global Frob],stale-friendly-sam-muon,muon,added,1.3,0.01,0.5025652682503174,0.4970689422533788,0.5098294513316572,0.5053406033991645,0.0,0.0099999999999986,501
stale-friendly-sam-muon@global,Stale Friendly SAM-Muon [global Frob],stale-friendly-sam-muon,muon,added,1.3,0.02,0.5025242019771925,0.4970349036427462,0.5097945841790699,0.5053029873837372,0.0,0.01999999999999735,501
stale-friendly-sam-muon@global,Stale Friendly SAM-Muon [global Frob],stale-friendly-sam-muon,muon,added,1.3,0.05,0.5023931748064729,0.49692517107573436,0.5096810597753301,0.5051821245805206,0.0,0.04999999999999335,501
stale-friendly-sam-muon@global,Stale Friendly SAM-Muon [global Frob],stale-friendly-sam-muon,muon,added,1.3,0.1,0.502148763528978,0.49671691953844815,0.5094621366132165,0.5049540232334668,0.0,0.0999999999999869,501
stale-friendly-sam-muon@global,Stale Friendly SAM-Muon [global Frob],stale-friendly-sam-muon,muon,added,1.3,0.2,0.5015629047861137,0.4962055802140478,0.5089131989163302,0.5043983468752228,0.0,0.1999999999999737,501
stale-friendly-sam-muon@global,Stale Friendly SAM-Muon [global Frob],stale-friendly-sam-muon,muon,added,1.3,0.5,0.49904685445525643,0.49392281629997664,0.5063915835823793,0.5019514756906364,0.0,0.4999999999999344,501
stale-friendly-sam-muon@global,Stale Friendly SAM-Muon [global Frob],stale-friendly-sam-muon,muon,added,1.3,1.0,0.49208209583853535,0.48774119034369584,0.5001058414043296,0.4954425617568771,0.0,0.9999999999998683,501
stale-friendly-sam-muon@global,Stale Friendly SAM-Muon [global Frob],stale-friendly-sam-muon,muon,added,1.6,0.01,0.2314186030700533,0.22930180061054398,0.23412206407133979,0.2313951918759361,0.0,0.0099999999999968,501
stale-friendly-sam-muon@global,Stale Friendly SAM-Muon [global Frob],stale-friendly-sam-muon,muon,added,1.6,0.02,0.2313985063033012,0.22928070237353815,0.23410333838836264,0.23137443562076848,0.0,0.0199999999999936,501
stale-friendly-sam-muon@global,Stale Friendly SAM-Muon [global Frob],stale-friendly-sam-muon,muon,added,1.6,0.05,0.23133212729426866,0.2292108270016295,0.2340410995202517,0.23130582218225396,0.0,0.049999999999984154,501
stale-friendly-sam-muon@global,Stale Friendly SAM-Muon [global Frob],stale-friendly-sam-muon,muon,added,1.6,0.1,0.23120124429478495,0.2290724786714087,0.2339171962673525,0.2311703623958007,0.0,0.09999999999996831,501
stale-friendly-sam-muon@global,Stale Friendly SAM-Muon [global Frob],stale-friendly-sam-muon,muon,added,1.6,0.2,0.2308639518784559,0.2287141658992086,0.23359410417693222,0.2308207578881455,0.0,0.19999999999993673,501
stale-friendly-sam-muon@global,Stale Friendly SAM-Muon [global Frob],stale-friendly-sam-muon,muon,added,1.6,0.5,0.2292602371599281,0.22700156592282933,0.23203495224916512,0.22915754135682653,0.0,0.49999999999984207,501
stale-friendly-sam-muon@global,Stale Friendly SAM-Muon [global Frob],stale-friendly-sam-muon,muon,added,1.6,1.0,0.2247522363106172,0.22219653263736466,0.22758668185498124,0.22450857113202002,0.0,0.9999999999996841,501
stale-friendly-sam-muon@global,Stale Friendly SAM-Muon [global Frob],stale-friendly-sam-muon,muon,added,2.0,0.01,0.11445367755695066,0.110674506080024,0.11494746946221905,0.11364376693179712,0.0,0.0099999999999932,501
stale-friendly-sam-muon@global,Stale Friendly SAM-Muon [global Frob],stale-friendly-sam-muon,muon,added,2.0,0.02,0.1144414324923167,0.1106592994084605,0.11493527877666322,0.11363127694320788,0.0,0.01999999999998645,501
stale-friendly-sam-muon@global,Stale Friendly SAM-Muon [global Frob],stale-friendly-sam-muon,muon,added,2.0,0.05,0.1144004430353403,0.11060967009800848,0.11489419226625028,0.11358960469848406,0.0,0.0499999999999661,501
stale-friendly-sam-muon@global,Stale Friendly SAM-Muon [global Frob],stale-friendly-sam-muon,muon,added,2.0,0.1,0.11431798089681164,0.11051372050659088,0.11481074497775774,0.11350620890755586,0.0,0.0999999999999322,501
stale-friendly-sam-muon@global,Stale Friendly SAM-Muon [global Frob],stale-friendly-sam-muon,muon,added,2.0,0.2,0.11410039727686619,0.11027326199875867,0.11458840504133344,0.11328771866781234,0.0,0.19999999999986445,501
stale-friendly-sam-muon@global,Stale Friendly SAM-Muon [global Frob],stale-friendly-sam-muon,muon,added,2.0,0.5,0.1130407450710314,0.10918555834223037,0.11349559141136373,0.11223405247805938,0.0,0.4999999999996611,501
stale-friendly-sam-muon@global,Stale Friendly SAM-Muon [global Frob],stale-friendly-sam-muon,muon,added,2.0,1.0,0.10998657100363429,0.10633429341432615,0.11050495992975863,0.1093066435197236,0.0,0.9999999999993228,501
stale-friendly-sam-muon@global,Stale Friendly SAM-Muon [global Frob],stale-friendly-sam-muon,muon,added,3.0,0.01,0.0551501305197865,0.0546493613701162,0.055748551776520223,0.05517279966681874,0.0,0.009999999999987349,501
stale-friendly-sam-muon@global,Stale Friendly SAM-Muon [global Frob],stale-friendly-sam-muon,muon,added,3.0,0.02,0.0551439947554319,0.054643146087188024,0.05574364610390248,0.055167083840521026,0.0,0.019999999999974698,501
stale-friendly-sam-muon@global,Stale Friendly SAM-Muon [global Frob],stale-friendly-sam-muon,muon,added,3.0,0.05,0.05512311678152565,0.05462210819665653,0.05572643544240857,0.055147513031348884,0.0,0.04999999999993685,501
stale-friendly-sam-muon@global,Stale Friendly SAM-Muon [global Frob],stale-friendly-sam-muon,muon,added,3.0,0.1,0.05508010576305425,0.05457907778229008,0.05568944908215795,0.055106846968729084,0.0,0.0999999999998738,501
stale-friendly-sam-muon@global,Stale Friendly SAM-Muon [global Frob],stale-friendly-sam-muon,muon,added,3.0,0.2,0.0549634097530102,0.05446329630365258,0.05558444831811235,0.05499558479620665,0.0,0.1999999999997476,501
stale-friendly-sam-muon@global,Stale Friendly SAM-Muon [global Frob],stale-friendly-sam-muon,muon,added,3.0,0.5,0.05437272224279075,0.05389252728273625,0.055022213622137904,0.054430600947711655,0.0,0.4999999999993695,501
stale-friendly-sam-muon@global,Stale Friendly SAM-Muon [global Frob],stale-friendly-sam-muon,muon,added,3.0,1.0,0.0527067501877158,0.052319007901058076,0.05337186604138898,0.05283366309801302,0.0,0.9999999999987422,501
stale-friendly-sam-muon@global,Stale Friendly SAM-Muon [global Frob],stale-friendly-sam-muon,muon,added,inf,0.01,0.06081701594486995,0.060265827734382424,0.06157080645984948,0.060904363087537564,0.0,0.0099999999999885,501
stale-friendly-sam-muon@global,Stale Friendly SAM-Muon [global Frob],stale-friendly-sam-muon,muon,added,inf,0.02,0.0608114008002546,0.060260134434845056,0.06156399419614265,0.060897850148146235,0.0,0.0199999999999771,501
stale-friendly-sam-muon@global,Stale Friendly SAM-Muon [global Frob],stale-friendly-sam-muon,muon,added,inf,0.05,0.0607920638069394,0.06024049022356265,0.06154095056284947,0.06087570807580732,0.0,0.049999999999942854,501
stale-friendly-sam-muon@global,Stale Friendly SAM-Muon [global Frob],stale-friendly-sam-muon,muon,added,inf,0.1,0.06075159602268235,0.06019924782984973,0.061493902709428325,0.06083018202197744,0.0,0.09999999999988585,501
stale-friendly-sam-muon@global,Stale Friendly SAM-Muon [global Frob],stale-friendly-sam-muon,muon,added,inf,0.2,0.0606402682986186,0.060085288351111724,0.06136782052226955,0.06070725308405585,0.0,0.19999999999977164,501
stale-friendly-sam-muon@global,Stale Friendly SAM-Muon [global Frob],stale-friendly-sam-muon,muon,added,inf,0.5,0.06007336704825615,0.05950151646810465,0.06074658757050168,0.060094075400940264,0.0,0.4999999999994291,501
stale-friendly-sam-muon@global,Stale Friendly SAM-Muon [global Frob],stale-friendly-sam-muon,muon,added,inf,1.0,0.058441378286426746,0.05784160817748555,0.058910666762009546,0.05837100208398849,0.0,0.9999999999988591,501
stale-friendly-sam-muon@per-layer,Stale Friendly SAM-Muon [per-layer Frob],stale-friendly-sam-muon,muon,added,1.1,0.01,1.0144536038694842,0.9560308534969685,1.0461815621397037,1.0005781653647023,0.0,0.0141421356237296,501
stale-friendly-sam-muon@per-layer,Stale Friendly SAM-Muon [per-layer Frob],stale-friendly-sam-muon,muon,added,1.1,0.02,1.0143271704358998,0.9559293258415158,1.0460679088297957,1.0004638023885157,0.0,0.02828427124745925,501
stale-friendly-sam-muon@per-layer,Stale Friendly SAM-Muon [per-layer Frob],stale-friendly-sam-muon,muon,added,1.1,0.05,1.0139323098876574,0.9556081049149525,1.0457107082452997,1.0001046284439887,0.0,0.0707106781186482,501
stale-friendly-sam-muon@per-layer,Stale Friendly SAM-Muon [per-layer Frob],stale-friendly-sam-muon,muon,added,1.1,0.1,1.013222461711282,0.9550173892067692,1.0450613426992885,0.9994525074981093,0.0,0.1414213562372964,501
stale-friendly-sam-muon@per-layer,Stale Friendly SAM-Muon [per-layer Frob],stale-friendly-sam-muon,muon,added,1.1,0.2,1.0116097188346986,0.9536294070238941,1.0435609205798178,0.997948684161415,0.0,0.2828427124745928,501
stale-friendly-sam-muon@per-layer,Stale Friendly SAM-Muon [per-layer Frob],stale-friendly-sam-muon,muon,added,1.1,0.5,1.0052522407887672,0.9478411290976615,1.037471827163058,0.9918683458076798,0.0,0.7071067811864822,501
stale-friendly-sam-muon@per-layer,Stale Friendly SAM-Muon [per-layer Frob],stale-friendly-sam-muon,muon,added,1.1,1.0,0.9898187130526273,0.9330702508817403,1.022293957910102,0.9767810757169885,0.0,1.4142135623729644,501
stale-friendly-sam-muon@per-layer,Stale Friendly SAM-Muon [per-layer Frob],stale-friendly-sam-muon,muon,added,1.3,0.01,0.5025329908747127,0.49704653785443564,0.5098050918060538,0.5053142935416775,0.0,0.0141421356237282,501
stale-friendly-sam-muon@per-layer,Stale Friendly SAM-Muon [per-layer Frob],stale-friendly-sam-muon,muon,added,1.3,0.02,0.5024584660871241,0.4969889229723981,0.5097446468963359,0.5052491930210541,0.0,0.0282842712474565,501
stale-friendly-sam-muon@per-layer,Stale Friendly SAM-Muon [per-layer Frob],stale-friendly-sam-muon,muon,added,1.3,0.05,0.5022199945975674,0.4968014362733042,0.5095470868748186,0.505038837986775,0.0,0.0707106781186413,501
stale-friendly-sam-muon@per-layer,Stale Friendly SAM-Muon [per-layer Frob],stale-friendly-sam-muon,muon,added,1.3,0.1,0.5017730698031,0.49644022618469075,0.5091638217571132,0.5046381895969678,0.0,0.1414213562372827,501
stale-friendly-sam-muon@per-layer,Stale Friendly SAM-Muon [per-layer Frob],stale-friendly-sam-muon,muon,added,1.3,0.2,0.5006954126839755,0.4955359045378255,0.5081958097740246,0.503650409218483,0.0,0.28284271247456527,501
stale-friendly-sam-muon@per-layer,Stale Friendly SAM-Muon [per-layer Frob],stale-friendly-sam-muon,muon,added,1.3,0.5,0.4960422101621997,0.4913984029966913,0.503718494172722,0.4992348653246251,0.0,0.7071067811864131,501
stale-friendly-sam-muon@per-layer,Stale Friendly SAM-Muon [per-layer Frob],stale-friendly-sam-muon,muon,added,1.3,1.0,0.48372429170055825,0.4801182333381163,0.4920009065005567,0.4874680947316564,0.0,1.4142135623728262,501
stale-friendly-sam-muon@per-layer,Stale Friendly SAM-Muon [per-layer Frob],stale-friendly-sam-muon,muon,added,1.6,0.01,0.23140487129987455,0.22929184086334287,0.2341108210579636,0.23138333270335748,0.0,0.0141421356237225,501
stale-friendly-sam-muon@per-layer,Stale Friendly SAM-Muon [per-layer Frob],stale-friendly-sam-muon,muon,added,1.6,0.02,0.23136999847096024,0.22925970194959133,0.23407972218911974,0.23134959837922559,0.0,0.0282842712474451,501
stale-friendly-sam-muon@per-layer,Stale Friendly SAM-Muon [per-layer Frob],stale-friendly-sam-muon,muon,added,1.6,0.05,0.2312530439324316,0.22915022616676714,0.23397359425812927,0.23123535174844645,0.0,0.0707106781186128,501
stale-friendly-sam-muon@per-layer,Stale Friendly SAM-Muon [per-layer Frob],stale-friendly-sam-muon,muon,added,1.6,0.1,0.23101717590858606,0.22892435426722518,0.23375407228743422,0.23100161958192741,0.0,0.14142135623722568,501
stale-friendly-sam-muon@per-layer,Stale Friendly SAM-Muon [per-layer Frob],stale-friendly-sam-muon,muon,added,1.6,0.2,0.2303936088932744,0.22831122758851663,0.23315655870228907,0.23037337869215102,0.0,0.28284271247445153,501
stale-friendly-sam-muon@per-layer,Stale Friendly SAM-Muon [per-layer Frob],stale-friendly-sam-muon,muon,added,1.6,0.5,0.2273611345929144,0.2252345248557572,0.23014860891528283,0.2272601682226993,0.0,0.7071067811861289,501
stale-friendly-sam-muon@per-layer,Stale Friendly SAM-Muon [per-layer Frob],stale-friendly-sam-muon,muon,added,1.6,1.0,0.21900066719667877,0.21661083560851038,0.2216840521630358,0.21861753465893707,0.0,1.4142135623722587,501
stale-friendly-sam-muon@per-layer,Stale Friendly SAM-Muon [per-layer Frob],stale-friendly-sam-muon,muon,added,2.0,0.01,0.11444734081411059,0.11066660217454605,0.11494116842320433,0.11363705028221631,0.0,0.0141421356237165,501
stale-friendly-sam-muon@per-layer,Stale Friendly SAM-Muon [per-layer Frob],stale-friendly-sam-muon,muon,added,2.0,0.02,0.1144279044664682,0.11064271587596594,0.11492178971464322,0.1136170306280048,0.0,0.028284271247433,501
stale-friendly-sam-muon@per-layer,Stale Friendly SAM-Muon [per-layer Frob],stale-friendly-sam-muon,muon,added,2.0,0.05,0.1143602330136317,0.11056243281927369,0.1148538426270472,0.11354791368880389,0.0,0.0707106781185826,501
stale-friendly-sam-muon@per-layer,Stale Friendly SAM-Muon [per-layer Frob],stale-friendly-sam-muon,muon,added,2.0,0.1,0.1142164276252543,0.11040028535654127,0.1147081669994771,0.1134027570545818,0.0,0.1414213562371652,501
stale-friendly-sam-muon@per-layer,Stale Friendly SAM-Muon [per-layer Frob],stale-friendly-sam-muon,muon,added,2.0,0.2,0.1138145683810583,0.10997309872577668,0.11429788407515194,0.11300230179281742,0.0,0.28284271247433046,501
stale-friendly-sam-muon@per-layer,Stale Friendly SAM-Muon [per-layer Frob],stale-friendly-sam-muon,muon,added,2.0,0.5,0.1117245485542773,0.10794632094151768,0.11224898190375587,0.11098438033475065,0.0,0.7071067811858268,501
stale-friendly-sam-muon@per-layer,Stale Friendly SAM-Muon [per-layer Frob],stale-friendly-sam-muon,muon,added,2.0,1.0,0.10590249029263404,0.10279041983059704,0.10682624213831984,0.10556334656851249,0.0,1.4142135623716565,501
stale-friendly-sam-muon@per-layer,Stale Friendly SAM-Muon [per-layer Frob],stale-friendly-sam-muon,muon,added,3.0,0.01,0.055146992240826295,0.05464630357768002,0.05574610502805867,0.05516992151133296,0.0,0.0141421356237048,501
stale-friendly-sam-muon@per-layer,Stale Friendly SAM-Muon [per-layer Frob],stale-friendly-sam-muon,muon,added,3.0,0.02,0.05513723883260785,0.05463656982202737,0.05573825982373708,0.05516085206934923,0.0,0.0282842712474096,501
stale-friendly-sam-muon@per-layer,Stale Friendly SAM-Muon [per-layer Frob],stale-friendly-sam-muon,muon,added,3.0,0.05,0.055102650716427046,0.05460221826518372,0.0557092789223899,0.055128383802070635,0.0,0.070710678118524,501
stale-friendly-sam-muon@per-layer,Stale Friendly SAM-Muon [per-layer Frob],stale-friendly-sam-muon,muon,added,3.0,0.1,0.055027358188769596,0.05452785725985353,0.05564288900454905,0.0550568721403681,0.0,0.14142135623704816,501
stale-friendly-sam-muon@per-layer,Stale Friendly SAM-Muon [per-layer Frob],stale-friendly-sam-muon,muon,added,3.0,0.2,0.0548113587614497,0.05431626375332395,0.0554427064534119,0.0548498056159234,0.0,0.2828427124740963,501
stale-friendly-sam-muon@per-layer,Stale Friendly SAM-Muon [per-layer Frob],stale-friendly-sam-muon,muon,added,3.0,0.5,0.0536745674063077,0.053242159071238325,0.05432611451304965,0.05375826198529191,0.0,0.7071067811852421,501
stale-friendly-sam-muon@per-layer,Stale Friendly SAM-Muon [per-layer Frob],stale-friendly-sam-muon,muon,added,3.0,1.0,0.050802453116807006,0.05022349452751643,0.051353937400449495,0.05086780466651705,0.0,1.4142135623704954,501
stale-friendly-sam-muon@per-layer,Stale Friendly SAM-Muon [per-layer Frob],stale-friendly-sam-muon,muon,added,inf,0.01,0.060814327299482496,0.06026302028678735,0.0615676881980074,0.06090119375746618,0.0,0.014142135623707,501
stale-friendly-sam-muon@per-layer,Stale Friendly SAM-Muon [per-layer Frob],stale-friendly-sam-muon,muon,added,inf,0.02,0.06080553718170205,0.06025404058695963,0.061557251177188,0.0608909967210058,0.0,0.028284271247414047,501
stale-friendly-sam-muon@per-layer,Stale Friendly SAM-Muon [per-layer Frob],stale-friendly-sam-muon,muon,added,inf,0.05,0.060773790072462544,0.060221682860626374,0.061520309851718705,0.06085473625297755,0.0,0.07071067811853525,501
stale-friendly-sam-muon@per-layer,Stale Friendly SAM-Muon [per-layer Frob],stale-friendly-sam-muon,muon,added,inf,0.1,0.0607032297947515,0.0601498765787439,0.0614401341797204,0.060775614175852685,0.0,0.14142135623707053,501
stale-friendly-sam-muon@per-layer,Stale Friendly SAM-Muon [per-layer Frob],stale-friendly-sam-muon,muon,added,inf,0.2,0.0604981494354064,0.059940893946187346,0.061211626725876975,0.06054915396442651,0.0,0.2828427124741411,501
stale-friendly-sam-muon@per-layer,Stale Friendly SAM-Muon [per-layer Frob],stale-friendly-sam-muon,muon,added,inf,0.5,0.05940289876528975,0.05883725105537435,0.06000252976791772,0.05936913892692861,0.0,0.7071067811853533,501
stale-friendly-sam-muon@per-layer,Stale Friendly SAM-Muon [per-layer Frob],stale-friendly-sam-muon,muon,added,inf,1.0,0.05634376276197341,0.05593956145864758,0.056709323223422724,0.05625367954265742,0.0,1.4142135623707128,501
stale-grad-sam-muon@global,Stale-Gradient SAM-Muon [global Frob],stale-grad-sam-muon,muon,atlas_opt,1.1,0.01,1.014518045850203,0.9560763214606373,1.046240770915393,1.000635933325654,0.0,0.00999999999999935,501
stale-grad-sam-muon@global,Stale-Gradient SAM-Muon [global Frob],stale-grad-sam-muon,muon,atlas_opt,1.1,0.02,1.0144571361800203,0.9560214829071706,1.0461875105015164,1.0005804985479219,0.0,0.0199999999999987,501
stale-grad-sam-muon@global,Stale-Gradient SAM-Muon [global Frob],stale-grad-sam-muon,muon,atlas_opt,1.1,0.05,1.014265325370343,0.9558476464445752,1.0460185825842325,1.0004050588877098,0.0,0.0499999999999968,501
stale-grad-sam-muon@global,Stale-Gradient SAM-Muon [global Frob],stale-grad-sam-muon,muon,atlas_opt,1.1,0.1,1.0139154096539502,0.9555268952417393,1.0457065792765223,1.0000822492997166,0.0,0.0999999999999937,501
stale-grad-sam-muon@global,Stale-Gradient SAM-Muon [global Frob],stale-grad-sam-muon,muon,atlas_opt,1.1,0.2,1.0131025568983936,0.9547694301050774,1.0449686362628392,0.9993229330650044,0.0,0.19999999999998747,501
stale-grad-sam-muon@global,Stale-Gradient SAM-Muon [global Frob],stale-grad-sam-muon,muon,atlas_opt,1.1,0.5,1.0097683809221745,0.951578573416615,1.0418506462520345,0.9961439414944904,0.0,0.4999999999999687,501
stale-grad-sam-muon@global,Stale-Gradient SAM-Muon [global Frob],stale-grad-sam-muon,muon,atlas_opt,1.1,1.0,1.0013046037788478,0.9432823079655477,1.0337129899026989,0.987921573133993,0.0,0.9999999999999369,501
stale-grad-sam-muon@global,Stale-Gradient SAM-Muon [global Frob],stale-grad-sam-muon,muon,atlas_opt,1.3,0.01,0.5025583795552087,0.49705436838830824,0.5098156270385671,0.5053278754559245,0.0,0.00999999999999855,501
stale-grad-sam-muon@global,Stale-Gradient SAM-Muon [global Frob],stale-grad-sam-muon,muon,atlas_opt,1.3,0.02,0.5025103774534148,0.49700573294463984,0.5097670182021259,0.5052774980905579,0.0,0.0199999999999971,501
stale-grad-sam-muon@global,Stale-Gradient SAM-Muon [global Frob],stale-grad-sam-muon,muon,atlas_opt,1.3,0.05,0.5023582631010483,0.49685208155909816,0.509612774191132,0.5051181563960843,0.0,0.0499999999999927,501
stale-grad-sam-muon@global,Stale-Gradient SAM-Muon [global Frob],stale-grad-sam-muon,muon,atlas_opt,1.3,0.1,0.5020777889917695,0.4965702592929584,0.5093277239811926,0.5048253039025997,0.0,0.0999999999999855,501
stale-grad-sam-muon@global,Stale-Gradient SAM-Muon [global Frob],stale-grad-sam-muon,muon,atlas_opt,1.3,0.2,0.5014164204190559,0.49591076719683436,0.5086533922514817,0.5041379731770391,0.0,0.1999999999999712,501
stale-grad-sam-muon@global,Stale-Gradient SAM-Muon [global Frob],stale-grad-sam-muon,muon,atlas_opt,1.3,0.5,0.49864528071226144,0.4931819677252264,0.505813715783022,0.5012800803228562,0.0,0.49999999999992756,501
stale-grad-sam-muon@global,Stale-Gradient SAM-Muon [global Frob],stale-grad-sam-muon,muon,atlas_opt,1.3,1.0,0.4915577252860108,0.4862835965819166,0.49851764159072187,0.49402081193533887,0.0,0.9999999999998561,501
stale-grad-sam-muon@global,Stale-Gradient SAM-Muon [global Frob],stale-grad-sam-muon,muon,atlas_opt,1.6,0.01,0.23140304334257555,0.22928854971326534,0.23410733502439185,0.23137988171331408,0.0,0.009999999999996751,501
stale-grad-sam-muon@global,Stale-Gradient SAM-Muon [global Frob],stale-grad-sam-muon,muon,atlas_opt,1.6,0.02,0.2313673512655217,0.22925417015470423,0.23407382552658412,0.23134377676937598,0.0,0.01999999999999355,501
stale-grad-sam-muon@global,Stale-Gradient SAM-Muon [global Frob],stale-grad-sam-muon,muon,atlas_opt,1.6,0.05,0.23125398598141925,0.2291442803131093,0.23396691990726454,0.2312289008190123,0.0,0.049999999999984,501
stale-grad-sam-muon@global,Stale-Gradient SAM-Muon [global Frob],stale-grad-sam-muon,muon,atlas_opt,1.6,0.1,0.23104420457284935,0.2289387449409265,0.23376760079238607,0.2310157030371749,0.0,0.099999999999968,501
stale-grad-sam-muon@global,Stale-Gradient SAM-Muon [global Frob],stale-grad-sam-muon,muon,atlas_opt,1.6,0.2,0.23054752413822338,0.22844473775925872,0.23329062934699119,0.2305088931102824,0.0,0.1999999999999361,501
stale-grad-sam-muon@global,Stale-Gradient SAM-Muon [global Frob],stale-grad-sam-muon,muon,atlas_opt,1.6,0.5,0.22846576920575767,0.22632573212889595,0.23125704646304024,0.22837248685486677,0.0,0.4999999999998404,501
stale-grad-sam-muon@global,Stale-Gradient SAM-Muon [global Frob],stale-grad-sam-muon,muon,atlas_opt,1.6,1.0,0.2232448866527651,0.22093016093391604,0.2260859287504863,0.22300491611322248,0.0,0.9999999999996805,501
stale-grad-sam-muon@global,Stale-Gradient SAM-Muon [global Frob],stale-grad-sam-muon,muon,atlas_opt,2.0,0.01,0.11444891086164825,0.11066900705049385,0.11493925121216378,0.11363723176156686,0.0,0.00999999999999365,501
stale-grad-sam-muon@global,Stale-Gradient SAM-Muon [global Frob],stale-grad-sam-muon,muon,atlas_opt,2.0,0.02,0.11443187984254224,0.11064829955304491,0.11491885598041715,0.11361820273852344,0.0,0.0199999999999873,501
stale-grad-sam-muon@global,Stale-Gradient SAM-Muon [global Frob],stale-grad-sam-muon,muon,atlas_opt,2.0,0.05,0.11437642605674965,0.110582166593375,0.11485325678142133,0.1135569025027365,0.0,0.04999999999996835,501
stale-grad-sam-muon@global,Stale-Gradient SAM-Muon [global Frob],stale-grad-sam-muon,muon,atlas_opt,2.0,0.1,0.11426955874986694,0.11045876751599198,0.11472940524778491,0.11344083289089285,0.0,0.09999999999993675,501
stale-grad-sam-muon@global,Stale-Gradient SAM-Muon [global Frob],stale-grad-sam-muon,muon,atlas_opt,2.0,0.2,0.1140018097197377,0.11016412449951979,0.1144298492051134,0.11315773713465425,0.0,0.1999999999998736,501
stale-grad-sam-muon@global,Stale-Gradient SAM-Muon [global Frob],stale-grad-sam-muon,muon,atlas_opt,2.0,0.5,0.1127487406117154,0.10893204318088427,0.11320889451267227,0.1119273765162382,0.0,0.4999999999996842,501
stale-grad-sam-muon@global,Stale-Gradient SAM-Muon [global Frob],stale-grad-sam-muon,muon,atlas_opt,2.0,1.0,0.1094601501270774,0.10599625538264262,0.10989928197738405,0.1088105704426951,0.0,0.999999999999369,501
stale-grad-sam-muon@global,Stale-Gradient SAM-Muon [global Frob],stale-grad-sam-muon,muon,atlas_opt,3.0,0.01,0.0551496935926447,0.054647282133031355,0.055745728899237325,0.0551710366220177,0.0,0.0099999999999883,501
stale-grad-sam-muon@global,Stale-Gradient SAM-Muon [global Frob],stale-grad-sam-muon,muon,atlas_opt,3.0,0.02,0.0551431337992051,0.054638992395220624,0.05573797605815965,0.05516355186786709,0.0,0.0199999999999767,501
stale-grad-sam-muon@global,Stale-Gradient SAM-Muon [global Frob],stale-grad-sam-muon,muon,atlas_opt,3.0,0.05,0.05512105728066265,0.05461177550423463,0.0557120850782239,0.05513864346316048,0.0,0.0499999999999418,501
stale-grad-sam-muon@global,Stale-Gradient SAM-Muon [global Frob],stale-grad-sam-muon,muon,atlas_opt,3.0,0.1,0.05507627063303655,0.054558695957258124,0.05566023375641375,0.0550890143378315,0.0,0.09999999999988365,501
stale-grad-sam-muon@global,Stale-Gradient SAM-Muon [global Frob],stale-grad-sam-muon,muon,atlas_opt,3.0,0.2,0.05495670528556075,0.054424557234099925,0.05552488381732008,0.0549599937589543,0.0,0.19999999999976742,501
stale-grad-sam-muon@global,Stale-Gradient SAM-Muon [global Frob],stale-grad-sam-muon,muon,atlas_opt,3.0,0.5,0.05435792440031455,0.05382523818377945,0.054887791198808274,0.05435288923294081,0.0,0.4999999999994189,501
stale-grad-sam-muon@global,Stale-Gradient SAM-Muon [global Frob],stale-grad-sam-muon,muon,atlas_opt,3.0,1.0,0.052699924598958,0.052259370384514725,0.053278461843589295,0.05277692770941535,0.0,0.9999999999988406,501
stale-grad-sam-muon@global,Stale-Gradient SAM-Muon [global Frob],stale-grad-sam-muon,muon,atlas_opt,inf,0.01,0.0608154242982668,0.06026453254262845,0.06156930099792428,0.06090273903085432,0.0,0.0099999999999894,501
stale-grad-sam-muon@global,Stale-Gradient SAM-Muon [global Frob],stale-grad-sam-muon,muon,atlas_opt,inf,0.02,0.06080821634218355,0.06025755492505995,0.061560989582167554,0.06089459969471819,0.0,0.019999999999978847,501
stale-grad-sam-muon@global,Stale-Gradient SAM-Muon [global Frob],stale-grad-sam-muon,muon,atlas_opt,inf,0.05,0.06078414547677895,0.06023412672273998,0.061533480681579406,0.06086757402811199,0.0,0.049999999999947295,501
stale-grad-sam-muon@global,Stale-Gradient SAM-Muon [global Frob],stale-grad-sam-muon,muon,atlas_opt,inf,0.1,0.0607363087199526,0.06018681965167645,0.0614791161543205,0.0608139919559251,0.0,0.09999999999989455,501
stale-grad-sam-muon@global,Stale-Gradient SAM-Muon [global Frob],stale-grad-sam-muon,muon,atlas_opt,inf,0.2,0.06061364813365195,0.06006162582607698,0.0613393763814593,0.06067583958170601,0.0,0.1999999999997893,501
stale-grad-sam-muon@global,Stale-Gradient SAM-Muon [global Frob],stale-grad-sam-muon,muon,atlas_opt,inf,0.5,0.05998697955603955,0.05945069061188633,0.060685324128575524,0.06001208992689999,0.0,0.4999999999994734,501
stale-grad-sam-muon@global,Stale-Gradient SAM-Muon [global Frob],stale-grad-sam-muon,muon,atlas_opt,inf,1.0,0.0582807293132174,0.05771210874252208,0.0588408845354428,0.05823139397753479,0.0,0.9999999999989493,501
stale-grad-sam-muon@per-layer,Stale-Gradient SAM-Muon [per-layer Frob],stale-grad-sam-muon,muon,atlas_opt,1.1,0.01,1.0144571585373967,0.9560249207831951,1.0461861897062428,1.0005799846755359,0.0,0.0141421356237294,501
stale-grad-sam-muon@per-layer,Stale-Gradient SAM-Muon [per-layer Frob],stale-grad-sam-muon,muon,atlas_opt,1.1,0.02,1.0143341347202344,0.9559174052084468,1.0460771293976165,1.0004673779314388,0.0,0.0282842712474589,501
stale-grad-sam-muon@per-layer,Stale-Gradient SAM-Muon [per-layer Frob],stale-grad-sam-muon,muon,atlas_opt,1.1,0.05,1.0139486360880166,0.9555778944612283,1.0457335012890985,1.0001130967639154,0.0,0.0707106781186474,501
stale-grad-sam-muon@per-layer,Stale-Gradient SAM-Muon [per-layer Frob],stale-grad-sam-muon,muon,atlas_opt,1.1,0.1,1.0132515209111135,0.9549556356653185,1.0451060703165505,0.9994678897478599,0.0,0.14142135623729485,501
stale-grad-sam-muon@per-layer,Stale-Gradient SAM-Muon [per-layer Frob],stale-grad-sam-muon,muon,atlas_opt,1.1,0.2,1.0116536192366339,0.9535007324478565,1.043646918775598,0.9979732926024558,0.0,0.28284271247458975,501
stale-grad-sam-muon@per-layer,Stale-Gradient SAM-Muon [per-layer Frob],stale-grad-sam-muon,muon,atlas_opt,1.1,0.5,1.005258178907619,0.9474806531411943,1.037658301590487,0.9918827634698629,0.0,0.7071067811864744,501
stale-grad-sam-muon@per-layer,Stale-Gradient SAM-Muon [per-layer Frob],stale-grad-sam-muon,muon,atlas_opt,1.1,1.0,0.9895048679983192,0.9321757227225669,1.0225276800247831,0.976618629156391,0.0,1.4142135623729488,501
stale-grad-sam-muon@per-layer,Stale-Gradient SAM-Muon [per-layer Frob],stale-grad-sam-muon,muon,atlas_opt,1.3,0.01,0.5025193672635515,0.49701977061068925,0.5097809817594869,0.5052912895170785,0.0,0.01414213562372725,501
stale-grad-sam-muon@per-layer,Stale-Gradient SAM-Muon [per-layer Frob],stale-grad-sam-muon,muon,atlas_opt,1.3,0.02,0.5024311052508013,0.4969353241577537,0.5096964999339801,0.5052030886420861,0.0,0.0282842712474545,501
stale-grad-sam-muon@per-layer,Stale-Gradient SAM-Muon [per-layer Frob],stale-grad-sam-muon,muon,atlas_opt,1.3,0.05,0.5021507569636351,0.49666698724417374,0.5094272954707688,0.5049228780458384,0.0,0.0707106781186363,501
stale-grad-sam-muon@per-layer,Stale-Gradient SAM-Muon [per-layer Frob],stale-grad-sam-muon,muon,atlas_opt,1.3,0.1,0.5016319133567664,0.49617002022465195,0.5089263335749894,0.5044040901737676,0.0,0.1414213562372727,501
stale-grad-sam-muon@per-layer,Stale-Gradient SAM-Muon [per-layer Frob],stale-grad-sam-muon,muon,atlas_opt,1.3,0.2,0.5004030589756114,0.4949916864281968,0.5077303856039544,0.5031745309191147,0.0,0.28284271247454545,501
stale-grad-sam-muon@per-layer,Stale-Gradient SAM-Muon [per-layer Frob],stale-grad-sam-muon,muon,atlas_opt,1.3,0.5,0.49524525347023174,0.49003473843753464,0.5026429662696013,0.49800432690447066,0.0,0.7071067811863638,501
stale-grad-sam-muon@per-layer,Stale-Gradient SAM-Muon [per-layer Frob],stale-grad-sam-muon,muon,atlas_opt,1.3,1.0,0.4822757581312137,0.47751742321462753,0.48965028127935045,0.48494356626836854,0.0,1.414213562372728,501
stale-grad-sam-muon@per-layer,Stale-Gradient SAM-Muon [per-layer Frob],stale-grad-sam-muon,muon,atlas_opt,1.6,0.01,0.23138022664983537,0.22926981696121496,0.23408704474235834,0.23135875179137128,0.0,0.014142135623722251,501
stale-grad-sam-muon@per-layer,Stale-Gradient SAM-Muon [per-layer Frob],stale-grad-sam-muon,muon,atlas_opt,1.6,0.02,0.23132064416609593,0.22921557869657092,0.23403208143895818,0.23130036184579011,0.0,0.02828427124744455,501
stale-grad-sam-muon@per-layer,Stale-Gradient SAM-Muon [per-layer Frob],stale-grad-sam-muon,muon,atlas_opt,1.6,0.05,0.23112921172166273,0.2290393967224422,0.2338538763520626,0.231111747840534,0.0,0.07071067811861155,501
stale-grad-sam-muon@per-layer,Stale-Gradient SAM-Muon [per-layer Frob],stale-grad-sam-muon,muon,atlas_opt,1.6,0.1,0.23076829884036115,0.22870125377514366,0.23351288103550272,0.23075302027351108,0.0,0.14142135623722316,501
stale-grad-sam-muon@per-layer,Stale-Gradient SAM-Muon [per-layer Frob],stale-grad-sam-muon,muon,atlas_opt,1.6,0.2,0.22989308678583553,0.22786146647471234,0.2326693564623364,0.2298729614133047,0.0,0.28284271247444637,501
stale-grad-sam-muon@per-layer,Stale-Gradient SAM-Muon [per-layer Frob],stale-grad-sam-muon,muon,atlas_opt,1.6,0.5,0.22612986483928077,0.22412776267048767,0.22893584187057942,0.22602921619538136,0.0,0.7071067811861165,501
stale-grad-sam-muon@per-layer,Stale-Gradient SAM-Muon [per-layer Frob],stale-grad-sam-muon,muon,atlas_opt,1.6,1.0,0.2168236367252355,0.21474159388112746,0.2195590615099014,0.2164731963145236,0.0,1.4142135623722343,501
stale-grad-sam-muon@per-layer,Stale-Gradient SAM-Muon [per-layer Frob],stale-grad-sam-muon,muon,atlas_opt,2.0,0.01,0.11443937621247435,0.1106578077855135,0.11492839451032952,0.11362674139613826,0.0,0.01414213562371755,501
stale-grad-sam-muon@per-layer,Stale-Gradient SAM-Muon [per-layer Frob],stale-grad-sam-muon,muon,atlas_opt,2.0,0.02,0.11441193981534606,0.11062512327625983,0.11489628401327026,0.11359640744923208,0.0,0.0282842712474352,501
stale-grad-sam-muon@per-layer,Stale-Gradient SAM-Muon [per-layer Frob],stale-grad-sam-muon,muon,atlas_opt,2.0,0.05,0.11432008450727496,0.11051845776326212,0.11479045861466206,0.11349635662605395,0.0,0.07071067811858806,501
stale-grad-sam-muon@per-layer,Stale-Gradient SAM-Muon [per-layer Frob],stale-grad-sam-muon,muon,atlas_opt,2.0,0.1,0.11413553908315194,0.11031259890110248,0.1145830884550566,0.11329992725999385,0.0,0.14142135623717617,501
stale-grad-sam-muon@per-layer,Stale-Gradient SAM-Muon [per-layer Frob],stale-grad-sam-muon,muon,atlas_opt,2.0,0.2,0.11363531096489829,0.10980072154539525,0.11408241311253572,0.1127999183738722,0.0,0.28284271247435244,501
stale-grad-sam-muon@per-layer,Stale-Gradient SAM-Muon [per-layer Frob],stale-grad-sam-muon,muon,atlas_opt,2.0,0.5,0.11128569295100435,0.10758969306928527,0.11181677926653318,0.11053720923396569,0.0,0.7071067811858813,501
stale-grad-sam-muon@per-layer,Stale-Gradient SAM-Muon [per-layer Frob],stale-grad-sam-muon,muon,atlas_opt,2.0,1.0,0.10524527270518799,0.1023390019697221,0.10611864021622158,0.10495192945836168,0.0,1.4142135623717664,501
stale-grad-sam-muon@per-layer,Stale-Gradient SAM-Muon [per-layer Frob],stale-grad-sam-muon,muon,atlas_opt,3.0,0.01,0.0551462300397489,0.0546432414649036,0.05574176765530067,0.055167109486845126,0.0,0.01414213562370685,501
stale-grad-sam-muon@per-layer,Stale-Gradient SAM-Muon [per-layer Frob],stale-grad-sam-muon,muon,atlas_opt,3.0,0.02,0.055135740169461905,0.05463046268967415,0.05572953348696255,0.055155215745290476,0.0,0.0282842712474138,501
stale-grad-sam-muon@per-layer,Stale-Gradient SAM-Muon [per-layer Frob],stale-grad-sam-muon,muon,atlas_opt,3.0,0.05,0.0550990856230396,0.05458711498932755,0.0556871046118766,0.05511421486534458,0.0,0.0707106781185346,501
stale-grad-sam-muon@per-layer,Stale-Gradient SAM-Muon [per-layer Frob],stale-grad-sam-muon,muon,atlas_opt,3.0,0.1,0.055020766414274,0.05449845717917665,0.055597627875765124,0.055028406280050825,0.0,0.1414213562370693,501
stale-grad-sam-muon@per-layer,Stale-Gradient SAM-Muon [per-layer Frob],stale-grad-sam-muon,muon,atlas_opt,3.0,0.2,0.054799919258520347,0.05426259966157328,0.055351804327979724,0.054793853638346005,0.0,0.28284271247413884,501
stale-grad-sam-muon@per-layer,Stale-Gradient SAM-Muon [per-layer Frob],stale-grad-sam-muon,muon,atlas_opt,3.0,0.5,0.0536348861229274,0.05317029231149467,0.0541434626710849,0.053647517149840715,0.0,0.7071067811853489,501
stale-grad-sam-muon@per-layer,Stale-Gradient SAM-Muon [per-layer Frob],stale-grad-sam-muon,muon,atlas_opt,3.0,1.0,0.05118559794961065,0.05031217386545455,0.05179850952936783,0.05110816755587479,0.0,1.414213562370711,501
stale-grad-sam-muon@per-layer,Stale-Gradient SAM-Muon [per-layer Frob],stale-grad-sam-muon,muon,atlas_opt,inf,0.01,0.06081158192008005,0.060260879302539996,0.06156542164292378,0.06089851537160245,0.0,0.01414213562370885,501
stale-grad-sam-muon@per-layer,Stale-Gradient SAM-Muon [per-layer Frob],stale-grad-sam-muon,muon,atlas_opt,inf,0.02,0.06080004497851445,0.06024978356409168,0.061552733519433175,0.060885637654871136,0.0,0.02828427124741775,501
stale-grad-sam-muon@per-layer,Stale-Gradient SAM-Muon [per-layer Frob],stale-grad-sam-muon,muon,atlas_opt,inf,0.05,0.060760189085397695,0.06021123716879385,0.06150912396849717,0.0608413513729529,0.0,0.0707106781185444,501
stale-grad-sam-muon@per-layer,Stale-Gradient SAM-Muon [per-layer Frob],stale-grad-sam-muon,muon,atlas_opt,inf,0.1,0.0606774178257875,0.06012966830838042,0.06141823440938213,0.06074916421991301,0.0,0.1414213562370889,501
stale-grad-sam-muon@per-layer,Stale-Gradient SAM-Muon [per-layer Frob],stale-grad-sam-muon,muon,atlas_opt,inf,0.2,0.0604506654177383,0.059903169657375126,0.061171147977963324,0.06049773381249972,0.0,0.282842712474178,501
stale-grad-sam-muon@per-layer,Stale-Gradient SAM-Muon [per-layer Frob],stale-grad-sam-muon,muon,atlas_opt,inf,0.5,0.05924147775388345,0.058757200881616005,0.0598877769819914,0.059236687404412444,0.0,0.7071067811854466,501
stale-grad-sam-muon@per-layer,Stale-Gradient SAM-Muon [per-layer Frob],stale-grad-sam-muon,muon,atlas_opt,inf,1.0,0.056541080951421754,0.05584317717562215,0.056907676336004395,0.05630390517280505,0.0,1.4142135623709038,501
stale-momentum-friendly-sam-muon@global,Stale Momentum-Friendly SAM-Muon [global Frob],stale-momentum-friendly-sam-muon,muon,added,1.1,0.01,1.0144599028508352,0.9560366823873363,1.0462014040599468,1.0005908346008443,0.0,0.009999999999999551,501
stale-momentum-friendly-sam-muon@global,Stale Momentum-Friendly SAM-Muon [global Frob],stale-momentum-friendly-sam-muon,muon,added,1.1,0.02,1.01434096694235,0.9559423112651368,1.0461088290608795,1.000490383769644,0.0,0.0199999999999992,501
stale-momentum-friendly-sam-muon@global,Stale Momentum-Friendly SAM-Muon [global Frob],stale-momentum-friendly-sam-muon,muon,added,1.1,0.05,1.0139757860498366,0.9556505164483658,1.045822274513768,1.0001803947449361,0.0,0.049999999999998046,501
stale-momentum-friendly-sam-muon@global,Stale Momentum-Friendly SAM-Muon [global Frob],stale-momentum-friendly-sam-muon,muon,added,1.1,0.1,1.0133393308209249,0.9551353024769279,1.0453153061081397,0.9996350173647981,0.0,0.0999999999999962,501
stale-momentum-friendly-sam-muon@global,Stale Momentum-Friendly SAM-Muon [global Frob],stale-momentum-friendly-sam-muon,muon,added,1.1,0.2,1.0119628021564617,0.9539969610371571,1.0441916630823647,0.998437035848146,0.0,0.19999999999999254,501
stale-momentum-friendly-sam-muon@global,Stale Momentum-Friendly SAM-Muon [global Frob],stale-momentum-friendly-sam-muon,muon,added,1.1,0.5,1.0070197453546632,0.9497298400503631,1.0399548572330997,0.9939985585185473,0.0,0.4999999999999813,501
stale-momentum-friendly-sam-muon@global,Stale Momentum-Friendly SAM-Muon [global Frob],stale-momentum-friendly-sam-muon,muon,added,1.1,1.0,0.9961846659183592,0.939889129623766,1.0301193882604704,0.9839156270194536,0.0,0.9999999999999623,501
stale-momentum-friendly-sam-muon@global,Stale Momentum-Friendly SAM-Muon [global Frob],stale-momentum-friendly-sam-muon,muon,added,1.3,0.01,0.5025376969492976,0.4970473904337979,0.5098067365381365,0.5053160935933219,0.0,0.009999999999998701,501
stale-momentum-friendly-sam-muon@global,Stale Momentum-Friendly SAM-Muon [global Frob],stale-momentum-friendly-sam-muon,muon,added,1.3,0.02,0.5024691416956246,0.49699182498447825,0.5097491770831869,0.5052540232597886,0.0,0.01999999999999745,501
stale-momentum-friendly-sam-muon@global,Stale Momentum-Friendly SAM-Muon [global Frob],stale-momentum-friendly-sam-muon,muon,added,1.3,0.05,0.5022561516217618,0.49681766501031244,0.5095677160815749,0.5050601377295447,0.0,0.0499999999999937,501
stale-momentum-friendly-sam-muon@global,Stale Momentum-Friendly SAM-Muon [global Frob],stale-momentum-friendly-sam-muon,muon,added,1.3,0.1,0.5018768757391522,0.4965025639497969,0.5092360645797925,0.50471150939063,0.0,0.09999999999998745,501
stale-momentum-friendly-sam-muon@global,Stale Momentum-Friendly SAM-Muon [global Frob],stale-momentum-friendly-sam-muon,muon,added,1.3,0.2,0.5010282556104684,0.49577965175551597,0.5084637704668927,0.5039195132061468,0.0,0.19999999999997486,501
stale-momentum-friendly-sam-muon@global,Stale Momentum-Friendly SAM-Muon [global Frob],stale-momentum-friendly-sam-muon,muon,added,1.3,0.5,0.49778796509041695,0.49288186866557565,0.5052928054722651,0.5008072061250225,0.0,0.4999999999999375,501
stale-momentum-friendly-sam-muon@global,Stale Momentum-Friendly SAM-Muon [global Frob],stale-momentum-friendly-sam-muon,muon,added,1.3,1.0,0.48984925408709135,0.4857573055439648,0.4980438911217634,0.4933590744684262,0.0,0.9999999999998745,501
stale-momentum-friendly-sam-muon@global,Stale Momentum-Friendly SAM-Muon [global Frob],stale-momentum-friendly-sam-muon,muon,added,1.6,0.01,0.23140668496547614,0.22928946668951378,0.23410980123684572,0.23138305727607028,0.0,0.00999999999999665,501
stale-momentum-friendly-sam-muon@global,Stale Momentum-Friendly SAM-Muon [global Frob],stale-momentum-friendly-sam-muon,muon,added,1.6,0.02,0.23137466660041905,0.22925602614271118,0.23407881054917073,0.23135016645031653,0.0,0.01999999999999335,501
stale-momentum-friendly-sam-muon@global,Stale Momentum-Friendly SAM-Muon [global Frob],stale-momentum-friendly-sam-muon,muon,added,1.6,0.05,0.2312725061584096,0.22914907816066288,0.2339797688378245,0.23124515494113543,0.0,0.0499999999999835,501
stale-momentum-friendly-sam-muon@global,Stale Momentum-Friendly SAM-Muon [global Frob],stale-momentum-friendly-sam-muon,muon,added,1.6,0.1,0.23108195699776962,0.22894881724394614,0.23379453239466558,0.23104908345157127,0.0,0.09999999999996706,501
stale-momentum-friendly-sam-muon@global,Stale Momentum-Friendly SAM-Muon [global Frob],stale-momentum-friendly-sam-muon,muon,added,1.6,0.2,0.23062539282215044,0.22846640993395126,0.23334902187381093,0.23057869805938103,0.0,0.19999999999993426,501
stale-momentum-friendly-sam-muon@global,Stale Momentum-Friendly SAM-Muon [global Frob],stale-momentum-friendly-sam-muon,muon,added,1.6,0.5,0.22866727690666266,0.2263833584987998,0.23142913214217029,0.22856163670699148,0.0,0.4999999999998354,501
stale-momentum-friendly-sam-muon@global,Stale Momentum-Friendly SAM-Muon [global Frob],stale-momentum-friendly-sam-muon,muon,added,1.6,1.0,0.2235952739917818,0.22099777794759717,0.22635429585242944,0.22338062093822952,0.0,0.9999999999996712,501
stale-momentum-friendly-sam-muon@global,Stale Momentum-Friendly SAM-Muon [global Frob],stale-momentum-friendly-sam-muon,muon,added,2.0,0.01,0.11444751229114394,0.11066798123247448,0.11494078370909977,0.11363743843251231,0.0,0.009999999999993351,501
stale-momentum-friendly-sam-muon@global,Stale Momentum-Friendly SAM-Muon [global Frob],stale-momentum-friendly-sam-muon,muon,added,2.0,0.02,0.11442909808789335,0.11064624551089519,0.11492190646073268,0.11361861599278095,0.0,0.0199999999999868,501
stale-momentum-friendly-sam-muon@global,Stale Momentum-Friendly SAM-Muon [global Frob],stale-momentum-friendly-sam-muon,muon,added,2.0,0.05,0.11436958079038584,0.11057700962334344,0.11486075889009738,0.11355792694298186,0.0,0.049999999999967154,501
stale-momentum-friendly-sam-muon@global,Stale Momentum-Friendly SAM-Muon [global Frob],stale-momentum-friendly-sam-muon,muon,added,2.0,0.1,0.1142561879452938,0.11044835366684318,0.1147438923657484,0.11344279747020461,0.0,0.09999999999993431,501
stale-momentum-friendly-sam-muon@global,Stale Momentum-Friendly SAM-Muon [global Frob],stale-momentum-friendly-sam-muon,muon,added,2.0,0.2,0.1139766878808822,0.11014266321827575,0.11445491503468967,0.11316088956196085,0.0,0.1999999999998687,501
stale-momentum-friendly-sam-muon@global,Stale Momentum-Friendly SAM-Muon [global Frob],stale-momentum-friendly-sam-muon,muon,added,2.0,0.5,0.11272813244630525,0.10886720329045987,0.1131752306917024,0.111921197823555,0.0,0.4999999999996718,501
stale-momentum-friendly-sam-muon@global,Stale Momentum-Friendly SAM-Muon [global Frob],stale-momentum-friendly-sam-muon,muon,added,2.0,1.0,0.10936797302640555,0.10577503824531533,0.10991087136500635,0.10872138280175699,0.0,0.9999999999993443,501
stale-momentum-friendly-sam-muon@global,Stale Momentum-Friendly SAM-Muon [global Frob],stale-momentum-friendly-sam-muon,muon,added,3.0,0.01,0.05514739709616605,0.054646455951241096,0.05574544882817203,0.05516986898532013,0.0,0.00999999999998785,501
stale-momentum-friendly-sam-muon@global,Stale Momentum-Friendly SAM-Muon [global Frob],stale-momentum-friendly-sam-muon,muon,added,3.0,0.02,0.05513852183268955,0.05463733182643378,0.0557374340372302,0.05516121832775202,0.0,0.019999999999975752,501
stale-momentum-friendly-sam-muon@global,Stale Momentum-Friendly SAM-Muon [global Frob],stale-momentum-friendly-sam-muon,muon,added,3.0,0.05,0.0551093912917955,0.05460755184324247,0.0557108577988094,0.05513281949006116,0.0,0.0499999999999394,501
stale-momentum-friendly-sam-muon@global,Stale Momentum-Friendly SAM-Muon [global Frob],stale-momentum-friendly-sam-muon,muon,added,3.0,0.1,0.05505252943331875,0.05454993222722705,0.05565813375397615,0.05507737332481376,0.0,0.09999999999987891,501
stale-momentum-friendly-sam-muon@global,Stale Momentum-Friendly SAM-Muon [global Frob],stale-momentum-friendly-sam-muon,muon,added,3.0,0.2,0.05490792113742815,0.054405205940636324,0.05552125353691292,0.05493644209641971,0.0,0.19999999999975787,501
stale-momentum-friendly-sam-muon@global,Stale Momentum-Friendly SAM-Muon [global Frob],stale-momentum-friendly-sam-muon,muon,added,3.0,0.5,0.0542329201302341,0.0537566576163414,0.05486133999786175,0.05428467076969977,0.0,0.4999999999993952,501
stale-momentum-friendly-sam-muon@global,Stale Momentum-Friendly SAM-Muon [global Frob],stale-momentum-friendly-sam-muon,muon,added,3.0,1.0,0.0524822456227428,0.052076986153423196,0.053092937419040004,0.05258245563703004,0.0,0.9999999999987927,501
stale-momentum-friendly-sam-muon@global,Stale Momentum-Friendly SAM-Muon [global Frob],stale-momentum-friendly-sam-muon,muon,added,inf,0.01,0.060814219686849455,0.060263099227124695,0.061567698098036576,0.06090133184431393,0.0,0.009999999999989,501
stale-momentum-friendly-sam-muon@global,Stale Momentum-Friendly SAM-Muon [global Frob],stale-momentum-friendly-sam-muon,muon,added,inf,0.02,0.0608057955038415,0.06025467414730383,0.061557767511614125,0.06089177941469801,0.0,0.01999999999997805,501
stale-momentum-friendly-sam-muon@global,Stale Momentum-Friendly SAM-Muon [global Frob],stale-momentum-friendly-sam-muon,muon,added,inf,0.05,0.0607779563005299,0.060226815666442154,0.0615253103490784,0.060860470445532354,0.0,0.049999999999945144,501
stale-momentum-friendly-sam-muon@global,Stale Momentum-Friendly SAM-Muon [global Frob],stale-momentum-friendly-sam-muon,muon,added,inf,0.1,0.060723089380914655,0.06017182302640375,0.06146238852801422,0.06079951479650001,0.0,0.09999999999989025,501
stale-momentum-friendly-sam-muon@global,Stale Momentum-Friendly SAM-Muon [global Frob],stale-momentum-friendly-sam-muon,muon,added,inf,0.2,0.06058242115950255,0.0600301517057738,0.061303981236920005,0.06064527902904561,0.0,0.1999999999997807,501
stale-momentum-friendly-sam-muon@global,Stale Momentum-Friendly SAM-Muon [global Frob],stale-momentum-friendly-sam-muon,muon,added,inf,0.5,0.059922284162012854,0.05936232797842765,0.060585012565871475,0.0599358323470567,0.0,0.4999999999994519,501
stale-momentum-friendly-sam-muon@global,Stale Momentum-Friendly SAM-Muon [global Frob],stale-momentum-friendly-sam-muon,muon,added,inf,1.0,0.0581538051308154,0.05756691704168737,0.05858837317087407,0.05806781748217678,0.0,0.9999999999989054,501
stale-momentum-friendly-sam-muon@per-layer,Stale Momentum-Friendly SAM-Muon [per-layer Frob],stale-momentum-friendly-sam-muon,muon,added,1.1,0.01,1.01437108099702,0.9559623969686045,1.0461196464945965,1.0005086668270775,0.0,0.014142135623729749,501
stale-momentum-friendly-sam-muon@per-layer,Stale Momentum-Friendly SAM-Muon [per-layer Frob],stale-momentum-friendly-sam-muon,muon,added,1.1,0.02,1.0141622867786388,0.9557925220447396,1.0459442159655028,1.0003249623807724,0.0,0.02828427124745955,501
stale-momentum-friendly-sam-muon@per-layer,Stale Momentum-Friendly SAM-Muon [per-layer Frob],stale-momentum-friendly-sam-muon,muon,added,1.1,0.05,1.013521336196593,0.9552669301779224,1.0454025274871017,0.9997587220062624,0.0,0.0707106781186489,501
stale-momentum-friendly-sam-muon@per-layer,Stale Momentum-Friendly SAM-Muon [per-layer Frob],stale-momentum-friendly-sam-muon,muon,added,1.1,0.1,1.012404763501243,0.9543379255340976,1.0444485738482319,0.9987647776435844,0.0,0.1414213562372979,501
stale-momentum-friendly-sam-muon@per-layer,Stale Momentum-Friendly SAM-Muon [per-layer Frob],stale-momentum-friendly-sam-muon,muon,added,1.1,0.2,1.0099922844012876,0.9522828159969402,1.0423504116244664,0.9965903482384865,0.0,0.2828427124745959,501
stale-momentum-friendly-sam-muon@per-layer,Stale Momentum-Friendly SAM-Muon [per-layer Frob],stale-momentum-friendly-sam-muon,muon,added,1.1,0.5,1.001361476061672,0.9445838451315591,1.0345712243049676,0.9886171407858892,0.0,0.70710678118649,501
stale-momentum-friendly-sam-muon@per-layer,Stale Momentum-Friendly SAM-Muon [per-layer Frob],stale-momentum-friendly-sam-muon,muon,added,1.1,1.0,0.982645667633097,0.9270341110344595,1.016991966273924,0.9708669205161227,0.0,1.4142135623729797,501
stale-momentum-friendly-sam-muon@per-layer,Stale Momentum-Friendly SAM-Muon [per-layer Frob],stale-momentum-friendly-sam-muon,muon,added,1.3,0.01,0.5024855175296072,0.49700807559922655,0.5097657022305055,0.5052724127790892,0.0,0.01414213562372805,501
stale-momentum-friendly-sam-muon@per-layer,Stale Momentum-Friendly SAM-Muon [per-layer Frob],stale-momentum-friendly-sam-muon,muon,added,1.3,0.02,0.5023637279477484,0.4969120747080623,0.5096659080945806,0.505165552204484,0.0,0.0282842712474562,501
stale-momentum-friendly-sam-muon@per-layer,Stale Momentum-Friendly SAM-Muon [per-layer Frob],stale-momentum-friendly-sam-muon,muon,added,1.3,0.05,0.5019847400923639,0.4966098989039656,0.5093505571408337,0.5048306588235179,0.0,0.07071067811864065,501
stale-momentum-friendly-sam-muon@per-layer,Stale Momentum-Friendly SAM-Muon [per-layer Frob],stale-momentum-friendly-sam-muon,muon,added,1.3,0.1,0.5013080368302684,0.4960591711920039,0.5087719174800145,0.5042250225646567,0.0,0.1414213562372814,501
stale-momentum-friendly-sam-muon@per-layer,Stale Momentum-Friendly SAM-Muon [per-layer Frob],stale-momentum-friendly-sam-muon,muon,added,1.3,0.2,0.499788474658899,0.49478242637129755,0.5074173490350029,0.5028376668775815,0.0,0.2828427124745628,501
stale-momentum-friendly-sam-muon@per-layer,Stale Momentum-Friendly SAM-Muon [per-layer Frob],stale-momentum-friendly-sam-muon,muon,added,1.3,0.5,0.4939686927065794,0.48958976080698535,0.5018262492163523,0.4973190848978049,0.0,0.7071067811864069,501
stale-momentum-friendly-sam-muon@per-layer,Stale Momentum-Friendly SAM-Muon [per-layer Frob],stale-momentum-friendly-sam-muon,muon,added,1.3,1.0,0.4802450088228391,0.4768034062160158,0.4885457599160593,0.48408197722072466,0.0,1.4142135623728143,501
stale-momentum-friendly-sam-muon@per-layer,Stale Momentum-Friendly SAM-Muon [per-layer Frob],stale-momentum-friendly-sam-muon,muon,added,1.6,0.01,0.23138536333275128,0.22927248150686835,0.23409089934382915,0.23136368045928968,0.0,0.01414213562372255,501
stale-momentum-friendly-sam-muon@per-layer,Stale Momentum-Friendly SAM-Muon [per-layer Frob],stale-momentum-friendly-sam-muon,muon,added,1.6,0.02,0.2313309814508528,0.22922096985589147,0.23403989216292928,0.2313102973040567,0.0,0.02828427124744515,501
stale-momentum-friendly-sam-muon@per-layer,Stale Momentum-Friendly SAM-Muon [per-layer Frob],stale-momentum-friendly-sam-muon,muon,added,1.6,0.05,0.23115550892010933,0.22905330994196857,0.23387413885112726,0.23113714277556424,0.0,0.07071067811861301,501
stale-momentum-friendly-sam-muon@per-layer,Stale Momentum-Friendly SAM-Muon [per-layer Frob],stale-momentum-friendly-sam-muon,muon,added,1.6,0.1,0.2308222322489305,0.22873032927572434,0.23355568498830453,0.2308054675075488,0.0,0.14142135623722601,501
stale-momentum-friendly-sam-muon@per-layer,Stale Momentum-Friendly SAM-Muon [per-layer Frob],stale-momentum-friendly-sam-muon,muon,added,1.6,0.2,0.23000493457931465,0.22792309167375158,0.23276276368451262,0.22998302236403365,0.0,0.28284271247445203,501
stale-momentum-friendly-sam-muon@per-layer,Stale Momentum-Friendly SAM-Muon [per-layer Frob],stale-momentum-friendly-sam-muon,muon,added,1.6,0.5,0.22641015998043207,0.22427746128255047,0.2292019027004504,0.22631527851327693,0.0,0.7071067811861307,501
stale-momentum-friendly-sam-muon@per-layer,Stale Momentum-Friendly SAM-Muon [per-layer Frob],stale-momentum-friendly-sam-muon,muon,added,1.6,1.0,0.21722133302667115,0.2148423757638636,0.21988421279569498,0.2169149059353287,0.0,1.4142135623722631,501
stale-momentum-friendly-sam-muon@per-layer,Stale Momentum-Friendly SAM-Muon [per-layer Frob],stale-momentum-friendly-sam-muon,muon,added,2.0,0.01,0.1144377430361624,0.11065668331203532,0.1149309439500269,0.11362735471584148,0.0,0.01414213562371705,501
stale-momentum-friendly-sam-muon@per-layer,Stale Momentum-Friendly SAM-Muon [per-layer Frob],stale-momentum-friendly-sam-muon,muon,added,2.0,0.02,0.11440870015583071,0.1106228716652754,0.11490134426221044,0.11359763307960662,0.0,0.0282842712474341,501
stale-momentum-friendly-sam-muon@per-layer,Stale Momentum-Friendly SAM-Muon [per-layer Frob],stale-momentum-friendly-sam-muon,muon,added,2.0,0.05,0.11431216736943986,0.11051279400971332,0.11480276873543754,0.11349938752834184,0.0,0.07071067811858545,501
stale-momentum-friendly-sam-muon@per-layer,Stale Momentum-Friendly SAM-Muon [per-layer Frob],stale-momentum-friendly-sam-muon,muon,added,2.0,0.1,0.11412018671346491,0.11030105392370035,0.11460623752510707,0.11330570276600047,0.0,0.1414213562371709,501
stale-momentum-friendly-sam-muon@per-layer,Stale Momentum-Friendly SAM-Muon [per-layer Frob],stale-momentum-friendly-sam-muon,muon,added,2.0,0.2,0.113622238983556,0.10977594110155388,0.11409547096324041,0.11280896915145974,0.0,0.2828427124743419,501
stale-momentum-friendly-sam-muon@per-layer,Stale Momentum-Friendly SAM-Muon [per-layer Frob],stale-momentum-friendly-sam-muon,muon,added,2.0,0.5,0.11124027772442266,0.10748764846680048,0.1117901841943991,0.11052141231822764,0.0,0.7071067811858552,501
stale-momentum-friendly-sam-muon@per-layer,Stale Momentum-Friendly SAM-Muon [per-layer Frob],stale-momentum-friendly-sam-muon,muon,added,2.0,1.0,0.10506944972492675,0.10203689029643308,0.10605841167649264,0.10477797424216323,0.0,1.4142135623717131,501
stale-momentum-friendly-sam-muon@per-layer,Stale Momentum-Friendly SAM-Muon [per-layer Frob],stale-momentum-friendly-sam-muon,muon,added,3.0,0.01,0.05514291750261415,0.054642068698382125,0.055741526150956976,0.05516556894223247,0.0,0.014142135623705851,501
stale-momentum-friendly-sam-muon@per-layer,Stale Momentum-Friendly SAM-Muon [per-layer Frob],stale-momentum-friendly-sam-muon,muon,added,3.0,0.02,0.055129076326926554,0.054628095790356254,0.055729089485500975,0.05515214005220982,0.0,0.028284271247411702,501
stale-momentum-friendly-sam-muon@per-layer,Stale Momentum-Friendly SAM-Muon [per-layer Frob],stale-momentum-friendly-sam-muon,muon,added,3.0,0.05,0.05508215707534895,0.0545810154186792,0.05568625692265783,0.055106557057227654,0.0,0.07071067811852935,501
stale-momentum-friendly-sam-muon@per-layer,Stale Momentum-Friendly SAM-Muon [per-layer Frob],stale-momentum-friendly-sam-muon,muon,added,3.0,0.1,0.05498616440565275,0.05448549995320502,0.0555965381888537,0.055013111505796755,0.0,0.1414213562370587,501
stale-momentum-friendly-sam-muon@per-layer,Stale Momentum-Friendly SAM-Muon [per-layer Frob],stale-momentum-friendly-sam-muon,muon,added,3.0,0.2,0.054728840465530004,0.05423269743122875,0.055349065838607756,0.05476237742734036,0.0,0.28284271247411763,501
stale-momentum-friendly-sam-muon@per-layer,Stale Momentum-Friendly SAM-Muon [per-layer Frob],stale-momentum-friendly-sam-muon,muon,added,3.0,0.5,0.0534706900149265,0.0530604062475488,0.05409462555056318,0.05355003103129399,0.0,0.7071067811852954,501
stale-momentum-friendly-sam-muon@per-layer,Stale Momentum-Friendly SAM-Muon [per-layer Frob],stale-momentum-friendly-sam-muon,muon,added,3.0,1.0,0.0505314677049105,0.04993031705934835,0.05103834773317292,0.05056294461091337,0.0,1.4142135623706023,501
stale-momentum-friendly-sam-muon@per-layer,Stale Momentum-Friendly SAM-Muon [per-layer Frob],stale-momentum-friendly-sam-muon,muon,added,inf,0.01,0.0608101657641866,0.06025892924192595,0.06156310837620725,0.06089665785380906,0.0,0.01414213562370795,501
stale-momentum-friendly-sam-muon@per-layer,Stale Momentum-Friendly SAM-Muon [per-layer Frob],stale-momentum-friendly-sam-muon,muon,added,inf,0.02,0.0607971896916711,0.06024585218165025,0.0615480707836433,0.0608819089570142,0.0,0.02828427124741595,501
stale-momentum-friendly-sam-muon@per-layer,Stale Momentum-Friendly SAM-Muon [per-layer Frob],stale-momentum-friendly-sam-muon,muon,added,inf,0.05,0.0607527442449367,0.06020116968163853,0.0614972099470557,0.0608319031478749,0.0,0.0707106781185399,501
stale-momentum-friendly-sam-muon@per-layer,Stale Momentum-Friendly SAM-Muon [per-layer Frob],stale-momentum-friendly-sam-muon,muon,added,inf,0.1,0.06066063127134675,0.0601087412877904,0.06139349504507807,0.06072962174411579,0.0,0.14142135623707985,501
stale-momentum-friendly-sam-muon@per-layer,Stale Momentum-Friendly SAM-Muon [per-layer Frob],stale-momentum-friendly-sam-muon,muon,added,inf,0.2,0.06041186823537875,0.05985834155933865,0.061117163844240804,0.06045634552144325,0.0,0.2828427124741597,501
stale-momentum-friendly-sam-muon@per-layer,Stale Momentum-Friendly SAM-Muon [per-layer Frob],stale-momentum-friendly-sam-muon,muon,added,inf,0.5,0.05918292594735905,0.058631686222537,0.05975859215668712,0.059138855199495216,0.0,0.7071067811854003,501
stale-momentum-friendly-sam-muon@per-layer,Stale Momentum-Friendly SAM-Muon [per-layer Frob],stale-momentum-friendly-sam-muon,muon,added,inf,1.0,0.055906585155525504,0.055509566775625026,0.05640155349701467,0.055844691591891114,0.0,1.4142135623708088,501
stale-momentum-sam-muon@global,Stale-Momentum SAM-Muon [global Frob],stale-momentum-sam-muon,muon,atlas_opt,1.1,0.01,1.0147264120813868,0.9562373125447318,1.0463999010671032,1.0008151080079544,0.0,0.0099999999999999,501
stale-momentum-sam-muon@global,Stale-Momentum SAM-Muon [global Frob],stale-momentum-sam-muon,muon,atlas_opt,1.1,0.02,1.0148743968212113,0.9563438534625142,1.0465060057467341,1.000939225734209,0.0,0.01999999999999985,501
stale-momentum-sam-muon@global,Stale-Momentum SAM-Muon [global Frob],stale-momentum-sam-muon,muon,atlas_opt,1.1,0.05,1.0153124017543007,0.9566564702709506,1.0468165512022805,1.001304684892093,0.0,0.0499999999999997,501
stale-momentum-sam-muon@global,Stale-Momentum SAM-Muon [global Frob],stale-momentum-sam-muon,muon,atlas_opt,1.1,0.1,1.0160224035124095,0.95715410994909,1.0473080826835908,1.0018906980529931,0.0,0.0999999999999995,501
stale-momentum-sam-muon@global,Stale-Momentum SAM-Muon [global Frob],stale-momentum-sam-muon,muon,atlas_opt,1.1,0.2,1.0173661357300885,0.9580616112242164,1.0481925182346181,1.002975502368625,0.0,0.199999999999999,501
stale-momentum-sam-muon@global,Stale-Momentum SAM-Muon [global Frob],stale-momentum-sam-muon,muon,atlas_opt,1.1,0.5,1.020766175976413,0.9600882358773049,1.0500458391171579,1.0055258812354,0.0,0.49999999999999767,501
stale-momentum-sam-muon@global,Stale-Momentum SAM-Muon [global Frob],stale-momentum-sam-muon,muon,atlas_opt,1.1,1.0,1.0242513562033009,0.9612481554184029,1.0505064275003522,1.0074693684903668,0.0,0.999999999999995,501
stale-momentum-sam-muon@global,Stale-Momentum SAM-Muon [global Frob],stale-momentum-sam-muon,muon,atlas_opt,1.3,0.01,0.5026589299569479,0.4971336824204242,0.5099036436374687,0.505414003491607,0.0,0.0099999999999998,501
stale-momentum-sam-muon@global,Stale-Momentum SAM-Muon [global Frob],stale-momentum-sam-muon,muon,atlas_opt,1.3,0.02,0.5027119847944892,0.4971646695086517,0.5099431395566393,0.5054501362890228,0.0,0.01999999999999965,501
stale-momentum-sam-muon@global,Stale-Momentum SAM-Muon [global Frob],stale-momentum-sam-muon,muon,atlas_opt,1.3,0.05,0.5028660467438306,0.4972517417402996,0.5100537136909431,0.505552589562303,0.0,0.0499999999999992,501
stale-momentum-sam-muon@global,Stale-Momentum SAM-Muon [global Frob],stale-momentum-sam-muon,muon,atlas_opt,1.3,0.1,0.5031056912264218,0.49737737025577244,0.5102115858141008,0.5057034574361754,0.0,0.09999999999999845,501
stale-momentum-sam-muon@global,Stale-Momentum SAM-Muon [global Frob],stale-momentum-sam-muon,muon,atlas_opt,1.3,0.2,0.5035200641030275,0.49755697477502264,0.5104284673964834,0.5059303939361843,0.0,0.199999999999997,501
stale-momentum-sam-muon@global,Stale-Momentum SAM-Muon [global Frob],stale-momentum-sam-muon,muon,atlas_opt,1.3,0.5,0.503953641727225,0.49756208667871776,0.5107425968863784,0.5060221102924752,0.0,0.4999999999999927,501
stale-momentum-sam-muon@global,Stale-Momentum SAM-Muon [global Frob],stale-momentum-sam-muon,muon,atlas_opt,1.3,1.0,0.5017369054836435,0.495981045378712,0.5109899833881995,0.5043891484363086,0.0,0.9999999999999851,501
stale-momentum-sam-muon@global,Stale-Momentum SAM-Muon [global Frob],stale-momentum-sam-muon,muon,atlas_opt,1.6,0.01,0.23142822413605213,0.22931428465176484,0.23413053709831472,0.2314049224318121,0.0,0.0099999999999991,501
stale-momentum-sam-muon@global,Stale-Momentum SAM-Muon [global Frob],stale-momentum-sam-muon,muon,atlas_opt,1.6,0.02,0.231418013332099,0.22930582930705345,0.2341205056655283,0.2313941136013753,0.0,0.0199999999999983,501
stale-momentum-sam-muon@global,Stale-Momentum SAM-Muon [global Frob],stale-momentum-sam-muon,muon,atlas_opt,1.6,0.05,0.2313828425818621,0.22927485814034093,0.2340856986116788,0.231356650802885,0.0,0.0499999999999958,501
stale-momentum-sam-muon@global,Stale-Momentum SAM-Muon [global Frob],stale-momentum-sam-muon,muon,atlas_opt,1.6,0.1,0.23130890448380936,0.22920484523926632,0.23401220354665161,0.23127755698975938,0.0,0.0999999999999917,501
stale-momentum-sam-muon@global,Stale-Momentum SAM-Muon [global Frob],stale-momentum-sam-muon,muon,atlas_opt,1.6,0.2,0.23110234934840518,0.22899935904114996,0.23380989825285436,0.23105865649197688,0.0,0.19999999999998344,501
stale-momentum-sam-muon@global,Stale-Momentum SAM-Muon [global Frob],stale-momentum-sam-muon,muon,atlas_opt,1.6,0.5,0.23002082759094455,0.22793364691846113,0.23286716381815142,0.2299769437566368,0.0,0.4999999999999592,501
stale-momentum-sam-muon@global,Stale-Momentum SAM-Muon [global Frob],stale-momentum-sam-muon,muon,atlas_opt,1.6,1.0,0.2276511271445664,0.22517441071723546,0.2314990522320372,0.22760616042342968,0.0,0.9999999999999207,501
stale-momentum-sam-muon@global,Stale-Momentum SAM-Muon [global Frob],stale-momentum-sam-muon,muon,atlas_opt,2.0,0.01,0.1144688306091684,0.11069056094020274,0.11494915017982946,0.11365187468915078,0.0,0.0099999999999981,501
stale-momentum-sam-muon@global,Stale-Momentum SAM-Muon [global Frob],stale-momentum-sam-muon,muon,atlas_opt,2.0,0.02,0.1144720405914665,0.11069147968445128,0.11493928805741797,0.11364774378964554,0.0,0.01999999999999625,501
stale-momentum-sam-muon@global,Stale-Momentum SAM-Muon [global Frob],stale-momentum-sam-muon,muon,atlas_opt,2.0,0.05,0.114479255313818,0.11069038448373462,0.11490957625579437,0.11363268585548937,0.0,0.049999999999990746,501
stale-momentum-sam-muon@global,Stale-Momentum SAM-Muon [global Frob],stale-momentum-sam-muon,muon,atlas_opt,2.0,0.1,0.1144698925865549,0.11067510780519373,0.11488214882850793,0.11359897508223767,0.0,0.09999999999998165,501
stale-momentum-sam-muon@global,Stale-Momentum SAM-Muon [global Frob],stale-momentum-sam-muon,muon,atlas_opt,2.0,0.2,0.11442333634605106,0.11061044289658478,0.11477811880958527,0.11350135517173256,0.0,0.19999999999996365,501
stale-momentum-sam-muon@global,Stale-Momentum SAM-Muon [global Frob],stale-momentum-sam-muon,muon,atlas_opt,2.0,0.5,0.11366003533229654,0.11055367903950337,0.11450714825531914,0.11304293454301675,0.0,0.49999999999991285,501
stale-momentum-sam-muon@global,Stale-Momentum SAM-Muon [global Frob],stale-momentum-sam-muon,muon,atlas_opt,2.0,1.0,0.14087072286727703,0.13446457117461155,0.14604365075410083,0.13965242174419396,0.0,0.9999999999998948,501
stale-momentum-sam-muon@global,Stale-Momentum SAM-Muon [global Frob],stale-momentum-sam-muon,muon,atlas_opt,3.0,0.01,0.0551662561481139,0.054658098751320924,0.055753301879816024,0.055183028457668176,0.0,0.0099999999999965,501
stale-momentum-sam-muon@global,Stale-Momentum SAM-Muon [global Frob],stale-momentum-sam-muon,muon,atlas_opt,3.0,0.02,0.055176492205506994,0.05466083547022045,0.0557529615488755,0.05518757911316466,0.0,0.0199999999999931,501
stale-momentum-sam-muon@global,Stale-Momentum SAM-Muon [global Frob],stale-momentum-sam-muon,muon,atlas_opt,3.0,0.05,0.0552060690869447,0.05466789654071425,0.05574860428288,0.055199096621268685,0.0,0.0499999999999829,501
stale-momentum-sam-muon@global,Stale-Momentum SAM-Muon [global Frob],stale-momentum-sam-muon,muon,atlas_opt,3.0,0.1,0.05525084224342405,0.05467490502102398,0.055733307695613875,0.055211709855348574,0.0,0.0999999999999661,501
stale-momentum-sam-muon@global,Stale-Momentum SAM-Muon [global Frob],stale-momentum-sam-muon,muon,atlas_opt,3.0,0.2,0.055301493202824445,0.05466718333670548,0.055747019020957474,0.05522131440184812,0.0,0.1999999999999335,501
stale-momentum-sam-muon@global,Stale-Momentum SAM-Muon [global Frob],stale-momentum-sam-muon,muon,atlas_opt,3.0,0.5,0.0617088640608967,0.06056501742658198,0.06278968739024043,0.061703544276116636,0.0,0.49999999999989797,501
stale-momentum-sam-muon@global,Stale-Momentum SAM-Muon [global Frob],stale-momentum-sam-muon,muon,atlas_opt,3.0,1.0,0.0878968293199767,0.08504496581418446,0.08858525759221769,0.08660284358638717,0.0,0.9999999999999187,501
stale-momentum-sam-muon@global,Stale-Momentum SAM-Muon [global Frob],stale-momentum-sam-muon,muon,atlas_opt,inf,0.01,0.06082778457643705,0.06027711156766598,0.06158487090106025,0.06091693381681183,0.0,0.0099999999999968,501
stale-momentum-sam-muon@global,Stale-Momentum SAM-Muon [global Frob],stale-momentum-sam-muon,muon,atlas_opt,inf,0.02,0.0608335290751665,0.06028240702790155,0.06159238968794828,0.06092320235610356,0.0,0.0199999999999937,501
stale-momentum-sam-muon@global,Stale-Momentum SAM-Muon [global Frob],stale-momentum-sam-muon,muon,atlas_opt,inf,0.05,0.06085261946650245,0.06029470235675698,0.061613711728887646,0.06094104122375566,0.0,0.04999999999998435,501
stale-momentum-sam-muon@global,Stale-Momentum SAM-Muon [global Frob],stale-momentum-sam-muon,muon,atlas_opt,inf,0.1,0.0608832103956945,0.06030802471260065,0.0616455425415826,0.06096690477236508,0.0,0.09999999999996895,501
stale-momentum-sam-muon@global,Stale-Momentum SAM-Muon [global Frob],stale-momentum-sam-muon,muon,atlas_opt,inf,0.2,0.06093236390253445,0.0603021486663779,0.0616922336345008,0.06099974743339787,0.0,0.19999999999993878,501
stale-momentum-sam-muon@global,Stale-Momentum SAM-Muon [global Frob],stale-momentum-sam-muon,muon,atlas_opt,inf,0.5,0.06753445838488405,0.06664639035196479,0.06795517302386707,0.06698190168843209,0.0,0.4999999999998913,501
stale-momentum-sam-muon@global,Stale-Momentum SAM-Muon [global Frob],stale-momentum-sam-muon,muon,atlas_opt,inf,1.0,0.09143058917007646,0.08829216754038965,0.09584987829891525,0.09149568858957327,0.0,0.9999999999999266,501
stale-momentum-sam-muon@per-layer,Stale-Momentum SAM-Muon [per-layer Frob],stale-momentum-sam-muon,muon,atlas_opt,1.1,0.01,1.0147999810448625,0.9563169598069061,1.0464796943967771,1.0008927943338926,0.0,0.0141421356237308,501
stale-momentum-sam-muon@per-layer,Stale-Momentum SAM-Muon [per-layer Frob],stale-momentum-sam-muon,muon,atlas_opt,1.1,0.02,1.0150208116006265,0.9565022159543187,1.0466646584210835,1.001093727101508,0.0,0.0282842712474616,501
stale-momentum-sam-muon@per-layer,Stale-Momentum SAM-Muon [per-layer Frob],stale-momentum-sam-muon,muon,atlas_opt,1.1,0.05,1.015672982097314,0.9570453491373864,1.0472061408122992,1.0016843639380553,0.0,0.0707106781186541,501
stale-momentum-sam-muon@per-layer,Stale-Momentum SAM-Muon [per-layer Frob],stale-momentum-sam-muon,muon,atlas_opt,1.1,0.1,1.0167251602565825,0.9579082086267453,1.0480635549796555,1.0026278870036873,0.0,0.1414213562373082,501
stale-momentum-sam-muon@per-layer,Stale-Momentum SAM-Muon [per-layer Frob],stale-momentum-sam-muon,muon,atlas_opt,1.1,0.2,1.0186964939056404,0.9594736030178571,1.0496071092330426,1.0043594532879272,0.0,0.2828427124746164,501
stale-momentum-sam-muon@per-layer,Stale-Momentum SAM-Muon [per-layer Frob],stale-momentum-sam-muon,muon,atlas_opt,1.1,0.5,1.023501842185927,0.9628740491352975,1.0528408609674194,1.0082808901798894,0.0,0.707106781186541,501
stale-momentum-sam-muon@per-layer,Stale-Momentum SAM-Muon [per-layer Frob],stale-momentum-sam-muon,muon,atlas_opt,1.1,1.0,1.0276541974949054,0.9643004575806275,1.0536571090025424,1.0105763768277272,0.0,1.414213562373082,501
stale-momentum-sam-muon@per-layer,Stale-Momentum SAM-Muon [per-layer Frob],stale-momentum-sam-muon,muon,atlas_opt,1.3,0.01,0.502684777678295,0.4971542000775578,0.5099215411230443,0.5054342313005464,0.0,0.0141421356237305,501
stale-momentum-sam-muon@per-layer,Stale-Momentum SAM-Muon [per-layer Frob],stale-momentum-sam-muon,muon,atlas_opt,1.3,0.02,0.5027628468078481,0.49720477732082075,0.5099780054941403,0.5054896801193495,0.0,0.0282842712474611,501
stale-momentum-sam-muon@per-layer,Stale-Momentum SAM-Muon [per-layer Frob],stale-momentum-sam-muon,muon,atlas_opt,1.3,0.05,0.5029869326276227,0.49734505672542256,0.5101339000711931,0.5056446069019125,0.0,0.07071067811865285,501
stale-momentum-sam-muon@per-layer,Stale-Momentum SAM-Muon [per-layer Frob],stale-momentum-sam-muon,muon,atlas_opt,1.3,0.1,0.5033264677731176,0.4975408620536395,0.5103486593941982,0.5058646882685337,0.0,0.14142135623730562,501
stale-momentum-sam-muon@per-layer,Stale-Momentum SAM-Muon [per-layer Frob],stale-momentum-sam-muon,muon,atlas_opt,1.3,0.2,0.5038772833020083,0.4977921578679936,0.5106097071079667,0.5061621126051215,0.0,0.28284271247461135,501
stale-momentum-sam-muon@per-layer,Stale-Momentum SAM-Muon [per-layer Frob],stale-momentum-sam-muon,muon,atlas_opt,1.3,0.5,0.5039975132820662,0.49748811970858636,0.5108813311248874,0.5059505278696239,0.0,0.7071067811865286,501
stale-momentum-sam-muon@per-layer,Stale-Momentum SAM-Muon [per-layer Frob],stale-momentum-sam-muon,muon,atlas_opt,1.3,1.0,0.5001206222503155,0.4938579079819325,0.5095973349595873,0.5024660689766546,0.0,1.4142135623730576,501
stale-momentum-sam-muon@per-layer,Stale-Momentum SAM-Muon [per-layer Frob],stale-momentum-sam-muon,muon,atlas_opt,1.6,0.01,0.2314234331970092,0.2293057163752482,0.23412328585776093,0.23139712208473245,0.0,0.014142135623729051,501
stale-momentum-sam-muon@per-layer,Stale-Momentum SAM-Muon [per-layer Frob],stale-momentum-sam-muon,muon,atlas_opt,1.6,0.02,0.23140763299187622,0.22928790491457554,0.2341050607368907,0.23137759751220371,0.0,0.028284271247458102,501
stale-momentum-sam-muon@per-layer,Stale-Momentum SAM-Muon [per-layer Frob],stale-momentum-sam-muon,muon,atlas_opt,1.6,0.05,0.23135080614462286,0.22922426127010717,0.23404013710612276,0.2313085498003835,0.0,0.0707106781186453,501
stale-momentum-sam-muon@per-layer,Stale-Momentum SAM-Muon [per-layer Frob],stale-momentum-sam-muon,muon,atlas_opt,1.6,0.1,0.23122389263566784,0.22908531393477582,0.2338989412905209,0.2311591556068585,0.0,0.14142135623729069,501
stale-momentum-sam-muon@per-layer,Stale-Momentum SAM-Muon [per-layer Frob],stale-momentum-sam-muon,muon,atlas_opt,1.6,0.2,0.2308446300247951,0.22869348915886595,0.23350614270778602,0.23073843505886593,0.0,0.2828427124745818,501
stale-momentum-sam-muon@per-layer,Stale-Momentum SAM-Muon [per-layer Frob],stale-momentum-sam-muon,muon,atlas_opt,1.6,0.5,0.2288510869400787,0.2267202756858116,0.23183360687298138,0.2287174103265382,0.0,0.7071067811864571,501
stale-momentum-sam-muon@per-layer,Stale-Momentum SAM-Muon [per-layer Frob],stale-momentum-sam-muon,muon,atlas_opt,1.6,1.0,0.2275581864893246,0.22536148720070165,0.2314530823121127,0.22801642858036117,0.0,1.4142135623729506,501
stale-momentum-sam-muon@per-layer,Stale-Momentum SAM-Muon [per-layer Frob],stale-momentum-sam-muon,muon,atlas_opt,2.0,0.01,0.11446817865513806,0.11068895779171933,0.11494134439309887,0.11364792698819134,0.0,0.01414213562372705,501
stale-momentum-sam-muon@per-layer,Stale-Momentum SAM-Muon [per-layer Frob],stale-momentum-sam-muon,muon,atlas_opt,2.0,0.02,0.1144702038277308,0.11068741492791412,0.11492340551253455,0.11363925669514446,0.0,0.02828427124745415,501
stale-momentum-sam-muon@per-layer,Stale-Momentum SAM-Muon [per-layer Frob],stale-momentum-sam-muon,muon,atlas_opt,2.0,0.05,0.1144577748630158,0.11067318575368552,0.1148878574730985,0.11360703384109046,0.0,0.07071067811863566,501
stale-momentum-sam-muon@per-layer,Stale-Momentum SAM-Muon [per-layer Frob],stale-momentum-sam-muon,muon,atlas_opt,2.0,0.1,0.11441363712115715,0.11061964434335825,0.11483072155705427,0.11353298370886716,0.0,0.14142135623727156,501
stale-momentum-sam-muon@per-layer,Stale-Momentum SAM-Muon [per-layer Frob],stale-momentum-sam-muon,muon,atlas_opt,2.0,0.2,0.1142203378633184,0.11046799728647871,0.11460455011052512,0.11332591067399994,0.0,0.2828427124745443,501
stale-momentum-sam-muon@per-layer,Stale-Momentum SAM-Muon [per-layer Frob],stale-momentum-sam-muon,muon,atlas_opt,2.0,0.5,0.1192357288459281,0.11764223173402122,0.12161005480895383,0.11897361989927936,0.0,0.7071067811863978,501
stale-momentum-sam-muon@per-layer,Stale-Momentum SAM-Muon [per-layer Frob],stale-momentum-sam-muon,muon,atlas_opt,2.0,1.0,0.188018772207508,0.1844512790881084,0.19059125818472206,0.18899886819906475,0.0,1.4142135623729908,501
stale-momentum-sam-muon@per-layer,Stale-Momentum SAM-Muon [per-layer Frob],stale-momentum-sam-muon,muon,atlas_opt,3.0,0.01,0.05517060323423515,0.05465911536121555,0.05575273073222685,0.05518450242626686,0.0,0.01414213562372375,501
stale-momentum-sam-muon@per-layer,Stale-Momentum SAM-Muon [per-layer Frob],stale-momentum-sam-muon,muon,atlas_opt,3.0,0.02,0.05518484797851805,0.05466257751330035,0.05575125932416737,0.055190062431671814,0.0,0.02828427124744755,501
stale-momentum-sam-muon@per-layer,Stale-Momentum SAM-Muon [per-layer Frob],stale-momentum-sam-muon,muon,atlas_opt,3.0,0.05,0.0552237742263905,0.054669412483533644,0.055740993649950096,0.05520190769578369,0.0,0.0707106781186192,501
stale-momentum-sam-muon@per-layer,Stale-Momentum SAM-Muon [per-layer Frob],stale-momentum-sam-muon,muon,atlas_opt,3.0,0.1,0.05527481337751485,0.05466367998626275,0.0557111952811487,0.05520670188705565,0.0,0.14142135623723925,501
stale-momentum-sam-muon@per-layer,Stale-Momentum SAM-Muon [per-layer Frob],stale-momentum-sam-muon,muon,atlas_opt,3.0,0.2,0.0552914467588799,0.0546316537502319,0.05585412036823782,0.0552103003908057,0.0,0.282842712474484,501
stale-momentum-sam-muon@per-layer,Stale-Momentum SAM-Muon [per-layer Frob],stale-momentum-sam-muon,muon,atlas_opt,3.0,0.5,0.06880593974687545,0.06572895923380907,0.0702061838249154,0.06771716507050278,0.0,0.7071067811864125,501
stale-momentum-sam-muon@per-layer,Stale-Momentum SAM-Muon [per-layer Frob],stale-momentum-sam-muon,muon,atlas_opt,3.0,1.0,0.1277233930659026,0.1193490759519959,0.13676253976681768,0.12880978246171004,0.0,1.4142135623730114,501
stale-momentum-sam-muon@per-layer,Stale-Momentum SAM-Muon [per-layer Frob],stale-momentum-sam-muon,muon,atlas_opt,inf,0.01,0.06082878891930425,0.06027908136800625,0.061588055614379904,0.06091886328124671,0.0,0.0141421356237244,501
stale-momentum-sam-muon@per-layer,Stale-Momentum SAM-Muon [per-layer Frob],stale-momentum-sam-muon,muon,atlas_opt,inf,0.02,0.060835696236165596,0.06028551907950312,0.06159849429751682,0.06092678263552091,0.0,0.0282842712474489,501
stale-momentum-sam-muon@per-layer,Stale-Momentum SAM-Muon [per-layer Frob],stale-momentum-sam-muon,muon,atlas_opt,inf,0.05,0.06085755022256625,0.06029802658181778,0.06162685761894057,0.060947740433294414,0.0,0.0707106781186225,501
stale-momentum-sam-muon@per-layer,Stale-Momentum SAM-Muon [per-layer Frob],stale-momentum-sam-muon,muon,atlas_opt,inf,0.1,0.06087990537353885,0.06030003146609837,0.06166532990957945,0.0609684202830397,0.0,0.14142135623724567,501
stale-momentum-sam-muon@per-layer,Stale-Momentum SAM-Muon [per-layer Frob],stale-momentum-sam-muon,muon,atlas_opt,inf,0.2,0.06089707996316855,0.060207110083247806,0.06169969710630537,0.0609663240074656,0.0,0.282842712474495,501
stale-momentum-sam-muon@per-layer,Stale-Momentum SAM-Muon [per-layer Frob],stale-momentum-sam-muon,muon,atlas_opt,inf,0.5,0.07303150689063985,0.072031858155277,0.0744244361944323,0.07326321029133494,0.0,0.7071067811863863,501
stale-momentum-sam-muon@per-layer,Stale-Momentum SAM-Muon [per-layer Frob],stale-momentum-sam-muon,muon,atlas_opt,inf,1.0,0.1455145205172539,0.13406434242128662,0.15508225681169696,0.14271240945356617,0.0,1.4142135623729954,501
